ticker,experiment,cutoff_date,horizon,last_price,actual,naive,arima,ets,garch,egarch,gjr_garch,var,xgboost,lightgbm,chronos_p05,chronos_p10,chronos_p50,chronos_p90,chronos_p95
AAPL,Experiment 1 — Univariate Close,2011-03-11,1,10.527891159057615,10.574847221374512,10.527891159057615,10.52828988610476,10.532310003377285,10.552238466462953,10.549437119779173,10.550252771588644,,10.511784381412598,10.54000346459245,,,,,
AAPL,Experiment 1 — Univariate Close,2011-03-11,5,10.527891159057615,9.890216827392578,10.527891159057615,10.528160332094352,10.549765549496827,10.65019206730806,,10.640175200179982,,10.72758813112017,10.705295437231728,,,,,
AAPL,Experiment 1 — Univariate Close,2011-03-11,10,10.527891159057615,10.514430046081545,10.527891159057615,10.528143851430505,10.571098523745784,10.773913726583842,,10.75365679413608,,10.976696120465219,11.162028920430746,,,,,
AAPL,Experiment 1 — Univariate Close,2011-03-11,20,10.527891159057615,10.021523475646973,10.527891159057615,10.528144798699312,10.612193488203609,11.025685508536561,,10.984263866232874,,11.105358509486647,11.334379832044148,,,,,
AAPL,Experiment 1 — Univariate Close,2011-07-05,1,10.45132541656494,10.521010398864746,10.45132541656494,10.451999088374908,10.454155998842856,10.469077167387635,10.465897019249072,10.466625371689943,,10.495959471456374,10.548370226467016,,,,,
AAPL,Experiment 1 — Univariate Close,2011-07-05,5,10.45132541656494,10.58053493499756,10.45132541656494,10.451793388330163,10.46533751541435,10.5403861996976,,10.52804950016675,,10.491440892282395,10.428040744052817,,,,,
AAPL,Experiment 1 — Univariate Close,2011-07-05,10,10.45132541656494,11.271445274353027,10.45132541656494,10.45178219332757,10.479002799986393,10.630205912705284,,10.60533682190056,,10.25297923165729,10.251795049903262,,,,,
AAPL,Experiment 1 — Univariate Close,2011-07-05,20,10.45132541656494,11.63215160369873,10.45132541656494,10.451782454726386,10.505327042318504,10.812148052285483,,10.76161774923727,,10.35678585657313,10.045764947465535,,,,,
AAPL,Experiment 1 — Univariate Close,2011-10-25,1,11.897151947021484,11.98179817199707,11.897151947021484,11.918798404243443,11.899233516444227,11.918941089917977,11.91581693433481,11.916419665378314,,12.138258345248403,12.217896369618025,,,,,
AAPL,Experiment 1 — Univariate Close,2011-10-25,5,11.897151947021484,11.859468460083008,11.897151947021484,11.917441951642452,11.90745622054874,12.006497452195465,,11.99380308982569,,12.447814280521882,12.571760793726103,,,,,
AAPL,Experiment 1 — Univariate Close,2011-10-25,10,11.897151947021484,12.150190353393556,11.897151947021484,11.900327430119406,11.917505446950313,12.116847940709576,,12.091239415793643,,12.505250034622264,12.618366253191576,,,,,
AAPL,Experiment 1 — Univariate Close,2011-10-25,20,11.897151947021484,11.261275291442873,11.897151947021484,11.902586649142563,11.936863863502168,12.340600899447583,,12.288493184004706,,12.210302860577023,12.572249677608584,,,,,
AAPL,Experiment 1 — Univariate Close,2012-02-17,1,15.018218040466309,15.398975372314451,15.018218040466309,15.02722544724772,15.028328003592108,15.048644253121983,15.045916629984264,15.046532862154894,,15.14296993926795,15.15811753524205,,,,,
AAPL,Experiment 1 — Univariate Close,2012-02-17,5,15.018218040466309,15.72528839111328,15.018218040466309,15.024445954342525,15.068264878358386,15.170966774796067,,15.160326994056996,,15.593498371485133,15.857579480124071,,,,,
AAPL,Experiment 1 — Univariate Close,2012-02-17,10,15.018218040466309,15.946621894836426,15.018218040466309,15.023294850643792,15.117072994422943,15.325269100622267,,15.303780644777278,,14.475776155169513,15.633104387964073,,,,,
AAPL,Experiment 1 — Univariate Close,2012-02-17,20,15.018218040466309,17.978675842285156,15.018218040466309,15.023468256494015,15.211094942395075,15.638597893148921,,15.594773054459376,,14.814090111357572,14.910638984318837,,,,,
AAPL,Experiment 1 — Univariate Close,2012-06-12,1,17.232736587524414,17.11309242248535,17.232736587524414,17.235148894871944,17.242962955756504,17.26832387068636,17.26454933349278,17.264866575609265,,17.235569790357932,17.231008127175993,,,,,
AAPL,Experiment 1 — Univariate Close,2012-06-12,5,17.232736587524414,17.569217681884766,17.232736587524414,17.235168287399706,17.28335966868907,17.411409434701625,,17.39398670116427,,17.258190614591314,17.295810158566905,,,,,
AAPL,Experiment 1 — Univariate Close,2012-06-12,10,17.232736587524414,17.10921287536621,17.232736587524414,17.23516828739978,17.332729767500712,17.591934801712597,,17.5567456639075,,16.970577363068998,16.856750142153512,,,,,
AAPL,Experiment 1 — Univariate Close,2012-06-12,20,17.232736587524414,18.078277587890625,17.232736587524414,17.23516828739978,17.427834295930115,17.95862012373306,,17.886846743208714,,16.31952218523304,16.628104675201968,,,,,
AAPL,Experiment 1 — Univariate Close,2012-10-03,1,20.16904640197754,20.02937126159668,20.16904640197754,20.169024392591894,20.18322480636513,20.21168746632157,20.20680624666371,20.20694206585887,,20.389470784569138,20.45283441041249,,,,,
AAPL,Experiment 1 — Univariate Close,2012-10-03,5,20.16904640197754,19.25168800354004,20.16904640197754,20.16902479416319,20.239233056611383,20.38315514200185,,20.35923808289095,,20.934653191741646,20.99057464263679,,,,,
AAPL,Experiment 1 — Univariate Close,2012-10-03,10,20.16904640197754,19.362823486328125,20.16904640197754,20.169045416322437,20.30768250826703,20.59953679823852,,20.551223248472294,,21.59521056067183,21.52131524605688,,,,,
AAPL,Experiment 1 — Univariate Close,2012-10-03,20,20.16904640197754,17.32594108581543,20.16904640197754,20.169044518539046,20.439540717540584,21.039215629965383,,20.94064184249867,,22.524595574560095,21.522426089211898,,,,,
AAPL,Experiment 1 — Univariate Close,2013-01-30,1,13.784954071044922,13.744524002075195,13.784954071044922,13.784233896574738,13.764430946573528,13.808223125718225,13.805813400783393,13.805998203777865,,14.00779942618501,13.7989469586781,,,,,
AAPL,Experiment 1 — Univariate Close,2013-01-30,5,13.784954071044922,13.800649642944336,13.784954071044922,13.784228136468183,13.684668576269718,13.901692790513646,,13.890496485584068,,12.961231402044945,13.07822842578154,,,,,
AAPL,Experiment 1 — Univariate Close,2013-01-30,10,13.784954071044922,14.174271583557127,13.784954071044922,13.784228136468158,13.590011118595841,14.019420118907211,,13.996846969646647,,13.988413788127154,13.572882841974177,,,,,
AAPL,Experiment 1 — Univariate Close,2013-01-30,20,13.784954071044922,13.396982192993164,13.784954071044922,13.784228136468158,13.41633465560369,14.257874161746987,,14.211996941158915,,13.171493768134766,13.270388244852633,,,,,
AAPL,Experiment 1 — Univariate Close,2013-05-23,1,13.508260726928713,13.600221633911133,13.508260726928713,13.508131570441055,13.504085586750119,13.529034616781573,13.526980065522919,13.526917762884667,,13.515453478424536,13.500387994315673,,,,,
AAPL,Experiment 1 — Univariate Close,2013-05-23,5,13.508260726928713,13.740154266357422,13.508260726928713,13.5081694527789,13.487806229674447,13.612450142391221,,13.601803945911302,,13.526747869181705,13.806481739657816,,,,,
AAPL,Experiment 1 — Univariate Close,2013-05-23,10,13.508260726928713,13.498183250427246,13.508260726928713,13.508170920770574,13.468373029918178,13.717443172361465,,13.695994941391143,,13.860954205544742,14.035281531843337,,,,,
AAPL,Experiment 1 — Univariate Close,2013-05-23,20,13.508260726928713,12.63325023651123,13.508260726928713,13.508170897540046,13.432369093485423,13.929864916795163,,13.88633823602994,,14.503984241645314,15.124992788371497,,,,,
AAPL,Experiment 1 — Univariate Close,2013-09-16,1,13.842866897583008,14.002789497375488,13.842866897583008,13.830065554549334,13.841388048108,13.8620985334174,13.860631468714347,13.860877918496206,,13.891985859806033,13.710124319386018,,,,,
AAPL,Experiment 1 — Univariate Close,2013-09-16,5,13.842866897583008,15.089012145996094,13.842866897583008,13.831676445994672,13.835681689988592,13.939292629719544,,13.93315664951339,,13.93213484026564,13.92610004971862,,,,,
AAPL,Experiment 1 — Univariate Close,2013-09-16,10,13.842866897583008,14.66183853149414,13.842866897583008,13.831677140764548,13.828997133537172,14.036390037881493,,14.024035314084768,,13.837151937259424,14.089560575274076,,,,,
AAPL,Experiment 1 — Univariate Close,2013-09-16,20,13.842866897583008,15.255081176757812,13.842866897583008,13.831677140721396,13.816992883985108,14.232618629739116,,14.207574770876128,,13.094394950693335,12.537620056027915,,,,,
AAPL,Experiment 1 — Univariate Close,2014-01-08,1,16.81100082397461,16.59632682800293,16.81100082397461,16.81469544002947,16.815189081224073,16.83508381416093,16.83274876837889,16.832894884551937,,16.87042040661481,16.852964992179505,,,,,
AAPL,Experiment 1 — Univariate Close,2014-01-08,5,16.81100082397461,17.240978240966797,16.81100082397461,16.814002941772475,16.831349640975535,16.931761275984044,,16.92075663906173,,17.039447633331445,16.9318957661009,,,,,
AAPL,Experiment 1 — Univariate Close,2014-01-08,10,16.81100082397461,17.20447540283203,16.81100082397461,16.814000947123624,16.850279683143718,17.0533892008419,,17.031229028912694,,17.11525531104433,16.734130306461,,,,,
AAPL,Experiment 1 — Univariate Close,2014-01-08,20,16.81100082397461,15.948516845703123,16.81100082397461,16.814000948447912,16.88427222553815,17.299272439547313,,17.254342276969748,,19.166168720659527,18.523781925416383,,,,,
AAPL,Experiment 1 — Univariate Close,2014-05-02,1,18.44017219543457,18.7009391784668,18.44017219543457,18.440450647417233,18.447789640622073,18.46499630863755,18.463119782183988,18.463435162617575,,18.49163027202983,18.403192959683835,,,,,
AAPL,Experiment 1 — Univariate Close,2014-05-02,5,18.44017219543457,18.32286834716797,18.44017219543457,18.44038449191299,18.477421506130842,18.564627393211275,,18.556780872842964,,17.99789815785934,17.689130262284774,,,,,
AAPL,Experiment 1 — Univariate Close,2014-05-02,10,18.44017219543457,18.69743156433105,18.44017219543457,18.440383825821495,18.51264477122072,18.689922555826133,,18.674126939441805,,18.262297807292075,17.79440293784315,,,,,
AAPL,Experiment 1 — Univariate Close,2014-05-02,20,18.44017219543457,19.671876907348636,18.44017219543457,18.44038382790484,18.577447968210446,18.943055489973226,,18.91104992157954,,17.80983159641326,17.604413141986097,,,,,
AAPL,Experiment 1 — Univariate Close,2014-08-25,1,22.352537155151367,22.20945167541504,22.352537155151367,22.352723446652625,22.37036749552969,22.386257327546147,22.383076102247568,22.383998034946238,,22.4671190690908,22.43438693843253,,,,,
AAPL,Experiment 1 — Univariate Close,2014-08-25,5,22.352537155151367,22.739978790283203,22.352537155151367,22.352688158413113,22.440051461213525,22.521647474562837,,22.510284985241572,,22.377295588902822,22.633159186356952,,,,,
AAPL,Experiment 1 — Univariate Close,2014-08-25,10,22.352537155151367,21.57106208801269,22.352537155151367,22.352688051181595,22.523584528116263,22.692037214736835,,22.669146083938625,,22.394806751890947,22.20899754085872,,,,,
AAPL,Experiment 1 — Univariate Close,2014-08-25,20,22.352537155151367,22.594688415527344,22.352537155151367,22.352688051257704,22.679423168919058,23.036693748938966,,22.990239569136282,,22.977853971758798,22.567143186310716,,,,,
AAPL,Experiment 1 — Univariate Close,2014-12-16,1,23.601348876953125,24.18944931030273,23.601348876953125,23.594069092336596,23.60818089468149,23.637080165584063,23.63479911179575,23.635427669317664,,23.557948240339893,23.569106812571373,,,,,
AAPL,Experiment 1 — Univariate Close,2014-12-16,5,23.601348876953125,24.881458282470703,23.601348876953125,23.59533486763943,23.63490081569315,23.78054709395165,,23.77223562511585,,24.971808259445424,24.86785273344469,,,,,
AAPL,Experiment 1 — Univariate Close,2014-12-16,10,23.601348876953125,24.403905868530277,23.601348876953125,23.59533738313602,23.666972841441762,23.961105911191407,,23.944359687334227,,24.979520238877058,25.319795040682394,,,,,
AAPL,Experiment 1 — Univariate Close,2014-12-16,20,23.601348876953125,23.616817474365234,23.601348876953125,23.595337382084153,23.726935392796562,24.326346747408923,,24.292355654142263,,26.58261756423917,26.146258651004473,,,,,
AAPL,Experiment 1 — Univariate Close,2015-04-13,1,28.15593910217285,28.03385162353516,28.15593910217285,28.15417125319729,28.172873428111423,28.199438112206,28.19645264231332,28.196925498431323,,28.17669542027905,28.055710986490954,,,,,
AAPL,Experiment 1 — Univariate Close,2015-04-13,5,28.15593910217285,28.322404861450195,28.15593910217285,28.15432467999458,28.239768234291038,28.3741072214876,,28.3614685886127,,28.17277110148277,28.109689709297918,,,,,
AAPL,Experiment 1 — Univariate Close,2015-04-13,10,28.15593910217285,29.443321228027344,28.15593910217285,28.15432469251698,28.32152248980648,28.593965830617396,,28.56849837556261,,28.729187006877304,28.649439319374775,,,,,
AAPL,Experiment 1 — Univariate Close,2015-04-13,20,28.15593910217285,28.155412673950195,28.15593910217285,28.154324692516877,28.479010526189747,29.038807015299238,,28.987102737821264,,29.183165366708522,28.612746123410147,,,,,
AAPL,Experiment 1 — Univariate Close,2015-08-04,1,25.552064895629883,25.721454620361328,25.552064895629883,25.529643145073788,25.54773533436668,25.5873665403015,25.58415261170292,25.58526162240269,,25.538278449192642,25.470266264507007,,,,,
AAPL,Experiment 1 — Univariate Close,2015-08-04,5,25.552064895629883,25.41024780273437,25.552064895629883,25.530022765084322,25.530717122673106,25.729061505745182,,25.718480375346207,,26.54504185661883,27.000160635374755,,,,,
AAPL,Experiment 1 — Univariate Close,2015-08-04,10,25.552064895629883,26.08417510986328,25.552064895629883,25.530022765117778,25.510104001597043,25.907284153760752,,25.885979685743237,,27.145950374193077,27.694802517698704,,,,,
AAPL,Experiment 1 — Univariate Close,2015-08-04,20,25.552064895629883,24.118350982666016,25.552064895629883,25.530022765117778,25.470981491760764,26.267441592890396,,26.22425807964016,,28.924815601836656,29.526136526817783,,,,,
AAPL,Experiment 1 — Univariate Close,2015-11-24,1,26.730987548828125,26.53985595703125,26.730987548828125,26.736989682788494,26.73303316200403,26.767935191988556,26.764003055539085,26.765019696491553,,26.759031580599206,26.840698436651742,,,,,
AAPL,Experiment 1 — Univariate Close,2015-11-24,5,26.730987548828125,26.146358489990234,26.730987548828125,26.73678672798907,26.74111385902997,26.916237162318478,,26.901582114193175,,26.38296626156361,26.25231152019652,,,,,
AAPL,Experiment 1 — Univariate Close,2015-11-24,10,26.730987548828125,25.997947692871094,26.730987548828125,26.736786727684752,26.7509895340955,27.102770582448432,,27.073265397499487,,27.463510064699904,27.57263176948801,,,,,
AAPL,Experiment 1 — Univariate Close,2015-11-24,20,26.730987548828125,24.421710968017575,26.730987548828125,26.736786727684752,26.77001362848941,27.479724492147874,,27.41992595464644,,28.67999373128282,28.57931595843992,,,,,
AAPL,Experiment 1 — Univariate Close,2016-03-21,1,23.94382095336914,24.12693977355957,23.94382095336914,23.943759770194735,23.943574336445348,23.974809081987907,23.971220189351506,23.972106674776995,,23.83257277692338,23.751491824715465,,,,,
AAPL,Experiment 1 — Univariate Close,2016-03-21,5,23.94382095336914,24.343969345092773,23.94382095336914,23.943763368482852,23.942560229710104,24.09916316465747,,24.0855841050753,,23.86896688141927,23.859227975877307,,,,,
AAPL,Experiment 1 — Univariate Close,2016-03-21,10,23.94382095336914,24.825519561767575,23.94382095336914,23.94376336853771,23.94132085783824,24.25551320183353,,24.22818658778133,,24.639808047667778,24.60190088496996,,,,,
AAPL,Experiment 1 — Univariate Close,2016-03-21,20,23.94382095336914,24.169897079467773,23.94382095336914,23.94376336853771,23.938933382822803,24.57126295047477,,24.515929453179005,,23.382955684116517,23.511834240428456,,,,,
AAPL,Experiment 1 — Univariate Close,2016-07-13,1,22.033416748046875,22.470129013061523,22.033416748046875,22.03057963253332,22.032475433106846,22.06019537410637,22.057574573704983,22.05829660694712,,21.973122051771405,21.923846468991815,,,,,
AAPL,Experiment 1 — Univariate Close,2016-07-13,5,22.033416748046875,22.736248016357425,22.033416748046875,22.03062833005122,22.02875699703981,22.167635731970655,,22.158097300219623,,22.089772347285333,22.154006468722116,,,,,
AAPL,Experiment 1 — Univariate Close,2016-07-13,10,22.033416748046875,23.41634178161621,22.033416748046875,22.030628330055748,22.02421257887488,22.30267232561205,,22.283483382554483,,21.492502928821352,21.84406670151453,,,,,
AAPL,Experiment 1 — Univariate Close,2016-07-13,20,22.033416748046875,24.69804573059082,22.033416748046875,22.030628330055748,22.01545839857213,22.575218294625774,,22.536388129843647,,21.614961928732043,21.187992549857775,,,,,
AAPL,Experiment 1 — Univariate Close,2016-11-02,1,25.519027709960938,25.245494842529297,25.519027709960938,25.520042837646542,25.519359179680908,25.54995160002369,25.54656071695868,25.547604291163104,,25.103801174573448,25.040133778551404,,,,,
AAPL,Experiment 1 — Univariate Close,2016-11-02,5,25.519027709960938,25.48684310913086,25.519027709960938,25.52003700194632,25.520668569062003,25.67402234953182,,25.662230979262546,,25.208692913072213,25.70173187642792,,,,,
AAPL,Experiment 1 — Univariate Close,2016-11-02,10,25.519027709960938,25.282276153564453,25.519027709960938,25.52003700194631,25.52226881518192,25.82995837835032,,25.80623785192129,,27.26904091437632,26.453020183456413,,,,,
AAPL,Experiment 1 — Univariate Close,2016-11-02,20,25.519027709960938,25.167341232299805,25.519027709960938,25.52003700194631,25.525351463510944,26.14467750928004,,26.096680470705692,,27.690214860423907,27.220559318848892,,,,,
AAPL,Experiment 1 — Univariate Close,2017-02-28,1,31.625022888183597,32.27140808105469,31.625022888183597,31.625307965416347,31.642591805082656,31.666753990914632,31.662445576509903,31.664470771136802,,31.6659357959986,31.748494970057337,,,,,
AAPL,Experiment 1 — Univariate Close,2017-02-28,5,31.625022888183597,32.20907974243164,31.625022888183597,31.625301206139298,31.711524717955957,31.834229795730586,,31.82275497539817,,32.51739932314607,31.55367819171132,,,,,
AAPL,Experiment 1 — Univariate Close,2017-02-28,10,31.625022888183597,32.08672332763672,31.625022888183597,31.625301206136953,31.79474633428506,32.04482065579897,,32.02172336142752,,32.53427076440503,32.10925115977333,,,,,
AAPL,Experiment 1 — Univariate Close,2017-02-28,20,31.625022888183597,33.19712829589844,31.625022888183597,31.625301206136953,31.95184176237068,32.47019091473926,,32.42339999756716,,30.938462933031875,30.614394527518854,,,,,
AAPL,Experiment 1 — Univariate Close,2017-06-21,1,33.814002990722656,33.75837707519531,33.814002990722656,33.81963187371847,33.82416778163759,33.857808051174494,33.85276885188774,33.85575877750759,,33.599710551273986,33.552730209357286,,,,,
AAPL,Experiment 1 — Univariate Close,2017-06-21,5,33.814002990722656,33.80473327636719,33.814002990722656,33.81945241636621,33.86402757696374,34.03359651047152,,34.023298190085264,,34.05964533567827,33.9983346783242,,,,,
AAPL,Experiment 1 — Univariate Close,2017-06-21,10,33.814002990722656,33.08612823486328,33.814002990722656,33.81945241615522,33.91210067954286,34.25461610550431,,34.233888843301365,,34.20455453419879,34.59320770080611,,,,,
AAPL,Experiment 1 — Univariate Close,2017-06-21,20,33.814002990722656,34.850196838378906,33.814002990722656,33.81945241615522,34.002693969621106,34.70097062620501,,34.658988634296186,,35.230250976103264,35.335801679725876,,,,,
AAPL,Experiment 1 — Univariate Close,2017-10-12,1,36.30424118041992,36.53464126586914,36.30424118041992,36.30089164150923,36.31438503078633,36.35052030877434,36.34558583554612,36.3482612426109,,36.208300934935735,36.23558983850368,,,,,
AAPL,Experiment 1 — Univariate Close,2017-10-12,5,36.30424118041992,36.29957962036133,36.30424118041992,36.30100558308883,36.35439123492929,36.536227521684815,,36.52487589640315,,36.27777905209109,36.29159905602543,,,,,
AAPL,Experiment 1 — Univariate Close,2017-10-12,10,36.30424118041992,36.63238143920898,36.30424118041992,36.30100558326409,36.40314220101266,36.769696269984905,,36.746851493680516,,37.1899915488332,37.70561391058076,,,,,
AAPL,Experiment 1 — Univariate Close,2017-10-12,20,36.30424118041992,40.93071746826172,36.30424118041992,36.30100558326409,36.496601912058736,37.241118938911356,,37.19485797783011,,38.28363766224304,38.38547750683195,,,,,
AAPL,Experiment 1 — Univariate Close,2018-02-06,1,38.0766487121582,37.26153564453125,38.0766487121582,38.1184776069358,38.08266849917616,38.124262022938424,38.118827313360825,38.12156742242949,,38.171581116069554,38.24680944806622,,,,,
AAPL,Experiment 1 — Univariate Close,2018-02-06,5,38.0766487121582,38.53910827636719,38.0766487121582,38.12042171749187,38.10644824887318,38.31531139624388,,38.3017727913468,,38.47747889163891,38.26678752553552,,,,,
AAPL,Experiment 1 — Univariate Close,2018-02-06,10,38.0766487121582,40.11734390258789,38.0766487121582,38.12042172504011,38.13551023206517,38.55547000706421,,38.528227892375405,,38.87712585795558,38.321557787151306,,,,,
AAPL,Experiment 1 — Univariate Close,2018-02-06,20,38.0766487121582,41.045997619628906,38.0766487121582,38.12042172504011,38.19149404156174,39.040312573279806,,38.985162684572735,,39.98621191941183,39.36373053571519,,,,,
AAPL,Experiment 1 — Univariate Close,2018-05-31,1,43.9915657043457,44.784912109375,43.9915657043457,43.986892692779335,44.00586902385905,44.04750079687206,44.03987865633027,44.04323463867792,,43.74997054377205,43.79632008403178,,,,,
AAPL,Experiment 1 — Univariate Close,2018-05-31,5,43.9915657043457,45.54291534423828,43.9915657043457,43.98673455902291,44.062370693236666,44.27195328422735,,44.250517950700456,,42.922851727491995,43.15263687831544,,,,,
AAPL,Experiment 1 — Univariate Close,2018-05-31,10,43.9915657043457,44.91673278808594,43.9915657043457,43.98673455884136,44.131423167997475,44.554127961105735,,44.51099449528872,,42.66630235249291,42.991697714511446,,,,,
AAPL,Experiment 1 — Univariate Close,2018-05-31,20,43.9915657043457,43.669044494628906,43.9915657043457,43.98673455884136,44.26444301618667,45.12388423989394,,45.0365564225396,,42.53766786348301,42.75024271162169,,,,,
AAPL,Experiment 1 — Univariate Close,2018-09-21,1,51.41961288452149,52.1590461730957,51.41961288452149,51.40093977419972,51.44819229439086,51.48552203905888,51.47682972860593,51.480976908068264,,51.792380308983994,51.7793438010474,,,,,
AAPL,Experiment 1 — Univariate Close,2018-09-21,5,51.41961288452149,53.32841873168945,51.41961288452149,51.40027464049997,51.56108805560997,51.75000455784733,,51.7271661932783,,50.76912231682591,50.954115479285676,,,,,
AAPL,Experiment 1 — Univariate Close,2018-09-21,10,51.41961288452149,52.985877990722656,51.41961288452149,51.40027463956843,51.69906153122683,52.082519130426576,,52.03655905376296,,52.28957490170851,53.04981303124542,,,,,
AAPL,Experiment 1 — Univariate Close,2018-09-21,20,51.41961288452149,51.80940628051758,51.41961288452149,51.40027463956843,51.96484796168084,52.753971622913625,,52.660907506965536,,54.864515559104696,51.82008927157568,,,,,
AAPL,Experiment 1 — Univariate Close,2019-01-17,1,36.948577880859375,37.1761474609375,36.948577880859375,36.955528287285546,36.92027098071913,36.99532568466463,36.98852857020641,36.99203610057671,,37.035982519335306,37.26882338606524,,,,,
AAPL,Experiment 1 — Univariate Close,2019-01-17,5,36.948577880859375,37.39898300170898,36.948577880859375,36.95703833602465,36.81456005270065,37.18290910775314,,37.166380728377014,,36.425914648375,36.401177708203214,,,,,
AAPL,Experiment 1 — Univariate Close,2019-01-17,10,36.948577880859375,39.47565460205078,36.948577880859375,36.95703987432782,36.697856974758935,37.41872648450833,,37.38546747051543,,34.82660043930514,33.95910748700505,,,,,
AAPL,Experiment 1 — Univariate Close,2019-01-17,20,36.948577880859375,40.573463439941406,36.948577880859375,36.95703987460754,36.50773599852114,37.89485744856709,,37.827522956249155,,34.039877242079,32.559724647759914,,,,,
AAPL,Experiment 1 — Univariate Close,2019-05-13,1,44.38636016845703,45.0890007019043,44.38636016845703,44.325131324463975,44.35362937729269,44.44461881466405,44.43581514418743,44.44018935789022,,45.051502043356194,44.74882657073103,,,,,
AAPL,Experiment 1 — Univariate Close,2019-05-13,5,44.38636016845703,43.75779342651367,44.38636016845703,44.31768889046446,44.23898732108255,44.67841906885641,,44.65615971681337,,43.946700198531055,44.071170926256485,,,,,
AAPL,Experiment 1 — Univariate Close,2019-05-13,10,44.38636016845703,42.59627532958984,44.38636016845703,44.31768786030341,44.126397721986066,44.97239969478088,,44.927599223842066,,42.583841800213435,42.87935627837394,,,,,
AAPL,Experiment 1 — Univariate Close,2019-05-13,20,44.38636016845703,46.55883026123047,44.38636016845703,44.31768786028794,43.974667518700144,45.56617678564281,,45.47543804802911,,39.35639165728651,39.47742545303567,,,,,
AAPL,Experiment 1 — Univariate Close,2019-09-04,1,50.18555450439453,51.16675567626953,50.18555450439453,50.19775719729324,50.18865763506181,50.25271417874978,50.242727690328415,50.24764502178112,,50.14869702066706,50.634509288595325,,,,,
AAPL,Experiment 1 — Univariate Close,2019-09-04,5,50.18555450439453,53.640167236328125,50.18555450439453,50.20159746548318,50.21267209408027,50.52225282873943,,50.49677623796842,,51.21710188244201,51.27625576617845,,,,,
AAPL,Experiment 1 — Univariate Close,2019-09-04,10,50.18555450439453,53.44345474243164,50.18555450439453,50.2016102286247,50.236291137558446,50.861210085216015,,50.80992798842476,,50.27766104603191,51.473314845908526,,,,,
AAPL,Experiment 1 — Univariate Close,2019-09-04,20,50.18555450439453,52.529415130615234,50.18555450439453,50.20161023878501,50.26819599186478,51.5459621175643,,51.442069489594786,,48.833917086048416,50.41711394719439,,,,,
AAPL,Experiment 1 — Univariate Close,2019-12-26,1,69.75943756103516,69.73295593261719,69.75943756103516,69.78800553915777,69.85309655683078,69.86019892560749,69.84624367257575,69.85285115323818,,69.39834849587007,68.53863442285659,,,,,
AAPL,Experiment 1 — Univariate Close,2019-12-26,5,69.75943756103516,71.56892395019531,69.75943756103516,69.79610541232464,70.21068774562876,70.2647018968072,,70.22775808260698,,69.57710502929098,67.99037923571531,,,,,
AAPL,Experiment 1 — Univariate Close,2019-12-26,10,69.75943756103516,74.6729736328125,69.75943756103516,69.79612486494497,70.62163092602833,70.77362583847528,,70.69922261047522,,68.6074828649535,69.00388696921702,,,,,
AAPL,Experiment 1 — Univariate Close,2019-12-26,20,69.75943756103516,74.3409194946289,69.75943756103516,69.79612487526754,71.33667600103529,71.80255875689963,,71.65166825423815,,69.17376326873838,66.95809396093578,,,,,
AAPL,Experiment 1 — Univariate Close,2020-04-21,1,64.72962188720703,66.59407043457031,64.72962188720703,64.80208152018776,65.23776753969786,64.82516064954984,64.8101853403947,64.81541393717309,,64.83104166401309,66.11908692459866,,,,,
AAPL,Experiment 1 — Univariate Close,2020-04-21,5,64.72962188720703,67.1922378540039,64.72962188720703,64.77905867970058,65.25879558710214,65.20872790200572,,65.15972072511053,,69.93558623410786,69.85932093040296,,,,,
AAPL,Experiment 1 — Univariate Close,2020-04-21,10,64.72962188720703,71.77012634277344,64.72962188720703,64.77713229606786,65.27649803753822,65.69138009190512,,65.5926773737809,,71.2960082201617,71.63015771249458,,,,,
AAPL,Experiment 1 — Univariate Close,2020-04-21,20,64.72962188720703,75.73241424560547,64.72962188720703,64.7772044092542,65.29517732305986,66.66742818147102,,66.46724018499516,,67.11323410861834,65.46426383175535,,,,,
AAPL,Experiment 1 — Univariate Close,2020-08-12,1,109.52227020263672,111.46053314208984,109.52227020263672,109.21517868510581,109.48342961601078,109.69276662495743,109.66705923956167,109.67618155833858,,108.4850991053188,112.43743380458024,,,,,
AAPL,Experiment 1 — Univariate Close,2020-08-12,5,109.52227020263672,112.1364974975586,109.52227020263672,109.31526599627622,110.98680840615779,110.37741061540467,,110.29399293501483,,112.10086503086727,110.6974393118392,,,,,
AAPL,Experiment 1 — Univariate Close,2020-08-12,10,109.52227020263672,122.61774444580078,109.52227020263672,109.33395556754418,112.65743696061637,111.23922789055136,,111.07115342881413,,113.1576640964584,108.75268721377483,,,,,
AAPL,Experiment 1 — Univariate Close,2020-08-12,20,109.52227020263672,109.9874496459961,109.52227020263672,109.33241920000816,115.40843671103735,112.98310196448169,,112.64194123425102,,113.33218583516779,111.63387738868232,,,,,
AAPL,Experiment 1 — Univariate Close,2020-12-03,1,119.3513412475586,118.68151092529295,119.3513412475586,119.33171485331542,119.49585900626131,119.5385855953283,119.51037635626452,119.51963149290529,,119.36193955889412,119.455906258294,,,,,
AAPL,Experiment 1 — Univariate Close,2020-12-03,5,119.3513412475586,119.64259338378906,119.3513412475586,119.338114640073,119.98153972405049,120.29050518153822,,120.19516878352847,,120.50710197439699,121.68712235486264,,,,,
AAPL,Experiment 1 — Univariate Close,2020-12-03,10,119.3513412475586,124.94320678710938,119.3513412475586,119.33905894510006,120.57510546956513,121.23705930389502,,121.04496227600141,,124.54296971523462,121.06151136139752,,,,,
AAPL,Experiment 1 — Univariate Close,2020-12-03,20,119.3513412475586,125.63253021240234,119.3513412475586,119.3389963371198,121.71852611643061,123.15257118199185,,122.76261614863351,,132.43618757721828,127.26142968128323,,,,,
AAPL,Experiment 1 — Univariate Close,2021-03-30,1,116.57402801513672,118.76164245605467,116.57402801513672,116.64429547601478,116.75942513917299,116.75140574364686,116.72420903902537,116.73239418601892,,116.07316897909828,116.673558416926,,,,,
AAPL,Experiment 1 — Univariate Close,2021-03-30,5,116.57402801513672,124.35212707519533,116.57402801513672,116.62249492295089,116.8747726597295,117.46361972706504,,117.36801320346764,,119.61541659220936,121.59293182112529,,,,,
AAPL,Experiment 1 — Univariate Close,2021-03-30,10,116.57402801513672,128.3675537109375,116.57402801513672,116.62111065929821,117.0157425078718,118.36000003013504,,118.16740622139855,,121.44109908781755,120.70425884053806,,,,,
AAPL,Experiment 1 — Univariate Close,2021-03-30,20,116.57402801513672,129.8745880126953,116.57402801513672,116.62114905832709,117.28730102715875,120.17333402354886,,119.78256332774144,,123.87150851647766,123.15937860120061,,,,,
AAPL,Experiment 1 — Univariate Close,2021-07-22,1,142.9702606201172,144.6843719482422,142.9702606201172,142.83255727738907,142.93354187318354,143.1945117345323,143.1590877877557,143.17048695471382,,143.38275013928487,142.97314657530768,,,,,
AAPL,Experiment 1 — Univariate Close,2021-07-22,5,142.9702606201172,141.8405303955078,142.9702606201172,142.87635535287887,143.31304468461354,144.0950391278287,,143.97420034353658,,154.7719204226497,145.32267848298102,,,,,
AAPL,Experiment 1 — Univariate Close,2021-07-22,10,142.9702606201172,143.2234649658203,142.9702606201172,142.88010969192342,143.7768470571202,145.2286665156214,,144.98518974962346,,162.2387214043797,154.38815699831605,,,,,
AAPL,Experiment 1 — Univariate Close,2021-07-22,20,142.9702606201172,143.08692932128906,142.9702606201172,142.87996554876537,144.67029687762738,147.5227469434845,,147.02851596940098,,171.8129505659715,161.26948564833017,,,,,
AAPL,Experiment 1 — Univariate Close,2021-11-11,1,144.4385986328125,146.50941467285156,144.4385986328125,144.36318176004534,144.52269193384555,144.65924868151367,144.62571363877223,144.6360006180096,,145.9694095003165,145.06764473772404,,,,,
AAPL,Experiment 1 — Univariate Close,2021-11-11,5,144.4385986328125,154.20655822753906,144.4385986328125,144.38743534939871,144.70603244733468,145.5452247659071,,145.42831011065923,,145.8284537075616,145.25432217916705,,,,,
AAPL,Experiment 1 — Univariate Close,2021-11-11,10,144.4385986328125,153.17117309570312,144.4385986328125,144.389898040149,144.93009867970972,146.66032939027787,,146.42480321626095,,146.24078919543138,147.44558731407415,,,,,
AAPL,Experiment 1 — Univariate Close,2021-11-11,20,144.4385986328125,175.28582763671875,144.4385986328125,144.38978518789148,145.36173065695738,148.91623444467902,,148.4383205034095,,151.27875588453844,151.78668028137574,,,,,
AAPL,Experiment 1 — Univariate Close,2022-03-08,1,153.9824981689453,159.3714599609375,153.9824981689453,153.99387699249365,154.10716329951512,154.2137155603612,154.18035472333284,154.1897471617373,,153.96000732117795,153.8395922547993,,,,,
AAPL,Experiment 1 — Univariate Close,2022-03-08,5,153.9824981689453,151.68409729003906,153.9824981689453,153.99017993421353,154.1987291098191,155.14206226270164,,155.02153630711874,,156.63616534243565,155.41528100109272,,,,,
AAPL,Experiment 1 — Univariate Close,2022-03-08,10,153.9824981689453,165.11257934570312,153.9824981689453,153.989710338466,154.31063457871267,156.31035844551693,,156.06758563335194,,159.9821109759954,157.2790372589365,,,,,
AAPL,Experiment 1 — Univariate Close,2022-03-08,20,153.9824981689453,171.21554565429688,153.9824981689453,153.98973728990998,154.5262046728378,158.6734106012415,,158.180907408709,,156.93871819485852,158.20568888351173,,,,,
AAPL,Experiment 1 — Univariate Close,2022-06-30,1,133.9139862060547,136.07862854003906,133.9139862060547,134.0676149717316,134.03660554950068,134.1152193038371,134.08343036051008,134.09196535981977,,132.88037475381174,134.19831135392167,,,,,
AAPL,Experiment 1 — Univariate Close,2022-06-30,5,133.9139862060547,144.02215576171875,133.9139862060547,134.02502213128676,133.94610123869802,134.9231801805021,,134.80625056295654,,131.86582119971592,132.62265400860417,,,,,
AAPL,Experiment 1 — Univariate Close,2022-06-30,10,133.9139862060547,147.08792114257812,133.9139862060547,134.02392638127753,133.83549306187268,135.93997957770569,,135.70446004706392,,131.0792197329462,126.87836160078393,,,,,
AAPL,Experiment 1 — Univariate Close,2022-06-30,20,133.9139862060547,159.1746368408203,133.9139862060547,134.02393708350527,133.6224220178478,137.996624334311,,137.51887310955527,,128.32195447269186,127.4102652263246,,,,,
AAPL,Experiment 1 — Univariate Close,2022-10-21,1,144.44781494140625,146.5860137939453,144.44781494140625,144.27010109105296,144.2077591589347,144.6648812666279,144.63083650862183,144.6407278046296,,144.7884547086968,144.60335581769135,,,,,
AAPL,Experiment 1 — Univariate Close,2022-10-21,5,144.44781494140625,152.7555389404297,144.44781494140625,144.3145053061588,144.19643935714308,145.53641339769692,,145.41495908940638,,142.10806969193175,141.80365042657908,,,,,
AAPL,Experiment 1 — Univariate Close,2022-10-21,10,144.44781494140625,135.95333862304688,144.44781494140625,144.31510443875177,144.18260506983577,146.63321583131685,,146.38857870955815,,137.3785847341037,134.15084825179008,,,,,
AAPL,Experiment 1 — Univariate Close,2022-10-21,20,144.44781494140625,148.636962890625,144.44781494140625,144.31510175694385,144.1559552675832,148.8516804062099,,148.35541808159024,,139.29756371377334,137.39867731352925,,,,,
AAPL,Experiment 1 — Univariate Close,2023-02-15,1,152.839111328125,151.24510192871094,152.839111328125,152.73821272511708,152.7267445685104,153.06873664298467,153.03217979412173,153.04302268636513,,153.3358156398021,154.79434944129625,,,,,
AAPL,Experiment 1 — Univariate Close,2023-02-15,5,152.839111328125,147.0041961669922,152.839111328125,152.75633101557943,152.75466713568935,153.9906929776628,,153.86139224881754,,153.1103275528593,151.3147833782582,,,,,
AAPL,Experiment 1 — Univariate Close,2023-02-15,10,152.839111328125,143.57015991210938,152.839111328125,152.75637324720412,152.78879218697756,155.15095133490996,,154.89051080597451,,146.4941128864266,144.97043374785403,,,,,
AAPL,Experiment 1 — Univariate Close,2023-02-15,20,152.839111328125,153.3507537841797,152.839111328125,152.7563732256641,152.8545292826795,157.49776016721697,,156.9694440726635,,142.9222825587185,149.15980545894956,,,,,
AAPL,Experiment 1 — Univariate Close,2023-06-09,1,178.30438232421875,181.0928497314453,178.30438232421875,178.30188514240373,178.30776397652218,178.57132903022912,178.5272028742173,178.5407051797888,,178.36687927487614,179.290070234501,,,,,
AAPL,Experiment 1 — Univariate Close,2023-06-09,5,178.30438232421875,182.20628356933597,178.30438232421875,178.3022214333718,178.42678895662675,179.64311840933132,,179.48913295583876,,181.3800126156192,178.90361340348505,,,,,
AAPL,Experiment 1 — Univariate Close,2023-06-09,10,178.30438232421875,182.55111694335935,178.30438232421875,178.302221631312,178.5722531442359,180.9919059260589,,180.68175571062716,,183.466931558964,181.80381548386768,,,,,
AAPL,Experiment 1 — Univariate Close,2023-06-09,20,178.30438232421875,185.31988525390625,178.30438232421875,178.30222163129395,178.85246937428067,183.71993769161494,,183.09082716381735,,188.20298708040673,184.4896133187829,,,,,
AAPL,Experiment 1 — Univariate Close,2023-10-03,1,170.09939575195312,171.3425750732422,170.09939575195312,170.16518340587336,170.15421141376137,170.34811577611805,170.3075555299762,170.32060621846793,,169.84492703906906,169.21029364512023,,,,,
AAPL,Experiment 1 — Univariate Close,2023-10-03,5,170.09939575195312,176.0094451904297,170.09939575195312,170.15601481193673,170.1775483300076,171.3466379886509,,171.20832862089452,,176.0586860127837,175.6720225593441,,,,,
AAPL,Experiment 1 — Univariate Close,2023-10-03,10,170.09939575195312,174.78599548339844,170.09939575195312,170.15600848701192,170.2060691124524,172.60302554412021,,172.32449098117175,,181.31901332629695,180.69621096864142,,,,,
AAPL,Experiment 1 — Univariate Close,2023-10-03,20,170.09939575195312,168.4911651611328,170.09939575195312,170.1560084877183,170.26101037508184,175.14350533277621,,174.57869300854918,,173.37091228172756,175.87975124019613,,,,,
AAPL,Experiment 1 — Univariate Close,2024-01-26,1,190.1023406982422,189.420654296875,190.1023406982422,190.1682065464769,190.1738332543172,190.37831935460542,190.3334778654239,190.34768765542742,,189.8513259743189,190.494460152827,,,,,
AAPL,Experiment 1 — Univariate Close,2024-01-26,5,190.1023406982422,183.61148071289065,190.1023406982422,190.15649766130048,190.23446750773945,191.48624628570417,,191.33224603259157,,194.26285509741058,193.40119127729002,,,,,
AAPL,Experiment 1 — Univariate Close,2024-01-26,10,190.1023406982422,186.81344604492188,190.1023406982422,190.15647175039348,190.30857054398953,192.88022641863455,,192.57010848691067,,190.93259259126776,187.36033589072952,,,,,
AAPL,Experiment 1 — Univariate Close,2024-01-26,20,190.1023406982422,179.20635986328125,190.1023406982422,190.15647176278247,190.45131958617068,195.69870421720555,,195.06991100927272,,188.1515417440527,188.57819423861977,,,,,
AAPL,Experiment 1 — Univariate Close,2024-05-20,1,189.23611450195312,190.53375244140625,189.23611450195312,189.192839419089,189.21486513097165,189.49932938364034,189.45787316635506,189.4715861337261,,188.76975570793036,188.7720635133494,,,,,
AAPL,Experiment 1 — Univariate Close,2024-05-20,5,189.23611450195312,188.19602966308597,189.23611450195312,189.20012460252084,189.24792734146965,190.55585515073292,,190.41640634641607,,191.7164930421213,190.03168041514581,,,,,
AAPL,Experiment 1 — Univariate Close,2024-05-20,10,189.23611450195312,192.514892578125,189.23611450195312,189.20013696521886,189.2883337131946,191.8847997264937,,191.60405983451545,,191.7354132728679,188.46839695068587,,,,,
AAPL,Experiment 1 — Univariate Close,2024-05-20,20,189.23611450195312,212.2666015625,189.23611450195312,189.20013696097323,189.36617088632042,194.57055786091283,,194.00163569036746,,190.59414973033324,192.75370462666567,,,,,
AAPL,Experiment 1 — Univariate Close,2024-09-12,1,220.92193603515625,220.65419006347656,220.92193603515625,220.93690991374808,220.94718616332443,221.2314280636168,221.18414807972417,221.20067981628625,,220.40542021632007,221.47879235520557,,,,,
AAPL,Experiment 1 — Univariate Close,2024-09-12,5,220.92193603515625,226.9713287353516,220.92193603515625,220.934119773392,221.05454101718314,222.4737379643429,,222.31917637433972,,224.89571646976458,228.0899912087862,,,,,
AAPL,Experiment 1 — Univariate Close,2024-09-12,10,220.92193603515625,225.6325225830078,220.92193603515625,220.93411196791445,221.1857427749044,224.03644007515314,,223.72525368372396,,230.58149230071422,230.1808324699109,,,,,
AAPL,Experiment 1 — Univariate Close,2024-09-12,20,220.92193603515625,227.13992309570312,220.92193603515625,220.9341119729118,221.43848444643305,227.19485164008506,,226.5641431273783,,246.12609081401615,244.02669908835074,,,,,
AAPL,Experiment 1 — Univariate Close,2025-01-06,1,243.23483276367188,240.4649353027344,243.23483276367188,243.18036159474713,243.2586299995113,243.58055610960758,243.53002687961228,243.5467654847091,,241.52442535576824,241.3425085812799,,,,,
AAPL,Experiment 1 — Univariate Close,2025-01-06,5,243.23483276367188,231.5992889404297,243.23483276367188,243.18904993073167,243.42080700356743,244.96837044313443,,244.79850183488605,,238.30163578301045,237.4794781273653,,,,,
AAPL,Experiment 1 — Univariate Close,2025-01-06,10,243.23483276367188,222.2173614501953,243.23483276367188,243.1890612926229,243.6190086426115,246.71426306720736,,246.37222317096908,,237.24994038809064,238.72633728127497,,,,,
AAPL,Experiment 1 — Univariate Close,2025-01-06,20,243.23483276367188,230.79510498046875,243.23483276367188,243.18906128980396,244.00081613072567,250.24346599212112,,249.55008154272667,,234.31561185424596,237.73851628972227,,,,,
AAPL,Experiment 1 — Univariate Close,2025-05-01,1,212.0159454345703,204.0946807861328,212.0159454345703,212.01867030980142,212.0098908926221,212.31676054509475,212.26921236278508,212.28469276016105,,210.56659250703356,212.22538405191412,,,,,
AAPL,Experiment 1 — Univariate Close,2025-05-01,5,212.0159454345703,196.28271484375,212.0159454345703,212.01778415104516,212.00989089300208,213.52429510966044,,213.36309297268355,,210.35062100482847,211.11354831361783,,,,,
AAPL,Experiment 1 — Univariate Close,2025-05-01,10,212.0159454345703,210.43296813964844,212.0159454345703,212.01759390491998,212.00989089346643,215.04337566981528,,214.71880027494907,,203.99143256156174,200.28534029738128,,,,,
AAPL,Experiment 1 — Univariate Close,2025-05-01,20,212.0159454345703,199.8839569091797,212.0159454345703,212.0176115523545,212.00989089436095,218.11403536032827,,217.45611207220054,,194.75964994110677,197.72787819644978,,,,,
AAPL,Experiment 1 — Univariate Close,2025-08-25,1,226.32395935058597,228.46604919433597,226.32395935058597,226.40205319433855,226.32395935955893,226.64046087079043,226.58844960062459,226.6047693588283,,226.12460332391453,225.90689074159087,,,,,
AAPL,Experiment 1 — Univariate Close,2025-08-25,5,226.32395935058597,228.8745574951172,226.32395935058597,226.384286698777,226.32395935981626,227.91089924402866,,227.7314978496518,,220.37420947238414,221.20726712387372,,,,,
AAPL,Experiment 1 — Univariate Close,2025-08-25,10,226.32395935058597,233.4875030517578,226.32395935058597,226.35877223923637,226.32395936013074,229.5089664535214,,229.14779001594778,,218.91796247475187,218.89136399791454,,,,,
AAPL,Experiment 1 — Univariate Close,2025-08-25,20,226.32395935058597,253.49359130859372,226.32395935058597,226.36499892448023,226.32395936073658,232.7387954581011,,232.0068534496365,,220.0013849405718,212.0167515776051,,,,,
AAPL,Experiment 1 — Univariate Close,2025-12-16,1,273.8645324707031,271.10205078125,273.8645324707031,273.71488031761896,273.8800424591629,274.24833138894377,274.18381166740045,274.2036637213558,,276.5220647546427,279.12244274029234,,,,,
AAPL,Experiment 1 — Univariate Close,2025-12-16,5,273.8645324707031,271.62066650390625,273.8645324707031,273.74790026175344,273.9413108098363,275.7889132352913,,275.56439344924564,,275.39323017064225,268.1738970966354,,,,,
AAPL,Experiment 1 — Univariate Close,2025-12-16,10,273.8645324707031,271.1220092773437,273.8645324707031,273.7993140694723,274.0161887963651,277.72681616462893,,277.2748053644878,,273.4619985654233,260.581659186631,,,,,
AAPL,Experiment 1 — Univariate Close,2025-12-16,20,273.8645324707031,257.5090637207031,273.8645324707031,273.78663946679114,274.1604306709,281.6435692533237,,280.7275443677215,,266.798702825566,265.7455485292896,,,,,
AAPL,Experiment 1 — Univariate Close,2026-04-13,1,258.73828125,258.3689270019531,258.73828125,258.7646514087309,258.7382812690692,259.0841273715854,259.02744264450365,259.04547170790255,,258.39857840278137,259.3810054825129,,,,,
AAPL,Experiment 1 — Univariate Close,2026-04-13,5,258.73828125,272.5635681152344,258.73828125,258.7582444207321,258.73828126918704,260.47214084146486,,260.2778850316985,,259.9969629929619,261.79669883532466,,,,,
AAPL,Experiment 1 — Univariate Close,2026-04-13,10,258.73828125,267.1332702636719,258.73828125,258.75063168297675,258.7382812693311,262.2176193903889,,261.8266501164448,,266.7577547966066,269.89623417883416,,,,,
AAPL,Experiment 1 — Univariate Close,2026-04-13,20,258.73828125,292.42779541015625,258.73828125,258.7524276403409,258.73828126960854,265.74374532667986,,264.95188257419574,,271.00015321366664,267.8792458591272,,,,,
AAPL,Experiment 1 — Univariate Close,2026-08-06,1,312.14080810546875,313.0599975585937,312.14080810546875,312.1315591168939,312.15282519775803,312.56619308329306,312.49901958354275,312.52096302091326,,314.926721278531,313.2297643714497,,,,,
AAPL,Experiment 1 — Univariate Close,2026-08-06,5,312.14080810546875,305.260009765625,312.14080810546875,312.1330728272366,312.2002957913041,314.27353803976007,,314.0462182148209,,334.4528861033723,335.4998954372473,,,,,
AAPL,Experiment 1 — Univariate Close,2026-08-06,10,312.14080810546875,311.29998779296875,312.14080810546875,312.13762532535446,312.2583111030431,316.4208400417032,,315.96325957388655,,340.03512894737923,336.66571689857767,,,,,
AAPL,Experiment 1 — Univariate Close,2026-08-06,20,312.14080810546875,328.2099914550781,312.14080810546875,312.13652288334544,312.37006941419577,320.75955918864344,,319.83252047845934,,359.0900873622604,352.51039610532285,,,,,
AAPL,Experiment 2 — OHLCV,2011-03-11,1,10.527891159057615,10.574847221374512,10.527891159057615,10.52828988610476,10.532310003377285,10.552238466462953,10.549437119779173,10.550252771588644,,10.511784381412598,10.54000346459245,,,,,
AAPL,Experiment 2 — OHLCV,2011-03-11,5,10.527891159057615,9.890216827392578,10.527891159057615,10.528160332094352,10.549765549496827,10.65019206730806,,10.640175200179982,,10.72758813112017,10.705295437231728,,,,,
AAPL,Experiment 2 — OHLCV,2011-03-11,10,10.527891159057615,10.514430046081545,10.527891159057615,10.528143851430505,10.571098523745784,10.773913726583842,,10.75365679413608,,10.976696120465219,11.162028920430746,,,,,
AAPL,Experiment 2 — OHLCV,2011-03-11,20,10.527891159057615,10.021523475646973,10.527891159057615,10.528144798699312,10.612193488203609,11.025685508536561,,10.984263866232874,,11.105358509486647,11.334379832044148,,,,,
AAPL,Experiment 2 — OHLCV,2011-07-05,1,10.45132541656494,10.521010398864746,10.45132541656494,10.451999088374908,10.454155998842856,10.469077167387635,10.465897019249072,10.466625371689943,,10.495959471456374,10.548370226467016,,,,,
AAPL,Experiment 2 — OHLCV,2011-07-05,5,10.45132541656494,10.58053493499756,10.45132541656494,10.451793388330163,10.46533751541435,10.5403861996976,,10.52804950016675,,10.491440892282395,10.428040744052817,,,,,
AAPL,Experiment 2 — OHLCV,2011-07-05,10,10.45132541656494,11.271445274353027,10.45132541656494,10.45178219332757,10.479002799986393,10.630205912705284,,10.60533682190056,,10.25297923165729,10.251795049903262,,,,,
AAPL,Experiment 2 — OHLCV,2011-07-05,20,10.45132541656494,11.63215160369873,10.45132541656494,10.451782454726386,10.505327042318504,10.812148052285483,,10.76161774923727,,10.35678585657313,10.045764947465535,,,,,
AAPL,Experiment 2 — OHLCV,2011-10-25,1,11.897151947021484,11.98179817199707,11.897151947021484,11.918798404243443,11.899233516444227,11.918941089917977,11.91581693433481,11.916419665378314,,12.138258345248403,12.217896369618025,,,,,
AAPL,Experiment 2 — OHLCV,2011-10-25,5,11.897151947021484,11.859468460083008,11.897151947021484,11.917441951642452,11.90745622054874,12.006497452195465,,11.99380308982569,,12.447814280521882,12.571760793726103,,,,,
AAPL,Experiment 2 — OHLCV,2011-10-25,10,11.897151947021484,12.150190353393556,11.897151947021484,11.900327430119406,11.917505446950313,12.116847940709576,,12.091239415793643,,12.505250034622264,12.618366253191576,,,,,
AAPL,Experiment 2 — OHLCV,2011-10-25,20,11.897151947021484,11.261275291442873,11.897151947021484,11.902586649142563,11.936863863502168,12.340600899447583,,12.288493184004706,,12.210302860577023,12.572249677608584,,,,,
AAPL,Experiment 2 — OHLCV,2012-02-17,1,15.018218040466309,15.398975372314451,15.018218040466309,15.02722544724772,15.028328003592108,15.048644253121983,15.045916629984264,15.046532862154894,,15.14296993926795,15.15811753524205,,,,,
AAPL,Experiment 2 — OHLCV,2012-02-17,5,15.018218040466309,15.72528839111328,15.018218040466309,15.024445954342525,15.068264878358386,15.170966774796067,,15.160326994056996,,15.593498371485133,15.857579480124071,,,,,
AAPL,Experiment 2 — OHLCV,2012-02-17,10,15.018218040466309,15.946621894836426,15.018218040466309,15.023294850643792,15.117072994422943,15.325269100622267,,15.303780644777278,,14.475776155169513,15.633104387964073,,,,,
AAPL,Experiment 2 — OHLCV,2012-02-17,20,15.018218040466309,17.978675842285156,15.018218040466309,15.023468256494015,15.211094942395075,15.638597893148921,,15.594773054459376,,14.814090111357572,14.910638984318837,,,,,
AAPL,Experiment 2 — OHLCV,2012-06-12,1,17.232736587524414,17.11309242248535,17.232736587524414,17.235148894871944,17.242962955756504,17.26832387068636,17.26454933349278,17.264866575609265,,17.235569790357932,17.231008127175993,,,,,
AAPL,Experiment 2 — OHLCV,2012-06-12,5,17.232736587524414,17.569217681884766,17.232736587524414,17.235168287399706,17.28335966868907,17.411409434701625,,17.39398670116427,,17.258190614591314,17.295810158566905,,,,,
AAPL,Experiment 2 — OHLCV,2012-06-12,10,17.232736587524414,17.10921287536621,17.232736587524414,17.23516828739978,17.332729767500712,17.591934801712597,,17.5567456639075,,16.970577363068998,16.856750142153512,,,,,
AAPL,Experiment 2 — OHLCV,2012-06-12,20,17.232736587524414,18.078277587890625,17.232736587524414,17.23516828739978,17.427834295930115,17.95862012373306,,17.886846743208714,,16.31952218523304,16.628104675201968,,,,,
AAPL,Experiment 2 — OHLCV,2012-10-03,1,20.16904640197754,20.02937126159668,20.16904640197754,20.169024392591894,20.18322480636513,20.21168746632157,20.20680624666371,20.20694206585887,,20.389470784569138,20.45283441041249,,,,,
AAPL,Experiment 2 — OHLCV,2012-10-03,5,20.16904640197754,19.25168800354004,20.16904640197754,20.16902479416319,20.239233056611383,20.38315514200185,,20.35923808289095,,20.934653191741646,20.99057464263679,,,,,
AAPL,Experiment 2 — OHLCV,2012-10-03,10,20.16904640197754,19.362823486328125,20.16904640197754,20.169045416322437,20.30768250826703,20.59953679823852,,20.551223248472294,,21.59521056067183,21.52131524605688,,,,,
AAPL,Experiment 2 — OHLCV,2012-10-03,20,20.16904640197754,17.32594108581543,20.16904640197754,20.169044518539046,20.439540717540584,21.039215629965383,,20.94064184249867,,22.524595574560095,21.522426089211898,,,,,
AAPL,Experiment 2 — OHLCV,2013-01-30,1,13.784954071044922,13.744524002075195,13.784954071044922,13.784233896574738,13.764430946573528,13.808223125718225,13.805813400783393,13.805998203777865,,14.00779942618501,13.7989469586781,,,,,
AAPL,Experiment 2 — OHLCV,2013-01-30,5,13.784954071044922,13.800649642944336,13.784954071044922,13.784228136468183,13.684668576269718,13.901692790513646,,13.890496485584068,,12.961231402044945,13.07822842578154,,,,,
AAPL,Experiment 2 — OHLCV,2013-01-30,10,13.784954071044922,14.174271583557127,13.784954071044922,13.784228136468158,13.590011118595841,14.019420118907211,,13.996846969646647,,13.988413788127154,13.572882841974177,,,,,
AAPL,Experiment 2 — OHLCV,2013-01-30,20,13.784954071044922,13.396982192993164,13.784954071044922,13.784228136468158,13.41633465560369,14.257874161746987,,14.211996941158915,,13.171493768134766,13.270388244852633,,,,,
AAPL,Experiment 2 — OHLCV,2013-05-23,1,13.508260726928713,13.600221633911133,13.508260726928713,13.508131570441055,13.504085586750119,13.529034616781573,13.526980065522919,13.526917762884667,,13.515453478424536,13.500387994315673,,,,,
AAPL,Experiment 2 — OHLCV,2013-05-23,5,13.508260726928713,13.740154266357422,13.508260726928713,13.5081694527789,13.487806229674447,13.612450142391221,,13.601803945911302,,13.526747869181705,13.806481739657816,,,,,
AAPL,Experiment 2 — OHLCV,2013-05-23,10,13.508260726928713,13.498183250427246,13.508260726928713,13.508170920770574,13.468373029918178,13.717443172361465,,13.695994941391143,,13.860954205544742,14.035281531843337,,,,,
AAPL,Experiment 2 — OHLCV,2013-05-23,20,13.508260726928713,12.63325023651123,13.508260726928713,13.508170897540046,13.432369093485423,13.929864916795163,,13.88633823602994,,14.503984241645314,15.124992788371497,,,,,
AAPL,Experiment 2 — OHLCV,2013-09-16,1,13.842866897583008,14.002789497375488,13.842866897583008,13.830065554549334,13.841388048108,13.8620985334174,13.860631468714347,13.860877918496206,,13.891985859806033,13.710124319386018,,,,,
AAPL,Experiment 2 — OHLCV,2013-09-16,5,13.842866897583008,15.089012145996094,13.842866897583008,13.831676445994672,13.835681689988592,13.939292629719544,,13.93315664951339,,13.93213484026564,13.92610004971862,,,,,
AAPL,Experiment 2 — OHLCV,2013-09-16,10,13.842866897583008,14.66183853149414,13.842866897583008,13.831677140764548,13.828997133537172,14.036390037881493,,14.024035314084768,,13.837151937259424,14.089560575274076,,,,,
AAPL,Experiment 2 — OHLCV,2013-09-16,20,13.842866897583008,15.255081176757812,13.842866897583008,13.831677140721396,13.816992883985108,14.232618629739116,,14.207574770876128,,13.094394950693335,12.537620056027915,,,,,
AAPL,Experiment 2 — OHLCV,2014-01-08,1,16.81100082397461,16.59632682800293,16.81100082397461,16.81469544002947,16.815189081224073,16.83508381416093,16.83274876837889,16.832894884551937,,16.87042040661481,16.852964992179505,,,,,
AAPL,Experiment 2 — OHLCV,2014-01-08,5,16.81100082397461,17.240978240966797,16.81100082397461,16.814002941772475,16.831349640975535,16.931761275984044,,16.92075663906173,,17.039447633331445,16.9318957661009,,,,,
AAPL,Experiment 2 — OHLCV,2014-01-08,10,16.81100082397461,17.20447540283203,16.81100082397461,16.814000947123624,16.850279683143718,17.0533892008419,,17.031229028912694,,17.11525531104433,16.734130306461,,,,,
AAPL,Experiment 2 — OHLCV,2014-01-08,20,16.81100082397461,15.948516845703123,16.81100082397461,16.814000948447912,16.88427222553815,17.299272439547313,,17.254342276969748,,19.166168720659527,18.523781925416383,,,,,
AAPL,Experiment 2 — OHLCV,2014-05-02,1,18.44017219543457,18.7009391784668,18.44017219543457,18.440450647417233,18.447789640622073,18.46499630863755,18.463119782183988,18.463435162617575,,18.49163027202983,18.403192959683835,,,,,
AAPL,Experiment 2 — OHLCV,2014-05-02,5,18.44017219543457,18.32286834716797,18.44017219543457,18.44038449191299,18.477421506130842,18.564627393211275,,18.556780872842964,,17.99789815785934,17.689130262284774,,,,,
AAPL,Experiment 2 — OHLCV,2014-05-02,10,18.44017219543457,18.69743156433105,18.44017219543457,18.440383825821495,18.51264477122072,18.689922555826133,,18.674126939441805,,18.262297807292075,17.79440293784315,,,,,
AAPL,Experiment 2 — OHLCV,2014-05-02,20,18.44017219543457,19.671876907348636,18.44017219543457,18.44038382790484,18.577447968210446,18.943055489973226,,18.91104992157954,,17.80983159641326,17.604413141986097,,,,,
AAPL,Experiment 2 — OHLCV,2014-08-25,1,22.352537155151367,22.20945167541504,22.352537155151367,22.352723446652625,22.37036749552969,22.386257327546147,22.383076102247568,22.383998034946238,,22.4671190690908,22.43438693843253,,,,,
AAPL,Experiment 2 — OHLCV,2014-08-25,5,22.352537155151367,22.739978790283203,22.352537155151367,22.352688158413113,22.440051461213525,22.521647474562837,,22.510284985241572,,22.377295588902822,22.633159186356952,,,,,
AAPL,Experiment 2 — OHLCV,2014-08-25,10,22.352537155151367,21.57106208801269,22.352537155151367,22.352688051181595,22.523584528116263,22.692037214736835,,22.669146083938625,,22.394806751890947,22.20899754085872,,,,,
AAPL,Experiment 2 — OHLCV,2014-08-25,20,22.352537155151367,22.594688415527344,22.352537155151367,22.352688051257704,22.679423168919058,23.036693748938966,,22.990239569136282,,22.977853971758798,22.567143186310716,,,,,
AAPL,Experiment 2 — OHLCV,2014-12-16,1,23.601348876953125,24.18944931030273,23.601348876953125,23.594069092336596,23.60818089468149,23.637080165584063,23.63479911179575,23.635427669317664,,23.557948240339893,23.569106812571373,,,,,
AAPL,Experiment 2 — OHLCV,2014-12-16,5,23.601348876953125,24.881458282470703,23.601348876953125,23.59533486763943,23.63490081569315,23.78054709395165,,23.77223562511585,,24.971808259445424,24.86785273344469,,,,,
AAPL,Experiment 2 — OHLCV,2014-12-16,10,23.601348876953125,24.403905868530277,23.601348876953125,23.59533738313602,23.666972841441762,23.961105911191407,,23.944359687334227,,24.979520238877058,25.319795040682394,,,,,
AAPL,Experiment 2 — OHLCV,2014-12-16,20,23.601348876953125,23.616817474365234,23.601348876953125,23.595337382084153,23.726935392796562,24.326346747408923,,24.292355654142263,,26.58261756423917,26.146258651004473,,,,,
AAPL,Experiment 2 — OHLCV,2015-04-13,1,28.15593910217285,28.03385162353516,28.15593910217285,28.15417125319729,28.172873428111423,28.199438112206,28.19645264231332,28.196925498431323,,28.17669542027905,28.055710986490954,,,,,
AAPL,Experiment 2 — OHLCV,2015-04-13,5,28.15593910217285,28.322404861450195,28.15593910217285,28.15432467999458,28.239768234291038,28.3741072214876,,28.3614685886127,,28.17277110148277,28.109689709297918,,,,,
AAPL,Experiment 2 — OHLCV,2015-04-13,10,28.15593910217285,29.443321228027344,28.15593910217285,28.15432469251698,28.32152248980648,28.593965830617396,,28.56849837556261,,28.729187006877304,28.649439319374775,,,,,
AAPL,Experiment 2 — OHLCV,2015-04-13,20,28.15593910217285,28.155412673950195,28.15593910217285,28.154324692516877,28.479010526189747,29.038807015299238,,28.987102737821264,,29.183165366708522,28.612746123410147,,,,,
AAPL,Experiment 2 — OHLCV,2015-08-04,1,25.552064895629883,25.721454620361328,25.552064895629883,25.529643145073788,25.54773533436668,25.5873665403015,25.58415261170292,25.58526162240269,,25.538278449192642,25.470266264507007,,,,,
AAPL,Experiment 2 — OHLCV,2015-08-04,5,25.552064895629883,25.41024780273437,25.552064895629883,25.530022765084322,25.530717122673106,25.729061505745182,,25.718480375346207,,26.54504185661883,27.000160635374755,,,,,
AAPL,Experiment 2 — OHLCV,2015-08-04,10,25.552064895629883,26.08417510986328,25.552064895629883,25.530022765117778,25.510104001597043,25.907284153760752,,25.885979685743237,,27.145950374193077,27.694802517698704,,,,,
AAPL,Experiment 2 — OHLCV,2015-08-04,20,25.552064895629883,24.118350982666016,25.552064895629883,25.530022765117778,25.470981491760764,26.267441592890396,,26.22425807964016,,28.924815601836656,29.526136526817783,,,,,
AAPL,Experiment 2 — OHLCV,2015-11-24,1,26.730987548828125,26.53985595703125,26.730987548828125,26.736989682788494,26.73303316200403,26.767935191988556,26.764003055539085,26.765019696491553,,26.759031580599206,26.840698436651742,,,,,
AAPL,Experiment 2 — OHLCV,2015-11-24,5,26.730987548828125,26.146358489990234,26.730987548828125,26.73678672798907,26.74111385902997,26.916237162318478,,26.901582114193175,,26.38296626156361,26.25231152019652,,,,,
AAPL,Experiment 2 — OHLCV,2015-11-24,10,26.730987548828125,25.997947692871094,26.730987548828125,26.736786727684752,26.7509895340955,27.102770582448432,,27.073265397499487,,27.463510064699904,27.57263176948801,,,,,
AAPL,Experiment 2 — OHLCV,2015-11-24,20,26.730987548828125,24.421710968017575,26.730987548828125,26.736786727684752,26.77001362848941,27.479724492147874,,27.41992595464644,,28.67999373128282,28.57931595843992,,,,,
AAPL,Experiment 2 — OHLCV,2016-03-21,1,23.94382095336914,24.12693977355957,23.94382095336914,23.943759770194735,23.943574336445348,23.974809081987907,23.971220189351506,23.972106674776995,,23.83257277692338,23.751491824715465,,,,,
AAPL,Experiment 2 — OHLCV,2016-03-21,5,23.94382095336914,24.343969345092773,23.94382095336914,23.943763368482852,23.942560229710104,24.09916316465747,,24.0855841050753,,23.86896688141927,23.859227975877307,,,,,
AAPL,Experiment 2 — OHLCV,2016-03-21,10,23.94382095336914,24.825519561767575,23.94382095336914,23.94376336853771,23.94132085783824,24.25551320183353,,24.22818658778133,,24.639808047667778,24.60190088496996,,,,,
AAPL,Experiment 2 — OHLCV,2016-03-21,20,23.94382095336914,24.169897079467773,23.94382095336914,23.94376336853771,23.938933382822803,24.57126295047477,,24.515929453179005,,23.382955684116517,23.511834240428456,,,,,
AAPL,Experiment 2 — OHLCV,2016-07-13,1,22.033416748046875,22.470129013061523,22.033416748046875,22.03057963253332,22.032475433106846,22.06019537410637,22.057574573704983,22.05829660694712,,21.973122051771405,21.923846468991815,,,,,
AAPL,Experiment 2 — OHLCV,2016-07-13,5,22.033416748046875,22.736248016357425,22.033416748046875,22.03062833005122,22.02875699703981,22.167635731970655,,22.158097300219623,,22.089772347285333,22.154006468722116,,,,,
AAPL,Experiment 2 — OHLCV,2016-07-13,10,22.033416748046875,23.41634178161621,22.033416748046875,22.030628330055748,22.02421257887488,22.30267232561205,,22.283483382554483,,21.492502928821352,21.84406670151453,,,,,
AAPL,Experiment 2 — OHLCV,2016-07-13,20,22.033416748046875,24.69804573059082,22.033416748046875,22.030628330055748,22.01545839857213,22.575218294625774,,22.536388129843647,,21.614961928732043,21.187992549857775,,,,,
AAPL,Experiment 2 — OHLCV,2016-11-02,1,25.519027709960938,25.245494842529297,25.519027709960938,25.520042837646542,25.519359179680908,25.54995160002369,25.54656071695868,25.547604291163104,,25.103801174573448,25.040133778551404,,,,,
AAPL,Experiment 2 — OHLCV,2016-11-02,5,25.519027709960938,25.48684310913086,25.519027709960938,25.52003700194632,25.520668569062003,25.67402234953182,,25.662230979262546,,25.208692913072213,25.70173187642792,,,,,
AAPL,Experiment 2 — OHLCV,2016-11-02,10,25.519027709960938,25.282276153564453,25.519027709960938,25.52003700194631,25.52226881518192,25.82995837835032,,25.80623785192129,,27.26904091437632,26.453020183456413,,,,,
AAPL,Experiment 2 — OHLCV,2016-11-02,20,25.519027709960938,25.167341232299805,25.519027709960938,25.52003700194631,25.525351463510944,26.14467750928004,,26.096680470705692,,27.690214860423907,27.220559318848892,,,,,
AAPL,Experiment 2 — OHLCV,2017-02-28,1,31.625022888183597,32.27140808105469,31.625022888183597,31.625307965416347,31.642591805082656,31.666753990914632,31.662445576509903,31.664470771136802,,31.6659357959986,31.748494970057337,,,,,
AAPL,Experiment 2 — OHLCV,2017-02-28,5,31.625022888183597,32.20907974243164,31.625022888183597,31.625301206139298,31.711524717955957,31.834229795730586,,31.82275497539817,,32.51739932314607,31.55367819171132,,,,,
AAPL,Experiment 2 — OHLCV,2017-02-28,10,31.625022888183597,32.08672332763672,31.625022888183597,31.625301206136953,31.79474633428506,32.04482065579897,,32.02172336142752,,32.53427076440503,32.10925115977333,,,,,
AAPL,Experiment 2 — OHLCV,2017-02-28,20,31.625022888183597,33.19712829589844,31.625022888183597,31.625301206136953,31.95184176237068,32.47019091473926,,32.42339999756716,,30.938462933031875,30.614394527518854,,,,,
AAPL,Experiment 2 — OHLCV,2017-06-21,1,33.814002990722656,33.75837707519531,33.814002990722656,33.81963187371847,33.82416778163759,33.857808051174494,33.85276885188774,33.85575877750759,,33.599710551273986,33.552730209357286,,,,,
AAPL,Experiment 2 — OHLCV,2017-06-21,5,33.814002990722656,33.80473327636719,33.814002990722656,33.81945241636621,33.86402757696374,34.03359651047152,,34.023298190085264,,34.05964533567827,33.9983346783242,,,,,
AAPL,Experiment 2 — OHLCV,2017-06-21,10,33.814002990722656,33.08612823486328,33.814002990722656,33.81945241615522,33.91210067954286,34.25461610550431,,34.233888843301365,,34.20455453419879,34.59320770080611,,,,,
AAPL,Experiment 2 — OHLCV,2017-06-21,20,33.814002990722656,34.850196838378906,33.814002990722656,33.81945241615522,34.002693969621106,34.70097062620501,,34.658988634296186,,35.230250976103264,35.335801679725876,,,,,
AAPL,Experiment 2 — OHLCV,2017-10-12,1,36.30424118041992,36.53464126586914,36.30424118041992,36.30089164150923,36.31438503078633,36.35052030877434,36.34558583554612,36.3482612426109,,36.208300934935735,36.23558983850368,,,,,
AAPL,Experiment 2 — OHLCV,2017-10-12,5,36.30424118041992,36.29957962036133,36.30424118041992,36.30100558308883,36.35439123492929,36.536227521684815,,36.52487589640315,,36.27777905209109,36.29159905602543,,,,,
AAPL,Experiment 2 — OHLCV,2017-10-12,10,36.30424118041992,36.63238143920898,36.30424118041992,36.30100558326409,36.40314220101266,36.769696269984905,,36.746851493680516,,37.1899915488332,37.70561391058076,,,,,
AAPL,Experiment 2 — OHLCV,2017-10-12,20,36.30424118041992,40.93071746826172,36.30424118041992,36.30100558326409,36.496601912058736,37.241118938911356,,37.19485797783011,,38.28363766224304,38.38547750683195,,,,,
AAPL,Experiment 2 — OHLCV,2018-02-06,1,38.0766487121582,37.26153564453125,38.0766487121582,38.1184776069358,38.08266849917616,38.124262022938424,38.118827313360825,38.12156742242949,,38.171581116069554,38.24680944806622,,,,,
AAPL,Experiment 2 — OHLCV,2018-02-06,5,38.0766487121582,38.53910827636719,38.0766487121582,38.12042171749187,38.10644824887318,38.31531139624388,,38.3017727913468,,38.47747889163891,38.26678752553552,,,,,
AAPL,Experiment 2 — OHLCV,2018-02-06,10,38.0766487121582,40.11734390258789,38.0766487121582,38.12042172504011,38.13551023206517,38.55547000706421,,38.528227892375405,,38.87712585795558,38.321557787151306,,,,,
AAPL,Experiment 2 — OHLCV,2018-02-06,20,38.0766487121582,41.045997619628906,38.0766487121582,38.12042172504011,38.19149404156174,39.040312573279806,,38.985162684572735,,39.98621191941183,39.36373053571519,,,,,
AAPL,Experiment 2 — OHLCV,2018-05-31,1,43.9915657043457,44.784912109375,43.9915657043457,43.986892692779335,44.00586902385905,44.04750079687206,44.03987865633027,44.04323463867792,,43.74997054377205,43.79632008403178,,,,,
AAPL,Experiment 2 — OHLCV,2018-05-31,5,43.9915657043457,45.54291534423828,43.9915657043457,43.98673455902291,44.062370693236666,44.27195328422735,,44.250517950700456,,42.922851727491995,43.15263687831544,,,,,
AAPL,Experiment 2 — OHLCV,2018-05-31,10,43.9915657043457,44.91673278808594,43.9915657043457,43.98673455884136,44.131423167997475,44.554127961105735,,44.51099449528872,,42.66630235249291,42.991697714511446,,,,,
AAPL,Experiment 2 — OHLCV,2018-05-31,20,43.9915657043457,43.669044494628906,43.9915657043457,43.98673455884136,44.26444301618667,45.12388423989394,,45.0365564225396,,42.53766786348301,42.75024271162169,,,,,
AAPL,Experiment 2 — OHLCV,2018-09-21,1,51.41961288452149,52.1590461730957,51.41961288452149,51.40093977419972,51.44819229439086,51.48552203905888,51.47682972860593,51.480976908068264,,51.792380308983994,51.7793438010474,,,,,
AAPL,Experiment 2 — OHLCV,2018-09-21,5,51.41961288452149,53.32841873168945,51.41961288452149,51.40027464049997,51.56108805560997,51.75000455784733,,51.7271661932783,,50.76912231682591,50.954115479285676,,,,,
AAPL,Experiment 2 — OHLCV,2018-09-21,10,51.41961288452149,52.985877990722656,51.41961288452149,51.40027463956843,51.69906153122683,52.082519130426576,,52.03655905376296,,52.28957490170851,53.04981303124542,,,,,
AAPL,Experiment 2 — OHLCV,2018-09-21,20,51.41961288452149,51.80940628051758,51.41961288452149,51.40027463956843,51.96484796168084,52.753971622913625,,52.660907506965536,,54.864515559104696,51.82008927157568,,,,,
AAPL,Experiment 2 — OHLCV,2019-01-17,1,36.948577880859375,37.1761474609375,36.948577880859375,36.955528287285546,36.92027098071913,36.99532568466463,36.98852857020641,36.99203610057671,,37.035982519335306,37.26882338606524,,,,,
AAPL,Experiment 2 — OHLCV,2019-01-17,5,36.948577880859375,37.39898300170898,36.948577880859375,36.95703833602465,36.81456005270065,37.18290910775314,,37.166380728377014,,36.425914648375,36.401177708203214,,,,,
AAPL,Experiment 2 — OHLCV,2019-01-17,10,36.948577880859375,39.47565460205078,36.948577880859375,36.95703987432782,36.697856974758935,37.41872648450833,,37.38546747051543,,34.82660043930514,33.95910748700505,,,,,
AAPL,Experiment 2 — OHLCV,2019-01-17,20,36.948577880859375,40.573463439941406,36.948577880859375,36.95703987460754,36.50773599852114,37.89485744856709,,37.827522956249155,,34.039877242079,32.559724647759914,,,,,
AAPL,Experiment 2 — OHLCV,2019-05-13,1,44.38636016845703,45.0890007019043,44.38636016845703,44.325131324463975,44.35362937729269,44.44461881466405,44.43581514418743,44.44018935789022,,45.051502043356194,44.74882657073103,,,,,
AAPL,Experiment 2 — OHLCV,2019-05-13,5,44.38636016845703,43.75779342651367,44.38636016845703,44.31768889046446,44.23898732108255,44.67841906885641,,44.65615971681337,,43.946700198531055,44.071170926256485,,,,,
AAPL,Experiment 2 — OHLCV,2019-05-13,10,44.38636016845703,42.59627532958984,44.38636016845703,44.31768786030341,44.126397721986066,44.97239969478088,,44.927599223842066,,42.583841800213435,42.87935627837394,,,,,
AAPL,Experiment 2 — OHLCV,2019-05-13,20,44.38636016845703,46.55883026123047,44.38636016845703,44.31768786028794,43.974667518700144,45.56617678564281,,45.47543804802911,,39.35639165728651,39.47742545303567,,,,,
AAPL,Experiment 2 — OHLCV,2019-09-04,1,50.18555450439453,51.16675567626953,50.18555450439453,50.19775719729324,50.18865763506181,50.25271417874978,50.242727690328415,50.24764502178112,,50.14869702066706,50.634509288595325,,,,,
AAPL,Experiment 2 — OHLCV,2019-09-04,5,50.18555450439453,53.640167236328125,50.18555450439453,50.20159746548318,50.21267209408027,50.52225282873943,,50.49677623796842,,51.21710188244201,51.27625576617845,,,,,
AAPL,Experiment 2 — OHLCV,2019-09-04,10,50.18555450439453,53.44345474243164,50.18555450439453,50.2016102286247,50.236291137558446,50.861210085216015,,50.80992798842476,,50.27766104603191,51.473314845908526,,,,,
AAPL,Experiment 2 — OHLCV,2019-09-04,20,50.18555450439453,52.529415130615234,50.18555450439453,50.20161023878501,50.26819599186478,51.5459621175643,,51.442069489594786,,48.833917086048416,50.41711394719439,,,,,
AAPL,Experiment 2 — OHLCV,2019-12-26,1,69.75943756103516,69.73295593261719,69.75943756103516,69.78800553915777,69.85309655683078,69.86019892560749,69.84624367257575,69.85285115323818,,69.39834849587007,68.53863442285659,,,,,
AAPL,Experiment 2 — OHLCV,2019-12-26,5,69.75943756103516,71.56892395019531,69.75943756103516,69.79610541232464,70.21068774562876,70.2647018968072,,70.22775808260698,,69.57710502929098,67.99037923571531,,,,,
AAPL,Experiment 2 — OHLCV,2019-12-26,10,69.75943756103516,74.6729736328125,69.75943756103516,69.79612486494497,70.62163092602833,70.77362583847528,,70.69922261047522,,68.6074828649535,69.00388696921702,,,,,
AAPL,Experiment 2 — OHLCV,2019-12-26,20,69.75943756103516,74.3409194946289,69.75943756103516,69.79612487526754,71.33667600103529,71.80255875689963,,71.65166825423815,,69.17376326873838,66.95809396093578,,,,,
AAPL,Experiment 2 — OHLCV,2020-04-21,1,64.72962188720703,66.59407043457031,64.72962188720703,64.80208152018776,65.23776753969786,64.82516064954984,64.8101853403947,64.81541393717309,,64.83104166401309,66.11908692459866,,,,,
AAPL,Experiment 2 — OHLCV,2020-04-21,5,64.72962188720703,67.1922378540039,64.72962188720703,64.77905867970058,65.25879558710214,65.20872790200572,,65.15972072511053,,69.93558623410786,69.85932093040296,,,,,
AAPL,Experiment 2 — OHLCV,2020-04-21,10,64.72962188720703,71.77012634277344,64.72962188720703,64.77713229606786,65.27649803753822,65.69138009190512,,65.5926773737809,,71.2960082201617,71.63015771249458,,,,,
AAPL,Experiment 2 — OHLCV,2020-04-21,20,64.72962188720703,75.73241424560547,64.72962188720703,64.7772044092542,65.29517732305986,66.66742818147102,,66.46724018499516,,67.11323410861834,65.46426383175535,,,,,
AAPL,Experiment 2 — OHLCV,2020-08-12,1,109.52227020263672,111.46053314208984,109.52227020263672,109.21517868510581,109.48342961601078,109.69276662495743,109.66705923956167,109.67618155833858,,108.4850991053188,112.43743380458024,,,,,
AAPL,Experiment 2 — OHLCV,2020-08-12,5,109.52227020263672,112.1364974975586,109.52227020263672,109.31526599627622,110.98680840615779,110.37741061540467,,110.29399293501483,,112.10086503086727,110.6974393118392,,,,,
AAPL,Experiment 2 — OHLCV,2020-08-12,10,109.52227020263672,122.61774444580078,109.52227020263672,109.33395556754418,112.65743696061637,111.23922789055136,,111.07115342881413,,113.1576640964584,108.75268721377483,,,,,
AAPL,Experiment 2 — OHLCV,2020-08-12,20,109.52227020263672,109.9874496459961,109.52227020263672,109.33241920000816,115.40843671103735,112.98310196448169,,112.64194123425102,,113.33218583516779,111.63387738868232,,,,,
AAPL,Experiment 2 — OHLCV,2020-12-03,1,119.3513412475586,118.68151092529295,119.3513412475586,119.33171485331542,119.49585900626131,119.5385855953283,119.51037635626452,119.51963149290529,,119.36193955889412,119.455906258294,,,,,
AAPL,Experiment 2 — OHLCV,2020-12-03,5,119.3513412475586,119.64259338378906,119.3513412475586,119.338114640073,119.98153972405049,120.29050518153822,,120.19516878352847,,120.50710197439699,121.68712235486264,,,,,
AAPL,Experiment 2 — OHLCV,2020-12-03,10,119.3513412475586,124.94320678710938,119.3513412475586,119.33905894510006,120.57510546956513,121.23705930389502,,121.04496227600141,,124.54296971523462,121.06151136139752,,,,,
AAPL,Experiment 2 — OHLCV,2020-12-03,20,119.3513412475586,125.63253021240234,119.3513412475586,119.3389963371198,121.71852611643061,123.15257118199185,,122.76261614863351,,132.43618757721828,127.26142968128323,,,,,
AAPL,Experiment 2 — OHLCV,2021-03-30,1,116.57402801513672,118.76164245605467,116.57402801513672,116.64429547601478,116.75942513917299,116.75140574364686,116.72420903902537,116.73239418601892,,116.07316897909828,116.673558416926,,,,,
AAPL,Experiment 2 — OHLCV,2021-03-30,5,116.57402801513672,124.35212707519533,116.57402801513672,116.62249492295089,116.8747726597295,117.46361972706504,,117.36801320346764,,119.61541659220936,121.59293182112529,,,,,
AAPL,Experiment 2 — OHLCV,2021-03-30,10,116.57402801513672,128.3675537109375,116.57402801513672,116.62111065929821,117.0157425078718,118.36000003013504,,118.16740622139855,,121.44109908781755,120.70425884053806,,,,,
AAPL,Experiment 2 — OHLCV,2021-03-30,20,116.57402801513672,129.8745880126953,116.57402801513672,116.62114905832709,117.28730102715875,120.17333402354886,,119.78256332774144,,123.87150851647766,123.15937860120061,,,,,
AAPL,Experiment 2 — OHLCV,2021-07-22,1,142.9702606201172,144.6843719482422,142.9702606201172,142.83255727738907,142.93354187318354,143.1945117345323,143.1590877877557,143.17048695471382,,143.38275013928487,142.97314657530768,,,,,
AAPL,Experiment 2 — OHLCV,2021-07-22,5,142.9702606201172,141.8405303955078,142.9702606201172,142.87635535287887,143.31304468461354,144.0950391278287,,143.97420034353658,,154.7719204226497,145.32267848298102,,,,,
AAPL,Experiment 2 — OHLCV,2021-07-22,10,142.9702606201172,143.2234649658203,142.9702606201172,142.88010969192342,143.7768470571202,145.2286665156214,,144.98518974962346,,162.2387214043797,154.38815699831605,,,,,
AAPL,Experiment 2 — OHLCV,2021-07-22,20,142.9702606201172,143.08692932128906,142.9702606201172,142.87996554876537,144.67029687762738,147.5227469434845,,147.02851596940098,,171.8129505659715,161.26948564833017,,,,,
AAPL,Experiment 2 — OHLCV,2021-11-11,1,144.4385986328125,146.50941467285156,144.4385986328125,144.36318176004534,144.52269193384555,144.65924868151367,144.62571363877223,144.6360006180096,,145.9694095003165,145.06764473772404,,,,,
AAPL,Experiment 2 — OHLCV,2021-11-11,5,144.4385986328125,154.20655822753906,144.4385986328125,144.38743534939871,144.70603244733468,145.5452247659071,,145.42831011065923,,145.8284537075616,145.25432217916705,,,,,
AAPL,Experiment 2 — OHLCV,2021-11-11,10,144.4385986328125,153.17117309570312,144.4385986328125,144.389898040149,144.93009867970972,146.66032939027787,,146.42480321626095,,146.24078919543138,147.44558731407415,,,,,
AAPL,Experiment 2 — OHLCV,2021-11-11,20,144.4385986328125,175.28582763671875,144.4385986328125,144.38978518789148,145.36173065695738,148.91623444467902,,148.4383205034095,,151.27875588453844,151.78668028137574,,,,,
AAPL,Experiment 2 — OHLCV,2022-03-08,1,153.9824981689453,159.3714599609375,153.9824981689453,153.99387699249365,154.10716329951512,154.2137155603612,154.18035472333284,154.1897471617373,,153.96000732117795,153.8395922547993,,,,,
AAPL,Experiment 2 — OHLCV,2022-03-08,5,153.9824981689453,151.68409729003906,153.9824981689453,153.99017993421353,154.1987291098191,155.14206226270164,,155.02153630711874,,156.63616534243565,155.41528100109272,,,,,
AAPL,Experiment 2 — OHLCV,2022-03-08,10,153.9824981689453,165.11257934570312,153.9824981689453,153.989710338466,154.31063457871267,156.31035844551693,,156.06758563335194,,159.9821109759954,157.2790372589365,,,,,
AAPL,Experiment 2 — OHLCV,2022-03-08,20,153.9824981689453,171.21554565429688,153.9824981689453,153.98973728990998,154.5262046728378,158.6734106012415,,158.180907408709,,156.93871819485852,158.20568888351173,,,,,
AAPL,Experiment 2 — OHLCV,2022-06-30,1,133.9139862060547,136.07862854003906,133.9139862060547,134.0676149717316,134.03660554950068,134.1152193038371,134.08343036051008,134.09196535981977,,132.88037475381174,134.19831135392167,,,,,
AAPL,Experiment 2 — OHLCV,2022-06-30,5,133.9139862060547,144.02215576171875,133.9139862060547,134.02502213128676,133.94610123869802,134.9231801805021,,134.80625056295654,,131.86582119971592,132.62265400860417,,,,,
AAPL,Experiment 2 — OHLCV,2022-06-30,10,133.9139862060547,147.08792114257812,133.9139862060547,134.02392638127753,133.83549306187268,135.93997957770569,,135.70446004706392,,131.0792197329462,126.87836160078393,,,,,
AAPL,Experiment 2 — OHLCV,2022-06-30,20,133.9139862060547,159.1746368408203,133.9139862060547,134.02393708350527,133.6224220178478,137.996624334311,,137.51887310955527,,128.32195447269186,127.4102652263246,,,,,
AAPL,Experiment 2 — OHLCV,2022-10-21,1,144.44781494140625,146.5860137939453,144.44781494140625,144.27010109105296,144.2077591589347,144.6648812666279,144.63083650862183,144.6407278046296,,144.7884547086968,144.60335581769135,,,,,
AAPL,Experiment 2 — OHLCV,2022-10-21,5,144.44781494140625,152.7555389404297,144.44781494140625,144.3145053061588,144.19643935714308,145.53641339769692,,145.41495908940638,,142.10806969193175,141.80365042657908,,,,,
AAPL,Experiment 2 — OHLCV,2022-10-21,10,144.44781494140625,135.95333862304688,144.44781494140625,144.31510443875177,144.18260506983577,146.63321583131685,,146.38857870955815,,137.3785847341037,134.15084825179008,,,,,
AAPL,Experiment 2 — OHLCV,2022-10-21,20,144.44781494140625,148.636962890625,144.44781494140625,144.31510175694385,144.1559552675832,148.8516804062099,,148.35541808159024,,139.29756371377334,137.39867731352925,,,,,
AAPL,Experiment 2 — OHLCV,2023-02-15,1,152.839111328125,151.24510192871094,152.839111328125,152.73821272511708,152.7267445685104,153.06873664298467,153.03217979412173,153.04302268636513,,153.3358156398021,154.79434944129625,,,,,
AAPL,Experiment 2 — OHLCV,2023-02-15,5,152.839111328125,147.0041961669922,152.839111328125,152.75633101557943,152.75466713568935,153.9906929776628,,153.86139224881754,,153.1103275528593,151.3147833782582,,,,,
AAPL,Experiment 2 — OHLCV,2023-02-15,10,152.839111328125,143.57015991210938,152.839111328125,152.75637324720412,152.78879218697756,155.15095133490996,,154.89051080597451,,146.4941128864266,144.97043374785403,,,,,
AAPL,Experiment 2 — OHLCV,2023-02-15,20,152.839111328125,153.3507537841797,152.839111328125,152.7563732256641,152.8545292826795,157.49776016721697,,156.9694440726635,,142.9222825587185,149.15980545894956,,,,,
AAPL,Experiment 2 — OHLCV,2023-06-09,1,178.30438232421875,181.0928497314453,178.30438232421875,178.30188514240373,178.30776397652218,178.57132903022912,178.5272028742173,178.5407051797888,,178.36687927487614,179.290070234501,,,,,
AAPL,Experiment 2 — OHLCV,2023-06-09,5,178.30438232421875,182.20628356933597,178.30438232421875,178.3022214333718,178.42678895662675,179.64311840933132,,179.48913295583876,,181.3800126156192,178.90361340348505,,,,,
AAPL,Experiment 2 — OHLCV,2023-06-09,10,178.30438232421875,182.55111694335935,178.30438232421875,178.302221631312,178.5722531442359,180.9919059260589,,180.68175571062716,,183.466931558964,181.80381548386768,,,,,
AAPL,Experiment 2 — OHLCV,2023-06-09,20,178.30438232421875,185.31988525390625,178.30438232421875,178.30222163129395,178.85246937428067,183.71993769161494,,183.09082716381735,,188.20298708040673,184.4896133187829,,,,,
AAPL,Experiment 2 — OHLCV,2023-10-03,1,170.09939575195312,171.3425750732422,170.09939575195312,170.16518340587336,170.15421141376137,170.34811577611805,170.3075555299762,170.32060621846793,,169.84492703906906,169.21029364512023,,,,,
AAPL,Experiment 2 — OHLCV,2023-10-03,5,170.09939575195312,176.0094451904297,170.09939575195312,170.15601481193673,170.1775483300076,171.3466379886509,,171.20832862089452,,176.0586860127837,175.6720225593441,,,,,
AAPL,Experiment 2 — OHLCV,2023-10-03,10,170.09939575195312,174.78599548339844,170.09939575195312,170.15600848701192,170.2060691124524,172.60302554412021,,172.32449098117175,,181.31901332629695,180.69621096864142,,,,,
AAPL,Experiment 2 — OHLCV,2023-10-03,20,170.09939575195312,168.4911651611328,170.09939575195312,170.1560084877183,170.26101037508184,175.14350533277621,,174.57869300854918,,173.37091228172756,175.87975124019613,,,,,
AAPL,Experiment 2 — OHLCV,2024-01-26,1,190.1023406982422,189.420654296875,190.1023406982422,190.1682065464769,190.1738332543172,190.37831935460542,190.3334778654239,190.34768765542742,,189.8513259743189,190.494460152827,,,,,
AAPL,Experiment 2 — OHLCV,2024-01-26,5,190.1023406982422,183.61148071289065,190.1023406982422,190.15649766130048,190.23446750773945,191.48624628570417,,191.33224603259157,,194.26285509741058,193.40119127729002,,,,,
AAPL,Experiment 2 — OHLCV,2024-01-26,10,190.1023406982422,186.81344604492188,190.1023406982422,190.15647175039348,190.30857054398953,192.88022641863455,,192.57010848691067,,190.93259259126776,187.36033589072952,,,,,
AAPL,Experiment 2 — OHLCV,2024-01-26,20,190.1023406982422,179.20635986328125,190.1023406982422,190.15647176278247,190.45131958617068,195.69870421720555,,195.06991100927272,,188.1515417440527,188.57819423861977,,,,,
AAPL,Experiment 2 — OHLCV,2024-05-20,1,189.23611450195312,190.53375244140625,189.23611450195312,189.192839419089,189.21486513097165,189.49932938364034,189.45787316635506,189.4715861337261,,188.76975570793036,188.7720635133494,,,,,
AAPL,Experiment 2 — OHLCV,2024-05-20,5,189.23611450195312,188.19602966308597,189.23611450195312,189.20012460252084,189.24792734146965,190.55585515073292,,190.41640634641607,,191.7164930421213,190.03168041514581,,,,,
AAPL,Experiment 2 — OHLCV,2024-05-20,10,189.23611450195312,192.514892578125,189.23611450195312,189.20013696521886,189.2883337131946,191.8847997264937,,191.60405983451545,,191.7354132728679,188.46839695068587,,,,,
AAPL,Experiment 2 — OHLCV,2024-05-20,20,189.23611450195312,212.2666015625,189.23611450195312,189.20013696097323,189.36617088632042,194.57055786091283,,194.00163569036746,,190.59414973033324,192.75370462666567,,,,,
AAPL,Experiment 2 — OHLCV,2024-09-12,1,220.92193603515625,220.65419006347656,220.92193603515625,220.93690991374808,220.94718616332443,221.2314280636168,221.18414807972417,221.20067981628625,,220.40542021632007,221.47879235520557,,,,,
AAPL,Experiment 2 — OHLCV,2024-09-12,5,220.92193603515625,226.9713287353516,220.92193603515625,220.934119773392,221.05454101718314,222.4737379643429,,222.31917637433972,,224.89571646976458,228.0899912087862,,,,,
AAPL,Experiment 2 — OHLCV,2024-09-12,10,220.92193603515625,225.6325225830078,220.92193603515625,220.93411196791445,221.1857427749044,224.03644007515314,,223.72525368372396,,230.58149230071422,230.1808324699109,,,,,
AAPL,Experiment 2 — OHLCV,2024-09-12,20,220.92193603515625,227.13992309570312,220.92193603515625,220.9341119729118,221.43848444643305,227.19485164008506,,226.5641431273783,,246.12609081401615,244.02669908835074,,,,,
AAPL,Experiment 2 — OHLCV,2025-01-06,1,243.23483276367188,240.4649353027344,243.23483276367188,243.18036159474713,243.2586299995113,243.58055610960758,243.53002687961228,243.5467654847091,,241.52442535576824,241.3425085812799,,,,,
AAPL,Experiment 2 — OHLCV,2025-01-06,5,243.23483276367188,231.5992889404297,243.23483276367188,243.18904993073167,243.42080700356743,244.96837044313443,,244.79850183488605,,238.30163578301045,237.4794781273653,,,,,
AAPL,Experiment 2 — OHLCV,2025-01-06,10,243.23483276367188,222.2173614501953,243.23483276367188,243.1890612926229,243.6190086426115,246.71426306720736,,246.37222317096908,,237.24994038809064,238.72633728127497,,,,,
AAPL,Experiment 2 — OHLCV,2025-01-06,20,243.23483276367188,230.79510498046875,243.23483276367188,243.18906128980396,244.00081613072567,250.24346599212112,,249.55008154272667,,234.31561185424596,237.73851628972227,,,,,
AAPL,Experiment 2 — OHLCV,2025-05-01,1,212.0159454345703,204.0946807861328,212.0159454345703,212.01867030980142,212.0098908926221,212.31676054509475,212.26921236278508,212.28469276016105,,210.56659250703356,212.22538405191412,,,,,
AAPL,Experiment 2 — OHLCV,2025-05-01,5,212.0159454345703,196.28271484375,212.0159454345703,212.01778415104516,212.00989089300208,213.52429510966044,,213.36309297268355,,210.35062100482847,211.11354831361783,,,,,
AAPL,Experiment 2 — OHLCV,2025-05-01,10,212.0159454345703,210.43296813964844,212.0159454345703,212.01759390491998,212.00989089346643,215.04337566981528,,214.71880027494907,,203.99143256156174,200.28534029738128,,,,,
AAPL,Experiment 2 — OHLCV,2025-05-01,20,212.0159454345703,199.8839569091797,212.0159454345703,212.0176115523545,212.00989089436095,218.11403536032827,,217.45611207220054,,194.75964994110677,197.72787819644978,,,,,
AAPL,Experiment 2 — OHLCV,2025-08-25,1,226.32395935058597,228.46604919433597,226.32395935058597,226.40205319433855,226.32395935955893,226.64046087079043,226.58844960062459,226.6047693588283,,226.12460332391453,225.90689074159087,,,,,
AAPL,Experiment 2 — OHLCV,2025-08-25,5,226.32395935058597,228.8745574951172,226.32395935058597,226.384286698777,226.32395935981626,227.91089924402866,,227.7314978496518,,220.37420947238414,221.20726712387372,,,,,
AAPL,Experiment 2 — OHLCV,2025-08-25,10,226.32395935058597,233.4875030517578,226.32395935058597,226.35877223923637,226.32395936013074,229.5089664535214,,229.14779001594778,,218.91796247475187,218.89136399791454,,,,,
AAPL,Experiment 2 — OHLCV,2025-08-25,20,226.32395935058597,253.49359130859372,226.32395935058597,226.36499892448023,226.32395936073658,232.7387954581011,,232.0068534496365,,220.0013849405718,212.0167515776051,,,,,
AAPL,Experiment 2 — OHLCV,2025-12-16,1,273.8645324707031,271.10205078125,273.8645324707031,273.71488031761896,273.8800424591629,274.24833138894377,274.18381166740045,274.2036637213558,,276.5220647546427,279.12244274029234,,,,,
AAPL,Experiment 2 — OHLCV,2025-12-16,5,273.8645324707031,271.62066650390625,273.8645324707031,273.74790026175344,273.9413108098363,275.7889132352913,,275.56439344924564,,275.39323017064225,268.1738970966354,,,,,
AAPL,Experiment 2 — OHLCV,2025-12-16,10,273.8645324707031,271.1220092773437,273.8645324707031,273.7993140694723,274.0161887963651,277.72681616462893,,277.2748053644878,,273.4619985654233,260.581659186631,,,,,
AAPL,Experiment 2 — OHLCV,2025-12-16,20,273.8645324707031,257.5090637207031,273.8645324707031,273.78663946679114,274.1604306709,281.6435692533237,,280.7275443677215,,266.798702825566,265.7455485292896,,,,,
AAPL,Experiment 2 — OHLCV,2026-04-13,1,258.73828125,258.3689270019531,258.73828125,258.7646514087309,258.7382812690692,259.0841273715854,259.02744264450365,259.04547170790255,,258.39857840278137,259.3810054825129,,,,,
AAPL,Experiment 2 — OHLCV,2026-04-13,5,258.73828125,272.5635681152344,258.73828125,258.7582444207321,258.73828126918704,260.47214084146486,,260.2778850316985,,259.9969629929619,261.79669883532466,,,,,
AAPL,Experiment 2 — OHLCV,2026-04-13,10,258.73828125,267.1332702636719,258.73828125,258.75063168297675,258.7382812693311,262.2176193903889,,261.8266501164448,,266.7577547966066,269.89623417883416,,,,,
AAPL,Experiment 2 — OHLCV,2026-04-13,20,258.73828125,292.42779541015625,258.73828125,258.7524276403409,258.73828126960854,265.74374532667986,,264.95188257419574,,271.00015321366664,267.8792458591272,,,,,
AAPL,Experiment 2 — OHLCV,2026-08-06,1,312.14080810546875,313.0599975585937,312.14080810546875,312.1315591168939,312.15282519775803,312.56619308329306,312.49901958354275,312.52096302091326,,314.926721278531,313.2297643714497,,,,,
AAPL,Experiment 2 — OHLCV,2026-08-06,5,312.14080810546875,305.260009765625,312.14080810546875,312.1330728272366,312.2002957913041,314.27353803976007,,314.0462182148209,,334.4528861033723,335.4998954372473,,,,,
AAPL,Experiment 2 — OHLCV,2026-08-06,10,312.14080810546875,311.29998779296875,312.14080810546875,312.13762532535446,312.2583111030431,316.4208400417032,,315.96325957388655,,340.03512894737923,336.66571689857767,,,,,
AAPL,Experiment 2 — OHLCV,2026-08-06,20,312.14080810546875,328.2099914550781,312.14080810546875,312.13652288334544,312.37006941419577,320.75955918864344,,319.83252047845934,,359.0900873622604,352.51039610532285,,,,,
MSFT,Experiment 1 — Univariate Close,2011-03-11,1,19.58286476135254,19.590490341186523,19.58286476135254,19.585878670197822,19.58212868186685,19.582162667644162,19.57816613794454,19.5787688994857,,19.52336579288484,19.525419335143905,,,,,
MSFT,Experiment 1 — Univariate Close,2011-03-11,5,19.58286476135254,18.911794662475582,19.58286476135254,19.588055548714788,19.579285684749596,19.579354544519443,,19.562394016942925,,19.14431763288808,19.084833709331587,,,,,
MSFT,Experiment 1 — Univariate Close,2011-03-11,10,19.58286476135254,19.537097930908203,19.58286476135254,19.58812980191964,19.57594949730639,19.575844956890624,,19.541944671413493,,18.782918186539433,18.60343919729584,,,,,
MSFT,Experiment 1 — Univariate Close,2011-03-11,20,19.58286476135254,19.88025665283203,19.58286476135254,19.588130879146775,19.56994096748707,19.56882766879469,,19.501110087542177,,17.373315722372567,17.49224014964568,,,,,
MSFT,Experiment 1 — Univariate Close,2011-07-05,1,19.979860305786133,20.210140228271484,19.979860305786133,19.982621368776492,19.979621077719273,19.978560906993547,19.976097950904997,19.976444407947355,,19.985800436171537,20.109988126847202,,,,,
MSFT,Experiment 1 — Univariate Close,2011-07-05,5,19.979860305786133,20.37133407592773,19.979860305786133,19.98457895728926,19.978697184335463,19.973364156837835,,19.962786655653737,,20.231084674554232,20.171374984577234,,,,,
MSFT,Experiment 1 — Univariate Close,2011-07-05,10,19.979860305786133,21.13890266418457,19.979860305786133,19.984642666174693,19.97761321483341,19.966870120013976,,19.945727595689863,,20.042392669481735,19.99787011610561,,,,,
MSFT,Experiment 1 — Univariate Close,2011-07-05,20,19.979860305786133,20.570898056030277,19.979860305786133,19.984643537849617,19.975661552355355,19.953888379992875,,19.91165319640662,,20.090442292051296,19.968397269434043,,,,,
MSFT,Experiment 1 — Univariate Close,2011-10-25,1,20.70846176147461,20.53853225708008,20.70846176147461,20.73016091534829,20.709537982381946,20.710380558043106,20.706663163575882,20.70731460182718,,20.55049666306249,20.546431063670035,,,,,
MSFT,Experiment 1 — Univariate Close,2011-10-25,5,20.70846176147461,20.07507705688477,20.70846176147461,20.72553334439534,20.709274329290732,20.718057522392858,,20.70272659867932,,20.75516950056575,20.89687541048085,,,,,
MSFT,Experiment 1 — Univariate Close,2011-10-25,10,20.70846176147461,20.97880744934082,20.70846176147461,20.717667267916344,20.708965450631197,20.72765772973637,,20.696993024224714,,21.397091795337673,21.590902327818316,,,,,
MSFT,Experiment 1 — Univariate Close,2011-10-25,20,20.70846176147461,19.292377471923828,20.70846176147461,20.719621339283183,20.708410673225636,20.746871491941583,,20.685530638578122,,22.597136919182617,22.927840050205447,,,,,
MSFT,Experiment 1 — Univariate Close,2012-02-17,1,24.479848861694336,24.62869071960449,24.479848861694336,24.50565314926814,24.48010109958421,24.486706767588302,24.48310205326165,24.484484510921682,,24.795004961067086,24.48690579822305,,,,,
MSFT,Experiment 1 — Univariate Close,2012-02-17,5,24.479848861694336,24.55818748474121,24.479848861694336,24.49956936016126,24.480101099584207,24.514157608623734,,24.503035887833594,,24.8706048500288,24.677961320587638,,,,,
MSFT,Experiment 1 — Univariate Close,2012-02-17,10,24.479848861694336,24.910694122314453,24.479848861694336,24.491659818292415,24.480101099584207,24.548514439596566,,24.526244876452445,,24.927089245545567,24.482836873862734,,,,,
MSFT,Experiment 1 — Univariate Close,2012-02-17,20,24.479848861694336,25.22403907775879,24.479848861694336,24.493559426641706,24.480101099584207,24.61737262332799,,24.572728824359068,,24.008016546874924,23.975530944973446,,,,,
MSFT,Experiment 1 — Univariate Close,2012-06-12,1,23.095027923583984,22.968860626220703,23.095027923583984,23.087194039705043,23.086930386228065,23.097004848541737,23.093198372184045,23.09405430974351,,23.094121842480405,23.065311090045107,,,,,
MSFT,Experiment 1 — Univariate Close,2012-06-12,5,23.095027923583984,24.20680427551269,23.095027923583984,23.08729436341084,23.086908666537507,23.104914240757303,,23.090160264809317,,23.370857120277805,23.169910696588445,,,,,
MSFT,Experiment 1 — Univariate Close,2012-06-12,10,23.095027923583984,23.670625686645508,23.095027923583984,23.08729436341368,23.086883263676533,23.114804789978642,,23.08529363197417,,23.62068267691152,23.57522732896951,,,,,
MSFT,Experiment 1 — Univariate Close,2012-06-12,20,23.095027923583984,23.10291290283203,23.095027923583984,23.08729436341368,23.086837763274158,23.13459859181264,,23.07556344325757,,24.02749978209421,24.274006738552682,,,,,
MSFT,Experiment 1 — Univariate Close,2012-10-03,1,23.70044708251953,23.83538246154785,23.70044708251953,23.702675072998897,23.695408673277218,23.70224788697847,23.697666110070795,23.69881946920073,,23.673926816970145,23.701618881112857,,,,,
MSFT,Experiment 1 — Univariate Close,2012-10-03,5,23.70044708251953,23.00197982788086,23.70044708251953,23.702407822026913,23.69540203203887,23.709452473203214,,23.692310133601982,,23.31395378094193,23.28058992097262,,,,,
MSFT,Experiment 1 — Univariate Close,2012-10-03,10,23.70044708251953,23.486143112182617,23.70044708251953,23.701036529084586,23.69539426544143,23.71846128563929,,23.684175978299987,,22.95544052974776,23.209601441390404,,,,,
MSFT,Experiment 1 — Univariate Close,2012-10-03,20,23.70044708251953,23.414709091186523,23.70044708251953,23.7013248408495,23.69538035677799,23.736489180969695,,23.667916044706534,,23.407220049019166,23.804195228222945,,,,,
MSFT,Experiment 1 — Univariate Close,2013-01-30,1,22.286714553833008,21.96660614013672,22.286714553833008,22.29451893173694,22.288279704994125,22.28661395882616,22.282552352429686,22.283512797219,,22.306666694968964,22.261613585787558,,,,,
MSFT,Experiment 1 — Univariate Close,2013-01-30,5,22.286714553833008,21.878591537475582,22.286714553833008,22.29206792692387,22.288279704994125,22.286211583339277,,22.270710369813568,,22.312858337783005,22.45717274771553,,,,,
MSFT,Experiment 1 — Univariate Close,2013-01-30,10,22.286714553833008,22.430753707885746,22.286714553833008,22.291192174134643,22.288279704994125,22.28570862419667,,22.254717678466392,,21.79316904757546,22.051423479154497,,,,,
MSFT,Experiment 1 — Univariate Close,2013-01-30,20,22.286714553833008,22.43088150024414,22.286714553833008,22.291311989590405,22.288279704994125,22.284702739963812,,22.222766740782994,,21.820557246561116,21.204822041134143,,,,,
MSFT,Experiment 1 — Univariate Close,2013-05-23,1,27.74771499633789,27.84520721435547,27.74771499633789,27.75313357185632,27.748459979940932,27.75400501825889,27.750032390998324,27.75006267388121,,27.54872482929062,27.513203966392652,,,,,
MSFT,Experiment 1 — Univariate Close,2013-05-23,5,27.74771499633789,28.35710334777832,27.74771499633789,27.751991647449234,27.749570314608043,27.77917936778228,,27.759455370544615,,27.8157455788909,27.609448932404707,,,,,
MSFT,Experiment 1 — Univariate Close,2013-05-23,10,27.74771499633789,28.98274803161621,27.74771499633789,27.751985649594904,27.750623890851614,27.810679418080607,,27.771200712237363,,29.31080464156193,28.35761961764793,,,,,
MSFT,Experiment 1 — Univariate Close,2013-05-23,20,27.74771499633789,27.032690048217773,27.74771499633789,27.75198565799425,27.751967569774674,27.87378671711632,,27.79470630648904,,28.70437811230083,28.069419721655624,,,,,
MSFT,Experiment 1 — Univariate Close,2013-09-16,1,26.83859634399414,26.944974899291992,26.83859634399414,26.837569187491283,26.83859634679854,26.843418213684657,26.841103124613415,26.84155254296649,,26.60436333847028,26.40794416468811,,,,,
MSFT,Experiment 1 — Univariate Close,2013-09-16,5,26.83859634399414,26.78950881958008,26.83859634399414,26.837877993703326,26.83859634679854,26.86271435705967,,26.85338059538796,,26.01929403002137,25.787735422162243,,,,,
MSFT,Experiment 1 — Univariate Close,2013-09-16,10,26.83859634399414,27.231353759765625,26.83859634399414,26.838030523519535,26.83859634679854,26.886854043335923,,26.868172990802673,,26.353010889911303,26.523758976512276,,,,,
MSFT,Experiment 1 — Univariate Close,2013-09-16,20,26.83859634399414,28.18869972229004,26.83859634399414,26.83800501296022,26.83859634679854,26.935198513443062,,26.897782231642026,,28.728529024997385,28.51693606778052,,,,,
MSFT,Experiment 1 — Univariate Close,2014-01-08,1,29.48253631591797,29.29290199279785,29.48253631591797,29.47605398170004,29.48253630748969,29.488890499831765,29.48658689454981,29.487016655851814,,29.513335874987725,29.521649409881,,,,,
MSFT,Experiment 1 — Univariate Close,2014-01-08,5,29.48253631591797,30.306995391845703,29.48253631591797,29.47700579801418,29.482536244209452,29.514320933208076,,29.504944825210515,,30.018920583448008,30.22902647682451,,,,,
MSFT,Experiment 1 — Univariate Close,2014-01-08,10,29.48253631591797,29.729867935180664,29.48253631591797,29.480497269137608,29.48253617019592,29.54613981694953,,29.527370366324323,,30.197210793952607,29.681759265397556,,,,,
MSFT,Experiment 1 — Univariate Close,2014-01-08,20,29.48253631591797,29.82880401611328,29.48253631591797,29.479684585479767,29.482536037619322,29.60988053159461,,29.57227259580639,,30.670509009990354,31.215333567115888,,,,,
MSFT,Experiment 1 — Univariate Close,2014-05-02,1,32.96800994873047,32.752044677734375,32.96800994873047,32.96801007993545,32.968611148059914,32.97788605833829,32.975297828314986,32.97568522009098,,32.66316288640236,32.71778505951708,,,,,
MSFT,Experiment 1 — Univariate Close,2014-05-02,5,32.96800994873047,32.84342193603516,32.96800994873047,32.968010079935425,32.96861112814343,33.01742009114438,,33.006404178467086,,33.81589147662787,32.73285903564643,,,,,
MSFT,Experiment 1 — Univariate Close,2014-05-02,10,32.96800994873047,33.317710876464844,32.96800994873047,32.968010079935425,32.96861110484761,33.06690428601633,,33.04484312175722,,33.82562766806707,33.359005572080505,,,,,
MSFT,Experiment 1 — Univariate Close,2014-05-02,20,32.96800994873047,34.120750427246094,32.96800994873047,32.968010079935425,32.968611063115475,33.166095277239215,,33.12185535735058,,36.84292399502385,35.677893609527494,,,,,
MSFT,Experiment 1 — Univariate Close,2014-08-25,1,38.020599365234375,37.88591003417969,38.020599365234375,38.0205993636348,38.02059936339917,38.03637273602769,38.03225568348282,38.03341701382299,,38.12682836548154,37.95440517188532,,,,,
MSFT,Experiment 1 — Univariate Close,2014-08-25,5,38.020599365234375,37.953250885009766,38.020599365234375,38.0205993636348,38.0205993572901,38.099531684361786,,38.08473083409031,,38.58904796626655,38.21499757553448,,,,,
MSFT,Experiment 1 — Univariate Close,2014-08-25,10,38.020599365234375,39.35892868041992,38.020599365234375,38.0205993636348,38.02059935014487,38.17862787021163,,38.148970477077285,,37.97654455244506,37.6504069436523,,,,,
MSFT,Experiment 1 — Univariate Close,2014-08-25,20,38.020599365234375,39.19059753417969,38.020599365234375,38.0205993636348,38.02059933734608,38.337313203560925,,38.277775015605485,,39.00758885122946,39.272500826784835,,,,,
MSFT,Experiment 1 — Univariate Close,2014-12-16,1,38.251930236816406,38.743194580078125,38.251930236816406,38.25193028004137,38.2519302553809,38.267699225406616,38.26334121796143,38.26449387561954,,38.28947040591032,38.51936119412294,,,,,
MSFT,Experiment 1 — Univariate Close,2014-12-16,5,38.251930236816406,41.03867721557617,38.251930236816406,38.25193028004137,38.25193025347472,38.33084021270276,,38.314789708976974,,39.10330944103072,39.356716577237684,,,,,
MSFT,Experiment 1 — Univariate Close,2014-12-16,10,38.251930236816406,39.3446044921875,38.251930236816406,38.25193028004137,38.251930251245206,38.40991297212071,,38.37775247823172,,39.59938740569504,39.883281786357266,,,,,
MSFT,Experiment 1 — Univariate Close,2014-12-16,20,38.251930236816406,38.522979736328125,38.251930236816406,38.25193028004137,38.25193024725152,38.56854818546989,,38.50398858729598,,41.79935750516489,41.75228835904606,,,,,
MSFT,Experiment 1 — Univariate Close,2015-04-13,1,35.62374496459961,35.52991485595703,35.62374496459961,35.62001317238827,35.62374496393742,35.63689818520649,35.63282647490551,35.63463521414236,,35.69291489763462,35.49998724716518,,,,,
MSFT,Experiment 1 — Univariate Close,2015-04-13,5,35.62374496459961,36.604766845703125,35.62374496459961,35.62101390533279,35.62374496334387,35.68955965070778,,35.67822951420124,,35.11313707349259,34.4088715845067,,,,,
MSFT,Experiment 1 — Univariate Close,2015-04-13,10,35.62374496459961,40.97243118286133,35.62374496459961,35.621864114500056,35.62374496264963,35.755495929110964,,35.732797394911046,,33.82546731894823,33.11992965158597,,,,,
MSFT,Experiment 1 — Univariate Close,2015-04-13,20,35.62374496459961,40.40942001342773,35.62374496459961,35.62168182827321,35.62374496140606,35.887734161781985,,35.84218365965143,,34.271411192531374,34.07638578092659,,,,,
MSFT,Experiment 1 — Univariate Close,2015-08-04,1,40.81798553466797,40.852333068847656,40.81798553466797,40.8216293021697,40.81798552528044,40.831839012519424,40.82718444735291,40.828677816114684,,40.79866546877483,41.02152771534692,,,,,
MSFT,Experiment 1 — Univariate Close,2015-08-04,5,40.81798553466797,39.84778594970703,40.81798553466797,40.82056991685048,40.81798552509567,40.88729995809259,,40.87147495769711,,39.631337463682996,40.892814748525545,,,,,
MSFT,Experiment 1 — Univariate Close,2015-08-04,10,40.81798553466797,40.85380935668945,40.81798553466797,40.82053155646534,40.81798552487955,40.95673208672074,,40.925034475277435,,42.23573248700788,42.72206974797788,,,,,
MSFT,Experiment 1 — Univariate Close,2015-08-04,20,40.81798553466797,36.14356994628906,40.81798553466797,40.820532117385454,40.81798552449242,41.09595025944401,,41.03236416163013,,41.86179180705878,42.68627009822131,,,,,
MSFT,Experiment 1 — Univariate Close,2015-11-24,1,47.202415466308594,46.71516418457031,47.202415466308594,47.20362304587804,47.20241546553069,47.22195908231259,47.21461827411112,47.217093429275906,,46.91037360154782,47.0499716888406,,,,,
MSFT,Experiment 1 — Univariate Close,2015-11-24,5,47.202415466308594,48.03770065307617,47.202415466308594,47.20368068140191,47.20241546553069,47.30021449792792,,47.27585093762239,,46.791780954271154,46.69779496787306,,,,,
MSFT,Experiment 1 — Univariate Close,2015-11-24,10,47.202415466308594,47.83757019042969,47.202415466308594,47.203680681650084,47.20241546553069,47.39821616007985,,47.34940065665833,,48.15151553947345,48.00592068188671,,,,,
MSFT,Experiment 1 — Univariate Close,2015-11-24,20,47.202415466308594,48.56844711303711,47.202415466308594,47.203680681650084,47.20241546553069,47.594829056178106,,47.49684354913982,,46.5140077355327,46.8264674453304,,,,,
MSFT,Experiment 1 — Univariate Close,2016-03-21,1,47.19955062866211,47.383567810058594,47.19955062866211,47.206223182095464,47.19955062382584,47.2194767732554,47.21123965435615,47.213907124641146,,47.261714217921444,46.913756999179576,,,,,
MSFT,Experiment 1 — Univariate Close,2016-03-21,5,47.19955062866211,47.94443893432617,47.19955062866211,47.20576149724663,47.19955062380799,47.29926550897557,,47.27137678941332,,47.58098977268327,47.58254164408597,,,,,
MSFT,Experiment 1 — Univariate Close,2016-03-21,10,47.19955062866211,47.81298065185547,47.19955062866211,47.20576148315165,47.199550623787104,47.39919104928948,,47.34331225199684,,49.157478768198715,48.99895064781479,,,,,
MSFT,Experiment 1 — Univariate Close,2016-03-21,20,47.19955062866211,49.41668319702149,47.19955062866211,47.20576148315169,47.1995506237497,47.59967589103986,,47.48751174823649,,51.55871250686741,51.517142534498554,,,,,
MSFT,Experiment 1 — Univariate Close,2016-07-13,1,47.22081756591797,47.42377853393555,47.22081756591797,47.22031123012948,47.2208175619717,47.24257986978227,47.23499392442999,47.23755593636906,,47.27518440659137,47.33203869163585,,,,,
MSFT,Experiment 1 — Univariate Close,2016-07-13,5,47.22081756591797,49.33873748779297,47.22081756591797,47.220465914818114,47.2208175619661,47.32972942576888,,47.30456877173622,,46.20203519304302,46.83697716921586,,,,,
MSFT,Experiment 1 — Univariate Close,2016-07-13,10,47.22081756591797,49.58582305908203,47.22081756591797,47.22047437580373,47.22081756195955,47.43889248400703,,47.388468519338325,,45.9355157469049,46.66275935165351,,,,,
MSFT,Experiment 1 — Univariate Close,2016-07-13,20,47.22081756591797,51.20074462890625,47.22081756591797,47.220474177123705,47.220817561947825,47.65797451447471,,47.55671469418074,,47.06998919015518,46.431593110245785,,,,,
MSFT,Experiment 1 — Univariate Close,2016-11-02,1,52.77189254760742,52.57654571533203,52.77189254760742,52.77005047514279,52.77189255250329,52.79581054174574,52.78736689649368,52.78972425200295,,52.481787014393966,52.50462759505659,,,,,
MSFT,Experiment 1 — Univariate Close,2016-11-02,5,52.77189254760742,53.428993225097656,52.77189254760742,52.770619468375344,52.77189255250329,52.891590971825345,,52.8611113435542,,52.723351098377755,52.744575303761074,,,,,
MSFT,Experiment 1 — Univariate Close,2016-11-02,10,52.77189254760742,53.3250846862793,52.77189254760742,52.77085296163337,52.77189255250329,53.011560898770746,,52.95048097725126,,54.49030904099665,53.483628992113005,,,,,
MSFT,Experiment 1 — Univariate Close,2016-11-02,20,52.77189254760742,52.922794342041016,52.77189254760742,52.770817991090915,52.77189255250329,53.252317725555784,,53.1296737783827,,53.45333928044967,52.115819368966704,,,,,
MSFT,Experiment 1 — Univariate Close,2017-02-28,1,57.54269409179688,58.40611267089844,57.54269409179688,57.54269373920987,57.542694095147404,57.56935345050267,57.55806863272655,57.56226905825564,,57.94894418424189,58.16988877575402,,,,,
MSFT,Experiment 1 — Univariate Close,2017-02-28,5,57.54269409179688,57.920440673828125,57.54269409179688,57.54269373920961,57.542694095147404,57.67611445457631,,57.640635537183904,,57.936531480826936,58.16948530181738,,,,,
MSFT,Experiment 1 — Univariate Close,2017-02-28,10,57.54269409179688,57.92943572998047,57.54269409179688,57.54269373920961,57.542694095147404,57.809844170149965,,57.73874368534486,,59.56656925277105,59.60907659100793,,,,,
MSFT,Experiment 1 — Univariate Close,2017-02-28,20,57.54269409179688,58.72088623046875,57.54269409179688,57.54269373920961,57.542694095147404,58.07823453044483,,57.93546122542779,,60.433634689371395,59.92030630745063,,,,,
MSFT,Experiment 1 — Univariate Close,2017-06-21,1,63.56207656860352,63.55303192138672,63.56207656860352,63.5620769682939,63.56207656375167,63.595171275899745,63.58414368663566,63.5880031550523,,63.790984410554465,63.975808491932554,,,,,
MSFT,Experiment 1 — Univariate Close,2017-06-21,5,63.56207656860352,63.13693237304688,63.56207656860352,63.56207696829413,63.5620765637515,63.727722508210014,,63.691815296969615,,63.93843381950866,64.08481047109875,,,,,
MSFT,Experiment 1 — Univariate Close,2017-06-21,10,63.56207656860352,62.024375915527344,63.56207656860352,63.56207696829413,63.562076563751305,63.89380012939126,,63.821818839491364,,64.85553616851605,65.01522478551877,,,,,
MSFT,Experiment 1 — Univariate Close,2017-06-21,20,63.56207656860352,67.13504028320312,63.56207656860352,63.56207696829413,63.562076563750956,64.22725491934457,,64.08262253019002,,65.73992009275254,65.64976422744078,,,,,
MSFT,Experiment 1 — Univariate Close,2017-10-12,1,70.12984466552734,70.4663314819336,70.12984466552734,70.1298452053645,70.1440984724858,70.17058381346885,70.1573368151974,70.16235959121646,,69.97496305500009,69.9423856009835,,,,,
MSFT,Experiment 1 — Univariate Close,2017-10-12,5,70.12984466552734,70.84825134277344,70.12984466552734,70.12984520536475,70.20745772889506,70.33377720065161,,70.292570115735,,70.0622196068715,69.91771643532677,,,,,
MSFT,Experiment 1 — Univariate Close,2017-10-12,10,70.12984466552734,71.62122344970703,70.12984466552734,70.12984520536475,70.28489107736526,70.53830275689377,,70.45567314516404,,69.59181338098786,70.00673836057665,,,,,
MSFT,Experiment 1 — Univariate Close,2017-10-12,20,70.12984466552734,76.46809387207031,70.12984466552734,70.12984520536475,70.43405549607674,70.94913983559717,,70.78301544817577,,69.51234875505273,71.09761655788648,,,,,
MSFT,Experiment 1 — Univariate Close,2018-02-06,1,83.4689712524414,81.89700317382812,83.4689712524414,83.46897177950278,83.44229031645435,83.52252682932982,83.5059429232186,83.51177149117191,,84.13519374328096,83.96477918468683,,,,,
MSFT,Experiment 1 — Univariate Close,2018-02-06,5,83.4689712524414,82.09807586669922,83.4689712524414,83.46897177950285,83.60954920271271,83.73709298210701,,83.68319202469526,,85.09634088263141,85.60102642527406,,,,,
MSFT,Experiment 1 — Univariate Close,2018-02-06,10,83.4689712524414,84.00796508789062,83.4689712524414,83.46897177950285,83.81396157050821,84.00607598106635,,83.8979625885492,,84.50670994754265,85.56148112694692,,,,,
MSFT,Experiment 1 — Univariate Close,2018-02-06,20,83.4689712524414,86.18415832519531,83.4689712524414,83.46897177950285,84.20773315112623,84.5466368621415,,84.32915873877768,,87.79329654569537,88.69891735472574,,,,,
MSFT,Experiment 1 — Univariate Close,2018-05-31,1,91.15025329589844,92.94854736328124,91.15025329589844,91.1468267850864,91.199341601878,91.21273658829817,91.19173394229573,91.19875809020161,,91.53629251987672,91.81532711925017,,,,,
MSFT,Experiment 1 — Univariate Close,2018-05-31,5,91.15025329589844,93.03154754638672,91.15025329589844,91.14449595757388,91.36731559476692,91.46309837316686,,91.39303551874058,,92.08312982490267,92.49480567686219,,,,,
MSFT,Experiment 1 — Univariate Close,2018-05-31,10,91.15025329589844,93.52954864501952,91.15025329589844,91.14442768964804,91.57260191696237,91.7770171944879,,91.6364644014174,,91.44428551762526,92.1576203779032,,,,,
MSFT,Experiment 1 — Univariate Close,2018-05-31,20,91.15025329589844,90.9565887451172,91.15025329589844,91.14442687053294,91.96805704740261,92.40809082311507,,92.12526904047664,,92.34166795261822,93.10079565955324,,,,,
MSFT,Experiment 1 — Univariate Close,2018-09-21,1,105.77606964111328,106.1556625366211,105.77606964111328,105.76185821014855,105.78423448939068,105.85614705283675,105.83194890793423,105.84005710507631,,106.05648066439457,105.91854388146946,,,,,
MSFT,Experiment 1 — Univariate Close,2018-09-21,5,105.77606964111328,105.87792205810548,105.77606964111328,105.75884737863451,106.05384637634408,106.1770633821501,,106.09639427661746,,106.08252482738646,108.10750855723914,,,,,
MSFT,Experiment 1 — Univariate Close,2018-09-21,10,105.77606964111328,103.80425262451172,105.77606964111328,105.75884455465236,106.38334757912516,106.57957727780126,,106.41768896019072,,106.7408847771394,107.88619835041716,,,,,
MSFT,Experiment 1 — Univariate Close,2018-09-21,20,105.77606964111328,100.59188842773438,105.77606964111328,105.75884455418908,107.01808514825528,107.38918860622599,,107.06320023093558,,108.32357438583927,109.16632331126105,,,,,
MSFT,Experiment 1 — Univariate Close,2019-01-17,1,98.66487884521484,100.14319610595705,98.66487884521484,98.62764326193067,98.58780023777287,98.73840639540413,98.71293822985325,98.72092594922955,,99.27729592900474,99.43831278435673,,,,,
MSFT,Experiment 1 — Univariate Close,2019-01-17,5,98.66487884521484,99.64112091064452,98.66487884521484,98.60333493994116,98.64635017570656,99.03306495046044,,98.94543292472225,,96.64439033406798,96.42363108936993,,,,,
MSFT,Experiment 1 — Univariate Close,2019-01-17,10,98.66487884521484,95.55953979492188,98.66487884521484,98.60269422743325,98.71790590416464,99.40262500973793,,99.22678476116658,,96.73813494984852,97.38502299391416,,,,,
MSFT,Experiment 1 — Univariate Close,2019-01-17,20,98.66487884521484,100.61737060546876,98.66487884521484,98.6026874856285,98.85574791735145,100.14588751816817,,99.7918907850197,,97.11191077197684,96.64683524426415,,,,,
MSFT,Experiment 1 — Univariate Close,2019-05-13,1,115.17424774169922,116.4627914428711,115.17424774169922,115.27041095378011,115.65915278278224,115.26815207486693,115.2395990164736,115.24815794572778,,115.50817223219445,114.81246574163629,,,,,
MSFT,Experiment 1 — Univariate Close,2019-05-13,5,115.17424774169922,118.2902603149414,115.17424774169922,115.31688322648046,115.82814018473239,115.64453565662903,,115.54427336663039,,114.06213314870536,114.77621332558027,,,,,
MSFT,Experiment 1 — Univariate Close,2019-05-13,10,115.17424774169922,118.23404693603516,115.17424774169922,115.3174270882943,116.03466502615025,116.116743885581,,115.91548778997604,,117.97969667715087,117.63162252140214,,,,,
MSFT,Experiment 1 — Univariate Close,2019-05-13,20,115.17424774169922,123.8008804321289,115.17424774169922,115.31742916862599,116.43250598909708,117.06695268223584,,116.66149832141157,,122.23905202863409,111.72783500962814,,,,,
MSFT,Experiment 1 — Univariate Close,2019-09-04,1,129.41297912597656,131.68846130371094,129.41297912597656,129.38116647685257,129.31140034551058,129.52590286196477,129.4929672210253,129.50145001965643,,129.9606560710428,129.91343146271237,,,,,
MSFT,Experiment 1 — Univariate Close,2019-09-04,5,129.41297912597656,127.99308013916016,129.41297912597656,129.36619239891832,129.51092413272642,129.97858402090813,,129.85593882360166,,132.21116708385182,131.86208057847566,,,,,
MSFT,Experiment 1 — Univariate Close,2019-09-04,10,129.41297912597656,130.24981689453125,129.41297912597656,129.36602931181721,129.75476845507418,130.5466609159384,,130.30041470063202,,131.8125163904121,130.64185619924115,,,,,
MSFT,Experiment 1 — Univariate Close,2019-09-04,20,129.41297912597656,126.61085510253906,129.41297912597656,129.36602874125046,130.2245001316412,131.69027396943787,,131.19393576921922,,136.08383167223326,134.13621946186393,,,,,
MSFT,Experiment 1 — Univariate Close,2019-12-26,1,149.7044677734375,149.97801208496094,149.7044677734375,149.661487330096,149.67069297530537,149.84515216452286,149.8075905171924,149.8162635523817,,150.6954006655609,150.15228775202993,,,,,
MSFT,Experiment 1 — Univariate Close,2019-12-26,5,149.7044677734375,149.65728759765625,149.7044677734375,149.63837359961593,150.05145278551888,150.40921304983817,,150.26428215645728,,153.3133752319659,153.88142906409183,,,,,
MSFT,Experiment 1 — Univariate Close,2019-12-26,10,149.7044677734375,152.22360229492188,149.7044677734375,149.63800965585926,150.51679137594138,151.11727596873803,,150.82618994489175,,152.4337074513312,153.1457632745363,,,,,
MSFT,Experiment 1 — Univariate Close,2019-12-26,20,149.7044677734375,153.11048889160156,149.7044677734375,149.6380076403413,151.4132005034779,152.54341727978584,,151.95631708012993,,149.85030959093848,154.43821661650608,,,,,
MSFT,Experiment 1 — Univariate Close,2020-04-21,1,158.7699432373047,164.16253662109375,158.7699432373047,159.57578316729817,161.07282222054167,158.92563159516644,158.88114995954274,158.88914460737067,,157.5246295604855,159.71084461438755,,,,,
MSFT,Experiment 1 — Univariate Close,2020-04-21,5,158.7699432373047,160.65261840820312,158.7699432373047,159.41634836300778,161.33948198976134,159.54991319021573,,159.36684570037818,,163.50453344839556,169.09182013991503,,,,,
MSFT,Experiment 1 — Univariate Close,2020-04-21,10,158.7699432373047,171.01206970214844,158.7699432373047,159.41575077026118,161.66537531621694,160.33371480745217,,159.96599224405753,,154.12789853131812,156.02127651304835,,,,,
MSFT,Experiment 1 — Univariate Close,2020-04-21,20,158.7699432373047,173.72735595703125,158.7699432373047,159.4157513210981,162.29316282073657,161.91288842079334,,161.1710513518244,,144.15943780469638,148.1097652545086,,,,,
MSFT,Experiment 1 — Univariate Close,2020-08-12,1,198.4601287841797,197.9952545166016,198.4601287841797,197.66465527895366,197.5720234995164,198.6596847220712,198.60602796787023,198.61624945791286,,198.46412539678653,197.53855808506495,,,,,
MSFT,Experiment 1 — Univariate Close,2020-08-12,5,198.4601287841797,199.42491149902344,198.4601287841797,197.8042634443786,198.1669271634387,199.45991707028506,,199.24196125847251,,199.13225560879565,196.86309722305734,,,,,
MSFT,Experiment 1 — Univariate Close,2020-08-12,10,198.4601287841797,210.3138427734375,198.4601287841797,197.80455616505012,198.89397772124713,200.46474201853084,,200.0268737570584,,200.65500103624538,199.94009090038833,,,,,
MSFT,Experiment 1 — Univariate Close,2020-08-12,20,198.4601287841797,195.3070831298828,198.4601287841797,197.80455603424753,200.29453802209878,202.48960352261736,,201.60598740985833,,195.11920880998386,187.80062205616838,,,,,
MSFT,Experiment 1 — Univariate Close,2020-12-03,1,204.2758331298828,204.39024353027344,204.2758331298828,204.4015378261346,204.66424072511887,204.48417702781325,204.4291740870602,204.44020501812176,,205.5814642351404,205.63855198021272,,,,,
MSFT,Experiment 1 — Univariate Close,2020-12-03,5,204.2758331298828,200.7289123535156,204.2758331298828,204.3763836435602,204.95060489791462,205.319679717652,,205.0990162649419,,203.3127017224995,207.42599667667253,,,,,
MSFT,Experiment 1 — Univariate Close,2020-12-03,10,204.2758331298828,209.21490478515625,204.2758331298828,204.3762827617379,205.3005795983473,206.36886034656592,,205.92551663270282,,211.58527019195873,214.92306017054395,,,,,
MSFT,Experiment 1 — Univariate Close,2020-12-03,20,204.2758331298828,207.5653533935547,204.2758331298828,204.37628286282566,205.97475647155673,208.4833328946065,,207.58852259084108,,215.4062167726151,214.98476228402515,,,,,
MSFT,Experiment 1 — Univariate Close,2021-03-30,1,221.57595825195312,225.3222198486328,221.57595825195312,221.98220652959964,222.48654761400763,221.80263384279837,221.74057007758543,221.75315324567393,,223.12799590303575,222.0796548424368,,,,,
MSFT,Experiment 1 — Univariate Close,2021-03-30,5,221.57595825195312,238.8261260986328,221.57595825195312,221.9041548013883,222.76501723183702,222.71165750561872,,222.46335138817892,,223.56770923411523,222.6584676646415,,,,,
MSFT,Experiment 1 — Univariate Close,2021-03-30,10,221.57595825195312,244.2639617919922,221.57595825195312,221.9039010371135,223.1053437472945,223.8531778456736,,223.35429845951768,,232.5664950662374,234.52917260822923,,,,,
MSFT,Experiment 1 — Univariate Close,2021-03-30,20,221.57595825195312,243.2795867919922,221.57595825195312,221.9039012330297,223.76093475366645,226.15380128301925,,225.14691139738565,,243.47535511026285,242.6401331433856,,,,,
MSFT,Experiment 1 — Univariate Close,2021-07-22,1,274.0917053222656,277.4729919433594,274.0917053222656,273.51927543705864,273.201553953002,274.38861123181636,274.31058707983357,274.32804554195667,,272.8172691249849,272.89037412491064,,,,,
MSFT,Experiment 1 — Univariate Close,2021-07-22,5,274.0917053222656,274.4364624023437,274.0917053222656,273.62863304933126,273.99485388862166,275.57945454649064,,275.27544606229014,,278.0076143480454,281.06575176969966,,,,,
MSFT,Experiment 1 — Univariate Close,2021-07-22,10,274.0917053222656,277.3293151855469,274.0917053222656,273.6289814575206,274.96437079645005,277.07527916194863,,276.4642991136775,,281.7516056208101,284.7936985065059,,,,,
MSFT,Experiment 1 — Univariate Close,2021-07-22,20,274.0917053222656,284.8182067871094,274.0917053222656,273.62898119535976,276.8320083046337,280.0913301349558,,278.85743056160993,,288.40523006989247,281.526755193398,,,,,
MSFT,Experiment 1 — Univariate Close,2021-11-11,1,319.04217529296875,323.1593933105469,319.04217529296875,318.7696684495722,319.290518200126,319.39198062885754,319.29769191762546,319.3194000681401,,317.55119569309096,317.137992410567,,,,,
MSFT,Experiment 1 — Univariate Close,2021-11-11,5,319.04217529296875,328.1253356933594,319.04217529296875,318.8239564001097,320.4381004802639,320.79504152776263,,320.43071014741054,,316.15085001708053,318.57332947325773,,,,,
MSFT,Experiment 1 — Univariate Close,2021-11-11,10,319.04217529296875,316.98175048828125,319.04217529296875,318.8241698837638,321.84059703139354,322.5575382762473,,321.82528818106596,,311.0860820644715,308.31872618550585,,,,,
MSFT,Experiment 1 — Univariate Close,2021-11-11,20,319.04217529296875,329.3464660644531,319.04217529296875,318.82416967504565,324.54230872186315,326.11163525102035,,324.6326791049457,,310.49320255277416,322.6869476016254,,,,,
MSFT,Experiment 1 — Univariate Close,2022-03-08,1,265.7735900878906,277.96148681640625,265.7735900878906,265.96792575882733,266.550226943414,266.0573222391721,265.97657563319893,265.99459264117786,,263.2273463429109,266.84148058411796,,,,,
MSFT,Experiment 1 — Univariate Close,2022-03-08,5,265.7735900878906,276.66070556640625,265.7735900878906,265.9268433702211,266.39781173819375,267.19528312162777,,266.8804421175822,,272.57205281532845,274.2279749063428,,,,,
MSFT,Experiment 1 — Univariate Close,2022-03-08,10,265.7735900878906,292.9530029296875,265.7735900878906,265.92662428889344,266.2115403018351,268.62458116638766,,267.99190379044865,,262.837814959897,262.98350606449554,,,,,
MSFT,Experiment 1 — Univariate Close,2022-03-08,20,265.7735900878906,299.5238342285156,265.7735900878906,265.92662460154065,265.852714665647,271.5061552314298,,270.2287329357237,,256.1936899568709,261.18101235926963,,,,,
MSFT,Experiment 1 — Univariate Close,2022-06-30,1,248.02464294433597,250.6803436279297,248.02464294433597,248.49569630498527,248.43615022191315,248.29028985536576,248.21024462251097,248.2277531606541,,250.62738058474147,247.61671345295798,,,,,
MSFT,Experiment 1 — Univariate Close,2022-06-30,5,248.02464294433597,258.4833374023437,248.02464294433597,248.4070597950193,248.22172407680176,249.3557257609793,,249.04185868136145,,253.78829630394262,253.97904436218602,,,,,
MSFT,Experiment 1 — Univariate Close,2022-06-30,10,248.02464294433597,247.9183807373047,248.02464294433597,248.40680037471054,247.95966711217648,250.6939521478894,,250.06324629358198,,250.0353302241703,245.61465856395347,,,,,
MSFT,Experiment 1 — Univariate Close,2022-06-30,20,248.02464294433597,271.1148376464844,248.02464294433597,248.4068005504389,247.4548513503645,253.39198918888508,,252.11860565370753,,249.342988675329,241.48999758902585,,,,,
MSFT,Experiment 1 — Univariate Close,2022-10-21,1,234.3152618408203,239.27989196777344,234.3152618408203,233.62908997868263,233.49254259804368,234.56002291346095,234.48453067275813,234.5030373123711,,235.3285941935577,234.92339382063088,,,,,
MSFT,Experiment 1 — Univariate Close,2022-10-21,5,234.3152618408203,228.2667388916016,234.3152618408203,233.7635359426436,233.29867429527607,235.54162660171647,,235.25564519929787,,230.65539935935385,230.90286652114457,,,,,
MSFT,Experiment 1 — Univariate Close,2022-10-21,10,234.3152618408203,214.2535095214844,234.3152618408203,233.7640238036003,233.06174171910192,236.7744099395118,,236.19980262205942,,234.50270768980994,235.68139165648893,,,,,
MSFT,Experiment 1 — Univariate Close,2022-10-21,20,234.3152618408203,234.1021728515625,234.3152618408203,233.76402337208484,232.60532454617748,239.2593668964218,,238.09950030741243,,232.43124586140084,233.51684228827622,,,,,
MSFT,Experiment 1 — Univariate Close,2023-02-15,1,262.0276794433594,255.05181884765625,262.0276794433594,262.2584356764132,262.2665494220153,262.30046321227604,262.2158969249161,262.2365444922664,,262.35854644882426,263.9503385179387,,,,,
MSFT,Experiment 1 — Univariate Close,2023-02-15,5,262.0276794433594,247.8716278076172,262.0276794433594,262.235313551094,262.3150828408892,263.3944410597667,,263.07367090103065,,253.2831082494249,251.15314990483014,,,,,
MSFT,Experiment 1 — Univariate Close,2023-02-15,10,262.0276794433594,244.3107147216797,262.0276794433594,262.2353099986191,262.37439706503085,264.76833183642174,,264.1238378646326,,241.27169431889297,243.1343034583294,,,,,
MSFT,Experiment 1 — Univariate Close,2023-02-15,20,262.0276794433594,268.7213439941406,262.0276794433594,262.23530999868007,262.4886575476293,267.5376498099891,,266.236765049177,,226.5309958913881,226.41707262238143,,,,,
MSFT,Experiment 1 — Univariate Close,2023-06-09,1,318.6365966796875,323.5702514648437,318.6365966796875,318.47788918582023,318.5730416417373,318.9700376427043,318.8690074814608,318.89466794468376,,317.73861055927705,316.3717457030514,,,,,
MSFT,Experiment 1 — Univariate Close,2023-06-09,5,318.6365966796875,333.7888488769531,318.6365966796875,318.48925653958025,318.8933670302853,320.3072944797732,,319.92904487804094,,319.79914725998015,320.202727516059,,,,,
MSFT,Experiment 1 — Univariate Close,2023-06-09,10,318.6365966796875,320.40142822265625,318.6365966796875,318.4892569427943,319.2848468051592,321.98675219999467,,321.2267354822034,,333.9604584505041,333.5140431089258,,,,,
MSFT,Experiment 1 — Univariate Close,2023-06-09,20,318.6365966796875,324.1748962402344,318.6365966796875,318.4892569427932,320.03897734723256,325.372131364187,,323.8379290508266,,340.8107152192615,343.53863757671684,,,,,
MSFT,Experiment 1 — Univariate Close,2023-10-03,1,306.2178955078125,311.6604309082031,306.2178955078125,307.01924980989577,306.99396767935565,306.53269481435655,306.4378937584483,306.462657302455,,304.4138005008389,305.4254328648853,,,,,
MSFT,Experiment 1 — Univariate Close,2023-10-03,5,306.2178955078125,320.8746337890625,306.2178955078125,306.98719141547565,307.07599155245566,307.7951315811658,,307.4436624410667,,302.75422005203166,305.06832107150353,,,,,
MSFT,Experiment 1 — Univariate Close,2023-10-03,10,306.2178955078125,324.46063232421875,306.2178955078125,306.98719131930324,307.1762355185086,309.38049152209044,,308.6743360260767,,301.4953764325023,304.67260144548663,,,,,
MSFT,Experiment 1 — Univariate Close,2023-10-03,20,306.2178955078125,330.37213134765625,306.2178955078125,306.98719131930324,307.3693413730407,312.5757505965496,,311.1504817937997,,305.285070768233,308.2252597477675,,,,,
MSFT,Experiment 1 — Univariate Close,2024-01-26,1,395.4869079589844,401.1558837890625,395.4869079589844,395.5746174488059,395.7884676840911,395.91564229457913,395.79878823557044,395.82702089799807,,394.3576884743917,396.1008157034202,,,,,
MSFT,Experiment 1 — Univariate Close,2024-01-26,5,395.4869079589844,402.6245422363281,395.4869079589844,395.56884943122265,396.6113718362528,397.6352324459538,,397.19040009190445,,402.8309938828565,399.2997033841889,,,,,
MSFT,Experiment 1 — Univariate Close,2024-01-26,10,395.4869079589844,411.7594909667969,395.4869079589844,395.5688492896498,397.61706899217114,399.79522684666364,,398.9012297254813,,416.3784906664034,415.58985426002744,,,,,
MSFT,Experiment 1 — Univariate Close,2024-01-26,20,395.4869079589844,399.7593078613281,395.4869079589844,395.56884928965013,399.55440264267327,404.1504793022168,,402.34502805084924,,426.6251075876562,423.18561910706893,,,,,
MSFT,Experiment 1 — Univariate Close,2024-05-20,1,417.9720764160156,421.6080017089844,417.9720764160156,417.4464196732402,417.59804004292164,418.4232322860301,418.3012229329318,418.32811154638944,,417.590898599083,418.1443781943609,,,,,
MSFT,Experiment 1 — Univariate Close,2024-05-20,5,417.9720764160156,422.8657836914063,417.9720764160156,417.4650911912556,418.1996632445757,420.2327307673242,,419.7552874150816,,423.4347084506563,420.83338716785664,,,,,
MSFT,Experiment 1 — Univariate Close,2024-05-20,10,417.9720764160156,408.8626098632813,417.9720764160156,417.4650912256925,418.93492596168375,422.505612150974,,421.54610619860654,,427.8450759466293,428.9330898162573,,,,,
MSFT,Experiment 1 — Univariate Close,2024-05-20,20,417.9720764160156,438.6082763671875,417.9720764160156,417.4650912256925,420.3513058285558,427.0883208987239,,425.1506970870885,,446.5869752326389,448.81595032600006,,,,,
MSFT,Experiment 1 — Univariate Close,2024-09-12,1,420.3595886230469,423.8937683105469,420.3595886230469,419.8950877760214,420.0123438731954,420.8158403983178,420.69583313311426,420.72244748163916,,423.16771873768886,422.0850919108,,,,,
MSFT,Experiment 1 — Univariate Close,2024-09-12,5,420.3595886230469,431.8677978515625,420.3595886230469,419.9102765501782,420.2990068324547,422.6458049632142,,422.17701785713643,,428.1646742757024,426.2598554048183,,,,,
MSFT,Experiment 1 — Univariate Close,2024-09-12,10,420.3595886230469,424.6025695800781,420.3595886230469,419.9102765700571,420.64934668926185,424.94445538433393,,424.00230476620317,,428.7619758377185,438.9551259277252,,,,,
MSFT,Experiment 1 — Univariate Close,2024-09-12,20,420.3595886230469,409.3731384277344,420.3595886230469,419.9102765700571,421.324226984697,429.57932933895654,,427.6765876471209,,463.3496602647724,460.52724804250863,,,,,
MSFT,Experiment 1 — Univariate Close,2025-01-06,1,422.0393981933594,416.6338806152344,422.0393981933594,421.55173837623454,421.65349901871116,422.49409334309473,422.3814897131784,422.40780516082674,,423.31971923829906,421.92569193926886,,,,,
MSFT,Experiment 1 — Univariate Close,2025-01-06,5,422.0393981933594,410.02490234375,422.0393981933594,421.56420346224036,421.8082451933139,424.31777799945587,,423.884651740182,,427.1271166707472,431.35138033861637,,,,,
MSFT,Experiment 1 — Univariate Close,2025-01-06,10,422.0393981933594,440.1402587890625,422.0393981933594,421.5642034681559,421.997365380979,426.6084576395561,,425.7379731609203,,435.65722576049166,442.49500250188146,,,,,
MSFT,Experiment 1 — Univariate Close,2025-01-06,20,422.0393981933594,407.67718505859375,422.0393981933594,421.5642034681559,422.3616787345534,431.2269823828608,,429.4689608767915,,435.2701155026583,432.86294472718674,,,,,
MSFT,Experiment 1 — Univariate Close,2025-05-01,1,420.464111328125,430.2294616699219,420.464111328125,417.374757472164,417.99381970790273,420.9021010207688,420.79248492658536,420.82025010699016,,419.01239354842306,417.5500686777191,,,,,
MSFT,Experiment 1 — Univariate Close,2025-05-01,5,420.464111328125,433.08599853515625,420.464111328125,417.50732529630045,418.08240074691344,422.6586270041153,,422.24782432212453,,413.098474780234,401.69849145660345,,,,,
MSFT,Experiment 1 — Univariate Close,2025-05-01,10,420.464111328125,448.6946105957031,420.464111328125,417.50732584004896,418.190658432535,424.8645964496961,,424.03910426883,,419.4086624046048,412.91389287900284,,,,,
MSFT,Experiment 1 — Univariate Close,2025-05-01,20,420.464111328125,455.8538208007813,420.464111328125,417.50732584004896,418.3992015869486,429.31113608289706,,427.6444935600956,,408.37906429356826,387.7287264790048,,,,,
MSFT,Experiment 1 — Univariate Close,2025-08-25,1,500.14495849609375,497.9430541992188,500.14495849609375,500.42691952232775,500.49954219604695,500.67984563869464,500.5485869005677,500.5777902550507,,499.69082938381206,500.2969473251956,,,,,
MSFT,Experiment 1 — Univariate Close,2025-08-25,5,500.14495849609375,500.9979248046875,500.14495849609375,500.4084823578283,500.9777027207191,502.82512075681956,,502.3128663145929,,494.85798055485475,495.63245172709253,,,,,
MSFT,Experiment 1 — Univariate Close,2025-08-25,10,500.14495849609375,494.3426818847656,500.14495849609375,500.4084819165132,501.5620778006989,505.5196453931362,,504.490171057383,,501.05401893831834,505.97765934345944,,,,,
MSFT,Experiment 1 — Univariate Close,2025-08-25,20,500.14495849609375,505.0744323730469,500.14495849609375,500.4084819165141,502.68779392736525,510.9520900637011,,508.8731344184795,,507.4920542152839,511.79678606798944,,,,,
MSFT,Experiment 1 — Univariate Close,2025-12-16,1,473.38677978515625,473.1184387207031,473.38677978515625,473.24742994966215,473.31823064914835,473.884158712343,473.764424522838,473.7896036825813,,470.4122604577809,467.98301766782936,,,,,
MSFT,Experiment 1 — Univariate Close,2025-12-16,5,473.38677978515625,483.7807922363281,473.38677978515625,473.2558761966308,473.3945261517382,475.8789057851276,,475.4043299813265,,475.44411984679505,478.5697228642267,,,,,
MSFT,Experiment 1 — Univariate Close,2025-12-16,10,473.38677978515625,480.5711669921875,473.38677978515625,473.255876343122,473.48776929525917,478.38415148396865,,477.4304788730409,,470.5697767820915,473.05561661550723,,,,,
MSFT,Experiment 1 — Univariate Close,2025-12-16,20,473.38677978515625,453.7811279296875,473.38677978515625,473.255876343122,473.66738905311433,483.4342786144124,,481.50871948809026,,472.8554541881577,479.71765531474273,,,,,
MSFT,Experiment 1 — Univariate Close,2026-04-13,1,382.8186340332031,391.5233459472656,382.8186340332031,381.56754087799396,382.01394151102556,383.208533778582,383.1126921029145,383.13602458727036,,380.9103212883806,378.4166965239626,,,,,
MSFT,Experiment 1 — Univariate Close,2026-04-13,5,382.8186340332031,416.3826293945313,382.8186340332031,381.6131861268311,381.651303004651,384.77210792511266,,384.4082204349558,,380.5123558715167,384.4662474111307,,,,,
MSFT,Experiment 1 — Univariate Close,2026-04-13,10,382.8186340332031,423.1053771972656,382.8186340332031,381.6131862212935,381.2161257200988,386.7355501412028,,386.00440731198313,,386.6596709700754,383.2163403827477,,,,,
MSFT,Experiment 1 — Univariate Close,2026-04-13,20,382.8186340332031,410.9944458007813,382.8186340332031,381.6131862212935,380.4028158247751,390.6925432737596,,389.21669223487214,,417.3392170152922,395.14796653325993,,,,,
MSFT,Experiment 1 — Univariate Close,2026-08-06,1,498.9207458496094,499.0505065917969,498.9207458496094,497.8984333991178,498.77174928375655,499.42681368075057,499.3168959222366,499.3415927028734,,501.6324965863547,499.11444191068273,,,,,
MSFT,Experiment 1 — Univariate Close,2026-08-06,5,498.9207458496094,495.9463806152344,498.9207458496094,498.0106374518646,498.77174928375655,501.4562233876535,,501.02853301556314,,510.5189360965457,496.76894683103524,,,,,
MSFT,Experiment 1 — Univariate Close,2026-08-06,10,498.9207458496094,481.1499938964844,498.9207458496094,498.0106635174554,498.77174928375655,504.0045860309963,,503.1452249359773,,489.45167515011775,487.89989740891053,,,,,
MSFT,Experiment 1 — Univariate Close,2026-08-06,20,498.9207458496094,510.1199951171875,498.9207458496094,498.01066351670835,498.77174928375655,509.1402288908744,,507.4054736785473,,508.7223821099471,542.9373273164599,,,,,
MSFT,Experiment 2 — OHLCV,2011-03-11,1,19.58286476135254,19.590490341186523,19.58286476135254,19.585878670197822,19.58212868186685,19.582162667644162,19.57816613794454,19.5787688994857,,19.52336579288484,19.525419335143905,,,,,
MSFT,Experiment 2 — OHLCV,2011-03-11,5,19.58286476135254,18.911794662475582,19.58286476135254,19.588055548714788,19.579285684749596,19.579354544519443,,19.562394016942925,,19.14431763288808,19.084833709331587,,,,,
MSFT,Experiment 2 — OHLCV,2011-03-11,10,19.58286476135254,19.537097930908203,19.58286476135254,19.58812980191964,19.57594949730639,19.575844956890624,,19.541944671413493,,18.782918186539433,18.60343919729584,,,,,
MSFT,Experiment 2 — OHLCV,2011-03-11,20,19.58286476135254,19.88025665283203,19.58286476135254,19.588130879146775,19.56994096748707,19.56882766879469,,19.501110087542177,,17.373315722372567,17.49224014964568,,,,,
MSFT,Experiment 2 — OHLCV,2011-07-05,1,19.979860305786133,20.210140228271484,19.979860305786133,19.982621368776492,19.979621077719273,19.978560906993547,19.976097950904997,19.976444407947355,,19.985800436171537,20.109988126847202,,,,,
MSFT,Experiment 2 — OHLCV,2011-07-05,5,19.979860305786133,20.37133407592773,19.979860305786133,19.98457895728926,19.978697184335463,19.973364156837835,,19.962786655653737,,20.231084674554232,20.171374984577234,,,,,
MSFT,Experiment 2 — OHLCV,2011-07-05,10,19.979860305786133,21.13890266418457,19.979860305786133,19.984642666174693,19.97761321483341,19.966870120013976,,19.945727595689863,,20.042392669481735,19.99787011610561,,,,,
MSFT,Experiment 2 — OHLCV,2011-07-05,20,19.979860305786133,20.570898056030277,19.979860305786133,19.984643537849617,19.975661552355355,19.953888379992875,,19.91165319640662,,20.090442292051296,19.968397269434043,,,,,
MSFT,Experiment 2 — OHLCV,2011-10-25,1,20.70846176147461,20.53853225708008,20.70846176147461,20.73016091534829,20.709537982381946,20.710380558043106,20.706663163575882,20.70731460182718,,20.55049666306249,20.546431063670035,,,,,
MSFT,Experiment 2 — OHLCV,2011-10-25,5,20.70846176147461,20.07507705688477,20.70846176147461,20.72553334439534,20.709274329290732,20.718057522392858,,20.70272659867932,,20.75516950056575,20.89687541048085,,,,,
MSFT,Experiment 2 — OHLCV,2011-10-25,10,20.70846176147461,20.97880744934082,20.70846176147461,20.717667267916344,20.708965450631197,20.72765772973637,,20.696993024224714,,21.397091795337673,21.590902327818316,,,,,
MSFT,Experiment 2 — OHLCV,2011-10-25,20,20.70846176147461,19.292377471923828,20.70846176147461,20.719621339283183,20.708410673225636,20.746871491941583,,20.685530638578122,,22.597136919182617,22.927840050205447,,,,,
MSFT,Experiment 2 — OHLCV,2012-02-17,1,24.479848861694336,24.62869071960449,24.479848861694336,24.50565314926814,24.48010109958421,24.486706767588302,24.48310205326165,24.484484510921682,,24.795004961067086,24.48690579822305,,,,,
MSFT,Experiment 2 — OHLCV,2012-02-17,5,24.479848861694336,24.55818748474121,24.479848861694336,24.49956936016126,24.480101099584207,24.514157608623734,,24.503035887833594,,24.8706048500288,24.677961320587638,,,,,
MSFT,Experiment 2 — OHLCV,2012-02-17,10,24.479848861694336,24.910694122314453,24.479848861694336,24.491659818292415,24.480101099584207,24.548514439596566,,24.526244876452445,,24.927089245545567,24.482836873862734,,,,,
MSFT,Experiment 2 — OHLCV,2012-02-17,20,24.479848861694336,25.22403907775879,24.479848861694336,24.493559426641706,24.480101099584207,24.61737262332799,,24.572728824359068,,24.008016546874924,23.975530944973446,,,,,
MSFT,Experiment 2 — OHLCV,2012-06-12,1,23.095027923583984,22.968860626220703,23.095027923583984,23.087194039705043,23.086930386228065,23.097004848541737,23.093198372184045,23.09405430974351,,23.094121842480405,23.065311090045107,,,,,
MSFT,Experiment 2 — OHLCV,2012-06-12,5,23.095027923583984,24.20680427551269,23.095027923583984,23.08729436341084,23.086908666537507,23.104914240757303,,23.090160264809317,,23.370857120277805,23.169910696588445,,,,,
MSFT,Experiment 2 — OHLCV,2012-06-12,10,23.095027923583984,23.670625686645508,23.095027923583984,23.08729436341368,23.086883263676533,23.114804789978642,,23.08529363197417,,23.62068267691152,23.57522732896951,,,,,
MSFT,Experiment 2 — OHLCV,2012-06-12,20,23.095027923583984,23.10291290283203,23.095027923583984,23.08729436341368,23.086837763274158,23.13459859181264,,23.07556344325757,,24.02749978209421,24.274006738552682,,,,,
MSFT,Experiment 2 — OHLCV,2012-10-03,1,23.70044708251953,23.83538246154785,23.70044708251953,23.702675072998897,23.695408673277218,23.70224788697847,23.697666110070795,23.69881946920073,,23.673926816970145,23.701618881112857,,,,,
MSFT,Experiment 2 — OHLCV,2012-10-03,5,23.70044708251953,23.00197982788086,23.70044708251953,23.702407822026913,23.69540203203887,23.709452473203214,,23.692310133601982,,23.31395378094193,23.28058992097262,,,,,
MSFT,Experiment 2 — OHLCV,2012-10-03,10,23.70044708251953,23.486143112182617,23.70044708251953,23.701036529084586,23.69539426544143,23.71846128563929,,23.684175978299987,,22.95544052974776,23.209601441390404,,,,,
MSFT,Experiment 2 — OHLCV,2012-10-03,20,23.70044708251953,23.414709091186523,23.70044708251953,23.7013248408495,23.69538035677799,23.736489180969695,,23.667916044706534,,23.407220049019166,23.804195228222945,,,,,
MSFT,Experiment 2 — OHLCV,2013-01-30,1,22.286714553833008,21.96660614013672,22.286714553833008,22.29451893173694,22.288279704994125,22.28661395882616,22.282552352429686,22.283512797219,,22.306666694968964,22.261613585787558,,,,,
MSFT,Experiment 2 — OHLCV,2013-01-30,5,22.286714553833008,21.878591537475582,22.286714553833008,22.29206792692387,22.288279704994125,22.286211583339277,,22.270710369813568,,22.312858337783005,22.45717274771553,,,,,
MSFT,Experiment 2 — OHLCV,2013-01-30,10,22.286714553833008,22.430753707885746,22.286714553833008,22.291192174134643,22.288279704994125,22.28570862419667,,22.254717678466392,,21.79316904757546,22.051423479154497,,,,,
MSFT,Experiment 2 — OHLCV,2013-01-30,20,22.286714553833008,22.43088150024414,22.286714553833008,22.291311989590405,22.288279704994125,22.284702739963812,,22.222766740782994,,21.820557246561116,21.204822041134143,,,,,
MSFT,Experiment 2 — OHLCV,2013-05-23,1,27.74771499633789,27.84520721435547,27.74771499633789,27.75313357185632,27.748459979940932,27.75400501825889,27.750032390998324,27.75006267388121,,27.54872482929062,27.513203966392652,,,,,
MSFT,Experiment 2 — OHLCV,2013-05-23,5,27.74771499633789,28.35710334777832,27.74771499633789,27.751991647449234,27.749570314608043,27.77917936778228,,27.759455370544615,,27.8157455788909,27.609448932404707,,,,,
MSFT,Experiment 2 — OHLCV,2013-05-23,10,27.74771499633789,28.98274803161621,27.74771499633789,27.751985649594904,27.750623890851614,27.810679418080607,,27.771200712237363,,29.31080464156193,28.35761961764793,,,,,
MSFT,Experiment 2 — OHLCV,2013-05-23,20,27.74771499633789,27.032690048217773,27.74771499633789,27.75198565799425,27.751967569774674,27.87378671711632,,27.79470630648904,,28.70437811230083,28.069419721655624,,,,,
MSFT,Experiment 2 — OHLCV,2013-09-16,1,26.83859634399414,26.944974899291992,26.83859634399414,26.837569187491283,26.83859634679854,26.843418213684657,26.841103124613415,26.84155254296649,,26.60436333847028,26.40794416468811,,,,,
MSFT,Experiment 2 — OHLCV,2013-09-16,5,26.83859634399414,26.78950881958008,26.83859634399414,26.837877993703326,26.83859634679854,26.86271435705967,,26.85338059538796,,26.01929403002137,25.787735422162243,,,,,
MSFT,Experiment 2 — OHLCV,2013-09-16,10,26.83859634399414,27.231353759765625,26.83859634399414,26.838030523519535,26.83859634679854,26.886854043335923,,26.868172990802673,,26.353010889911303,26.523758976512276,,,,,
MSFT,Experiment 2 — OHLCV,2013-09-16,20,26.83859634399414,28.18869972229004,26.83859634399414,26.83800501296022,26.83859634679854,26.935198513443062,,26.897782231642026,,28.728529024997385,28.51693606778052,,,,,
MSFT,Experiment 2 — OHLCV,2014-01-08,1,29.48253631591797,29.29290199279785,29.48253631591797,29.47605398170004,29.48253630748969,29.488890499831765,29.48658689454981,29.487016655851814,,29.513335874987725,29.521649409881,,,,,
MSFT,Experiment 2 — OHLCV,2014-01-08,5,29.48253631591797,30.306995391845703,29.48253631591797,29.47700579801418,29.482536244209452,29.514320933208076,,29.504944825210515,,30.018920583448008,30.22902647682451,,,,,
MSFT,Experiment 2 — OHLCV,2014-01-08,10,29.48253631591797,29.729867935180664,29.48253631591797,29.480497269137608,29.48253617019592,29.54613981694953,,29.527370366324323,,30.197210793952607,29.681759265397556,,,,,
MSFT,Experiment 2 — OHLCV,2014-01-08,20,29.48253631591797,29.82880401611328,29.48253631591797,29.479684585479767,29.482536037619322,29.60988053159461,,29.57227259580639,,30.670509009990354,31.215333567115888,,,,,
MSFT,Experiment 2 — OHLCV,2014-05-02,1,32.96800994873047,32.752044677734375,32.96800994873047,32.96801007993545,32.968611148059914,32.97788605833829,32.975297828314986,32.97568522009098,,32.66316288640236,32.71778505951708,,,,,
MSFT,Experiment 2 — OHLCV,2014-05-02,5,32.96800994873047,32.84342193603516,32.96800994873047,32.968010079935425,32.96861112814343,33.01742009114438,,33.006404178467086,,33.81589147662787,32.73285903564643,,,,,
MSFT,Experiment 2 — OHLCV,2014-05-02,10,32.96800994873047,33.317710876464844,32.96800994873047,32.968010079935425,32.96861110484761,33.06690428601633,,33.04484312175722,,33.82562766806707,33.359005572080505,,,,,
MSFT,Experiment 2 — OHLCV,2014-05-02,20,32.96800994873047,34.120750427246094,32.96800994873047,32.968010079935425,32.968611063115475,33.166095277239215,,33.12185535735058,,36.84292399502385,35.677893609527494,,,,,
MSFT,Experiment 2 — OHLCV,2014-08-25,1,38.020599365234375,37.88591003417969,38.020599365234375,38.0205993636348,38.02059936339917,38.03637273602769,38.03225568348282,38.03341701382299,,38.12682836548154,37.95440517188532,,,,,
MSFT,Experiment 2 — OHLCV,2014-08-25,5,38.020599365234375,37.953250885009766,38.020599365234375,38.0205993636348,38.0205993572901,38.099531684361786,,38.08473083409031,,38.58904796626655,38.21499757553448,,,,,
MSFT,Experiment 2 — OHLCV,2014-08-25,10,38.020599365234375,39.35892868041992,38.020599365234375,38.0205993636348,38.02059935014487,38.17862787021163,,38.148970477077285,,37.97654455244506,37.6504069436523,,,,,
MSFT,Experiment 2 — OHLCV,2014-08-25,20,38.020599365234375,39.19059753417969,38.020599365234375,38.0205993636348,38.02059933734608,38.337313203560925,,38.277775015605485,,39.00758885122946,39.272500826784835,,,,,
MSFT,Experiment 2 — OHLCV,2014-12-16,1,38.251930236816406,38.743194580078125,38.251930236816406,38.25193028004137,38.2519302553809,38.267699225406616,38.26334121796143,38.26449387561954,,38.28947040591032,38.51936119412294,,,,,
MSFT,Experiment 2 — OHLCV,2014-12-16,5,38.251930236816406,41.03867721557617,38.251930236816406,38.25193028004137,38.25193025347472,38.33084021270276,,38.314789708976974,,39.10330944103072,39.356716577237684,,,,,
MSFT,Experiment 2 — OHLCV,2014-12-16,10,38.251930236816406,39.3446044921875,38.251930236816406,38.25193028004137,38.251930251245206,38.40991297212071,,38.37775247823172,,39.59938740569504,39.883281786357266,,,,,
MSFT,Experiment 2 — OHLCV,2014-12-16,20,38.251930236816406,38.522979736328125,38.251930236816406,38.25193028004137,38.25193024725152,38.56854818546989,,38.50398858729598,,41.79935750516489,41.75228835904606,,,,,
MSFT,Experiment 2 — OHLCV,2015-04-13,1,35.62374496459961,35.52991485595703,35.62374496459961,35.62001317238827,35.62374496393742,35.63689818520649,35.63282647490551,35.63463521414236,,35.69291489763462,35.49998724716518,,,,,
MSFT,Experiment 2 — OHLCV,2015-04-13,5,35.62374496459961,36.604766845703125,35.62374496459961,35.62101390533279,35.62374496334387,35.68955965070778,,35.67822951420124,,35.11313707349259,34.4088715845067,,,,,
MSFT,Experiment 2 — OHLCV,2015-04-13,10,35.62374496459961,40.97243118286133,35.62374496459961,35.621864114500056,35.62374496264963,35.755495929110964,,35.732797394911046,,33.82546731894823,33.11992965158597,,,,,
MSFT,Experiment 2 — OHLCV,2015-04-13,20,35.62374496459961,40.40942001342773,35.62374496459961,35.62168182827321,35.62374496140606,35.887734161781985,,35.84218365965143,,34.271411192531374,34.07638578092659,,,,,
MSFT,Experiment 2 — OHLCV,2015-08-04,1,40.81798553466797,40.852333068847656,40.81798553466797,40.8216293021697,40.81798552528044,40.831839012519424,40.82718444735291,40.828677816114684,,40.79866546877483,41.02152771534692,,,,,
MSFT,Experiment 2 — OHLCV,2015-08-04,5,40.81798553466797,39.84778594970703,40.81798553466797,40.82056991685048,40.81798552509567,40.88729995809259,,40.87147495769711,,39.631337463682996,40.892814748525545,,,,,
MSFT,Experiment 2 — OHLCV,2015-08-04,10,40.81798553466797,40.85380935668945,40.81798553466797,40.82053155646534,40.81798552487955,40.95673208672074,,40.925034475277435,,42.23573248700788,42.72206974797788,,,,,
MSFT,Experiment 2 — OHLCV,2015-08-04,20,40.81798553466797,36.14356994628906,40.81798553466797,40.820532117385454,40.81798552449242,41.09595025944401,,41.03236416163013,,41.86179180705878,42.68627009822131,,,,,
MSFT,Experiment 2 — OHLCV,2015-11-24,1,47.202415466308594,46.71516418457031,47.202415466308594,47.20362304587804,47.20241546553069,47.22195908231259,47.21461827411112,47.217093429275906,,46.91037360154782,47.0499716888406,,,,,
MSFT,Experiment 2 — OHLCV,2015-11-24,5,47.202415466308594,48.03770065307617,47.202415466308594,47.20368068140191,47.20241546553069,47.30021449792792,,47.27585093762239,,46.791780954271154,46.69779496787306,,,,,
MSFT,Experiment 2 — OHLCV,2015-11-24,10,47.202415466308594,47.83757019042969,47.202415466308594,47.203680681650084,47.20241546553069,47.39821616007985,,47.34940065665833,,48.15151553947345,48.00592068188671,,,,,
MSFT,Experiment 2 — OHLCV,2015-11-24,20,47.202415466308594,48.56844711303711,47.202415466308594,47.203680681650084,47.20241546553069,47.594829056178106,,47.49684354913982,,46.5140077355327,46.8264674453304,,,,,
MSFT,Experiment 2 — OHLCV,2016-03-21,1,47.19955062866211,47.383567810058594,47.19955062866211,47.206223182095464,47.19955062382584,47.2194767732554,47.21123965435615,47.213907124641146,,47.261714217921444,46.913756999179576,,,,,
MSFT,Experiment 2 — OHLCV,2016-03-21,5,47.19955062866211,47.94443893432617,47.19955062866211,47.20576149724663,47.19955062380799,47.29926550897557,,47.27137678941332,,47.58098977268327,47.58254164408597,,,,,
MSFT,Experiment 2 — OHLCV,2016-03-21,10,47.19955062866211,47.81298065185547,47.19955062866211,47.20576148315165,47.199550623787104,47.39919104928948,,47.34331225199684,,49.157478768198715,48.99895064781479,,,,,
MSFT,Experiment 2 — OHLCV,2016-03-21,20,47.19955062866211,49.41668319702149,47.19955062866211,47.20576148315169,47.1995506237497,47.59967589103986,,47.48751174823649,,51.55871250686741,51.517142534498554,,,,,
MSFT,Experiment 2 — OHLCV,2016-07-13,1,47.22081756591797,47.42377853393555,47.22081756591797,47.22031123012948,47.2208175619717,47.24257986978227,47.23499392442999,47.23755593636906,,47.27518440659137,47.33203869163585,,,,,
MSFT,Experiment 2 — OHLCV,2016-07-13,5,47.22081756591797,49.33873748779297,47.22081756591797,47.220465914818114,47.2208175619661,47.32972942576888,,47.30456877173622,,46.20203519304302,46.83697716921586,,,,,
MSFT,Experiment 2 — OHLCV,2016-07-13,10,47.22081756591797,49.58582305908203,47.22081756591797,47.22047437580373,47.22081756195955,47.43889248400703,,47.388468519338325,,45.9355157469049,46.66275935165351,,,,,
MSFT,Experiment 2 — OHLCV,2016-07-13,20,47.22081756591797,51.20074462890625,47.22081756591797,47.220474177123705,47.220817561947825,47.65797451447471,,47.55671469418074,,47.06998919015518,46.431593110245785,,,,,
MSFT,Experiment 2 — OHLCV,2016-11-02,1,52.77189254760742,52.57654571533203,52.77189254760742,52.77005047514279,52.77189255250329,52.79581054174574,52.78736689649368,52.78972425200295,,52.481787014393966,52.50462759505659,,,,,
MSFT,Experiment 2 — OHLCV,2016-11-02,5,52.77189254760742,53.428993225097656,52.77189254760742,52.770619468375344,52.77189255250329,52.891590971825345,,52.8611113435542,,52.723351098377755,52.744575303761074,,,,,
MSFT,Experiment 2 — OHLCV,2016-11-02,10,52.77189254760742,53.3250846862793,52.77189254760742,52.77085296163337,52.77189255250329,53.011560898770746,,52.95048097725126,,54.49030904099665,53.483628992113005,,,,,
MSFT,Experiment 2 — OHLCV,2016-11-02,20,52.77189254760742,52.922794342041016,52.77189254760742,52.770817991090915,52.77189255250329,53.252317725555784,,53.1296737783827,,53.45333928044967,52.115819368966704,,,,,
MSFT,Experiment 2 — OHLCV,2017-02-28,1,57.54269409179688,58.40611267089844,57.54269409179688,57.54269373920987,57.542694095147404,57.56935345050267,57.55806863272655,57.56226905825564,,57.94894418424189,58.16988877575402,,,,,
MSFT,Experiment 2 — OHLCV,2017-02-28,5,57.54269409179688,57.920440673828125,57.54269409179688,57.54269373920961,57.542694095147404,57.67611445457631,,57.640635537183904,,57.936531480826936,58.16948530181738,,,,,
MSFT,Experiment 2 — OHLCV,2017-02-28,10,57.54269409179688,57.92943572998047,57.54269409179688,57.54269373920961,57.542694095147404,57.809844170149965,,57.73874368534486,,59.56656925277105,59.60907659100793,,,,,
MSFT,Experiment 2 — OHLCV,2017-02-28,20,57.54269409179688,58.72088623046875,57.54269409179688,57.54269373920961,57.542694095147404,58.07823453044483,,57.93546122542779,,60.433634689371395,59.92030630745063,,,,,
MSFT,Experiment 2 — OHLCV,2017-06-21,1,63.56207656860352,63.55303192138672,63.56207656860352,63.5620769682939,63.56207656375167,63.595171275899745,63.58414368663566,63.5880031550523,,63.790984410554465,63.975808491932554,,,,,
MSFT,Experiment 2 — OHLCV,2017-06-21,5,63.56207656860352,63.13693237304688,63.56207656860352,63.56207696829413,63.5620765637515,63.727722508210014,,63.691815296969615,,63.93843381950866,64.08481047109875,,,,,
MSFT,Experiment 2 — OHLCV,2017-06-21,10,63.56207656860352,62.024375915527344,63.56207656860352,63.56207696829413,63.562076563751305,63.89380012939126,,63.821818839491364,,64.85553616851605,65.01522478551877,,,,,
MSFT,Experiment 2 — OHLCV,2017-06-21,20,63.56207656860352,67.13504028320312,63.56207656860352,63.56207696829413,63.562076563750956,64.22725491934457,,64.08262253019002,,65.73992009275254,65.64976422744078,,,,,
MSFT,Experiment 2 — OHLCV,2017-10-12,1,70.12984466552734,70.4663314819336,70.12984466552734,70.1298452053645,70.1440984724858,70.17058381346885,70.1573368151974,70.16235959121646,,69.97496305500009,69.9423856009835,,,,,
MSFT,Experiment 2 — OHLCV,2017-10-12,5,70.12984466552734,70.84825134277344,70.12984466552734,70.12984520536475,70.20745772889506,70.33377720065161,,70.292570115735,,70.0622196068715,69.91771643532677,,,,,
MSFT,Experiment 2 — OHLCV,2017-10-12,10,70.12984466552734,71.62122344970703,70.12984466552734,70.12984520536475,70.28489107736526,70.53830275689377,,70.45567314516404,,69.59181338098786,70.00673836057665,,,,,
MSFT,Experiment 2 — OHLCV,2017-10-12,20,70.12984466552734,76.46809387207031,70.12984466552734,70.12984520536475,70.43405549607674,70.94913983559717,,70.78301544817577,,69.51234875505273,71.09761655788648,,,,,
MSFT,Experiment 2 — OHLCV,2018-02-06,1,83.4689712524414,81.89700317382812,83.4689712524414,83.46897177950278,83.44229031645435,83.52252682932982,83.5059429232186,83.51177149117191,,84.13519374328096,83.96477918468683,,,,,
MSFT,Experiment 2 — OHLCV,2018-02-06,5,83.4689712524414,82.09807586669922,83.4689712524414,83.46897177950285,83.60954920271271,83.73709298210701,,83.68319202469526,,85.09634088263141,85.60102642527406,,,,,
MSFT,Experiment 2 — OHLCV,2018-02-06,10,83.4689712524414,84.00796508789062,83.4689712524414,83.46897177950285,83.81396157050821,84.00607598106635,,83.8979625885492,,84.50670994754265,85.56148112694692,,,,,
MSFT,Experiment 2 — OHLCV,2018-02-06,20,83.4689712524414,86.18415832519531,83.4689712524414,83.46897177950285,84.20773315112623,84.5466368621415,,84.32915873877768,,87.79329654569537,88.69891735472574,,,,,
MSFT,Experiment 2 — OHLCV,2018-05-31,1,91.15025329589844,92.94854736328124,91.15025329589844,91.1468267850864,91.199341601878,91.21273658829817,91.19173394229573,91.19875809020161,,91.53629251987672,91.81532711925017,,,,,
MSFT,Experiment 2 — OHLCV,2018-05-31,5,91.15025329589844,93.03154754638672,91.15025329589844,91.14449595757388,91.36731559476692,91.46309837316686,,91.39303551874058,,92.08312982490267,92.49480567686219,,,,,
MSFT,Experiment 2 — OHLCV,2018-05-31,10,91.15025329589844,93.52954864501952,91.15025329589844,91.14442768964804,91.57260191696237,91.7770171944879,,91.6364644014174,,91.44428551762526,92.1576203779032,,,,,
MSFT,Experiment 2 — OHLCV,2018-05-31,20,91.15025329589844,90.9565887451172,91.15025329589844,91.14442687053294,91.96805704740261,92.40809082311507,,92.12526904047664,,92.34166795261822,93.10079565955324,,,,,
MSFT,Experiment 2 — OHLCV,2018-09-21,1,105.77606964111328,106.1556625366211,105.77606964111328,105.76185821014855,105.78423448939068,105.85614705283675,105.83194890793423,105.84005710507631,,106.05648066439457,105.91854388146946,,,,,
MSFT,Experiment 2 — OHLCV,2018-09-21,5,105.77606964111328,105.87792205810548,105.77606964111328,105.75884737863451,106.05384637634408,106.1770633821501,,106.09639427661746,,106.08252482738646,108.10750855723914,,,,,
MSFT,Experiment 2 — OHLCV,2018-09-21,10,105.77606964111328,103.80425262451172,105.77606964111328,105.75884455465236,106.38334757912516,106.57957727780126,,106.41768896019072,,106.7408847771394,107.88619835041716,,,,,
MSFT,Experiment 2 — OHLCV,2018-09-21,20,105.77606964111328,100.59188842773438,105.77606964111328,105.75884455418908,107.01808514825528,107.38918860622599,,107.06320023093558,,108.32357438583927,109.16632331126105,,,,,
MSFT,Experiment 2 — OHLCV,2019-01-17,1,98.66487884521484,100.14319610595705,98.66487884521484,98.62764326193067,98.58780023777287,98.73840639540413,98.71293822985325,98.72092594922955,,99.27729592900474,99.43831278435673,,,,,
MSFT,Experiment 2 — OHLCV,2019-01-17,5,98.66487884521484,99.64112091064452,98.66487884521484,98.60333493994116,98.64635017570656,99.03306495046044,,98.94543292472225,,96.64439033406798,96.42363108936993,,,,,
MSFT,Experiment 2 — OHLCV,2019-01-17,10,98.66487884521484,95.55953979492188,98.66487884521484,98.60269422743325,98.71790590416464,99.40262500973793,,99.22678476116658,,96.73813494984852,97.38502299391416,,,,,
MSFT,Experiment 2 — OHLCV,2019-01-17,20,98.66487884521484,100.61737060546876,98.66487884521484,98.6026874856285,98.85574791735145,100.14588751816817,,99.7918907850197,,97.11191077197684,96.64683524426415,,,,,
MSFT,Experiment 2 — OHLCV,2019-05-13,1,115.17424774169922,116.4627914428711,115.17424774169922,115.27041095378011,115.65915278278224,115.26815207486693,115.2395990164736,115.24815794572778,,115.50817223219445,114.81246574163629,,,,,
MSFT,Experiment 2 — OHLCV,2019-05-13,5,115.17424774169922,118.2902603149414,115.17424774169922,115.31688322648046,115.82814018473239,115.64453565662903,,115.54427336663039,,114.06213314870536,114.77621332558027,,,,,
MSFT,Experiment 2 — OHLCV,2019-05-13,10,115.17424774169922,118.23404693603516,115.17424774169922,115.3174270882943,116.03466502615025,116.116743885581,,115.91548778997604,,117.97969667715087,117.63162252140214,,,,,
MSFT,Experiment 2 — OHLCV,2019-05-13,20,115.17424774169922,123.8008804321289,115.17424774169922,115.31742916862599,116.43250598909708,117.06695268223584,,116.66149832141157,,122.23905202863409,111.72783500962814,,,,,
MSFT,Experiment 2 — OHLCV,2019-09-04,1,129.41297912597656,131.68846130371094,129.41297912597656,129.38116647685257,129.31140034551058,129.52590286196477,129.4929672210253,129.50145001965643,,129.9606560710428,129.91343146271237,,,,,
MSFT,Experiment 2 — OHLCV,2019-09-04,5,129.41297912597656,127.99308013916016,129.41297912597656,129.36619239891832,129.51092413272642,129.97858402090813,,129.85593882360166,,132.21116708385182,131.86208057847566,,,,,
MSFT,Experiment 2 — OHLCV,2019-09-04,10,129.41297912597656,130.24981689453125,129.41297912597656,129.36602931181721,129.75476845507418,130.5466609159384,,130.30041470063202,,131.8125163904121,130.64185619924115,,,,,
MSFT,Experiment 2 — OHLCV,2019-09-04,20,129.41297912597656,126.61085510253906,129.41297912597656,129.36602874125046,130.2245001316412,131.69027396943787,,131.19393576921922,,136.08383167223326,134.13621946186393,,,,,
MSFT,Experiment 2 — OHLCV,2019-12-26,1,149.7044677734375,149.97801208496094,149.7044677734375,149.661487330096,149.67069297530537,149.84515216452286,149.8075905171924,149.8162635523817,,150.6954006655609,150.15228775202993,,,,,
MSFT,Experiment 2 — OHLCV,2019-12-26,5,149.7044677734375,149.65728759765625,149.7044677734375,149.63837359961593,150.05145278551888,150.40921304983817,,150.26428215645728,,153.3133752319659,153.88142906409183,,,,,
MSFT,Experiment 2 — OHLCV,2019-12-26,10,149.7044677734375,152.22360229492188,149.7044677734375,149.63800965585926,150.51679137594138,151.11727596873803,,150.82618994489175,,152.4337074513312,153.1457632745363,,,,,
MSFT,Experiment 2 — OHLCV,2019-12-26,20,149.7044677734375,153.11048889160156,149.7044677734375,149.6380076403413,151.4132005034779,152.54341727978584,,151.95631708012993,,149.85030959093848,154.43821661650608,,,,,
MSFT,Experiment 2 — OHLCV,2020-04-21,1,158.7699432373047,164.16253662109375,158.7699432373047,159.57578316729817,161.07282222054167,158.92563159516644,158.88114995954274,158.88914460737067,,157.5246295604855,159.71084461438755,,,,,
MSFT,Experiment 2 — OHLCV,2020-04-21,5,158.7699432373047,160.65261840820312,158.7699432373047,159.41634836300778,161.33948198976134,159.54991319021573,,159.36684570037818,,163.50453344839556,169.09182013991503,,,,,
MSFT,Experiment 2 — OHLCV,2020-04-21,10,158.7699432373047,171.01206970214844,158.7699432373047,159.41575077026118,161.66537531621694,160.33371480745217,,159.96599224405753,,154.12789853131812,156.02127651304835,,,,,
MSFT,Experiment 2 — OHLCV,2020-04-21,20,158.7699432373047,173.72735595703125,158.7699432373047,159.4157513210981,162.29316282073657,161.91288842079334,,161.1710513518244,,144.15943780469638,148.1097652545086,,,,,
MSFT,Experiment 2 — OHLCV,2020-08-12,1,198.4601287841797,197.9952545166016,198.4601287841797,197.66465527895366,197.5720234995164,198.6596847220712,198.60602796787023,198.61624945791286,,198.46412539678653,197.53855808506495,,,,,
MSFT,Experiment 2 — OHLCV,2020-08-12,5,198.4601287841797,199.42491149902344,198.4601287841797,197.8042634443786,198.1669271634387,199.45991707028506,,199.24196125847251,,199.13225560879565,196.86309722305734,,,,,
MSFT,Experiment 2 — OHLCV,2020-08-12,10,198.4601287841797,210.3138427734375,198.4601287841797,197.80455616505012,198.89397772124713,200.46474201853084,,200.0268737570584,,200.65500103624538,199.94009090038833,,,,,
MSFT,Experiment 2 — OHLCV,2020-08-12,20,198.4601287841797,195.3070831298828,198.4601287841797,197.80455603424753,200.29453802209878,202.48960352261736,,201.60598740985833,,195.11920880998386,187.80062205616838,,,,,
MSFT,Experiment 2 — OHLCV,2020-12-03,1,204.2758331298828,204.39024353027344,204.2758331298828,204.4015378261346,204.66424072511887,204.48417702781325,204.4291740870602,204.44020501812176,,205.5814642351404,205.63855198021272,,,,,
MSFT,Experiment 2 — OHLCV,2020-12-03,5,204.2758331298828,200.7289123535156,204.2758331298828,204.3763836435602,204.95060489791462,205.319679717652,,205.0990162649419,,203.3127017224995,207.42599667667253,,,,,
MSFT,Experiment 2 — OHLCV,2020-12-03,10,204.2758331298828,209.21490478515625,204.2758331298828,204.3762827617379,205.3005795983473,206.36886034656592,,205.92551663270282,,211.58527019195873,214.92306017054395,,,,,
MSFT,Experiment 2 — OHLCV,2020-12-03,20,204.2758331298828,207.5653533935547,204.2758331298828,204.37628286282566,205.97475647155673,208.4833328946065,,207.58852259084108,,215.4062167726151,214.98476228402515,,,,,
MSFT,Experiment 2 — OHLCV,2021-03-30,1,221.57595825195312,225.3222198486328,221.57595825195312,221.98220652959964,222.48654761400763,221.80263384279837,221.74057007758543,221.75315324567393,,223.12799590303575,222.0796548424368,,,,,
MSFT,Experiment 2 — OHLCV,2021-03-30,5,221.57595825195312,238.8261260986328,221.57595825195312,221.9041548013883,222.76501723183702,222.71165750561872,,222.46335138817892,,223.56770923411523,222.6584676646415,,,,,
MSFT,Experiment 2 — OHLCV,2021-03-30,10,221.57595825195312,244.2639617919922,221.57595825195312,221.9039010371135,223.1053437472945,223.8531778456736,,223.35429845951768,,232.5664950662374,234.52917260822923,,,,,
MSFT,Experiment 2 — OHLCV,2021-03-30,20,221.57595825195312,243.2795867919922,221.57595825195312,221.9039012330297,223.76093475366645,226.15380128301925,,225.14691139738565,,243.47535511026285,242.6401331433856,,,,,
MSFT,Experiment 2 — OHLCV,2021-07-22,1,274.0917053222656,277.4729919433594,274.0917053222656,273.51927543705864,273.201553953002,274.38861123181636,274.31058707983357,274.32804554195667,,272.8172691249849,272.89037412491064,,,,,
MSFT,Experiment 2 — OHLCV,2021-07-22,5,274.0917053222656,274.4364624023437,274.0917053222656,273.62863304933126,273.99485388862166,275.57945454649064,,275.27544606229014,,278.0076143480454,281.06575176969966,,,,,
MSFT,Experiment 2 — OHLCV,2021-07-22,10,274.0917053222656,277.3293151855469,274.0917053222656,273.6289814575206,274.96437079645005,277.07527916194863,,276.4642991136775,,281.7516056208101,284.7936985065059,,,,,
MSFT,Experiment 2 — OHLCV,2021-07-22,20,274.0917053222656,284.8182067871094,274.0917053222656,273.62898119535976,276.8320083046337,280.0913301349558,,278.85743056160993,,288.40523006989247,281.526755193398,,,,,
MSFT,Experiment 2 — OHLCV,2021-11-11,1,319.04217529296875,323.1593933105469,319.04217529296875,318.7696684495722,319.290518200126,319.39198062885754,319.29769191762546,319.3194000681401,,317.55119569309096,317.137992410567,,,,,
MSFT,Experiment 2 — OHLCV,2021-11-11,5,319.04217529296875,328.1253356933594,319.04217529296875,318.8239564001097,320.4381004802639,320.79504152776263,,320.43071014741054,,316.15085001708053,318.57332947325773,,,,,
MSFT,Experiment 2 — OHLCV,2021-11-11,10,319.04217529296875,316.98175048828125,319.04217529296875,318.8241698837638,321.84059703139354,322.5575382762473,,321.82528818106596,,311.0860820644715,308.31872618550585,,,,,
MSFT,Experiment 2 — OHLCV,2021-11-11,20,319.04217529296875,329.3464660644531,319.04217529296875,318.82416967504565,324.54230872186315,326.11163525102035,,324.6326791049457,,310.49320255277416,322.6869476016254,,,,,
MSFT,Experiment 2 — OHLCV,2022-03-08,1,265.7735900878906,277.96148681640625,265.7735900878906,265.96792575882733,266.550226943414,266.0573222391721,265.97657563319893,265.99459264117786,,263.2273463429109,266.84148058411796,,,,,
MSFT,Experiment 2 — OHLCV,2022-03-08,5,265.7735900878906,276.66070556640625,265.7735900878906,265.9268433702211,266.39781173819375,267.19528312162777,,266.8804421175822,,272.57205281532845,274.2279749063428,,,,,
MSFT,Experiment 2 — OHLCV,2022-03-08,10,265.7735900878906,292.9530029296875,265.7735900878906,265.92662428889344,266.2115403018351,268.62458116638766,,267.99190379044865,,262.837814959897,262.98350606449554,,,,,
MSFT,Experiment 2 — OHLCV,2022-03-08,20,265.7735900878906,299.5238342285156,265.7735900878906,265.92662460154065,265.852714665647,271.5061552314298,,270.2287329357237,,256.1936899568709,261.18101235926963,,,,,
MSFT,Experiment 2 — OHLCV,2022-06-30,1,248.02464294433597,250.6803436279297,248.02464294433597,248.49569630498527,248.43615022191315,248.29028985536576,248.21024462251097,248.2277531606541,,250.62738058474147,247.61671345295798,,,,,
MSFT,Experiment 2 — OHLCV,2022-06-30,5,248.02464294433597,258.4833374023437,248.02464294433597,248.4070597950193,248.22172407680176,249.3557257609793,,249.04185868136145,,253.78829630394262,253.97904436218602,,,,,
MSFT,Experiment 2 — OHLCV,2022-06-30,10,248.02464294433597,247.9183807373047,248.02464294433597,248.40680037471054,247.95966711217648,250.6939521478894,,250.06324629358198,,250.0353302241703,245.61465856395347,,,,,
MSFT,Experiment 2 — OHLCV,2022-06-30,20,248.02464294433597,271.1148376464844,248.02464294433597,248.4068005504389,247.4548513503645,253.39198918888508,,252.11860565370753,,249.342988675329,241.48999758902585,,,,,
MSFT,Experiment 2 — OHLCV,2022-10-21,1,234.3152618408203,239.27989196777344,234.3152618408203,233.62908997868263,233.49254259804368,234.56002291346095,234.48453067275813,234.5030373123711,,235.3285941935577,234.92339382063088,,,,,
MSFT,Experiment 2 — OHLCV,2022-10-21,5,234.3152618408203,228.2667388916016,234.3152618408203,233.7635359426436,233.29867429527607,235.54162660171647,,235.25564519929787,,230.65539935935385,230.90286652114457,,,,,
MSFT,Experiment 2 — OHLCV,2022-10-21,10,234.3152618408203,214.2535095214844,234.3152618408203,233.7640238036003,233.06174171910192,236.7744099395118,,236.19980262205942,,234.50270768980994,235.68139165648893,,,,,
MSFT,Experiment 2 — OHLCV,2022-10-21,20,234.3152618408203,234.1021728515625,234.3152618408203,233.76402337208484,232.60532454617748,239.2593668964218,,238.09950030741243,,232.43124586140084,233.51684228827622,,,,,
MSFT,Experiment 2 — OHLCV,2023-02-15,1,262.0276794433594,255.05181884765625,262.0276794433594,262.2584356764132,262.2665494220153,262.30046321227604,262.2158969249161,262.2365444922664,,262.35854644882426,263.9503385179387,,,,,
MSFT,Experiment 2 — OHLCV,2023-02-15,5,262.0276794433594,247.8716278076172,262.0276794433594,262.235313551094,262.3150828408892,263.3944410597667,,263.07367090103065,,253.2831082494249,251.15314990483014,,,,,
MSFT,Experiment 2 — OHLCV,2023-02-15,10,262.0276794433594,244.3107147216797,262.0276794433594,262.2353099986191,262.37439706503085,264.76833183642174,,264.1238378646326,,241.27169431889297,243.1343034583294,,,,,
MSFT,Experiment 2 — OHLCV,2023-02-15,20,262.0276794433594,268.7213439941406,262.0276794433594,262.23530999868007,262.4886575476293,267.5376498099891,,266.236765049177,,226.5309958913881,226.41707262238143,,,,,
MSFT,Experiment 2 — OHLCV,2023-06-09,1,318.6365966796875,323.5702514648437,318.6365966796875,318.47788918582023,318.5730416417373,318.9700376427043,318.8690074814608,318.89466794468376,,317.73861055927705,316.3717457030514,,,,,
MSFT,Experiment 2 — OHLCV,2023-06-09,5,318.6365966796875,333.7888488769531,318.6365966796875,318.48925653958025,318.8933670302853,320.3072944797732,,319.92904487804094,,319.79914725998015,320.202727516059,,,,,
MSFT,Experiment 2 — OHLCV,2023-06-09,10,318.6365966796875,320.40142822265625,318.6365966796875,318.4892569427943,319.2848468051592,321.98675219999467,,321.2267354822034,,333.9604584505041,333.5140431089258,,,,,
MSFT,Experiment 2 — OHLCV,2023-06-09,20,318.6365966796875,324.1748962402344,318.6365966796875,318.4892569427932,320.03897734723256,325.372131364187,,323.8379290508266,,340.8107152192615,343.53863757671684,,,,,
MSFT,Experiment 2 — OHLCV,2023-10-03,1,306.2178955078125,311.6604309082031,306.2178955078125,307.01924980989577,306.99396767935565,306.53269481435655,306.4378937584483,306.462657302455,,304.4138005008389,305.4254328648853,,,,,
MSFT,Experiment 2 — OHLCV,2023-10-03,5,306.2178955078125,320.8746337890625,306.2178955078125,306.98719141547565,307.07599155245566,307.7951315811658,,307.4436624410667,,302.75422005203166,305.06832107150353,,,,,
MSFT,Experiment 2 — OHLCV,2023-10-03,10,306.2178955078125,324.46063232421875,306.2178955078125,306.98719131930324,307.1762355185086,309.38049152209044,,308.6743360260767,,301.4953764325023,304.67260144548663,,,,,
MSFT,Experiment 2 — OHLCV,2023-10-03,20,306.2178955078125,330.37213134765625,306.2178955078125,306.98719131930324,307.3693413730407,312.5757505965496,,311.1504817937997,,305.285070768233,308.2252597477675,,,,,
MSFT,Experiment 2 — OHLCV,2024-01-26,1,395.4869079589844,401.1558837890625,395.4869079589844,395.5746174488059,395.7884676840911,395.91564229457913,395.79878823557044,395.82702089799807,,394.3576884743917,396.1008157034202,,,,,
MSFT,Experiment 2 — OHLCV,2024-01-26,5,395.4869079589844,402.6245422363281,395.4869079589844,395.56884943122265,396.6113718362528,397.6352324459538,,397.19040009190445,,402.8309938828565,399.2997033841889,,,,,
MSFT,Experiment 2 — OHLCV,2024-01-26,10,395.4869079589844,411.7594909667969,395.4869079589844,395.5688492896498,397.61706899217114,399.79522684666364,,398.9012297254813,,416.3784906664034,415.58985426002744,,,,,
MSFT,Experiment 2 — OHLCV,2024-01-26,20,395.4869079589844,399.7593078613281,395.4869079589844,395.56884928965013,399.55440264267327,404.1504793022168,,402.34502805084924,,426.6251075876562,423.18561910706893,,,,,
MSFT,Experiment 2 — OHLCV,2024-05-20,1,417.9720764160156,421.6080017089844,417.9720764160156,417.4464196732402,417.59804004292164,418.4232322860301,418.3012229329318,418.32811154638944,,417.590898599083,418.1443781943609,,,,,
MSFT,Experiment 2 — OHLCV,2024-05-20,5,417.9720764160156,422.8657836914063,417.9720764160156,417.4650911912556,418.1996632445757,420.2327307673242,,419.7552874150816,,423.4347084506563,420.83338716785664,,,,,
MSFT,Experiment 2 — OHLCV,2024-05-20,10,417.9720764160156,408.8626098632813,417.9720764160156,417.4650912256925,418.93492596168375,422.505612150974,,421.54610619860654,,427.8450759466293,428.9330898162573,,,,,
MSFT,Experiment 2 — OHLCV,2024-05-20,20,417.9720764160156,438.6082763671875,417.9720764160156,417.4650912256925,420.3513058285558,427.0883208987239,,425.1506970870885,,446.5869752326389,448.81595032600006,,,,,
MSFT,Experiment 2 — OHLCV,2024-09-12,1,420.3595886230469,423.8937683105469,420.3595886230469,419.8950877760214,420.0123438731954,420.8158403983178,420.69583313311426,420.72244748163916,,423.16771873768886,422.0850919108,,,,,
MSFT,Experiment 2 — OHLCV,2024-09-12,5,420.3595886230469,431.8677978515625,420.3595886230469,419.9102765501782,420.2990068324547,422.6458049632142,,422.17701785713643,,428.1646742757024,426.2598554048183,,,,,
MSFT,Experiment 2 — OHLCV,2024-09-12,10,420.3595886230469,424.6025695800781,420.3595886230469,419.9102765700571,420.64934668926185,424.94445538433393,,424.00230476620317,,428.7619758377185,438.9551259277252,,,,,
MSFT,Experiment 2 — OHLCV,2024-09-12,20,420.3595886230469,409.3731384277344,420.3595886230469,419.9102765700571,421.324226984697,429.57932933895654,,427.6765876471209,,463.3496602647724,460.52724804250863,,,,,
MSFT,Experiment 2 — OHLCV,2025-01-06,1,422.0393981933594,416.6338806152344,422.0393981933594,421.55173837623454,421.65349901871116,422.49409334309473,422.3814897131784,422.40780516082674,,423.31971923829906,421.92569193926886,,,,,
MSFT,Experiment 2 — OHLCV,2025-01-06,5,422.0393981933594,410.02490234375,422.0393981933594,421.56420346224036,421.8082451933139,424.31777799945587,,423.884651740182,,427.1271166707472,431.35138033861637,,,,,
MSFT,Experiment 2 — OHLCV,2025-01-06,10,422.0393981933594,440.1402587890625,422.0393981933594,421.5642034681559,421.997365380979,426.6084576395561,,425.7379731609203,,435.65722576049166,442.49500250188146,,,,,
MSFT,Experiment 2 — OHLCV,2025-01-06,20,422.0393981933594,407.67718505859375,422.0393981933594,421.5642034681559,422.3616787345534,431.2269823828608,,429.4689608767915,,435.2701155026583,432.86294472718674,,,,,
MSFT,Experiment 2 — OHLCV,2025-05-01,1,420.464111328125,430.2294616699219,420.464111328125,417.374757472164,417.99381970790273,420.9021010207688,420.79248492658536,420.82025010699016,,419.01239354842306,417.5500686777191,,,,,
MSFT,Experiment 2 — OHLCV,2025-05-01,5,420.464111328125,433.08599853515625,420.464111328125,417.50732529630045,418.08240074691344,422.6586270041153,,422.24782432212453,,413.098474780234,401.69849145660345,,,,,
MSFT,Experiment 2 — OHLCV,2025-05-01,10,420.464111328125,448.6946105957031,420.464111328125,417.50732584004896,418.190658432535,424.8645964496961,,424.03910426883,,419.4086624046048,412.91389287900284,,,,,
MSFT,Experiment 2 — OHLCV,2025-05-01,20,420.464111328125,455.8538208007813,420.464111328125,417.50732584004896,418.3992015869486,429.31113608289706,,427.6444935600956,,408.37906429356826,387.7287264790048,,,,,
MSFT,Experiment 2 — OHLCV,2025-08-25,1,500.14495849609375,497.9430541992188,500.14495849609375,500.42691952232775,500.49954219604695,500.67984563869464,500.5485869005677,500.5777902550507,,499.69082938381206,500.2969473251956,,,,,
MSFT,Experiment 2 — OHLCV,2025-08-25,5,500.14495849609375,500.9979248046875,500.14495849609375,500.4084823578283,500.9777027207191,502.82512075681956,,502.3128663145929,,494.85798055485475,495.63245172709253,,,,,
MSFT,Experiment 2 — OHLCV,2025-08-25,10,500.14495849609375,494.3426818847656,500.14495849609375,500.4084819165132,501.5620778006989,505.5196453931362,,504.490171057383,,501.05401893831834,505.97765934345944,,,,,
MSFT,Experiment 2 — OHLCV,2025-08-25,20,500.14495849609375,505.0744323730469,500.14495849609375,500.4084819165141,502.68779392736525,510.9520900637011,,508.8731344184795,,507.4920542152839,511.79678606798944,,,,,
MSFT,Experiment 2 — OHLCV,2025-12-16,1,473.38677978515625,473.1184387207031,473.38677978515625,473.24742994966215,473.31823064914835,473.884158712343,473.764424522838,473.7896036825813,,470.4122604577809,467.98301766782936,,,,,
MSFT,Experiment 2 — OHLCV,2025-12-16,5,473.38677978515625,483.7807922363281,473.38677978515625,473.2558761966308,473.3945261517382,475.8789057851276,,475.4043299813265,,475.44411984679505,478.5697228642267,,,,,
MSFT,Experiment 2 — OHLCV,2025-12-16,10,473.38677978515625,480.5711669921875,473.38677978515625,473.255876343122,473.48776929525917,478.38415148396865,,477.4304788730409,,470.5697767820915,473.05561661550723,,,,,
MSFT,Experiment 2 — OHLCV,2025-12-16,20,473.38677978515625,453.7811279296875,473.38677978515625,473.255876343122,473.66738905311433,483.4342786144124,,481.50871948809026,,472.8554541881577,479.71765531474273,,,,,
MSFT,Experiment 2 — OHLCV,2026-04-13,1,382.8186340332031,391.5233459472656,382.8186340332031,381.56754087799396,382.01394151102556,383.208533778582,383.1126921029145,383.13602458727036,,380.9103212883806,378.4166965239626,,,,,
MSFT,Experiment 2 — OHLCV,2026-04-13,5,382.8186340332031,416.3826293945313,382.8186340332031,381.6131861268311,381.651303004651,384.77210792511266,,384.4082204349558,,380.5123558715167,384.4662474111307,,,,,
MSFT,Experiment 2 — OHLCV,2026-04-13,10,382.8186340332031,423.1053771972656,382.8186340332031,381.6131862212935,381.2161257200988,386.7355501412028,,386.00440731198313,,386.6596709700754,383.2163403827477,,,,,
MSFT,Experiment 2 — OHLCV,2026-04-13,20,382.8186340332031,410.9944458007813,382.8186340332031,381.6131862212935,380.4028158247751,390.6925432737596,,389.21669223487214,,417.3392170152922,395.14796653325993,,,,,
MSFT,Experiment 2 — OHLCV,2026-08-06,1,498.9207458496094,499.0505065917969,498.9207458496094,497.8984333991178,498.77174928375655,499.42681368075057,499.3168959222366,499.3415927028734,,501.6324965863547,499.11444191068273,,,,,
MSFT,Experiment 2 — OHLCV,2026-08-06,5,498.9207458496094,495.9463806152344,498.9207458496094,498.0106374518646,498.77174928375655,501.4562233876535,,501.02853301556314,,510.5189360965457,496.76894683103524,,,,,
MSFT,Experiment 2 — OHLCV,2026-08-06,10,498.9207458496094,481.1499938964844,498.9207458496094,498.0106635174554,498.77174928375655,504.0045860309963,,503.1452249359773,,489.45167515011775,487.89989740891053,,,,,
MSFT,Experiment 2 — OHLCV,2026-08-06,20,498.9207458496094,510.1199951171875,498.9207458496094,498.01066351670835,498.77174928375655,509.1402288908744,,507.4054736785473,,508.7223821099471,542.9373273164599,,,,,
NVDA,Experiment 1 — Univariate Close,2011-03-11,1,0.413217544555664,0.4166515171527862,0.413217544555664,0.41312575483097586,0.4104999370177587,0.41333368135356935,0.4133066512725063,0.41331188425180543,,0.4057523016687092,0.40525329440818497,,,,,
NVDA,Experiment 1 — Univariate Close,2011-03-11,5,0.413217544555664,0.4033735692501068,0.413217544555664,0.41309930725431865,0.40105775187447923,0.41379855504505364,,0.4136894584679405,,0.3856079817460056,0.3757745654857094,,,,,
NVDA,Experiment 1 — Univariate Close,2011-03-11,10,0.413217544555664,0.4264954626560211,0.413217544555664,0.4130992403660959,0.3919207252850938,0.41438038247262327,,0.4141619113281478,,0.3769831956118707,0.37472326789310184,,,,,
NVDA,Experiment 1 — Univariate Close,2011-03-11,20,0.413217544555664,0.4017709791660309,0.413217544555664,0.41309924032822964,0.37989608242131717,0.41554649273858835,,0.4151084363550734,,0.36116564864386186,0.41645331139197017,,,,,
NVDA,Experiment 1 — Univariate Close,2011-07-05,1,0.3635399639606476,0.3587324023246765,0.3635399639606476,0.36331017909902164,0.36317257552542864,0.36351091786436035,0.36350833624145085,0.3635124012197987,,0.3673475190739942,0.3727986717520082,,,,,
NVDA,Experiment 1 — Univariate Close,2011-07-05,5,0.3635399639606476,0.3362972736358642,0.3635399639606476,0.363311029679913,0.3619197303911462,0.36339475668459137,,0.36340217115223766,,0.37041515274443804,0.38532188287544167,,,,,
NVDA,Experiment 1 — Univariate Close,2011-07-05,10,0.3635399639606476,0.3255376517772674,0.3635399639606476,0.3633110296799132,0.36074829506407274,0.36324960740808154,,0.3632644305715329,,0.39922586432648766,0.41739653599388693,,,,,
NVDA,Experiment 1 — Univariate Close,2011-07-05,20,0.3635399639606476,0.3301161825656891,0.3635399639606476,0.3633110296799132,0.3592889928007429,0.36295948276104445,,0.36298910601406265,,0.42189427302122473,0.42072695022971207,,,,,
NVDA,Experiment 1 — Univariate Close,2011-10-25,1,0.3308029770851135,0.3346947729587555,0.3308029770851135,0.3306677064164596,0.33080067146649517,0.3306610527634061,0.33066061242272177,0.33064982197502246,,0.3340927829806756,0.33699278472663635,,,,,
NVDA,Experiment 1 — Univariate Close,2011-10-25,5,0.3308029770851135,0.3218745589256286,0.3308029770851135,0.3306669903279477,0.33079177827358025,0.3300939641129735,,0.3300379102837327,,0.31400624800172605,0.32509276701045325,,,,,
NVDA,Experiment 1 — Univariate Close,2011-10-25,10,0.3308029770851135,0.3452255129814148,0.3308029770851135,0.3306669903279472,0.33078136923664814,0.3293864707746623,,0.32927461289572213,,0.32321407749468456,0.31282252087032403,,,,,
NVDA,Experiment 1 — Univariate Close,2011-10-25,20,0.3308029770851135,0.3452255129814148,0.3308029770851135,0.3306669903279472,0.3307627021053742,0.3279760299783284,,0.3277533100003856,,0.3316837898114548,0.3396850023868485,,,,,
NVDA,Experiment 1 — Univariate Close,2012-02-17,1,0.3628531098365783,0.3646845519542694,0.3628531098365783,0.36269194054188686,0.3628523977365232,0.36281167046730917,0.36275405204663846,0.36278472685077506,,0.3629077445891327,0.3594679495514785,,,,,
NVDA,Experiment 1 — Univariate Close,2012-02-17,5,0.3628531098365783,0.3541538119316101,0.3628531098365783,0.36269097349121626,0.36284965072869174,0.36264596031035135,,0.36251132375726536,,0.375110292342603,0.36707285804762635,,,,,
NVDA,Experiment 1 — Univariate Close,2012-02-17,10,0.3628531098365783,0.3401890397071838,0.3628531098365783,0.36269097349121504,0.36284643602319977,0.3624389290438969,,0.3621698596201401,,0.3707845988601965,0.35814052087261544,,,,,
NVDA,Experiment 1 — Univariate Close,2012-02-17,20,0.3628531098365783,0.3351526856422424,0.3628531098365783,0.36269097349121504,0.36284067247200535,0.3620252210202902,,0.36148789595973685,,0.37150128778684616,0.3386777322585516,,,,,
NVDA,Experiment 1 — Univariate Close,2012-06-12,1,0.2863906621932983,0.278836041688919,0.2863906621932983,0.2864351275990832,0.2863904318060074,0.2861895135689498,0.28615451228822314,0.2861679368965917,,0.28413656394747105,0.28549520757101177,,,,,
NVDA,Experiment 1 — Univariate Close,2012-06-12,5,0.2863906621932983,0.3031026124954223,0.2863906621932983,0.28643529990657207,0.286389543533795,0.2853863308620387,,0.28527876649223977,,0.2687142052016251,0.2729515357528772,,,,,
NVDA,Experiment 1 — Univariate Close,2012-06-12,10,0.2863906621932983,0.2914271056652069,0.2863906621932983,0.2864352999065721,0.2863885037918453,0.2843855215779548,,0.2841711876639472,,0.26876810973578363,0.27136077738307796,,,,,
NVDA,Experiment 1 — Univariate Close,2012-06-12,20,0.2863906621932983,0.2886799275875091,0.2863906621932983,0.2864352999065721,0.2863866389732635,0.28239441978935415,,0.281968913650663,,0.26161631112994493,0.26106620947464976,,,,,
NVDA,Experiment 1 — Univariate Close,2012-10-03,1,0.2985239326953888,0.3118018507957458,0.2985239326953888,0.29852393269100086,0.29852386039107054,0.2983584615335242,0.29832169240414497,0.2983321766216982,,0.2978585632392616,0.297089723668168,,,,,
NVDA,Experiment 1 — Univariate Close,2012-10-03,5,0.2985239326953888,0.2900535762310028,0.2985239326953888,0.29852393269100086,0.29852358134650564,0.2976974935808279,,0.2975663832761492,,0.2892998007240779,0.2897010089596161,,,,,
NVDA,Experiment 1 — Univariate Close,2012-10-03,10,0.2985239326953888,0.2989817559719085,0.2985239326953888,0.29852393269100086,0.29852325472599506,0.29687334239542545,,0.29661190530542636,,0.28250097766523075,0.28395615355917053,,,,,
NVDA,Experiment 1 — Univariate Close,2012-10-03,20,0.2985239326953888,0.2859327793121338,0.2985239326953888,0.29852393269100086,0.29852266894048685,0.29523187849385085,,0.29471212433305244,,0.27743609378555223,0.27753091633835136,,,,,
NVDA,Experiment 1 — Univariate Close,2013-01-30,1,0.2838605642318725,0.2824781835079193,0.2838605642318725,0.2838605639516236,0.2838605414234455,0.2836883985451792,0.2836447558856917,0.28365764247333203,,0.27846887125815284,0.2766682905478219,,,,,
NVDA,Experiment 1 — Univariate Close,2013-01-30,5,0.2838605642318725,0.2843214273452759,0.2838605642318725,0.28386056395162357,0.2838604534258837,0.2830007793759624,,0.2828474050175779,,0.26809110908549977,0.2686509048843507,,,,,
NVDA,Experiment 1 — Univariate Close,2013-01-30,10,0.2838605642318725,0.2850126326084137,0.2838605642318725,0.28386056395162357,0.2838603504244497,0.28214359872116934,,0.2818378619857434,,0.2729882519904025,0.2726128963937364,,,,,
NVDA,Experiment 1 — Univariate Close,2013-01-30,20,0.2838605642318725,0.2934839725494385,0.2838605642318725,0.28386056395162357,0.28386016569209155,0.28043701848738173,,0.2798295728878005,,0.2545674706071876,0.25084424203341227,,,,,
NVDA,Experiment 1 — Univariate Close,2013-05-23,1,0.3408751785755157,0.3387783169746399,0.3408751785755157,0.34087516191204603,0.34087517131670625,0.34086173946871146,0.3407918956125149,0.34082863705035576,,0.34372553391902627,0.3426520042813595,,,,,
NVDA,Experiment 1 — Univariate Close,2013-05-23,5,0.3408751785755157,0.3371471464633941,0.3408751785755157,0.3408751619120717,0.3408751436278999,0.3408079883396941,,0.34064253448669285,,0.34649876120178347,0.3460946505025851,,,,,
NVDA,Experiment 1 — Univariate Close,2013-05-23,10,0.3408751785755157,0.3366813361644745,0.3408751785755157,0.3408751619120717,0.34087511121828334,0.3407408113478048,,0.34041004917526263,,0.33379734136367306,0.3455572195779462,,,,,
NVDA,Experiment 1 — Univariate Close,2013-05-23,20,0.3408751785755157,0.3359822928905487,0.3408751785755157,0.3408751619120717,0.34087505309251764,0.34060649708538165,,0.33994555445119773,,0.32875420937956673,0.3371454677805364,,,,,
NVDA,Experiment 1 — Univariate Close,2013-09-16,1,0.3702263534069061,0.3713971376419067,0.3702263534069061,0.37022635263559106,0.3702263511530443,0.3703350273414707,0.37027526552287315,0.3703007658347115,,0.3706735277091485,0.36813023452970883,,,,,
NVDA,Experiment 1 — Univariate Close,2013-09-16,5,0.3702263534069061,0.3662452399730682,0.3702263534069061,0.37022635263559234,0.3702263424736326,0.370770042168068,,0.37059856513880796,,0.3762553352382616,0.3707157623371186,,,,,
NVDA,Experiment 1 — Univariate Close,2013-09-16,10,0.3702263534069061,0.3643720149993896,0.3702263534069061,0.37022635263559234,0.3702263323147061,0.37131452935285997,,0.37097115107846707,,0.38079824010044083,0.3840303003619754,,,,,
NVDA,Experiment 1 — Univariate Close,2013-09-16,20,0.3702263534069061,0.3627327382564544,0.3702263534069061,0.37022635263559234,0.3702263140957873,0.37240590368509424,,0.3717174470862931,,0.3814514315935685,0.3888109969741964,,,,,
NVDA,Experiment 1 — Univariate Close,2014-01-08,1,0.3851806223392486,0.3708187043666839,0.3851806223392486,0.3851806057210377,0.3851806215487149,0.3852622429442219,0.38519913086927243,0.3852159016047203,,0.38454642308604914,0.38697492461625854,,,,,
NVDA,Experiment 1 — Univariate Close,2014-01-08,5,0.3851806223392486,0.3769401311874389,0.3851806223392486,0.3851806057210641,0.3851806187973646,0.3855888983565918,,0.38535705098237044,,0.3831790435713301,0.3859036374249291,,,,,
NVDA,Experiment 1 — Univariate Close,2014-01-08,10,0.3851806223392486,0.3759984374046325,0.3851806223392486,0.3851806057210641,0.3851806155769045,0.3859976071301451,,0.3855335604371021,,0.38113346975653056,0.3810203180508366,,,,,
NVDA,Experiment 1 — Univariate Close,2014-01-08,20,0.3851806223392486,0.3682287037372589,0.3851806223392486,0.3851806057210641,0.38518060980104435,0.38681632478118533,,0.38588682192947144,,0.37466716858139754,0.3717010058501181,,,,,
NVDA,Experiment 1 — Univariate Close,2014-05-02,1,0.4358759522438049,0.440606027841568,0.4358759522438049,0.4358759553363097,0.43587595206886515,0.4360150307042358,0.43593887025913325,0.4359660557504569,,0.43497919787727013,0.43323100941495535,,,,,
NVDA,Experiment 1 — Univariate Close,2014-05-02,5,0.4358759522438049,0.4268887341022491,0.4358759522438049,0.43587595533630824,0.4358759512038361,0.4365717884564553,,0.43632665607594906,,0.44014470234559727,0.43807126912559086,,,,,
NVDA,Experiment 1 — Univariate Close,2014-05-02,10,0.4358759522438049,0.4247604310512543,0.4358759522438049,0.43587595533630824,0.4358759501913271,0.4372687355081698,,0.43677782594422876,,0.43802769122288426,0.4342783522575221,,,,,
NVDA,Experiment 1 — Univariate Close,2014-05-02,20,0.4358759522438049,0.4500007331371307,0.4358759522438049,0.43587595533630824,0.4358759483754293,0.438665969225035,,0.43768156571725275,,0.4491405514729457,0.45190171139919955,,,,,
NVDA,Experiment 1 — Univariate Close,2014-08-25,1,0.4560483396053314,0.4641622602939605,0.4560483396053314,0.4560483359042877,0.4560483395240725,0.4561845358405655,0.4561031091467128,0.4561318360758348,,0.4579778783644607,0.45633708892718094,,,,,
NVDA,Experiment 1 — Univariate Close,2014-08-25,5,0.4560483396053314,0.4653553664684295,0.4560483396053314,0.45604833590429733,0.4560483392518082,0.45672972764527875,,0.4564659748569276,,0.44814793628355554,0.4479888139245941,,,,,
NVDA,Experiment 1 — Univariate Close,2014-08-25,10,0.4560483396053314,0.4663101136684418,0.4560483396053314,0.45604833590429733,0.45604833893312646,0.45741213375638357,,0.45688399256623313,,0.4511021883184072,0.4555834803836247,,,,,
NVDA,Experiment 1 — Univariate Close,2014-08-25,20,0.4560483396053314,0.4488891065120697,0.4560483396053314,0.45604833590429733,0.4560483383615862,0.4587800062787944,,0.4577211767592662,,0.5255867835422361,0.5159209128349403,,,,,
NVDA,Experiment 1 — Univariate Close,2014-12-16,1,0.4637300372123718,0.4826626479625702,0.4637300372123718,0.46373006187422083,0.4637300372687893,0.46384595357025543,0.4637647745670768,0.46378689599566486,,0.46589949686170806,0.46648781573455383,,,,,
NVDA,Experiment 1 — Univariate Close,2014-12-16,5,0.4637300372123718,0.4948850870132446,0.4637300372123718,0.4637300618741629,0.4637300371833665,0.4643099088247483,,0.46401440085297396,,0.46806756455454546,0.4716564251727358,,,,,
NVDA,Experiment 1 — Univariate Close,2014-12-16,10,0.4637300372123718,0.4805059134960174,0.4637300372123718,0.4637300618741629,0.4637300370833818,0.4648905055380668,,0.4642989388680476,,0.48345463347604034,0.4899592849153762,,,,,
NVDA,Experiment 1 — Univariate Close,2014-12-16,20,0.4637300372123718,0.4697214365005493,0.4637300372123718,0.4637300618741629,0.4637300369040686,0.4660538778954762,,0.4648685384493865,,0.5397890003073647,0.5428687014737505,,,,,
NVDA,Experiment 1 — Univariate Close,2015-04-13,1,0.5425001382827759,0.5379291772842407,0.5425001382827759,0.5425001568949416,0.5425001383510879,0.5427054518982273,0.5426027182663885,0.5426320454413895,,0.5501123262810742,0.5499670485772679,,,,,
NVDA,Experiment 1 — Univariate Close,2015-04-13,5,0.5425001382827759,0.531433641910553,0.5425001382827759,0.5425001568949072,0.5425001383242019,0.5435274836803342,,0.5431599948818389,,0.556329779885816,0.556977165967266,,,,,
NVDA,Experiment 1 — Univariate Close,2015-04-13,10,0.5425001382827759,0.5340797901153564,0.5425001382827759,0.5425001568949072,0.5425001382927327,0.5445567745862738,,0.5438206540811238,,0.5397944076505516,0.5379975316128882,,,,,
NVDA,Experiment 1 — Univariate Close,2015-04-13,20,0.5425001382827759,0.4963095486164093,0.5425001382827759,0.5425001568949072,0.5425001382362956,0.5466212076672957,,0.545144384186438,,0.5565938449440413,0.5776816071064447,,,,,
NVDA,Experiment 1 — Univariate Close,2015-08-04,1,0.4923225939273834,0.4973981976509094,0.4923225939273834,0.4923225812823552,0.4923225938963713,0.49247050028156214,0.49239572396074943,0.4924196375807898,,0.4897318035214069,0.4931621719038251,,,,,
NVDA,Experiment 1 — Univariate Close,2015-08-04,5,0.4923225939273834,0.5718387961387634,0.4923225939273834,0.4923225812823964,0.49232259388788224,0.49306257018047367,,0.4928080035187072,,0.47173280796258765,0.48091191000694344,,,,,
NVDA,Experiment 1 — Univariate Close,2015-08-04,10,0.4923225939273834,0.5601677894592285,0.4923225939273834,0.4923225812823964,0.492322593877946,0.49380365864101056,,0.4932938917036892,,0.4722517930603365,0.47424489970017847,,,,,
NVDA,Experiment 1 — Univariate Close,2015-08-04,20,0.4923225939273834,0.5232763886451721,0.4923225939273834,0.4923225812823964,0.4923225938601261,0.49528917887366736,,0.4942671057425877,,0.4883426905889063,0.4964919625914614,,,,,
NVDA,Experiment 1 — Univariate Close,2015-11-24,1,0.7593905329704285,0.758415937423706,0.7593905329704285,0.7593905215282258,0.759544817766974,0.7596855257536871,0.7595547321408582,0.7596008343648435,,0.7581092017994536,0.7640907910780329,,,,,
NVDA,Experiment 1 — Univariate Close,2015-11-24,5,0.7593905329704285,0.7917929291725159,0.7593905329704285,0.7593905215282366,0.7601381102492116,0.7608666432606757,,0.7604426225008075,,0.7922270800080207,0.7846356234427357,,,,,
NVDA,Experiment 1 — Univariate Close,2015-11-24,10,0.7593905329704285,0.7969090938568115,0.7593905329704285,0.7593905215282366,0.7608288129156434,0.7623456228276578,,0.7614961696374272,,0.7917685241566979,0.7955464592885733,,,,,
NVDA,Experiment 1 — Univariate Close,2015-11-24,20,0.7593905329704285,0.8054361939430237,0.7593905329704285,0.7593905215282366,0.762056572766226,0.7653122121119739,,0.7636076448098863,,0.819478662668851,0.850660164186425,,,,,
NVDA,Experiment 1 — Univariate Close,2016-03-21,1,0.8291546106338501,0.8276876211166382,0.8291546106338501,0.8291546129085684,0.8291953933385791,0.8295037379170085,0.8293447640414742,0.8293999407614739,,0.8248198870533442,0.830730167703551,,,,,
NVDA,Experiment 1 — Univariate Close,2016-03-21,5,0.8291546106338501,0.8653429746627808,0.8291546106338501,0.8291546129085695,0.8293525801575203,0.8309017177185927,,0.8303819873691466,,0.8446210043734317,0.8330706996603999,,,,,
NVDA,Experiment 1 — Univariate Close,2016-03-21,10,0.8291546106338501,0.8741456270217896,0.8291546106338501,0.8291546129085695,0.8295363343711901,0.8326525061229907,,0.8316111809593832,,0.8743572441052629,0.8602362851824025,,,,,
NVDA,Experiment 1 — Univariate Close,2016-03-21,20,0.8291546106338501,0.88783860206604,0.8291546106338501,0.8291546129085695,0.8298652064381571,0.8361651579346506,,0.8340750294664364,,0.8608826512782799,0.8659942121952113,,,,,
NVDA,Experiment 1 — Univariate Close,2016-07-13,1,1.2939077615737915,1.3071459531784058,1.2939077615737915,1.2939027887728574,1.2973176344736366,1.2946902677791265,1.2945052052311656,1.2945553078310796,,1.3018393632734924,1.313231430129805,,,,,
NVDA,Experiment 1 — Univariate Close,2016-07-13,5,1.2939077615737915,1.3292102813720703,1.2939077615737915,1.2939027671033057,1.3107874825342989,1.2978250277631813,,1.2971487351783508,,1.3405194616768057,1.3559227864600165,,,,,
NVDA,Experiment 1 — Univariate Close,2016-07-13,10,1.2939077615737915,1.374317288398743,1.2939077615737915,1.2939027671033057,1.3272494092965772,1.3017541533561965,,1.300397826757172,,1.365072475986726,1.385263778168942,,,,,
NVDA,Experiment 1 — Univariate Close,2016-07-13,20,1.2939077615737915,1.4343795776367188,1.2939077615737915,1.2939027671033057,1.3589609881560614,1.3096481264777287,,1.3069204452239747,,1.3791523144634166,1.4255213531679423,,,,,
NVDA,Experiment 1 — Univariate Close,2016-11-02,1,1.6887660026550293,1.669117450714111,1.6887660026550293,1.6887177125698962,1.6918487520209395,1.6900004943990319,1.689753450372056,1.689820470256219,,1.696686852070777,1.7015395711827475,,,,,
NVDA,Experiment 1 — Univariate Close,2016-11-02,5,1.6887660026550293,1.7182387113571167,1.6887660026550293,1.6887175435884039,1.7039569948611886,1.6949474921365348,,1.6940449288822585,,1.6662152442660778,1.6165513661188684,,,,,
NVDA,Experiment 1 — Univariate Close,2016-11-02,10,1.6887660026550293,2.250459909439087,1.6887660026550293,1.6887175435884039,1.7187548608770773,1.701151608087397,,1.6993403565443035,,1.766560057422769,1.729408242058277,,,,,
NVDA,Experiment 1 — Univariate Close,2016-11-02,20,1.6887660026550293,2.155686616897583,1.6887660026550293,1.6887175435884039,1.7472608615349243,1.713628050984331,,1.7099809226619147,,1.8475981655555493,1.7660713084227133,,,,,
NVDA,Experiment 1 — Univariate Close,2017-02-28,1,2.499260425567627,2.531523942947388,2.499260425567627,2.5000881780373385,2.5093242080070515,2.5010953273784264,2.5008264647349834,2.5008772006300912,,2.542714393686934,2.597067090448241,,,,,
NVDA,Experiment 1 — Univariate Close,2017-02-28,5,2.499260425567627,2.431779623031616,2.499260425567627,2.5000833631191433,2.5221602730051322,2.5084484159595677,,2.5073547665885174,,2.9369884401815014,2.6788326450759548,,,,,
NVDA,Experiment 1 — Univariate Close,2017-02-28,10,2.499260425567627,2.5066490173339844,2.499260425567627,2.5000833631191375,2.537847633468488,2.517670184010923,,2.5154753227072395,,2.938993617617278,2.9410692217656353,,,,,
NVDA,Experiment 1 — Univariate Close,2017-02-28,20,2.499260425567627,2.6522018909454346,2.499260425567627,2.5000833631191375,2.568067119657115,2.5362155502534187,,2.531795420123926,,3.0633423265959934,3.0489706328070922,,,,,
NVDA,Experiment 1 — Univariate Close,2017-06-21,1,3.931581258773804,3.904461145401001,3.931581258773804,3.930202816896066,3.9423854338973943,3.9348188480087405,3.934549318617805,3.934538229497421,,3.986011128604476,3.993743517099099,,,,,
NVDA,Experiment 1 — Univariate Close,2017-06-21,5,3.931581258773804,3.741252183914185,3.931581258773804,3.9305879277748508,4.001708299703186,3.947795887900332,,3.946388368715591,,4.089102953893367,4.151453193773138,,,,,
NVDA,Experiment 1 — Univariate Close,2017-06-21,10,3.931581258773804,3.5373623371124268,3.931581258773804,3.930864715597929,4.074208647726813,3.964077389407312,,3.961251245151925,,4.101943656474674,4.225485161834495,,,,,
NVDA,Experiment 1 — Univariate Close,2017-06-21,20,3.931581258773804,4.129552841186523,3.931581258773804,3.930809075888406,4.213870337205323,3.9968421138804593,,3.99114513840968,,4.047412833487049,4.1111235244178825,,,,,
NVDA,Experiment 1 — Univariate Close,2017-10-12,1,4.713810443878174,4.801655292510986,4.713810443878174,4.714130738807724,4.7226141825145,4.717912630940415,4.717573714704345,4.717568202641916,,4.716496628390263,4.746743121712699,,,,,
NVDA,Experiment 1 — Univariate Close,2017-10-12,5,4.713810443878174,4.880865097045898,4.713810443878174,4.714055031040507,4.75652172592292,4.734357109496646,,4.732629217714901,,4.56976857541078,4.5690406451603955,,,,,
NVDA,Experiment 1 — Univariate Close,2017-10-12,10,4.713810443878174,4.828798770904541,4.713810443878174,4.713957407796957,4.797961205697626,4.754993334394825,,4.7515231210573505,,4.9808171174311315,5.020810477308472,,,,,
NVDA,Experiment 1 — Univariate Close,2017-10-12,20,4.713810443878174,5.06642484664917,4.713810443878174,4.713980820102418,4.877788515692882,4.796536025224092,,4.789537517204007,,5.003642309903956,5.394762325363644,,,,,
NVDA,Experiment 1 — Univariate Close,2018-02-06,1,5.570223331451416,5.649734020233154,5.570223331451416,5.561624700237252,5.563640399391767,5.575531878258571,5.57519754300833,5.5751259596240015,,5.531407893672617,5.558345640282556,,,,,
NVDA,Experiment 1 — Univariate Close,2018-02-06,5,5.570223331451416,5.744311332702637,5.570223331451416,5.563951993506047,5.588742089295963,5.596816705357684,,5.594779660757496,,5.29818139862928,5.149023270335445,,,,,
NVDA,Experiment 1 — Univariate Close,2018-02-06,10,5.570223331451416,5.963582515716553,5.570223331451416,5.565856260138973,5.619419657368841,5.623537041414954,,5.6194442466402155,,5.509545574605969,5.383528537862392,,,,,
NVDA,Experiment 1 — Univariate Close,2018-02-06,20,5.570223331451416,5.975440979003906,5.570223331451416,5.565453468899034,5.678515663152894,5.6773610274484,,5.669100099235984,,5.941484793492542,5.88330233902162,,,,,
NVDA,Experiment 1 — Univariate Close,2018-05-31,1,6.235024929046631,6.3692731857299805,6.235024929046631,6.236360551593944,6.2416876398120795,6.241142241167608,6.240686135132248,6.240641682558201,,6.35705902624891,6.356003697559086,,,,,
NVDA,Experiment 1 — Univariate Close,2018-05-31,5,6.235024929046631,6.499814510345459,6.235024929046631,6.236001731666439,6.262042025032981,6.265671566781984,,6.263159340110751,,6.542070891100833,6.294982288068697,,,,,
NVDA,Experiment 1 — Univariate Close,2018-05-31,10,6.235024929046631,6.598957538604736,6.235024929046631,6.2359942098537475,6.286917762108014,6.29646884006654,,6.291420702565592,,6.315529315378954,6.3404716224843,,,,,
NVDA,Experiment 1 — Univariate Close,2018-05-31,20,6.235024929046631,5.9549078941345215,6.235024929046631,6.235994267324551,6.3348373592082945,6.35851825856146,,6.348326575612139,,6.804451308794128,6.832306253944873,,,,,
NVDA,Experiment 1 — Univariate Close,2018-09-21,1,6.516973972320557,6.572633743286133,6.516973972320557,6.5169690472364605,6.526750439588642,6.52352152635108,6.522973831026512,6.522919575519646,,6.330487182936615,6.380158696858746,,,,,
NVDA,Experiment 1 — Univariate Close,2018-09-21,5,6.516973972320557,6.951604843139648,6.516973972320557,6.516970549350112,6.538672770387112,6.549777591373649,,6.546756281095382,,6.438777391246166,6.3549891861782335,,,,,
NVDA,Experiment 1 — Univariate Close,2018-09-21,10,6.516973972320557,6.675538539886475,6.516973972320557,6.516970630256975,6.553243427424682,6.582746329610514,,6.576674693822706,,6.7528400567860825,6.775679663606974,,,,,
NVDA,Experiment 1 — Univariate Close,2018-09-21,20,6.516973972320557,5.6689887046813965,6.516973972320557,6.516970628389827,6.581311742048713,6.649182492372436,,6.636922321935654,,6.9760409924946565,6.848195913530608,,,,,
NVDA,Experiment 1 — Univariate Close,2019-01-17,1,3.75685977935791,3.88586950302124,3.75685977935791,3.755570898029117,3.7459104242065653,3.7605968116219657,3.7601092522130957,3.7601565904234584,,3.704656556524565,3.766131859163496,,,,,
NVDA,Experiment 1 — Univariate Close,2019-01-17,5,3.75685977935791,3.965602159500122,3.75685977935791,3.75583166513664,3.717175859519504,3.7755821507674083,,3.7733727910641806,,3.8454416128399505,3.897261409864776,,,,,
NVDA,Experiment 1 — Univariate Close,2019-01-17,10,3.75685977935791,3.5837748050689697,3.75685977935791,3.7558327742066755,3.682449022230305,3.7943978254173203,,3.789958384546623,,3.960424342226446,3.8729617486438155,,,,,
NVDA,Experiment 1 — Univariate Close,2019-01-17,20,3.75685977935791,3.896021842956543,3.75685977935791,3.7558327730114014,3.6167830113897486,3.8323109466684375,,3.8233485943545595,,3.9830501067498076,4.047050045033033,,,,,
NVDA,Experiment 1 — Univariate Close,2019-05-13,1,3.927550792694092,4.016536235809326,3.927550792694092,3.9311973622935907,3.9350129074190456,3.9315185619341695,3.931038421552928,3.931081094069347,,4.028925873484773,4.0146631100198285,,,,,
NVDA,Experiment 1 — Univariate Close,2019-05-13,5,3.927550792694092,3.761475563049317,3.927550792694092,3.9300249188627085,3.925390313443784,3.9474297634046747,,3.9452340604207214,,3.9830711100333733,3.8905887662870398,,,,,
NVDA,Experiment 1 — Univariate Close,2019-05-13,10,3.927550792694092,3.5527663230896,3.927550792694092,3.9299074028317795,3.9138408464427767,3.9674093498672542,,3.962996944675309,,3.5810825396497243,3.618513029622896,,,,,
NVDA,Experiment 1 — Univariate Close,2019-05-13,20,3.927550792694092,3.7409534454345694,3.927550792694092,3.929912717893763,3.892249479682402,4.007672409658913,,3.998762998233002,,3.1931510320627083,3.0733440090672297,,,,,
NVDA,Experiment 1 — Univariate Close,2019-09-04,1,4.192028999328613,4.464773178100586,4.192028999328613,4.190228698325788,4.1882422705640945,4.196189690510574,4.195626863359156,4.195737852563252,,4.203772673925697,4.176061584405206,,,,,
NVDA,Experiment 1 — Univariate Close,2019-09-04,5,4.192028999328613,4.578790664672852,4.192028999328613,4.19072783884278,4.1881828981114735,4.2128737921222585,,4.2106061082321835,,4.018917446412274,4.164901207209368,,,,,
NVDA,Experiment 1 — Univariate Close,2019-09-04,10,4.192028999328613,4.470734119415283,4.192028999328613,4.190740735013744,4.188111449851506,4.233822235293006,,4.229265542180564,,4.022617204190613,3.9162425589911956,,,,,
NVDA,Experiment 1 — Univariate Close,2019-09-04,20,4.192028999328613,4.298345565795898,4.192028999328613,4.190740608443522,4.187977298948082,4.276032136927569,,4.266832846132639,,3.391611883126302,3.3085113023417105,,,,,
NVDA,Experiment 1 — Univariate Close,2019-12-26,1,5.945906162261963,5.888233661651611,5.945906162261963,5.94574442028577,5.952148795727617,5.952308305385928,5.9514883457134236,5.9516438127025335,,5.9562375962128264,6.047820357608424,,,,,
NVDA,Experiment 1 — Univariate Close,2019-12-26,5,5.945906162261963,5.868346691131592,5.945906162261963,5.94578940382671,5.977037791423774,5.977985886022312,,5.974649834807138,,5.9225084931056315,5.853694124706775,,,,,
NVDA,Experiment 1 — Univariate Close,2019-12-26,10,5.945906162261963,6.073429107666016,5.945906162261963,5.945790589661978,6.005546383053673,6.010238688309039,,6.003532459883491,,5.920565101448309,5.754189400842698,,,,,
NVDA,Experiment 1 — Univariate Close,2019-12-26,20,5.945906162261963,5.971012115478516,5.945906162261963,5.9457905777404685,6.054884217894507,6.07526726871598,,6.061717257771747,,5.855384106033508,5.907031727942179,,,,,
NVDA,Experiment 1 — Univariate Close,2020-04-21,1,6.703622341156006,7.117516040802002,6.703622341156006,6.72719265910963,6.764404213988674,6.711256826323862,6.709989023257204,6.710249941038366,,6.7792509023927705,6.859249568452439,,,,,
NVDA,Experiment 1 — Univariate Close,2020-04-21,5,6.703622341156006,7.247105598449707,6.703622341156006,6.7196013213709715,6.776370623728861,6.74188181214411,,6.736825929776712,,6.501469119799053,6.937082280447463,,,,,
NVDA,Experiment 1 — Univariate Close,2020-04-21,10,6.703622341156006,7.306305408477783,6.703622341156006,6.718829420097037,6.790808916396532,6.780359640767206,,6.77019397848201,,7.00432365060367,7.040041855931483,,,,,
NVDA,Experiment 1 — Univariate Close,2020-04-21,20,6.703622341156006,8.760899543762207,6.703622341156006,6.718864867173111,6.81803694724677,6.857975362946377,,6.837426718517969,,7.047626003086185,7.062886561501554,,,,,
NVDA,Experiment 1 — Univariate Close,2020-08-12,1,11.38749885559082,11.390235900878906,11.38749885559082,11.342966760104549,11.340846364914274,11.401573324882472,11.399347850071955,11.399856644217657,,11.351904235285765,11.054909007893453,,,,,
NVDA,Experiment 1 — Univariate Close,2020-08-12,5,11.38749885559082,12.08253002166748,11.38749885559082,11.356874983674198,11.450680958570077,11.458045371699006,,11.449422051873018,,11.558868978971454,11.80255837516644,,,,,
NVDA,Experiment 1 — Univariate Close,2020-08-12,10,11.38749885559082,12.714101791381836,11.38749885559082,11.357839981443192,11.584913284620345,11.529028929426088,,11.511681975498634,,11.491654087915865,11.260887433380057,,,,,
NVDA,Experiment 1 — Univariate Close,2020-08-12,20,11.38749885559082,12.25864601135254,11.38749885559082,11.357810492924562,11.843492918371917,11.67231801654898,,11.637219338991068,,11.151670448177239,11.007831901197822,,,,,
NVDA,Experiment 1 — Univariate Close,2020-12-03,1,13.342156410217283,13.50376033782959,13.342156410217283,13.356168320203345,13.375234572443812,13.359117163762468,13.356382610159402,13.357124312993522,,13.421757315537137,13.489035902579676,,,,,
NVDA,Experiment 1 — Univariate Close,2020-12-03,5,13.342156410217283,12.920114517211914,13.342156410217283,13.35175711840644,13.433053954847447,13.42717605989763,,13.417164030051419,,13.875708306391184,13.841176538746716,,,,,
NVDA,Experiment 1 — Univariate Close,2020-12-03,10,13.342156410217283,13.287630081176758,13.342156410217283,13.351428481392377,13.503716848317529,13.512737476636428,,13.492593331573294,,13.577828091190865,13.378207031219752,,,,,
NVDA,Experiment 1 — Univariate Close,2020-12-03,20,13.342156410217283,13.060794830322266,13.342156410217283,13.351439341959486,13.63983894089363,13.685499442403927,,13.644726475534654,,14.21832854532031,13.622957532566025,,,,,
NVDA,Experiment 1 — Univariate Close,2021-03-30,1,12.824442863464355,13.29919147491455,12.824442863464355,12.828817331150734,12.836821003956594,12.840627630952019,12.838012850878613,12.83863489290687,,12.821692143594666,12.660175511864068,,,,,
NVDA,Experiment 1 — Univariate Close,2021-03-30,5,12.824442863464355,14.09151840209961,12.824442863464355,12.827439093122454,12.851870002968985,12.905571214652982,,12.895560239117552,,12.826152937934799,12.653469847498304,,,,,
NVDA,Experiment 1 — Univariate Close,2021-03-30,10,12.824442863464355,15.220852851867676,12.824442863464355,12.827335134764075,12.870261859987112,12.987212789646856,,12.967071993004065,,12.67756766185745,12.571344136850652,,,,,
NVDA,Experiment 1 — Univariate Close,2021-03-30,20,12.824442863464355,15.220603942871094,12.824442863464355,12.82733861620275,12.905691177139655,13.152048618352497,,13.111287395632585,,12.886785537731896,12.490621749216553,,,,,
NVDA,Experiment 1 — Univariate Close,2021-07-22,1,19.526456832885746,19.49058532714844,19.526456832885746,19.544588165605283,19.527834195858244,19.552369847449143,19.548156694018974,19.54933848821765,,19.817395762691298,20.0032075442629,,,,,
NVDA,Experiment 1 — Univariate Close,2021-07-22,5,19.526456832885746,19.59422492980957,19.526456832885746,19.538890493869705,19.63023046491137,19.65636624673144,,19.641133557655998,,20.16461245182847,19.746619984479658,,,,,
NVDA,Experiment 1 — Univariate Close,2021-07-22,10,19.526456832885746,20.56585693359375,19.526456832885746,19.538474818979903,19.75537217952402,19.787139947219107,,19.756483766167648,,21.136627397867247,20.603872908798934,,,,,
NVDA,Experiment 1 — Univariate Close,2021-07-22,20,19.526456832885746,19.72975730895996,19.526456832885746,19.538488246870212,19.99644003317548,20.051303246753502,,19.98922047882672,,19.231061454333684,17.91106734551956,,,,,
NVDA,Experiment 1 — Univariate Close,2021-11-11,1,30.290584564208984,30.290584564208984,30.290584564208984,30.21672506087194,30.381785197954066,30.332203808657592,30.325628702292523,30.327563555651913,,30.67955505103077,30.895731353376583,,,,,
NVDA,Experiment 1 — Univariate Close,2021-11-11,5,30.290584564208984,31.571382522583008,30.290584564208984,30.240275387808232,30.910321189142195,30.499253420872193,,30.475931515413183,,31.06069458281066,31.365362048401177,,,,,
NVDA,Experiment 1 — Univariate Close,2021-11-11,10,30.290584564208984,31.399948120117188,30.290584564208984,30.242382509080876,31.556261717868495,30.709359776757278,,30.662412597662218,,31.853982752373184,31.406466308699365,,,,,
NVDA,Experiment 1 — Univariate Close,2021-11-11,20,30.290584564208984,30.102901458740234,30.290584564208984,30.24229788470562,32.8005749936497,31.13392466557521,,31.03880495657998,,33.39446672519202,32.53469031260534,,,,,
NVDA,Experiment 1 — Univariate Close,2022-03-08,1,21.449901580810547,22.9454345703125,21.449901580810547,21.40847652144552,21.410059967888195,21.47809020317579,21.473254604436583,21.474580692815312,,22.243974253961895,21.91752556106774,,,,,
NVDA,Experiment 1 — Univariate Close,2022-03-08,5,21.449901580810547,22.90455436706543,21.449901580810547,21.420922460317133,21.29175984895021,21.591215623638174,,21.57358141240577,,22.307346665340006,22.85086178927401,,,,,
NVDA,Experiment 1 — Univariate Close,2022-03-08,10,21.449901580810547,26.444976806640625,21.449901580810547,21.421512723815503,21.181078683674574,21.73346065715707,,21.69797438017487,,20.839075608592545,20.643833324791732,,,,,
NVDA,Experiment 1 — Univariate Close,2022-03-08,20,21.449901580810547,25.853742599487305,21.449901580810547,21.42150093807541,21.04306332878007,22.020768270506224,,21.948916195676755,,21.16039744112104,20.084047361022815,,,,,
NVDA,Experiment 1 — Univariate Close,2022-06-30,1,15.117030143737791,14.482791900634766,15.117030143737791,15.135378230296375,15.122311976262854,15.136255595733562,15.132807376965813,15.133552985974246,,15.135377215780858,15.195714602340649,,,,,
NVDA,Experiment 1 — Univariate Close,2022-06-30,5,15.117030143737791,15.794151306152344,15.117030143737791,15.12992619645443,15.032242203256015,15.213402219246309,,15.19982514629807,,15.063812354501183,15.171166886733475,,,,,
NVDA,Experiment 1 — Univariate Close,2022-06-30,10,15.117030143737791,15.718361854553224,15.117030143737791,15.129692706228651,14.927492200563583,15.310388673164443,,15.283073611766325,,14.432389242050386,15.042696689847231,,,,,
NVDA,Experiment 1 — Univariate Close,2022-06-30,20,15.117030143737791,18.11271476745605,15.117030143737791,15.129696855421976,14.741609593447865,15.506220408012167,,15.450940879378031,,15.203052303598081,15.780463869577154,,,,,
NVDA,Experiment 1 — Univariate Close,2022-10-21,1,12.435182571411133,12.567852020263672,12.435182571411133,12.42038841311625,12.407280384826258,12.450871169976562,12.448126701622058,12.448772655686712,,12.295406569088636,12.392027393065781,,,,,
NVDA,Experiment 1 — Univariate Close,2022-10-21,5,12.435182571411133,13.799798965454102,12.435182571411133,12.425097179791951,12.359967204148424,12.513823746168562,,12.503281677654046,,12.294543888014806,12.556554894051297,,,,,
NVDA,Experiment 1 — Univariate Close,2022-10-21,10,12.435182571411133,14.121004104614258,12.435182571411133,12.425505263990422,12.30372452748523,12.592962254546283,,12.571753716762593,,12.645796572171637,13.192823889860355,,,,,
NVDA,Experiment 1 — Univariate Close,2022-10-21,20,12.435182571411133,15.370904922485352,12.435182571411133,12.425489413695356,12.200244944821842,12.75274387277706,,12.70982477396782,,12.53402748948587,13.13927921813054,,,,,
NVDA,Experiment 1 — Univariate Close,2023-02-15,1,22.713531494140625,21.95322036743164,22.713531494140625,22.73983757636769,22.75596727727846,22.742988841421084,22.73784039635874,22.73910989279995,,22.499334883395363,23.00858936460915,,,,,
NVDA,Experiment 1 — Univariate Close,2023-02-15,5,22.713531494140625,23.61153030395508,22.713531494140625,22.731723325652244,22.85134344574967,22.861200760847073,,22.841711858124533,,22.80050670014939,22.897241263922016,,,,,
NVDA,Experiment 1 — Univariate Close,2023-02-15,10,22.713531494140625,23.26230812072754,22.713531494140625,22.731238471788654,22.921712266803322,23.009830081358242,,22.970615588517376,,24.825718713442484,24.72706683157059,,,,,
NVDA,Experiment 1 — Univariate Close,2023-02-15,20,22.713531494140625,25.48870658874512,22.713531494140625,22.731251044942383,22.982210378097744,23.309993891067123,,23.230609500400867,,20.858714164235835,23.738844284988005,,,,,
NVDA,Experiment 1 — Univariate Close,2023-06-09,1,38.694618225097656,39.40523910522461,38.694618225097656,38.714884230125726,38.79525259738856,38.745721536706476,38.736959969829535,38.73910894029181,,38.8162027225607,38.57274092755356,,,,,
NVDA,Experiment 1 — Univariate Close,2023-06-09,5,38.694618225097656,42.60898971557617,38.694618225097656,38.70839260423018,39.21777256268689,38.95081058765469,,38.91758393972263,,39.069531983555045,38.659974925598625,,,,,
NVDA,Experiment 1 — Univariate Close,2023-06-09,10,38.694618225097656,40.553001403808594,38.694618225097656,38.70777954726104,39.72707554633587,39.208699168694906,,39.14183442499993,,40.763963280380295,39.737225564077654,,,,,
NVDA,Experiment 1 — Univariate Close,2023-06-09,20,38.694618225097656,42.322547912597656,38.694618225097656,38.70780561380324,40.68598011376019,39.72960998240569,,39.59421936253624,,39.24149941979862,40.14631513110028,,,,,
NVDA,Experiment 1 — Univariate Close,2023-10-03,1,43.43596649169922,43.95898818969727,43.43596649169922,43.51948074590018,43.49495101508506,43.49284040188619,43.48268044788536,43.48505535901662,,43.06023194218778,43.4332093418628,,,,,
NVDA,Experiment 1 — Univariate Close,2023-10-03,5,43.43596649169922,45.71272277832031,43.43596649169922,43.49268804649214,43.585252084750465,43.72108171034906,,43.681966230169486,,44.67218159343989,45.24106024264479,,,,,
NVDA,Experiment 1 — Univariate Close,2023-10-03,10,43.43596649169922,43.85618209838867,43.43596649169922,43.490114672888815,43.692659019328566,44.00806843536728,,43.929359188964185,,47.07196826595333,46.47520237498662,,,,,
NVDA,Experiment 1 — Univariate Close,2023-10-03,20,43.43596649169922,40.70405960083008,43.43596649169922,43.49022605703023,43.89046701077873,44.5877056236813,,44.42835637424627,,52.33159783578287,58.782722949474056,,,,,
NVDA,Experiment 1 — Univariate Close,2024-01-26,1,60.92271041870117,62.35416412353516,60.92271041870117,60.93945425279126,61.04762767409943,61.00839680568144,60.993790792852764,60.99733203596483,,60.71902984952456,60.362759301452684,,,,,
NVDA,Experiment 1 — Univariate Close,2024-01-26,5,60.92271041870117,66.04261016845703,60.92271041870117,60.93401933991285,61.533557550928435,61.35234920909231,,61.29673363344691,,65.03529447741198,64.03294556945573,,,,,
NVDA,Experiment 1 — Univariate Close,2024-01-26,10,60.92271041870117,72.00502014160156,60.92271041870117,60.933349397160875,62.12742780157539,61.78501789570672,,61.6730530914853,,68.70920036130008,62.98849182413513,,,,,
NVDA,Experiment 1 — Univariate Close,2024-01-26,20,60.92271041870117,78.95167541503906,60.92271041870117,60.93338673035726,63.27143503460756,62.659530577959856,,62.43263721335683,,76.76212977114471,74.89482869336825,,,,,
NVDA,Experiment 1 — Univariate Close,2024-05-20,1,94.61627197265624,95.2212142944336,94.61627197265624,94.48936208242142,94.7270921805403,94.7519477670341,94.72955256335294,94.7351379778217,,95.85140135468298,96.12802114811471,,,,,
NVDA,Experiment 1 — Univariate Close,2024-05-20,5,94.61627197265624,113.70423889160156,94.61627197265624,94.52748459517784,95.55871064303028,95.29659927076044,,95.21209718407911,,97.7903671353299,97.95591318126719,,,,,
NVDA,Experiment 1 — Univariate Close,2024-05-20,10,94.61627197265624,116.23584747314452,94.61627197265624,94.52928644022941,96.57505783284375,95.98181838316776,,95.81167447403105,,101.7071590299365,104.94349465243057,,,,,
NVDA,Experiment 1 — Univariate Close,2024-05-20,20,94.61627197265624,135.35691833496094,94.61627197265624,94.5292505993123,98.53290727075027,97.36707299989354,,97.02217994987843,,98.16080259601902,96.40990923788847,,,,,
NVDA,Experiment 1 — Univariate Close,2024-09-12,1,118.95413208007812,118.9141845703125,118.95413208007812,119.08878605022414,118.8115739717875,119.12622639176666,119.09873339024095,119.10471436931975,,120.73310242781801,120.15302874595262,,,,,
NVDA,Experiment 1 — Univariate Close,2024-09-12,5,118.95413208007812,117.68611907958984,118.95413208007812,119.04531500736753,119.31836267971514,119.81709698024514,,119.70895213993346,,127.14584205791039,129.68864230787764,,,,,
NVDA,Experiment 1 — Univariate Close,2024-09-12,10,118.95413208007812,123.84648895263672,118.95413208007812,119.04062048111253,119.93772516667731,120.68632234741649,,120.46856188899754,,131.25278570587102,135.14477437273752,,,,,
NVDA,Experiment 1 — Univariate Close,2024-09-12,20,118.95413208007812,134.5996856689453,118.95413208007812,119.04084965068608,121.13083959559783,122.44373648104511,,122.00227221895511,,134.8592795548975,141.41543448814426,,,,,
NVDA,Experiment 1 — Univariate Close,2025-01-06,1,149.20716857910156,139.93101501464844,149.20716857910156,149.04355799560236,149.09906592010736,149.42563894974919,149.39137732207922,149.39916557101495,,152.00693613719514,152.97287496637637,,,,,
NVDA,Experiment 1 — Univariate Close,2025-01-06,5,149.20716857910156,131.56349182128906,149.20716857910156,149.09686245459116,149.70919732914362,150.3027239808103,,150.16962730116944,,147.3424303739219,145.9579224080437,,,,,
NVDA,Experiment 1 — Univariate Close,2025-01-06,10,149.20716857910156,146.85067749023438,149.20716857910156,149.10449204904754,150.45485819522665,151.40632351102602,,151.13829434955642,,150.0729237295859,143.84816034592671,,,,,
NVDA,Experiment 1 — Univariate Close,2025-01-06,20,149.20716857910156,124.6438446044922,149.20716857910156,149.10400066210158,151.89126862874937,153.63789164709246,,153.09441387049142,,152.67748736046957,152.09643497986582,,,,,
NVDA,Experiment 1 — Univariate Close,2025-05-01,1,111.45380401611328,114.33976745605467,111.45380401611328,111.25764554975763,111.21167800172398,111.61451517224938,111.58838577609387,111.59538451014167,,113.87797525303682,114.62896310490488,,,,,
NVDA,Experiment 1 — Univariate Close,2025-05-01,5,111.45380401611328,117.20574951171876,111.45380401611328,111.3205266274981,111.21636741245078,112.25968052022418,,112.16350727860902,,112.88625222058442,112.1436786771412,,,,,
NVDA,Experiment 1 — Univariate Close,2025-05-01,10,111.45380401611328,134.64129638671875,111.45380401611328,111.33823285724465,111.22209848941581,113.07138398507108,,112.87772971140357,,103.57086321520848,99.75776650989663,,,,,
NVDA,Experiment 1 — Univariate Close,2025-05-01,20,111.45380401611328,134.94088745117188,111.45380401611328,111.3361920121317,111.23313860043991,114.7124406310169,,114.31984737783029,,106.12155600926422,101.27327768504578,,,,,
NVDA,Experiment 1 — Univariate Close,2025-08-25,1,179.57083129882812,181.5282287597656,179.57083129882812,179.64789140441368,179.57428496456717,179.8479701094533,179.80310409326762,179.81546099495563,,179.33666923542108,178.6343588278327,,,,,
NVDA,Experiment 1 — Univariate Close,2025-08-25,5,179.57083129882812,170.55284118652344,179.57083129882812,179.62329941875475,180.22816136616757,180.96080915177467,,180.79731691771434,,182.59566900187042,184.576376435394,,,,,
NVDA,Experiment 1 — Univariate Close,2025-08-25,10,179.57083129882812,170.53286743164062,179.57083129882812,179.61588363579637,181.02728436935595,182.36154620440695,,182.03217954840395,,174.4856098665436,176.531752055915,,,,,
NVDA,Experiment 1 — Univariate Close,2025-08-25,20,179.57083129882812,178.2027130126953,179.57083129882812,179.61678352067995,182.5666820656271,185.19563168207645,,184.5272650990875,,183.5667469529871,183.55599064815232,,,,,
NVDA,Experiment 1 — Univariate Close,2025-12-16,1,177.5034942626953,170.73175048828125,177.5034942626953,177.54130070165124,177.4354984342175,177.77382490812937,177.73122753659368,177.74153542540446,,178.36468966729367,177.27044357436182,,,,,
NVDA,Experiment 1 — Univariate Close,2025-12-16,5,177.5034942626953,188.97952270507807,177.5034942626953,177.52923379959142,177.6493331219549,178.85927079114379,,178.69689661246082,,188.37894927079572,184.94650416879009,,,,,
NVDA,Experiment 1 — Univariate Close,2025-12-16,10,177.5034942626953,186.27279663085935,177.5034942626953,177.52560496180132,177.91066724784216,180.22540277767905,,179.89832251789966,,183.8819057010922,180.6057525433949,,,,,
NVDA,Experiment 1 — Univariate Close,2025-12-16,20,177.5034942626953,186.82212829589844,177.5034942626953,177.5260444119531,178.41409056282973,182.98905011022643,,182.32546113632108,,184.36263263163414,185.23378133568013,,,,,
NVDA,Experiment 1 — Univariate Close,2026-04-13,1,189.0896148681641,196.2812347412109,189.0896148681641,189.1662267620104,189.06499838459578,189.37816753209356,189.33112163311804,189.34279388973513,,190.8128392036079,190.5515778875884,,,,,
NVDA,Experiment 1 — Univariate Close,2026-04-13,5,189.0896148681641,201.82476806640625,189.0896148681641,189.14236316226595,189.23402260879303,190.536788255309,,190.35890442472072,,184.3905911259123,186.43457097795687,,,,,
NVDA,Experiment 1 — Univariate Close,2026-04-13,10,189.0896148681641,216.3578338623047,189.0896148681641,189.140781963504,189.44059245184212,191.99503740044267,,191.6367142587104,,185.21767742431481,185.22109764595655,,,,,
NVDA,Experiment 1 — Univariate Close,2026-04-13,20,189.0896148681641,219.18453979492188,189.0896148681641,189.14082793494967,189.838520104081,194.94510268106546,,194.21812391695622,,182.95769847258904,177.45906417220334,,,,,
NVDA,Experiment 1 — Univariate Close,2026-08-06,1,218.9900054931641,223.9600067138672,218.9900054931641,219.19890926806784,219.03295335960436,219.3244264529288,219.2707977916706,219.28431441421708,,220.623376734348,218.81121323764592,,,,,
NVDA,Experiment 1 — Univariate Close,2026-08-06,5,218.9900054931641,225.3000030517578,218.9900054931641,219.13272773706598,219.24886938115387,220.66722505948854,,220.46551074621794,,215.3968912820925,215.43710027866447,,,,,
NVDA,Experiment 1 — Univariate Close,2026-08-06,10,218.9900054931641,216.8500061035156,218.9900054931641,219.11099419951404,219.51274717083217,222.3572902598744,,221.95095762079413,,208.825619214954,209.4800452706164,,,,,
NVDA,Experiment 1 — Univariate Close,2026-08-06,20,218.9900054931641,228.4499969482422,218.9900054931641,219.1137990208235,220.02107049516044,225.77635184934232,,224.95194462345134,,207.66539633466388,215.57123139160257,,,,,
NVDA,Experiment 2 — OHLCV,2011-03-11,1,0.413217544555664,0.4166515171527862,0.413217544555664,0.41312575483097586,0.4104999370177587,0.41333368135356935,0.4133066512725063,0.41331188425180543,,0.4057523016687092,0.40525329440818497,,,,,
NVDA,Experiment 2 — OHLCV,2011-03-11,5,0.413217544555664,0.4033735692501068,0.413217544555664,0.41309930725431865,0.40105775187447923,0.41379855504505364,,0.4136894584679405,,0.3856079817460056,0.3757745654857094,,,,,
NVDA,Experiment 2 — OHLCV,2011-03-11,10,0.413217544555664,0.4264954626560211,0.413217544555664,0.4130992403660959,0.3919207252850938,0.41438038247262327,,0.4141619113281478,,0.3769831956118707,0.37472326789310184,,,,,
NVDA,Experiment 2 — OHLCV,2011-03-11,20,0.413217544555664,0.4017709791660309,0.413217544555664,0.41309924032822964,0.37989608242131717,0.41554649273858835,,0.4151084363550734,,0.36116564864386186,0.41645331139197017,,,,,
NVDA,Experiment 2 — OHLCV,2011-07-05,1,0.3635399639606476,0.3587324023246765,0.3635399639606476,0.36331017909902164,0.36317257552542864,0.36351091786436035,0.36350833624145085,0.3635124012197987,,0.3673475190739942,0.3727986717520082,,,,,
NVDA,Experiment 2 — OHLCV,2011-07-05,5,0.3635399639606476,0.3362972736358642,0.3635399639606476,0.363311029679913,0.3619197303911462,0.36339475668459137,,0.36340217115223766,,0.37041515274443804,0.38532188287544167,,,,,
NVDA,Experiment 2 — OHLCV,2011-07-05,10,0.3635399639606476,0.3255376517772674,0.3635399639606476,0.3633110296799132,0.36074829506407274,0.36324960740808154,,0.3632644305715329,,0.39922586432648766,0.41739653599388693,,,,,
NVDA,Experiment 2 — OHLCV,2011-07-05,20,0.3635399639606476,0.3301161825656891,0.3635399639606476,0.3633110296799132,0.3592889928007429,0.36295948276104445,,0.36298910601406265,,0.42189427302122473,0.42072695022971207,,,,,
NVDA,Experiment 2 — OHLCV,2011-10-25,1,0.3308029770851135,0.3346947729587555,0.3308029770851135,0.3306677064164596,0.33080067146649517,0.3306610527634061,0.33066061242272177,0.33064982197502246,,0.3340927829806756,0.33699278472663635,,,,,
NVDA,Experiment 2 — OHLCV,2011-10-25,5,0.3308029770851135,0.3218745589256286,0.3308029770851135,0.3306669903279477,0.33079177827358025,0.3300939641129735,,0.3300379102837327,,0.31400624800172605,0.32509276701045325,,,,,
NVDA,Experiment 2 — OHLCV,2011-10-25,10,0.3308029770851135,0.3452255129814148,0.3308029770851135,0.3306669903279472,0.33078136923664814,0.3293864707746623,,0.32927461289572213,,0.32321407749468456,0.31282252087032403,,,,,
NVDA,Experiment 2 — OHLCV,2011-10-25,20,0.3308029770851135,0.3452255129814148,0.3308029770851135,0.3306669903279472,0.3307627021053742,0.3279760299783284,,0.3277533100003856,,0.3316837898114548,0.3396850023868485,,,,,
NVDA,Experiment 2 — OHLCV,2012-02-17,1,0.3628531098365783,0.3646845519542694,0.3628531098365783,0.36269194054188686,0.3628523977365232,0.36281167046730917,0.36275405204663846,0.36278472685077506,,0.3629077445891327,0.3594679495514785,,,,,
NVDA,Experiment 2 — OHLCV,2012-02-17,5,0.3628531098365783,0.3541538119316101,0.3628531098365783,0.36269097349121626,0.36284965072869174,0.36264596031035135,,0.36251132375726536,,0.375110292342603,0.36707285804762635,,,,,
NVDA,Experiment 2 — OHLCV,2012-02-17,10,0.3628531098365783,0.3401890397071838,0.3628531098365783,0.36269097349121504,0.36284643602319977,0.3624389290438969,,0.3621698596201401,,0.3707845988601965,0.35814052087261544,,,,,
NVDA,Experiment 2 — OHLCV,2012-02-17,20,0.3628531098365783,0.3351526856422424,0.3628531098365783,0.36269097349121504,0.36284067247200535,0.3620252210202902,,0.36148789595973685,,0.37150128778684616,0.3386777322585516,,,,,
NVDA,Experiment 2 — OHLCV,2012-06-12,1,0.2863906621932983,0.278836041688919,0.2863906621932983,0.2864351275990832,0.2863904318060074,0.2861895135689498,0.28615451228822314,0.2861679368965917,,0.28413656394747105,0.28549520757101177,,,,,
NVDA,Experiment 2 — OHLCV,2012-06-12,5,0.2863906621932983,0.3031026124954223,0.2863906621932983,0.28643529990657207,0.286389543533795,0.2853863308620387,,0.28527876649223977,,0.2687142052016251,0.2729515357528772,,,,,
NVDA,Experiment 2 — OHLCV,2012-06-12,10,0.2863906621932983,0.2914271056652069,0.2863906621932983,0.2864352999065721,0.2863885037918453,0.2843855215779548,,0.2841711876639472,,0.26876810973578363,0.27136077738307796,,,,,
NVDA,Experiment 2 — OHLCV,2012-06-12,20,0.2863906621932983,0.2886799275875091,0.2863906621932983,0.2864352999065721,0.2863866389732635,0.28239441978935415,,0.281968913650663,,0.26161631112994493,0.26106620947464976,,,,,
NVDA,Experiment 2 — OHLCV,2012-10-03,1,0.2985239326953888,0.3118018507957458,0.2985239326953888,0.29852393269100086,0.29852386039107054,0.2983584615335242,0.29832169240414497,0.2983321766216982,,0.2978585632392616,0.297089723668168,,,,,
NVDA,Experiment 2 — OHLCV,2012-10-03,5,0.2985239326953888,0.2900535762310028,0.2985239326953888,0.29852393269100086,0.29852358134650564,0.2976974935808279,,0.2975663832761492,,0.2892998007240779,0.2897010089596161,,,,,
NVDA,Experiment 2 — OHLCV,2012-10-03,10,0.2985239326953888,0.2989817559719085,0.2985239326953888,0.29852393269100086,0.29852325472599506,0.29687334239542545,,0.29661190530542636,,0.28250097766523075,0.28395615355917053,,,,,
NVDA,Experiment 2 — OHLCV,2012-10-03,20,0.2985239326953888,0.2859327793121338,0.2985239326953888,0.29852393269100086,0.29852266894048685,0.29523187849385085,,0.29471212433305244,,0.27743609378555223,0.27753091633835136,,,,,
NVDA,Experiment 2 — OHLCV,2013-01-30,1,0.2838605642318725,0.2824781835079193,0.2838605642318725,0.2838605639516236,0.2838605414234455,0.2836883985451792,0.2836447558856917,0.28365764247333203,,0.27846887125815284,0.2766682905478219,,,,,
NVDA,Experiment 2 — OHLCV,2013-01-30,5,0.2838605642318725,0.2843214273452759,0.2838605642318725,0.28386056395162357,0.2838604534258837,0.2830007793759624,,0.2828474050175779,,0.26809110908549977,0.2686509048843507,,,,,
NVDA,Experiment 2 — OHLCV,2013-01-30,10,0.2838605642318725,0.2850126326084137,0.2838605642318725,0.28386056395162357,0.2838603504244497,0.28214359872116934,,0.2818378619857434,,0.2729882519904025,0.2726128963937364,,,,,
NVDA,Experiment 2 — OHLCV,2013-01-30,20,0.2838605642318725,0.2934839725494385,0.2838605642318725,0.28386056395162357,0.28386016569209155,0.28043701848738173,,0.2798295728878005,,0.2545674706071876,0.25084424203341227,,,,,
NVDA,Experiment 2 — OHLCV,2013-05-23,1,0.3408751785755157,0.3387783169746399,0.3408751785755157,0.34087516191204603,0.34087517131670625,0.34086173946871146,0.3407918956125149,0.34082863705035576,,0.34372553391902627,0.3426520042813595,,,,,
NVDA,Experiment 2 — OHLCV,2013-05-23,5,0.3408751785755157,0.3371471464633941,0.3408751785755157,0.3408751619120717,0.3408751436278999,0.3408079883396941,,0.34064253448669285,,0.34649876120178347,0.3460946505025851,,,,,
NVDA,Experiment 2 — OHLCV,2013-05-23,10,0.3408751785755157,0.3366813361644745,0.3408751785755157,0.3408751619120717,0.34087511121828334,0.3407408113478048,,0.34041004917526263,,0.33379734136367306,0.3455572195779462,,,,,
NVDA,Experiment 2 — OHLCV,2013-05-23,20,0.3408751785755157,0.3359822928905487,0.3408751785755157,0.3408751619120717,0.34087505309251764,0.34060649708538165,,0.33994555445119773,,0.32875420937956673,0.3371454677805364,,,,,
NVDA,Experiment 2 — OHLCV,2013-09-16,1,0.3702263534069061,0.3713971376419067,0.3702263534069061,0.37022635263559106,0.3702263511530443,0.3703350273414707,0.37027526552287315,0.3703007658347115,,0.3706735277091485,0.36813023452970883,,,,,
NVDA,Experiment 2 — OHLCV,2013-09-16,5,0.3702263534069061,0.3662452399730682,0.3702263534069061,0.37022635263559234,0.3702263424736326,0.370770042168068,,0.37059856513880796,,0.3762553352382616,0.3707157623371186,,,,,
NVDA,Experiment 2 — OHLCV,2013-09-16,10,0.3702263534069061,0.3643720149993896,0.3702263534069061,0.37022635263559234,0.3702263323147061,0.37131452935285997,,0.37097115107846707,,0.38079824010044083,0.3840303003619754,,,,,
NVDA,Experiment 2 — OHLCV,2013-09-16,20,0.3702263534069061,0.3627327382564544,0.3702263534069061,0.37022635263559234,0.3702263140957873,0.37240590368509424,,0.3717174470862931,,0.3814514315935685,0.3888109969741964,,,,,
NVDA,Experiment 2 — OHLCV,2014-01-08,1,0.3851806223392486,0.3708187043666839,0.3851806223392486,0.3851806057210377,0.3851806215487149,0.3852622429442219,0.38519913086927243,0.3852159016047203,,0.38454642308604914,0.38697492461625854,,,,,
NVDA,Experiment 2 — OHLCV,2014-01-08,5,0.3851806223392486,0.3769401311874389,0.3851806223392486,0.3851806057210641,0.3851806187973646,0.3855888983565918,,0.38535705098237044,,0.3831790435713301,0.3859036374249291,,,,,
NVDA,Experiment 2 — OHLCV,2014-01-08,10,0.3851806223392486,0.3759984374046325,0.3851806223392486,0.3851806057210641,0.3851806155769045,0.3859976071301451,,0.3855335604371021,,0.38113346975653056,0.3810203180508366,,,,,
NVDA,Experiment 2 — OHLCV,2014-01-08,20,0.3851806223392486,0.3682287037372589,0.3851806223392486,0.3851806057210641,0.38518060980104435,0.38681632478118533,,0.38588682192947144,,0.37466716858139754,0.3717010058501181,,,,,
NVDA,Experiment 2 — OHLCV,2014-05-02,1,0.4358759522438049,0.440606027841568,0.4358759522438049,0.4358759553363097,0.43587595206886515,0.4360150307042358,0.43593887025913325,0.4359660557504569,,0.43497919787727013,0.43323100941495535,,,,,
NVDA,Experiment 2 — OHLCV,2014-05-02,5,0.4358759522438049,0.4268887341022491,0.4358759522438049,0.43587595533630824,0.4358759512038361,0.4365717884564553,,0.43632665607594906,,0.44014470234559727,0.43807126912559086,,,,,
NVDA,Experiment 2 — OHLCV,2014-05-02,10,0.4358759522438049,0.4247604310512543,0.4358759522438049,0.43587595533630824,0.4358759501913271,0.4372687355081698,,0.43677782594422876,,0.43802769122288426,0.4342783522575221,,,,,
NVDA,Experiment 2 — OHLCV,2014-05-02,20,0.4358759522438049,0.4500007331371307,0.4358759522438049,0.43587595533630824,0.4358759483754293,0.438665969225035,,0.43768156571725275,,0.4491405514729457,0.45190171139919955,,,,,
NVDA,Experiment 2 — OHLCV,2014-08-25,1,0.4560483396053314,0.4641622602939605,0.4560483396053314,0.4560483359042877,0.4560483395240725,0.4561845358405655,0.4561031091467128,0.4561318360758348,,0.4579778783644607,0.45633708892718094,,,,,
NVDA,Experiment 2 — OHLCV,2014-08-25,5,0.4560483396053314,0.4653553664684295,0.4560483396053314,0.45604833590429733,0.4560483392518082,0.45672972764527875,,0.4564659748569276,,0.44814793628355554,0.4479888139245941,,,,,
NVDA,Experiment 2 — OHLCV,2014-08-25,10,0.4560483396053314,0.4663101136684418,0.4560483396053314,0.45604833590429733,0.45604833893312646,0.45741213375638357,,0.45688399256623313,,0.4511021883184072,0.4555834803836247,,,,,
NVDA,Experiment 2 — OHLCV,2014-08-25,20,0.4560483396053314,0.4488891065120697,0.4560483396053314,0.45604833590429733,0.4560483383615862,0.4587800062787944,,0.4577211767592662,,0.5255867835422361,0.5159209128349403,,,,,
NVDA,Experiment 2 — OHLCV,2014-12-16,1,0.4637300372123718,0.4826626479625702,0.4637300372123718,0.46373006187422083,0.4637300372687893,0.46384595357025543,0.4637647745670768,0.46378689599566486,,0.46589949686170806,0.46648781573455383,,,,,
NVDA,Experiment 2 — OHLCV,2014-12-16,5,0.4637300372123718,0.4948850870132446,0.4637300372123718,0.4637300618741629,0.4637300371833665,0.4643099088247483,,0.46401440085297396,,0.46806756455454546,0.4716564251727358,,,,,
NVDA,Experiment 2 — OHLCV,2014-12-16,10,0.4637300372123718,0.4805059134960174,0.4637300372123718,0.4637300618741629,0.4637300370833818,0.4648905055380668,,0.4642989388680476,,0.48345463347604034,0.4899592849153762,,,,,
NVDA,Experiment 2 — OHLCV,2014-12-16,20,0.4637300372123718,0.4697214365005493,0.4637300372123718,0.4637300618741629,0.4637300369040686,0.4660538778954762,,0.4648685384493865,,0.5397890003073647,0.5428687014737505,,,,,
NVDA,Experiment 2 — OHLCV,2015-04-13,1,0.5425001382827759,0.5379291772842407,0.5425001382827759,0.5425001568949416,0.5425001383510879,0.5427054518982273,0.5426027182663885,0.5426320454413895,,0.5501123262810742,0.5499670485772679,,,,,
NVDA,Experiment 2 — OHLCV,2015-04-13,5,0.5425001382827759,0.531433641910553,0.5425001382827759,0.5425001568949072,0.5425001383242019,0.5435274836803342,,0.5431599948818389,,0.556329779885816,0.556977165967266,,,,,
NVDA,Experiment 2 — OHLCV,2015-04-13,10,0.5425001382827759,0.5340797901153564,0.5425001382827759,0.5425001568949072,0.5425001382927327,0.5445567745862738,,0.5438206540811238,,0.5397944076505516,0.5379975316128882,,,,,
NVDA,Experiment 2 — OHLCV,2015-04-13,20,0.5425001382827759,0.4963095486164093,0.5425001382827759,0.5425001568949072,0.5425001382362956,0.5466212076672957,,0.545144384186438,,0.5565938449440413,0.5776816071064447,,,,,
NVDA,Experiment 2 — OHLCV,2015-08-04,1,0.4923225939273834,0.4973981976509094,0.4923225939273834,0.4923225812823552,0.4923225938963713,0.49247050028156214,0.49239572396074943,0.4924196375807898,,0.4897318035214069,0.4931621719038251,,,,,
NVDA,Experiment 2 — OHLCV,2015-08-04,5,0.4923225939273834,0.5718387961387634,0.4923225939273834,0.4923225812823964,0.49232259388788224,0.49306257018047367,,0.4928080035187072,,0.47173280796258765,0.48091191000694344,,,,,
NVDA,Experiment 2 — OHLCV,2015-08-04,10,0.4923225939273834,0.5601677894592285,0.4923225939273834,0.4923225812823964,0.492322593877946,0.49380365864101056,,0.4932938917036892,,0.4722517930603365,0.47424489970017847,,,,,
NVDA,Experiment 2 — OHLCV,2015-08-04,20,0.4923225939273834,0.5232763886451721,0.4923225939273834,0.4923225812823964,0.4923225938601261,0.49528917887366736,,0.4942671057425877,,0.4883426905889063,0.4964919625914614,,,,,
NVDA,Experiment 2 — OHLCV,2015-11-24,1,0.7593905329704285,0.758415937423706,0.7593905329704285,0.7593905215282258,0.759544817766974,0.7596855257536871,0.7595547321408582,0.7596008343648435,,0.7581092017994536,0.7640907910780329,,,,,
NVDA,Experiment 2 — OHLCV,2015-11-24,5,0.7593905329704285,0.7917929291725159,0.7593905329704285,0.7593905215282366,0.7601381102492116,0.7608666432606757,,0.7604426225008075,,0.7922270800080207,0.7846356234427357,,,,,
NVDA,Experiment 2 — OHLCV,2015-11-24,10,0.7593905329704285,0.7969090938568115,0.7593905329704285,0.7593905215282366,0.7608288129156434,0.7623456228276578,,0.7614961696374272,,0.7917685241566979,0.7955464592885733,,,,,
NVDA,Experiment 2 — OHLCV,2015-11-24,20,0.7593905329704285,0.8054361939430237,0.7593905329704285,0.7593905215282366,0.762056572766226,0.7653122121119739,,0.7636076448098863,,0.819478662668851,0.850660164186425,,,,,
NVDA,Experiment 2 — OHLCV,2016-03-21,1,0.8291546106338501,0.8276876211166382,0.8291546106338501,0.8291546129085684,0.8291953933385791,0.8295037379170085,0.8293447640414742,0.8293999407614739,,0.8248198870533442,0.830730167703551,,,,,
NVDA,Experiment 2 — OHLCV,2016-03-21,5,0.8291546106338501,0.8653429746627808,0.8291546106338501,0.8291546129085695,0.8293525801575203,0.8309017177185927,,0.8303819873691466,,0.8446210043734317,0.8330706996603999,,,,,
NVDA,Experiment 2 — OHLCV,2016-03-21,10,0.8291546106338501,0.8741456270217896,0.8291546106338501,0.8291546129085695,0.8295363343711901,0.8326525061229907,,0.8316111809593832,,0.8743572441052629,0.8602362851824025,,,,,
NVDA,Experiment 2 — OHLCV,2016-03-21,20,0.8291546106338501,0.88783860206604,0.8291546106338501,0.8291546129085695,0.8298652064381571,0.8361651579346506,,0.8340750294664364,,0.8608826512782799,0.8659942121952113,,,,,
NVDA,Experiment 2 — OHLCV,2016-07-13,1,1.2939077615737915,1.3071459531784058,1.2939077615737915,1.2939027887728574,1.2973176344736366,1.2946902677791265,1.2945052052311656,1.2945553078310796,,1.3018393632734924,1.313231430129805,,,,,
NVDA,Experiment 2 — OHLCV,2016-07-13,5,1.2939077615737915,1.3292102813720703,1.2939077615737915,1.2939027671033057,1.3107874825342989,1.2978250277631813,,1.2971487351783508,,1.3405194616768057,1.3559227864600165,,,,,
NVDA,Experiment 2 — OHLCV,2016-07-13,10,1.2939077615737915,1.374317288398743,1.2939077615737915,1.2939027671033057,1.3272494092965772,1.3017541533561965,,1.300397826757172,,1.365072475986726,1.385263778168942,,,,,
NVDA,Experiment 2 — OHLCV,2016-07-13,20,1.2939077615737915,1.4343795776367188,1.2939077615737915,1.2939027671033057,1.3589609881560614,1.3096481264777287,,1.3069204452239747,,1.3791523144634166,1.4255213531679423,,,,,
NVDA,Experiment 2 — OHLCV,2016-11-02,1,1.6887660026550293,1.669117450714111,1.6887660026550293,1.6887177125698962,1.6918487520209395,1.6900004943990319,1.689753450372056,1.689820470256219,,1.696686852070777,1.7015395711827475,,,,,
NVDA,Experiment 2 — OHLCV,2016-11-02,5,1.6887660026550293,1.7182387113571167,1.6887660026550293,1.6887175435884039,1.7039569948611886,1.6949474921365348,,1.6940449288822585,,1.6662152442660778,1.6165513661188684,,,,,
NVDA,Experiment 2 — OHLCV,2016-11-02,10,1.6887660026550293,2.250459909439087,1.6887660026550293,1.6887175435884039,1.7187548608770773,1.701151608087397,,1.6993403565443035,,1.766560057422769,1.729408242058277,,,,,
NVDA,Experiment 2 — OHLCV,2016-11-02,20,1.6887660026550293,2.155686616897583,1.6887660026550293,1.6887175435884039,1.7472608615349243,1.713628050984331,,1.7099809226619147,,1.8475981655555493,1.7660713084227133,,,,,
NVDA,Experiment 2 — OHLCV,2017-02-28,1,2.499260425567627,2.531523942947388,2.499260425567627,2.5000881780373385,2.5093242080070515,2.5010953273784264,2.5008264647349834,2.5008772006300912,,2.542714393686934,2.597067090448241,,,,,
NVDA,Experiment 2 — OHLCV,2017-02-28,5,2.499260425567627,2.431779623031616,2.499260425567627,2.5000833631191433,2.5221602730051322,2.5084484159595677,,2.5073547665885174,,2.9369884401815014,2.6788326450759548,,,,,
NVDA,Experiment 2 — OHLCV,2017-02-28,10,2.499260425567627,2.5066490173339844,2.499260425567627,2.5000833631191375,2.537847633468488,2.517670184010923,,2.5154753227072395,,2.938993617617278,2.9410692217656353,,,,,
NVDA,Experiment 2 — OHLCV,2017-02-28,20,2.499260425567627,2.6522018909454346,2.499260425567627,2.5000833631191375,2.568067119657115,2.5362155502534187,,2.531795420123926,,3.0633423265959934,3.0489706328070922,,,,,
NVDA,Experiment 2 — OHLCV,2017-06-21,1,3.931581258773804,3.904461145401001,3.931581258773804,3.930202816896066,3.9423854338973943,3.9348188480087405,3.934549318617805,3.934538229497421,,3.986011128604476,3.993743517099099,,,,,
NVDA,Experiment 2 — OHLCV,2017-06-21,5,3.931581258773804,3.741252183914185,3.931581258773804,3.9305879277748508,4.001708299703186,3.947795887900332,,3.946388368715591,,4.089102953893367,4.151453193773138,,,,,
NVDA,Experiment 2 — OHLCV,2017-06-21,10,3.931581258773804,3.5373623371124268,3.931581258773804,3.930864715597929,4.074208647726813,3.964077389407312,,3.961251245151925,,4.101943656474674,4.225485161834495,,,,,
NVDA,Experiment 2 — OHLCV,2017-06-21,20,3.931581258773804,4.129552841186523,3.931581258773804,3.930809075888406,4.213870337205323,3.9968421138804593,,3.99114513840968,,4.047412833487049,4.1111235244178825,,,,,
NVDA,Experiment 2 — OHLCV,2017-10-12,1,4.713810443878174,4.801655292510986,4.713810443878174,4.714130738807724,4.7226141825145,4.717912630940415,4.717573714704345,4.717568202641916,,4.716496628390263,4.746743121712699,,,,,
NVDA,Experiment 2 — OHLCV,2017-10-12,5,4.713810443878174,4.880865097045898,4.713810443878174,4.714055031040507,4.75652172592292,4.734357109496646,,4.732629217714901,,4.56976857541078,4.5690406451603955,,,,,
NVDA,Experiment 2 — OHLCV,2017-10-12,10,4.713810443878174,4.828798770904541,4.713810443878174,4.713957407796957,4.797961205697626,4.754993334394825,,4.7515231210573505,,4.9808171174311315,5.020810477308472,,,,,
NVDA,Experiment 2 — OHLCV,2017-10-12,20,4.713810443878174,5.06642484664917,4.713810443878174,4.713980820102418,4.877788515692882,4.796536025224092,,4.789537517204007,,5.003642309903956,5.394762325363644,,,,,
NVDA,Experiment 2 — OHLCV,2018-02-06,1,5.570223331451416,5.649734020233154,5.570223331451416,5.561624700237252,5.563640399391767,5.575531878258571,5.57519754300833,5.5751259596240015,,5.531407893672617,5.558345640282556,,,,,
NVDA,Experiment 2 — OHLCV,2018-02-06,5,5.570223331451416,5.744311332702637,5.570223331451416,5.563951993506047,5.588742089295963,5.596816705357684,,5.594779660757496,,5.29818139862928,5.149023270335445,,,,,
NVDA,Experiment 2 — OHLCV,2018-02-06,10,5.570223331451416,5.963582515716553,5.570223331451416,5.565856260138973,5.619419657368841,5.623537041414954,,5.6194442466402155,,5.509545574605969,5.383528537862392,,,,,
NVDA,Experiment 2 — OHLCV,2018-02-06,20,5.570223331451416,5.975440979003906,5.570223331451416,5.565453468899034,5.678515663152894,5.6773610274484,,5.669100099235984,,5.941484793492542,5.88330233902162,,,,,
NVDA,Experiment 2 — OHLCV,2018-05-31,1,6.235024929046631,6.3692731857299805,6.235024929046631,6.236360551593944,6.2416876398120795,6.241142241167608,6.240686135132248,6.240641682558201,,6.35705902624891,6.356003697559086,,,,,
NVDA,Experiment 2 — OHLCV,2018-05-31,5,6.235024929046631,6.499814510345459,6.235024929046631,6.236001731666439,6.262042025032981,6.265671566781984,,6.263159340110751,,6.542070891100833,6.294982288068697,,,,,
NVDA,Experiment 2 — OHLCV,2018-05-31,10,6.235024929046631,6.598957538604736,6.235024929046631,6.2359942098537475,6.286917762108014,6.29646884006654,,6.291420702565592,,6.315529315378954,6.3404716224843,,,,,
NVDA,Experiment 2 — OHLCV,2018-05-31,20,6.235024929046631,5.9549078941345215,6.235024929046631,6.235994267324551,6.3348373592082945,6.35851825856146,,6.348326575612139,,6.804451308794128,6.832306253944873,,,,,
NVDA,Experiment 2 — OHLCV,2018-09-21,1,6.516973972320557,6.572633743286133,6.516973972320557,6.5169690472364605,6.526750439588642,6.52352152635108,6.522973831026512,6.522919575519646,,6.330487182936615,6.380158696858746,,,,,
NVDA,Experiment 2 — OHLCV,2018-09-21,5,6.516973972320557,6.951604843139648,6.516973972320557,6.516970549350112,6.538672770387112,6.549777591373649,,6.546756281095382,,6.438777391246166,6.3549891861782335,,,,,
NVDA,Experiment 2 — OHLCV,2018-09-21,10,6.516973972320557,6.675538539886475,6.516973972320557,6.516970630256975,6.553243427424682,6.582746329610514,,6.576674693822706,,6.7528400567860825,6.775679663606974,,,,,
NVDA,Experiment 2 — OHLCV,2018-09-21,20,6.516973972320557,5.6689887046813965,6.516973972320557,6.516970628389827,6.581311742048713,6.649182492372436,,6.636922321935654,,6.9760409924946565,6.848195913530608,,,,,
NVDA,Experiment 2 — OHLCV,2019-01-17,1,3.75685977935791,3.88586950302124,3.75685977935791,3.755570898029117,3.7459104242065653,3.7605968116219657,3.7601092522130957,3.7601565904234584,,3.704656556524565,3.766131859163496,,,,,
NVDA,Experiment 2 — OHLCV,2019-01-17,5,3.75685977935791,3.965602159500122,3.75685977935791,3.75583166513664,3.717175859519504,3.7755821507674083,,3.7733727910641806,,3.8454416128399505,3.897261409864776,,,,,
NVDA,Experiment 2 — OHLCV,2019-01-17,10,3.75685977935791,3.5837748050689697,3.75685977935791,3.7558327742066755,3.682449022230305,3.7943978254173203,,3.789958384546623,,3.960424342226446,3.8729617486438155,,,,,
NVDA,Experiment 2 — OHLCV,2019-01-17,20,3.75685977935791,3.896021842956543,3.75685977935791,3.7558327730114014,3.6167830113897486,3.8323109466684375,,3.8233485943545595,,3.9830501067498076,4.047050045033033,,,,,
NVDA,Experiment 2 — OHLCV,2019-05-13,1,3.927550792694092,4.016536235809326,3.927550792694092,3.9311973622935907,3.9350129074190456,3.9315185619341695,3.931038421552928,3.931081094069347,,4.028925873484773,4.0146631100198285,,,,,
NVDA,Experiment 2 — OHLCV,2019-05-13,5,3.927550792694092,3.761475563049317,3.927550792694092,3.9300249188627085,3.925390313443784,3.9474297634046747,,3.9452340604207214,,3.9830711100333733,3.8905887662870398,,,,,
NVDA,Experiment 2 — OHLCV,2019-05-13,10,3.927550792694092,3.5527663230896,3.927550792694092,3.9299074028317795,3.9138408464427767,3.9674093498672542,,3.962996944675309,,3.5810825396497243,3.618513029622896,,,,,
NVDA,Experiment 2 — OHLCV,2019-05-13,20,3.927550792694092,3.7409534454345694,3.927550792694092,3.929912717893763,3.892249479682402,4.007672409658913,,3.998762998233002,,3.1931510320627083,3.0733440090672297,,,,,
NVDA,Experiment 2 — OHLCV,2019-09-04,1,4.192028999328613,4.464773178100586,4.192028999328613,4.190228698325788,4.1882422705640945,4.196189690510574,4.195626863359156,4.195737852563252,,4.203772673925697,4.176061584405206,,,,,
NVDA,Experiment 2 — OHLCV,2019-09-04,5,4.192028999328613,4.578790664672852,4.192028999328613,4.19072783884278,4.1881828981114735,4.2128737921222585,,4.2106061082321835,,4.018917446412274,4.164901207209368,,,,,
NVDA,Experiment 2 — OHLCV,2019-09-04,10,4.192028999328613,4.470734119415283,4.192028999328613,4.190740735013744,4.188111449851506,4.233822235293006,,4.229265542180564,,4.022617204190613,3.9162425589911956,,,,,
NVDA,Experiment 2 — OHLCV,2019-09-04,20,4.192028999328613,4.298345565795898,4.192028999328613,4.190740608443522,4.187977298948082,4.276032136927569,,4.266832846132639,,3.391611883126302,3.3085113023417105,,,,,
NVDA,Experiment 2 — OHLCV,2019-12-26,1,5.945906162261963,5.888233661651611,5.945906162261963,5.94574442028577,5.952148795727617,5.952308305385928,5.9514883457134236,5.9516438127025335,,5.9562375962128264,6.047820357608424,,,,,
NVDA,Experiment 2 — OHLCV,2019-12-26,5,5.945906162261963,5.868346691131592,5.945906162261963,5.94578940382671,5.977037791423774,5.977985886022312,,5.974649834807138,,5.9225084931056315,5.853694124706775,,,,,
NVDA,Experiment 2 — OHLCV,2019-12-26,10,5.945906162261963,6.073429107666016,5.945906162261963,5.945790589661978,6.005546383053673,6.010238688309039,,6.003532459883491,,5.920565101448309,5.754189400842698,,,,,
NVDA,Experiment 2 — OHLCV,2019-12-26,20,5.945906162261963,5.971012115478516,5.945906162261963,5.9457905777404685,6.054884217894507,6.07526726871598,,6.061717257771747,,5.855384106033508,5.907031727942179,,,,,
NVDA,Experiment 2 — OHLCV,2020-04-21,1,6.703622341156006,7.117516040802002,6.703622341156006,6.72719265910963,6.764404213988674,6.711256826323862,6.709989023257204,6.710249941038366,,6.7792509023927705,6.859249568452439,,,,,
NVDA,Experiment 2 — OHLCV,2020-04-21,5,6.703622341156006,7.247105598449707,6.703622341156006,6.7196013213709715,6.776370623728861,6.74188181214411,,6.736825929776712,,6.501469119799053,6.937082280447463,,,,,
NVDA,Experiment 2 — OHLCV,2020-04-21,10,6.703622341156006,7.306305408477783,6.703622341156006,6.718829420097037,6.790808916396532,6.780359640767206,,6.77019397848201,,7.00432365060367,7.040041855931483,,,,,
NVDA,Experiment 2 — OHLCV,2020-04-21,20,6.703622341156006,8.760899543762207,6.703622341156006,6.718864867173111,6.81803694724677,6.857975362946377,,6.837426718517969,,7.047626003086185,7.062886561501554,,,,,
NVDA,Experiment 2 — OHLCV,2020-08-12,1,11.38749885559082,11.390235900878906,11.38749885559082,11.342966760104549,11.340846364914274,11.401573324882472,11.399347850071955,11.399856644217657,,11.351904235285765,11.054909007893453,,,,,
NVDA,Experiment 2 — OHLCV,2020-08-12,5,11.38749885559082,12.08253002166748,11.38749885559082,11.356874983674198,11.450680958570077,11.458045371699006,,11.449422051873018,,11.558868978971454,11.80255837516644,,,,,
NVDA,Experiment 2 — OHLCV,2020-08-12,10,11.38749885559082,12.714101791381836,11.38749885559082,11.357839981443192,11.584913284620345,11.529028929426088,,11.511681975498634,,11.491654087915865,11.260887433380057,,,,,
NVDA,Experiment 2 — OHLCV,2020-08-12,20,11.38749885559082,12.25864601135254,11.38749885559082,11.357810492924562,11.843492918371917,11.67231801654898,,11.637219338991068,,11.151670448177239,11.007831901197822,,,,,
NVDA,Experiment 2 — OHLCV,2020-12-03,1,13.342156410217283,13.50376033782959,13.342156410217283,13.356168320203345,13.375234572443812,13.359117163762468,13.356382610159402,13.357124312993522,,13.421757315537137,13.489035902579676,,,,,
NVDA,Experiment 2 — OHLCV,2020-12-03,5,13.342156410217283,12.920114517211914,13.342156410217283,13.35175711840644,13.433053954847447,13.42717605989763,,13.417164030051419,,13.875708306391184,13.841176538746716,,,,,
NVDA,Experiment 2 — OHLCV,2020-12-03,10,13.342156410217283,13.287630081176758,13.342156410217283,13.351428481392377,13.503716848317529,13.512737476636428,,13.492593331573294,,13.577828091190865,13.378207031219752,,,,,
NVDA,Experiment 2 — OHLCV,2020-12-03,20,13.342156410217283,13.060794830322266,13.342156410217283,13.351439341959486,13.63983894089363,13.685499442403927,,13.644726475534654,,14.21832854532031,13.622957532566025,,,,,
NVDA,Experiment 2 — OHLCV,2021-03-30,1,12.824442863464355,13.29919147491455,12.824442863464355,12.828817331150734,12.836821003956594,12.840627630952019,12.838012850878613,12.83863489290687,,12.821692143594666,12.660175511864068,,,,,
NVDA,Experiment 2 — OHLCV,2021-03-30,5,12.824442863464355,14.09151840209961,12.824442863464355,12.827439093122454,12.851870002968985,12.905571214652982,,12.895560239117552,,12.826152937934799,12.653469847498304,,,,,
NVDA,Experiment 2 — OHLCV,2021-03-30,10,12.824442863464355,15.220852851867676,12.824442863464355,12.827335134764075,12.870261859987112,12.987212789646856,,12.967071993004065,,12.67756766185745,12.571344136850652,,,,,
NVDA,Experiment 2 — OHLCV,2021-03-30,20,12.824442863464355,15.220603942871094,12.824442863464355,12.82733861620275,12.905691177139655,13.152048618352497,,13.111287395632585,,12.886785537731896,12.490621749216553,,,,,
NVDA,Experiment 2 — OHLCV,2021-07-22,1,19.526456832885746,19.49058532714844,19.526456832885746,19.544588165605283,19.527834195858244,19.552369847449143,19.548156694018974,19.54933848821765,,19.817395762691298,20.0032075442629,,,,,
NVDA,Experiment 2 — OHLCV,2021-07-22,5,19.526456832885746,19.59422492980957,19.526456832885746,19.538890493869705,19.63023046491137,19.65636624673144,,19.641133557655998,,20.16461245182847,19.746619984479658,,,,,
NVDA,Experiment 2 — OHLCV,2021-07-22,10,19.526456832885746,20.56585693359375,19.526456832885746,19.538474818979903,19.75537217952402,19.787139947219107,,19.756483766167648,,21.136627397867247,20.603872908798934,,,,,
NVDA,Experiment 2 — OHLCV,2021-07-22,20,19.526456832885746,19.72975730895996,19.526456832885746,19.538488246870212,19.99644003317548,20.051303246753502,,19.98922047882672,,19.231061454333684,17.91106734551956,,,,,
NVDA,Experiment 2 — OHLCV,2021-11-11,1,30.290584564208984,30.290584564208984,30.290584564208984,30.21672506087194,30.381785197954066,30.332203808657592,30.325628702292523,30.327563555651913,,30.67955505103077,30.895731353376583,,,,,
NVDA,Experiment 2 — OHLCV,2021-11-11,5,30.290584564208984,31.571382522583008,30.290584564208984,30.240275387808232,30.910321189142195,30.499253420872193,,30.475931515413183,,31.06069458281066,31.365362048401177,,,,,
NVDA,Experiment 2 — OHLCV,2021-11-11,10,30.290584564208984,31.399948120117188,30.290584564208984,30.242382509080876,31.556261717868495,30.709359776757278,,30.662412597662218,,31.853982752373184,31.406466308699365,,,,,
NVDA,Experiment 2 — OHLCV,2021-11-11,20,30.290584564208984,30.102901458740234,30.290584564208984,30.24229788470562,32.8005749936497,31.13392466557521,,31.03880495657998,,33.39446672519202,32.53469031260534,,,,,
NVDA,Experiment 2 — OHLCV,2022-03-08,1,21.449901580810547,22.9454345703125,21.449901580810547,21.40847652144552,21.410059967888195,21.47809020317579,21.473254604436583,21.474580692815312,,22.243974253961895,21.91752556106774,,,,,
NVDA,Experiment 2 — OHLCV,2022-03-08,5,21.449901580810547,22.90455436706543,21.449901580810547,21.420922460317133,21.29175984895021,21.591215623638174,,21.57358141240577,,22.307346665340006,22.85086178927401,,,,,
NVDA,Experiment 2 — OHLCV,2022-03-08,10,21.449901580810547,26.444976806640625,21.449901580810547,21.421512723815503,21.181078683674574,21.73346065715707,,21.69797438017487,,20.839075608592545,20.643833324791732,,,,,
NVDA,Experiment 2 — OHLCV,2022-03-08,20,21.449901580810547,25.853742599487305,21.449901580810547,21.42150093807541,21.04306332878007,22.020768270506224,,21.948916195676755,,21.16039744112104,20.084047361022815,,,,,
NVDA,Experiment 2 — OHLCV,2022-06-30,1,15.117030143737791,14.482791900634766,15.117030143737791,15.135378230296375,15.122311976262854,15.136255595733562,15.132807376965813,15.133552985974246,,15.135377215780858,15.195714602340649,,,,,
NVDA,Experiment 2 — OHLCV,2022-06-30,5,15.117030143737791,15.794151306152344,15.117030143737791,15.12992619645443,15.032242203256015,15.213402219246309,,15.19982514629807,,15.063812354501183,15.171166886733475,,,,,
NVDA,Experiment 2 — OHLCV,2022-06-30,10,15.117030143737791,15.718361854553224,15.117030143737791,15.129692706228651,14.927492200563583,15.310388673164443,,15.283073611766325,,14.432389242050386,15.042696689847231,,,,,
NVDA,Experiment 2 — OHLCV,2022-06-30,20,15.117030143737791,18.11271476745605,15.117030143737791,15.129696855421976,14.741609593447865,15.506220408012167,,15.450940879378031,,15.203052303598081,15.780463869577154,,,,,
NVDA,Experiment 2 — OHLCV,2022-10-21,1,12.435182571411133,12.567852020263672,12.435182571411133,12.42038841311625,12.407280384826258,12.450871169976562,12.448126701622058,12.448772655686712,,12.295406569088636,12.392027393065781,,,,,
NVDA,Experiment 2 — OHLCV,2022-10-21,5,12.435182571411133,13.799798965454102,12.435182571411133,12.425097179791951,12.359967204148424,12.513823746168562,,12.503281677654046,,12.294543888014806,12.556554894051297,,,,,
NVDA,Experiment 2 — OHLCV,2022-10-21,10,12.435182571411133,14.121004104614258,12.435182571411133,12.425505263990422,12.30372452748523,12.592962254546283,,12.571753716762593,,12.645796572171637,13.192823889860355,,,,,
NVDA,Experiment 2 — OHLCV,2022-10-21,20,12.435182571411133,15.370904922485352,12.435182571411133,12.425489413695356,12.200244944821842,12.75274387277706,,12.70982477396782,,12.53402748948587,13.13927921813054,,,,,
NVDA,Experiment 2 — OHLCV,2023-02-15,1,22.713531494140625,21.95322036743164,22.713531494140625,22.73983757636769,22.75596727727846,22.742988841421084,22.73784039635874,22.73910989279995,,22.499334883395363,23.00858936460915,,,,,
NVDA,Experiment 2 — OHLCV,2023-02-15,5,22.713531494140625,23.61153030395508,22.713531494140625,22.731723325652244,22.85134344574967,22.861200760847073,,22.841711858124533,,22.80050670014939,22.897241263922016,,,,,
NVDA,Experiment 2 — OHLCV,2023-02-15,10,22.713531494140625,23.26230812072754,22.713531494140625,22.731238471788654,22.921712266803322,23.009830081358242,,22.970615588517376,,24.825718713442484,24.72706683157059,,,,,
NVDA,Experiment 2 — OHLCV,2023-02-15,20,22.713531494140625,25.48870658874512,22.713531494140625,22.731251044942383,22.982210378097744,23.309993891067123,,23.230609500400867,,20.858714164235835,23.738844284988005,,,,,
NVDA,Experiment 2 — OHLCV,2023-06-09,1,38.694618225097656,39.40523910522461,38.694618225097656,38.714884230125726,38.79525259738856,38.745721536706476,38.736959969829535,38.73910894029181,,38.8162027225607,38.57274092755356,,,,,
NVDA,Experiment 2 — OHLCV,2023-06-09,5,38.694618225097656,42.60898971557617,38.694618225097656,38.70839260423018,39.21777256268689,38.95081058765469,,38.91758393972263,,39.069531983555045,38.659974925598625,,,,,
NVDA,Experiment 2 — OHLCV,2023-06-09,10,38.694618225097656,40.553001403808594,38.694618225097656,38.70777954726104,39.72707554633587,39.208699168694906,,39.14183442499993,,40.763963280380295,39.737225564077654,,,,,
NVDA,Experiment 2 — OHLCV,2023-06-09,20,38.694618225097656,42.322547912597656,38.694618225097656,38.70780561380324,40.68598011376019,39.72960998240569,,39.59421936253624,,39.24149941979862,40.14631513110028,,,,,
NVDA,Experiment 2 — OHLCV,2023-10-03,1,43.43596649169922,43.95898818969727,43.43596649169922,43.51948074590018,43.49495101508506,43.49284040188619,43.48268044788536,43.48505535901662,,43.06023194218778,43.4332093418628,,,,,
NVDA,Experiment 2 — OHLCV,2023-10-03,5,43.43596649169922,45.71272277832031,43.43596649169922,43.49268804649214,43.585252084750465,43.72108171034906,,43.681966230169486,,44.67218159343989,45.24106024264479,,,,,
NVDA,Experiment 2 — OHLCV,2023-10-03,10,43.43596649169922,43.85618209838867,43.43596649169922,43.490114672888815,43.692659019328566,44.00806843536728,,43.929359188964185,,47.07196826595333,46.47520237498662,,,,,
NVDA,Experiment 2 — OHLCV,2023-10-03,20,43.43596649169922,40.70405960083008,43.43596649169922,43.49022605703023,43.89046701077873,44.5877056236813,,44.42835637424627,,52.33159783578287,58.782722949474056,,,,,
NVDA,Experiment 2 — OHLCV,2024-01-26,1,60.92271041870117,62.35416412353516,60.92271041870117,60.93945425279126,61.04762767409943,61.00839680568144,60.993790792852764,60.99733203596483,,60.71902984952456,60.362759301452684,,,,,
NVDA,Experiment 2 — OHLCV,2024-01-26,5,60.92271041870117,66.04261016845703,60.92271041870117,60.93401933991285,61.533557550928435,61.35234920909231,,61.29673363344691,,65.03529447741198,64.03294556945573,,,,,
NVDA,Experiment 2 — OHLCV,2024-01-26,10,60.92271041870117,72.00502014160156,60.92271041870117,60.933349397160875,62.12742780157539,61.78501789570672,,61.6730530914853,,68.70920036130008,62.98849182413513,,,,,
NVDA,Experiment 2 — OHLCV,2024-01-26,20,60.92271041870117,78.95167541503906,60.92271041870117,60.93338673035726,63.27143503460756,62.659530577959856,,62.43263721335683,,76.76212977114471,74.89482869336825,,,,,
NVDA,Experiment 2 — OHLCV,2024-05-20,1,94.61627197265624,95.2212142944336,94.61627197265624,94.48936208242142,94.7270921805403,94.7519477670341,94.72955256335294,94.7351379778217,,95.85140135468298,96.12802114811471,,,,,
NVDA,Experiment 2 — OHLCV,2024-05-20,5,94.61627197265624,113.70423889160156,94.61627197265624,94.52748459517784,95.55871064303028,95.29659927076044,,95.21209718407911,,97.7903671353299,97.95591318126719,,,,,
NVDA,Experiment 2 — OHLCV,2024-05-20,10,94.61627197265624,116.23584747314452,94.61627197265624,94.52928644022941,96.57505783284375,95.98181838316776,,95.81167447403105,,101.7071590299365,104.94349465243057,,,,,
NVDA,Experiment 2 — OHLCV,2024-05-20,20,94.61627197265624,135.35691833496094,94.61627197265624,94.5292505993123,98.53290727075027,97.36707299989354,,97.02217994987843,,98.16080259601902,96.40990923788847,,,,,
NVDA,Experiment 2 — OHLCV,2024-09-12,1,118.95413208007812,118.9141845703125,118.95413208007812,119.08878605022414,118.8115739717875,119.12622639176666,119.09873339024095,119.10471436931975,,120.73310242781801,120.15302874595262,,,,,
NVDA,Experiment 2 — OHLCV,2024-09-12,5,118.95413208007812,117.68611907958984,118.95413208007812,119.04531500736753,119.31836267971514,119.81709698024514,,119.70895213993346,,127.14584205791039,129.68864230787764,,,,,
NVDA,Experiment 2 — OHLCV,2024-09-12,10,118.95413208007812,123.84648895263672,118.95413208007812,119.04062048111253,119.93772516667731,120.68632234741649,,120.46856188899754,,131.25278570587102,135.14477437273752,,,,,
NVDA,Experiment 2 — OHLCV,2024-09-12,20,118.95413208007812,134.5996856689453,118.95413208007812,119.04084965068608,121.13083959559783,122.44373648104511,,122.00227221895511,,134.8592795548975,141.41543448814426,,,,,
NVDA,Experiment 2 — OHLCV,2025-01-06,1,149.20716857910156,139.93101501464844,149.20716857910156,149.04355799560236,149.09906592010736,149.42563894974919,149.39137732207922,149.39916557101495,,152.00693613719514,152.97287496637637,,,,,
NVDA,Experiment 2 — OHLCV,2025-01-06,5,149.20716857910156,131.56349182128906,149.20716857910156,149.09686245459116,149.70919732914362,150.3027239808103,,150.16962730116944,,147.3424303739219,145.9579224080437,,,,,
NVDA,Experiment 2 — OHLCV,2025-01-06,10,149.20716857910156,146.85067749023438,149.20716857910156,149.10449204904754,150.45485819522665,151.40632351102602,,151.13829434955642,,150.0729237295859,143.84816034592671,,,,,
NVDA,Experiment 2 — OHLCV,2025-01-06,20,149.20716857910156,124.6438446044922,149.20716857910156,149.10400066210158,151.89126862874937,153.63789164709246,,153.09441387049142,,152.67748736046957,152.09643497986582,,,,,
NVDA,Experiment 2 — OHLCV,2025-05-01,1,111.45380401611328,114.33976745605467,111.45380401611328,111.25764554975763,111.21167800172398,111.61451517224938,111.58838577609387,111.59538451014167,,113.87797525303682,114.62896310490488,,,,,
NVDA,Experiment 2 — OHLCV,2025-05-01,5,111.45380401611328,117.20574951171876,111.45380401611328,111.3205266274981,111.21636741245078,112.25968052022418,,112.16350727860902,,112.88625222058442,112.1436786771412,,,,,
NVDA,Experiment 2 — OHLCV,2025-05-01,10,111.45380401611328,134.64129638671875,111.45380401611328,111.33823285724465,111.22209848941581,113.07138398507108,,112.87772971140357,,103.57086321520848,99.75776650989663,,,,,
NVDA,Experiment 2 — OHLCV,2025-05-01,20,111.45380401611328,134.94088745117188,111.45380401611328,111.3361920121317,111.23313860043991,114.7124406310169,,114.31984737783029,,106.12155600926422,101.27327768504578,,,,,
NVDA,Experiment 2 — OHLCV,2025-08-25,1,179.57083129882812,181.5282287597656,179.57083129882812,179.64789140441368,179.57428496456717,179.8479701094533,179.80310409326762,179.81546099495563,,179.33666923542108,178.6343588278327,,,,,
NVDA,Experiment 2 — OHLCV,2025-08-25,5,179.57083129882812,170.55284118652344,179.57083129882812,179.62329941875475,180.22816136616757,180.96080915177467,,180.79731691771434,,182.59566900187042,184.576376435394,,,,,
NVDA,Experiment 2 — OHLCV,2025-08-25,10,179.57083129882812,170.53286743164062,179.57083129882812,179.61588363579637,181.02728436935595,182.36154620440695,,182.03217954840395,,174.4856098665436,176.531752055915,,,,,
NVDA,Experiment 2 — OHLCV,2025-08-25,20,179.57083129882812,178.2027130126953,179.57083129882812,179.61678352067995,182.5666820656271,185.19563168207645,,184.5272650990875,,183.5667469529871,183.55599064815232,,,,,
NVDA,Experiment 2 — OHLCV,2025-12-16,1,177.5034942626953,170.73175048828125,177.5034942626953,177.54130070165124,177.4354984342175,177.77382490812937,177.73122753659368,177.74153542540446,,178.36468966729367,177.27044357436182,,,,,
NVDA,Experiment 2 — OHLCV,2025-12-16,5,177.5034942626953,188.97952270507807,177.5034942626953,177.52923379959142,177.6493331219549,178.85927079114379,,178.69689661246082,,188.37894927079572,184.94650416879009,,,,,
NVDA,Experiment 2 — OHLCV,2025-12-16,10,177.5034942626953,186.27279663085935,177.5034942626953,177.52560496180132,177.91066724784216,180.22540277767905,,179.89832251789966,,183.8819057010922,180.6057525433949,,,,,
NVDA,Experiment 2 — OHLCV,2025-12-16,20,177.5034942626953,186.82212829589844,177.5034942626953,177.5260444119531,178.41409056282973,182.98905011022643,,182.32546113632108,,184.36263263163414,185.23378133568013,,,,,
NVDA,Experiment 2 — OHLCV,2026-04-13,1,189.0896148681641,196.2812347412109,189.0896148681641,189.1662267620104,189.06499838459578,189.37816753209356,189.33112163311804,189.34279388973513,,190.8128392036079,190.5515778875884,,,,,
NVDA,Experiment 2 — OHLCV,2026-04-13,5,189.0896148681641,201.82476806640625,189.0896148681641,189.14236316226595,189.23402260879303,190.536788255309,,190.35890442472072,,184.3905911259123,186.43457097795687,,,,,
NVDA,Experiment 2 — OHLCV,2026-04-13,10,189.0896148681641,216.3578338623047,189.0896148681641,189.140781963504,189.44059245184212,191.99503740044267,,191.6367142587104,,185.21767742431481,185.22109764595655,,,,,
NVDA,Experiment 2 — OHLCV,2026-04-13,20,189.0896148681641,219.18453979492188,189.0896148681641,189.14082793494967,189.838520104081,194.94510268106546,,194.21812391695622,,182.95769847258904,177.45906417220334,,,,,
NVDA,Experiment 2 — OHLCV,2026-08-06,1,218.9900054931641,223.9600067138672,218.9900054931641,219.19890926806784,219.03295335960436,219.3244264529288,219.2707977916706,219.28431441421708,,220.623376734348,218.81121323764592,,,,,
NVDA,Experiment 2 — OHLCV,2026-08-06,5,218.9900054931641,225.3000030517578,218.9900054931641,219.13272773706598,219.24886938115387,220.66722505948854,,220.46551074621794,,215.3968912820925,215.43710027866447,,,,,
NVDA,Experiment 2 — OHLCV,2026-08-06,10,218.9900054931641,216.8500061035156,218.9900054931641,219.11099419951404,219.51274717083217,222.3572902598744,,221.95095762079413,,208.825619214954,209.4800452706164,,,,,
NVDA,Experiment 2 — OHLCV,2026-08-06,20,218.9900054931641,228.4499969482422,218.9900054931641,219.1137990208235,220.02107049516044,225.77635184934232,,224.95194462345134,,207.66539633466388,215.57123139160257,,,,,
AMZN,Experiment 1 — Univariate Close,2011-03-11,1,8.403499603271484,8.33650016784668,8.403499603271484,8.398739675595667,8.399087930082942,8.409819455595345,8.409349851200025,8.410045779123921,,8.406717757487298,8.41659382054064,,,,,
AMZN,Experiment 1 — Univariate Close,2011-03-11,5,8.403499603271484,8.090999603271484,8.403499603271484,8.398941232860793,8.399087930082693,8.435146429100765,,8.436281515810977,,8.399623863601123,8.646527126021926,,,,,
AMZN,Experiment 1 — Univariate Close,2011-03-11,10,8.403499603271484,8.548999786376953,8.403499603271484,8.398941233632154,8.399087930082485,8.466912434037843,,8.469191310047442,,8.979357940495959,9.008591805442244,,,,,
AMZN,Experiment 1 — Univariate Close,2011-03-11,20,8.403499603271484,9.23550033569336,8.403499603271484,8.398941233632154,8.39908793008227,8.53080377819691,,8.535396541014851,,8.915170257824258,8.924019407142097,,,,,
AMZN,Experiment 1 — Univariate Close,2011-07-05,1,10.659500122070312,10.709500312805176,10.659500122070312,10.650455979051896,10.65443929394844,10.67127134600867,10.671082479824307,10.671457349463557,,10.740154911953958,10.728149876675024,,,,,
AMZN,Experiment 1 — Univariate Close,2011-07-05,5,10.659500122070312,10.56149959564209,10.659500122070312,10.650828987679441,10.67417705153138,10.718486374328178,,10.719420539028002,,10.601471922812024,10.699725847504203,,,,,
AMZN,Experiment 1 — Univariate Close,2011-07-05,10,10.659500122070312,10.902999877929688,10.659500122070312,10.650828988958954,10.690360121862225,10.777799037573011,,10.779677787575096,,10.624304410881688,10.667969380117997,,,,,
AMZN,Experiment 1 — Univariate Close,2011-07-05,20,10.659500122070312,10.585000038146973,10.659500122070312,10.650828988958954,10.706744470468958,10.89741083203334,,10.901210363828111,,10.786102502258714,10.70889484985121,,,,,
AMZN,Experiment 1 — Univariate Close,2011-10-25,1,11.357500076293944,9.920000076293944,11.357500076293944,11.38599365335451,11.379382654473849,11.37049819256418,11.368938711946223,11.3705996195366,,11.336160605724567,11.264117733332398,,,,,
AMZN,Experiment 1 — Univariate Close,2011-10-25,5,11.357500076293944,10.604999542236328,11.357500076293944,11.376843859956107,11.379382654473849,11.422639585219407,,11.423149054725458,,11.775651772055836,12.04122616881397,,,,,
AMZN,Experiment 1 — Univariate Close,2011-10-25,10,11.357500076293944,10.899499893188477,11.357500076293944,11.375954376781442,11.379382654473849,11.488152693580888,,11.489177499442704,,12.19803666642184,12.540900877992097,,,,,
AMZN,Experiment 1 — Univariate Close,2011-10-25,20,11.357500076293944,9.616999626159668,11.357500076293944,11.375993365455358,11.379382654473849,11.62030829183101,,11.622381574024491,,11.826862719967442,12.048366252970839,,,,,
AMZN,Experiment 1 — Univariate Close,2012-02-17,1,9.125,9.11299991607666,9.125,9.121956680195954,9.120592856187054,9.133515415242922,9.131637497110042,9.133542113808634,,9.20379021379631,9.237164728069706,,,,,
AMZN,Experiment 1 — Univariate Close,2012-02-17,5,9.125,8.92650032043457,9.125,9.121334250213641,9.120592856187054,9.167656615936837,,9.167790608546703,,9.142847567243734,9.350080064735847,,,,,
AMZN,Experiment 1 — Univariate Close,2012-02-17,10,9.125,9.012999534606934,9.125,9.121333730719957,9.120592856187054,9.210512638655393,,9.21078187859256,,9.140786385076353,9.109659460844,,,,,
AMZN,Experiment 1 — Univariate Close,2012-02-17,20,9.125,9.276000022888184,9.125,9.121333730646313,9.120592856187054,9.296826637460905,,9.297370171507843,,9.796697303652763,9.724672585060999,,,,,
AMZN,Experiment 1 — Univariate Close,2012-06-12,1,10.821000099182127,10.736499786376951,10.821000099182127,10.821212343641717,10.821140910954362,10.830628161130111,10.828000552315856,10.82995868776545,,10.966401908866116,10.894625650321197,,,,,
AMZN,Experiment 1 — Univariate Close,2012-06-12,5,10.821000099182127,11.201499938964844,10.821000099182127,10.821209275893741,10.821140910954362,10.869226151545487,,10.865867270709316,,11.32843805123307,11.311491805197221,,,,,
AMZN,Experiment 1 — Univariate Close,2012-06-12,10,10.821000099182127,11.280500411987305,10.821000099182127,10.821209275893597,10.821140910954362,10.917667133407528,,10.910920475233675,,11.167060967864275,11.011550746779957,,,,,
AMZN,Experiment 1 — Univariate Close,2012-06-12,20,10.821000099182127,10.918499946594238,10.821000099182127,10.821209275893597,10.821140910954362,11.01519772140987,,11.001588071870675,,11.140592040759786,11.118428052148039,,,,,
AMZN,Experiment 1 — Univariate Close,2012-10-03,1,12.79599952697754,13.023500442504885,12.79599952697754,12.788084067917348,12.790847014060024,12.806881180930729,12.802299442294444,12.80541442324794,,12.849904922169044,12.894802528620508,,,,,
AMZN,Experiment 1 — Univariate Close,2012-10-03,5,12.79599952697754,12.249500274658203,12.79599952697754,12.785767835350445,12.790847014060024,12.85050041251057,,12.843143331178702,,12.92961178929043,13.030386256708791,,,,,
AMZN,Experiment 1 — Univariate Close,2012-10-03,10,12.79599952697754,12.374500274658203,12.79599952697754,12.785761682490394,12.790847014060024,12.905233428915254,,12.890460825467134,,13.067103125087216,13.437537061246308,,,,,
AMZN,Experiment 1 — Univariate Close,2012-10-03,20,12.79599952697754,11.621000289916992,12.79599952697754,12.785761678786645,12.790847014060024,13.015399813329807,,12.985619446342017,,13.967645844927562,14.17003024472657,,,,,
AMZN,Experiment 1 — Univariate Close,2013-01-30,1,13.637999534606934,13.274999618530272,13.637999534606934,13.625991360558428,13.62332658952094,13.649595044023217,13.64556753997611,13.64849724061123,,13.600461244076905,13.580758418849562,,,,,
AMZN,Experiment 1 — Univariate Close,2013-01-30,5,13.637999534606934,13.111000061035156,13.637999534606934,13.621155152315811,13.62332658952094,13.696075754668945,,13.690568931833624,,13.588330267019513,13.716959421057856,,,,,
AMZN,Experiment 1 — Univariate Close,2013-01-30,10,13.637999534606934,13.47350025177002,13.637999534606934,13.621121410707453,13.62332658952094,13.754399287199925,,13.743340964462801,,13.516596345406354,13.453389615790153,,,,,
AMZN,Experiment 1 — Univariate Close,2013-01-30,20,13.637999534606934,13.213500022888184,13.637999534606934,13.621121342941036,13.62332658952094,13.871792506787054,,13.84949606327473,,14.306349591075335,14.089757692513201,,,,,
AMZN,Experiment 1 — Univariate Close,2013-05-23,1,13.09000015258789,13.086999893188477,13.09000015258789,13.094988667314905,13.092455658254563,13.100660139753536,13.097018869196503,13.099667528280381,,13.014573699045862,13.022897180381406,,,,,
AMZN,Experiment 1 — Univariate Close,2013-05-23,5,13.09000015258789,13.460000038146973,13.09000015258789,13.096348494906177,13.092455658254563,13.14338696993096,,13.138408480400201,,13.234641470527642,13.334750341040499,,,,,
AMZN,Experiment 1 — Univariate Close,2013-05-23,10,13.09000015258789,13.843500137329102,13.09000015258789,13.096351379510182,13.092455658254563,13.196991522356745,,13.18699582778274,,13.86718447447528,13.948959173559354,,,,,
AMZN,Experiment 1 — Univariate Close,2013-05-23,20,13.09000015258789,13.66800022125244,13.09000015258789,13.096351380821188,13.092455658254563,13.30485738815857,,13.284710231846713,,14.210064751151208,14.346554993913603,,,,,
AMZN,Experiment 1 — Univariate Close,2013-09-16,1,14.803000450134276,15.208499908447266,14.803000450134276,14.806523793256588,14.805276807227964,14.815142762069886,14.811079467904833,14.813976753783722,,14.768351328748446,14.774520580244143,,,,,
AMZN,Experiment 1 — Univariate Close,2013-09-16,5,14.803000450134276,15.57450008392334,14.803000450134276,14.807400999277736,14.805276807227964,14.863811690093305,,14.8579634171457,,14.860012515674793,15.038108155119765,,,,,
AMZN,Experiment 1 — Univariate Close,2013-09-16,10,14.803000450134276,15.631999969482422,14.803000450134276,14.807402392583569,14.805276807227964,14.924872744738067,,14.91313045952366,,15.061940572638594,14.83367890263111,,,,,
AMZN,Experiment 1 — Univariate Close,2013-09-16,20,14.803000450134276,15.53499984741211,14.803000450134276,14.807402393024786,14.805276807227964,15.047748407290271,,15.024079804088302,,15.106221754059549,15.20515494878915,,,,,
AMZN,Experiment 1 — Univariate Close,2014-01-08,1,20.09600067138672,20.050500869750977,20.09600067138672,20.087872180371267,20.100158993687288,20.116610493653955,20.110788835625264,20.114638742465,,20.18980406114922,20.227112159163443,,,,,
AMZN,Experiment 1 — Univariate Close,2014-01-08,5,20.09600067138672,19.793500900268555,20.09600067138672,20.085747283266638,20.139458019775702,20.199261367420544,,20.189364046288166,,20.070838104226954,19.895008604750682,,,,,
AMZN,Experiment 1 — Univariate Close,2014-01-08,10,20.09600067138672,19.99349975585937,20.09600067138672,20.085743331901767,20.18748660082449,20.303052655163622,,20.283161175144713,,20.244108959139353,20.380817445105286,,,,,
AMZN,Experiment 1 — Univariate Close,2014-01-08,20,20.09600067138672,17.72949981689453,20.09600067138672,20.085743330378058,20.280006884593927,20.512237925293714,,20.472064764740526,,19.823666224560377,19.480503261677054,,,,,
AMZN,Experiment 1 — Univariate Close,2014-05-02,1,15.400500297546388,15.5024995803833,15.400500297546388,15.396963177337005,15.39986391777013,15.41409136205562,15.410534795213634,15.413327694570503,,15.371460235089176,15.436252843596586,,,,,
AMZN,Experiment 1 — Univariate Close,2014-05-02,5,15.400500297546388,14.612000465393066,15.400500297546388,15.395246275845183,15.39986391777013,15.468575668218977,,15.464744213752882,,15.127681473370915,14.854401437711562,,,,,
AMZN,Experiment 1 — Univariate Close,2014-05-02,10,15.400500297546388,14.885000228881836,15.400500297546388,15.395225895152002,15.39986391777013,15.536951954836024,,15.529256126497783,,15.4106807852483,15.56066904265376,,,,,
AMZN,Experiment 1 — Univariate Close,2014-05-02,20,15.400500297546388,15.44200038909912,15.400500297546388,15.39522581577369,15.39986391777013,15.674612602380352,,15.65908841810745,,15.009125532876528,15.642881693968633,,,,,
AMZN,Experiment 1 — Univariate Close,2014-08-25,1,16.701000213623047,17.09149932861328,16.701000213623047,16.698846148539353,16.697568493098743,16.717333417449996,16.713501883396386,16.71625325677006,,16.631683660106255,16.60919992107121,,,,,
AMZN,Experiment 1 — Univariate Close,2014-08-25,5,16.701000213623047,17.118999481201172,16.701000213623047,16.697405967822966,16.697568493098743,16.782826124123577,,16.777404862867307,,17.030845387427306,16.85160653593788,,,,,
AMZN,Experiment 1 — Univariate Close,2014-08-25,10,16.701000213623047,16.487499237060547,16.701000213623047,16.69736561157355,16.697568493098743,16.865052937536724,,16.854159052279908,,16.76905744380757,16.93374111416826,,,,,
AMZN,Experiment 1 — Univariate Close,2014-08-25,20,16.701000213623047,16.181499481201172,16.701000213623047,16.697365153315406,16.697568493098743,17.030717139558252,,17.008722455307687,,15.54220965788221,15.456603577147517,,,,,
AMZN,Experiment 1 — Univariate Close,2014-12-16,1,14.753000259399414,14.944000244140623,14.753000259399414,14.771896187622366,14.77183615461932,14.765424988175033,14.763159787781527,14.765100521547835,,14.846405275785767,14.948776622237093,,,,,
AMZN,Experiment 1 — Univariate Close,2014-12-16,5,14.753000259399414,15.314499855041504,14.753000259399414,14.78576875460862,14.77183615461932,14.815228630416573,,14.813600896705568,,14.442423132770216,14.517998594485489,,,,,
AMZN,Experiment 1 — Univariate Close,2014-12-16,10,14.753000259399414,15.517499923706056,14.753000259399414,14.786260821601946,14.77183615461932,14.877719481613449,,14.874450462173948,,14.400930166754055,14.468264584869996,,,,,
AMZN,Experiment 1 — Univariate Close,2014-12-16,20,14.753000259399414,14.34749984741211,14.753000259399414,14.786268313230721,14.77183615461932,15.003493057797263,,14.996900471868743,,14.381915269795929,14.305239405181801,,,,,
AMZN,Experiment 1 — Univariate Close,2015-04-13,1,19.118000030517575,19.25550079345703,19.118000030517575,19.1177142439023,19.11814122436854,19.13509614499595,19.13132363972453,19.134021315382917,,19.224340043848624,19.2056579899132,,,,,
AMZN,Experiment 1 — Univariate Close,2015-04-13,5,19.118000030517575,19.475500106811523,19.118000030517575,19.11751941512412,19.11814122436854,19.20363362028213,,19.19824082913188,,19.196202736117908,19.164224302143843,,,,,
AMZN,Experiment 1 — Univariate Close,2015-04-13,10,19.118000030517575,21.92799949645996,19.118000030517575,19.117513676776234,19.11814122436854,19.28965078111501,,19.27881840909109,,19.67902625532596,19.364744564389838,,,,,
AMZN,Experiment 1 — Univariate Close,2015-04-13,20,19.118000030517575,21.64249992370605,19.118000030517575,19.11751360744384,19.11814122436854,19.462842696067174,,19.44098957304204,,17.474120329393454,18.617148738731824,,,,,
AMZN,Experiment 1 — Univariate Close,2015-08-04,1,26.59499931335449,26.850500106811523,26.59499931335449,26.598527445130575,26.615953149243424,26.61967881812001,26.61270434164248,26.617046495979547,,26.751971290682757,26.945997765847977,,,,,
AMZN,Experiment 1 — Univariate Close,2015-08-04,5,26.59499931335449,26.37299919128418,26.59499931335449,26.600590751771826,26.681743602674537,26.718626069535112,,26.70541814860758,,27.93818136806006,28.881982869861012,,,,,
AMZN,Experiment 1 — Univariate Close,2015-08-04,10,26.59499931335449,26.750999450683597,26.59499931335449,26.600631441081724,26.762148193814873,26.842827504235697,,26.81629542791006,,26.782441181203943,26.742306312818616,,,,,
AMZN,Experiment 1 — Univariate Close,2015-08-04,20,26.59499931335449,24.82699966430664,26.59499931335449,26.60063173930398,26.917036292239295,27.09296510717862,,27.03943294015624,,26.93994964474543,26.998150827540154,,,,,
AMZN,Experiment 1 — Univariate Close,2015-11-24,1,33.557498931884766,33.766998291015625,33.557498931884766,33.559882297246304,33.60109616397226,33.59353050326836,33.584013213351454,33.58937215038132,,33.46984790553978,33.23828459210188,,,,,
AMZN,Experiment 1 — Univariate Close,2015-11-24,5,33.557498931884766,33.800498962402344,33.557498931884766,33.56121344971377,33.773316077024944,33.73804408491167,,33.71716804678013,,33.60644569044873,34.971238459836684,,,,,
AMZN,Experiment 1 — Univariate Close,2015-11-24,10,33.557498931884766,33.239498138427734,33.557498931884766,33.5612366574365,33.983791472360615,33.91956060211406,,33.877596879385784,,32.49826374984441,32.70168318599645,,,,,
AMZN,Experiment 1 — Univariate Close,2015-11-24,20,33.557498931884766,33.185001373291016,33.557498931884766,33.56123680333249,34.38924261994211,34.28552866159231,,34.200748174104426,,35.16866280653137,32.15650154267958,,,,,
AMZN,Experiment 1 — Univariate Close,2016-03-21,1,27.698999404907227,28.02400016784668,27.698999404907227,27.704113057067783,27.69872752217699,27.726508683679636,27.717820522120494,27.722260558555377,,27.63266490394109,27.79960064404457,,,,,
AMZN,Experiment 1 — Univariate Close,2016-03-21,5,27.698999404907227,29.69300079345703,27.698999404907227,27.711882016887756,27.69872752217699,27.83681927881738,,27.81550068051736,,28.685516215553953,28.919733675531344,,,,,
AMZN,Experiment 1 — Univariate Close,2016-03-21,10,27.698999404907227,29.30699920654297,27.698999404907227,27.713360628734108,27.69872752217699,27.975324892936666,,27.9324919574817,,28.509667517653718,28.01902076248843,,,,,
AMZN,Experiment 1 — Univariate Close,2016-03-21,20,27.698999404907227,31.395000457763672,27.698999404907227,27.713549767647628,27.69872752217699,28.25440700672787,,28.167952767873395,,32.74442267602063,32.91268401399845,,,,,
AMZN,Experiment 1 — Univariate Close,2016-07-13,1,37.13150024414063,37.060001373291016,37.13150024414063,37.13115214910241,37.14730881925929,37.17266371138253,37.161072765374094,37.16676483886279,,37.654826100889245,37.72753572356771,,,,,
AMZN,Experiment 1 — Univariate Close,2016-07-13,5,37.13150024414063,37.2859992980957,37.13150024414063,37.130544600578375,37.20975661585771,37.337774419015005,,37.30815845151784,,38.36388688247326,38.639697187171215,,,,,
AMZN,Experiment 1 — Univariate Close,2016-07-13,10,37.13150024414063,36.83349990844727,37.13150024414063,37.13039000090477,37.286076040504454,37.54519449521145,,37.48565713455664,,39.71189022178692,39.508471551504805,,,,,
AMZN,Experiment 1 — Univariate Close,2016-07-13,20,37.13150024414063,38.428001403808594,37.13150024414063,37.13036094397473,37.43309464216301,37.96349784993399,,37.84319194135643,,40.79289773060851,39.6799179064164,,,,,
AMZN,Experiment 1 — Univariate Close,2016-11-02,1,38.27799987792969,38.35150146484375,38.27799987792969,38.292293382465814,38.28696366364981,38.31966036547487,38.30731933478858,38.31390005467596,,38.86618191032106,38.27900124414566,,,,,
AMZN,Experiment 1 — Univariate Close,2016-11-02,5,38.27799987792969,38.59400177001953,38.27799987792969,38.313765395817775,38.322372793530285,38.48675622814339,,38.457837778230015,,36.56485827304624,37.10116266473814,,,,,
AMZN,Experiment 1 — Univariate Close,2016-11-02,10,38.27799987792969,37.324501037597656,38.27799987792969,38.31775397649656,38.36564740956035,38.696651070804286,,38.638520593899166,,35.438394697915214,36.0984548742985,,,,,
AMZN,Experiment 1 — Univariate Close,2016-11-02,20,38.27799987792969,37.182498931884766,38.27799987792969,38.318248135877724,38.449009850583714,39.11988110326963,,39.00243686833716,,34.11417422238162,33.75680759085606,,,,,
AMZN,Experiment 1 — Univariate Close,2017-02-28,1,42.25199890136719,42.65399932861328,42.25199890136719,42.24714949685597,42.263724257668095,42.29877186533553,42.285838885406115,42.29251865713516,,42.28306686302773,42.65170181570518,,,,,
AMZN,Experiment 1 — Univariate Close,2017-02-28,5,42.25199890136719,42.30099868774414,42.25199890136719,42.231640403408775,42.310042327763696,42.48638207142933,,42.45498663834954,,43.03851104434682,42.796185944884,,,,,
AMZN,Experiment 1 — Univariate Close,2017-02-28,10,42.25199890136719,42.62649917602539,42.25199890136719,42.21876021529822,42.3666491041913,42.72206542779832,,42.658949572303314,,43.5420291652523,43.769554561489606,,,,,
AMZN,Experiment 1 — Univariate Close,2017-02-28,20,42.25199890136719,42.79999923706055,42.25199890136719,42.20545263104114,42.475694070833896,43.19736158939504,,43.06981979386146,,44.65745454243688,44.18382429564024,,,,,
AMZN,Experiment 1 — Univariate Close,2017-06-21,1,50.11149978637695,50.06499862670898,50.11149978637695,50.10514536635036,50.13797039616749,50.16947453804861,50.15742749947124,50.164397250810396,,50.0627748694669,49.99248425170491,,,,,
AMZN,Experiment 1 — Univariate Close,2017-06-21,5,50.11149978637695,49.51649856567383,50.11149978637695,50.087891136479016,50.242535932854004,50.402045039815256,,50.37654608143861,,51.04352122879107,50.93714212680789,,,,,
AMZN,Experiment 1 — Univariate Close,2017-06-21,10,50.11149978637695,48.25699996948242,50.11149978637695,50.07735777826375,50.37032877795809,50.69427486754601,,50.642994241118686,,52.0265305479209,52.3357875312532,,,,,
AMZN,Experiment 1 — Univariate Close,2017-06-21,20,50.11149978637695,51.435001373291016,50.11149978637695,50.07055949932941,50.61650366038328,51.28382737099696,,51.18012585213445,,51.27995746230763,51.33804388490167,,,,,
AMZN,Experiment 1 — Univariate Close,2017-10-12,1,50.04650115966797,50.14699935913086,50.04650115966797,50.037765018935104,50.05957205387006,50.10203476612021,50.09092815623969,50.09757554552524,,50.6317186616408,50.33979173466752,,,,,
AMZN,Experiment 1 — Univariate Close,2017-10-12,5,50.04650115966797,49.33050155639648,50.04650115966797,50.00884814145426,50.11120536225015,50.32478609928187,,50.3023948549836,,49.32337505161691,49.45345321995161,,,,,
AMZN,Experiment 1 — Univariate Close,2017-10-12,10,50.04650115966797,48.62149810791016,50.04650115966797,49.98325203225841,50.1743080592679,50.604618449919954,,50.55959696510917,,48.59280877246647,49.37366802262368,,,,,
AMZN,Experiment 1 — Univariate Close,2017-10-12,20,50.04650115966797,56.45650100708008,50.04650115966797,49.954013848408806,50.295866500246376,51.16895984979918,,51.07795322431759,,51.189588356515046,50.91452403491474,,,,,
AMZN,Experiment 1 — Univariate Close,2018-02-06,1,72.14199829101562,70.83899688720703,72.14199829101562,71.6889516189613,72.25529596537416,72.2295101146172,72.21709978359681,72.2247942118312,,72.4377343612608,73.09329950625153,,,,,
AMZN,Experiment 1 — Univariate Close,2018-02-06,5,72.14199829101562,70.72550201416016,72.14199829101562,69.9305542048017,72.77851778622087,72.58062025937538,,72.55692921841639,,72.33339903741565,73.01380495781402,,,,,
AMZN,Experiment 1 — Univariate Close,2018-02-06,10,72.14199829101562,74.14600372314453,72.14199829101562,67.84770211380706,73.41796369952401,73.02190904090479,,72.9742466568453,,72.37680672960533,72.09149414118775,,,,,
AMZN,Experiment 1 — Univariate Close,2018-02-06,20,72.14199829101562,77.25,72.14199829101562,64.03170637444747,74.64976601518933,73.91255199874648,,73.81609605063143,,72.14746129488206,72.68683476296304,,,,,
AMZN,Experiment 1 — Univariate Close,2018-05-31,1,81.48100280761719,82.0770034790039,81.48100280761719,81.47399474506831,81.56025698234842,81.59168404471933,81.56787733645207,81.57793201858892,,81.01451893992854,81.46876599731219,,,,,
AMZN,Experiment 1 — Univariate Close,2018-05-31,5,81.48100280761719,84.46499633789062,81.48100280761719,81.45512626265393,81.87333074587836,82.03591449595694,,81.96680329784267,,81.98206068449446,82.75845273998607,,,,,
AMZN,Experiment 1 — Univariate Close,2018-05-31,10,81.48100280761719,86.19300079345703,81.48100280761719,81.4437926560768,82.25594808077408,82.59460531036595,,82.45550019469269,,88.08124756118434,87.89363741793318,,,,,
AMZN,Experiment 1 — Univariate Close,2018-05-31,20,81.48100280761719,85.07250213623047,81.48100280761719,81.43665319750566,82.99300638286506,83.72342744089784,,83.44165238625875,,90.60510151372091,90.66156760522517,,,,,
AMZN,Experiment 1 — Univariate Close,2018-09-21,1,95.75050354003906,96.71800231933594,95.75050354003906,95.75050354003909,95.85042447142773,95.88920904837539,95.86075085650583,95.87286820324677,,95.24927435079266,96.11370200962646,,,,,
AMZN,Experiment 1 — Univariate Close,2018-09-21,5,95.75050354003906,100.1500015258789,95.75050354003906,95.75050354003909,96.17742958661886,96.44604330178437,,96.36389261891044,,97.65701879511823,95.46652372461557,,,,,
AMZN,Experiment 1 — Univariate Close,2018-09-21,10,95.75050354003906,94.48249816894533,95.75050354003906,95.75050354003909,96.5770728664037,97.14663552322735,,96.98121114095098,,103.03878399594964,103.42933954599924,,,,,
AMZN,Experiment 1 — Univariate Close,2018-09-21,20,95.75050354003906,88.20149993896484,95.75050354003906,95.75050354003909,97.34692924868335,98.56312441778859,,98.22773736571281,,102.80064927589478,103.62213958190567,,,,,
AMZN,Experiment 1 — Univariate Close,2019-01-17,1,84.66100311279297,84.80999755859375,84.66100311279297,84.66100311279298,84.6625088749747,84.78186314470835,84.75460632885252,84.76506047220592,,84.11227657676376,85.13305551850706,,,,,
AMZN,Experiment 1 — Univariate Close,2019-01-17,5,84.66100311279297,83.52850341796875,84.66100311279297,84.66100311279298,84.71489912045261,85.26703110625814,,85.18257045822249,,82.87140687051084,80.80145439472805,,,,,
AMZN,Experiment 1 — Univariate Close,2019-01-17,10,84.66100311279297,81.3115005493164,84.66100311279297,84.66100311279298,84.7789268942056,85.87739722371616,,85.70735100082445,,80.83580891365648,72.93305873491296,,,,,
AMZN,Experiment 1 — Univariate Close,2019-01-17,20,84.66100311279297,80.39749908447266,84.66100311279297,84.66100311279298,84.902267364971,87.1112682670957,,86.76663098111248,,81.9518117765409,79.21453119028294,,,,,
AMZN,Experiment 1 — Univariate Close,2019-05-13,1,91.13400268554688,92.00599670410156,91.13400268554688,91.22393796926966,91.2373117431801,91.26541322034207,91.2380449000768,91.24719617942283,,89.87616257879557,90.72002608271725,,,,,
AMZN,Experiment 1 — Univariate Close,2019-05-13,5,91.13400268554688,92.94850158691406,91.13400268554688,91.39785907098427,91.3031245151867,91.79295296598363,,91.70137782832313,,88.5318020980427,90.01996017432226,,,,,
AMZN,Experiment 1 — Univariate Close,2019-05-13,10,91.13400268554688,91.82150268554688,91.13400268554688,91.45233036026941,91.38355638256306,92.45666782889553,,92.27228529211187,,88.61383783865637,90.66587439090368,,,,,
AMZN,Experiment 1 — Univariate Close,2019-05-13,20,91.13400268554688,93.18499755859376,91.13400268554688,91.46587444151908,91.53849702480707,93.79852935372506,,93.42478528466044,,85.26530880309997,85.457691027145,,,,,
AMZN,Experiment 1 — Univariate Close,2019-09-04,1,90.03099822998047,92.03600311279295,90.03099822998047,90.0103852941644,90.02759821596297,90.15937247785511,90.13238874965779,90.1405080095164,,90.41933764564963,90.94069714671224,,,,,
AMZN,Experiment 1 — Univariate Close,2019-09-04,5,90.03099822998047,91.14949798583984,90.03099822998047,89.97806109346318,90.04936988712349,90.67470255608859,,90.57988077806345,,88.99249694894593,88.45942246567093,,,,,
AMZN,Experiment 1 — Univariate Close,2019-09-04,10,90.03099822998047,90.8730010986328,90.03099822998047,89.9714781912796,90.07597773411054,91.32300924435636,,91.13210964083262,,85.3957061537192,85.85289609071143,,,,,
AMZN,Experiment 1 — Univariate Close,2019-09-04,20,90.03099822998047,85.6614990234375,90.03099822998047,89.97055749051376,90.12723399652718,92.63356156666049,,92.24668803931065,,85.88665271943682,85.90299227280506,,,,,
AMZN,Experiment 1 — Univariate Close,2019-12-26,1,93.4384994506836,93.48999786376952,93.4384994506836,93.40189490741551,93.36345719791373,93.56485536638925,93.53871270530648,93.54621628266995,,93.25754518355873,92.62410091332688,,,,,
AMZN,Experiment 1 — Univariate Close,2019-12-26,5,93.4384994506836,93.74849700927734,93.4384994506836,93.32620172387166,93.39744503627374,94.07199003939934,,93.97832681332409,,92.00982527173954,90.58143937778517,,,,,
AMZN,Experiment 1 — Univariate Close,2019-12-26,10,93.4384994506836,94.15799713134766,93.4384994506836,93.29901644578639,93.4389826470449,94.70977554218533,,94.52127295016545,,92.14649879470016,91.91225260718716,,,,,
AMZN,Experiment 1 — Univariate Close,2019-12-26,20,93.4384994506836,91.41699981689452,93.4384994506836,93.29083646489573,93.51899899255693,95.99834796132848,,95.61659372360906,,87.92230268855636,86.96795405523791,,,,,
AMZN,Experiment 1 — Univariate Close,2020-04-21,1,116.40599822998048,118.17449951171876,116.40599822998048,116.46313926775335,116.62770832252366,116.56441528157953,116.52915918103892,116.53831534280134,,118.73967726918158,118.10183300054116,,,,,
AMZN,Experiment 1 — Univariate Close,2020-04-21,5,116.40599822998048,115.7040023803711,116.40599822998048,116.49465469266934,116.80821651382773,117.20024232334399,,117.0690895352685,,112.70380765716466,116.73554076201474,,,,,
AMZN,Experiment 1 — Univariate Close,2020-04-21,10,116.40599822998048,115.88999938964844,116.40599822998048,116.4951853918606,117.02882127580102,117.99990558487268,,117.73595805209054,,125.16556518029405,129.20883480897766,,,,,
AMZN,Experiment 1 — Univariate Close,2020-04-21,20,116.40599822998048,122.46649932861328,116.40599822998048,116.49518858642843,117.45378521879003,119.61563776575846,,119.081112908437,,124.55575290357707,123.24169595373888,,,,,
AMZN,Experiment 1 — Univariate Close,2020-08-12,1,158.11199951171875,158.05099487304688,158.11199951171875,158.05902264144018,158.0889165305641,158.33619897457112,158.29042073009836,158.3031106390221,,159.6874491896554,161.16628114929955,,,,,
AMZN,Experiment 1 — Univariate Close,2020-08-12,5,158.11199951171875,163.0240020751953,158.11199951171875,158.01955980141298,159.04823244480798,159.2361804379213,,159.0698679161439,,165.2429643305859,160.47509631940167,,,,,
AMZN,Experiment 1 — Univariate Close,2020-08-12,10,158.11199951171875,172.09249877929688,158.11199951171875,158.01810373616664,160.22064272375465,160.36835432328408,,160.03353924433847,,168.13521183733246,164.422381461882,,,,,
AMZN,Experiment 1 — Univariate Close,2020-08-12,20,158.11199951171875,158.7554931640625,158.11199951171875,158.01808043275318,162.47912567981305,162.65690869624513,,161.9784315052637,,175.69510541826457,179.24428285660528,,,,,
AMZN,Experiment 1 — Univariate Close,2020-12-03,1,159.3365020751953,158.12899780273438,159.3365020751953,159.35148160761256,159.46679096892444,159.56357881208663,159.51561566478523,159.52858799666015,,160.244248483022,161.6766878108853,,,,,
AMZN,Experiment 1 — Univariate Close,2020-12-03,5,159.3365020751953,155.07449340820312,159.3365020751953,159.36497266700556,159.73865090825925,160.4751265351059,,160.29925014114215,,160.47922943224745,156.28804887089902,,,,,
AMZN,Experiment 1 — Univariate Close,2020-12-03,10,159.3365020751953,161.8040008544922,159.3365020751953,159.3657644800895,160.07089952686073,161.6218876469689,,161.2678153539851,,158.2187871409051,158.36581829604108,,,,,
AMZN,Experiment 1 — Univariate Close,2020-12-03,20,159.3365020751953,159.3314971923828,159.3365020751953,159.36578711206835,160.7109296048634,163.94005282130468,,163.22253802693282,,148.05734172195923,150.23396677778305,,,,,
AMZN,Experiment 1 — Univariate Close,2021-03-30,1,152.76449584960938,154.70399475097656,152.76449584960938,152.78677752750448,152.84458993339825,152.97183745360837,152.92782271028858,152.9387076473199,,152.65029508977503,153.1300896696528,,,,,
AMZN,Experiment 1 — Univariate Close,2021-03-30,5,152.76449584960938,163.96949768066406,152.76449584960938,152.81911215965994,152.91826428121553,153.8040218627243,,153.63754380691555,,152.12516192738798,152.01556861585414,,,,,
AMZN,Experiment 1 — Univariate Close,2021-03-30,10,152.76449584960938,166.64999389648438,152.76449584960938,152.82469364175606,153.00830402869926,154.85062160279355,,154.51558122680282,,153.79181883534943,149.41855385640068,,,,,
AMZN,Experiment 1 — Univariate Close,2021-03-30,20,152.76449584960938,172.9250030517578,152.76449584960938,152.82532220686207,153.18175289614052,156.9652351314513,,156.28673867624815,,148.63587611639514,149.77298951339952,,,,,
AMZN,Experiment 1 — Univariate Close,2021-07-22,1,181.9015045166016,182.83200073242188,181.9015045166016,181.84486108461672,181.84572333862295,182.15473645729227,182.1019121851551,182.11528856507783,,184.4188951558238,185.3865262885187,,,,,
AMZN,Experiment 1 — Univariate Close,2021-07-22,5,181.9015045166016,179.99600219726562,181.9015045166016,181.76417518770828,182.06875390622298,183.17119446852186,,182.97294026127824,,184.8365834932383,181.53177325876584,,,,,
AMZN,Experiment 1 — Univariate Close,2021-07-22,10,181.9015045166016,168.79949951171875,181.9015045166016,181.7507812247979,182.34132660734375,184.449746978112,,184.05068697384937,,189.58764607013924,187.05125572762083,,,,,
AMZN,Experiment 1 — Univariate Close,2021-07-22,20,181.9015045166016,159.3874969482422,181.9015045166016,181.74934689092146,182.86639945157123,187.03368754811189,,186.22526221301405,,196.62274485727963,193.06580586700835,,,,,
AMZN,Experiment 1 — Univariate Close,2021-11-11,1,173.625,176.25750732421875,173.625,173.60290637412152,173.65669774054388,173.86088623692254,173.81609715919737,173.82851923976605,,172.82994983094977,172.2412864352724,,,,,
AMZN,Experiment 1 — Univariate Close,2021-11-11,5,173.625,184.8029937744141,173.625,173.54919925621417,173.72603817011773,174.80764028258616,,174.64498460263636,,170.66620857990347,171.42316984610022,,,,,
AMZN,Experiment 1 — Univariate Close,2021-11-11,10,173.625,175.22799682617188,173.625,173.52269406344988,173.8107812992287,175.99833607583034,,175.6709612489854,,166.26172330928966,166.29243960474918,,,,,
AMZN,Experiment 1 — Univariate Close,2021-11-11,20,173.625,172.21200561523438,173.625,173.51018202225876,173.9740269788146,178.40411404729116,,177.74103168404625,,157.59605597052723,156.74854532280358,,,,,
AMZN,Experiment 1 — Univariate Close,2022-03-08,1,136.01449584960938,139.2790069580078,136.01449584960938,136.18719044369072,136.06212075202976,136.18702332431704,136.15199436524142,136.16061044730773,,133.06991989711167,135.46125654707453,,,,,
AMZN,Experiment 1 — Univariate Close,2022-03-08,5,136.01449584960938,147.3665008544922,136.01449584960938,136.36220498825986,135.98411003385246,136.87932442413782,,136.74664017229486,,144.69989096372137,144.48549746357008,,,,,
AMZN,Experiment 1 — Univariate Close,2022-03-08,10,136.01449584960938,164.88900756835938,136.01449584960938,136.37574333282413,135.8887706711868,137.74965188655054,,137.48272551101613,,151.32046149676626,150.58123724888895,,,,,
AMZN,Experiment 1 — Univariate Close,2022-03-08,20,136.01449584960938,164.05499267578125,136.01449584960938,136.37629025906105,135.70511284296018,139.50694355288715,,138.96680420619808,,142.27101775651624,144.7003171268884,,,,,
AMZN,Experiment 1 — Univariate Close,2022-06-30,1,106.20999908447266,109.55999755859376,106.20999908447266,106.2687585449892,106.2419956687297,106.34361984662613,106.31516096046283,106.32220292499333,,104.59647337547894,97.93151824056037,,,,,
AMZN,Experiment 1 — Univariate Close,2022-06-30,5,106.20999908447266,115.54000091552734,106.20999908447266,106.27150505925707,106.04458426379671,106.8797860686493,,106.77220489936781,,109.15119362149146,112.90007575497907,,,,,
AMZN,Experiment 1 — Univariate Close,2022-06-30,10,106.20999908447266,113.5500030517578,106.20999908447266,106.27150507016577,105.80332155055675,107.55379689811392,,107.33738666173518,,112.30467524870295,110.40634104382134,,,,,
AMZN,Experiment 1 — Univariate Close,2022-06-30,20,106.20999908447266,134.9499969482422,106.20999908447266,106.27150507016577,105.3385629796285,108.91459680741016,,108.47674112309828,,106.87590316259455,107.88886177260385,,,,,
AMZN,Experiment 1 — Univariate Close,2022-10-21,1,119.31999969482422,119.81999969482422,119.31999969482422,119.23045393390099,119.20461652676035,119.46764931463831,119.4356051602167,119.44486594113549,,119.51467846584075,121.67285513601577,,,,,
AMZN,Experiment 1 — Univariate Close,2022-10-21,5,119.31999969482422,103.41000366210938,119.31999969482422,119.2430430204239,119.20461652676035,120.0600771103016,,119.94563899747973,,118.38639434811091,121.95364717140826,,,,,
AMZN,Experiment 1 — Univariate Close,2022-10-21,10,119.31999969482422,90.9800033569336,119.31999969482422,119.24305208776786,119.20461652676035,120.80474482566417,,120.57455876056123,,119.2977101689047,121.8021322706058,,,,,
AMZN,Experiment 1 — Univariate Close,2022-10-21,20,119.31999969482422,94.13999938964844,119.31999969482422,119.24305208669935,119.20461652676035,122.30796521722479,,121.84230856090643,,114.09706500718684,114.15626713049215,,,,,
AMZN,Experiment 1 — Univariate Close,2023-02-15,1,101.16000366210938,98.1500015258789,101.16000366210938,101.12966819137576,101.13078910762613,101.2820704093895,101.25549784935794,101.26403521152687,,100.52971202701342,101.34148381903222,,,,,
AMZN,Experiment 1 — Univariate Close,2023-02-15,5,101.16000366210938,95.81999969482422,101.16000366210938,101.13919619544818,101.13078910762613,101.77181211982644,,101.68123235605144,,84.40715015680053,94.4533062787291,,,,,
AMZN,Experiment 1 — Univariate Close,2023-02-15,10,101.16000366210938,92.12999725341795,101.16000366210938,101.14259070252223,101.13078910762613,102.38732075128199,,102.20514668998514,,85.62796902278342,89.09119612070975,,,,,
AMZN,Experiment 1 — Univariate Close,2023-02-15,20,101.16000366210938,100.04000091552734,101.16000366210938,101.14212722999017,101.13078910762613,103.62952818429451,,103.26108770035569,,90.05805703235751,91.46156926122883,,,,,
AMZN,Experiment 1 — Univariate Close,2023-06-09,1,123.43000030517578,126.56999969482422,123.43000030517578,123.4564934040746,123.4475440548529,123.58074773307612,123.55176351926605,123.56074240871186,,123.85545911153034,123.36158714993685,,,,,
AMZN,Experiment 1 — Univariate Close,2023-06-09,5,123.43000030517578,125.48999786376952,123.43000030517578,123.45261087459649,123.4475440548529,124.18558080189484,,124.08509716437099,,127.67660676948151,125.56830194061263,,,,,
AMZN,Experiment 1 — Univariate Close,2023-06-09,10,123.43000030517578,127.33000183105467,123.43000030517578,123.4526074833777,123.4475440548529,124.94578660757941,,124.74367090839051,,125.22827731140333,127.14608523370376,,,,,
AMZN,Experiment 1 — Univariate Close,2023-06-09,20,123.43000030517578,128.77999877929688,123.43000030517578,123.45260748388625,123.4475440548529,126.48018757504722,,126.07132296222086,,132.20434816458635,131.42211790767107,,,,,
AMZN,Experiment 1 — Univariate Close,2023-10-03,1,124.72000122070312,127.0,124.72000122070312,124.80879040682504,124.83108092476037,124.86691268936622,124.83801702083561,124.84834988168264,,125.73363240362383,125.97431492768709,,,,,
AMZN,Experiment 1 — Univariate Close,2023-10-03,5,124.72000122070312,129.47999572753906,124.72000122070312,124.80758044433095,124.83108092476037,125.45629111835115,,125.36306671450399,,127.13600987563893,128.95873390453391,,,,,
AMZN,Experiment 1 — Univariate Close,2023-10-03,10,124.72000122070312,131.47000122070312,124.72000122070312,124.80758044428694,124.83108092476037,126.19692773511454,,126.00944790125921,,131.8771460050499,135.76274953075503,,,,,
AMZN,Experiment 1 — Univariate Close,2023-10-03,20,124.72000122070312,133.08999633789062,124.72000122070312,124.80758044428694,124.83108092476037,127.69134392165252,,127.31222582560716,,141.54410353795583,140.1417384758283,,,,,
AMZN,Experiment 1 — Univariate Close,2024-01-26,1,159.1199951171875,161.25999450683594,159.1199951171875,159.08974588743055,159.08878157389896,159.3163981859304,159.27693695158834,159.28943024235753,,160.3733917141534,160.57536834199007,,,,,
AMZN,Experiment 1 — Univariate Close,2024-01-26,5,159.1199951171875,171.80999755859375,159.1199951171875,159.08249123268743,159.08878157389896,160.10443767359604,,159.96897685465834,,160.1032848920686,160.97591172703721,,,,,
AMZN,Experiment 1 — Univariate Close,2024-01-26,10,159.1199951171875,174.4499969482422,159.1199951171875,159.08248101389458,159.08878157389896,161.094970772844,,160.82248831820183,,159.00314526481566,159.2345622148863,,,,,
AMZN,Experiment 1 — Univariate Close,2024-01-26,20,159.1199951171875,174.72999572753906,159.1199951171875,159.08248101110925,159.08878157389896,163.09445955670643,,162.54319722552864,,162.31083893103914,160.61639781372293,,,,,
AMZN,Experiment 1 — Univariate Close,2024-05-20,1,183.5399932861328,183.1499938964844,183.5399932861328,183.57246866239012,183.59359586145075,183.76671433694227,183.71367061661,183.7321247440411,,183.68640879407334,184.47763282381214,,,,,
AMZN,Experiment 1 — Univariate Close,2024-05-20,5,183.5399932861328,182.1499938964844,183.5399932861328,183.6173489149967,183.6966819318678,184.6764026140476,,184.50266393304346,,187.99046117212393,184.64892992582108,,,,,
AMZN,Experiment 1 — Univariate Close,2024-05-20,10,183.5399932861328,179.33999633789062,183.5399932861328,183.62432202719904,183.8225421568379,185.819848153185,,185.4703838052365,,195.50454879342044,191.46644293092555,,,,,
AMZN,Experiment 1 — Univariate Close,2024-05-20,20,183.5399932861328,182.80999755859372,183.5399932861328,183.62500711486285,184.06459623318653,188.12802239696683,,187.42107729749353,,190.80305918880384,182.28495871636503,,,,,
AMZN,Experiment 1 — Univariate Close,2024-09-12,1,187.0,186.4900054931641,187.0,186.83632486305316,186.96836704355502,187.22878441544938,187.17548934547762,187.19430315501734,,189.0216740919277,187.68361404373945,,,,,
AMZN,Experiment 1 — Univariate Close,2024-09-12,5,187.0,189.8699951171875,187.0,186.4328684789497,186.96836704355502,188.14672455777782,,187.97353678923605,,192.52271779812872,189.93297450319236,,,,,
AMZN,Experiment 1 — Univariate Close,2024-09-12,10,187.0,191.16000366210935,187.0,186.22808132072709,186.96836704355502,189.30048107925302,,188.95214188799076,,192.7877396121621,193.0385659476376,,,,,
AMZN,Experiment 1 — Univariate Close,2024-09-12,20,187.0,186.6499938964844,187.0,186.12725126214903,186.96836704355502,191.6292627638322,,190.92466269550476,,199.83585575968027,197.70677815339437,,,,,
AMZN,Experiment 1 — Univariate Close,2025-01-06,1,227.6100006103516,222.1100006103516,227.6100006103516,227.53672946877163,227.61347437614535,227.89529482524378,227.83029853987804,227.85299052441823,,226.8224271803581,227.2989950236567,,,,,
AMZN,Experiment 1 — Univariate Close,2025-01-06,5,227.6100006103516,217.75999450683597,227.6100006103516,227.37191926523136,227.81985302752216,229.0400521458341,,228.8275470422295,,228.73889524381653,230.06922317945615,,,,,
AMZN,Experiment 1 — Univariate Close,2025-01-06,10,227.6100006103516,235.00999450683597,227.6100006103516,227.30200370661075,228.07207489587304,230.47908855627225,,230.05160645380863,,231.8303213091862,234.1712773272502,,,,,
AMZN,Experiment 1 — Univariate Close,2025-01-06,20,227.6100006103516,236.1699981689453,227.6100006103516,227.27542634110128,228.55794473260585,233.3843421610802,,232.51940376108016,,244.52185576861214,244.23312016353412,,,,,
AMZN,Experiment 1 — Univariate Close,2025-05-01,1,190.1999969482422,189.97999572753903,190.1999969482422,190.09636356655764,189.9966354979151,190.43417115146045,190.37599084384613,190.39646081932588,,187.86925116754557,189.72135749114682,,,,,
AMZN,Experiment 1 — Univariate Close,2025-05-01,5,190.1999969482422,192.0800018310547,190.1999969482422,190.038952818813,189.9966354979151,191.37375466863952,,191.18434774125598,,189.68564720313188,187.01367020431655,,,,,
AMZN,Experiment 1 — Univariate Close,2025-05-01,10,190.1999969482422,205.1699981689453,190.1999969482422,190.03797260398048,189.9966354979151,192.55475585490592,,192.17379289020695,,186.99745241438413,184.4430931836391,,,,,
AMZN,Experiment 1 — Univariate Close,2025-05-01,20,190.1999969482422,205.00999450683597,190.1999969482422,190.0379665989106,189.9966354979151,194.93866770372253,,194.16807185258725,,197.48043389708857,199.5739112829048,,,,,
AMZN,Experiment 1 — Univariate Close,2025-08-25,1,227.94000244140625,228.7100067138672,227.94000244140625,227.90959226569075,227.9607110114541,228.225407565519,228.15562706095827,228.1805542541275,,229.5918201659963,230.26288459854192,,,,,
AMZN,Experiment 1 — Univariate Close,2025-08-25,5,227.94000244140625,225.33999633789065,227.94000244140625,227.87967529943717,227.9607110114541,229.37060611494638,,229.14530279978467,,226.77140835828195,229.3429921395748,,,,,
AMZN,Experiment 1 — Univariate Close,2025-08-25,10,227.94000244140625,238.2400054931641,227.94000244140625,227.87751049476577,227.9607110114541,230.81018858487516,,230.35697654123916,,226.9517610624569,223.81051961061934,,,,,
AMZN,Experiment 1 — Univariate Close,2025-08-25,20,227.94000244140625,220.7100067138672,227.94000244140625,227.87743001337932,227.9607110114541,233.71651567951508,,232.79957915619315,,211.03912508117992,210.3389887318529,,,,,
AMZN,Experiment 1 — Univariate Close,2025-12-16,1,222.55999755859372,221.2700042724609,222.55999755859372,222.62995347690065,222.56226416389003,222.83216052673748,222.76413896244114,222.7888933960725,,221.6997327773391,220.43330020931288,,,,,
AMZN,Experiment 1 — Univariate Close,2025-12-16,5,222.55999755859372,232.13999938964844,222.55999755859372,222.71260521777438,222.56226416389003,223.9241446835974,,223.7068332888321,,224.7391583161918,223.0886781459298,,,,,
AMZN,Experiment 1 — Univariate Close,2025-12-16,10,222.55999755859372,230.82000732421875,222.55999755859372,222.7216954887039,222.56226416389003,225.29665313767666,,224.8595785814652,,233.63742909856475,233.04512982670957,,,,,
AMZN,Experiment 1 — Univariate Close,2025-12-16,20,222.55999755859372,238.17999267578125,222.55999755859372,222.72226900836662,222.56226416389003,228.0669593450877,,227.1829198170377,,235.97198403606737,234.59818517701981,,,,,
AMZN,Experiment 1 — Univariate Close,2026-04-13,1,239.88999938964844,249.0200042724609,239.88999938964844,239.6493974123976,239.88242001813188,240.18387934253266,240.1100471378918,240.13772613403714,,239.63031425382076,240.9755286706877,,,,,
AMZN,Experiment 1 — Univariate Close,2026-04-13,5,239.88999938964844,248.27999877929688,239.88999938964844,239.23621090523258,239.88242001813188,241.36300377680058,,241.13119394973023,,231.6448037224684,234.7920424989893,,,,,
AMZN,Experiment 1 — Univariate Close,2026-04-13,10,239.88999938964844,261.1199951171875,239.88999938964844,239.13435317326318,239.88242001813188,242.8450529008325,,242.3788104696265,,217.1655707295996,217.3343672560199,,,,,
AMZN,Experiment 1 — Univariate Close,2026-04-13,20,239.88999938964844,268.989990234375,239.88999938964844,239.115983540664,239.88242001813188,245.83650785132699,,244.89344247005806,,221.11607647866833,217.4705327488703,,,,,
AMZN,Experiment 1 — Univariate Close,2026-08-06,1,272.260009765625,274.4800109863281,272.260009765625,272.2644894571255,272.26000977144486,272.591357015003,272.5067522413107,272.53783389041433,,268.4034943809463,269.84128864284787,,,,,
AMZN,Experiment 1 — Univariate Close,2026-08-06,5,272.260009765625,265.1300048828125,272.260009765625,272.26446544306094,272.26000977147896,273.92078350224716,,273.6519683035298,,268.60200494443666,263.73124355330697,,,,,
AMZN,Experiment 1 — Univariate Close,2026-08-06,10,272.260009765625,260.1099853515625,272.260009765625,272.26446544306094,272.2600097715207,275.59168788349336,,275.05104337894204,,255.81693784348226,255.84994043714957,,,,,
AMZN,Experiment 1 — Univariate Close,2026-08-06,20,272.260009765625,258.8999938964844,272.260009765625,272.26446544306094,272.260009771601,278.9641361427079,,277.87068886455484,,283.641819961701,274.91761656622765,,,,,
AMZN,Experiment 2 — OHLCV,2011-03-11,1,8.403499603271484,8.33650016784668,8.403499603271484,8.398739675595667,8.399087930082942,8.409819455595345,8.409349851200025,8.410045779123921,,8.406717757487298,8.41659382054064,,,,,
AMZN,Experiment 2 — OHLCV,2011-03-11,5,8.403499603271484,8.090999603271484,8.403499603271484,8.398941232860793,8.399087930082693,8.435146429100765,,8.436281515810977,,8.399623863601123,8.646527126021926,,,,,
AMZN,Experiment 2 — OHLCV,2011-03-11,10,8.403499603271484,8.548999786376953,8.403499603271484,8.398941233632154,8.399087930082485,8.466912434037843,,8.469191310047442,,8.979357940495959,9.008591805442244,,,,,
AMZN,Experiment 2 — OHLCV,2011-03-11,20,8.403499603271484,9.23550033569336,8.403499603271484,8.398941233632154,8.39908793008227,8.53080377819691,,8.535396541014851,,8.915170257824258,8.924019407142097,,,,,
AMZN,Experiment 2 — OHLCV,2011-07-05,1,10.659500122070312,10.709500312805176,10.659500122070312,10.650455979051896,10.65443929394844,10.67127134600867,10.671082479824307,10.671457349463557,,10.740154911953958,10.728149876675024,,,,,
AMZN,Experiment 2 — OHLCV,2011-07-05,5,10.659500122070312,10.56149959564209,10.659500122070312,10.650828987679441,10.67417705153138,10.718486374328178,,10.719420539028002,,10.601471922812024,10.699725847504203,,,,,
AMZN,Experiment 2 — OHLCV,2011-07-05,10,10.659500122070312,10.902999877929688,10.659500122070312,10.650828988958954,10.690360121862225,10.777799037573011,,10.779677787575096,,10.624304410881688,10.667969380117997,,,,,
AMZN,Experiment 2 — OHLCV,2011-07-05,20,10.659500122070312,10.585000038146973,10.659500122070312,10.650828988958954,10.706744470468958,10.89741083203334,,10.901210363828111,,10.786102502258714,10.70889484985121,,,,,
AMZN,Experiment 2 — OHLCV,2011-10-25,1,11.357500076293944,9.920000076293944,11.357500076293944,11.38599365335451,11.379382654473849,11.37049819256418,11.368938711946223,11.3705996195366,,11.336160605724567,11.264117733332398,,,,,
AMZN,Experiment 2 — OHLCV,2011-10-25,5,11.357500076293944,10.604999542236328,11.357500076293944,11.376843859956107,11.379382654473849,11.422639585219407,,11.423149054725458,,11.775651772055836,12.04122616881397,,,,,
AMZN,Experiment 2 — OHLCV,2011-10-25,10,11.357500076293944,10.899499893188477,11.357500076293944,11.375954376781442,11.379382654473849,11.488152693580888,,11.489177499442704,,12.19803666642184,12.540900877992097,,,,,
AMZN,Experiment 2 — OHLCV,2011-10-25,20,11.357500076293944,9.616999626159668,11.357500076293944,11.375993365455358,11.379382654473849,11.62030829183101,,11.622381574024491,,11.826862719967442,12.048366252970839,,,,,
AMZN,Experiment 2 — OHLCV,2012-02-17,1,9.125,9.11299991607666,9.125,9.121956680195954,9.120592856187054,9.133515415242922,9.131637497110042,9.133542113808634,,9.20379021379631,9.237164728069706,,,,,
AMZN,Experiment 2 — OHLCV,2012-02-17,5,9.125,8.92650032043457,9.125,9.121334250213641,9.120592856187054,9.167656615936837,,9.167790608546703,,9.142847567243734,9.350080064735847,,,,,
AMZN,Experiment 2 — OHLCV,2012-02-17,10,9.125,9.012999534606934,9.125,9.121333730719957,9.120592856187054,9.210512638655393,,9.21078187859256,,9.140786385076353,9.109659460844,,,,,
AMZN,Experiment 2 — OHLCV,2012-02-17,20,9.125,9.276000022888184,9.125,9.121333730646313,9.120592856187054,9.296826637460905,,9.297370171507843,,9.796697303652763,9.724672585060999,,,,,
AMZN,Experiment 2 — OHLCV,2012-06-12,1,10.821000099182127,10.736499786376951,10.821000099182127,10.821212343641717,10.821140910954362,10.830628161130111,10.828000552315856,10.82995868776545,,10.966401908866116,10.894625650321197,,,,,
AMZN,Experiment 2 — OHLCV,2012-06-12,5,10.821000099182127,11.201499938964844,10.821000099182127,10.821209275893741,10.821140910954362,10.869226151545487,,10.865867270709316,,11.32843805123307,11.311491805197221,,,,,
AMZN,Experiment 2 — OHLCV,2012-06-12,10,10.821000099182127,11.280500411987305,10.821000099182127,10.821209275893597,10.821140910954362,10.917667133407528,,10.910920475233675,,11.167060967864275,11.011550746779957,,,,,
AMZN,Experiment 2 — OHLCV,2012-06-12,20,10.821000099182127,10.918499946594238,10.821000099182127,10.821209275893597,10.821140910954362,11.01519772140987,,11.001588071870675,,11.140592040759786,11.118428052148039,,,,,
AMZN,Experiment 2 — OHLCV,2012-10-03,1,12.79599952697754,13.023500442504885,12.79599952697754,12.788084067917348,12.790847014060024,12.806881180930729,12.802299442294444,12.80541442324794,,12.849904922169044,12.894802528620508,,,,,
AMZN,Experiment 2 — OHLCV,2012-10-03,5,12.79599952697754,12.249500274658203,12.79599952697754,12.785767835350445,12.790847014060024,12.85050041251057,,12.843143331178702,,12.92961178929043,13.030386256708791,,,,,
AMZN,Experiment 2 — OHLCV,2012-10-03,10,12.79599952697754,12.374500274658203,12.79599952697754,12.785761682490394,12.790847014060024,12.905233428915254,,12.890460825467134,,13.067103125087216,13.437537061246308,,,,,
AMZN,Experiment 2 — OHLCV,2012-10-03,20,12.79599952697754,11.621000289916992,12.79599952697754,12.785761678786645,12.790847014060024,13.015399813329807,,12.985619446342017,,13.967645844927562,14.17003024472657,,,,,
AMZN,Experiment 2 — OHLCV,2013-01-30,1,13.637999534606934,13.274999618530272,13.637999534606934,13.625991360558428,13.62332658952094,13.649595044023217,13.64556753997611,13.64849724061123,,13.600461244076905,13.580758418849562,,,,,
AMZN,Experiment 2 — OHLCV,2013-01-30,5,13.637999534606934,13.111000061035156,13.637999534606934,13.621155152315811,13.62332658952094,13.696075754668945,,13.690568931833624,,13.588330267019513,13.716959421057856,,,,,
AMZN,Experiment 2 — OHLCV,2013-01-30,10,13.637999534606934,13.47350025177002,13.637999534606934,13.621121410707453,13.62332658952094,13.754399287199925,,13.743340964462801,,13.516596345406354,13.453389615790153,,,,,
AMZN,Experiment 2 — OHLCV,2013-01-30,20,13.637999534606934,13.213500022888184,13.637999534606934,13.621121342941036,13.62332658952094,13.871792506787054,,13.84949606327473,,14.306349591075335,14.089757692513201,,,,,
AMZN,Experiment 2 — OHLCV,2013-05-23,1,13.09000015258789,13.086999893188477,13.09000015258789,13.094988667314905,13.092455658254563,13.100660139753536,13.097018869196503,13.099667528280381,,13.014573699045862,13.022897180381406,,,,,
AMZN,Experiment 2 — OHLCV,2013-05-23,5,13.09000015258789,13.460000038146973,13.09000015258789,13.096348494906177,13.092455658254563,13.14338696993096,,13.138408480400201,,13.234641470527642,13.334750341040499,,,,,
AMZN,Experiment 2 — OHLCV,2013-05-23,10,13.09000015258789,13.843500137329102,13.09000015258789,13.096351379510182,13.092455658254563,13.196991522356745,,13.18699582778274,,13.86718447447528,13.948959173559354,,,,,
AMZN,Experiment 2 — OHLCV,2013-05-23,20,13.09000015258789,13.66800022125244,13.09000015258789,13.096351380821188,13.092455658254563,13.30485738815857,,13.284710231846713,,14.210064751151208,14.346554993913603,,,,,
AMZN,Experiment 2 — OHLCV,2013-09-16,1,14.803000450134276,15.208499908447266,14.803000450134276,14.806523793256588,14.805276807227964,14.815142762069886,14.811079467904833,14.813976753783722,,14.768351328748446,14.774520580244143,,,,,
AMZN,Experiment 2 — OHLCV,2013-09-16,5,14.803000450134276,15.57450008392334,14.803000450134276,14.807400999277736,14.805276807227964,14.863811690093305,,14.8579634171457,,14.860012515674793,15.038108155119765,,,,,
AMZN,Experiment 2 — OHLCV,2013-09-16,10,14.803000450134276,15.631999969482422,14.803000450134276,14.807402392583569,14.805276807227964,14.924872744738067,,14.91313045952366,,15.061940572638594,14.83367890263111,,,,,
AMZN,Experiment 2 — OHLCV,2013-09-16,20,14.803000450134276,15.53499984741211,14.803000450134276,14.807402393024786,14.805276807227964,15.047748407290271,,15.024079804088302,,15.106221754059549,15.20515494878915,,,,,
AMZN,Experiment 2 — OHLCV,2014-01-08,1,20.09600067138672,20.050500869750977,20.09600067138672,20.087872180371267,20.100158993687288,20.116610493653955,20.110788835625264,20.114638742465,,20.18980406114922,20.227112159163443,,,,,
AMZN,Experiment 2 — OHLCV,2014-01-08,5,20.09600067138672,19.793500900268555,20.09600067138672,20.085747283266638,20.139458019775702,20.199261367420544,,20.189364046288166,,20.070838104226954,19.895008604750682,,,,,
AMZN,Experiment 2 — OHLCV,2014-01-08,10,20.09600067138672,19.99349975585937,20.09600067138672,20.085743331901767,20.18748660082449,20.303052655163622,,20.283161175144713,,20.244108959139353,20.380817445105286,,,,,
AMZN,Experiment 2 — OHLCV,2014-01-08,20,20.09600067138672,17.72949981689453,20.09600067138672,20.085743330378058,20.280006884593927,20.512237925293714,,20.472064764740526,,19.823666224560377,19.480503261677054,,,,,
AMZN,Experiment 2 — OHLCV,2014-05-02,1,15.400500297546388,15.5024995803833,15.400500297546388,15.396963177337005,15.39986391777013,15.41409136205562,15.410534795213634,15.413327694570503,,15.371460235089176,15.436252843596586,,,,,
AMZN,Experiment 2 — OHLCV,2014-05-02,5,15.400500297546388,14.612000465393066,15.400500297546388,15.395246275845183,15.39986391777013,15.468575668218977,,15.464744213752882,,15.127681473370915,14.854401437711562,,,,,
AMZN,Experiment 2 — OHLCV,2014-05-02,10,15.400500297546388,14.885000228881836,15.400500297546388,15.395225895152002,15.39986391777013,15.536951954836024,,15.529256126497783,,15.4106807852483,15.56066904265376,,,,,
AMZN,Experiment 2 — OHLCV,2014-05-02,20,15.400500297546388,15.44200038909912,15.400500297546388,15.39522581577369,15.39986391777013,15.674612602380352,,15.65908841810745,,15.009125532876528,15.642881693968633,,,,,
AMZN,Experiment 2 — OHLCV,2014-08-25,1,16.701000213623047,17.09149932861328,16.701000213623047,16.698846148539353,16.697568493098743,16.717333417449996,16.713501883396386,16.71625325677006,,16.631683660106255,16.60919992107121,,,,,
AMZN,Experiment 2 — OHLCV,2014-08-25,5,16.701000213623047,17.118999481201172,16.701000213623047,16.697405967822966,16.697568493098743,16.782826124123577,,16.777404862867307,,17.030845387427306,16.85160653593788,,,,,
AMZN,Experiment 2 — OHLCV,2014-08-25,10,16.701000213623047,16.487499237060547,16.701000213623047,16.69736561157355,16.697568493098743,16.865052937536724,,16.854159052279908,,16.76905744380757,16.93374111416826,,,,,
AMZN,Experiment 2 — OHLCV,2014-08-25,20,16.701000213623047,16.181499481201172,16.701000213623047,16.697365153315406,16.697568493098743,17.030717139558252,,17.008722455307687,,15.54220965788221,15.456603577147517,,,,,
AMZN,Experiment 2 — OHLCV,2014-12-16,1,14.753000259399414,14.944000244140623,14.753000259399414,14.771896187622366,14.77183615461932,14.765424988175033,14.763159787781527,14.765100521547835,,14.846405275785767,14.948776622237093,,,,,
AMZN,Experiment 2 — OHLCV,2014-12-16,5,14.753000259399414,15.314499855041504,14.753000259399414,14.78576875460862,14.77183615461932,14.815228630416573,,14.813600896705568,,14.442423132770216,14.517998594485489,,,,,
AMZN,Experiment 2 — OHLCV,2014-12-16,10,14.753000259399414,15.517499923706056,14.753000259399414,14.786260821601946,14.77183615461932,14.877719481613449,,14.874450462173948,,14.400930166754055,14.468264584869996,,,,,
AMZN,Experiment 2 — OHLCV,2014-12-16,20,14.753000259399414,14.34749984741211,14.753000259399414,14.786268313230721,14.77183615461932,15.003493057797263,,14.996900471868743,,14.381915269795929,14.305239405181801,,,,,
AMZN,Experiment 2 — OHLCV,2015-04-13,1,19.118000030517575,19.25550079345703,19.118000030517575,19.1177142439023,19.11814122436854,19.13509614499595,19.13132363972453,19.134021315382917,,19.224340043848624,19.2056579899132,,,,,
AMZN,Experiment 2 — OHLCV,2015-04-13,5,19.118000030517575,19.475500106811523,19.118000030517575,19.11751941512412,19.11814122436854,19.20363362028213,,19.19824082913188,,19.196202736117908,19.164224302143843,,,,,
AMZN,Experiment 2 — OHLCV,2015-04-13,10,19.118000030517575,21.92799949645996,19.118000030517575,19.117513676776234,19.11814122436854,19.28965078111501,,19.27881840909109,,19.67902625532596,19.364744564389838,,,,,
AMZN,Experiment 2 — OHLCV,2015-04-13,20,19.118000030517575,21.64249992370605,19.118000030517575,19.11751360744384,19.11814122436854,19.462842696067174,,19.44098957304204,,17.474120329393454,18.617148738731824,,,,,
AMZN,Experiment 2 — OHLCV,2015-08-04,1,26.59499931335449,26.850500106811523,26.59499931335449,26.598527445130575,26.615953149243424,26.61967881812001,26.61270434164248,26.617046495979547,,26.751971290682757,26.945997765847977,,,,,
AMZN,Experiment 2 — OHLCV,2015-08-04,5,26.59499931335449,26.37299919128418,26.59499931335449,26.600590751771826,26.681743602674537,26.718626069535112,,26.70541814860758,,27.93818136806006,28.881982869861012,,,,,
AMZN,Experiment 2 — OHLCV,2015-08-04,10,26.59499931335449,26.750999450683597,26.59499931335449,26.600631441081724,26.762148193814873,26.842827504235697,,26.81629542791006,,26.782441181203943,26.742306312818616,,,,,
AMZN,Experiment 2 — OHLCV,2015-08-04,20,26.59499931335449,24.82699966430664,26.59499931335449,26.60063173930398,26.917036292239295,27.09296510717862,,27.03943294015624,,26.93994964474543,26.998150827540154,,,,,
AMZN,Experiment 2 — OHLCV,2015-11-24,1,33.557498931884766,33.766998291015625,33.557498931884766,33.559882297246304,33.60109616397226,33.59353050326836,33.584013213351454,33.58937215038132,,33.46984790553978,33.23828459210188,,,,,
AMZN,Experiment 2 — OHLCV,2015-11-24,5,33.557498931884766,33.800498962402344,33.557498931884766,33.56121344971377,33.773316077024944,33.73804408491167,,33.71716804678013,,33.60644569044873,34.971238459836684,,,,,
AMZN,Experiment 2 — OHLCV,2015-11-24,10,33.557498931884766,33.239498138427734,33.557498931884766,33.5612366574365,33.983791472360615,33.91956060211406,,33.877596879385784,,32.49826374984441,32.70168318599645,,,,,
AMZN,Experiment 2 — OHLCV,2015-11-24,20,33.557498931884766,33.185001373291016,33.557498931884766,33.56123680333249,34.38924261994211,34.28552866159231,,34.200748174104426,,35.16866280653137,32.15650154267958,,,,,
AMZN,Experiment 2 — OHLCV,2016-03-21,1,27.698999404907227,28.02400016784668,27.698999404907227,27.704113057067783,27.69872752217699,27.726508683679636,27.717820522120494,27.722260558555377,,27.63266490394109,27.79960064404457,,,,,
AMZN,Experiment 2 — OHLCV,2016-03-21,5,27.698999404907227,29.69300079345703,27.698999404907227,27.711882016887756,27.69872752217699,27.83681927881738,,27.81550068051736,,28.685516215553953,28.919733675531344,,,,,
AMZN,Experiment 2 — OHLCV,2016-03-21,10,27.698999404907227,29.30699920654297,27.698999404907227,27.713360628734108,27.69872752217699,27.975324892936666,,27.9324919574817,,28.509667517653718,28.01902076248843,,,,,
AMZN,Experiment 2 — OHLCV,2016-03-21,20,27.698999404907227,31.395000457763672,27.698999404907227,27.713549767647628,27.69872752217699,28.25440700672787,,28.167952767873395,,32.74442267602063,32.91268401399845,,,,,
AMZN,Experiment 2 — OHLCV,2016-07-13,1,37.13150024414063,37.060001373291016,37.13150024414063,37.13115214910241,37.14730881925929,37.17266371138253,37.161072765374094,37.16676483886279,,37.654826100889245,37.72753572356771,,,,,
AMZN,Experiment 2 — OHLCV,2016-07-13,5,37.13150024414063,37.2859992980957,37.13150024414063,37.130544600578375,37.20975661585771,37.337774419015005,,37.30815845151784,,38.36388688247326,38.639697187171215,,,,,
AMZN,Experiment 2 — OHLCV,2016-07-13,10,37.13150024414063,36.83349990844727,37.13150024414063,37.13039000090477,37.286076040504454,37.54519449521145,,37.48565713455664,,39.71189022178692,39.508471551504805,,,,,
AMZN,Experiment 2 — OHLCV,2016-07-13,20,37.13150024414063,38.428001403808594,37.13150024414063,37.13036094397473,37.43309464216301,37.96349784993399,,37.84319194135643,,40.79289773060851,39.6799179064164,,,,,
AMZN,Experiment 2 — OHLCV,2016-11-02,1,38.27799987792969,38.35150146484375,38.27799987792969,38.292293382465814,38.28696366364981,38.31966036547487,38.30731933478858,38.31390005467596,,38.86618191032106,38.27900124414566,,,,,
AMZN,Experiment 2 — OHLCV,2016-11-02,5,38.27799987792969,38.59400177001953,38.27799987792969,38.313765395817775,38.322372793530285,38.48675622814339,,38.457837778230015,,36.56485827304624,37.10116266473814,,,,,
AMZN,Experiment 2 — OHLCV,2016-11-02,10,38.27799987792969,37.324501037597656,38.27799987792969,38.31775397649656,38.36564740956035,38.696651070804286,,38.638520593899166,,35.438394697915214,36.0984548742985,,,,,
AMZN,Experiment 2 — OHLCV,2016-11-02,20,38.27799987792969,37.182498931884766,38.27799987792969,38.318248135877724,38.449009850583714,39.11988110326963,,39.00243686833716,,34.11417422238162,33.75680759085606,,,,,
AMZN,Experiment 2 — OHLCV,2017-02-28,1,42.25199890136719,42.65399932861328,42.25199890136719,42.24714949685597,42.263724257668095,42.29877186533553,42.285838885406115,42.29251865713516,,42.28306686302773,42.65170181570518,,,,,
AMZN,Experiment 2 — OHLCV,2017-02-28,5,42.25199890136719,42.30099868774414,42.25199890136719,42.231640403408775,42.310042327763696,42.48638207142933,,42.45498663834954,,43.03851104434682,42.796185944884,,,,,
AMZN,Experiment 2 — OHLCV,2017-02-28,10,42.25199890136719,42.62649917602539,42.25199890136719,42.21876021529822,42.3666491041913,42.72206542779832,,42.658949572303314,,43.5420291652523,43.769554561489606,,,,,
AMZN,Experiment 2 — OHLCV,2017-02-28,20,42.25199890136719,42.79999923706055,42.25199890136719,42.20545263104114,42.475694070833896,43.19736158939504,,43.06981979386146,,44.65745454243688,44.18382429564024,,,,,
AMZN,Experiment 2 — OHLCV,2017-06-21,1,50.11149978637695,50.06499862670898,50.11149978637695,50.10514536635036,50.13797039616749,50.16947453804861,50.15742749947124,50.164397250810396,,50.0627748694669,49.99248425170491,,,,,
AMZN,Experiment 2 — OHLCV,2017-06-21,5,50.11149978637695,49.51649856567383,50.11149978637695,50.087891136479016,50.242535932854004,50.402045039815256,,50.37654608143861,,51.04352122879107,50.93714212680789,,,,,
AMZN,Experiment 2 — OHLCV,2017-06-21,10,50.11149978637695,48.25699996948242,50.11149978637695,50.07735777826375,50.37032877795809,50.69427486754601,,50.642994241118686,,52.0265305479209,52.3357875312532,,,,,
AMZN,Experiment 2 — OHLCV,2017-06-21,20,50.11149978637695,51.435001373291016,50.11149978637695,50.07055949932941,50.61650366038328,51.28382737099696,,51.18012585213445,,51.27995746230763,51.33804388490167,,,,,
AMZN,Experiment 2 — OHLCV,2017-10-12,1,50.04650115966797,50.14699935913086,50.04650115966797,50.037765018935104,50.05957205387006,50.10203476612021,50.09092815623969,50.09757554552524,,50.6317186616408,50.33979173466752,,,,,
AMZN,Experiment 2 — OHLCV,2017-10-12,5,50.04650115966797,49.33050155639648,50.04650115966797,50.00884814145426,50.11120536225015,50.32478609928187,,50.3023948549836,,49.32337505161691,49.45345321995161,,,,,
AMZN,Experiment 2 — OHLCV,2017-10-12,10,50.04650115966797,48.62149810791016,50.04650115966797,49.98325203225841,50.1743080592679,50.604618449919954,,50.55959696510917,,48.59280877246647,49.37366802262368,,,,,
AMZN,Experiment 2 — OHLCV,2017-10-12,20,50.04650115966797,56.45650100708008,50.04650115966797,49.954013848408806,50.295866500246376,51.16895984979918,,51.07795322431759,,51.189588356515046,50.91452403491474,,,,,
AMZN,Experiment 2 — OHLCV,2018-02-06,1,72.14199829101562,70.83899688720703,72.14199829101562,71.6889516189613,72.25529596537416,72.2295101146172,72.21709978359681,72.2247942118312,,72.4377343612608,73.09329950625153,,,,,
AMZN,Experiment 2 — OHLCV,2018-02-06,5,72.14199829101562,70.72550201416016,72.14199829101562,69.9305542048017,72.77851778622087,72.58062025937538,,72.55692921841639,,72.33339903741565,73.01380495781402,,,,,
AMZN,Experiment 2 — OHLCV,2018-02-06,10,72.14199829101562,74.14600372314453,72.14199829101562,67.84770211380706,73.41796369952401,73.02190904090479,,72.9742466568453,,72.37680672960533,72.09149414118775,,,,,
AMZN,Experiment 2 — OHLCV,2018-02-06,20,72.14199829101562,77.25,72.14199829101562,64.03170637444747,74.64976601518933,73.91255199874648,,73.81609605063143,,72.14746129488206,72.68683476296304,,,,,
AMZN,Experiment 2 — OHLCV,2018-05-31,1,81.48100280761719,82.0770034790039,81.48100280761719,81.47399474506831,81.56025698234842,81.59168404471933,81.56787733645207,81.57793201858892,,81.01451893992854,81.46876599731219,,,,,
AMZN,Experiment 2 — OHLCV,2018-05-31,5,81.48100280761719,84.46499633789062,81.48100280761719,81.45512626265393,81.87333074587836,82.03591449595694,,81.96680329784267,,81.98206068449446,82.75845273998607,,,,,
AMZN,Experiment 2 — OHLCV,2018-05-31,10,81.48100280761719,86.19300079345703,81.48100280761719,81.4437926560768,82.25594808077408,82.59460531036595,,82.45550019469269,,88.08124756118434,87.89363741793318,,,,,
AMZN,Experiment 2 — OHLCV,2018-05-31,20,81.48100280761719,85.07250213623047,81.48100280761719,81.43665319750566,82.99300638286506,83.72342744089784,,83.44165238625875,,90.60510151372091,90.66156760522517,,,,,
AMZN,Experiment 2 — OHLCV,2018-09-21,1,95.75050354003906,96.71800231933594,95.75050354003906,95.75050354003909,95.85042447142773,95.88920904837539,95.86075085650583,95.87286820324677,,95.24927435079266,96.11370200962646,,,,,
AMZN,Experiment 2 — OHLCV,2018-09-21,5,95.75050354003906,100.1500015258789,95.75050354003906,95.75050354003909,96.17742958661886,96.44604330178437,,96.36389261891044,,97.65701879511823,95.46652372461557,,,,,
AMZN,Experiment 2 — OHLCV,2018-09-21,10,95.75050354003906,94.48249816894533,95.75050354003906,95.75050354003909,96.5770728664037,97.14663552322735,,96.98121114095098,,103.03878399594964,103.42933954599924,,,,,
AMZN,Experiment 2 — OHLCV,2018-09-21,20,95.75050354003906,88.20149993896484,95.75050354003906,95.75050354003909,97.34692924868335,98.56312441778859,,98.22773736571281,,102.80064927589478,103.62213958190567,,,,,
AMZN,Experiment 2 — OHLCV,2019-01-17,1,84.66100311279297,84.80999755859375,84.66100311279297,84.66100311279298,84.6625088749747,84.78186314470835,84.75460632885252,84.76506047220592,,84.11227657676376,85.13305551850706,,,,,
AMZN,Experiment 2 — OHLCV,2019-01-17,5,84.66100311279297,83.52850341796875,84.66100311279297,84.66100311279298,84.71489912045261,85.26703110625814,,85.18257045822249,,82.87140687051084,80.80145439472805,,,,,
AMZN,Experiment 2 — OHLCV,2019-01-17,10,84.66100311279297,81.3115005493164,84.66100311279297,84.66100311279298,84.7789268942056,85.87739722371616,,85.70735100082445,,80.83580891365648,72.93305873491296,,,,,
AMZN,Experiment 2 — OHLCV,2019-01-17,20,84.66100311279297,80.39749908447266,84.66100311279297,84.66100311279298,84.902267364971,87.1112682670957,,86.76663098111248,,81.9518117765409,79.21453119028294,,,,,
AMZN,Experiment 2 — OHLCV,2019-05-13,1,91.13400268554688,92.00599670410156,91.13400268554688,91.22393796926966,91.2373117431801,91.26541322034207,91.2380449000768,91.24719617942283,,89.87616257879557,90.72002608271725,,,,,
AMZN,Experiment 2 — OHLCV,2019-05-13,5,91.13400268554688,92.94850158691406,91.13400268554688,91.39785907098427,91.3031245151867,91.79295296598363,,91.70137782832313,,88.5318020980427,90.01996017432226,,,,,
AMZN,Experiment 2 — OHLCV,2019-05-13,10,91.13400268554688,91.82150268554688,91.13400268554688,91.45233036026941,91.38355638256306,92.45666782889553,,92.27228529211187,,88.61383783865637,90.66587439090368,,,,,
AMZN,Experiment 2 — OHLCV,2019-05-13,20,91.13400268554688,93.18499755859376,91.13400268554688,91.46587444151908,91.53849702480707,93.79852935372506,,93.42478528466044,,85.26530880309997,85.457691027145,,,,,
AMZN,Experiment 2 — OHLCV,2019-09-04,1,90.03099822998047,92.03600311279295,90.03099822998047,90.0103852941644,90.02759821596297,90.15937247785511,90.13238874965779,90.1405080095164,,90.41933764564963,90.94069714671224,,,,,
AMZN,Experiment 2 — OHLCV,2019-09-04,5,90.03099822998047,91.14949798583984,90.03099822998047,89.97806109346318,90.04936988712349,90.67470255608859,,90.57988077806345,,88.99249694894593,88.45942246567093,,,,,
AMZN,Experiment 2 — OHLCV,2019-09-04,10,90.03099822998047,90.8730010986328,90.03099822998047,89.9714781912796,90.07597773411054,91.32300924435636,,91.13210964083262,,85.3957061537192,85.85289609071143,,,,,
AMZN,Experiment 2 — OHLCV,2019-09-04,20,90.03099822998047,85.6614990234375,90.03099822998047,89.97055749051376,90.12723399652718,92.63356156666049,,92.24668803931065,,85.88665271943682,85.90299227280506,,,,,
AMZN,Experiment 2 — OHLCV,2019-12-26,1,93.4384994506836,93.48999786376952,93.4384994506836,93.40189490741551,93.36345719791373,93.56485536638925,93.53871270530648,93.54621628266995,,93.25754518355873,92.62410091332688,,,,,
AMZN,Experiment 2 — OHLCV,2019-12-26,5,93.4384994506836,93.74849700927734,93.4384994506836,93.32620172387166,93.39744503627374,94.07199003939934,,93.97832681332409,,92.00982527173954,90.58143937778517,,,,,
AMZN,Experiment 2 — OHLCV,2019-12-26,10,93.4384994506836,94.15799713134766,93.4384994506836,93.29901644578639,93.4389826470449,94.70977554218533,,94.52127295016545,,92.14649879470016,91.91225260718716,,,,,
AMZN,Experiment 2 — OHLCV,2019-12-26,20,93.4384994506836,91.41699981689452,93.4384994506836,93.29083646489573,93.51899899255693,95.99834796132848,,95.61659372360906,,87.92230268855636,86.96795405523791,,,,,
AMZN,Experiment 2 — OHLCV,2020-04-21,1,116.40599822998048,118.17449951171876,116.40599822998048,116.46313926775335,116.62770832252366,116.56441528157953,116.52915918103892,116.53831534280134,,118.73967726918158,118.10183300054116,,,,,
AMZN,Experiment 2 — OHLCV,2020-04-21,5,116.40599822998048,115.7040023803711,116.40599822998048,116.49465469266934,116.80821651382773,117.20024232334399,,117.0690895352685,,112.70380765716466,116.73554076201474,,,,,
AMZN,Experiment 2 — OHLCV,2020-04-21,10,116.40599822998048,115.88999938964844,116.40599822998048,116.4951853918606,117.02882127580102,117.99990558487268,,117.73595805209054,,125.16556518029405,129.20883480897766,,,,,
AMZN,Experiment 2 — OHLCV,2020-04-21,20,116.40599822998048,122.46649932861328,116.40599822998048,116.49518858642843,117.45378521879003,119.61563776575846,,119.081112908437,,124.55575290357707,123.24169595373888,,,,,
AMZN,Experiment 2 — OHLCV,2020-08-12,1,158.11199951171875,158.05099487304688,158.11199951171875,158.05902264144018,158.0889165305641,158.33619897457112,158.29042073009836,158.3031106390221,,159.6874491896554,161.16628114929955,,,,,
AMZN,Experiment 2 — OHLCV,2020-08-12,5,158.11199951171875,163.0240020751953,158.11199951171875,158.01955980141298,159.04823244480798,159.2361804379213,,159.0698679161439,,165.2429643305859,160.47509631940167,,,,,
AMZN,Experiment 2 — OHLCV,2020-08-12,10,158.11199951171875,172.09249877929688,158.11199951171875,158.01810373616664,160.22064272375465,160.36835432328408,,160.03353924433847,,168.13521183733246,164.422381461882,,,,,
AMZN,Experiment 2 — OHLCV,2020-08-12,20,158.11199951171875,158.7554931640625,158.11199951171875,158.01808043275318,162.47912567981305,162.65690869624513,,161.9784315052637,,175.69510541826457,179.24428285660528,,,,,
AMZN,Experiment 2 — OHLCV,2020-12-03,1,159.3365020751953,158.12899780273438,159.3365020751953,159.35148160761256,159.46679096892444,159.56357881208663,159.51561566478523,159.52858799666015,,160.244248483022,161.6766878108853,,,,,
AMZN,Experiment 2 — OHLCV,2020-12-03,5,159.3365020751953,155.07449340820312,159.3365020751953,159.36497266700556,159.73865090825925,160.4751265351059,,160.29925014114215,,160.47922943224745,156.28804887089902,,,,,
AMZN,Experiment 2 — OHLCV,2020-12-03,10,159.3365020751953,161.8040008544922,159.3365020751953,159.3657644800895,160.07089952686073,161.6218876469689,,161.2678153539851,,158.2187871409051,158.36581829604108,,,,,
AMZN,Experiment 2 — OHLCV,2020-12-03,20,159.3365020751953,159.3314971923828,159.3365020751953,159.36578711206835,160.7109296048634,163.94005282130468,,163.22253802693282,,148.05734172195923,150.23396677778305,,,,,
AMZN,Experiment 2 — OHLCV,2021-03-30,1,152.76449584960938,154.70399475097656,152.76449584960938,152.78677752750448,152.84458993339825,152.97183745360837,152.92782271028858,152.9387076473199,,152.65029508977503,153.1300896696528,,,,,
AMZN,Experiment 2 — OHLCV,2021-03-30,5,152.76449584960938,163.96949768066406,152.76449584960938,152.81911215965994,152.91826428121553,153.8040218627243,,153.63754380691555,,152.12516192738798,152.01556861585414,,,,,
AMZN,Experiment 2 — OHLCV,2021-03-30,10,152.76449584960938,166.64999389648438,152.76449584960938,152.82469364175606,153.00830402869926,154.85062160279355,,154.51558122680282,,153.79181883534943,149.41855385640068,,,,,
AMZN,Experiment 2 — OHLCV,2021-03-30,20,152.76449584960938,172.9250030517578,152.76449584960938,152.82532220686207,153.18175289614052,156.9652351314513,,156.28673867624815,,148.63587611639514,149.77298951339952,,,,,
AMZN,Experiment 2 — OHLCV,2021-07-22,1,181.9015045166016,182.83200073242188,181.9015045166016,181.84486108461672,181.84572333862295,182.15473645729227,182.1019121851551,182.11528856507783,,184.4188951558238,185.3865262885187,,,,,
AMZN,Experiment 2 — OHLCV,2021-07-22,5,181.9015045166016,179.99600219726562,181.9015045166016,181.76417518770828,182.06875390622298,183.17119446852186,,182.97294026127824,,184.8365834932383,181.53177325876584,,,,,
AMZN,Experiment 2 — OHLCV,2021-07-22,10,181.9015045166016,168.79949951171875,181.9015045166016,181.7507812247979,182.34132660734375,184.449746978112,,184.05068697384937,,189.58764607013924,187.05125572762083,,,,,
AMZN,Experiment 2 — OHLCV,2021-07-22,20,181.9015045166016,159.3874969482422,181.9015045166016,181.74934689092146,182.86639945157123,187.03368754811189,,186.22526221301405,,196.62274485727963,193.06580586700835,,,,,
AMZN,Experiment 2 — OHLCV,2021-11-11,1,173.625,176.25750732421875,173.625,173.60290637412152,173.65669774054388,173.86088623692254,173.81609715919737,173.82851923976605,,172.82994983094977,172.2412864352724,,,,,
AMZN,Experiment 2 — OHLCV,2021-11-11,5,173.625,184.8029937744141,173.625,173.54919925621417,173.72603817011773,174.80764028258616,,174.64498460263636,,170.66620857990347,171.42316984610022,,,,,
AMZN,Experiment 2 — OHLCV,2021-11-11,10,173.625,175.22799682617188,173.625,173.52269406344988,173.8107812992287,175.99833607583034,,175.6709612489854,,166.26172330928966,166.29243960474918,,,,,
AMZN,Experiment 2 — OHLCV,2021-11-11,20,173.625,172.21200561523438,173.625,173.51018202225876,173.9740269788146,178.40411404729116,,177.74103168404625,,157.59605597052723,156.74854532280358,,,,,
AMZN,Experiment 2 — OHLCV,2022-03-08,1,136.01449584960938,139.2790069580078,136.01449584960938,136.18719044369072,136.06212075202976,136.18702332431704,136.15199436524142,136.16061044730773,,133.06991989711167,135.46125654707453,,,,,
AMZN,Experiment 2 — OHLCV,2022-03-08,5,136.01449584960938,147.3665008544922,136.01449584960938,136.36220498825986,135.98411003385246,136.87932442413782,,136.74664017229486,,144.69989096372137,144.48549746357008,,,,,
AMZN,Experiment 2 — OHLCV,2022-03-08,10,136.01449584960938,164.88900756835938,136.01449584960938,136.37574333282413,135.8887706711868,137.74965188655054,,137.48272551101613,,151.32046149676626,150.58123724888895,,,,,
AMZN,Experiment 2 — OHLCV,2022-03-08,20,136.01449584960938,164.05499267578125,136.01449584960938,136.37629025906105,135.70511284296018,139.50694355288715,,138.96680420619808,,142.27101775651624,144.7003171268884,,,,,
AMZN,Experiment 2 — OHLCV,2022-06-30,1,106.20999908447266,109.55999755859376,106.20999908447266,106.2687585449892,106.2419956687297,106.34361984662613,106.31516096046283,106.32220292499333,,104.59647337547894,97.93151824056037,,,,,
AMZN,Experiment 2 — OHLCV,2022-06-30,5,106.20999908447266,115.54000091552734,106.20999908447266,106.27150505925707,106.04458426379671,106.8797860686493,,106.77220489936781,,109.15119362149146,112.90007575497907,,,,,
AMZN,Experiment 2 — OHLCV,2022-06-30,10,106.20999908447266,113.5500030517578,106.20999908447266,106.27150507016577,105.80332155055675,107.55379689811392,,107.33738666173518,,112.30467524870295,110.40634104382134,,,,,
AMZN,Experiment 2 — OHLCV,2022-06-30,20,106.20999908447266,134.9499969482422,106.20999908447266,106.27150507016577,105.3385629796285,108.91459680741016,,108.47674112309828,,106.87590316259455,107.88886177260385,,,,,
AMZN,Experiment 2 — OHLCV,2022-10-21,1,119.31999969482422,119.81999969482422,119.31999969482422,119.23045393390099,119.20461652676035,119.46764931463831,119.4356051602167,119.44486594113549,,119.51467846584075,121.67285513601577,,,,,
AMZN,Experiment 2 — OHLCV,2022-10-21,5,119.31999969482422,103.41000366210938,119.31999969482422,119.2430430204239,119.20461652676035,120.0600771103016,,119.94563899747973,,118.38639434811091,121.95364717140826,,,,,
AMZN,Experiment 2 — OHLCV,2022-10-21,10,119.31999969482422,90.9800033569336,119.31999969482422,119.24305208776786,119.20461652676035,120.80474482566417,,120.57455876056123,,119.2977101689047,121.8021322706058,,,,,
AMZN,Experiment 2 — OHLCV,2022-10-21,20,119.31999969482422,94.13999938964844,119.31999969482422,119.24305208669935,119.20461652676035,122.30796521722479,,121.84230856090643,,114.09706500718684,114.15626713049215,,,,,
AMZN,Experiment 2 — OHLCV,2023-02-15,1,101.16000366210938,98.1500015258789,101.16000366210938,101.12966819137576,101.13078910762613,101.2820704093895,101.25549784935794,101.26403521152687,,100.52971202701342,101.34148381903222,,,,,
AMZN,Experiment 2 — OHLCV,2023-02-15,5,101.16000366210938,95.81999969482422,101.16000366210938,101.13919619544818,101.13078910762613,101.77181211982644,,101.68123235605144,,84.40715015680053,94.4533062787291,,,,,
AMZN,Experiment 2 — OHLCV,2023-02-15,10,101.16000366210938,92.12999725341795,101.16000366210938,101.14259070252223,101.13078910762613,102.38732075128199,,102.20514668998514,,85.62796902278342,89.09119612070975,,,,,
AMZN,Experiment 2 — OHLCV,2023-02-15,20,101.16000366210938,100.04000091552734,101.16000366210938,101.14212722999017,101.13078910762613,103.62952818429451,,103.26108770035569,,90.05805703235751,91.46156926122883,,,,,
AMZN,Experiment 2 — OHLCV,2023-06-09,1,123.43000030517578,126.56999969482422,123.43000030517578,123.4564934040746,123.4475440548529,123.58074773307612,123.55176351926605,123.56074240871186,,123.85545911153034,123.36158714993685,,,,,
AMZN,Experiment 2 — OHLCV,2023-06-09,5,123.43000030517578,125.48999786376952,123.43000030517578,123.45261087459649,123.4475440548529,124.18558080189484,,124.08509716437099,,127.67660676948151,125.56830194061263,,,,,
AMZN,Experiment 2 — OHLCV,2023-06-09,10,123.43000030517578,127.33000183105467,123.43000030517578,123.4526074833777,123.4475440548529,124.94578660757941,,124.74367090839051,,125.22827731140333,127.14608523370376,,,,,
AMZN,Experiment 2 — OHLCV,2023-06-09,20,123.43000030517578,128.77999877929688,123.43000030517578,123.45260748388625,123.4475440548529,126.48018757504722,,126.07132296222086,,132.20434816458635,131.42211790767107,,,,,
AMZN,Experiment 2 — OHLCV,2023-10-03,1,124.72000122070312,127.0,124.72000122070312,124.80879040682504,124.83108092476037,124.86691268936622,124.83801702083561,124.84834988168264,,125.73363240362383,125.97431492768709,,,,,
AMZN,Experiment 2 — OHLCV,2023-10-03,5,124.72000122070312,129.47999572753906,124.72000122070312,124.80758044433095,124.83108092476037,125.45629111835115,,125.36306671450399,,127.13600987563893,128.95873390453391,,,,,
AMZN,Experiment 2 — OHLCV,2023-10-03,10,124.72000122070312,131.47000122070312,124.72000122070312,124.80758044428694,124.83108092476037,126.19692773511454,,126.00944790125921,,131.8771460050499,135.76274953075503,,,,,
AMZN,Experiment 2 — OHLCV,2023-10-03,20,124.72000122070312,133.08999633789062,124.72000122070312,124.80758044428694,124.83108092476037,127.69134392165252,,127.31222582560716,,141.54410353795583,140.1417384758283,,,,,
AMZN,Experiment 2 — OHLCV,2024-01-26,1,159.1199951171875,161.25999450683594,159.1199951171875,159.08974588743055,159.08878157389896,159.3163981859304,159.27693695158834,159.28943024235753,,160.3733917141534,160.57536834199007,,,,,
AMZN,Experiment 2 — OHLCV,2024-01-26,5,159.1199951171875,171.80999755859375,159.1199951171875,159.08249123268743,159.08878157389896,160.10443767359604,,159.96897685465834,,160.1032848920686,160.97591172703721,,,,,
AMZN,Experiment 2 — OHLCV,2024-01-26,10,159.1199951171875,174.4499969482422,159.1199951171875,159.08248101389458,159.08878157389896,161.094970772844,,160.82248831820183,,159.00314526481566,159.2345622148863,,,,,
AMZN,Experiment 2 — OHLCV,2024-01-26,20,159.1199951171875,174.72999572753906,159.1199951171875,159.08248101110925,159.08878157389896,163.09445955670643,,162.54319722552864,,162.31083893103914,160.61639781372293,,,,,
AMZN,Experiment 2 — OHLCV,2024-05-20,1,183.5399932861328,183.1499938964844,183.5399932861328,183.57246866239012,183.59359586145075,183.76671433694227,183.71367061661,183.7321247440411,,183.68640879407334,184.47763282381214,,,,,
AMZN,Experiment 2 — OHLCV,2024-05-20,5,183.5399932861328,182.1499938964844,183.5399932861328,183.6173489149967,183.6966819318678,184.6764026140476,,184.50266393304346,,187.99046117212393,184.64892992582108,,,,,
AMZN,Experiment 2 — OHLCV,2024-05-20,10,183.5399932861328,179.33999633789062,183.5399932861328,183.62432202719904,183.8225421568379,185.819848153185,,185.4703838052365,,195.50454879342044,191.46644293092555,,,,,
AMZN,Experiment 2 — OHLCV,2024-05-20,20,183.5399932861328,182.80999755859372,183.5399932861328,183.62500711486285,184.06459623318653,188.12802239696683,,187.42107729749353,,190.80305918880384,182.28495871636503,,,,,
AMZN,Experiment 2 — OHLCV,2024-09-12,1,187.0,186.4900054931641,187.0,186.83632486305316,186.96836704355502,187.22878441544938,187.17548934547762,187.19430315501734,,189.0216740919277,187.68361404373945,,,,,
AMZN,Experiment 2 — OHLCV,2024-09-12,5,187.0,189.8699951171875,187.0,186.4328684789497,186.96836704355502,188.14672455777782,,187.97353678923605,,192.52271779812872,189.93297450319236,,,,,
AMZN,Experiment 2 — OHLCV,2024-09-12,10,187.0,191.16000366210935,187.0,186.22808132072709,186.96836704355502,189.30048107925302,,188.95214188799076,,192.7877396121621,193.0385659476376,,,,,
AMZN,Experiment 2 — OHLCV,2024-09-12,20,187.0,186.6499938964844,187.0,186.12725126214903,186.96836704355502,191.6292627638322,,190.92466269550476,,199.83585575968027,197.70677815339437,,,,,
AMZN,Experiment 2 — OHLCV,2025-01-06,1,227.6100006103516,222.1100006103516,227.6100006103516,227.53672946877163,227.61347437614535,227.89529482524378,227.83029853987804,227.85299052441823,,226.8224271803581,227.2989950236567,,,,,
AMZN,Experiment 2 — OHLCV,2025-01-06,5,227.6100006103516,217.75999450683597,227.6100006103516,227.37191926523136,227.81985302752216,229.0400521458341,,228.8275470422295,,228.73889524381653,230.06922317945615,,,,,
AMZN,Experiment 2 — OHLCV,2025-01-06,10,227.6100006103516,235.00999450683597,227.6100006103516,227.30200370661075,228.07207489587304,230.47908855627225,,230.05160645380863,,231.8303213091862,234.1712773272502,,,,,
AMZN,Experiment 2 — OHLCV,2025-01-06,20,227.6100006103516,236.1699981689453,227.6100006103516,227.27542634110128,228.55794473260585,233.3843421610802,,232.51940376108016,,244.52185576861214,244.23312016353412,,,,,
AMZN,Experiment 2 — OHLCV,2025-05-01,1,190.1999969482422,189.97999572753903,190.1999969482422,190.09636356655764,189.9966354979151,190.43417115146045,190.37599084384613,190.39646081932588,,187.86925116754557,189.72135749114682,,,,,
AMZN,Experiment 2 — OHLCV,2025-05-01,5,190.1999969482422,192.0800018310547,190.1999969482422,190.038952818813,189.9966354979151,191.37375466863952,,191.18434774125598,,189.68564720313188,187.01367020431655,,,,,
AMZN,Experiment 2 — OHLCV,2025-05-01,10,190.1999969482422,205.1699981689453,190.1999969482422,190.03797260398048,189.9966354979151,192.55475585490592,,192.17379289020695,,186.99745241438413,184.4430931836391,,,,,
AMZN,Experiment 2 — OHLCV,2025-05-01,20,190.1999969482422,205.00999450683597,190.1999969482422,190.0379665989106,189.9966354979151,194.93866770372253,,194.16807185258725,,197.48043389708857,199.5739112829048,,,,,
AMZN,Experiment 2 — OHLCV,2025-08-25,1,227.94000244140625,228.7100067138672,227.94000244140625,227.90959226569075,227.9607110114541,228.225407565519,228.15562706095827,228.1805542541275,,229.5918201659963,230.26288459854192,,,,,
AMZN,Experiment 2 — OHLCV,2025-08-25,5,227.94000244140625,225.33999633789065,227.94000244140625,227.87967529943717,227.9607110114541,229.37060611494638,,229.14530279978467,,226.77140835828195,229.3429921395748,,,,,
AMZN,Experiment 2 — OHLCV,2025-08-25,10,227.94000244140625,238.2400054931641,227.94000244140625,227.87751049476577,227.9607110114541,230.81018858487516,,230.35697654123916,,226.9517610624569,223.81051961061934,,,,,
AMZN,Experiment 2 — OHLCV,2025-08-25,20,227.94000244140625,220.7100067138672,227.94000244140625,227.87743001337932,227.9607110114541,233.71651567951508,,232.79957915619315,,211.03912508117992,210.3389887318529,,,,,
AMZN,Experiment 2 — OHLCV,2025-12-16,1,222.55999755859372,221.2700042724609,222.55999755859372,222.62995347690065,222.56226416389003,222.83216052673748,222.76413896244114,222.7888933960725,,221.6997327773391,220.43330020931288,,,,,
AMZN,Experiment 2 — OHLCV,2025-12-16,5,222.55999755859372,232.13999938964844,222.55999755859372,222.71260521777438,222.56226416389003,223.9241446835974,,223.7068332888321,,224.7391583161918,223.0886781459298,,,,,
AMZN,Experiment 2 — OHLCV,2025-12-16,10,222.55999755859372,230.82000732421875,222.55999755859372,222.7216954887039,222.56226416389003,225.29665313767666,,224.8595785814652,,233.63742909856475,233.04512982670957,,,,,
AMZN,Experiment 2 — OHLCV,2025-12-16,20,222.55999755859372,238.17999267578125,222.55999755859372,222.72226900836662,222.56226416389003,228.0669593450877,,227.1829198170377,,235.97198403606737,234.59818517701981,,,,,
AMZN,Experiment 2 — OHLCV,2026-04-13,1,239.88999938964844,249.0200042724609,239.88999938964844,239.6493974123976,239.88242001813188,240.18387934253266,240.1100471378918,240.13772613403714,,239.63031425382076,240.9755286706877,,,,,
AMZN,Experiment 2 — OHLCV,2026-04-13,5,239.88999938964844,248.27999877929688,239.88999938964844,239.23621090523258,239.88242001813188,241.36300377680058,,241.13119394973023,,231.6448037224684,234.7920424989893,,,,,
AMZN,Experiment 2 — OHLCV,2026-04-13,10,239.88999938964844,261.1199951171875,239.88999938964844,239.13435317326318,239.88242001813188,242.8450529008325,,242.3788104696265,,217.1655707295996,217.3343672560199,,,,,
AMZN,Experiment 2 — OHLCV,2026-04-13,20,239.88999938964844,268.989990234375,239.88999938964844,239.115983540664,239.88242001813188,245.83650785132699,,244.89344247005806,,221.11607647866833,217.4705327488703,,,,,
AMZN,Experiment 2 — OHLCV,2026-08-06,1,272.260009765625,274.4800109863281,272.260009765625,272.2644894571255,272.26000977144486,272.591357015003,272.5067522413107,272.53783389041433,,268.4034943809463,269.84128864284787,,,,,
AMZN,Experiment 2 — OHLCV,2026-08-06,5,272.260009765625,265.1300048828125,272.260009765625,272.26446544306094,272.26000977147896,273.92078350224716,,273.6519683035298,,268.60200494443666,263.73124355330697,,,,,
AMZN,Experiment 2 — OHLCV,2026-08-06,10,272.260009765625,260.1099853515625,272.260009765625,272.26446544306094,272.2600097715207,275.59168788349336,,275.05104337894204,,255.81693784348226,255.84994043714957,,,,,
AMZN,Experiment 2 — OHLCV,2026-08-06,20,272.260009765625,258.8999938964844,272.260009765625,272.26446544306094,272.260009771601,278.9641361427079,,277.87068886455484,,283.641819961701,274.91761656622765,,,,,
ENPH,Experiment 1 — Univariate Close,2013-06-11,1,6.800000190734863,6.170000076293945,6.800000190734863,6.812503114468926,6.8117216564220335,6.781909821846874,6.777914154675075,6.778797440222816,,6.713031537999128,6.541694428353245,,,,,
ENPH,Experiment 1 — Univariate Close,2013-06-11,5,6.800000190734863,6.909999847412109,6.800000190734863,6.809304169853615,6.806969914213502,6.710028334479316,,6.6946454926746135,,5.700533514178034,6.580996026109887,,,,,
ENPH,Experiment 1 — Univariate Close,2013-06-11,10,6.800000190734863,6.820000171661377,6.800000190734863,6.809254828768831,6.801296732723451,6.621246909795976,,6.59092309051025,,7.83630878255812,7.571662342745566,,,,,
ENPH,Experiment 1 — Univariate Close,2013-06-11,20,6.800000190734863,7.980000019073486,6.800000190734863,6.809255088871067,6.790783341563505,6.447192560408584,,6.388274406846257,,8.974476231532265,8.597399597208518,,,,,
ENPH,Experiment 1 — Univariate Close,2013-09-16,1,8.140000343322754,8.079999923706055,8.140000343322754,8.138822846258599,8.132728655688222,8.129634969727979,8.125487152029612,8.127443480927944,,7.871101323573146,8.062156969862313,,,,,
ENPH,Experiment 1 — Univariate Close,2013-09-16,5,8.140000343322754,8.520000457763672,8.140000343322754,8.139117702062387,8.130884163592926,8.088305298737508,,8.077409436438485,,8.461079546791375,8.325526302220212,,,,,
ENPH,Experiment 1 — Univariate Close,2013-09-16,10,8.140000343322754,8.119999885559082,8.140000343322754,8.139121721651463,8.128689306225548,8.036938556059136,,8.015299809831776,,7.958446030707904,7.8761261088241135,,,,,
ENPH,Experiment 1 — Univariate Close,2013-09-16,20,8.140000343322754,8.75,8.140000343322754,8.139121703428447,8.124644178087115,7.935181649820822,,7.892509623072625,,8.213163875465646,7.2597733840046565,,,,,
ENPH,Experiment 1 — Univariate Close,2013-12-20,1,5.699999809265137,5.610000133514404,5.699999809265137,5.715057604740114,5.7111319441918775,5.689382732283627,5.686922665315468,5.687511806475079,,5.74052744828523,5.633536061987737,,,,,
ENPH,Experiment 1 — Univariate Close,2013-12-20,5,5.699999809265137,6.389999866485596,5.699999809265137,5.713295699748594,5.709894976016329,5.647111814815789,,5.637832793429148,,5.945704812902829,5.979301554355808,,,,,
ENPH,Experiment 1 — Univariate Close,2013-12-20,10,5.699999809265137,7.539999961853027,5.699999809265137,5.713295158446153,5.708417364541388,5.594714546691085,,5.576343801801452,,5.831325205677656,5.914188172405438,,,,,
ENPH,Experiment 1 — Univariate Close,2013-12-20,20,5.699999809265137,8.079999923706055,5.699999809265137,5.713295158468162,5.705676713777428,5.491374018658473,,5.455370392354175,,6.408364943553288,6.582790964214126,,,,,
ENPH,Experiment 1 — Univariate Close,2014-03-31,1,7.360000133514404,7.900000095367432,7.360000133514404,7.3538995559913936,7.355767259110426,7.352287394538738,7.349359473315799,7.3504711081324015,,7.289020492040962,7.272326438464436,,,,,
ENPH,Experiment 1 — Univariate Close,2014-03-31,5,7.360000133514404,7.739999771118164,7.360000133514404,7.354382311529367,7.355283162252223,7.321517177816468,,7.312478219698127,,6.660820583534612,7.12556668642776,,,,,
ENPH,Experiment 1 — Univariate Close,2014-03-31,10,7.360000133514404,7.210000038146973,7.360000133514404,7.354382337906514,7.354706262141781,7.283235436500651,,7.265263144503018,,6.0837574679600195,6.025159244148868,,,,,
ENPH,Experiment 1 — Univariate Close,2014-03-31,20,7.360000133514404,7.320000171661377,7.360000133514404,7.354382337906389,7.3536404425717965,7.207271394188081,,7.171745598008496,,6.608539570051111,6.042964324579066,,,,,
ENPH,Experiment 1 — Univariate Close,2014-07-08,1,9.15999984741211,9.260000228881836,9.15999984741211,9.163425369047044,9.162308084649823,9.152775814023231,9.151329484687114,9.15039212106231,,9.121043267880376,8.985674119795837,,,,,
ENPH,Experiment 1 — Univariate Close,2014-07-08,5,9.15999984741211,9.539999961853027,9.15999984741211,9.16312185400515,9.162097306573115,9.123936607889656,,9.112061883389773,,8.758774586596061,8.83899502231563,,,,,
ENPH,Experiment 1 — Univariate Close,2014-07-08,10,9.15999984741211,11.59000015258789,9.15999984741211,9.163121826900317,9.161846342263393,9.08801535060154,,9.064374798017313,,8.812474203236405,8.817971054651057,,,,,
ENPH,Experiment 1 — Univariate Close,2014-07-08,20,9.15999984741211,9.699999809265137,9.15999984741211,9.163121826900554,9.161383361228998,9.016596548972998,,8.969748018297636,,8.102895654465868,8.1641672091702,,,,,
ENPH,Experiment 1 — Univariate Close,2014-10-10,1,10.550000190734863,10.140000343322754,10.550000190734863,10.556706785360284,10.549976224551298,10.5470895893348,10.546742623663736,10.546544091024327,,10.450654069121425,10.658048676342537,,,,,
ENPH,Experiment 1 — Univariate Close,2014-10-10,5,10.550000190734863,12.020000457763672,10.550000190734863,10.555157195393717,10.549882900848784,10.535455211472442,,10.532731010393237,,11.382493952438828,10.858977181448882,,,,,
ENPH,Experiment 1 — Univariate Close,2014-10-10,10,10.550000190734863,13.399999618530272,10.550000190734863,10.555143857682829,10.54977184739097,10.520930284951055,,10.515490097784719,,12.546541112994305,12.829723539034498,,,,,
ENPH,Experiment 1 — Univariate Close,2014-10-10,20,10.550000190734863,11.800000190734863,10.550000190734863,10.555143892080935,10.549567167283076,10.491940479584972,,10.481092890758164,,12.652860850115687,13.48245568654706,,,,,
ENPH,Experiment 1 — Univariate Close,2015-01-20,1,10.600000381469728,10.43000030517578,10.600000381469728,10.602115257151247,10.599989233114318,10.5995412594867,10.598452949699087,10.598929640328299,,10.604830020281138,10.586756040961365,,,,,
ENPH,Experiment 1 — Univariate Close,2015-01-20,5,10.600000381469728,12.130000114440918,10.600000381469728,10.602322679790978,10.599945832860444,10.597704970407278,,10.594647757244417,,11.20749560471115,11.581181773297539,,,,,
ENPH,Experiment 1 — Univariate Close,2015-01-20,10,10.600000381469728,13.65999984741211,10.600000381469728,10.602322692990725,10.599894194355501,10.595410056411977,,10.589297835904487,,11.940622544850841,12.22891199819926,,,,,
ENPH,Experiment 1 — Univariate Close,2015-01-20,20,10.600000381469728,14.06999969482422,10.600000381469728,10.6023226929908,10.599799041892059,10.590821719192279,,10.578606096422025,,12.633686025612691,12.794871765681505,,,,,
ENPH,Experiment 1 — Univariate Close,2015-04-27,1,13.0,13.210000038146973,13.0,13.008476894739916,12.99999484994894,13.004802411787482,13.00271827027269,13.003526254573375,,13.217086095362902,13.203906117599683,,,,,
ENPH,Experiment 1 — Univariate Close,2015-04-27,5,13.0,12.18000030517578,13.0,13.014628112796274,12.999974780946141,13.024029806383915,,13.017640840439663,,14.092322036623955,13.608364140576178,,,,,
ENPH,Experiment 1 — Univariate Close,2015-04-27,10,13.0,10.579999923706056,13.0,13.014840219801584,12.99995090769508,13.048104030582813,,13.035305619283278,,14.021412529051304,14.212717042144654,,,,,
ENPH,Experiment 1 — Univariate Close,2015-04-27,20,13.0,9.789999961853027,13.0,13.014843338160407,12.9999069333127,13.096386060993193,,13.07070712216294,,15.56105187535286,16.114276698359358,,,,,
ENPH,Experiment 1 — Univariate Close,2015-08-03,1,5.46999979019165,5.639999866485596,5.46999979019165,5.4746363640436035,5.469997243704026,5.465718268492157,5.465392845614898,5.465152462099379,,5.36118764225523,5.410534290456422,,,,,
ENPH,Experiment 1 — Univariate Close,2015-08-03,5,5.46999979019165,6.139999866485596,5.46999979019165,5.480028200383677,5.469987306957023,5.4486256681399965,,5.44580606705731,,5.6582261500581765,5.751228931715462,,,,,
ENPH,Experiment 1 — Univariate Close,2015-08-03,10,5.46999979019165,5.599999904632568,5.46999979019165,5.480599911701575,5.469975483574569,5.427335065852693,,5.4217193523802925,,5.280473233950868,5.32934729309365,,,,,
ENPH,Experiment 1 — Univariate Close,2015-08-03,20,5.46999979019165,4.599999904632568,5.46999979019165,5.480634329355718,5.469953695704483,5.385003116426486,,5.373865057304704,,7.40359944377596,6.815327946989734,,,,,
ENPH,Experiment 1 — Univariate Close,2015-11-05,1,2.299999952316284,2.190000057220459,2.299999952316284,2.295782101683774,2.299998720096444,2.2976012911564863,2.2973786938444087,2.297494639320776,,2.342803561172592,2.3487345556311205,,,,,
ENPH,Experiment 1 — Univariate Close,2015-11-05,5,2.299999952316284,1.8600000143051147,2.299999952316284,2.296479844946141,2.299993922320683,2.2880316359878385,,2.2875006471655914,,2.042338807262258,2.49942869469003,,,,,
ENPH,Experiment 1 — Univariate Close,2015-11-05,10,2.299999952316284,1.7300000190734863,2.299999952316284,2.296480936339227,2.2999882134202867,2.27612559818057,,2.275069269246416,,2.08562955928228,2.246287261724138,,,,,
ENPH,Experiment 1 — Univariate Close,2015-11-05,20,2.299999952316284,2.0799999237060547,2.299999952316284,2.2964809360006915,2.299977692581987,2.2524990635219058,,2.2504088205118586,,2.4114885281009295,2.46752604962718,,,,,
ENPH,Experiment 1 — Univariate Close,2016-02-16,1,2.130000114440918,2.240000009536743,2.130000114440918,2.125421631152446,2.1299995266367455,2.12730468998555,2.126727408896951,2.1270036665178744,,2.1761881563110226,2.0283547840234,,,,,
ENPH,Experiment 1 — Univariate Close,2016-02-16,5,2.130000114440918,2.3499999046325684,2.130000114440918,2.125759943580736,2.1299972492294192,2.1165570584761753,,2.1150599690861385,,1.931646867764158,1.7561539014355199,,,,,
ENPH,Experiment 1 — Univariate Close,2016-02-16,10,2.130000114440918,2.440000057220459,2.130000114440918,2.1257599573545973,2.129994539328561,2.1031988455837154,,2.1002246161873352,,2.0995409998975783,1.8021645188529312,,,,,
ENPH,Experiment 1 — Univariate Close,2016-02-16,20,2.130000114440918,2.6700000762939453,2.130000114440918,2.1257599573545525,2.129989545293786,2.076734810517012,,2.070865352792257,,1.7897869983809613,2.388637821290287,,,,,
ENPH,Experiment 1 — Univariate Close,2016-05-20,1,1.850000023841858,1.9800000190734863,1.850000023841858,1.849102125193603,1.8499997423784165,1.847470466630225,1.847034941329628,1.847274599568954,,1.8065171095526689,1.7872290561661395,,,,,
ENPH,Experiment 1 — Univariate Close,2016-05-20,5,1.850000023841858,2.109999895095825,1.850000023841858,1.84936472103002,1.8499986474432528,1.8373867778729718,,1.8364129943831513,,1.6399026109769066,1.6821720688013555,,,,,
ENPH,Experiment 1 — Univariate Close,2016-05-20,10,1.850000023841858,2.289999961853028,1.850000023841858,1.8493746841826226,1.8499973445619589,1.8248595286456104,,1.8229257526904625,,1.4638175184429336,1.4770329951974994,,,,,
ENPH,Experiment 1 — Univariate Close,2016-05-20,20,1.850000023841858,2.140000104904175,1.850000023841858,1.8493745303595868,1.849994943467622,1.8000606791199396,,1.7962477064844358,,1.523773557958874,1.511942943503399,,,,,
ENPH,Experiment 1 — Univariate Close,2016-08-26,1,1.809999942779541,1.840000033378601,1.809999942779541,1.8110471280334342,1.809999809961435,1.8075308229568265,1.8071187971227085,1.8073348709945012,,1.805208583595363,1.8375942357748483,,,,,
ENPH,Experiment 1 — Univariate Close,2016-08-26,5,1.809999942779541,1.8200000524520876,1.809999942779541,1.8107443859230936,1.809999291267513,1.7976879803616685,,1.796713767045236,,1.8367145400896479,1.8144043206167058,,,,,
ENPH,Experiment 1 — Univariate Close,2016-08-26,10,1.809999942779541,1.7999999523162842,1.809999942779541,1.8107338939031794,1.8099986740697405,1.7854597662440008,,1.7835251175381261,,1.859752184069876,1.7702187810184182,,,,,
ENPH,Experiment 1 — Univariate Close,2016-08-26,20,1.809999942779541,1.2000000476837158,1.809999942779541,1.8107340396618066,1.809997536643247,1.761252308097098,,1.757437538923077,,1.7492553258891785,1.7350342277938051,,,,,
ENPH,Experiment 1 — Univariate Close,2016-12-01,1,1.1100000143051147,1.1399999856948853,1.1100000143051147,1.1104439867197324,1.1099999502496831,1.1081283889473854,1.1080924327200683,1.108180680929094,,1.1207280468740062,1.1103203114862996,,,,,
ENPH,Experiment 1 — Univariate Close,2016-12-01,5,1.1100000143051147,1.340000033378601,1.1100000143051147,1.110317814574465,1.1099997003515107,1.100673392740469,,1.1009331181741868,,1.1352588862641977,1.0942696680346211,,,,,
ENPH,Experiment 1 — Univariate Close,2016-12-01,10,1.1100000143051147,1.1799999475479126,1.1100000143051147,1.1103139532460966,1.1099994029915974,1.091425136823291,,1.0919402838490153,,1.1126846089350515,1.1351896301133202,,,,,
ENPH,Experiment 1 — Univariate Close,2016-12-01,20,1.1100000143051147,1.0099999904632568,1.1100000143051147,1.110313999585319,1.1099988549776802,1.0731610936378804,,1.0741743856991715,,1.0782880849960963,0.9778125987772109,,,,,
ENPH,Experiment 1 — Univariate Close,2017-03-13,1,1.2300000190734863,1.2799999713897705,1.2300000190734863,1.2371597557461391,1.2299999900727172,1.2278345205810195,1.2277799780324519,1.2277966014249981,,1.2772321045272363,1.2317025592106792,,,,,
ENPH,Experiment 1 — Univariate Close,2017-03-13,5,1.2300000190734863,1.340000033378601,1.2300000190734863,1.235125709548295,1.229999871395247,1.2192105846187546,,1.2190223321296454,,1.246017013990031,1.213450074296784,,,,,
ENPH,Experiment 1 — Univariate Close,2017-03-13,10,1.2300000190734863,1.2400000095367432,1.2300000190734863,1.235064503704139,1.2299997301778942,1.208515793980322,,1.2081426204774859,,1.4334710158667292,1.3436982902549086,,,,,
ENPH,Experiment 1 — Univariate Close,2017-03-13,20,1.2300000190734863,1.350000023841858,1.2300000190734863,1.2350652243542768,1.229999469923563,1.187406830611301,,1.1866736331546368,,1.499267068508459,1.5602829624559829,,,,,
ENPH,Experiment 1 — Univariate Close,2017-06-16,1,0.7699999809265137,0.800000011920929,0.7699999809265137,0.7705647912095612,0.7699999665901572,0.7685909199349705,0.7685481932369136,0.7685580115657124,,0.7668708162971098,0.7542046803888084,,,,,
ENPH,Experiment 1 — Univariate Close,2017-06-16,5,0.7699999809265137,0.8899999856948853,0.7699999809265137,0.7704499004829022,0.7699999096298215,0.7629804139294717,,0.7628170871809477,,0.7538359565752755,0.738425982644579,,,,,
ENPH,Experiment 1 — Univariate Close,2017-06-16,10,0.7699999809265137,0.8700000047683716,0.7699999809265137,0.7704493992065903,0.7699998418512737,0.7560248395584642,,0.7557011985832234,,0.7777755569510068,0.7559941602013052,,,,,
ENPH,Experiment 1 — Univariate Close,2017-06-16,20,0.7699999809265137,0.800000011920929,0.7699999809265137,0.7704493997643007,0.769999716939881,0.7423033405035249,,0.7416679424497581,,0.7404980698830208,0.7301708390843803,,,,,
ENPH,Experiment 1 — Univariate Close,2017-09-22,1,1.409999966621399,1.3600000143051147,1.409999966621399,1.4087697750549142,1.4099999596735666,1.4079645061421784,1.407873412449517,1.407914270237861,,1.3749906358959922,1.382983253405831,,,,,
ENPH,Experiment 1 — Univariate Close,2017-09-22,5,1.409999966621399,1.5199999809265137,1.409999966621399,1.4091260552743192,1.4099999326310233,1.3998520055220576,,1.3996022910829868,,1.3893164129236188,1.4393191200807627,,,,,
ENPH,Experiment 1 — Univariate Close,2017-09-22,10,1.409999966621399,1.4900000095367432,1.409999966621399,1.4091386185112595,1.409999900452417,1.389777080675845,,1.3892812904801504,,1.4207082142800214,1.557390352926109,,,,,
ENPH,Experiment 1 — Univariate Close,2017-09-22,20,1.409999966621399,1.3700000047683716,1.409999966621399,1.4091384404457847,1.409999841149374,1.369844240918694,,1.3688670565738008,,1.6683221740963425,1.7707954370945462,,,,,
ENPH,Experiment 1 — Univariate Close,2017-12-28,1,2.490000009536743,2.4100000858306885,2.490000009536743,2.4897747602755604,2.4900000056294824,2.486869278020212,2.486779187313392,2.486852194095918,,2.5419876865239783,2.541854826269755,,,,,
ENPH,Experiment 1 — Univariate Close,2017-12-28,5,2.490000009536743,2.470000028610229,2.490000009536743,2.4897204865974056,2.489999992741632,2.4743856658654173,,2.474300676201955,,2.51733094705492,2.4900241916516865,,,,,
ENPH,Experiment 1 — Univariate Close,2017-12-28,10,2.490000009536743,2.240000009536743,2.490000009536743,2.4897204089993736,2.4899999774063764,2.458869236944033,,2.4587003264278944,,2.49939000441331,2.7025691298132637,,,,,
ENPH,Experiment 1 — Univariate Close,2017-12-28,20,2.490000009536743,2.0299999713897705,2.490000009536743,2.489720408977825,2.489999949145499,2.428127671178032,,2.427794085149954,,3.9866218355994505,4.561273577190698,,,,,
ENPH,Experiment 1 — Univariate Close,2018-04-09,1,4.150000095367432,4.0,4.150000095367432,4.149736924496027,4.150000093645683,4.14570967265885,4.1454367708420445,4.145685453438059,,4.1031932261260735,4.140573845567654,,,,,
ENPH,Experiment 1 — Univariate Close,2018-04-09,5,4.150000095367432,3.9600000381469727,4.150000095367432,4.14958789692218,4.150000087524309,4.12859229195909,,4.128471697262549,,3.8897191360384653,4.044532440345604,,,,,
ENPH,Experiment 1 — Univariate Close,2018-04-09,10,4.150000095367432,4.960000038146973,4.150000095367432,4.149585199789861,4.150000080240475,4.107294920848636,,4.107054979137018,,4.040724974035909,4.391734584742717,,,,,
ENPH,Experiment 1 — Univariate Close,2018-04-09,20,4.150000095367432,4.590000152587891,4.150000095367432,4.149585182025389,4.150000066817286,4.0650291997970145,,4.0645542684405,,4.055980656743142,3.765841232485183,,,,,
ENPH,Experiment 1 — Univariate Close,2018-07-13,1,7.039999961853027,6.730000019073486,7.039999961853027,7.039196039904072,7.039999960793994,7.033627074790511,7.033316686554048,7.033609954248828,,6.953251297347918,6.967257972967216,,,,,
ENPH,Experiment 1 — Univariate Close,2018-07-13,5,7.039999961853027,6.760000228881836,7.039999961853027,7.038150339346678,7.03999995783196,7.008193164241082,,7.008107871491113,,6.624188506472173,6.410209608447963,,,,,
ENPH,Experiment 1 — Univariate Close,2018-07-13,10,7.039999961853027,5.590000152587891,7.039999961853027,7.038007883242432,7.039999954307349,6.9765300700921795,,6.976360256332773,,6.839709923160564,6.3018586578459,,,,,
ENPH,Experiment 1 — Univariate Close,2018-07-13,20,7.039999961853027,5.710000038146973,7.039999961853027,7.0379960647117485,7.039999947811683,6.913632398101497,,6.913295836627952,,7.301952057849537,8.195312825514153,,,,,
ENPH,Experiment 1 — Univariate Close,2018-10-18,1,4.869999885559082,4.739999771118164,4.869999885559082,4.87003472393774,4.86999988594345,4.864323680401028,4.864079446302015,4.864273888849847,,4.744197589507557,4.7742106603119785,,,,,
ENPH,Experiment 1 — Univariate Close,2018-10-18,5,4.869999885559082,4.400000095367432,4.869999885559082,4.870057413465444,4.869999884539551,4.841684941441448,,4.841437147416901,,4.434789706562867,4.485098198240397,,,,,
ENPH,Experiment 1 — Univariate Close,2018-10-18,10,4.869999885559082,4.909999847412109,4.869999885559082,4.870058007432769,4.869999882869017,4.813534624855483,,4.813041930841321,,5.356029094212218,5.099502576748557,,,,,
ENPH,Experiment 1 — Univariate Close,2018-10-18,20,4.869999885559082,5.539999961853027,4.869999885559082,4.870058013628676,4.869999879790339,4.7577240511624055,,4.756750138070554,,5.987444519963674,5.559655964736061,,,,,
ENPH,Experiment 1 — Univariate Close,2019-01-28,1,6.900000095367432,7.099999904632568,6.900000095367432,6.90213321781188,6.900000092512139,6.89325569513527,6.892866756907878,6.893171882393025,,7.059397126888432,7.060403003985701,,,,,
ENPH,Experiment 1 — Univariate Close,2019-01-28,5,6.900000095367432,7.0,6.900000095367432,6.904399847935898,6.900000091838475,6.866343952894183,,6.865926535386981,,6.601758119439628,6.6967922217199085,,,,,
ENPH,Experiment 1 — Univariate Close,2019-01-28,10,6.900000095367432,7.730000019073486,6.900000095367432,6.904595803995425,6.900000091036866,6.832851975045648,,6.83202123735924,,6.992805633020856,6.056556064134107,,,,,
ENPH,Experiment 1 — Univariate Close,2019-01-28,20,6.900000095367432,8.09000015258789,6.900000095367432,6.904604917157336,6.9000000895595575,6.766357314144217,,6.764712107622385,,7.3688088019913,6.905046785750888,,,,,
ENPH,Experiment 1 — Univariate Close,2019-05-06,1,13.75,14.210000038146973,13.75,13.78513680185526,13.761278032707619,13.74184655828872,13.741310181563374,13.741501750592134,,14.0333691239357,14.13219417495891,,,,,
ENPH,Experiment 1 — Univariate Close,2019-05-06,5,13.75,13.6899995803833,13.75,13.868743584727756,13.805396112009491,13.709281110864042,,13.707561244321209,,14.734998773783445,14.396768872680976,,,,,
ENPH,Experiment 1 — Univariate Close,2019-05-06,10,13.75,14.3100004196167,13.75,13.908161986037907,13.858473581386857,13.668682805577719,,13.665253473950314,,15.338651817291975,15.631737622230597,,,,,
ENPH,Experiment 1 — Univariate Close,2019-05-06,20,13.75,15.970000267028809,13.75,13.925502697306904,13.958088593985835,13.58784651923607,,13.58102927325899,,14.160536366980523,14.016564376006272,,,,,
ENPH,Experiment 1 — Univariate Close,2019-08-09,1,31.850000381469727,30.899999618530277,31.850000381469727,31.923198634517654,32.064487836062796,31.84713570839066,31.845675850265582,31.846175185612275,,31.58822558581224,31.69054798196606,,,,,
ENPH,Experiment 1 — Univariate Close,2019-08-09,5,31.850000381469727,32.029998779296875,31.850000381469727,32.102872040533946,32.91176677289972,31.83567959240522,,31.830878995703955,,31.75761667925345,33.09459094209955,,,,,
ENPH,Experiment 1 — Univariate Close,2019-08-09,10,31.850000381469727,33.400001525878906,31.850000381469727,32.19289947077679,33.947253123051205,31.8213652424301,,31.811769089605043,,37.45009883196917,33.652753488962524,,,,,
ENPH,Experiment 1 — Univariate Close,2019-08-09,20,31.850000381469727,23.799999237060547,31.850000381469727,32.23615901431992,35.941971452499274,31.792755848168433,,31.773583688844287,,35.2108200963783,35.534978361691316,,,,,
ENPH,Experiment 1 — Univariate Close,2019-11-14,1,18.989999771118164,19.31999969482422,18.989999771118164,18.98902068040247,18.98842785803844,18.987826080553305,18.987755957583154,18.98759629419872,,19.101130794563137,19.07379733822224,,,,,
ENPH,Experiment 1 — Univariate Close,2019-11-14,5,18.989999771118164,18.81999969482422,18.989999771118164,18.986705165613245,18.984715630370882,18.979133806124267,,18.977985428106145,,18.385487986564,18.64586991074921,,,,,
ENPH,Experiment 1 — Univariate Close,2019-11-14,10,18.989999771118164,21.8700008392334,18.989999771118164,18.985622044206288,18.982984123444606,18.96827405857095,,18.965978686170466,,17.84764995778331,20.181036323508536,,,,,
ENPH,Experiment 1 — Univariate Close,2019-11-14,20,18.989999771118164,24.6200008392334,18.989999771118164,18.98514884854104,18.982230824114474,18.94657320155778,,18.941987986295388,,20.472024842147064,18.95264576385319,,,,,
ENPH,Experiment 1 — Univariate Close,2020-02-24,1,55.2599983215332,50.900001525878906,55.2599983215332,55.2494055456604,55.62085665297052,55.2790918115953,55.27776805220574,55.27794503888918,,59.460601671302925,57.95838172553799,,,,,
ENPH,Experiment 1 — Univariate Close,2020-02-24,5,55.2599983215332,51.400001525878906,55.2599983215332,55.24073392660389,57.046336801047914,55.35553176666077,,55.34979021256454,,55.0362135668271,58.60839566667053,,,,,
ENPH,Experiment 1 — Univariate Close,2020-02-24,10,55.2599983215332,43.380001068115234,55.2599983215332,55.24032976061596,58.788461114035734,55.451230369939154,,55.43972800630923,,48.98600984288265,46.96407945260399,,,,,
ENPH,Experiment 1 — Univariate Close,2020-02-24,20,55.2599983215332,27.51000022888184,55.2599983215332,55.240321101797456,62.14441776067384,55.64312419354324,,55.62004225063234,,42.36888233865483,41.091128890807745,,,,,
ENPH,Experiment 1 — Univariate Close,2020-06-01,1,59.68000030517578,56.95000076293945,59.68000030517578,59.71157583547779,59.72946902372745,59.70799382148155,59.70115379651198,59.7047601116998,,61.953973754947555,62.998159187186815,,,,,
ENPH,Experiment 1 — Univariate Close,2020-06-01,5,59.68000030517578,52.900001525878906,59.68000030517578,59.74281389885607,59.92488288322126,59.82009925476937,,59.803902102944626,,60.75945835099266,61.37749939341415,,,,,
ENPH,Experiment 1 — Univariate Close,2020-06-01,10,59.68000030517578,50.45000076293945,59.68000030517578,59.74510141947409,60.16370433308719,59.960527086996635,,59.92806113354543,,68.23854446257621,63.97412565701673,,,,,
ENPH,Experiment 1 — Univariate Close,2020-06-01,20,59.68000030517578,47.45000076293945,59.68000030517578,59.7451877123144,60.62376015462771,60.24237248937572,,60.177153030518575,,82.59168521199308,82.76479564232125,,,,,
ENPH,Experiment 1 — Univariate Close,2020-09-03,1,67.80000305175781,66.16000366210938,67.80000305175781,67.81151307902343,67.80000318914439,67.83926756398826,67.83357806152294,67.83620090895154,,68.48722532690849,66.13403160283862,,,,,
ENPH,Experiment 1 — Univariate Close,2020-09-03,5,67.80000305175781,65.0999984741211,67.80000305175781,67.81686677532498,67.80000318913645,67.99655313428828,,67.98118569827857,,63.54484031269919,60.69368410132421,,,,,
ENPH,Experiment 1 — Univariate Close,2020-09-03,10,67.80000305175781,68.2699966430664,67.80000305175781,67.8169231219197,67.80000318912701,68.19367300934388,,68.16285252105189,,65.22429961964048,62.78869839853065,,,,,
ENPH,Experiment 1 — Univariate Close,2020-09-03,20,67.80000305175781,90.43000030517578,67.80000305175781,67.81692331079554,67.8000031891096,68.58962874906166,,68.5276438742905,,62.53098983294012,59.06643620985986,,,,,
ENPH,Experiment 1 — Univariate Close,2020-12-10,1,131.2100067138672,139.91000366210938,131.2100067138672,131.20363496949574,131.43330152544445,131.33858692515497,131.3181829742012,131.33099163450441,,134.0503320593141,139.03492865513957,,,,,
ENPH,Experiment 1 — Univariate Close,2020-12-10,5,131.2100067138672,163.52000427246094,131.2100067138672,131.20106872920286,132.69980895612954,131.8541690369272,,131.81604791282876,,130.58881959667954,117.27812662094884,,,,,
ENPH,Experiment 1 — Univariate Close,2020-12-10,10,131.2100067138672,181.38999938964844,131.2100067138672,131.20105085099917,134.2476476900131,132.50149381008413,,132.4248883337707,,133.94000459107752,110.33312781603091,,,,,
ENPH,Experiment 1 — Univariate Close,2020-12-10,20,131.2100067138672,201.67999267578125,131.2100067138672,131.20105081516553,137.22934058539076,133.8056928858327,,133.65101861821853,,171.66587461085282,187.87747800962518,,,,,
ENPH,Experiment 1 — Univariate Close,2021-03-19,1,154.9499969482422,161.11000061035156,154.9499969482422,154.93088901309673,154.89500003601574,155.11763389764675,155.09540875799183,155.1100829614291,,161.0007680321499,150.26441752636887,,,,,
ENPH,Experiment 1 — Univariate Close,2021-03-19,5,154.9499969482422,152.07000732421875,154.9499969482422,154.92577423084293,155.37764938421915,155.78999728525523,,155.7520826464964,,183.33986366877912,181.8323039417425,,,,,
ENPH,Experiment 1 — Univariate Close,2021-03-19,10,154.9499969482422,149.4199981689453,154.9499969482422,154.9257639796438,155.96751039721673,156.63455135302064,,156.55832027427635,,184.4276767773756,192.0819055863182,,,,,
ENPH,Experiment 1 — Univariate Close,2021-03-19,20,154.9499969482422,141.13999938964844,154.9499969482422,154.92576397530314,157.1037943996866,158.33741955966127,,158.18333739812923,,209.94837327462028,223.86492777753534,,,,,
ENPH,Experiment 1 — Univariate Close,2021-06-25,1,175.38999938964844,188.3300018310547,175.38999938964844,175.37784768531083,175.4648325998326,175.6070052496731,175.5793129422891,175.60063810256906,,178.08314048330004,177.33466988273614,,,,,
ENPH,Experiment 1 — Univariate Close,2021-06-25,5,175.38999938964844,186.41000366210935,175.38999938964844,175.3735184153639,175.88714204471773,176.47771697557744,,176.4457257089769,,175.96885674521286,182.04995321699766,,,,,
ENPH,Experiment 1 — Univariate Close,2021-06-25,10,175.38999938964844,185.72000122070312,175.38999938964844,175.37349742866493,176.4032597560244,177.57218026850717,,177.50780676954037,,190.73122847389072,178.0748616954081,,,,,
ENPH,Experiment 1 — Univariate Close,2021-06-25,20,175.38999938964844,176.67999267578125,175.38999938964844,175.3734974019055,177.39748769417693,179.78151157444057,,179.65118634918102,,199.48800794485555,195.79651167386982,,,,,
ENPH,Experiment 1 — Univariate Close,2021-09-30,1,149.97000122070312,155.36000061035156,149.97000122070312,149.9696111747413,149.98474873926494,150.12756715369846,150.10011324947504,150.12427784195336,,148.29508745884658,149.70202898925254,,,,,
ENPH,Experiment 1 — Univariate Close,2021-09-30,5,149.97000122070312,157.22999572753906,149.97000122070312,149.96945598079165,150.04300520688054,150.7594880918708,,150.74297302956379,,141.9068838219804,146.99763278102418,,,,,
ENPH,Experiment 1 — Univariate Close,2021-09-30,10,149.97000122070312,173.77999877929688,149.97000122070312,149.96945493740816,150.11420227599356,151.55313105768857,,151.5199288713139,,144.34880985877612,144.27758856560493,,,,,
ENPH,Experiment 1 — Univariate Close,2021-09-30,20,149.97000122070312,224.4600067138672,149.97000122070312,149.96945493540764,150.25135338256484,153.1529729041449,,153.08587489695017,,146.78714440968093,134.01932842371596,,,,,
ENPH,Experiment 1 — Univariate Close,2022-01-06,1,151.49000549316406,145.1300048828125,151.49000549316406,151.44015304412378,150.7609145338219,151.64134056655647,151.61220374665902,151.6365402941722,,159.31137037106197,155.15547504986017,,,,,
ENPH,Experiment 1 — Univariate Close,2022-01-06,5,151.49000549316406,143.49000549316406,151.49000549316406,151.41245025743973,148.25014261792947,152.24819417413494,,152.224098286723,,156.883209266312,152.94058872236658,,,,,
ENPH,Experiment 1 — Univariate Close,2022-01-06,10,151.49000549316406,126.0199966430664,151.49000549316406,151.41197348763197,146.13694053193308,153.01017749537982,,152.96174835937634,,151.4135079249475,157.51988857900056,,,,,
ENPH,Experiment 1 — Univariate Close,2022-01-06,20,151.49000549316406,141.22999572753906,151.49000549316406,151.4119705379178,143.90794098512248,154.54560412055767,,154.44778937718743,,195.81836126431608,187.7373941023292,,,,,
ENPH,Experiment 1 — Univariate Close,2022-04-13,1,193.22999572753903,190.50999450683597,193.22999572753903,193.25585948069977,193.2299956190586,193.4129238467614,193.38029233469257,193.4071527384352,,194.48346724419483,194.46679043705447,,,,,
ENPH,Experiment 1 — Univariate Close,2022-04-13,5,193.22999572753903,156.55999755859375,193.22999572753903,193.26925572781172,193.22999561905857,194.14636971863115,,194.11740648167392,,174.195116716392,168.56070705311882,,,,,
ENPH,Experiment 1 — Univariate Close,2022-04-13,10,193.22999572753903,164.47000122070312,193.22999572753903,193.26944593665692,193.22999561905857,195.06708952202013,,195.00889267887652,,165.72106486705704,166.2700328511904,,,,,
ENPH,Experiment 1 — Univariate Close,2022-04-13,20,193.22999572753903,140.94000244140625,193.22999572753903,193.2694468625608,193.2299956190585,196.9216491017537,,196.80416635449828,,156.4062625895451,143.002480721988,,,,,
ENPH,Experiment 1 — Univariate Close,2022-07-22,1,211.5399932861328,218.5500030517578,211.5399932861328,211.49527441122655,211.53999340891846,211.7630185131365,211.72354462586122,211.75332887524564,,209.23285110557813,210.2011628686528,,,,,
ENPH,Experiment 1 — Univariate Close,2022-07-22,5,211.5399932861328,284.17999267578125,211.5399932861328,211.46216907726398,211.53999340891846,212.65747324179665,,212.60882486678094,,194.01070657336277,189.2974181648759,,,,,
ENPH,Experiment 1 — Univariate Close,2022-07-22,10,211.5399932861328,300.9100036621094,211.5399932861328,211.4609667288492,211.53999340891846,213.78085639066722,,213.6830568491689,,181.66548884793883,186.57699646690298,,,,,
ENPH,Experiment 1 — Univariate Close,2022-07-22,20,211.5399932861328,283.70001220703125,211.5399932861328,211.46094786260585,211.53999340891846,216.0454571694601,,215.8478313017813,,192.11334101836258,173.91803388855985,,,,,
ENPH,Experiment 1 — Univariate Close,2022-10-26,1,291.8699951171875,306.0799865722656,291.8699951171875,292.2783721732309,291.8856057458907,292.19188667743896,292.13394619817797,292.1765848640101,,319.10060664554567,311.7120660045755,,,,,
ENPH,Experiment 1 — Univariate Close,2022-10-26,5,291.8699951171875,289.5,291.8699951171875,292.6729940954184,291.94727316843955,293.4830068470153,,293.4061677545486,,317.91076505242654,336.316246167358,,,,,
ENPH,Experiment 1 — Univariate Close,2022-10-26,10,291.8699951171875,284.75,291.8699951171875,292.70029893953824,292.022638873312,295.1049328430715,,294.95042558878254,,317.89112840609687,313.5692889198073,,,,,
ENPH,Experiment 1 — Univariate Close,2022-10-26,20,291.8699951171875,315.7799987792969,291.8699951171875,292.7012576124044,292.16782026841105,298.3757249639444,,298.063367288147,,399.3051098821088,434.20675329927633,,,,,
ENPH,Experiment 1 — Univariate Close,2023-02-03,1,222.92999267578125,222.9900054931641,222.92999267578125,222.90961591314763,222.83469183588676,223.14811860079544,223.10839929019758,223.14057401777129,,226.91847491187787,228.51016899010514,,,,,
ENPH,Experiment 1 — Univariate Close,2023-02-03,5,222.92999267578125,212.07000732421875,222.92999267578125,222.8897179803242,222.52118396760378,224.02275864396964,,223.9848904327411,,234.15729724594712,254.1127656640458,,,,,
ENPH,Experiment 1 — Univariate Close,2023-02-03,10,222.92999267578125,204.9900054931641,222.92999267578125,222.88830310515613,222.2468689095647,225.12088117027244,,225.04477993291275,,235.12020601746144,242.51960286845986,,,,,
ENPH,Experiment 1 — Univariate Close,2023-02-03,20,222.92999267578125,225.3500061035156,222.92999267578125,222.88825164872014,221.93928875547542,227.33330105377811,,227.1796287577554,,217.12400645131083,259.7893712582366,,,,,
ENPH,Experiment 1 — Univariate Close,2023-05-11,1,160.7899932861328,167.5500030517578,160.7899932861328,160.79485166038353,160.78999329552062,160.93064201176796,160.9099181577509,160.92954335525525,,162.01368116466926,160.9572078060536,,,,,
ENPH,Experiment 1 — Univariate Close,2023-05-11,5,160.7899932861328,163.72000122070312,160.7899932861328,160.79937582650578,160.78999329552062,161.49446829539522,,161.48895584218536,,169.70342699372162,169.26041168651543,,,,,
ENPH,Experiment 1 — Univariate Close,2023-05-11,10,160.7899932861328,164.58999633789062,160.7899932861328,160.79966337096306,160.78999329552062,162.20202984647858,,162.19095682522442,,180.03538380937653,181.4575339901665,,,,,
ENPH,Experiment 1 — Univariate Close,2023-05-11,20,160.7899932861328,174.5800018310547,160.7899932861328,160.7996724530646,160.78999329552062,163.6264667260669,,163.60412696248642,,184.6838099167585,171.62111139802943,,,,,
ENPH,Experiment 1 — Univariate Close,2023-08-18,1,130.33999633789062,130.16000366210938,130.33999633789062,130.30672180014508,130.339996354282,130.4286072893456,130.4173501539341,130.42904609871132,,130.72605196220175,131.25753611580248,,,,,
ENPH,Experiment 1 — Univariate Close,2023-08-18,5,130.33999633789062,124.08999633789062,130.33999633789062,130.27133625513002,130.339996354282,130.7836539216827,,130.7858539558461,,129.89037625079447,129.962418487239,,,,,
ENPH,Experiment 1 — Univariate Close,2023-08-18,10,130.33999633789062,128.72999572753906,130.33999633789062,130.2682683259644,130.339996354282,131.2288216486172,,131.23323673124423,,133.15747992694452,134.50903234047755,,,,,
ENPH,Experiment 1 — Univariate Close,2023-08-18,20,130.33999633789062,117.16000366210938,130.33999633789062,130.26812507745785,130.339996354282,132.12370811060347,,132.1325986408073,,143.66109569762148,129.22871369358657,,,,,
ENPH,Experiment 1 — Univariate Close,2023-11-22,1,100.1999969482422,100.22000122070312,100.1999969482422,100.29057026358011,100.30709291966585,100.25929048307725,100.25091271081851,100.25995170601898,,99.96731200335493,99.87054329914588,,,,,
ENPH,Experiment 1 — Univariate Close,2023-11-22,5,100.1999969482422,101.0199966430664,100.1999969482422,100.42738754674696,100.56001082818096,100.496815700704,,100.5001296916719,,101.18768426077447,97.59968065778571,,,,,
ENPH,Experiment 1 — Univariate Close,2023-11-22,10,100.1999969482422,107.16999816894533,100.1999969482422,100.45307927465353,100.67798018501765,100.7945137084003,,100.80116143376851,,95.84858874222483,91.45672539389007,,,,,
ENPH,Experiment 1 — Univariate Close,2023-11-22,20,100.1999969482422,133.86000061035156,100.1999969482422,100.45630600524761,100.72930324710448,101.39255791555316,,101.40593269324359,,104.99934897706727,106.01856916261458,,,,,
ENPH,Experiment 1 — Univariate Close,2024-03-04,1,123.97000122070312,125.08999633789062,123.97000122070312,123.95631157723801,123.96462962682203,124.03399092850316,124.02330234077937,124.03493584238126,,122.80390412854123,123.10447532975125,,,,,
ENPH,Experiment 1 — Univariate Close,2024-03-04,5,123.97000122070312,128.69000244140625,123.97000122070312,123.92920958186106,123.9519438673789,124.29028022649078,,124.29501463031232,,126.72367191107406,128.710234820655,,,,,
ENPH,Experiment 1 — Univariate Close,2024-03-04,10,123.97000122070312,111.19000244140624,123.97000122070312,123.9202935898638,123.94602680562839,124.61138667956843,,124.62088013087406,,119.82607584266623,117.04005410241734,,,,,
ENPH,Experiment 1 — Univariate Close,2024-03-04,20,123.97000122070312,113.5500030517578,123.97000122070312,123.91791837435004,123.94345256316632,125.25609048402374,,125.27517634645382,,115.42328966367677,143.5245945106946,,,,,
ENPH,Experiment 1 — Univariate Close,2024-06-07,1,122.75,130.6699981689453,122.75,122.64992550701363,122.6874178036745,122.80682194874257,122.79691243580555,122.80779984291281,,117.68379255756736,118.89922861591815,,,,,
ENPH,Experiment 1 — Univariate Close,2024-06-07,5,122.75,124.61000061035156,122.75,122.43876852036026,122.53962335091408,123.03437289880947,,123.03927150746169,,119.70111599983647,122.68222721539414,,,,,
ENPH,Experiment 1 — Univariate Close,2024-06-07,10,122.75,108.0199966430664,122.75,122.35976646221354,122.47068708365431,123.31940459961957,,123.32922470946538,,119.53146031824872,116.64766212918218,,,,,
ENPH,Experiment 1 — Univariate Close,2024-06-07,20,122.75,103.58999633789062,122.75,122.33458498865063,122.44069607226392,123.89145051572036,,123.9111826267846,,126.95049617253244,122.8792030242448,,,,,
ENPH,Experiment 1 — Univariate Close,2024-09-16,1,111.48999786376952,118.52999877929688,111.48999786376952,111.53664712879579,111.50836540719115,111.53279725983982,111.52409018714074,111.53352927047409,,111.70007634138726,110.89236474841564,,,,,
ENPH,Experiment 1 — Univariate Close,2024-09-16,5,111.48999786376952,117.0,111.48999786376952,111.62035084632073,111.55174225325031,111.70415920789101,,111.70782493258245,,109.21133262140725,110.81448327005293,,,,,
ENPH,Experiment 1 — Univariate Close,2024-09-16,10,111.48999786376952,113.0199966430664,111.48999786376952,111.6428808437671,111.57197466249823,111.91873193493649,,111.92607758784098,,108.667492782594,109.65128731957267,,,,,
ENPH,Experiment 1 — Univariate Close,2024-09-16,20,111.48999786376952,101.47000122070312,111.48999786376952,111.64744489810825,111.58077685676156,112.3491147002222,,112.36386298533057,,112.13878212874485,112.99228467639315,,,,,
ENPH,Experiment 1 — Univariate Close,2024-12-19,1,65.80000305175781,71.44999694824219,65.80000305175781,65.71212388507733,65.7323426171867,65.81860203606965,65.81252785265535,65.81911578730234,,64.10766286637866,62.69449369752283,,,,,
ENPH,Experiment 1 — Univariate Close,2024-12-19,5,65.80000305175781,72.12999725341797,65.80000305175781,65.57715720950928,65.57255563091357,65.89305055994215,,65.89562226181555,,64.47123732401829,63.6672414922589,,,,,
ENPH,Experiment 1 — Univariate Close,2024-12-19,10,65.80000305175781,71.37999725341797,65.80000305175781,65.55080233875705,65.49802564562236,65.98622964621732,,65.99138042374119,,67.52550301433433,69.96917730260033,,,,,
ENPH,Experiment 1 — Univariate Close,2024-12-19,20,65.80000305175781,60.9900016784668,65.80000305175781,65.5473103364353,65.46560106380721,66.17298329755945,,66.18331441117756,,74.87685973124758,76.35728256727553,,,,,
ENPH,Experiment 1 — Univariate Close,2025-04-01,1,62.38999938964844,62.52000045776367,62.38999938964844,62.402802810415864,62.39933628402062,62.40327233818801,62.39774656224637,62.40375925193372,,62.53929475439877,61.404339031183945,,,,,
ENPH,Experiment 1 — Univariate Close,2025-04-01,5,62.38999938964844,49.52000045776367,62.38999938964844,62.431450455971984,62.4213863054719,62.45639237543777,,62.45882905458875,,62.75039370188427,64.38265352713499,,,,,
ENPH,Experiment 1 — Univariate Close,2025-04-01,10,62.38999938964844,53.06999969482422,62.38999938964844,62.44346789605296,62.43167117167261,62.52285601403373,,62.52773465353806,,65.1162140264019,64.5899424408461,,,,,
ENPH,Experiment 1 — Univariate Close,2025-04-01,20,62.38999938964844,44.59000015258789,62.38999938964844,62.447960314230755,62.43614564572866,62.655995550469285,,62.6657739886427,,65.64657890430846,68.07264805239728,,,,,
ENPH,Experiment 1 — Univariate Close,2025-07-09,1,42.84999847412109,42.970001220703125,42.84999847412109,42.86036397811484,42.866382321665284,42.85947085382102,42.85521642358295,42.859859159979166,,42.740167843980664,42.77479645816689,,,,,
ENPH,Experiment 1 — Univariate Close,2025-07-09,5,42.84999847412109,39.02999877929688,42.84999847412109,42.87044679264482,42.90507448328528,42.897381316802154,,42.89932460014591,,41.416030863140485,41.988921334999475,,,,,
ENPH,Experiment 1 — Univariate Close,2025-07-09,10,42.84999847412109,36.47999954223633,42.84999847412109,42.87115683977503,42.92312179930071,42.94481655467251,,42.94870750719279,,38.136249327504565,38.903632728007466,,,,,
ENPH,Experiment 1 — Univariate Close,2025-07-09,20,42.84999847412109,30.11000061035156,42.84999847412109,42.87118234529637,42.93097335961432,43.039844447796135,,43.04764392587843,,39.252154711229814,38.884253084299694,,,,,
ENPH,Experiment 1 — Univariate Close,2025-10-14,1,36.43999862670898,37.540000915527344,36.43999862670898,36.444497285068394,36.44460726356543,36.44628087251171,36.44245759296177,36.44666100824898,,36.21156681269741,36.778389262135384,,,,,
ENPH,Experiment 1 — Univariate Close,2025-10-14,5,36.43999862670898,37.09000015258789,36.43999862670898,36.44774669260392,36.455491077811686,36.471420688164564,,36.47332271757188,,35.44013086801401,35.38415543863583,,,,,
ENPH,Experiment 1 — Univariate Close,2025-10-14,10,36.43999862670898,36.70000076293945,36.43999862670898,36.44785754682167,36.46056765215986,36.50286984473495,,36.50667728305262,,35.509650125025715,36.051134431774756,,,,,
ENPH,Experiment 1 — Univariate Close,2025-10-14,20,36.43999862670898,30.84000015258789,36.43999862670898,36.44785915536917,36.46277623706229,36.56584953669629,,36.573477949368254,,32.92383598346543,32.61052840853166,,,,,
ENPH,Experiment 1 — Univariate Close,2026-01-21,1,35.970001220703125,40.47999954223633,35.970001220703125,35.97294414056943,35.977700790184464,35.97692467261766,35.97392280866113,35.97719639251834,,35.79056297986433,36.17072634708748,,,,,
ENPH,Experiment 1 — Univariate Close,2026-01-21,5,35.970001220703125,40.470001220703125,35.970001220703125,35.9750510916208,35.99588414472765,36.00463180899752,,36.00599147534563,,36.485983770696464,37.62707534018898,,,,,
ENPH,Experiment 1 — Univariate Close,2026-01-21,10,35.970001220703125,51.66999816894531,35.970001220703125,35.97512138374636,36.00436546838395,36.039295738342936,,36.042017740507596,,35.12015307924912,35.214394548810205,,,,,
ENPH,Experiment 1 — Univariate Close,2026-01-21,20,35.970001220703125,44.25,35.970001220703125,35.97512237573271,36.008055303712915,36.10872374861582,,36.114178446549175,,34.69999815613221,33.86944574433491,,,,,
ENPH,Experiment 1 — Univariate Close,2026-04-29,1,31.190000534057617,32.959999084472656,31.190000534057617,31.195877536349244,31.162181511783942,31.19293623376337,31.189517129840144,31.19321989104626,,31.611126233360316,31.946400833500356,,,,,
ENPH,Experiment 1 — Univariate Close,2026-04-29,5,31.190000534057617,35.79999923706055,31.190000534057617,31.198880927229958,31.096483999428802,31.204681796018196,,31.206100642286852,,30.527567342650997,30.27149942429116,,,,,
ENPH,Experiment 1 — Univariate Close,2026-04-29,10,31.190000534057617,42.0,31.190000534057617,31.19892201963523,31.065840486188446,31.21936996850937,,31.22220906130418,,29.770310947576974,30.26761151913154,,,,,
ENPH,Experiment 1 — Univariate Close,2026-04-29,20,31.190000534057617,69.5,31.190000534057617,31.198922210635466,31.0525088975898,31.248767058096277,,31.25445084886526,,27.50347131593317,28.018508120887088,,,,,
ENPH,Experiment 1 — Univariate Close,2026-08-06,1,39.66999816894531,41.869998931884766,39.66999816894531,39.67051559091296,39.67646875485357,39.67374257062702,39.67198125967205,39.67437129650414,,40.19454065807463,39.8707599216857,,,,,
ENPH,Experiment 1 — Univariate Close,2026-08-06,5,39.66999816894531,40.77999877929688,39.66999816894531,39.67094031613799,39.69174971586935,39.688723711981524,,39.69186862810418,,38.455348809341984,36.93736542259658,,,,,
ENPH,Experiment 1 — Univariate Close,2026-08-06,10,39.66999816894531,38.36000061035156,39.66999816894531,39.67096023566411,39.69887726628071,39.70745809408953,,39.71375114466175,,37.28205675835579,37.2259619969931,,,,,
ENPH,Experiment 1 — Univariate Close,2026-08-06,20,39.66999816894531,36.310001373291016,39.66999816894531,39.67096066571553,39.701978136897445,39.74495339221223,,39.75755237656604,,39.32594754717448,40.57528513084076,,,,,
ENPH,Experiment 2 — OHLCV,2013-06-11,1,6.800000190734863,6.170000076293945,6.800000190734863,6.812503114468926,6.8117216564220335,6.781909821846874,6.777914154675075,6.778797440222816,,6.713031537999128,6.541694428353245,,,,,
ENPH,Experiment 2 — OHLCV,2013-06-11,5,6.800000190734863,6.909999847412109,6.800000190734863,6.809304169853615,6.806969914213502,6.710028334479316,,6.6946454926746135,,5.700533514178034,6.580996026109887,,,,,
ENPH,Experiment 2 — OHLCV,2013-06-11,10,6.800000190734863,6.820000171661377,6.800000190734863,6.809254828768831,6.801296732723451,6.621246909795976,,6.59092309051025,,7.83630878255812,7.571662342745566,,,,,
ENPH,Experiment 2 — OHLCV,2013-06-11,20,6.800000190734863,7.980000019073486,6.800000190734863,6.809255088871067,6.790783341563505,6.447192560408584,,6.388274406846257,,8.974476231532265,8.597399597208518,,,,,
ENPH,Experiment 2 — OHLCV,2013-09-16,1,8.140000343322754,8.079999923706055,8.140000343322754,8.138822846258599,8.132728655688222,8.129634969727979,8.125487152029612,8.127443480927944,,7.871101323573146,8.062156969862313,,,,,
ENPH,Experiment 2 — OHLCV,2013-09-16,5,8.140000343322754,8.520000457763672,8.140000343322754,8.139117702062387,8.130884163592926,8.088305298737508,,8.077409436438485,,8.461079546791375,8.325526302220212,,,,,
ENPH,Experiment 2 — OHLCV,2013-09-16,10,8.140000343322754,8.119999885559082,8.140000343322754,8.139121721651463,8.128689306225548,8.036938556059136,,8.015299809831776,,7.958446030707904,7.8761261088241135,,,,,
ENPH,Experiment 2 — OHLCV,2013-09-16,20,8.140000343322754,8.75,8.140000343322754,8.139121703428447,8.124644178087115,7.935181649820822,,7.892509623072625,,8.213163875465646,7.2597733840046565,,,,,
ENPH,Experiment 2 — OHLCV,2013-12-20,1,5.699999809265137,5.610000133514404,5.699999809265137,5.715057604740114,5.7111319441918775,5.689382732283627,5.686922665315468,5.687511806475079,,5.74052744828523,5.633536061987737,,,,,
ENPH,Experiment 2 — OHLCV,2013-12-20,5,5.699999809265137,6.389999866485596,5.699999809265137,5.713295699748594,5.709894976016329,5.647111814815789,,5.637832793429148,,5.945704812902829,5.979301554355808,,,,,
ENPH,Experiment 2 — OHLCV,2013-12-20,10,5.699999809265137,7.539999961853027,5.699999809265137,5.713295158446153,5.708417364541388,5.594714546691085,,5.576343801801452,,5.831325205677656,5.914188172405438,,,,,
ENPH,Experiment 2 — OHLCV,2013-12-20,20,5.699999809265137,8.079999923706055,5.699999809265137,5.713295158468162,5.705676713777428,5.491374018658473,,5.455370392354175,,6.408364943553288,6.582790964214126,,,,,
ENPH,Experiment 2 — OHLCV,2014-03-31,1,7.360000133514404,7.900000095367432,7.360000133514404,7.3538995559913936,7.355767259110426,7.352287394538738,7.349359473315799,7.3504711081324015,,7.289020492040962,7.272326438464436,,,,,
ENPH,Experiment 2 — OHLCV,2014-03-31,5,7.360000133514404,7.739999771118164,7.360000133514404,7.354382311529367,7.355283162252223,7.321517177816468,,7.312478219698127,,6.660820583534612,7.12556668642776,,,,,
ENPH,Experiment 2 — OHLCV,2014-03-31,10,7.360000133514404,7.210000038146973,7.360000133514404,7.354382337906514,7.354706262141781,7.283235436500651,,7.265263144503018,,6.0837574679600195,6.025159244148868,,,,,
ENPH,Experiment 2 — OHLCV,2014-03-31,20,7.360000133514404,7.320000171661377,7.360000133514404,7.354382337906389,7.3536404425717965,7.207271394188081,,7.171745598008496,,6.608539570051111,6.042964324579066,,,,,
ENPH,Experiment 2 — OHLCV,2014-07-08,1,9.15999984741211,9.260000228881836,9.15999984741211,9.163425369047044,9.162308084649823,9.152775814023231,9.151329484687114,9.15039212106231,,9.121043267880376,8.985674119795837,,,,,
ENPH,Experiment 2 — OHLCV,2014-07-08,5,9.15999984741211,9.539999961853027,9.15999984741211,9.16312185400515,9.162097306573115,9.123936607889656,,9.112061883389773,,8.758774586596061,8.83899502231563,,,,,
ENPH,Experiment 2 — OHLCV,2014-07-08,10,9.15999984741211,11.59000015258789,9.15999984741211,9.163121826900317,9.161846342263393,9.08801535060154,,9.064374798017313,,8.812474203236405,8.817971054651057,,,,,
ENPH,Experiment 2 — OHLCV,2014-07-08,20,9.15999984741211,9.699999809265137,9.15999984741211,9.163121826900554,9.161383361228998,9.016596548972998,,8.969748018297636,,8.102895654465868,8.1641672091702,,,,,
ENPH,Experiment 2 — OHLCV,2014-10-10,1,10.550000190734863,10.140000343322754,10.550000190734863,10.556706785360284,10.549976224551298,10.5470895893348,10.546742623663736,10.546544091024327,,10.450654069121425,10.658048676342537,,,,,
ENPH,Experiment 2 — OHLCV,2014-10-10,5,10.550000190734863,12.020000457763672,10.550000190734863,10.555157195393717,10.549882900848784,10.535455211472442,,10.532731010393237,,11.382493952438828,10.858977181448882,,,,,
ENPH,Experiment 2 — OHLCV,2014-10-10,10,10.550000190734863,13.399999618530272,10.550000190734863,10.555143857682829,10.54977184739097,10.520930284951055,,10.515490097784719,,12.546541112994305,12.829723539034498,,,,,
ENPH,Experiment 2 — OHLCV,2014-10-10,20,10.550000190734863,11.800000190734863,10.550000190734863,10.555143892080935,10.549567167283076,10.491940479584972,,10.481092890758164,,12.652860850115687,13.48245568654706,,,,,
ENPH,Experiment 2 — OHLCV,2015-01-20,1,10.600000381469728,10.43000030517578,10.600000381469728,10.602115257151247,10.599989233114318,10.5995412594867,10.598452949699087,10.598929640328299,,10.604830020281138,10.586756040961365,,,,,
ENPH,Experiment 2 — OHLCV,2015-01-20,5,10.600000381469728,12.130000114440918,10.600000381469728,10.602322679790978,10.599945832860444,10.597704970407278,,10.594647757244417,,11.20749560471115,11.581181773297539,,,,,
ENPH,Experiment 2 — OHLCV,2015-01-20,10,10.600000381469728,13.65999984741211,10.600000381469728,10.602322692990725,10.599894194355501,10.595410056411977,,10.589297835904487,,11.940622544850841,12.22891199819926,,,,,
ENPH,Experiment 2 — OHLCV,2015-01-20,20,10.600000381469728,14.06999969482422,10.600000381469728,10.6023226929908,10.599799041892059,10.590821719192279,,10.578606096422025,,12.633686025612691,12.794871765681505,,,,,
ENPH,Experiment 2 — OHLCV,2015-04-27,1,13.0,13.210000038146973,13.0,13.008476894739916,12.99999484994894,13.004802411787482,13.00271827027269,13.003526254573375,,13.217086095362902,13.203906117599683,,,,,
ENPH,Experiment 2 — OHLCV,2015-04-27,5,13.0,12.18000030517578,13.0,13.014628112796274,12.999974780946141,13.024029806383915,,13.017640840439663,,14.092322036623955,13.608364140576178,,,,,
ENPH,Experiment 2 — OHLCV,2015-04-27,10,13.0,10.579999923706056,13.0,13.014840219801584,12.99995090769508,13.048104030582813,,13.035305619283278,,14.021412529051304,14.212717042144654,,,,,
ENPH,Experiment 2 — OHLCV,2015-04-27,20,13.0,9.789999961853027,13.0,13.014843338160407,12.9999069333127,13.096386060993193,,13.07070712216294,,15.56105187535286,16.114276698359358,,,,,
ENPH,Experiment 2 — OHLCV,2015-08-03,1,5.46999979019165,5.639999866485596,5.46999979019165,5.4746363640436035,5.469997243704026,5.465718268492157,5.465392845614898,5.465152462099379,,5.36118764225523,5.410534290456422,,,,,
ENPH,Experiment 2 — OHLCV,2015-08-03,5,5.46999979019165,6.139999866485596,5.46999979019165,5.480028200383677,5.469987306957023,5.4486256681399965,,5.44580606705731,,5.6582261500581765,5.751228931715462,,,,,
ENPH,Experiment 2 — OHLCV,2015-08-03,10,5.46999979019165,5.599999904632568,5.46999979019165,5.480599911701575,5.469975483574569,5.427335065852693,,5.4217193523802925,,5.280473233950868,5.32934729309365,,,,,
ENPH,Experiment 2 — OHLCV,2015-08-03,20,5.46999979019165,4.599999904632568,5.46999979019165,5.480634329355718,5.469953695704483,5.385003116426486,,5.373865057304704,,7.40359944377596,6.815327946989734,,,,,
ENPH,Experiment 2 — OHLCV,2015-11-05,1,2.299999952316284,2.190000057220459,2.299999952316284,2.295782101683774,2.299998720096444,2.2976012911564863,2.2973786938444087,2.297494639320776,,2.342803561172592,2.3487345556311205,,,,,
ENPH,Experiment 2 — OHLCV,2015-11-05,5,2.299999952316284,1.8600000143051147,2.299999952316284,2.296479844946141,2.299993922320683,2.2880316359878385,,2.2875006471655914,,2.042338807262258,2.49942869469003,,,,,
ENPH,Experiment 2 — OHLCV,2015-11-05,10,2.299999952316284,1.7300000190734863,2.299999952316284,2.296480936339227,2.2999882134202867,2.27612559818057,,2.275069269246416,,2.08562955928228,2.246287261724138,,,,,
ENPH,Experiment 2 — OHLCV,2015-11-05,20,2.299999952316284,2.0799999237060547,2.299999952316284,2.2964809360006915,2.299977692581987,2.2524990635219058,,2.2504088205118586,,2.4114885281009295,2.46752604962718,,,,,
ENPH,Experiment 2 — OHLCV,2016-02-16,1,2.130000114440918,2.240000009536743,2.130000114440918,2.125421631152446,2.1299995266367455,2.12730468998555,2.126727408896951,2.1270036665178744,,2.1761881563110226,2.0283547840234,,,,,
ENPH,Experiment 2 — OHLCV,2016-02-16,5,2.130000114440918,2.3499999046325684,2.130000114440918,2.125759943580736,2.1299972492294192,2.1165570584761753,,2.1150599690861385,,1.931646867764158,1.7561539014355199,,,,,
ENPH,Experiment 2 — OHLCV,2016-02-16,10,2.130000114440918,2.440000057220459,2.130000114440918,2.1257599573545973,2.129994539328561,2.1031988455837154,,2.1002246161873352,,2.0995409998975783,1.8021645188529312,,,,,
ENPH,Experiment 2 — OHLCV,2016-02-16,20,2.130000114440918,2.6700000762939453,2.130000114440918,2.1257599573545525,2.129989545293786,2.076734810517012,,2.070865352792257,,1.7897869983809613,2.388637821290287,,,,,
ENPH,Experiment 2 — OHLCV,2016-05-20,1,1.850000023841858,1.9800000190734863,1.850000023841858,1.849102125193603,1.8499997423784165,1.847470466630225,1.847034941329628,1.847274599568954,,1.8065171095526689,1.7872290561661395,,,,,
ENPH,Experiment 2 — OHLCV,2016-05-20,5,1.850000023841858,2.109999895095825,1.850000023841858,1.84936472103002,1.8499986474432528,1.8373867778729718,,1.8364129943831513,,1.6399026109769066,1.6821720688013555,,,,,
ENPH,Experiment 2 — OHLCV,2016-05-20,10,1.850000023841858,2.289999961853028,1.850000023841858,1.8493746841826226,1.8499973445619589,1.8248595286456104,,1.8229257526904625,,1.4638175184429336,1.4770329951974994,,,,,
ENPH,Experiment 2 — OHLCV,2016-05-20,20,1.850000023841858,2.140000104904175,1.850000023841858,1.8493745303595868,1.849994943467622,1.8000606791199396,,1.7962477064844358,,1.523773557958874,1.511942943503399,,,,,
ENPH,Experiment 2 — OHLCV,2016-08-26,1,1.809999942779541,1.840000033378601,1.809999942779541,1.8110471280334342,1.809999809961435,1.8075308229568265,1.8071187971227085,1.8073348709945012,,1.805208583595363,1.8375942357748483,,,,,
ENPH,Experiment 2 — OHLCV,2016-08-26,5,1.809999942779541,1.8200000524520876,1.809999942779541,1.8107443859230936,1.809999291267513,1.7976879803616685,,1.796713767045236,,1.8367145400896479,1.8144043206167058,,,,,
ENPH,Experiment 2 — OHLCV,2016-08-26,10,1.809999942779541,1.7999999523162842,1.809999942779541,1.8107338939031794,1.8099986740697405,1.7854597662440008,,1.7835251175381261,,1.859752184069876,1.7702187810184182,,,,,
ENPH,Experiment 2 — OHLCV,2016-08-26,20,1.809999942779541,1.2000000476837158,1.809999942779541,1.8107340396618066,1.809997536643247,1.761252308097098,,1.757437538923077,,1.7492553258891785,1.7350342277938051,,,,,
ENPH,Experiment 2 — OHLCV,2016-12-01,1,1.1100000143051147,1.1399999856948853,1.1100000143051147,1.1104439867197324,1.1099999502496831,1.1081283889473854,1.1080924327200683,1.108180680929094,,1.1207280468740062,1.1103203114862996,,,,,
ENPH,Experiment 2 — OHLCV,2016-12-01,5,1.1100000143051147,1.340000033378601,1.1100000143051147,1.110317814574465,1.1099997003515107,1.100673392740469,,1.1009331181741868,,1.1352588862641977,1.0942696680346211,,,,,
ENPH,Experiment 2 — OHLCV,2016-12-01,10,1.1100000143051147,1.1799999475479126,1.1100000143051147,1.1103139532460966,1.1099994029915974,1.091425136823291,,1.0919402838490153,,1.1126846089350515,1.1351896301133202,,,,,
ENPH,Experiment 2 — OHLCV,2016-12-01,20,1.1100000143051147,1.0099999904632568,1.1100000143051147,1.110313999585319,1.1099988549776802,1.0731610936378804,,1.0741743856991715,,1.0782880849960963,0.9778125987772109,,,,,
ENPH,Experiment 2 — OHLCV,2017-03-13,1,1.2300000190734863,1.2799999713897705,1.2300000190734863,1.2371597557461391,1.2299999900727172,1.2278345205810195,1.2277799780324519,1.2277966014249981,,1.2772321045272363,1.2317025592106792,,,,,
ENPH,Experiment 2 — OHLCV,2017-03-13,5,1.2300000190734863,1.340000033378601,1.2300000190734863,1.235125709548295,1.229999871395247,1.2192105846187546,,1.2190223321296454,,1.246017013990031,1.213450074296784,,,,,
ENPH,Experiment 2 — OHLCV,2017-03-13,10,1.2300000190734863,1.2400000095367432,1.2300000190734863,1.235064503704139,1.2299997301778942,1.208515793980322,,1.2081426204774859,,1.4334710158667292,1.3436982902549086,,,,,
ENPH,Experiment 2 — OHLCV,2017-03-13,20,1.2300000190734863,1.350000023841858,1.2300000190734863,1.2350652243542768,1.229999469923563,1.187406830611301,,1.1866736331546368,,1.499267068508459,1.5602829624559829,,,,,
ENPH,Experiment 2 — OHLCV,2017-06-16,1,0.7699999809265137,0.800000011920929,0.7699999809265137,0.7705647912095612,0.7699999665901572,0.7685909199349705,0.7685481932369136,0.7685580115657124,,0.7668708162971098,0.7542046803888084,,,,,
ENPH,Experiment 2 — OHLCV,2017-06-16,5,0.7699999809265137,0.8899999856948853,0.7699999809265137,0.7704499004829022,0.7699999096298215,0.7629804139294717,,0.7628170871809477,,0.7538359565752755,0.738425982644579,,,,,
ENPH,Experiment 2 — OHLCV,2017-06-16,10,0.7699999809265137,0.8700000047683716,0.7699999809265137,0.7704493992065903,0.7699998418512737,0.7560248395584642,,0.7557011985832234,,0.7777755569510068,0.7559941602013052,,,,,
ENPH,Experiment 2 — OHLCV,2017-06-16,20,0.7699999809265137,0.800000011920929,0.7699999809265137,0.7704493997643007,0.769999716939881,0.7423033405035249,,0.7416679424497581,,0.7404980698830208,0.7301708390843803,,,,,
ENPH,Experiment 2 — OHLCV,2017-09-22,1,1.409999966621399,1.3600000143051147,1.409999966621399,1.4087697750549142,1.4099999596735666,1.4079645061421784,1.407873412449517,1.407914270237861,,1.3749906358959922,1.382983253405831,,,,,
ENPH,Experiment 2 — OHLCV,2017-09-22,5,1.409999966621399,1.5199999809265137,1.409999966621399,1.4091260552743192,1.4099999326310233,1.3998520055220576,,1.3996022910829868,,1.3893164129236188,1.4393191200807627,,,,,
ENPH,Experiment 2 — OHLCV,2017-09-22,10,1.409999966621399,1.4900000095367432,1.409999966621399,1.4091386185112595,1.409999900452417,1.389777080675845,,1.3892812904801504,,1.4207082142800214,1.557390352926109,,,,,
ENPH,Experiment 2 — OHLCV,2017-09-22,20,1.409999966621399,1.3700000047683716,1.409999966621399,1.4091384404457847,1.409999841149374,1.369844240918694,,1.3688670565738008,,1.6683221740963425,1.7707954370945462,,,,,
ENPH,Experiment 2 — OHLCV,2017-12-28,1,2.490000009536743,2.4100000858306885,2.490000009536743,2.4897747602755604,2.4900000056294824,2.486869278020212,2.486779187313392,2.486852194095918,,2.5419876865239783,2.541854826269755,,,,,
ENPH,Experiment 2 — OHLCV,2017-12-28,5,2.490000009536743,2.470000028610229,2.490000009536743,2.4897204865974056,2.489999992741632,2.4743856658654173,,2.474300676201955,,2.51733094705492,2.4900241916516865,,,,,
ENPH,Experiment 2 — OHLCV,2017-12-28,10,2.490000009536743,2.240000009536743,2.490000009536743,2.4897204089993736,2.4899999774063764,2.458869236944033,,2.4587003264278944,,2.49939000441331,2.7025691298132637,,,,,
ENPH,Experiment 2 — OHLCV,2017-12-28,20,2.490000009536743,2.0299999713897705,2.490000009536743,2.489720408977825,2.489999949145499,2.428127671178032,,2.427794085149954,,3.9866218355994505,4.561273577190698,,,,,
ENPH,Experiment 2 — OHLCV,2018-04-09,1,4.150000095367432,4.0,4.150000095367432,4.149736924496027,4.150000093645683,4.14570967265885,4.1454367708420445,4.145685453438059,,4.1031932261260735,4.140573845567654,,,,,
ENPH,Experiment 2 — OHLCV,2018-04-09,5,4.150000095367432,3.9600000381469727,4.150000095367432,4.14958789692218,4.150000087524309,4.12859229195909,,4.128471697262549,,3.8897191360384653,4.044532440345604,,,,,
ENPH,Experiment 2 — OHLCV,2018-04-09,10,4.150000095367432,4.960000038146973,4.150000095367432,4.149585199789861,4.150000080240475,4.107294920848636,,4.107054979137018,,4.040724974035909,4.391734584742717,,,,,
ENPH,Experiment 2 — OHLCV,2018-04-09,20,4.150000095367432,4.590000152587891,4.150000095367432,4.149585182025389,4.150000066817286,4.0650291997970145,,4.0645542684405,,4.055980656743142,3.765841232485183,,,,,
ENPH,Experiment 2 — OHLCV,2018-07-13,1,7.039999961853027,6.730000019073486,7.039999961853027,7.039196039904072,7.039999960793994,7.033627074790511,7.033316686554048,7.033609954248828,,6.953251297347918,6.967257972967216,,,,,
ENPH,Experiment 2 — OHLCV,2018-07-13,5,7.039999961853027,6.760000228881836,7.039999961853027,7.038150339346678,7.03999995783196,7.008193164241082,,7.008107871491113,,6.624188506472173,6.410209608447963,,,,,
ENPH,Experiment 2 — OHLCV,2018-07-13,10,7.039999961853027,5.590000152587891,7.039999961853027,7.038007883242432,7.039999954307349,6.9765300700921795,,6.976360256332773,,6.839709923160564,6.3018586578459,,,,,
ENPH,Experiment 2 — OHLCV,2018-07-13,20,7.039999961853027,5.710000038146973,7.039999961853027,7.0379960647117485,7.039999947811683,6.913632398101497,,6.913295836627952,,7.301952057849537,8.195312825514153,,,,,
ENPH,Experiment 2 — OHLCV,2018-10-18,1,4.869999885559082,4.739999771118164,4.869999885559082,4.87003472393774,4.86999988594345,4.864323680401028,4.864079446302015,4.864273888849847,,4.744197589507557,4.7742106603119785,,,,,
ENPH,Experiment 2 — OHLCV,2018-10-18,5,4.869999885559082,4.400000095367432,4.869999885559082,4.870057413465444,4.869999884539551,4.841684941441448,,4.841437147416901,,4.434789706562867,4.485098198240397,,,,,
ENPH,Experiment 2 — OHLCV,2018-10-18,10,4.869999885559082,4.909999847412109,4.869999885559082,4.870058007432769,4.869999882869017,4.813534624855483,,4.813041930841321,,5.356029094212218,5.099502576748557,,,,,
ENPH,Experiment 2 — OHLCV,2018-10-18,20,4.869999885559082,5.539999961853027,4.869999885559082,4.870058013628676,4.869999879790339,4.7577240511624055,,4.756750138070554,,5.987444519963674,5.559655964736061,,,,,
ENPH,Experiment 2 — OHLCV,2019-01-28,1,6.900000095367432,7.099999904632568,6.900000095367432,6.90213321781188,6.900000092512139,6.89325569513527,6.892866756907878,6.893171882393025,,7.059397126888432,7.060403003985701,,,,,
ENPH,Experiment 2 — OHLCV,2019-01-28,5,6.900000095367432,7.0,6.900000095367432,6.904399847935898,6.900000091838475,6.866343952894183,,6.865926535386981,,6.601758119439628,6.6967922217199085,,,,,
ENPH,Experiment 2 — OHLCV,2019-01-28,10,6.900000095367432,7.730000019073486,6.900000095367432,6.904595803995425,6.900000091036866,6.832851975045648,,6.83202123735924,,6.992805633020856,6.056556064134107,,,,,
ENPH,Experiment 2 — OHLCV,2019-01-28,20,6.900000095367432,8.09000015258789,6.900000095367432,6.904604917157336,6.9000000895595575,6.766357314144217,,6.764712107622385,,7.3688088019913,6.905046785750888,,,,,
ENPH,Experiment 2 — OHLCV,2019-05-06,1,13.75,14.210000038146973,13.75,13.78513680185526,13.761278032707619,13.74184655828872,13.741310181563374,13.741501750592134,,14.0333691239357,14.13219417495891,,,,,
ENPH,Experiment 2 — OHLCV,2019-05-06,5,13.75,13.6899995803833,13.75,13.868743584727756,13.805396112009491,13.709281110864042,,13.707561244321209,,14.734998773783445,14.396768872680976,,,,,
ENPH,Experiment 2 — OHLCV,2019-05-06,10,13.75,14.3100004196167,13.75,13.908161986037907,13.858473581386857,13.668682805577719,,13.665253473950314,,15.338651817291975,15.631737622230597,,,,,
ENPH,Experiment 2 — OHLCV,2019-05-06,20,13.75,15.970000267028809,13.75,13.925502697306904,13.958088593985835,13.58784651923607,,13.58102927325899,,14.160536366980523,14.016564376006272,,,,,
ENPH,Experiment 2 — OHLCV,2019-08-09,1,31.850000381469727,30.899999618530277,31.850000381469727,31.923198634517654,32.064487836062796,31.84713570839066,31.845675850265582,31.846175185612275,,31.58822558581224,31.69054798196606,,,,,
ENPH,Experiment 2 — OHLCV,2019-08-09,5,31.850000381469727,32.029998779296875,31.850000381469727,32.102872040533946,32.91176677289972,31.83567959240522,,31.830878995703955,,31.75761667925345,33.09459094209955,,,,,
ENPH,Experiment 2 — OHLCV,2019-08-09,10,31.850000381469727,33.400001525878906,31.850000381469727,32.19289947077679,33.947253123051205,31.8213652424301,,31.811769089605043,,37.45009883196917,33.652753488962524,,,,,
ENPH,Experiment 2 — OHLCV,2019-08-09,20,31.850000381469727,23.799999237060547,31.850000381469727,32.23615901431992,35.941971452499274,31.792755848168433,,31.773583688844287,,35.2108200963783,35.534978361691316,,,,,
ENPH,Experiment 2 — OHLCV,2019-11-14,1,18.989999771118164,19.31999969482422,18.989999771118164,18.98902068040247,18.98842785803844,18.987826080553305,18.987755957583154,18.98759629419872,,19.101130794563137,19.07379733822224,,,,,
ENPH,Experiment 2 — OHLCV,2019-11-14,5,18.989999771118164,18.81999969482422,18.989999771118164,18.986705165613245,18.984715630370882,18.979133806124267,,18.977985428106145,,18.385487986564,18.64586991074921,,,,,
ENPH,Experiment 2 — OHLCV,2019-11-14,10,18.989999771118164,21.8700008392334,18.989999771118164,18.985622044206288,18.982984123444606,18.96827405857095,,18.965978686170466,,17.84764995778331,20.181036323508536,,,,,
ENPH,Experiment 2 — OHLCV,2019-11-14,20,18.989999771118164,24.6200008392334,18.989999771118164,18.98514884854104,18.982230824114474,18.94657320155778,,18.941987986295388,,20.472024842147064,18.95264576385319,,,,,
ENPH,Experiment 2 — OHLCV,2020-02-24,1,55.2599983215332,50.900001525878906,55.2599983215332,55.2494055456604,55.62085665297052,55.2790918115953,55.27776805220574,55.27794503888918,,59.460601671302925,57.95838172553799,,,,,
ENPH,Experiment 2 — OHLCV,2020-02-24,5,55.2599983215332,51.400001525878906,55.2599983215332,55.24073392660389,57.046336801047914,55.35553176666077,,55.34979021256454,,55.0362135668271,58.60839566667053,,,,,
ENPH,Experiment 2 — OHLCV,2020-02-24,10,55.2599983215332,43.380001068115234,55.2599983215332,55.24032976061596,58.788461114035734,55.451230369939154,,55.43972800630923,,48.98600984288265,46.96407945260399,,,,,
ENPH,Experiment 2 — OHLCV,2020-02-24,20,55.2599983215332,27.51000022888184,55.2599983215332,55.240321101797456,62.14441776067384,55.64312419354324,,55.62004225063234,,42.36888233865483,41.091128890807745,,,,,
ENPH,Experiment 2 — OHLCV,2020-06-01,1,59.68000030517578,56.95000076293945,59.68000030517578,59.71157583547779,59.72946902372745,59.70799382148155,59.70115379651198,59.7047601116998,,61.953973754947555,62.998159187186815,,,,,
ENPH,Experiment 2 — OHLCV,2020-06-01,5,59.68000030517578,52.900001525878906,59.68000030517578,59.74281389885607,59.92488288322126,59.82009925476937,,59.803902102944626,,60.75945835099266,61.37749939341415,,,,,
ENPH,Experiment 2 — OHLCV,2020-06-01,10,59.68000030517578,50.45000076293945,59.68000030517578,59.74510141947409,60.16370433308719,59.960527086996635,,59.92806113354543,,68.23854446257621,63.97412565701673,,,,,
ENPH,Experiment 2 — OHLCV,2020-06-01,20,59.68000030517578,47.45000076293945,59.68000030517578,59.7451877123144,60.62376015462771,60.24237248937572,,60.177153030518575,,82.59168521199308,82.76479564232125,,,,,
ENPH,Experiment 2 — OHLCV,2020-09-03,1,67.80000305175781,66.16000366210938,67.80000305175781,67.81151307902343,67.80000318914439,67.83926756398826,67.83357806152294,67.83620090895154,,68.48722532690849,66.13403160283862,,,,,
ENPH,Experiment 2 — OHLCV,2020-09-03,5,67.80000305175781,65.0999984741211,67.80000305175781,67.81686677532498,67.80000318913645,67.99655313428828,,67.98118569827857,,63.54484031269919,60.69368410132421,,,,,
ENPH,Experiment 2 — OHLCV,2020-09-03,10,67.80000305175781,68.2699966430664,67.80000305175781,67.8169231219197,67.80000318912701,68.19367300934388,,68.16285252105189,,65.22429961964048,62.78869839853065,,,,,
ENPH,Experiment 2 — OHLCV,2020-09-03,20,67.80000305175781,90.43000030517578,67.80000305175781,67.81692331079554,67.8000031891096,68.58962874906166,,68.5276438742905,,62.53098983294012,59.06643620985986,,,,,
ENPH,Experiment 2 — OHLCV,2020-12-10,1,131.2100067138672,139.91000366210938,131.2100067138672,131.20363496949574,131.43330152544445,131.33858692515497,131.3181829742012,131.33099163450441,,134.0503320593141,139.03492865513957,,,,,
ENPH,Experiment 2 — OHLCV,2020-12-10,5,131.2100067138672,163.52000427246094,131.2100067138672,131.20106872920286,132.69980895612954,131.8541690369272,,131.81604791282876,,130.58881959667954,117.27812662094884,,,,,
ENPH,Experiment 2 — OHLCV,2020-12-10,10,131.2100067138672,181.38999938964844,131.2100067138672,131.20105085099917,134.2476476900131,132.50149381008413,,132.4248883337707,,133.94000459107752,110.33312781603091,,,,,
ENPH,Experiment 2 — OHLCV,2020-12-10,20,131.2100067138672,201.67999267578125,131.2100067138672,131.20105081516553,137.22934058539076,133.8056928858327,,133.65101861821853,,171.66587461085282,187.87747800962518,,,,,
ENPH,Experiment 2 — OHLCV,2021-03-19,1,154.9499969482422,161.11000061035156,154.9499969482422,154.93088901309673,154.89500003601574,155.11763389764675,155.09540875799183,155.1100829614291,,161.0007680321499,150.26441752636887,,,,,
ENPH,Experiment 2 — OHLCV,2021-03-19,5,154.9499969482422,152.07000732421875,154.9499969482422,154.92577423084293,155.37764938421915,155.78999728525523,,155.7520826464964,,183.33986366877912,181.8323039417425,,,,,
ENPH,Experiment 2 — OHLCV,2021-03-19,10,154.9499969482422,149.4199981689453,154.9499969482422,154.9257639796438,155.96751039721673,156.63455135302064,,156.55832027427635,,184.4276767773756,192.0819055863182,,,,,
ENPH,Experiment 2 — OHLCV,2021-03-19,20,154.9499969482422,141.13999938964844,154.9499969482422,154.92576397530314,157.1037943996866,158.33741955966127,,158.18333739812923,,209.94837327462028,223.86492777753534,,,,,
ENPH,Experiment 2 — OHLCV,2021-06-25,1,175.38999938964844,188.3300018310547,175.38999938964844,175.37784768531083,175.4648325998326,175.6070052496731,175.5793129422891,175.60063810256906,,178.08314048330004,177.33466988273614,,,,,
ENPH,Experiment 2 — OHLCV,2021-06-25,5,175.38999938964844,186.41000366210935,175.38999938964844,175.3735184153639,175.88714204471773,176.47771697557744,,176.4457257089769,,175.96885674521286,182.04995321699766,,,,,
ENPH,Experiment 2 — OHLCV,2021-06-25,10,175.38999938964844,185.72000122070312,175.38999938964844,175.37349742866493,176.4032597560244,177.57218026850717,,177.50780676954037,,190.73122847389072,178.0748616954081,,,,,
ENPH,Experiment 2 — OHLCV,2021-06-25,20,175.38999938964844,176.67999267578125,175.38999938964844,175.3734974019055,177.39748769417693,179.78151157444057,,179.65118634918102,,199.48800794485555,195.79651167386982,,,,,
ENPH,Experiment 2 — OHLCV,2021-09-30,1,149.97000122070312,155.36000061035156,149.97000122070312,149.9696111747413,149.98474873926494,150.12756715369846,150.10011324947504,150.12427784195336,,148.29508745884658,149.70202898925254,,,,,
ENPH,Experiment 2 — OHLCV,2021-09-30,5,149.97000122070312,157.22999572753906,149.97000122070312,149.96945598079165,150.04300520688054,150.7594880918708,,150.74297302956379,,141.9068838219804,146.99763278102418,,,,,
ENPH,Experiment 2 — OHLCV,2021-09-30,10,149.97000122070312,173.77999877929688,149.97000122070312,149.96945493740816,150.11420227599356,151.55313105768857,,151.5199288713139,,144.34880985877612,144.27758856560493,,,,,
ENPH,Experiment 2 — OHLCV,2021-09-30,20,149.97000122070312,224.4600067138672,149.97000122070312,149.96945493540764,150.25135338256484,153.1529729041449,,153.08587489695017,,146.78714440968093,134.01932842371596,,,,,
ENPH,Experiment 2 — OHLCV,2022-01-06,1,151.49000549316406,145.1300048828125,151.49000549316406,151.44015304412378,150.7609145338219,151.64134056655647,151.61220374665902,151.6365402941722,,159.31137037106197,155.15547504986017,,,,,
ENPH,Experiment 2 — OHLCV,2022-01-06,5,151.49000549316406,143.49000549316406,151.49000549316406,151.41245025743973,148.25014261792947,152.24819417413494,,152.224098286723,,156.883209266312,152.94058872236658,,,,,
ENPH,Experiment 2 — OHLCV,2022-01-06,10,151.49000549316406,126.0199966430664,151.49000549316406,151.41197348763197,146.13694053193308,153.01017749537982,,152.96174835937634,,151.4135079249475,157.51988857900056,,,,,
ENPH,Experiment 2 — OHLCV,2022-01-06,20,151.49000549316406,141.22999572753906,151.49000549316406,151.4119705379178,143.90794098512248,154.54560412055767,,154.44778937718743,,195.81836126431608,187.7373941023292,,,,,
ENPH,Experiment 2 — OHLCV,2022-04-13,1,193.22999572753903,190.50999450683597,193.22999572753903,193.25585948069977,193.2299956190586,193.4129238467614,193.38029233469257,193.4071527384352,,194.48346724419483,194.46679043705447,,,,,
ENPH,Experiment 2 — OHLCV,2022-04-13,5,193.22999572753903,156.55999755859375,193.22999572753903,193.26925572781172,193.22999561905857,194.14636971863115,,194.11740648167392,,174.195116716392,168.56070705311882,,,,,
ENPH,Experiment 2 — OHLCV,2022-04-13,10,193.22999572753903,164.47000122070312,193.22999572753903,193.26944593665692,193.22999561905857,195.06708952202013,,195.00889267887652,,165.72106486705704,166.2700328511904,,,,,
ENPH,Experiment 2 — OHLCV,2022-04-13,20,193.22999572753903,140.94000244140625,193.22999572753903,193.2694468625608,193.2299956190585,196.9216491017537,,196.80416635449828,,156.4062625895451,143.002480721988,,,,,
ENPH,Experiment 2 — OHLCV,2022-07-22,1,211.5399932861328,218.5500030517578,211.5399932861328,211.49527441122655,211.53999340891846,211.7630185131365,211.72354462586122,211.75332887524564,,209.23285110557813,210.2011628686528,,,,,
ENPH,Experiment 2 — OHLCV,2022-07-22,5,211.5399932861328,284.17999267578125,211.5399932861328,211.46216907726398,211.53999340891846,212.65747324179665,,212.60882486678094,,194.01070657336277,189.2974181648759,,,,,
ENPH,Experiment 2 — OHLCV,2022-07-22,10,211.5399932861328,300.9100036621094,211.5399932861328,211.4609667288492,211.53999340891846,213.78085639066722,,213.6830568491689,,181.66548884793883,186.57699646690298,,,,,
ENPH,Experiment 2 — OHLCV,2022-07-22,20,211.5399932861328,283.70001220703125,211.5399932861328,211.46094786260585,211.53999340891846,216.0454571694601,,215.8478313017813,,192.11334101836258,173.91803388855985,,,,,
ENPH,Experiment 2 — OHLCV,2022-10-26,1,291.8699951171875,306.0799865722656,291.8699951171875,292.2783721732309,291.8856057458907,292.19188667743896,292.13394619817797,292.1765848640101,,319.10060664554567,311.7120660045755,,,,,
ENPH,Experiment 2 — OHLCV,2022-10-26,5,291.8699951171875,289.5,291.8699951171875,292.6729940954184,291.94727316843955,293.4830068470153,,293.4061677545486,,317.91076505242654,336.316246167358,,,,,
ENPH,Experiment 2 — OHLCV,2022-10-26,10,291.8699951171875,284.75,291.8699951171875,292.70029893953824,292.022638873312,295.1049328430715,,294.95042558878254,,317.89112840609687,313.5692889198073,,,,,
ENPH,Experiment 2 — OHLCV,2022-10-26,20,291.8699951171875,315.7799987792969,291.8699951171875,292.7012576124044,292.16782026841105,298.3757249639444,,298.063367288147,,399.3051098821088,434.20675329927633,,,,,
ENPH,Experiment 2 — OHLCV,2023-02-03,1,222.92999267578125,222.9900054931641,222.92999267578125,222.90961591314763,222.83469183588676,223.14811860079544,223.10839929019758,223.14057401777129,,226.91847491187787,228.51016899010514,,,,,
ENPH,Experiment 2 — OHLCV,2023-02-03,5,222.92999267578125,212.07000732421875,222.92999267578125,222.8897179803242,222.52118396760378,224.02275864396964,,223.9848904327411,,234.15729724594712,254.1127656640458,,,,,
ENPH,Experiment 2 — OHLCV,2023-02-03,10,222.92999267578125,204.9900054931641,222.92999267578125,222.88830310515613,222.2468689095647,225.12088117027244,,225.04477993291275,,235.12020601746144,242.51960286845986,,,,,
ENPH,Experiment 2 — OHLCV,2023-02-03,20,222.92999267578125,225.3500061035156,222.92999267578125,222.88825164872014,221.93928875547542,227.33330105377811,,227.1796287577554,,217.12400645131083,259.7893712582366,,,,,
ENPH,Experiment 2 — OHLCV,2023-05-11,1,160.7899932861328,167.5500030517578,160.7899932861328,160.79485166038353,160.78999329552062,160.93064201176796,160.9099181577509,160.92954335525525,,162.01368116466926,160.9572078060536,,,,,
ENPH,Experiment 2 — OHLCV,2023-05-11,5,160.7899932861328,163.72000122070312,160.7899932861328,160.79937582650578,160.78999329552062,161.49446829539522,,161.48895584218536,,169.70342699372162,169.26041168651543,,,,,
ENPH,Experiment 2 — OHLCV,2023-05-11,10,160.7899932861328,164.58999633789062,160.7899932861328,160.79966337096306,160.78999329552062,162.20202984647858,,162.19095682522442,,180.03538380937653,181.4575339901665,,,,,
ENPH,Experiment 2 — OHLCV,2023-05-11,20,160.7899932861328,174.5800018310547,160.7899932861328,160.7996724530646,160.78999329552062,163.6264667260669,,163.60412696248642,,184.6838099167585,171.62111139802943,,,,,
ENPH,Experiment 2 — OHLCV,2023-08-18,1,130.33999633789062,130.16000366210938,130.33999633789062,130.30672180014508,130.339996354282,130.4286072893456,130.4173501539341,130.42904609871132,,130.72605196220175,131.25753611580248,,,,,
ENPH,Experiment 2 — OHLCV,2023-08-18,5,130.33999633789062,124.08999633789062,130.33999633789062,130.27133625513002,130.339996354282,130.7836539216827,,130.7858539558461,,129.89037625079447,129.962418487239,,,,,
ENPH,Experiment 2 — OHLCV,2023-08-18,10,130.33999633789062,128.72999572753906,130.33999633789062,130.2682683259644,130.339996354282,131.2288216486172,,131.23323673124423,,133.15747992694452,134.50903234047755,,,,,
ENPH,Experiment 2 — OHLCV,2023-08-18,20,130.33999633789062,117.16000366210938,130.33999633789062,130.26812507745785,130.339996354282,132.12370811060347,,132.1325986408073,,143.66109569762148,129.22871369358657,,,,,
ENPH,Experiment 2 — OHLCV,2023-11-22,1,100.1999969482422,100.22000122070312,100.1999969482422,100.29057026358011,100.30709291966585,100.25929048307725,100.25091271081851,100.25995170601898,,99.96731200335493,99.87054329914588,,,,,
ENPH,Experiment 2 — OHLCV,2023-11-22,5,100.1999969482422,101.0199966430664,100.1999969482422,100.42738754674696,100.56001082818096,100.496815700704,,100.5001296916719,,101.18768426077447,97.59968065778571,,,,,
ENPH,Experiment 2 — OHLCV,2023-11-22,10,100.1999969482422,107.16999816894533,100.1999969482422,100.45307927465353,100.67798018501765,100.7945137084003,,100.80116143376851,,95.84858874222483,91.45672539389007,,,,,
ENPH,Experiment 2 — OHLCV,2023-11-22,20,100.1999969482422,133.86000061035156,100.1999969482422,100.45630600524761,100.72930324710448,101.39255791555316,,101.40593269324359,,104.99934897706727,106.01856916261458,,,,,
ENPH,Experiment 2 — OHLCV,2024-03-04,1,123.97000122070312,125.08999633789062,123.97000122070312,123.95631157723801,123.96462962682203,124.03399092850316,124.02330234077937,124.03493584238126,,122.80390412854123,123.10447532975125,,,,,
ENPH,Experiment 2 — OHLCV,2024-03-04,5,123.97000122070312,128.69000244140625,123.97000122070312,123.92920958186106,123.9519438673789,124.29028022649078,,124.29501463031232,,126.72367191107406,128.710234820655,,,,,
ENPH,Experiment 2 — OHLCV,2024-03-04,10,123.97000122070312,111.19000244140624,123.97000122070312,123.9202935898638,123.94602680562839,124.61138667956843,,124.62088013087406,,119.82607584266623,117.04005410241734,,,,,
ENPH,Experiment 2 — OHLCV,2024-03-04,20,123.97000122070312,113.5500030517578,123.97000122070312,123.91791837435004,123.94345256316632,125.25609048402374,,125.27517634645382,,115.42328966367677,143.5245945106946,,,,,
ENPH,Experiment 2 — OHLCV,2024-06-07,1,122.75,130.6699981689453,122.75,122.64992550701363,122.6874178036745,122.80682194874257,122.79691243580555,122.80779984291281,,117.68379255756736,118.89922861591815,,,,,
ENPH,Experiment 2 — OHLCV,2024-06-07,5,122.75,124.61000061035156,122.75,122.43876852036026,122.53962335091408,123.03437289880947,,123.03927150746169,,119.70111599983647,122.68222721539414,,,,,
ENPH,Experiment 2 — OHLCV,2024-06-07,10,122.75,108.0199966430664,122.75,122.35976646221354,122.47068708365431,123.31940459961957,,123.32922470946538,,119.53146031824872,116.64766212918218,,,,,
ENPH,Experiment 2 — OHLCV,2024-06-07,20,122.75,103.58999633789062,122.75,122.33458498865063,122.44069607226392,123.89145051572036,,123.9111826267846,,126.95049617253244,122.8792030242448,,,,,
ENPH,Experiment 2 — OHLCV,2024-09-16,1,111.48999786376952,118.52999877929688,111.48999786376952,111.53664712879579,111.50836540719115,111.53279725983982,111.52409018714074,111.53352927047409,,111.70007634138726,110.89236474841564,,,,,
ENPH,Experiment 2 — OHLCV,2024-09-16,5,111.48999786376952,117.0,111.48999786376952,111.62035084632073,111.55174225325031,111.70415920789101,,111.70782493258245,,109.21133262140725,110.81448327005293,,,,,
ENPH,Experiment 2 — OHLCV,2024-09-16,10,111.48999786376952,113.0199966430664,111.48999786376952,111.6428808437671,111.57197466249823,111.91873193493649,,111.92607758784098,,108.667492782594,109.65128731957267,,,,,
ENPH,Experiment 2 — OHLCV,2024-09-16,20,111.48999786376952,101.47000122070312,111.48999786376952,111.64744489810825,111.58077685676156,112.3491147002222,,112.36386298533057,,112.13878212874485,112.99228467639315,,,,,
ENPH,Experiment 2 — OHLCV,2024-12-19,1,65.80000305175781,71.44999694824219,65.80000305175781,65.71212388507733,65.7323426171867,65.81860203606965,65.81252785265535,65.81911578730234,,64.10766286637866,62.69449369752283,,,,,
ENPH,Experiment 2 — OHLCV,2024-12-19,5,65.80000305175781,72.12999725341797,65.80000305175781,65.57715720950928,65.57255563091357,65.89305055994215,,65.89562226181555,,64.47123732401829,63.6672414922589,,,,,
ENPH,Experiment 2 — OHLCV,2024-12-19,10,65.80000305175781,71.37999725341797,65.80000305175781,65.55080233875705,65.49802564562236,65.98622964621732,,65.99138042374119,,67.52550301433433,69.96917730260033,,,,,
ENPH,Experiment 2 — OHLCV,2024-12-19,20,65.80000305175781,60.9900016784668,65.80000305175781,65.5473103364353,65.46560106380721,66.17298329755945,,66.18331441117756,,74.87685973124758,76.35728256727553,,,,,
ENPH,Experiment 2 — OHLCV,2025-04-01,1,62.38999938964844,62.52000045776367,62.38999938964844,62.402802810415864,62.39933628402062,62.40327233818801,62.39774656224637,62.40375925193372,,62.53929475439877,61.404339031183945,,,,,
ENPH,Experiment 2 — OHLCV,2025-04-01,5,62.38999938964844,49.52000045776367,62.38999938964844,62.431450455971984,62.4213863054719,62.45639237543777,,62.45882905458875,,62.75039370188427,64.38265352713499,,,,,
ENPH,Experiment 2 — OHLCV,2025-04-01,10,62.38999938964844,53.06999969482422,62.38999938964844,62.44346789605296,62.43167117167261,62.52285601403373,,62.52773465353806,,65.1162140264019,64.5899424408461,,,,,
ENPH,Experiment 2 — OHLCV,2025-04-01,20,62.38999938964844,44.59000015258789,62.38999938964844,62.447960314230755,62.43614564572866,62.655995550469285,,62.6657739886427,,65.64657890430846,68.07264805239728,,,,,
ENPH,Experiment 2 — OHLCV,2025-07-09,1,42.84999847412109,42.970001220703125,42.84999847412109,42.86036397811484,42.866382321665284,42.85947085382102,42.85521642358295,42.859859159979166,,42.740167843980664,42.77479645816689,,,,,
ENPH,Experiment 2 — OHLCV,2025-07-09,5,42.84999847412109,39.02999877929688,42.84999847412109,42.87044679264482,42.90507448328528,42.897381316802154,,42.89932460014591,,41.416030863140485,41.988921334999475,,,,,
ENPH,Experiment 2 — OHLCV,2025-07-09,10,42.84999847412109,36.47999954223633,42.84999847412109,42.87115683977503,42.92312179930071,42.94481655467251,,42.94870750719279,,38.136249327504565,38.903632728007466,,,,,
ENPH,Experiment 2 — OHLCV,2025-07-09,20,42.84999847412109,30.11000061035156,42.84999847412109,42.87118234529637,42.93097335961432,43.039844447796135,,43.04764392587843,,39.252154711229814,38.884253084299694,,,,,
ENPH,Experiment 2 — OHLCV,2025-10-14,1,36.43999862670898,37.540000915527344,36.43999862670898,36.444497285068394,36.44460726356543,36.44628087251171,36.44245759296177,36.44666100824898,,36.21156681269741,36.778389262135384,,,,,
ENPH,Experiment 2 — OHLCV,2025-10-14,5,36.43999862670898,37.09000015258789,36.43999862670898,36.44774669260392,36.455491077811686,36.471420688164564,,36.47332271757188,,35.44013086801401,35.38415543863583,,,,,
ENPH,Experiment 2 — OHLCV,2025-10-14,10,36.43999862670898,36.70000076293945,36.43999862670898,36.44785754682167,36.46056765215986,36.50286984473495,,36.50667728305262,,35.509650125025715,36.051134431774756,,,,,
ENPH,Experiment 2 — OHLCV,2025-10-14,20,36.43999862670898,30.84000015258789,36.43999862670898,36.44785915536917,36.46277623706229,36.56584953669629,,36.573477949368254,,32.92383598346543,32.61052840853166,,,,,
ENPH,Experiment 2 — OHLCV,2026-01-21,1,35.970001220703125,40.47999954223633,35.970001220703125,35.97294414056943,35.977700790184464,35.97692467261766,35.97392280866113,35.97719639251834,,35.79056297986433,36.17072634708748,,,,,
ENPH,Experiment 2 — OHLCV,2026-01-21,5,35.970001220703125,40.470001220703125,35.970001220703125,35.9750510916208,35.99588414472765,36.00463180899752,,36.00599147534563,,36.485983770696464,37.62707534018898,,,,,
ENPH,Experiment 2 — OHLCV,2026-01-21,10,35.970001220703125,51.66999816894531,35.970001220703125,35.97512138374636,36.00436546838395,36.039295738342936,,36.042017740507596,,35.12015307924912,35.214394548810205,,,,,
ENPH,Experiment 2 — OHLCV,2026-01-21,20,35.970001220703125,44.25,35.970001220703125,35.97512237573271,36.008055303712915,36.10872374861582,,36.114178446549175,,34.69999815613221,33.86944574433491,,,,,
ENPH,Experiment 2 — OHLCV,2026-04-29,1,31.190000534057617,32.959999084472656,31.190000534057617,31.195877536349244,31.162181511783942,31.19293623376337,31.189517129840144,31.19321989104626,,31.611126233360316,31.946400833500356,,,,,
ENPH,Experiment 2 — OHLCV,2026-04-29,5,31.190000534057617,35.79999923706055,31.190000534057617,31.198880927229958,31.096483999428802,31.204681796018196,,31.206100642286852,,30.527567342650997,30.27149942429116,,,,,
ENPH,Experiment 2 — OHLCV,2026-04-29,10,31.190000534057617,42.0,31.190000534057617,31.19892201963523,31.065840486188446,31.21936996850937,,31.22220906130418,,29.770310947576974,30.26761151913154,,,,,
ENPH,Experiment 2 — OHLCV,2026-04-29,20,31.190000534057617,69.5,31.190000534057617,31.198922210635466,31.0525088975898,31.248767058096277,,31.25445084886526,,27.50347131593317,28.018508120887088,,,,,
ENPH,Experiment 2 — OHLCV,2026-08-06,1,39.66999816894531,41.869998931884766,39.66999816894531,39.67051559091296,39.67646875485357,39.67374257062702,39.67198125967205,39.67437129650414,,40.19454065807463,39.8707599216857,,,,,
ENPH,Experiment 2 — OHLCV,2026-08-06,5,39.66999816894531,40.77999877929688,39.66999816894531,39.67094031613799,39.69174971586935,39.688723711981524,,39.69186862810418,,38.455348809341984,36.93736542259658,,,,,
ENPH,Experiment 2 — OHLCV,2026-08-06,10,39.66999816894531,38.36000061035156,39.66999816894531,39.67096023566411,39.69887726628071,39.70745809408953,,39.71375114466175,,37.28205675835579,37.2259619969931,,,,,
ENPH,Experiment 2 — OHLCV,2026-08-06,20,39.66999816894531,36.310001373291016,39.66999816894531,39.67096066571553,39.701978136897445,39.74495339221223,,39.75755237656604,,39.32594754717448,40.57528513084076,,,,,
SMCI,Experiment 1 — Univariate Close,2011-03-11,1,1.4730000495910645,1.4550000429153442,1.4730000495910645,1.4731989962747123,1.473258345719332,1.4745209737380371,1.4741899733980155,1.4745427986678867,,1.4553697694658085,1.456086465306507,,,,,
SMCI,Experiment 1 — Univariate Close,2011-03-11,5,1.4730000495910645,1.4800000190734863,1.4730000495910645,1.4731355356612994,1.4732615001787608,1.4806203906238697,,1.4807299699155345,,1.6025606523785108,1.6251153139815293,,,,,
SMCI,Experiment 1 — Univariate Close,2011-03-11,10,1.4730000495910645,1.569000005722046,1.4730000495910645,1.4731163148077169,1.4732649121465078,1.488280154328434,,1.4885004548470722,,1.614099128593356,1.6627377307525604,,,,,
SMCI,Experiment 1 — Univariate Close,2011-03-11,20,1.4730000495910645,1.6109999418258667,1.4730000495910645,1.4731186546633337,1.47327028796988,1.5037187665966423,,1.5041639711383898,,1.6702047977082657,1.6677652312933986,,,,,
SMCI,Experiment 1 — Univariate Close,2011-07-05,1,1.6100000143051147,1.590999960899353,1.6100000143051147,1.6099771469788289,1.6100000822679272,1.6115936169246439,1.611365381008518,1.6115841435876892,,1.6344626435017051,1.6320304225513702,,,,,
SMCI,Experiment 1 — Univariate Close,2011-07-05,5,1.6100000143051147,1.5709999799728394,1.6100000143051147,1.6099754247748284,1.6100003335944353,1.6179838167458354,,1.6179362628044354,,1.628919512564781,1.6415434339105894,,,,,
SMCI,Experiment 1 — Univariate Close,2011-07-05,10,1.6100000143051147,1.5230000019073486,1.6100000143051147,1.6099754247333824,1.6100006054985203,1.626007209932423,,1.625911631825298,,1.7345036676412553,1.7347543908903467,,,,,
SMCI,Experiment 1 — Univariate Close,2011-07-05,20,1.6100000143051147,1.2690000534057615,1.6100000143051147,1.6099754247333822,1.6100010340615942,1.6421735548203367,,1.6419805037366981,,2.1025259484899053,2.0882838020347387,,,,,
SMCI,Experiment 1 — Univariate Close,2011-10-25,1,1.444000005722046,1.593999981880188,1.444000005722046,1.4541566850699947,1.4465045532485592,1.4449479397867482,1.4444881783862547,1.4450190169157042,,1.4201711116829996,1.4530107956705514,,,,,
SMCI,Experiment 1 — Univariate Close,2011-10-25,5,1.444000005722046,1.5410000085830688,1.444000005722046,1.4520196669467231,1.4465045721935172,1.4487459029781464,,1.4491022577903412,,1.5313852227365699,1.5423568495591242,,,,,
SMCI,Experiment 1 — Univariate Close,2011-10-25,10,1.444000005722046,1.5980000495910645,1.444000005722046,1.448249358354274,1.446504592679699,1.4535073982541056,,1.4542225382354133,,1.5425025380282786,1.5810812806026566,,,,,
SMCI,Experiment 1 — Univariate Close,2011-10-25,20,1.444000005722046,1.4199999570846558,1.444000005722046,1.4491874986309403,1.4465046249436448,1.463077388093922,,1.4645174392879583,,1.5379010683740812,1.4095745795012826,,,,,
SMCI,Experiment 1 — Univariate Close,2012-02-17,1,1.7710000276565552,1.7480000257492063,1.7710000276565552,1.772914983731146,1.770874256822442,1.7727422360454141,1.772176113575646,1.7727368804333645,,1.7850358808416429,1.7796126759359487,,,,,
SMCI,Experiment 1 — Univariate Close,2012-02-17,5,1.7710000276565552,1.753000020980835,1.7710000276565552,1.7725605670065578,1.7708742582757064,1.7797282253175988,,1.7797013418933094,,1.7632745648780466,1.7721593407116487,,,,,
SMCI,Experiment 1 — Univariate Close,2012-02-17,10,1.7710000276565552,1.656999945640564,1.7710000276565552,1.7717272778394006,1.7708742598469476,1.7884994390335385,,1.7884454076084744,,1.7560851695406332,1.7768374427920786,,,,,
SMCI,Experiment 1 — Univariate Close,2012-02-17,20,1.7710000276565552,1.6979999542236328,1.7710000276565552,1.7719346078345724,1.7708742623208724,1.8061717636763364,,1.8060626346958615,,1.6871020465541675,1.6761776944212414,,,,,
SMCI,Experiment 1 — Univariate Close,2012-06-12,1,1.5329999923706057,1.4819999933242798,1.5329999923706057,1.5274209124978335,1.5342875725102085,1.5336884418116998,1.5333918132364006,1.533667810840894,,1.5349892304491906,1.5252163731325075,,,,,
SMCI,Experiment 1 — Univariate Close,2012-06-12,5,1.5329999923706057,1.4800000190734863,1.5329999923706057,1.52768393716367,1.5342875726236562,1.5364453326976235,,1.5363419951971697,,1.5322135803189736,1.5075862065399912,,,,,
SMCI,Experiment 1 — Univariate Close,2012-06-12,10,1.5329999923706057,1.52400004863739,1.5329999923706057,1.53237118135086,1.5342875727463174,1.5398984162536227,,1.5396912837268963,,1.4126461026697827,1.4724373625629625,,,,,
SMCI,Experiment 1 — Univariate Close,2012-06-12,20,1.5329999923706057,1.4869999885559082,1.5329999923706057,1.5318823081461097,1.534287572939458,1.546827882701745,,1.5464117814629899,,1.4664957290807588,1.4619692009694711,,,,,
SMCI,Experiment 1 — Univariate Close,2012-10-03,1,1.1430000066757202,1.1039999723434448,1.1430000066757202,1.1443595031251474,1.144346962628649,1.1429584794121708,1.1427783588895835,1.1429480754841284,,1.126592966381561,1.124110286782789,,,,,
SMCI,Experiment 1 — Univariate Close,2012-10-03,5,1.1430000066757202,0.9020000100135804,1.1430000066757202,1.1440599146484312,1.1443469626376592,1.1427923854450326,,1.142740374311165,,1.1214351777664966,1.136449606382529,,,,,
SMCI,Experiment 1 — Univariate Close,2012-10-03,10,1.1430000066757202,0.9210000038146972,1.1430000066757202,1.1435913153267778,1.1443469626474025,1.1425848019278841,,1.1424808009220815,,1.1517655581771122,1.1478836977494713,,,,,
SMCI,Experiment 1 — Univariate Close,2012-10-03,20,1.1430000066757202,0.7990000247955322,1.1430000066757202,1.1437068708955385,1.1443469626627478,1.1421697480068038,,1.1419618310167483,,1.1185768288735645,1.1577790724246086,,,,,
SMCI,Experiment 1 — Univariate Close,2013-01-30,1,1.225000023841858,1.2380000352859497,1.225000023841858,1.2286223903613875,1.2256106850646529,1.2251432352838856,1.22495572929306,1.2251342285557403,,1.24568851113538,1.2372882775985747,,,,,
SMCI,Experiment 1 — Univariate Close,2013-01-30,5,1.225000023841858,1.2699999809265137,1.225000023841858,1.2278464295093832,1.2256106850653676,1.2257162484961963,,1.225671194455174,,1.2647859545717433,1.2679052863120863,,,,,
SMCI,Experiment 1 — Univariate Close,2013-01-30,10,1.225000023841858,1.25,1.225000023841858,1.2265402856147205,1.2256106850661408,1.226432891907878,,1.2263427327990886,,1.3548996572519068,1.3388094202253047,,,,,
SMCI,Experiment 1 — Univariate Close,2013-01-30,20,1.225000023841858,1.1699999570846558,1.225000023841858,1.2268644517512735,1.2256106850673587,1.227867435982759,,1.2276869134847346,,1.325035865316675,1.362303362187388,,,,,
SMCI,Experiment 1 — Univariate Close,2013-05-23,1,1.024999976158142,1.02400004863739,1.024999976158142,1.0257008275308541,1.0250626091220212,1.024897254750395,1.0247365163068494,1.0248900393540703,,1.035789222857479,1.0365053223119978,,,,,
SMCI,Experiment 1 — Univariate Close,2013-05-23,5,1.024999976158142,1.031000018119812,1.024999976158142,1.025501482627556,1.0250626091220765,1.0244864720523865,,1.0244504100383194,,0.9910961801621765,0.9879172880083014,,,,,
SMCI,Experiment 1 — Univariate Close,2013-05-23,10,1.024999976158142,1.087000012397766,1.024999976158142,1.0253691201158435,1.0250626091221362,1.0239732252017264,,1.023901138575011,,0.9734116987217671,0.9311246943253427,,,,,
SMCI,Experiment 1 — Univariate Close,2013-05-23,20,1.024999976158142,1.0959999561309814,1.024999976158142,1.02539482998965,1.0250626091222306,1.0229475027502384,,1.022803478986087,,0.8563423024605292,0.8628401390017818,,,,,
SMCI,Experiment 1 — Univariate Close,2013-09-16,1,1.3279999494552612,1.3240000009536743,1.3279999494552612,1.3284231626105565,1.3282039122012794,1.3283519559815917,1.3280969670219636,1.328301553268073,,1.3491657299092115,1.3443840092941168,,,,,
SMCI,Experiment 1 — Univariate Close,2013-09-16,5,1.3279999494552612,1.3420000076293943,1.3279999494552612,1.3283028167259034,1.3282039122012839,1.3297609153809464,,1.3295086536512841,,1.3299909984549796,1.3281779569691274,,,,,
SMCI,Experiment 1 — Univariate Close,2013-09-16,10,1.3279999494552612,1.3539999723434448,1.3279999494552612,1.3282228584880507,1.3282039122012885,1.3315242163978283,,1.3310190718446242,,1.2508660825642441,1.3273831289707414,,,,,
SMCI,Experiment 1 — Univariate Close,2013-09-16,20,1.3279999494552612,1.437999963760376,1.3279999494552612,1.3282383936399436,1.3282039122012956,1.3350578360948797,,1.3340450580143706,,1.3814045429765147,1.375033747179646,,,,,
SMCI,Experiment 1 — Univariate Close,2014-01-08,1,1.6740000247955322,1.6579999923706057,1.6740000247955322,1.6770590810113843,1.6740758653250858,1.6752514137235726,1.6749650263169296,1.6751255515116905,,1.6941347339267199,1.6803635749554293,,,,,
SMCI,Experiment 1 — Univariate Close,2014-01-08,5,1.6740000247955322,1.7300000190734863,1.6740000247955322,1.6761798010139803,1.6740758653250862,1.6802663311161308,,1.6796352310310787,,1.7476660781387388,1.7099927705865305,,,,,
SMCI,Experiment 1 — Univariate Close,2014-01-08,10,1.6740000247955322,2.197999954223633,1.6740000247955322,1.6756234596667963,1.6740758653250867,1.6865560941836362,,1.6852894071285411,,1.7565155044201397,1.7286018870395845,,,,,
SMCI,Experiment 1 — Univariate Close,2014-01-08,20,1.6740000247955322,2.075000047683716,1.6740000247955322,1.6757291650191761,1.6740758653250871,1.6992063421118497,,1.696654924558069,,1.7221968098530005,1.7996471980507747,,,,,
SMCI,Experiment 1 — Univariate Close,2014-05-02,1,2.0290000438690186,1.9830000400543213,2.0290000438690186,2.0243102928537744,2.0274708774508152,2.0307284568338626,2.0304890042774213,2.030591017209164,,2.0093226827906285,1.9911833127618883,,,,,
SMCI,Experiment 1 — Univariate Close,2014-05-02,5,2.0290000438690186,1.8459999561309812,2.0290000438690186,2.0254706049826883,2.0274708774508152,2.037656844805791,,2.0369673954472556,,2.006729076610851,1.9465096335394938,,,,,
SMCI,Experiment 1 — Univariate Close,2014-05-02,10,2.0290000438690186,1.9759999513626096,2.0290000438690186,2.026770839252821,2.0274708774508152,2.046350580292015,,2.044966032727709,,2.0507224787169083,2.0420960077594597,,,,,
SMCI,Experiment 1 — Univariate Close,2014-05-02,20,2.0290000438690186,2.117000102996826,2.0290000438690186,2.0264681561590256,2.0274708774508152,2.063849485915434,,2.0610576562806946,,2.1469771917936242,2.1820129136756217,,,,,
SMCI,Experiment 1 — Univariate Close,2014-08-25,1,2.4570000171661377,2.470000028610229,2.4570000171661377,2.454630158230941,2.456979231690281,2.4589032906615147,2.4586610902123573,2.4587658711963276,,2.4629011663247544,2.45769001574084,,,,,
SMCI,Experiment 1 — Univariate Close,2014-08-25,5,2.4570000171661377,2.700000047683716,2.4570000171661377,2.4552125701332455,2.456979231690281,2.4665311394542955,,2.465841987692869,,2.5591036608051176,2.5807890758089007,,,,,
SMCI,Experiment 1 — Univariate Close,2014-08-25,10,2.4570000171661377,2.561000108718872,2.4570000171661377,2.4558799642375084,2.456979231690281,2.4760992345920414,,2.474715777691415,,2.8198617871870546,2.7448851688238305,,,,,
SMCI,Experiment 1 — Univariate Close,2014-08-25,20,2.4570000171661377,2.7799999713897705,2.4570000171661377,2.455723785420164,2.456979231690281,2.49534691766863,,2.492559274549129,,2.789815327943046,2.7185440875161095,,,,,
SMCI,Experiment 1 — Univariate Close,2014-12-16,1,3.128999948501587,3.263999938964844,3.128999948501587,3.1300506588511294,3.1291160011252575,3.131608449101309,3.1312890886112736,3.131426353213561,,3.1522307637156572,3.1799776748136126,,,,,
SMCI,Experiment 1 — Univariate Close,2014-12-16,5,3.128999948501587,3.5910000801086426,3.128999948501587,3.129716484893339,3.1291160011252575,3.1420642154831366,,3.1411508023815253,,3.252935785034479,3.3261215478471247,,,,,
SMCI,Experiment 1 — Univariate Close,2014-12-16,10,3.128999948501587,3.48799991607666,3.128999948501587,3.129688039870617,3.1291160011252575,3.1551830286694083,,3.153348841704877,,3.500603493832969,3.698274905849409,,,,,
SMCI,Experiment 1 — Univariate Close,2014-12-16,20,3.128999948501587,3.315000057220459,3.128999948501587,3.1296891241332823,3.1291160011252575,3.1815852055768774,,3.177887210334815,,3.668319238071419,3.7898427314176364,,,,,
SMCI,Experiment 1 — Univariate Close,2015-04-13,1,3.532000064849853,3.5450000762939453,3.532000064849853,3.533246887694639,3.5310062040198122,3.5346841475305943,3.5343160328493797,3.5344570461329776,,3.6160807865053584,3.5847117166273756,,,,,
SMCI,Experiment 1 — Univariate Close,2015-04-13,5,3.532000064849853,3.7060000896453857,3.532000064849853,3.532888818684681,3.5310062040198122,3.545440890984502,,3.54430207476987,,3.433568251382052,3.3964518804245802,,,,,
SMCI,Experiment 1 — Univariate Close,2015-04-13,10,3.532000064849853,3.0789999961853027,3.532000064849853,3.5326618021003418,3.5310062040198122,3.558932865421491,,3.5566469327774564,,3.4318614772724048,3.2722799291277123,,,,,
SMCI,Experiment 1 — Univariate Close,2015-04-13,20,3.532000064849853,3.0929999351501465,3.532000064849853,3.5327049738602194,3.5310062040198122,3.5860710385110535,,3.5814657905373037,,3.851502483512149,3.867458386246404,,,,,
SMCI,Experiment 1 — Univariate Close,2015-08-04,1,2.5810000896453857,2.7909998893737797,2.5810000896453857,2.582002025116433,2.5823533241965313,2.5825816739707417,2.5823323854575087,2.582417409563467,,2.459833497059722,2.4550254504439195,,,,,
SMCI,Experiment 1 — Univariate Close,2015-08-04,5,2.5810000896453857,2.614000082015991,2.5810000896453857,2.581714136560341,2.5823533241965313,2.5889177088396726,,2.588094476523997,,2.3936988461527733,2.455317671547269,,,,,
SMCI,Experiment 1 — Univariate Close,2015-08-04,10,2.5810000896453857,2.75,2.5810000896453857,2.5815320583487553,2.5823533241965313,2.596859616562254,,2.595208363721645,,2.2003874358808666,2.291335742573918,,,,,
SMCI,Experiment 1 — Univariate Close,2015-08-04,20,2.5810000896453857,2.476999998092652,2.5810000896453857,2.5815666448559633,2.5823533241965313,2.6128165958562204,,2.609494853623249,,2.387460054507576,2.3136469603070275,,,,,
SMCI,Experiment 1 — Univariate Close,2015-11-24,1,2.3919999599456787,2.4140000343322754,2.3919999599456787,2.3913293951558043,2.3917464584844765,2.3934293205958737,2.3931970531997804,2.3933196760166835,,2.364701344090353,2.4200318453843233,,,,,
SMCI,Experiment 1 — Univariate Close,2015-11-24,5,2.3919999599456787,2.6559998989105225,2.3919999599456787,2.3914224593626145,2.3917464584844765,2.3991553095725857,,2.3986058254667024,,2.4937105108157276,2.467064421652865,,,,,
SMCI,Experiment 1 — Univariate Close,2015-11-24,10,2.3919999599456787,2.3940000534057617,2.3919999599456787,2.3914225224094294,2.3917464584844765,2.4063320634758893,,2.405229934073015,,2.557007693627078,2.584822518390539,,,,,
SMCI,Experiment 1 — Univariate Close,2015-11-24,20,2.3919999599456787,2.476999998092652,2.3919999599456787,2.3914225224025465,2.3917464584844765,2.4207500404153977,,2.418533082204676,,2.247239355216535,2.2800714319718387,,,,,
SMCI,Experiment 1 — Univariate Close,2016-03-21,1,3.299000024795532,3.299000024795532,3.299000024795532,3.29827732230797,3.298787177751612,3.3011497343956244,3.3008093539849415,3.3009815781985146,,3.2722888712728695,3.2765610594156778,,,,,
SMCI,Experiment 1 — Univariate Close,2016-03-21,5,3.299000024795532,3.372999906539917,3.299000024795532,3.298459974561796,3.298787177751612,3.3097625899637197,,3.3089197012165195,,3.242115484953786,3.165317687580014,,,,,
SMCI,Experiment 1 — Univariate Close,2016-03-21,10,3.299000024795532,3.4179999828338623,3.299000024795532,3.2984626050906565,3.298787177751612,3.3205602666227017,,3.3188692048516804,,3.2311746302234257,3.168748798395112,,,,,
SMCI,Experiment 1 — Univariate Close,2016-03-21,20,3.299000024795532,2.7890000343322754,3.299000024795532,3.298462592338995,3.298787177751612,3.3422614129737123,,3.3388580527808616,,2.864042834335709,2.684917351381985,,,,,
SMCI,Experiment 1 — Univariate Close,2016-07-13,1,2.6070001125335693,2.615000009536743,2.6070001125335693,2.607656414749894,2.6067718141761897,2.6086560739093456,2.608478014556991,2.6085984556459874,,2.6596659996220975,2.66486910656588,,,,,
SMCI,Experiment 1 — Univariate Close,2016-07-13,5,2.6070001125335693,1.955999970436096,2.6070001125335693,2.6074827685157302,2.6067718141761897,2.6152904447302823,,2.615001633494021,,2.6233029051955037,2.548067661489026,,,,,
SMCI,Experiment 1 — Univariate Close,2016-07-13,10,2.6070001125335693,2.130000114440918,2.6070001125335693,2.6074794647773305,2.6067718141761897,2.6236071404118295,,2.6230277130792974,,2.6041956573942593,2.5633040980708817,,,,,
SMCI,Experiment 1 — Univariate Close,2016-07-13,20,2.6070001125335693,2.130000114440918,2.6070001125335693,2.6074794872342797,2.6067718141761897,2.6403199578424656,,2.6391538498613754,,2.520256862934243,2.472098530057043,,,,,
SMCI,Experiment 1 — Univariate Close,2016-11-02,1,2.259999990463257,2.234999895095825,2.259999990463257,2.260243883235425,2.2606713986110973,2.2615238289738837,2.2614199279428577,2.2615211951902383,,2.21848647909993,2.199686293725141,,,,,
SMCI,Experiment 1 — Univariate Close,2016-11-02,5,2.259999990463257,2.345000028610229,2.259999990463257,2.260179452049829,2.2606713986110973,2.2676294646537514,,2.2676162602129906,,2.0133021664598783,1.90153728595851,,,,,
SMCI,Experiment 1 — Univariate Close,2016-11-02,10,2.259999990463257,2.549999952316284,2.259999990463257,2.260178237475739,2.2606713986110973,2.2752846949843653,,2.275258197026948,,2.047285500470366,2.071910857602571,,,,,
SMCI,Experiment 1 — Univariate Close,2016-11-02,20,2.259999990463257,2.619999885559082,2.259999990463257,2.260178245639873,2.2606713986110973,2.290672772157369,,2.2906194181342334,,1.9755825120291561,2.0858286818543865,,,,,
SMCI,Experiment 1 — Univariate Close,2017-02-28,1,2.5999999046325684,2.6600000858306885,2.5999999046325684,2.600005597715867,2.600716178981166,2.602071309902441,2.6019174381326353,2.602081751873988,,2.5553185993430727,2.5345921100311677,,,,,
SMCI,Experiment 1 — Univariate Close,2017-02-28,5,2.5999999046325684,2.5199999809265137,2.5999999046325684,2.6000041446766566,2.600716178981166,2.610373446903869,,2.6104258237621085,,2.4773922495812695,2.467680127097164,,,,,
SMCI,Experiment 1 — Univariate Close,2017-02-28,10,2.5999999046325684,2.505000114440918,2.5999999046325684,2.6000041224968062,2.600716178981166,2.6207883777840935,,2.620893550504604,,2.6117923130612453,2.758176996301986,,,,,
SMCI,Experiment 1 — Univariate Close,2017-02-28,20,2.5999999046325684,2.494999885559082,2.5999999046325684,2.6000041226122232,2.600716178981166,2.6417430665632433,,2.641955098089654,,2.9257505774222636,2.9627409392794997,,,,,
SMCI,Experiment 1 — Univariate Close,2017-06-21,1,2.4049999713897705,2.424999952316284,2.4049999713897705,2.407195244050134,2.4068743031588267,2.4066243739382744,2.406476795495196,2.406618444529634,,2.381918501914319,2.3931904367102472,,,,,
SMCI,Experiment 1 — Univariate Close,2017-06-21,5,2.4049999713897705,2.430000066757202,2.4049999713897705,2.4066839093417913,2.4068743031588267,2.4131329632030267,,2.413103236127435,,2.407817963510989,2.4381683212414544,,,,,
SMCI,Experiment 1 — Univariate Close,2017-06-21,10,2.4049999713897705,2.3949999809265137,2.4049999713897705,2.4066793099765187,2.4068743031588267,2.4212934583662293,,2.421233803526301,,2.45815752104949,2.4115620913252513,,,,,
SMCI,Experiment 1 — Univariate Close,2017-06-21,20,2.4049999713897705,2.7100000381469727,2.4049999713897705,2.406679322500152,2.4068743031588267,2.437697331089469,,2.4375772145854806,,2.4813107009467235,2.4703920449346564,,,,,
SMCI,Experiment 1 — Univariate Close,2017-10-12,1,2.25,2.259999990463257,2.25,2.2497651209669103,2.2498692243485805,2.25150849099454,2.251339136899325,2.2515075344549227,,2.251232626440469,2.264220865396745,,,,,
SMCI,Experiment 1 — Univariate Close,2017-10-12,5,2.25,2.180000066757202,2.25,2.249817107924096,2.2498692243485805,2.257552575289186,,2.257547779756215,,2.3425381388515234,2.3040345998030345,,,,,
SMCI,Experiment 1 — Univariate Close,2017-10-12,10,2.25,2.1700000762939453,2.25,2.2498174625140632,2.2498692243485805,2.2651305023088164,,2.2651208790587614,,2.3078699251636863,2.3561550074934954,,,,,
SMCI,Experiment 1 — Univariate Close,2017-10-12,20,2.25,1.955000042915344,2.25,2.2498174618278917,2.2498692243485805,2.2803627522176844,,2.280343376332416,,2.537021778523922,2.4838297974918557,,,,,
SMCI,Experiment 1 — Univariate Close,2018-02-06,1,1.955000042915344,1.9800000190734863,1.955000042915344,1.9536874041756165,1.9545501890514734,1.9562921676042018,1.9561373890082372,1.956294039588071,,1.9966155312498013,1.9491064445368556,,,,,
SMCI,Experiment 1 — Univariate Close,2018-02-06,5,1.955000042915344,1.840000033378601,1.955000042915344,1.9539991453655032,1.9545501890514734,1.96146921208866,,1.9614785967956392,,1.9598846556817942,1.994706093154636,,,,,
SMCI,Experiment 1 — Univariate Close,2018-02-06,10,1.955000042915344,1.815000057220459,1.955000042915344,1.9540022822559506,1.9545501890514734,1.967959787987743,,1.9679786195554527,,2.00083284302642,2.087356805837711,,,,,
SMCI,Experiment 1 — Univariate Close,2018-02-06,20,1.955000042915344,1.9600000381469729,1.955000042915344,1.9540022724530028,1.9545501890514734,1.9810054435402726,,1.9810433565269707,,1.8584972359662844,1.9658948958870432,,,,,
SMCI,Experiment 1 — Univariate Close,2018-05-31,1,2.4100000858306885,2.440000057220459,2.4100000858306885,2.4105388363906566,2.410262975726452,2.4116861342996327,2.411373348474466,2.4116543812243476,,2.41329904616103,2.425358446643672,,,,,
SMCI,Experiment 1 — Univariate Close,2018-05-31,5,2.4100000858306885,2.559999942779541,2.4100000858306885,2.410472404518612,2.410262975726452,2.4184421321125207,,2.418282926169707,,2.4494071541232545,2.584243982595791,,,,,
SMCI,Experiment 1 — Univariate Close,2018-05-31,10,2.4100000858306885,2.619999885559082,2.4100000858306885,2.410472378474315,2.410262975726452,2.426913750237874,,2.426594233496958,,2.398330561089096,2.515742261079118,,,,,
SMCI,Experiment 1 — Univariate Close,2018-05-31,20,2.4100000858306885,2.375,2.4100000858306885,2.4104723784757507,2.410262975726452,2.443946116733645,,2.4433026408009715,,2.710420767411856,2.502944047202354,,,,,
SMCI,Experiment 1 — Univariate Close,2018-09-21,1,2.069999933242798,1.991000056266785,2.069999933242798,2.071213405328228,2.070604706579883,2.0713094468248987,2.0709596222851916,2.0712238008800297,,2.113248175943642,2.114520427800512,,,,,
SMCI,Experiment 1 — Univariate Close,2018-09-21,5,2.069999933242798,2.061000108718872,2.069999933242798,2.0710960485980388,2.070604706579883,2.0765557905786416,,2.0761265117086394,,2.3491767376034147,2.3769143528768315,,,,,
SMCI,Experiment 1 — Univariate Close,2018-09-21,10,2.069999933242798,1.2400000095367432,2.069999933242798,2.0710960331842516,2.070604706579883,2.083132410845304,,2.0822712230077705,,2.3952793560328125,2.339238721941125,,,,,
SMCI,Experiment 1 — Univariate Close,2018-09-21,20,2.069999933242798,1.409999966621399,2.069999933242798,2.0710960331844683,2.070604706579883,2.096348203410874,,2.0946152589357148,,2.259291614820439,2.208801697852271,,,,,
SMCI,Experiment 1 — Univariate Close,2019-01-17,1,1.4800000190734863,1.5,1.4800000190734863,1.4802810058306957,1.4802471563028399,1.4808787101308596,1.480668441102418,1.4808582151121135,,1.4853599252683758,1.510143262906563,,,,,
SMCI,Experiment 1 — Univariate Close,2019-01-17,5,1.4800000190734863,1.4950000047683716,1.4800000190734863,1.4802225870801973,1.4802471563028399,1.4843986943367224,,1.4842959785073242,,1.4312479082917573,1.379484234343797,,,,,
SMCI,Experiment 1 — Univariate Close,2019-01-17,10,1.4800000190734863,1.5260000228881836,1.4800000190734863,1.4802223012495015,1.4802471563028399,1.488810442805244,,1.4886044077163105,,1.1119621336712981,1.3086009100656226,,,,,
SMCI,Experiment 1 — Univariate Close,2019-01-17,20,1.4800000190734863,1.9759999513626096,1.4800000190734863,1.4802223016160776,1.4802471563028399,1.4976733148919565,,1.497258820347623,,1.05799222879142,1.0637692920133157,,,,,
SMCI,Experiment 1 — Univariate Close,2019-05-13,1,1.965000033378601,1.991000056266785,1.965000033378601,1.9652124886773685,1.9657102806233109,1.9664146950919945,1.966096468767681,1.9663639677326272,,1.9686530083799756,1.9335033948724196,,,,,
SMCI,Experiment 1 — Univariate Close,2019-05-13,5,1.965000033378601,1.995000004768372,1.965000033378601,1.9651561947015823,1.9657102806233109,1.9720835338489768,,1.9718291789839022,,1.9977373753647343,1.995714639604611,,,,,
SMCI,Experiment 1 — Univariate Close,2019-05-13,10,1.965000033378601,1.968000054359436,1.965000033378601,1.965155113441118,1.9657102806233109,1.979192569168239,,1.9786820585479346,,1.9455652454034662,1.9593570613303288,,,,,
SMCI,Experiment 1 — Univariate Close,2019-05-13,20,1.965000033378601,1.837000012397766,1.965000033378601,1.965155120875631,1.9657102806233109,1.9934876128808892,,1.99245934977811,,2.025345328217977,2.061754143304112,,,,,
SMCI,Experiment 1 — Univariate Close,2019-09-04,1,1.8550000190734863,1.8849999904632568,1.8550000190734863,1.8546801532047488,1.8548217573575878,1.8561012118542053,1.855835970225837,1.8560443398988478,,1.8787958088123387,1.895201091103821,,,,,
SMCI,Experiment 1 — Univariate Close,2019-09-04,5,1.8550000190734863,1.909999966621399,1.8550000190734863,1.8547579185636325,1.8548217573575878,1.8605125239237035,,1.8602275057886117,,1.8845674985241496,2.0102212529382526,,,,,
SMCI,Experiment 1 — Univariate Close,2019-09-04,10,1.8550000190734863,1.968000054359436,1.8550000190734863,1.8547588114600173,1.8548217573575878,1.8660414102884277,,1.8654697238336972,,1.964745596211067,2.017931732389176,,,,,
SMCI,Experiment 1 — Univariate Close,2019-09-04,20,1.8550000190734863,1.924999952316284,1.8550000190734863,1.8547588081788378,1.8548217573575878,1.8771485224298965,,1.8759985200853577,,2.1110477310669395,2.0931173673377557,,,,,
SMCI,Experiment 1 — Univariate Close,2019-12-26,1,2.380000114440918,2.4100000858306885,2.380000114440918,2.3801556097710996,2.3801475492419795,2.381669159383762,2.381300029763936,2.3815802779146913,,2.3615462343648277,2.35378293240214,,,,,
SMCI,Experiment 1 — Univariate Close,2019-12-26,5,2.380000114440918,2.344000101089477,2.380000114440918,2.380117353354458,2.3801475492419795,2.388357052033852,,2.3879114300233257,,2.336048098775322,2.293070578638521,,,,,
SMCI,Experiment 1 — Univariate Close,2019-12-26,10,2.380000114440918,2.608999967575073,2.380000114440918,2.3801168831498205,2.3801475492419795,2.396743333493413,,2.3958490434675968,,2.3125517873816435,2.4357686911872243,,,,,
SMCI,Experiment 1 — Univariate Close,2019-12-26,20,2.380000114440918,2.871000051498413,2.380000114440918,2.380116885028038,2.3801475492419795,2.4136043405168164,,2.4118035138973064,,2.4707528885133456,2.3947005143333415,,,,,
SMCI,Experiment 1 — Univariate Close,2020-04-21,1,2.0980000495910645,2.1459999084472656,2.0980000495910645,2.1007721716689223,2.0997976001047394,2.0994075267530814,2.0990432971919812,2.0992448416431446,,2.10240867978371,2.1238972918399983,,,,,
SMCI,Experiment 1 — Univariate Close,2020-04-21,5,2.0980000495910645,2.2769999504089355,2.0980000495910645,2.1006646638128115,2.0997976001047394,2.1050468840252714,,2.1042313998745694,,2.276736516856026,2.1201234616990954,,,,,
SMCI,Experiment 1 — Univariate Close,2020-04-21,10,2.0980000495910645,2.246999979019165,2.0980000495910645,2.100664663528685,2.0997976001047394,2.1121173876083676,,2.110481258130161,,2.3598415312819476,2.260516381260657,,,,,
SMCI,Experiment 1 — Univariate Close,2020-04-21,20,2.0980000495910645,2.4790000915527344,2.0980000495910645,2.100664663528685,2.0997976001047394,2.1263297204912486,,2.1230367186058228,,2.3550298675703907,2.3194391425281946,,,,,
SMCI,Experiment 1 — Univariate Close,2020-08-12,1,2.6010000705718994,2.5989999771118164,2.6010000705718994,2.6169449060709136,2.612399705828873,2.60295573355418,2.6024846972816196,2.6027935921727647,,2.6722694395243374,2.6111157301296646,,,,,
SMCI,Experiment 1 — Univariate Close,2020-08-12,5,2.6010000705718994,2.5910000801086426,2.6010000705718994,2.6163550890069254,2.612399705828873,2.6107931009556813,,2.6099800543490126,,2.5162248305177393,2.4121337349223326,,,,,
SMCI,Experiment 1 — Univariate Close,2020-08-12,10,2.6010000705718994,2.5989999771118164,2.6010000705718994,2.6163550877385866,2.612399705828873,2.6206230030970548,,2.6189910416272597,,2.38992381095386,2.5932287119284694,,,,,
SMCI,Experiment 1 — Univariate Close,2020-08-12,20,2.6010000705718994,2.5439999103546143,2.6010000705718994,2.6163550877385866,2.612399705828873,2.640393978478972,,2.637106455216542,,2.5566396529708335,2.456005394630405,,,,,
SMCI,Experiment 1 — Univariate Close,2020-12-03,1,2.9670000076293945,3.062999963760376,2.9670000076293945,2.965061205648392,2.9657800054460255,2.969309816026423,2.9687454392080523,2.9691205869930135,,2.962933613351218,3.0009797385444767,,,,,
SMCI,Experiment 1 — Univariate Close,2020-12-03,5,2.9670000076293945,3.0429999828338623,2.9670000076293945,2.965130960181296,2.9657800054460255,2.978567045468585,,2.977618071525265,,3.030679068729114,3.054273234808738,,,,,
SMCI,Experiment 1 — Univariate Close,2020-12-03,10,2.9670000076293945,2.994999885559082,2.9670000076293945,2.9651309603168015,2.9657800054460255,2.9901791781389284,,2.988274134504589,,2.782473965442289,2.799558158995376,,,,,
SMCI,Experiment 1 — Univariate Close,2020-12-03,20,2.9670000076293945,3.1050000190734863,2.9670000076293945,2.9651309603168015,2.9657800054460255,3.0135394318787037,,3.0097008021526652,,2.979896222824796,2.8872038822951445,,,,,
SMCI,Experiment 1 — Univariate Close,2021-03-30,1,3.7939999103546143,3.9059998989105225,3.7939999103546143,3.7922780573491557,3.7929191756352427,3.7972587911034332,3.7965382707077855,3.7970358150652546,,3.762860620828366,3.798367246721754,,,,,
SMCI,Experiment 1 — Univariate Close,2021-03-30,5,3.7939999103546143,3.934000015258789,3.7939999103546143,3.792338261904232,3.7929191756352427,3.810322330520119,,3.8092037462316606,,3.7510975803699877,3.718676151200867,,,,,
SMCI,Experiment 1 — Univariate Close,2021-03-30,10,3.7939999103546143,3.927999973297119,3.7939999103546143,3.7923382620080783,3.7929191756352427,3.8267149724585168,,3.824468509001389,,3.688065220106044,3.6720191632213437,,,,,
SMCI,Experiment 1 — Univariate Close,2021-03-30,20,3.7939999103546143,3.813999891281128,3.7939999103546143,3.7923382620080783,3.7929191756352427,3.8597121313767966,,3.8551817928156473,,3.6727600990942912,3.7702666293246967,,,,,
SMCI,Experiment 1 — Univariate Close,2021-07-22,1,3.441999912261963,3.509999990463257,3.441999912261963,3.4445371352456786,3.4436303965415687,3.4446350230061236,3.443944101502736,3.4444084396746604,,3.4270762086133137,3.4529729882593756,,,,,
SMCI,Experiment 1 — Univariate Close,2021-07-22,5,3.441999912261963,3.734999895095825,3.441999912261963,3.444453595471261,3.4436303965415687,3.4551956551950127,,3.4540594147092327,,3.3669348025494648,3.3285745123650115,,,,,
SMCI,Experiment 1 — Univariate Close,2021-07-22,10,3.441999912261963,3.859999895095825,3.441999912261963,3.4444535953591755,3.4436303965415687,3.4684419872146397,,3.4661611692201237,,3.357020735112849,3.272695760328563,,,,,
SMCI,Experiment 1 — Univariate Close,2021-07-22,20,3.441999912261963,3.4760000705718994,3.441999912261963,3.4444535953591755,3.4436303965415687,3.4950871950393743,,3.4904920270942292,,3.4481076746164634,3.423074281790389,,,,,
SMCI,Experiment 1 — Univariate Close,2021-11-11,1,4.431000232696533,4.36899995803833,4.431000232696533,4.429454361982947,4.430757482008935,4.43446550769143,4.433573477523121,4.4341601276174,,4.4460610633776545,4.427588294973882,,,,,
SMCI,Experiment 1 — Univariate Close,2021-11-11,5,4.431000232696533,4.285999774932861,4.431000232696533,4.4295068039357615,4.430757482008935,4.448353729144322,,4.446822257647327,,4.712356673502526,4.554645851251722,,,,,
SMCI,Experiment 1 — Univariate Close,2021-11-11,10,4.431000232696533,4.043000221252441,4.431000232696533,4.4295068040155545,4.430757482008935,4.465775188540236,,4.462700779203942,,4.662058126141254,4.681588237491996,,,,,
SMCI,Experiment 1 — Univariate Close,2021-11-11,20,4.431000232696533,4.287000179290772,4.431000232696533,4.4295068040155545,4.430757482008935,4.500823061894754,,4.494628119797583,,4.7432904448671955,4.822340779586858,,,,,
SMCI,Experiment 1 — Univariate Close,2022-03-08,1,4.047999858856201,4.159999847412109,4.047999858856201,4.047871915891539,4.047969567942665,4.051087864260744,4.050289092761019,4.0508451588332575,,4.071899999388688,4.035887598274711,,,,,
SMCI,Experiment 1 — Univariate Close,2022-03-08,5,4.047999858856201,4.182000160217285,4.047999858856201,4.047875879752559,4.047969567942665,4.063463460619103,,4.062246372142308,,4.157273562137904,4.213434052485129,,,,,
SMCI,Experiment 1 — Univariate Close,2022-03-08,10,4.047999858856201,4.295000076293945,4.047999858856201,4.047875879756702,4.047969567942665,4.078986134266348,,4.076543024545976,,4.299094751603272,4.2806478429454184,,,,,
SMCI,Experiment 1 — Univariate Close,2022-03-08,20,4.047999858856201,3.640000104904175,4.047999858856201,4.047875879756702,4.047969567942665,4.110209600708429,,4.105287453164604,,4.06017159815161,3.9755841698493013,,,,,
SMCI,Experiment 1 — Univariate Close,2022-06-30,1,4.034999847412109,3.913000106811523,4.034999847412109,4.03739598623412,4.036372529973492,4.037873669307355,4.037133336943539,4.0376663530199695,,4.034227259133807,4.0690659479036775,,,,,
SMCI,Experiment 1 — Univariate Close,2022-06-30,5,4.034999847412109,4.046000003814697,4.034999847412109,4.037337565180318,4.036372529973492,4.049389439507524,,4.048350008543715,,4.009558135071353,3.92869098044573,,,,,
SMCI,Experiment 1 — Univariate Close,2022-06-30,10,4.034999847412109,4.216000080108643,4.034999847412109,4.037337565157558,4.036372529973492,4.063830347679395,,4.061744339888203,,3.84857750424149,3.8966012555858613,,,,,
SMCI,Experiment 1 — Univariate Close,2022-06-30,20,4.034999847412109,5.401000022888184,4.034999847412109,4.037337565157558,4.036372529973492,4.0928668449174594,,4.088666098263888,,4.425741903869465,4.433613372622727,,,,,
SMCI,Experiment 1 — Univariate Close,2022-10-21,1,6.453000068664551,6.301000118255615,6.453000068664551,6.4440720290272555,6.451741846342917,6.458137207941065,6.4569226277099885,6.4578587946738795,,6.420588134839834,6.3988093344039685,,,,,
SMCI,Experiment 1 — Univariate Close,2022-10-21,5,6.453000068664551,6.872000217437744,6.453000068664551,6.444346512466532,6.451741846342917,6.47872669363364,,6.477330309589409,,6.536946417034715,6.237206288501406,,,,,
SMCI,Experiment 1 — Univariate Close,2022-10-21,10,6.453000068664551,7.663000106811523,6.453000068664551,6.444346512745155,6.451741846342917,6.504555884730927,,6.501752284687081,,6.506678199678001,6.343296195584521,,,,,
SMCI,Experiment 1 — Univariate Close,2022-10-21,20,6.453000068664551,8.64900016784668,6.453000068664551,6.444346512745155,6.451741846342917,6.556523602570429,,6.550872822194473,,5.872688949616368,5.737835791291683,,,,,
SMCI,Experiment 1 — Univariate Close,2023-02-15,1,9.300000190734863,9.588000297546388,9.300000190734863,9.29947298853417,9.299911910763464,9.30758622186287,9.305899851409919,9.307273983939183,,10.008542004603108,9.752108939346781,,,,,
SMCI,Experiment 1 — Univariate Close,2023-02-15,5,9.300000190734863,9.427000045776367,9.300000190734863,9.299470596180958,9.299911910763464,9.337992276297662,,9.336426091663533,,10.202411834776832,10.299705581581122,,,,,
SMCI,Experiment 1 — Univariate Close,2023-02-15,10,9.300000190734863,9.836999893188477,9.300000190734863,9.299470596180958,9.299911910763464,9.376139566004095,,9.372994664229973,,11.242171327368851,11.489462248796402,,,,,
SMCI,Experiment 1 — Univariate Close,2023-02-15,20,9.300000190734863,9.722999572753906,9.300000190734863,9.299470596180958,9.299911910763464,9.452902296579513,,9.446562061709118,,12.154537161124125,12.353380749309466,,,,,
SMCI,Experiment 1 — Univariate Close,2023-06-09,1,26.166000366210938,25.864999771118164,26.166000366210938,26.15447107990734,26.6039993202,26.18727926274762,26.184000666272425,26.18716174491155,,26.798902090738608,26.512264199556146,,,,,
SMCI,Experiment 1 — Univariate Close,2023-06-09,5,26.166000366210938,23.07699966430664,26.166000366210938,26.154474186844244,28.33420443273663,26.27256803539722,,26.2719785378015,,31.809915421440564,29.444319963216834,,,,,
SMCI,Experiment 1 — Univariate Close,2023-06-09,10,26.166000366210938,21.649999618530277,26.166000366210938,26.154474186844244,30.448742749577665,26.379569728429594,,26.378385944762258,,33.435644224582575,34.59638482523968,,,,,
SMCI,Experiment 1 — Univariate Close,2023-06-09,20,26.166000366210938,27.09499931335449,26.166000366210938,26.154474186844244,34.52210242091086,26.594882263920443,,26.59249542583384,,30.737444499100093,33.5654229225383,,,,,
SMCI,Experiment 1 — Univariate Close,2023-10-03,1,26.996999740600582,28.040000915527344,26.996999740600582,27.02761598358108,27.03129769359648,27.019194391830244,27.016978208144746,27.019085655585737,,27.292557123734365,26.843961542608206,,,,,
SMCI,Experiment 1 — Univariate Close,2023-10-03,5,26.996999740600582,31.0310001373291,26.996999740600582,27.025629118297744,27.166783047289726,27.108155612480473,,27.10761014556738,,28.130978107803262,27.847033102595645,,,,,
SMCI,Experiment 1 — Univariate Close,2023-10-03,10,26.996999740600582,29.85400009155273,26.996999740600582,27.02562907230938,27.332363977365187,27.219769151063048,,27.218673736510567,,26.926494932932215,25.99600626573037,,,,,
SMCI,Experiment 1 — Univariate Close,2023-10-03,20,26.996999740600582,23.94700050354004,26.996999740600582,27.025629072309464,27.65133227296876,27.44437677357554,,27.442167910993533,,30.88035841073039,29.57320462046426,,,,,
SMCI,Experiment 1 — Univariate Close,2024-01-26,1,47.415000915527344,49.56700134277344,47.415000915527344,47.417142647943784,47.60216662618116,47.4522104289713,47.44925933433911,47.45218697493688,,48.63376325964761,49.032181960984055,,,,,
SMCI,Experiment 1 — Univariate Close,2024-01-26,5,47.415000915527344,57.9630012512207,47.415000915527344,47.416997448004814,48.34151783814989,47.60134071829109,,47.60122307968476,,58.881566594068545,58.277218619335606,,,,,
SMCI,Experiment 1 — Univariate Close,2024-01-26,10,47.415000915527344,74.02899932861328,47.415000915527344,47.4169974439427,49.24510230682522,47.78841283195695,,47.78817663040241,,63.80524878678261,64.91100138097981,,,,,
SMCI,Experiment 1 — Univariate Close,2024-01-26,20,47.415000915527344,87.63400268554688,47.415000915527344,47.4169974439427,50.985730275129754,48.164765515161605,,48.16428939286756,,67.17708966072746,69.43223491501438,,,,,
SMCI,Experiment 1 — Univariate Close,2024-05-20,1,90.3939971923828,89.8949966430664,90.3939971923828,90.3953864996625,90.43166362093214,90.46484640667532,90.46283168736817,90.46468260151882,,90.92891021677343,89.93442058449189,,,,,
SMCI,Experiment 1 — Univariate Close,2024-05-20,5,90.3939971923828,87.47200012207031,90.3939971923828,90.39494492188017,90.82777425629166,90.74879900284866,,90.74797740926947,,91.64422720878626,93.02337551113361,,,,,
SMCI,Experiment 1 — Univariate Close,2024-05-20,10,90.3939971923828,77.16100311279297,90.3939971923828,90.39490760798935,91.31187357498342,91.10499343150398,,91.10334380220586,,94.39143901418576,96.27701717358057,,,,,
SMCI,Experiment 1 — Univariate Close,2024-05-20,20,90.3939971923828,92.0009994506836,90.3939971923828,90.39490901925831,92.24442259808401,91.82158202927448,,91.81825685038211,,110.16729480229036,118.24153443882689,,,,,
SMCI,Experiment 1 — Univariate Close,2024-09-12,1,44.2130012512207,45.71599960327149,44.2130012512207,44.290153611148064,44.09648926476058,44.244691326024906,44.24447546695292,44.2446634558836,,45.44127293726536,45.10873768495896,,,,,
SMCI,Experiment 1 — Univariate Close,2024-09-12,5,44.2130012512207,43.720001220703125,44.2130012512207,44.27261901196442,43.65970558494722,44.371678929628175,,44.37153917914436,,40.33787559844521,39.24717410645402,,,,,
SMCI,Experiment 1 — Univariate Close,2024-09-12,10,44.2130012512207,40.2400016784668,44.2130012512207,44.247340940579114,43.18843936610419,44.53092609223513,,44.53064558859785,,37.1971316971879,38.31950441025929,,,,,
SMCI,Experiment 1 — Univariate Close,2024-09-12,20,44.2130012512207,46.470001220703125,44.2130012512207,44.253512496279306,42.44892705615533,44.85113705275453,,44.850572013193975,,44.588882894209405,39.29409872980861,,,,,
SMCI,Experiment 1 — Univariate Close,2025-01-06,1,36.45000076293945,34.380001068115234,36.45000076293945,36.50864763372853,36.320541647067635,36.47646843242865,36.47542658147638,36.47604374657318,,36.506709902255814,34.28287103693407,,,,,
SMCI,Experiment 1 — Univariate Close,2025-01-06,5,36.45000076293945,30.530000686645508,36.45000076293945,36.50182017451048,36.325941441035,36.58253144135501,,36.580401887348366,,35.437181703035975,37.30293249506747,,,,,
SMCI,Experiment 1 — Univariate Close,2025-01-06,10,36.45000076293945,33.86000061035156,36.45000076293945,36.46509982967249,36.33175387982428,36.71554399577477,,36.71126952623988,,31.78677128180459,35.72742759485227,,,,,
SMCI,Experiment 1 — Univariate Close,2025-01-06,20,36.45000076293945,31.489999771118164,36.45000076293945,36.47268095880538,36.34083997267249,36.98302174732145,,36.974411029327634,,28.529077839460456,32.44214877909291,,,,,
SMCI,Experiment 1 — Univariate Close,2025-05-01,1,32.72999954223633,33.709999084472656,32.72999954223633,32.72787800275661,32.70960377940443,32.753161115742884,32.752725608815574,32.752720985749896,,32.17098280503879,31.854434093240293,,,,,
SMCI,Experiment 1 — Univariate Close,2025-05-01,5,32.72999954223633,32.11000061035156,32.72999954223633,32.72826084120655,32.70960377940443,32.84597143001263,,32.84376460353218,,30.527850733055345,29.306925844470427,,,,,
SMCI,Experiment 1 — Univariate Close,2025-05-01,10,32.72999954223633,43.959999084472656,32.72999954223633,32.72920936543687,32.70960377940443,32.962354239846455,,32.95792509682781,,32.17634260998526,31.986075670381258,,,,,
SMCI,Experiment 1 — Univariate Close,2025-05-01,20,32.72999954223633,40.02000045776367,32.72999954223633,32.728974199187434,32.70960377940443,33.19635845491019,,33.18743788206893,,31.48161033446675,31.86267799753671,,,,,
SMCI,Experiment 1 — Univariate Close,2025-08-25,1,44.06999969482422,44.36000061035156,44.06999969482422,44.10628822871419,44.065085402547275,44.10130636158392,44.10130744287255,44.1009797366519,,44.24545035880566,44.744624115645166,,,,,
SMCI,Experiment 1 — Univariate Close,2025-08-25,5,44.06999969482422,40.77999877929688,44.06999969482422,44.09566804900231,44.065085402547275,44.22675558453181,,44.22511783859468,,43.876540280900386,42.84735818344883,,,,,
SMCI,Experiment 1 — Univariate Close,2025-08-25,10,44.06999969482422,42.91999816894531,44.06999969482422,44.08954346602102,44.065085402547275,44.38406905102923,,44.38078196917459,,40.351118286672545,44.694477660140834,,,,,
SMCI,Experiment 1 — Univariate Close,2025-08-25,20,44.06999969482422,46.9900016784668,44.06999969482422,44.09065590085456,44.065085402547275,44.70037665459504,,44.693755884612315,,38.78422432789773,41.2300963621715,,,,,
SMCI,Experiment 1 — Univariate Close,2025-12-16,1,31.65999984741211,29.84000015258789,31.65999984741211,31.64908204534896,31.655409661083425,31.682229502715415,31.68208687535766,31.681904714745386,,31.504725700918158,32.2157364585485,,,,,
SMCI,Experiment 1 — Univariate Close,2025-12-16,5,31.65999984741211,30.76000022888184,31.65999984741211,31.652187631358778,31.655409661083425,31.771304316179233,,31.76967584399932,,34.65912441804966,36.20264086462145,,,,,
SMCI,Experiment 1 — Univariate Close,2025-12-16,10,31.65999984741211,29.270000457763672,31.65999984741211,31.654246028123513,31.655409661083425,31.883000088952276,,31.879731778182407,,33.753802696358974,34.16823476488358,,,,,
SMCI,Experiment 1 — Univariate Close,2025-12-16,20,31.65999984741211,29.420000076293945,31.65999984741211,31.65384654113719,31.655409661083425,32.10757105405423,,32.100988728587346,,44.77699992116516,42.66285955553589,,,,,
SMCI,Experiment 1 — Univariate Close,2026-04-13,1,25.96999931335449,27.200000762939453,25.96999931335449,25.960290978004995,25.95261885402602,25.986565949019226,25.98701462607381,25.98634320001278,,26.015964067926465,25.126245350292,,,,,
SMCI,Experiment 1 — Univariate Close,2026-04-13,5,25.96999931335449,28.809999465942383,25.96999931335449,25.9603552348714,25.95261885402602,26.05293824006406,,26.051821669557498,,25.931312045916744,25.89067187350046,,,,,
SMCI,Experiment 1 — Univariate Close,2026-04-13,10,25.96999931335449,27.850000381469727,25.96999931335449,25.96035523487153,25.95261885402602,26.136142044160824,,26.133901819297343,,25.72419983318836,24.69270142190819,,,,,
SMCI,Experiment 1 — Univariate Close,2026-04-13,20,25.96999931335449,33.52000045776367,25.96999931335449,25.96035523487153,25.95261885402602,26.303347670913624,,26.298838750814493,,24.340658632979224,24.830610549159374,,,,,
SMCI,Experiment 1 — Univariate Close,2026-08-06,1,29.3799991607666,31.1299991607666,29.3799991607666,29.374793512065075,29.401184052682336,29.398237259610354,29.399230573313094,29.39802901281962,,28.961313596089923,28.472361711829155,,,,,
SMCI,Experiment 1 — Univariate Close,2026-08-06,5,29.3799991607666,39.15999984741211,29.3799991607666,29.375498579568248,29.401184052682336,29.471302941168922,,29.470259134145117,,31.10156907573098,31.461077733048626,,,,,
SMCI,Experiment 1 — Univariate Close,2026-08-06,10,29.3799991607666,36.5,29.3799991607666,29.37846978431366,29.401184052682336,29.562890464952936,,29.5607964003428,,33.61125515802044,33.044109353988475,,,,,
SMCI,Experiment 1 — Univariate Close,2026-08-06,20,29.3799991607666,37.869998931884766,29.3799991607666,29.377803209755246,29.401184052682336,29.74692027254643,,29.742706221361207,,29.763086402425778,32.031831942610566,,,,,
SMCI,Experiment 2 — OHLCV,2011-03-11,1,1.4730000495910645,1.4550000429153442,1.4730000495910645,1.4731989962747123,1.473258345719332,1.4745209737380371,1.4741899733980155,1.4745427986678867,,1.4553697694658085,1.456086465306507,,,,,
SMCI,Experiment 2 — OHLCV,2011-03-11,5,1.4730000495910645,1.4800000190734863,1.4730000495910645,1.4731355356612994,1.4732615001787608,1.4806203906238697,,1.4807299699155345,,1.6025606523785108,1.6251153139815293,,,,,
SMCI,Experiment 2 — OHLCV,2011-03-11,10,1.4730000495910645,1.569000005722046,1.4730000495910645,1.4731163148077169,1.4732649121465078,1.488280154328434,,1.4885004548470722,,1.614099128593356,1.6627377307525604,,,,,
SMCI,Experiment 2 — OHLCV,2011-03-11,20,1.4730000495910645,1.6109999418258667,1.4730000495910645,1.4731186546633337,1.47327028796988,1.5037187665966423,,1.5041639711383898,,1.6702047977082657,1.6677652312933986,,,,,
SMCI,Experiment 2 — OHLCV,2011-07-05,1,1.6100000143051147,1.590999960899353,1.6100000143051147,1.6099771469788289,1.6100000822679272,1.6115936169246439,1.611365381008518,1.6115841435876892,,1.6344626435017051,1.6320304225513702,,,,,
SMCI,Experiment 2 — OHLCV,2011-07-05,5,1.6100000143051147,1.5709999799728394,1.6100000143051147,1.6099754247748284,1.6100003335944353,1.6179838167458354,,1.6179362628044354,,1.628919512564781,1.6415434339105894,,,,,
SMCI,Experiment 2 — OHLCV,2011-07-05,10,1.6100000143051147,1.5230000019073486,1.6100000143051147,1.6099754247333824,1.6100006054985203,1.626007209932423,,1.625911631825298,,1.7345036676412553,1.7347543908903467,,,,,
SMCI,Experiment 2 — OHLCV,2011-07-05,20,1.6100000143051147,1.2690000534057615,1.6100000143051147,1.6099754247333822,1.6100010340615942,1.6421735548203367,,1.6419805037366981,,2.1025259484899053,2.0882838020347387,,,,,
SMCI,Experiment 2 — OHLCV,2011-10-25,1,1.444000005722046,1.593999981880188,1.444000005722046,1.4541566850699947,1.4465045532485592,1.4449479397867482,1.4444881783862547,1.4450190169157042,,1.4201711116829996,1.4530107956705514,,,,,
SMCI,Experiment 2 — OHLCV,2011-10-25,5,1.444000005722046,1.5410000085830688,1.444000005722046,1.4520196669467231,1.4465045721935172,1.4487459029781464,,1.4491022577903412,,1.5313852227365699,1.5423568495591242,,,,,
SMCI,Experiment 2 — OHLCV,2011-10-25,10,1.444000005722046,1.5980000495910645,1.444000005722046,1.448249358354274,1.446504592679699,1.4535073982541056,,1.4542225382354133,,1.5425025380282786,1.5810812806026566,,,,,
SMCI,Experiment 2 — OHLCV,2011-10-25,20,1.444000005722046,1.4199999570846558,1.444000005722046,1.4491874986309403,1.4465046249436448,1.463077388093922,,1.4645174392879583,,1.5379010683740812,1.4095745795012826,,,,,
SMCI,Experiment 2 — OHLCV,2012-02-17,1,1.7710000276565552,1.7480000257492063,1.7710000276565552,1.772914983731146,1.770874256822442,1.7727422360454141,1.772176113575646,1.7727368804333645,,1.7850358808416429,1.7796126759359487,,,,,
SMCI,Experiment 2 — OHLCV,2012-02-17,5,1.7710000276565552,1.753000020980835,1.7710000276565552,1.7725605670065578,1.7708742582757064,1.7797282253175988,,1.7797013418933094,,1.7632745648780466,1.7721593407116487,,,,,
SMCI,Experiment 2 — OHLCV,2012-02-17,10,1.7710000276565552,1.656999945640564,1.7710000276565552,1.7717272778394006,1.7708742598469476,1.7884994390335385,,1.7884454076084744,,1.7560851695406332,1.7768374427920786,,,,,
SMCI,Experiment 2 — OHLCV,2012-02-17,20,1.7710000276565552,1.6979999542236328,1.7710000276565552,1.7719346078345724,1.7708742623208724,1.8061717636763364,,1.8060626346958615,,1.6871020465541675,1.6761776944212414,,,,,
SMCI,Experiment 2 — OHLCV,2012-06-12,1,1.5329999923706057,1.4819999933242798,1.5329999923706057,1.5274209124978335,1.5342875725102085,1.5336884418116998,1.5333918132364006,1.533667810840894,,1.5349892304491906,1.5252163731325075,,,,,
SMCI,Experiment 2 — OHLCV,2012-06-12,5,1.5329999923706057,1.4800000190734863,1.5329999923706057,1.52768393716367,1.5342875726236562,1.5364453326976235,,1.5363419951971697,,1.5322135803189736,1.5075862065399912,,,,,
SMCI,Experiment 2 — OHLCV,2012-06-12,10,1.5329999923706057,1.52400004863739,1.5329999923706057,1.53237118135086,1.5342875727463174,1.5398984162536227,,1.5396912837268963,,1.4126461026697827,1.4724373625629625,,,,,
SMCI,Experiment 2 — OHLCV,2012-06-12,20,1.5329999923706057,1.4869999885559082,1.5329999923706057,1.5318823081461097,1.534287572939458,1.546827882701745,,1.5464117814629899,,1.4664957290807588,1.4619692009694711,,,,,
SMCI,Experiment 2 — OHLCV,2012-10-03,1,1.1430000066757202,1.1039999723434448,1.1430000066757202,1.1443595031251474,1.144346962628649,1.1429584794121708,1.1427783588895835,1.1429480754841284,,1.126592966381561,1.124110286782789,,,,,
SMCI,Experiment 2 — OHLCV,2012-10-03,5,1.1430000066757202,0.9020000100135804,1.1430000066757202,1.1440599146484312,1.1443469626376592,1.1427923854450326,,1.142740374311165,,1.1214351777664966,1.136449606382529,,,,,
SMCI,Experiment 2 — OHLCV,2012-10-03,10,1.1430000066757202,0.9210000038146972,1.1430000066757202,1.1435913153267778,1.1443469626474025,1.1425848019278841,,1.1424808009220815,,1.1517655581771122,1.1478836977494713,,,,,
SMCI,Experiment 2 — OHLCV,2012-10-03,20,1.1430000066757202,0.7990000247955322,1.1430000066757202,1.1437068708955385,1.1443469626627478,1.1421697480068038,,1.1419618310167483,,1.1185768288735645,1.1577790724246086,,,,,
SMCI,Experiment 2 — OHLCV,2013-01-30,1,1.225000023841858,1.2380000352859497,1.225000023841858,1.2286223903613875,1.2256106850646529,1.2251432352838856,1.22495572929306,1.2251342285557403,,1.24568851113538,1.2372882775985747,,,,,
SMCI,Experiment 2 — OHLCV,2013-01-30,5,1.225000023841858,1.2699999809265137,1.225000023841858,1.2278464295093832,1.2256106850653676,1.2257162484961963,,1.225671194455174,,1.2647859545717433,1.2679052863120863,,,,,
SMCI,Experiment 2 — OHLCV,2013-01-30,10,1.225000023841858,1.25,1.225000023841858,1.2265402856147205,1.2256106850661408,1.226432891907878,,1.2263427327990886,,1.3548996572519068,1.3388094202253047,,,,,
SMCI,Experiment 2 — OHLCV,2013-01-30,20,1.225000023841858,1.1699999570846558,1.225000023841858,1.2268644517512735,1.2256106850673587,1.227867435982759,,1.2276869134847346,,1.325035865316675,1.362303362187388,,,,,
SMCI,Experiment 2 — OHLCV,2013-05-23,1,1.024999976158142,1.02400004863739,1.024999976158142,1.0257008275308541,1.0250626091220212,1.024897254750395,1.0247365163068494,1.0248900393540703,,1.035789222857479,1.0365053223119978,,,,,
SMCI,Experiment 2 — OHLCV,2013-05-23,5,1.024999976158142,1.031000018119812,1.024999976158142,1.025501482627556,1.0250626091220765,1.0244864720523865,,1.0244504100383194,,0.9910961801621765,0.9879172880083014,,,,,
SMCI,Experiment 2 — OHLCV,2013-05-23,10,1.024999976158142,1.087000012397766,1.024999976158142,1.0253691201158435,1.0250626091221362,1.0239732252017264,,1.023901138575011,,0.9734116987217671,0.9311246943253427,,,,,
SMCI,Experiment 2 — OHLCV,2013-05-23,20,1.024999976158142,1.0959999561309814,1.024999976158142,1.02539482998965,1.0250626091222306,1.0229475027502384,,1.022803478986087,,0.8563423024605292,0.8628401390017818,,,,,
SMCI,Experiment 2 — OHLCV,2013-09-16,1,1.3279999494552612,1.3240000009536743,1.3279999494552612,1.3284231626105565,1.3282039122012794,1.3283519559815917,1.3280969670219636,1.328301553268073,,1.3491657299092115,1.3443840092941168,,,,,
SMCI,Experiment 2 — OHLCV,2013-09-16,5,1.3279999494552612,1.3420000076293943,1.3279999494552612,1.3283028167259034,1.3282039122012839,1.3297609153809464,,1.3295086536512841,,1.3299909984549796,1.3281779569691274,,,,,
SMCI,Experiment 2 — OHLCV,2013-09-16,10,1.3279999494552612,1.3539999723434448,1.3279999494552612,1.3282228584880507,1.3282039122012885,1.3315242163978283,,1.3310190718446242,,1.2508660825642441,1.3273831289707414,,,,,
SMCI,Experiment 2 — OHLCV,2013-09-16,20,1.3279999494552612,1.437999963760376,1.3279999494552612,1.3282383936399436,1.3282039122012956,1.3350578360948797,,1.3340450580143706,,1.3814045429765147,1.375033747179646,,,,,
SMCI,Experiment 2 — OHLCV,2014-01-08,1,1.6740000247955322,1.6579999923706057,1.6740000247955322,1.6770590810113843,1.6740758653250858,1.6752514137235726,1.6749650263169296,1.6751255515116905,,1.6941347339267199,1.6803635749554293,,,,,
SMCI,Experiment 2 — OHLCV,2014-01-08,5,1.6740000247955322,1.7300000190734863,1.6740000247955322,1.6761798010139803,1.6740758653250862,1.6802663311161308,,1.6796352310310787,,1.7476660781387388,1.7099927705865305,,,,,
SMCI,Experiment 2 — OHLCV,2014-01-08,10,1.6740000247955322,2.197999954223633,1.6740000247955322,1.6756234596667963,1.6740758653250867,1.6865560941836362,,1.6852894071285411,,1.7565155044201397,1.7286018870395845,,,,,
SMCI,Experiment 2 — OHLCV,2014-01-08,20,1.6740000247955322,2.075000047683716,1.6740000247955322,1.6757291650191761,1.6740758653250871,1.6992063421118497,,1.696654924558069,,1.7221968098530005,1.7996471980507747,,,,,
SMCI,Experiment 2 — OHLCV,2014-05-02,1,2.0290000438690186,1.9830000400543213,2.0290000438690186,2.0243102928537744,2.0274708774508152,2.0307284568338626,2.0304890042774213,2.030591017209164,,2.0093226827906285,1.9911833127618883,,,,,
SMCI,Experiment 2 — OHLCV,2014-05-02,5,2.0290000438690186,1.8459999561309812,2.0290000438690186,2.0254706049826883,2.0274708774508152,2.037656844805791,,2.0369673954472556,,2.006729076610851,1.9465096335394938,,,,,
SMCI,Experiment 2 — OHLCV,2014-05-02,10,2.0290000438690186,1.9759999513626096,2.0290000438690186,2.026770839252821,2.0274708774508152,2.046350580292015,,2.044966032727709,,2.0507224787169083,2.0420960077594597,,,,,
SMCI,Experiment 2 — OHLCV,2014-05-02,20,2.0290000438690186,2.117000102996826,2.0290000438690186,2.0264681561590256,2.0274708774508152,2.063849485915434,,2.0610576562806946,,2.1469771917936242,2.1820129136756217,,,,,
SMCI,Experiment 2 — OHLCV,2014-08-25,1,2.4570000171661377,2.470000028610229,2.4570000171661377,2.454630158230941,2.456979231690281,2.4589032906615147,2.4586610902123573,2.4587658711963276,,2.4629011663247544,2.45769001574084,,,,,
SMCI,Experiment 2 — OHLCV,2014-08-25,5,2.4570000171661377,2.700000047683716,2.4570000171661377,2.4552125701332455,2.456979231690281,2.4665311394542955,,2.465841987692869,,2.5591036608051176,2.5807890758089007,,,,,
SMCI,Experiment 2 — OHLCV,2014-08-25,10,2.4570000171661377,2.561000108718872,2.4570000171661377,2.4558799642375084,2.456979231690281,2.4760992345920414,,2.474715777691415,,2.8198617871870546,2.7448851688238305,,,,,
SMCI,Experiment 2 — OHLCV,2014-08-25,20,2.4570000171661377,2.7799999713897705,2.4570000171661377,2.455723785420164,2.456979231690281,2.49534691766863,,2.492559274549129,,2.789815327943046,2.7185440875161095,,,,,
SMCI,Experiment 2 — OHLCV,2014-12-16,1,3.128999948501587,3.263999938964844,3.128999948501587,3.1300506588511294,3.1291160011252575,3.131608449101309,3.1312890886112736,3.131426353213561,,3.1522307637156572,3.1799776748136126,,,,,
SMCI,Experiment 2 — OHLCV,2014-12-16,5,3.128999948501587,3.5910000801086426,3.128999948501587,3.129716484893339,3.1291160011252575,3.1420642154831366,,3.1411508023815253,,3.252935785034479,3.3261215478471247,,,,,
SMCI,Experiment 2 — OHLCV,2014-12-16,10,3.128999948501587,3.48799991607666,3.128999948501587,3.129688039870617,3.1291160011252575,3.1551830286694083,,3.153348841704877,,3.500603493832969,3.698274905849409,,,,,
SMCI,Experiment 2 — OHLCV,2014-12-16,20,3.128999948501587,3.315000057220459,3.128999948501587,3.1296891241332823,3.1291160011252575,3.1815852055768774,,3.177887210334815,,3.668319238071419,3.7898427314176364,,,,,
SMCI,Experiment 2 — OHLCV,2015-04-13,1,3.532000064849853,3.5450000762939453,3.532000064849853,3.533246887694639,3.5310062040198122,3.5346841475305943,3.5343160328493797,3.5344570461329776,,3.6160807865053584,3.5847117166273756,,,,,
SMCI,Experiment 2 — OHLCV,2015-04-13,5,3.532000064849853,3.7060000896453857,3.532000064849853,3.532888818684681,3.5310062040198122,3.545440890984502,,3.54430207476987,,3.433568251382052,3.3964518804245802,,,,,
SMCI,Experiment 2 — OHLCV,2015-04-13,10,3.532000064849853,3.0789999961853027,3.532000064849853,3.5326618021003418,3.5310062040198122,3.558932865421491,,3.5566469327774564,,3.4318614772724048,3.2722799291277123,,,,,
SMCI,Experiment 2 — OHLCV,2015-04-13,20,3.532000064849853,3.0929999351501465,3.532000064849853,3.5327049738602194,3.5310062040198122,3.5860710385110535,,3.5814657905373037,,3.851502483512149,3.867458386246404,,,,,
SMCI,Experiment 2 — OHLCV,2015-08-04,1,2.5810000896453857,2.7909998893737797,2.5810000896453857,2.582002025116433,2.5823533241965313,2.5825816739707417,2.5823323854575087,2.582417409563467,,2.459833497059722,2.4550254504439195,,,,,
SMCI,Experiment 2 — OHLCV,2015-08-04,5,2.5810000896453857,2.614000082015991,2.5810000896453857,2.581714136560341,2.5823533241965313,2.5889177088396726,,2.588094476523997,,2.3936988461527733,2.455317671547269,,,,,
SMCI,Experiment 2 — OHLCV,2015-08-04,10,2.5810000896453857,2.75,2.5810000896453857,2.5815320583487553,2.5823533241965313,2.596859616562254,,2.595208363721645,,2.2003874358808666,2.291335742573918,,,,,
SMCI,Experiment 2 — OHLCV,2015-08-04,20,2.5810000896453857,2.476999998092652,2.5810000896453857,2.5815666448559633,2.5823533241965313,2.6128165958562204,,2.609494853623249,,2.387460054507576,2.3136469603070275,,,,,
SMCI,Experiment 2 — OHLCV,2015-11-24,1,2.3919999599456787,2.4140000343322754,2.3919999599456787,2.3913293951558043,2.3917464584844765,2.3934293205958737,2.3931970531997804,2.3933196760166835,,2.364701344090353,2.4200318453843233,,,,,
SMCI,Experiment 2 — OHLCV,2015-11-24,5,2.3919999599456787,2.6559998989105225,2.3919999599456787,2.3914224593626145,2.3917464584844765,2.3991553095725857,,2.3986058254667024,,2.4937105108157276,2.467064421652865,,,,,
SMCI,Experiment 2 — OHLCV,2015-11-24,10,2.3919999599456787,2.3940000534057617,2.3919999599456787,2.3914225224094294,2.3917464584844765,2.4063320634758893,,2.405229934073015,,2.557007693627078,2.584822518390539,,,,,
SMCI,Experiment 2 — OHLCV,2015-11-24,20,2.3919999599456787,2.476999998092652,2.3919999599456787,2.3914225224025465,2.3917464584844765,2.4207500404153977,,2.418533082204676,,2.247239355216535,2.2800714319718387,,,,,
SMCI,Experiment 2 — OHLCV,2016-03-21,1,3.299000024795532,3.299000024795532,3.299000024795532,3.29827732230797,3.298787177751612,3.3011497343956244,3.3008093539849415,3.3009815781985146,,3.2722888712728695,3.2765610594156778,,,,,
SMCI,Experiment 2 — OHLCV,2016-03-21,5,3.299000024795532,3.372999906539917,3.299000024795532,3.298459974561796,3.298787177751612,3.3097625899637197,,3.3089197012165195,,3.242115484953786,3.165317687580014,,,,,
SMCI,Experiment 2 — OHLCV,2016-03-21,10,3.299000024795532,3.4179999828338623,3.299000024795532,3.2984626050906565,3.298787177751612,3.3205602666227017,,3.3188692048516804,,3.2311746302234257,3.168748798395112,,,,,
SMCI,Experiment 2 — OHLCV,2016-03-21,20,3.299000024795532,2.7890000343322754,3.299000024795532,3.298462592338995,3.298787177751612,3.3422614129737123,,3.3388580527808616,,2.864042834335709,2.684917351381985,,,,,
SMCI,Experiment 2 — OHLCV,2016-07-13,1,2.6070001125335693,2.615000009536743,2.6070001125335693,2.607656414749894,2.6067718141761897,2.6086560739093456,2.608478014556991,2.6085984556459874,,2.6596659996220975,2.66486910656588,,,,,
SMCI,Experiment 2 — OHLCV,2016-07-13,5,2.6070001125335693,1.955999970436096,2.6070001125335693,2.6074827685157302,2.6067718141761897,2.6152904447302823,,2.615001633494021,,2.6233029051955037,2.548067661489026,,,,,
SMCI,Experiment 2 — OHLCV,2016-07-13,10,2.6070001125335693,2.130000114440918,2.6070001125335693,2.6074794647773305,2.6067718141761897,2.6236071404118295,,2.6230277130792974,,2.6041956573942593,2.5633040980708817,,,,,
SMCI,Experiment 2 — OHLCV,2016-07-13,20,2.6070001125335693,2.130000114440918,2.6070001125335693,2.6074794872342797,2.6067718141761897,2.6403199578424656,,2.6391538498613754,,2.520256862934243,2.472098530057043,,,,,
SMCI,Experiment 2 — OHLCV,2016-11-02,1,2.259999990463257,2.234999895095825,2.259999990463257,2.260243883235425,2.2606713986110973,2.2615238289738837,2.2614199279428577,2.2615211951902383,,2.21848647909993,2.199686293725141,,,,,
SMCI,Experiment 2 — OHLCV,2016-11-02,5,2.259999990463257,2.345000028610229,2.259999990463257,2.260179452049829,2.2606713986110973,2.2676294646537514,,2.2676162602129906,,2.0133021664598783,1.90153728595851,,,,,
SMCI,Experiment 2 — OHLCV,2016-11-02,10,2.259999990463257,2.549999952316284,2.259999990463257,2.260178237475739,2.2606713986110973,2.2752846949843653,,2.275258197026948,,2.047285500470366,2.071910857602571,,,,,
SMCI,Experiment 2 — OHLCV,2016-11-02,20,2.259999990463257,2.619999885559082,2.259999990463257,2.260178245639873,2.2606713986110973,2.290672772157369,,2.2906194181342334,,1.9755825120291561,2.0858286818543865,,,,,
SMCI,Experiment 2 — OHLCV,2017-02-28,1,2.5999999046325684,2.6600000858306885,2.5999999046325684,2.600005597715867,2.600716178981166,2.602071309902441,2.6019174381326353,2.602081751873988,,2.5553185993430727,2.5345921100311677,,,,,
SMCI,Experiment 2 — OHLCV,2017-02-28,5,2.5999999046325684,2.5199999809265137,2.5999999046325684,2.6000041446766566,2.600716178981166,2.610373446903869,,2.6104258237621085,,2.4773922495812695,2.467680127097164,,,,,
SMCI,Experiment 2 — OHLCV,2017-02-28,10,2.5999999046325684,2.505000114440918,2.5999999046325684,2.6000041224968062,2.600716178981166,2.6207883777840935,,2.620893550504604,,2.6117923130612453,2.758176996301986,,,,,
SMCI,Experiment 2 — OHLCV,2017-02-28,20,2.5999999046325684,2.494999885559082,2.5999999046325684,2.6000041226122232,2.600716178981166,2.6417430665632433,,2.641955098089654,,2.9257505774222636,2.9627409392794997,,,,,
SMCI,Experiment 2 — OHLCV,2017-06-21,1,2.4049999713897705,2.424999952316284,2.4049999713897705,2.407195244050134,2.4068743031588267,2.4066243739382744,2.406476795495196,2.406618444529634,,2.381918501914319,2.3931904367102472,,,,,
SMCI,Experiment 2 — OHLCV,2017-06-21,5,2.4049999713897705,2.430000066757202,2.4049999713897705,2.4066839093417913,2.4068743031588267,2.4131329632030267,,2.413103236127435,,2.407817963510989,2.4381683212414544,,,,,
SMCI,Experiment 2 — OHLCV,2017-06-21,10,2.4049999713897705,2.3949999809265137,2.4049999713897705,2.4066793099765187,2.4068743031588267,2.4212934583662293,,2.421233803526301,,2.45815752104949,2.4115620913252513,,,,,
SMCI,Experiment 2 — OHLCV,2017-06-21,20,2.4049999713897705,2.7100000381469727,2.4049999713897705,2.406679322500152,2.4068743031588267,2.437697331089469,,2.4375772145854806,,2.4813107009467235,2.4703920449346564,,,,,
SMCI,Experiment 2 — OHLCV,2017-10-12,1,2.25,2.259999990463257,2.25,2.2497651209669103,2.2498692243485805,2.25150849099454,2.251339136899325,2.2515075344549227,,2.251232626440469,2.264220865396745,,,,,
SMCI,Experiment 2 — OHLCV,2017-10-12,5,2.25,2.180000066757202,2.25,2.249817107924096,2.2498692243485805,2.257552575289186,,2.257547779756215,,2.3425381388515234,2.3040345998030345,,,,,
SMCI,Experiment 2 — OHLCV,2017-10-12,10,2.25,2.1700000762939453,2.25,2.2498174625140632,2.2498692243485805,2.2651305023088164,,2.2651208790587614,,2.3078699251636863,2.3561550074934954,,,,,
SMCI,Experiment 2 — OHLCV,2017-10-12,20,2.25,1.955000042915344,2.25,2.2498174618278917,2.2498692243485805,2.2803627522176844,,2.280343376332416,,2.537021778523922,2.4838297974918557,,,,,
SMCI,Experiment 2 — OHLCV,2018-02-06,1,1.955000042915344,1.9800000190734863,1.955000042915344,1.9536874041756165,1.9545501890514734,1.9562921676042018,1.9561373890082372,1.956294039588071,,1.9966155312498013,1.9491064445368556,,,,,
SMCI,Experiment 2 — OHLCV,2018-02-06,5,1.955000042915344,1.840000033378601,1.955000042915344,1.9539991453655032,1.9545501890514734,1.96146921208866,,1.9614785967956392,,1.9598846556817942,1.994706093154636,,,,,
SMCI,Experiment 2 — OHLCV,2018-02-06,10,1.955000042915344,1.815000057220459,1.955000042915344,1.9540022822559506,1.9545501890514734,1.967959787987743,,1.9679786195554527,,2.00083284302642,2.087356805837711,,,,,
SMCI,Experiment 2 — OHLCV,2018-02-06,20,1.955000042915344,1.9600000381469729,1.955000042915344,1.9540022724530028,1.9545501890514734,1.9810054435402726,,1.9810433565269707,,1.8584972359662844,1.9658948958870432,,,,,
SMCI,Experiment 2 — OHLCV,2018-05-31,1,2.4100000858306885,2.440000057220459,2.4100000858306885,2.4105388363906566,2.410262975726452,2.4116861342996327,2.411373348474466,2.4116543812243476,,2.41329904616103,2.425358446643672,,,,,
SMCI,Experiment 2 — OHLCV,2018-05-31,5,2.4100000858306885,2.559999942779541,2.4100000858306885,2.410472404518612,2.410262975726452,2.4184421321125207,,2.418282926169707,,2.4494071541232545,2.584243982595791,,,,,
SMCI,Experiment 2 — OHLCV,2018-05-31,10,2.4100000858306885,2.619999885559082,2.4100000858306885,2.410472378474315,2.410262975726452,2.426913750237874,,2.426594233496958,,2.398330561089096,2.515742261079118,,,,,
SMCI,Experiment 2 — OHLCV,2018-05-31,20,2.4100000858306885,2.375,2.4100000858306885,2.4104723784757507,2.410262975726452,2.443946116733645,,2.4433026408009715,,2.710420767411856,2.502944047202354,,,,,
SMCI,Experiment 2 — OHLCV,2018-09-21,1,2.069999933242798,1.991000056266785,2.069999933242798,2.071213405328228,2.070604706579883,2.0713094468248987,2.0709596222851916,2.0712238008800297,,2.113248175943642,2.114520427800512,,,,,
SMCI,Experiment 2 — OHLCV,2018-09-21,5,2.069999933242798,2.061000108718872,2.069999933242798,2.0710960485980388,2.070604706579883,2.0765557905786416,,2.0761265117086394,,2.3491767376034147,2.3769143528768315,,,,,
SMCI,Experiment 2 — OHLCV,2018-09-21,10,2.069999933242798,1.2400000095367432,2.069999933242798,2.0710960331842516,2.070604706579883,2.083132410845304,,2.0822712230077705,,2.3952793560328125,2.339238721941125,,,,,
SMCI,Experiment 2 — OHLCV,2018-09-21,20,2.069999933242798,1.409999966621399,2.069999933242798,2.0710960331844683,2.070604706579883,2.096348203410874,,2.0946152589357148,,2.259291614820439,2.208801697852271,,,,,
SMCI,Experiment 2 — OHLCV,2019-01-17,1,1.4800000190734863,1.5,1.4800000190734863,1.4802810058306957,1.4802471563028399,1.4808787101308596,1.480668441102418,1.4808582151121135,,1.4853599252683758,1.510143262906563,,,,,
SMCI,Experiment 2 — OHLCV,2019-01-17,5,1.4800000190734863,1.4950000047683716,1.4800000190734863,1.4802225870801973,1.4802471563028399,1.4843986943367224,,1.4842959785073242,,1.4312479082917573,1.379484234343797,,,,,
SMCI,Experiment 2 — OHLCV,2019-01-17,10,1.4800000190734863,1.5260000228881836,1.4800000190734863,1.4802223012495015,1.4802471563028399,1.488810442805244,,1.4886044077163105,,1.1119621336712981,1.3086009100656226,,,,,
SMCI,Experiment 2 — OHLCV,2019-01-17,20,1.4800000190734863,1.9759999513626096,1.4800000190734863,1.4802223016160776,1.4802471563028399,1.4976733148919565,,1.497258820347623,,1.05799222879142,1.0637692920133157,,,,,
SMCI,Experiment 2 — OHLCV,2019-05-13,1,1.965000033378601,1.991000056266785,1.965000033378601,1.9652124886773685,1.9657102806233109,1.9664146950919945,1.966096468767681,1.9663639677326272,,1.9686530083799756,1.9335033948724196,,,,,
SMCI,Experiment 2 — OHLCV,2019-05-13,5,1.965000033378601,1.995000004768372,1.965000033378601,1.9651561947015823,1.9657102806233109,1.9720835338489768,,1.9718291789839022,,1.9977373753647343,1.995714639604611,,,,,
SMCI,Experiment 2 — OHLCV,2019-05-13,10,1.965000033378601,1.968000054359436,1.965000033378601,1.965155113441118,1.9657102806233109,1.979192569168239,,1.9786820585479346,,1.9455652454034662,1.9593570613303288,,,,,
SMCI,Experiment 2 — OHLCV,2019-05-13,20,1.965000033378601,1.837000012397766,1.965000033378601,1.965155120875631,1.9657102806233109,1.9934876128808892,,1.99245934977811,,2.025345328217977,2.061754143304112,,,,,
SMCI,Experiment 2 — OHLCV,2019-09-04,1,1.8550000190734863,1.8849999904632568,1.8550000190734863,1.8546801532047488,1.8548217573575878,1.8561012118542053,1.855835970225837,1.8560443398988478,,1.8787958088123387,1.895201091103821,,,,,
SMCI,Experiment 2 — OHLCV,2019-09-04,5,1.8550000190734863,1.909999966621399,1.8550000190734863,1.8547579185636325,1.8548217573575878,1.8605125239237035,,1.8602275057886117,,1.8845674985241496,2.0102212529382526,,,,,
SMCI,Experiment 2 — OHLCV,2019-09-04,10,1.8550000190734863,1.968000054359436,1.8550000190734863,1.8547588114600173,1.8548217573575878,1.8660414102884277,,1.8654697238336972,,1.964745596211067,2.017931732389176,,,,,
SMCI,Experiment 2 — OHLCV,2019-09-04,20,1.8550000190734863,1.924999952316284,1.8550000190734863,1.8547588081788378,1.8548217573575878,1.8771485224298965,,1.8759985200853577,,2.1110477310669395,2.0931173673377557,,,,,
SMCI,Experiment 2 — OHLCV,2019-12-26,1,2.380000114440918,2.4100000858306885,2.380000114440918,2.3801556097710996,2.3801475492419795,2.381669159383762,2.381300029763936,2.3815802779146913,,2.3615462343648277,2.35378293240214,,,,,
SMCI,Experiment 2 — OHLCV,2019-12-26,5,2.380000114440918,2.344000101089477,2.380000114440918,2.380117353354458,2.3801475492419795,2.388357052033852,,2.3879114300233257,,2.336048098775322,2.293070578638521,,,,,
SMCI,Experiment 2 — OHLCV,2019-12-26,10,2.380000114440918,2.608999967575073,2.380000114440918,2.3801168831498205,2.3801475492419795,2.396743333493413,,2.3958490434675968,,2.3125517873816435,2.4357686911872243,,,,,
SMCI,Experiment 2 — OHLCV,2019-12-26,20,2.380000114440918,2.871000051498413,2.380000114440918,2.380116885028038,2.3801475492419795,2.4136043405168164,,2.4118035138973064,,2.4707528885133456,2.3947005143333415,,,,,
SMCI,Experiment 2 — OHLCV,2020-04-21,1,2.0980000495910645,2.1459999084472656,2.0980000495910645,2.1007721716689223,2.0997976001047394,2.0994075267530814,2.0990432971919812,2.0992448416431446,,2.10240867978371,2.1238972918399983,,,,,
SMCI,Experiment 2 — OHLCV,2020-04-21,5,2.0980000495910645,2.2769999504089355,2.0980000495910645,2.1006646638128115,2.0997976001047394,2.1050468840252714,,2.1042313998745694,,2.276736516856026,2.1201234616990954,,,,,
SMCI,Experiment 2 — OHLCV,2020-04-21,10,2.0980000495910645,2.246999979019165,2.0980000495910645,2.100664663528685,2.0997976001047394,2.1121173876083676,,2.110481258130161,,2.3598415312819476,2.260516381260657,,,,,
SMCI,Experiment 2 — OHLCV,2020-04-21,20,2.0980000495910645,2.4790000915527344,2.0980000495910645,2.100664663528685,2.0997976001047394,2.1263297204912486,,2.1230367186058228,,2.3550298675703907,2.3194391425281946,,,,,
SMCI,Experiment 2 — OHLCV,2020-08-12,1,2.6010000705718994,2.5989999771118164,2.6010000705718994,2.6169449060709136,2.612399705828873,2.60295573355418,2.6024846972816196,2.6027935921727647,,2.6722694395243374,2.6111157301296646,,,,,
SMCI,Experiment 2 — OHLCV,2020-08-12,5,2.6010000705718994,2.5910000801086426,2.6010000705718994,2.6163550890069254,2.612399705828873,2.6107931009556813,,2.6099800543490126,,2.5162248305177393,2.4121337349223326,,,,,
SMCI,Experiment 2 — OHLCV,2020-08-12,10,2.6010000705718994,2.5989999771118164,2.6010000705718994,2.6163550877385866,2.612399705828873,2.6206230030970548,,2.6189910416272597,,2.38992381095386,2.5932287119284694,,,,,
SMCI,Experiment 2 — OHLCV,2020-08-12,20,2.6010000705718994,2.5439999103546143,2.6010000705718994,2.6163550877385866,2.612399705828873,2.640393978478972,,2.637106455216542,,2.5566396529708335,2.456005394630405,,,,,
SMCI,Experiment 2 — OHLCV,2020-12-03,1,2.9670000076293945,3.062999963760376,2.9670000076293945,2.965061205648392,2.9657800054460255,2.969309816026423,2.9687454392080523,2.9691205869930135,,2.962933613351218,3.0009797385444767,,,,,
SMCI,Experiment 2 — OHLCV,2020-12-03,5,2.9670000076293945,3.0429999828338623,2.9670000076293945,2.965130960181296,2.9657800054460255,2.978567045468585,,2.977618071525265,,3.030679068729114,3.054273234808738,,,,,
SMCI,Experiment 2 — OHLCV,2020-12-03,10,2.9670000076293945,2.994999885559082,2.9670000076293945,2.9651309603168015,2.9657800054460255,2.9901791781389284,,2.988274134504589,,2.782473965442289,2.799558158995376,,,,,
SMCI,Experiment 2 — OHLCV,2020-12-03,20,2.9670000076293945,3.1050000190734863,2.9670000076293945,2.9651309603168015,2.9657800054460255,3.0135394318787037,,3.0097008021526652,,2.979896222824796,2.8872038822951445,,,,,
SMCI,Experiment 2 — OHLCV,2021-03-30,1,3.7939999103546143,3.9059998989105225,3.7939999103546143,3.7922780573491557,3.7929191756352427,3.7972587911034332,3.7965382707077855,3.7970358150652546,,3.762860620828366,3.798367246721754,,,,,
SMCI,Experiment 2 — OHLCV,2021-03-30,5,3.7939999103546143,3.934000015258789,3.7939999103546143,3.792338261904232,3.7929191756352427,3.810322330520119,,3.8092037462316606,,3.7510975803699877,3.718676151200867,,,,,
SMCI,Experiment 2 — OHLCV,2021-03-30,10,3.7939999103546143,3.927999973297119,3.7939999103546143,3.7923382620080783,3.7929191756352427,3.8267149724585168,,3.824468509001389,,3.688065220106044,3.6720191632213437,,,,,
SMCI,Experiment 2 — OHLCV,2021-03-30,20,3.7939999103546143,3.813999891281128,3.7939999103546143,3.7923382620080783,3.7929191756352427,3.8597121313767966,,3.8551817928156473,,3.6727600990942912,3.7702666293246967,,,,,
SMCI,Experiment 2 — OHLCV,2021-07-22,1,3.441999912261963,3.509999990463257,3.441999912261963,3.4445371352456786,3.4436303965415687,3.4446350230061236,3.443944101502736,3.4444084396746604,,3.4270762086133137,3.4529729882593756,,,,,
SMCI,Experiment 2 — OHLCV,2021-07-22,5,3.441999912261963,3.734999895095825,3.441999912261963,3.444453595471261,3.4436303965415687,3.4551956551950127,,3.4540594147092327,,3.3669348025494648,3.3285745123650115,,,,,
SMCI,Experiment 2 — OHLCV,2021-07-22,10,3.441999912261963,3.859999895095825,3.441999912261963,3.4444535953591755,3.4436303965415687,3.4684419872146397,,3.4661611692201237,,3.357020735112849,3.272695760328563,,,,,
SMCI,Experiment 2 — OHLCV,2021-07-22,20,3.441999912261963,3.4760000705718994,3.441999912261963,3.4444535953591755,3.4436303965415687,3.4950871950393743,,3.4904920270942292,,3.4481076746164634,3.423074281790389,,,,,
SMCI,Experiment 2 — OHLCV,2021-11-11,1,4.431000232696533,4.36899995803833,4.431000232696533,4.429454361982947,4.430757482008935,4.43446550769143,4.433573477523121,4.4341601276174,,4.4460610633776545,4.427588294973882,,,,,
SMCI,Experiment 2 — OHLCV,2021-11-11,5,4.431000232696533,4.285999774932861,4.431000232696533,4.4295068039357615,4.430757482008935,4.448353729144322,,4.446822257647327,,4.712356673502526,4.554645851251722,,,,,
SMCI,Experiment 2 — OHLCV,2021-11-11,10,4.431000232696533,4.043000221252441,4.431000232696533,4.4295068040155545,4.430757482008935,4.465775188540236,,4.462700779203942,,4.662058126141254,4.681588237491996,,,,,
SMCI,Experiment 2 — OHLCV,2021-11-11,20,4.431000232696533,4.287000179290772,4.431000232696533,4.4295068040155545,4.430757482008935,4.500823061894754,,4.494628119797583,,4.7432904448671955,4.822340779586858,,,,,
SMCI,Experiment 2 — OHLCV,2022-03-08,1,4.047999858856201,4.159999847412109,4.047999858856201,4.047871915891539,4.047969567942665,4.051087864260744,4.050289092761019,4.0508451588332575,,4.071899999388688,4.035887598274711,,,,,
SMCI,Experiment 2 — OHLCV,2022-03-08,5,4.047999858856201,4.182000160217285,4.047999858856201,4.047875879752559,4.047969567942665,4.063463460619103,,4.062246372142308,,4.157273562137904,4.213434052485129,,,,,
SMCI,Experiment 2 — OHLCV,2022-03-08,10,4.047999858856201,4.295000076293945,4.047999858856201,4.047875879756702,4.047969567942665,4.078986134266348,,4.076543024545976,,4.299094751603272,4.2806478429454184,,,,,
SMCI,Experiment 2 — OHLCV,2022-03-08,20,4.047999858856201,3.640000104904175,4.047999858856201,4.047875879756702,4.047969567942665,4.110209600708429,,4.105287453164604,,4.06017159815161,3.9755841698493013,,,,,
SMCI,Experiment 2 — OHLCV,2022-06-30,1,4.034999847412109,3.913000106811523,4.034999847412109,4.03739598623412,4.036372529973492,4.037873669307355,4.037133336943539,4.0376663530199695,,4.034227259133807,4.0690659479036775,,,,,
SMCI,Experiment 2 — OHLCV,2022-06-30,5,4.034999847412109,4.046000003814697,4.034999847412109,4.037337565180318,4.036372529973492,4.049389439507524,,4.048350008543715,,4.009558135071353,3.92869098044573,,,,,
SMCI,Experiment 2 — OHLCV,2022-06-30,10,4.034999847412109,4.216000080108643,4.034999847412109,4.037337565157558,4.036372529973492,4.063830347679395,,4.061744339888203,,3.84857750424149,3.8966012555858613,,,,,
SMCI,Experiment 2 — OHLCV,2022-06-30,20,4.034999847412109,5.401000022888184,4.034999847412109,4.037337565157558,4.036372529973492,4.0928668449174594,,4.088666098263888,,4.425741903869465,4.433613372622727,,,,,
SMCI,Experiment 2 — OHLCV,2022-10-21,1,6.453000068664551,6.301000118255615,6.453000068664551,6.4440720290272555,6.451741846342917,6.458137207941065,6.4569226277099885,6.4578587946738795,,6.420588134839834,6.3988093344039685,,,,,
SMCI,Experiment 2 — OHLCV,2022-10-21,5,6.453000068664551,6.872000217437744,6.453000068664551,6.444346512466532,6.451741846342917,6.47872669363364,,6.477330309589409,,6.536946417034715,6.237206288501406,,,,,
SMCI,Experiment 2 — OHLCV,2022-10-21,10,6.453000068664551,7.663000106811523,6.453000068664551,6.444346512745155,6.451741846342917,6.504555884730927,,6.501752284687081,,6.506678199678001,6.343296195584521,,,,,
SMCI,Experiment 2 — OHLCV,2022-10-21,20,6.453000068664551,8.64900016784668,6.453000068664551,6.444346512745155,6.451741846342917,6.556523602570429,,6.550872822194473,,5.872688949616368,5.737835791291683,,,,,
SMCI,Experiment 2 — OHLCV,2023-02-15,1,9.300000190734863,9.588000297546388,9.300000190734863,9.29947298853417,9.299911910763464,9.30758622186287,9.305899851409919,9.307273983939183,,10.008542004603108,9.752108939346781,,,,,
SMCI,Experiment 2 — OHLCV,2023-02-15,5,9.300000190734863,9.427000045776367,9.300000190734863,9.299470596180958,9.299911910763464,9.337992276297662,,9.336426091663533,,10.202411834776832,10.299705581581122,,,,,
SMCI,Experiment 2 — OHLCV,2023-02-15,10,9.300000190734863,9.836999893188477,9.300000190734863,9.299470596180958,9.299911910763464,9.376139566004095,,9.372994664229973,,11.242171327368851,11.489462248796402,,,,,
SMCI,Experiment 2 — OHLCV,2023-02-15,20,9.300000190734863,9.722999572753906,9.300000190734863,9.299470596180958,9.299911910763464,9.452902296579513,,9.446562061709118,,12.154537161124125,12.353380749309466,,,,,
SMCI,Experiment 2 — OHLCV,2023-06-09,1,26.166000366210938,25.864999771118164,26.166000366210938,26.15447107990734,26.6039993202,26.18727926274762,26.184000666272425,26.18716174491155,,26.798902090738608,26.512264199556146,,,,,
SMCI,Experiment 2 — OHLCV,2023-06-09,5,26.166000366210938,23.07699966430664,26.166000366210938,26.154474186844244,28.33420443273663,26.27256803539722,,26.2719785378015,,31.809915421440564,29.444319963216834,,,,,
SMCI,Experiment 2 — OHLCV,2023-06-09,10,26.166000366210938,21.649999618530277,26.166000366210938,26.154474186844244,30.448742749577665,26.379569728429594,,26.378385944762258,,33.435644224582575,34.59638482523968,,,,,
SMCI,Experiment 2 — OHLCV,2023-06-09,20,26.166000366210938,27.09499931335449,26.166000366210938,26.154474186844244,34.52210242091086,26.594882263920443,,26.59249542583384,,30.737444499100093,33.5654229225383,,,,,
SMCI,Experiment 2 — OHLCV,2023-10-03,1,26.996999740600582,28.040000915527344,26.996999740600582,27.02761598358108,27.03129769359648,27.019194391830244,27.016978208144746,27.019085655585737,,27.292557123734365,26.843961542608206,,,,,
SMCI,Experiment 2 — OHLCV,2023-10-03,5,26.996999740600582,31.0310001373291,26.996999740600582,27.025629118297744,27.166783047289726,27.108155612480473,,27.10761014556738,,28.130978107803262,27.847033102595645,,,,,
SMCI,Experiment 2 — OHLCV,2023-10-03,10,26.996999740600582,29.85400009155273,26.996999740600582,27.02562907230938,27.332363977365187,27.219769151063048,,27.218673736510567,,26.926494932932215,25.99600626573037,,,,,
SMCI,Experiment 2 — OHLCV,2023-10-03,20,26.996999740600582,23.94700050354004,26.996999740600582,27.025629072309464,27.65133227296876,27.44437677357554,,27.442167910993533,,30.88035841073039,29.57320462046426,,,,,
SMCI,Experiment 2 — OHLCV,2024-01-26,1,47.415000915527344,49.56700134277344,47.415000915527344,47.417142647943784,47.60216662618116,47.4522104289713,47.44925933433911,47.45218697493688,,48.63376325964761,49.032181960984055,,,,,
SMCI,Experiment 2 — OHLCV,2024-01-26,5,47.415000915527344,57.9630012512207,47.415000915527344,47.416997448004814,48.34151783814989,47.60134071829109,,47.60122307968476,,58.881566594068545,58.277218619335606,,,,,
SMCI,Experiment 2 — OHLCV,2024-01-26,10,47.415000915527344,74.02899932861328,47.415000915527344,47.4169974439427,49.24510230682522,47.78841283195695,,47.78817663040241,,63.80524878678261,64.91100138097981,,,,,
SMCI,Experiment 2 — OHLCV,2024-01-26,20,47.415000915527344,87.63400268554688,47.415000915527344,47.4169974439427,50.985730275129754,48.164765515161605,,48.16428939286756,,67.17708966072746,69.43223491501438,,,,,
SMCI,Experiment 2 — OHLCV,2024-05-20,1,90.3939971923828,89.8949966430664,90.3939971923828,90.3953864996625,90.43166362093214,90.46484640667532,90.46283168736817,90.46468260151882,,90.92891021677343,89.93442058449189,,,,,
SMCI,Experiment 2 — OHLCV,2024-05-20,5,90.3939971923828,87.47200012207031,90.3939971923828,90.39494492188017,90.82777425629166,90.74879900284866,,90.74797740926947,,91.64422720878626,93.02337551113361,,,,,
SMCI,Experiment 2 — OHLCV,2024-05-20,10,90.3939971923828,77.16100311279297,90.3939971923828,90.39490760798935,91.31187357498342,91.10499343150398,,91.10334380220586,,94.39143901418576,96.27701717358057,,,,,
SMCI,Experiment 2 — OHLCV,2024-05-20,20,90.3939971923828,92.0009994506836,90.3939971923828,90.39490901925831,92.24442259808401,91.82158202927448,,91.81825685038211,,110.16729480229036,118.24153443882689,,,,,
SMCI,Experiment 2 — OHLCV,2024-09-12,1,44.2130012512207,45.71599960327149,44.2130012512207,44.290153611148064,44.09648926476058,44.244691326024906,44.24447546695292,44.2446634558836,,45.44127293726536,45.10873768495896,,,,,
SMCI,Experiment 2 — OHLCV,2024-09-12,5,44.2130012512207,43.720001220703125,44.2130012512207,44.27261901196442,43.65970558494722,44.371678929628175,,44.37153917914436,,40.33787559844521,39.24717410645402,,,,,
SMCI,Experiment 2 — OHLCV,2024-09-12,10,44.2130012512207,40.2400016784668,44.2130012512207,44.247340940579114,43.18843936610419,44.53092609223513,,44.53064558859785,,37.1971316971879,38.31950441025929,,,,,
SMCI,Experiment 2 — OHLCV,2024-09-12,20,44.2130012512207,46.470001220703125,44.2130012512207,44.253512496279306,42.44892705615533,44.85113705275453,,44.850572013193975,,44.588882894209405,39.29409872980861,,,,,
SMCI,Experiment 2 — OHLCV,2025-01-06,1,36.45000076293945,34.380001068115234,36.45000076293945,36.50864763372853,36.320541647067635,36.47646843242865,36.47542658147638,36.47604374657318,,36.506709902255814,34.28287103693407,,,,,
SMCI,Experiment 2 — OHLCV,2025-01-06,5,36.45000076293945,30.530000686645508,36.45000076293945,36.50182017451048,36.325941441035,36.58253144135501,,36.580401887348366,,35.437181703035975,37.30293249506747,,,,,
SMCI,Experiment 2 — OHLCV,2025-01-06,10,36.45000076293945,33.86000061035156,36.45000076293945,36.46509982967249,36.33175387982428,36.71554399577477,,36.71126952623988,,31.78677128180459,35.72742759485227,,,,,
SMCI,Experiment 2 — OHLCV,2025-01-06,20,36.45000076293945,31.489999771118164,36.45000076293945,36.47268095880538,36.34083997267249,36.98302174732145,,36.974411029327634,,28.529077839460456,32.44214877909291,,,,,
SMCI,Experiment 2 — OHLCV,2025-05-01,1,32.72999954223633,33.709999084472656,32.72999954223633,32.72787800275661,32.70960377940443,32.753161115742884,32.752725608815574,32.752720985749896,,32.17098280503879,31.854434093240293,,,,,
SMCI,Experiment 2 — OHLCV,2025-05-01,5,32.72999954223633,32.11000061035156,32.72999954223633,32.72826084120655,32.70960377940443,32.84597143001263,,32.84376460353218,,30.527850733055345,29.306925844470427,,,,,
SMCI,Experiment 2 — OHLCV,2025-05-01,10,32.72999954223633,43.959999084472656,32.72999954223633,32.72920936543687,32.70960377940443,32.962354239846455,,32.95792509682781,,32.17634260998526,31.986075670381258,,,,,
SMCI,Experiment 2 — OHLCV,2025-05-01,20,32.72999954223633,40.02000045776367,32.72999954223633,32.728974199187434,32.70960377940443,33.19635845491019,,33.18743788206893,,31.48161033446675,31.86267799753671,,,,,
SMCI,Experiment 2 — OHLCV,2025-08-25,1,44.06999969482422,44.36000061035156,44.06999969482422,44.10628822871419,44.065085402547275,44.10130636158392,44.10130744287255,44.1009797366519,,44.24545035880566,44.744624115645166,,,,,
SMCI,Experiment 2 — OHLCV,2025-08-25,5,44.06999969482422,40.77999877929688,44.06999969482422,44.09566804900231,44.065085402547275,44.22675558453181,,44.22511783859468,,43.876540280900386,42.84735818344883,,,,,
SMCI,Experiment 2 — OHLCV,2025-08-25,10,44.06999969482422,42.91999816894531,44.06999969482422,44.08954346602102,44.065085402547275,44.38406905102923,,44.38078196917459,,40.351118286672545,44.694477660140834,,,,,
SMCI,Experiment 2 — OHLCV,2025-08-25,20,44.06999969482422,46.9900016784668,44.06999969482422,44.09065590085456,44.065085402547275,44.70037665459504,,44.693755884612315,,38.78422432789773,41.2300963621715,,,,,
SMCI,Experiment 2 — OHLCV,2025-12-16,1,31.65999984741211,29.84000015258789,31.65999984741211,31.64908204534896,31.655409661083425,31.682229502715415,31.68208687535766,31.681904714745386,,31.504725700918158,32.2157364585485,,,,,
SMCI,Experiment 2 — OHLCV,2025-12-16,5,31.65999984741211,30.76000022888184,31.65999984741211,31.652187631358778,31.655409661083425,31.771304316179233,,31.76967584399932,,34.65912441804966,36.20264086462145,,,,,
SMCI,Experiment 2 — OHLCV,2025-12-16,10,31.65999984741211,29.270000457763672,31.65999984741211,31.654246028123513,31.655409661083425,31.883000088952276,,31.879731778182407,,33.753802696358974,34.16823476488358,,,,,
SMCI,Experiment 2 — OHLCV,2025-12-16,20,31.65999984741211,29.420000076293945,31.65999984741211,31.65384654113719,31.655409661083425,32.10757105405423,,32.100988728587346,,44.77699992116516,42.66285955553589,,,,,
SMCI,Experiment 2 — OHLCV,2026-04-13,1,25.96999931335449,27.200000762939453,25.96999931335449,25.960290978004995,25.95261885402602,25.986565949019226,25.98701462607381,25.98634320001278,,26.015964067926465,25.126245350292,,,,,
SMCI,Experiment 2 — OHLCV,2026-04-13,5,25.96999931335449,28.809999465942383,25.96999931335449,25.9603552348714,25.95261885402602,26.05293824006406,,26.051821669557498,,25.931312045916744,25.89067187350046,,,,,
SMCI,Experiment 2 — OHLCV,2026-04-13,10,25.96999931335449,27.850000381469727,25.96999931335449,25.96035523487153,25.95261885402602,26.136142044160824,,26.133901819297343,,25.72419983318836,24.69270142190819,,,,,
SMCI,Experiment 2 — OHLCV,2026-04-13,20,25.96999931335449,33.52000045776367,25.96999931335449,25.96035523487153,25.95261885402602,26.303347670913624,,26.298838750814493,,24.340658632979224,24.830610549159374,,,,,
SMCI,Experiment 2 — OHLCV,2026-08-06,1,29.3799991607666,31.1299991607666,29.3799991607666,29.374793512065075,29.401184052682336,29.398237259610354,29.399230573313094,29.39802901281962,,28.961313596089923,28.472361711829155,,,,,
SMCI,Experiment 2 — OHLCV,2026-08-06,5,29.3799991607666,39.15999984741211,29.3799991607666,29.375498579568248,29.401184052682336,29.471302941168922,,29.470259134145117,,31.10156907573098,31.461077733048626,,,,,
SMCI,Experiment 2 — OHLCV,2026-08-06,10,29.3799991607666,36.5,29.3799991607666,29.37846978431366,29.401184052682336,29.562890464952936,,29.5607964003428,,33.61125515802044,33.044109353988475,,,,,
SMCI,Experiment 2 — OHLCV,2026-08-06,20,29.3799991607666,37.869998931884766,29.3799991607666,29.377803209755246,29.401184052682336,29.74692027254643,,29.742706221361207,,29.763086402425778,32.031831942610566,,,,,
CVNA,Experiment 1 — Univariate Close,2018-07-06,1,9.434000015258787,8.96399974822998,9.434000015258787,9.47707397987216,9.501817564182597,9.456500978430354,9.431091685322734,9.456498222443471,,9.454731217919385,9.827933176882807,,,,,
CVNA,Experiment 1 — Univariate Close,2018-07-06,5,9.434000015258787,8.819999694824219,9.434000015258787,9.478241718117959,9.769713816728686,9.547042781445288,,9.547028869582224,,9.216151652587262,10.054134231461534,,,,,
CVNA,Experiment 1 — Univariate Close,2018-07-06,10,9.434000015258787,8.838000297546387,9.434000015258787,9.478241718679616,10.097118288511991,9.661440080912097,,9.661411923809098,,9.465438026235528,9.252244739899465,,,,,
CVNA,Experiment 1 — Univariate Close,2018-07-06,20,9.434000015258787,9.015999794006348,9.434000015258787,9.478241718679616,10.727816801258083,9.894363396870759,,9.894305725094922,,8.535205187565706,9.200659464477376,,,,,
CVNA,Experiment 1 — Univariate Close,2018-09-04,1,13.468000411987305,12.43000030517578,13.468000411987305,13.514751323180317,13.573430897100971,13.516246447748276,13.487070082405488,13.516243667144693,,13.61247443011531,13.63224563245435,,,,,
CVNA,Experiment 1 — Univariate Close,2018-09-04,5,13.468000411987305,14.163999557495115,13.468000411987305,13.511408154589004,13.989907630123517,13.71096509719472,,13.710950993892029,,14.899032090153042,15.24917035224447,,,,,
CVNA,Experiment 1 — Univariate Close,2018-09-04,10,13.468000411987305,11.854000091552734,13.468000411987305,13.511408037762477,14.498897000035752,13.958312900641824,,13.958284185199952,,16.128396765789944,16.138659841655002,,,,,
CVNA,Experiment 1 — Univariate Close,2018-09-04,20,13.468000411987305,10.892000198364258,13.468000411987305,13.511408037762788,15.479393194417863,14.466475577087891,,14.466416055451687,,16.42404655516694,16.827936577819923,,,,,
CVNA,Experiment 1 — Univariate Close,2018-10-31,1,7.75,8.878000259399414,7.75,7.773242365322135,7.7098141429834905,7.751611672461972,7.745222026556714,7.749124830926571,,7.862738222815096,7.857318239216937,,,,,
CVNA,Experiment 1 — Univariate Close,2018-10-31,5,7.75,9.234000205993652,7.75,7.7711111270976065,7.573260243181051,7.758061714604501,,7.7456251428063005,,8.146524040959775,8.096795892552548,,,,,
CVNA,Experiment 1 — Univariate Close,2018-10-31,10,7.75,9.050000190734863,7.75,7.771110906956477,7.446410745621225,7.766131815175757,,7.741252755209435,,7.47522372379899,8.140775420742866,,,,,
CVNA,Experiment 1 — Univariate Close,2018-10-31,20,7.75,9.45199966430664,7.75,7.771110906958765,7.290025633447609,7.782297209120655,,7.732515383230669,,8.837579917162657,8.573690585362867,,,,,
CVNA,Experiment 1 — Univariate Close,2019-01-03,1,6.038000106811523,6.156000137329102,6.038000106811523,5.997889819991319,6.017460930286522,6.037250987987314,6.043815936131656,6.035596815991182,,5.926359331119297,6.0029048282179,,,,,
CVNA,Experiment 1 — Univariate Close,2019-01-03,5,6.038000106811523,6.829999923706055,6.038000106811523,6.001913026713114,5.951932133399769,6.034255441987237,,6.025993214664424,,5.880131611687492,5.5268289726130755,,,,,
CVNA,Experiment 1 — Univariate Close,2019-01-03,10,6.038000106811523,7.162000179290772,6.038000106811523,6.0019136573371314,5.897760650083362,6.030513099540294,,6.014010198876463,,5.590201581856562,5.19538414548779,,,,,
CVNA,Experiment 1 — Univariate Close,2019-01-03,20,6.038000106811523,7.056000232696533,6.038000106811523,6.00191365732608,5.84220496855751,6.023035376018135,,5.99011560655461,,5.160438547316261,5.02126433337745,,,,,
CVNA,Experiment 1 — Univariate Close,2019-03-05,1,9.595999717712402,10.119999885559082,9.595999717712402,9.718741031004045,9.64541649184091,9.603360514398723,9.612215417776078,9.601464744154729,,9.669032494128821,9.612814958398456,,,,,
CVNA,Experiment 1 — Univariate Close,2019-03-05,5,9.595999717712402,10.619999885559082,9.595999717712402,9.698339665095185,9.797199189868689,9.632860206882048,,9.623355991575805,,8.554112247926717,8.53687156905694,,,,,
CVNA,Experiment 1 — Univariate Close,2019-03-05,10,9.595999717712402,11.597999572753906,9.595999717712402,9.698307993794812,9.914098178560382,9.669862285849714,,9.65079025269866,,8.2742560006578,8.014535800909258,,,,,
CVNA,Experiment 1 — Univariate Close,2019-03-05,20,9.595999717712402,12.564000129699709,9.595999717712402,9.69830800354138,10.021479649953934,9.744293390786977,,9.705893626660785,,8.840392533059216,7.847165768134704,,,,,
CVNA,Experiment 1 — Univariate Close,2019-05-03,1,14.435999870300291,14.407999992370604,14.435999870300291,14.469438130197448,14.482442386821496,14.461088355718994,14.454719142783386,14.458164489808818,,14.752880432724071,14.498398508617298,,,,,
CVNA,Experiment 1 — Univariate Close,2019-05-03,5,14.435999870300291,13.35200023651123,14.435999870300291,14.463900286621026,14.646455789322053,14.561879071399224,,14.547163799946004,,14.46039042901127,14.237092775547389,,,,,
CVNA,Experiment 1 — Univariate Close,2019-05-03,10,14.435999870300291,13.62600040435791,14.435999870300291,14.46389165242504,14.809981655886373,14.68885591543329,,14.659183743679085,,14.904452769153599,13.682368113376096,,,,,
CVNA,Experiment 1 — Univariate Close,2019-05-03,20,14.435999870300291,11.663999557495115,14.435999870300291,14.46389165509362,15.035769764875477,14.946140900725252,,14.885818090996915,,13.655956633214904,14.10647594582902,,,,,
CVNA,Experiment 1 — Univariate Close,2019-07-02,1,12.9399995803833,12.833999633789062,12.9399995803833,12.894884706036642,12.946056752953256,12.958923978160328,12.967836412973908,12.956615948857957,,12.732679384219196,12.846810507204843,,,,,
CVNA,Experiment 1 — Univariate Close,2019-07-02,5,12.9399995803833,13.529999732971191,12.9399995803833,12.907775037748333,12.966936494030014,13.034898738499885,,13.023295069190251,,12.183624712467513,12.684861265531806,,,,,
CVNA,Experiment 1 — Univariate Close,2019-07-02,10,12.9399995803833,12.184000015258787,12.9399995803833,12.908189447339655,12.986850475721079,13.13049386651626,,13.107126735638667,,11.327709753195371,12.44785924941915,,,,,
CVNA,Experiment 1 — Univariate Close,2019-07-02,20,12.9399995803833,12.711999893188477,12.9399995803833,12.908184180063953,13.012456284588776,13.32379248605154,,13.27641242929662,,12.290681352809742,12.835756937356967,,,,,
CVNA,Experiment 1 — Univariate Close,2019-08-30,1,16.23200035095215,15.923999786376951,16.23200035095215,16.213911189509616,16.233685420924907,16.251557246845028,16.26212300425158,16.26106231261592,,16.465666593820462,16.662614407025046,,,,,
CVNA,Experiment 1 — Univariate Close,2019-08-30,5,16.23200035095215,16.600000381469727,16.23200035095215,16.21855892860397,16.24034185212852,16.330020742973563,,16.37783142043969,,16.346445917808353,16.244374786993127,,,,,
CVNA,Experiment 1 — Univariate Close,2019-08-30,10,16.23200035095215,16.305999755859375,16.23200035095215,16.218632978992485,16.24847688694692,16.428633052013478,,16.52497266121654,,16.634439443095378,15.276917570419194,,,,,
CVNA,Experiment 1 — Univariate Close,2019-08-30,20,16.23200035095215,13.199999809265137,16.23200035095215,16.218632573120424,16.264147883537643,16.627647740401734,,16.82323284560155,,13.483132647089661,12.641440890726903,,,,,
CVNA,Experiment 1 — Univariate Close,2019-10-29,1,16.937999725341797,16.496000289916992,16.937999725341797,16.94736023413031,16.939378342196697,16.958707633797975,16.953122019400205,16.968286092930015,,17.624043233743976,17.655418191231856,,,,,
CVNA,Experiment 1 — Univariate Close,2019-10-29,5,16.937999725341797,16.304000854492188,16.937999725341797,16.945134910543736,16.944824245088892,17.041792746227003,,17.089974074605294,,16.545866752333502,16.158412821390332,,,,,
CVNA,Experiment 1 — Univariate Close,2019-10-29,10,16.937999725341797,15.640000343322754,16.937999725341797,16.94511245112072,16.95147985502317,17.146221792106846,,17.24331199708928,,18.0229896015571,18.363468040138255,,,,,
CVNA,Experiment 1 — Univariate Close,2019-10-29,20,16.937999725341797,18.56800079345703,16.937999725341797,16.945112521578924,16.96430094834576,17.35700357252114,,17.554127609537616,,18.70152736174944,18.653553496261193,,,,,
CVNA,Experiment 1 — Univariate Close,2019-12-30,1,18.45599937438965,18.40999984741211,18.45599937438965,18.38159669050036,18.457135541776648,18.48179837735987,18.47607312475667,18.491582721649166,,18.643566197929083,18.926400101821063,,,,,
CVNA,Experiment 1 — Univariate Close,2019-12-30,5,18.45599937438965,18.18199920654297,18.45599937438965,18.403339227708326,18.461623621,18.585355529049217,,18.634603485089293,,19.08232521944082,19.35702039742865,,,,,
CVNA,Experiment 1 — Univariate Close,2019-12-30,10,18.45599937438965,17.20400047302246,18.45599937438965,18.404167657681487,18.467108644375575,18.71561832736481,,18.81493600007156,,19.22928418649613,19.28760691540397,,,,,
CVNA,Experiment 1 — Univariate Close,2019-12-30,20,18.45599937438965,16.350000381469727,18.45599937438965,18.40415481210009,18.4776747678818,18.978889317781917,,19.180853309846622,,19.220042279808865,19.176050989377057,,,,,
CVNA,Experiment 1 — Univariate Close,2020-02-28,1,16.582000732421875,16.472000122070312,16.582000732421875,16.552409215138837,16.582909935431935,16.5997183280643,16.60707737078454,16.60687421365884,,16.84924009794213,16.627317241404754,,,,,
CVNA,Experiment 1 — Univariate Close,2020-02-28,5,16.582000732421875,13.20400047302246,16.582000732421875,16.55907006221025,16.586501445013212,16.670778222617948,,16.706741808122302,,17.96992137992447,18.11886559802433,,,,,
CVNA,Experiment 1 — Univariate Close,2020-02-28,10,16.582000732421875,10.184000015258787,16.582000732421875,16.559120011901225,16.590890742310908,16.76003101388853,,16.832421270946096,,19.674621174917775,19.98994754681781,,,,,
CVNA,Experiment 1 — Univariate Close,2020-02-28,20,16.582000732421875,9.80799961090088,16.582000732421875,16.559119903258235,16.59934610415303,16.939972692033454,,17.08662364780977,,21.153350507114737,20.942465472408557,,,,,
CVNA,Experiment 1 — Univariate Close,2020-04-28,1,16.591999053955078,16.97800064086914,16.591999053955078,16.43646618818624,16.592734158267437,16.6109331245758,16.60613009751326,16.605500560266343,,16.52790425302839,17.592685675528465,,,,,
CVNA,Experiment 1 — Univariate Close,2020-04-28,5,16.591999053955078,17.200000762939453,16.591999053955078,16.43188452873687,16.595637917045735,16.686885721178626,,16.659616541562453,,19.44877008957843,19.268972459621118,,,,,
CVNA,Experiment 1 — Univariate Close,2020-04-28,10,16.591999053955078,18.74399948120117,16.591999053955078,16.431884525607046,16.59918669236439,16.78231502823644,,16.727509591181096,,19.08008077859205,18.805259516934605,,,,,
CVNA,Experiment 1 — Univariate Close,2020-04-28,20,16.591999053955078,19.22800064086914,16.591999053955078,16.431884525607046,16.606022907225334,16.97481399264147,,16.864126873027793,,16.42694573622292,18.701133836539157,,,,,
CVNA,Experiment 1 — Univariate Close,2020-06-26,1,23.48200035095215,24.073999404907227,23.48200035095215,23.469420436126263,23.482622319519148,23.515849251279352,23.51025717364531,23.509326915415,,23.007148764967663,23.6401497926056,,,,,
CVNA,Experiment 1 — Univariate Close,2020-06-26,5,23.48200035095215,26.88800048828125,23.48200035095215,23.46975249444115,23.485079253369026,23.651733482518782,,23.6189515493078,,25.569615436834667,27.647784155963702,,,,,
CVNA,Experiment 1 — Univariate Close,2020-06-26,10,23.48200035095215,25.309999465942383,23.48200035095215,23.469752494620753,23.488081949829617,23.822693482985887,,23.7567014713859,,24.20471820748407,24.504040480134382,,,,,
CVNA,Experiment 1 — Univariate Close,2020-06-26,20,23.48200035095215,30.166000366210938,23.48200035095215,23.469752494620753,23.493866220831197,24.16832962704927,,24.034616147072175,,25.267902140263104,23.317990313532974,,,,,
CVNA,Experiment 1 — Univariate Close,2020-08-25,1,40.58599853515625,41.56399917602539,40.58599853515625,40.62148866630341,40.72713737678307,40.66775539379513,40.6629118494697,40.65576304207759,,40.950403590729366,41.80527087037135,,,,,
CVNA,Experiment 1 — Univariate Close,2020-08-25,5,40.58599853515625,45.4379997253418,40.58599853515625,40.62189210350554,41.355369497340895,40.99643306794883,,40.93602233620398,,42.791277546719584,41.96764504572805,,,,,
CVNA,Experiment 1 — Univariate Close,2020-08-25,10,40.58599853515625,35.97200012207031,40.58599853515625,40.62189210351196,42.12315181468837,41.4110182071522,,41.289064830045334,,46.01411907447073,49.19195247065482,,,,,
CVNA,Experiment 1 — Univariate Close,2020-08-25,20,40.58599853515625,43.73400115966797,40.58599853515625,40.62189210351196,43.602176102372184,42.25280862481778,,42.00431025647854,,48.02842158287149,52.9727873905675,,,,,
CVNA,Experiment 1 — Univariate Close,2020-10-23,1,40.52799987792969,40.2760009765625,40.52799987792969,40.51959755522318,40.52604734149437,40.59848505725191,40.59603354082123,40.589642549006584,,41.78907498781527,41.52655690007112,,,,,
CVNA,Experiment 1 — Univariate Close,2020-10-23,5,40.52799987792969,37.06999969482422,40.52799987792969,40.51963744132073,40.539966262195506,40.881653767168864,,40.83715223913512,,43.36284678547065,46.939190959464206,,,,,
CVNA,Experiment 1 — Univariate Close,2020-10-23,10,40.52799987792969,42.0,40.52799987792969,40.51963744132075,40.55683640792772,41.23839369750928,,41.148662851000026,,48.84243292116207,53.214877311463496,,,,,
CVNA,Experiment 1 — Univariate Close,2020-10-23,20,40.52799987792969,46.86000061035156,40.52799987792969,40.51963744132075,40.588889653074396,41.96123963366055,,41.77883091998678,,54.678078147229826,52.92191952254326,,,,,
CVNA,Experiment 1 — Univariate Close,2020-12-22,1,58.30400085449219,54.0,58.30400085449219,58.50385835764854,58.40871570747541,58.436806435579356,58.43333083823015,58.42531077934761,,59.137462825175206,59.359290936047714,,,,,
CVNA,Experiment 1 — Univariate Close,2020-12-22,5,58.30400085449219,50.06800079345703,58.30400085449219,58.49856739546765,58.8568898944524,58.97106072041061,,58.913079764666314,,50.24396052087354,54.228310775181896,,,,,
CVNA,Experiment 1 — Univariate Close,2020-12-22,10,58.30400085449219,54.03200149536133,58.30400085449219,58.49856739259416,59.40461772401161,59.64575246164116,,59.52852148208149,,46.95994924132128,49.642667620202396,,,,,
CVNA,Experiment 1 — Univariate Close,2020-12-22,20,58.30400085449219,54.69400024414063,58.30400085449219,58.49856739259416,60.45973809427116,61.01838183616291,,60.77875991197279,,30.745948109145502,38.484832267160925,,,,,
CVNA,Experiment 1 — Univariate Close,2021-02-24,1,56.98799896240234,52.73199844360352,56.98799896240234,57.06057364203417,57.00380792471873,57.115089930993655,57.11526893770654,57.104208393076576,,57.757801155390595,58.501261356968236,,,,,
CVNA,Experiment 1 — Univariate Close,2021-02-24,5,56.98799896240234,57.6259994506836,56.98799896240234,57.05822559667773,57.181570179895715,57.62629443429526,,57.57142068562002,,61.966705047170244,63.14779762440715,,,,,
CVNA,Experiment 1 — Univariate Close,2021-02-24,10,56.98799896240234,52.09000015258789,56.98799896240234,57.05822559375073,57.398819046597275,58.27173915018442,,58.160815261250825,,61.74681519873945,58.15375169078694,,,,,
CVNA,Experiment 1 — Univariate Close,2021-02-24,20,56.98799896240234,50.56999969482422,56.98799896240234,57.05822559375073,57.81731833091716,59.58439751196336,,59.35776818703636,,60.40365109532345,57.491589825172824,,,,,
CVNA,Experiment 1 — Univariate Close,2021-04-23,1,55.60200119018555,58.87799835205078,55.60200119018555,55.81075149489282,55.534686264558324,55.726886666638755,55.723414100850604,55.7107393281629,,56.846555010490796,55.040448571427646,,,,,
CVNA,Experiment 1 — Univariate Close,2021-04-23,5,55.60200119018555,57.05199813842773,55.60200119018555,55.80432462482142,55.58868945627196,56.2292398834971,,56.147822581954706,,60.81315269902041,55.00562082202641,,,,,
CVNA,Experiment 1 — Univariate Close,2021-04-23,10,55.60200119018555,49.5620002746582,55.60200119018555,55.80432461832702,55.654688462564785,56.863554372103174,,56.69900207208966,,56.87459841373309,52.724069917956285,,,,,
CVNA,Experiment 1 — Univariate Close,2021-04-23,20,55.60200119018555,49.28400039672852,55.60200119018555,55.80432461832702,55.78182623464494,58.153730920028124,,57.81764625655734,,53.840628853310605,53.274908356549744,,,,,
CVNA,Experiment 1 — Univariate Close,2021-06-23,1,62.94599914550781,60.902000427246094,62.94599914550781,62.93947102753975,62.96472396693309,63.09901036519845,63.0930782732996,63.0791723548809,,61.48888234734815,61.959595000740784,,,,,
CVNA,Experiment 1 — Univariate Close,2021-06-23,5,62.94599914550781,60.36399841308594,62.94599914550781,62.93969812054961,63.038691699174834,63.714783743721654,,63.61468867048803,,65.0414362058051,62.20110853573887,,,,,
CVNA,Experiment 1 — Univariate Close,2021-06-23,10,62.94599914550781,64.50199890136719,62.94599914550781,62.93969812093287,63.12909000103032,64.49295781491985,,64.29048183488756,,55.531662683658055,59.03683527561796,,,,,
CVNA,Experiment 1 — Univariate Close,2021-06-23,20,62.94599914550781,67.0459976196289,62.94599914550781,62.93969812093287,63.30322957287088,66.0779344863869,,65.66368173785644,,57.421352606042774,57.76939171914665,,,,,
CVNA,Experiment 1 — Univariate Close,2021-08-20,1,69.9520034790039,71.51599884033203,69.9520034790039,69.95019417277639,69.98212108432611,70.12555874495604,70.11456429275508,70.1082955358989,,70.2770759274805,71.1447094371777,,,,,
CVNA,Experiment 1 — Univariate Close,2021-08-20,5,69.9520034790039,67.50399780273438,69.9520034790039,69.95026220940788,70.10109313192163,70.82409651947083,,70.73696356962334,,74.78570307357563,75.2755374102807,,,,,
CVNA,Experiment 1 — Univariate Close,2021-08-20,10,69.9520034790039,65.73200225830078,69.9520034790039,69.95026220956643,70.2464926290396,71.70706196149034,,71.53073201902055,,74.4675604376664,73.89699374337813,,,,,
CVNA,Experiment 1 — Univariate Close,2021-08-20,20,69.9520034790039,65.30000305175781,69.9520034790039,69.95026220956643,70.52658424198196,73.50615392584655,,73.14509047210765,,79.61503306954137,78.23734190743647,,,,,
CVNA,Experiment 1 — Univariate Close,2021-10-19,1,58.16999816894531,57.805999755859375,58.16999816894531,58.19751297475548,58.174080126165464,58.28176980122893,58.26040013226823,58.26300676226235,,58.71803344741187,58.458746679209156,,,,,
CVNA,Experiment 1 — Univariate Close,2021-10-19,5,58.16999816894531,58.3120002746582,58.16999816894531,58.19672218845921,58.19020489738014,58.73100811408657,,58.636530638933195,,57.897512464192424,56.541362328624665,,,,,
CVNA,Experiment 1 — Univariate Close,2021-10-19,10,58.16999816894531,60.060001373291016,58.16999816894531,58.19672218785347,58.20991148958512,59.29742861739277,,59.10680477219087,,54.62479617996496,56.7952707825909,,,,,
CVNA,Experiment 1 — Univariate Close,2021-10-19,20,58.16999816894531,60.15800094604492,58.16999816894531,58.19672218785347,58.24787345854441,60.446710526319805,,60.05869830408538,,54.66437819228133,55.98161572766517,,,,,
CVNA,Experiment 1 — Univariate Close,2021-12-17,1,44.71799850463867,41.12200164794922,44.71799850463867,45.08056957638495,44.71780598796044,44.78585122502279,44.766721411938384,44.76900805192843,,45.123382918823864,45.2098470691713,,,,,
CVNA,Experiment 1 — Univariate Close,2021-12-17,5,44.71799850463867,46.43600082397461,44.71799850463867,45.07430048104087,44.71704572831087,45.05829323115612,,44.97362876797839,,47.998236829769496,49.00418015361628,,,,,
CVNA,Experiment 1 — Univariate Close,2021-12-17,10,44.71799850463867,47.92599868774414,44.71799850463867,45.074300480449715,44.71611659098022,45.401177530211875,,45.23072034071745,,50.64828587200935,50.505980367614086,,,,,
CVNA,Experiment 1 — Univariate Close,2021-12-17,20,44.71799850463867,32.417999267578125,44.71799850463867,45.074300480449715,44.71432673902923,46.09479382034501,,45.749320876424626,,50.49139507272656,51.87612697794059,,,,,
CVNA,Experiment 1 — Univariate Close,2022-02-16,1,27.724000930786133,27.04599952697754,27.724000930786133,27.67133747644615,27.668820733797077,27.761102856810123,27.749163698402352,27.750411636581074,,27.45102316218187,28.297402009879004,,,,,
CVNA,Experiment 1 — Univariate Close,2022-02-16,5,27.724000930786133,25.209999084472656,27.724000930786133,27.670004122651285,27.452603503054192,27.91000774612009,,27.856306295771905,,27.405101100116934,27.30120758229733,,,,,
CVNA,Experiment 1 — Univariate Close,2022-02-16,10,27.724000930786133,24.666000366210938,27.724000930786133,27.67000412215366,27.192190518745832,28.09726252474178,,27.989243052656978,,28.124945038268024,27.28180534847878,,,,,
CVNA,Experiment 1 — Univariate Close,2022-02-16,20,27.724000930786133,26.972000122070312,27.724000930786133,27.67000412215366,26.70255758121564,28.475549519535853,,28.257022809099038,,30.016391377969185,26.16862601860914,,,,,
CVNA,Experiment 1 — Univariate Close,2022-04-19,1,20.35400009155273,18.5,20.35400009155273,20.43577874192205,20.295921541619208,20.378561537548975,20.36984124483574,20.37060897629487,,20.196052985523973,20.480972033883596,,,,,
CVNA,Experiment 1 — Univariate Close,2022-04-19,5,20.35400009155273,14.097999572753906,20.35400009155273,20.437852278242563,20.067905649064947,20.477104065679377,,20.43718015456824,,20.471537351848248,21.693366220745744,,,,,
CVNA,Experiment 1 — Univariate Close,2022-04-19,10,20.35400009155273,11.465999603271484,20.35400009155273,20.437852279011764,19.7923191354433,20.600952590674527,,20.520700146976104,,17.892323024942353,18.123353638518036,,,,,
CVNA,Experiment 1 — Univariate Close,2022-04-19,20,20.35400009155273,8.319999694824219,20.35400009155273,20.437852279011764,19.271140247471116,20.850901333116962,,20.68876548236181,,19.204465048313207,21.075224448066347,,,,,
CVNA,Experiment 1 — Univariate Close,2022-06-16,1,4.28000020980835,4.854000091552734,4.28000020980835,4.250189232635622,4.146333308232961,4.284316292527035,4.2821031317690705,4.2826088633530786,,4.384600592093258,4.254201802904061,,,,,
CVNA,Experiment 1 — Univariate Close,2022-06-16,5,4.28000020980835,6.303999900817871,4.28000020980835,4.248616084346857,3.618630633877453,4.301624192009749,,4.293059386929026,,3.905981937193644,3.6098840256530442,,,,,
CVNA,Experiment 1 — Univariate Close,2022-06-16,10,4.28000020980835,4.374000072479248,4.28000020980835,4.24861607427717,2.974401970493663,4.32335742574931,,4.3061584103344455,,3.7341991067598386,4.135711115195741,,,,,
CVNA,Experiment 1 — Univariate Close,2022-06-16,20,4.28000020980835,4.449999809265137,4.28000020980835,4.248616074277168,1.7356019302233112,4.367153858531858,,4.33247648268793,,2.6157156080748223,2.5746743947540875,,,,,
CVNA,Experiment 1 — Univariate Close,2022-08-17,1,9.923999786376951,9.571999549865724,9.923999786376951,9.878888821229303,9.886001615567636,9.934730815647505,9.9298622991128,9.931183243677411,,10.943716972156436,10.526683128308552,,,,,
CVNA,Experiment 1 — Univariate Close,2022-08-17,5,9.923999786376951,7.217999935150146,9.923999786376951,9.87747988588605,9.736962957800065,9.977771095142591,,9.959969107769831,,13.342484149541404,11.922895267208144,,,,,
CVNA,Experiment 1 — Univariate Close,2022-08-17,10,9.923999786376951,6.5980000495910645,9.923999786376951,9.877479884689782,9.557139749434526,10.031833753536265,,9.99606879918582,,14.25496930503209,14.142537843859687,,,,,
CVNA,Experiment 1 — Univariate Close,2022-08-17,20,9.923999786376951,7.403999805450439,9.923999786376951,9.877479884689782,9.218032105012755,10.140839442251766,,10.068661183893024,,17.192111271569726,13.014688916378057,,,,,
CVNA,Experiment 1 — Univariate Close,2022-10-14,1,3.427999973297119,3.6440000534057617,3.427999973297119,3.4110201469485086,3.3761597503710665,3.4311013902936014,3.4294698015071603,3.429932103423483,,3.1634317688391214,3.133362316258438,,,,,
CVNA,Experiment 1 — Univariate Close,2022-10-14,5,3.427999973297119,2.8499999046325684,3.427999973297119,3.410937902215368,3.172204579714363,3.4435351431506254,,3.4376715201703547,,2.8708620362765487,3.056612520676687,,,,,
CVNA,Experiment 1 — Univariate Close,2022-10-14,10,3.427999973297119,2.8980000019073486,3.427999973297119,3.410937902215323,2.9247562713435773,3.4591407160100407,,3.4473703537471065,,2.3249440804813304,2.399953251740659,,,,,
CVNA,Experiment 1 — Univariate Close,2022-10-14,20,3.427999973297119,2.375999927520752,3.427999973297119,3.410937902215323,2.4538202862121166,3.4905643484149884,,3.466850189168417,,1.460090355705205,1.1911768907874074,,,,,
CVNA,Experiment 1 — Univariate Close,2022-12-14,1,1.0520000457763672,1.093999981880188,1.0520000457763672,1.0545085341668998,1.0108894242969528,1.052895487479997,1.0524015910552564,1.05259505723232,,0.9512334460280272,1.0523721607764207,,,,,
CVNA,Experiment 1 — Univariate Close,2022-12-14,5,1.0520000457763672,0.8640000224113464,1.0520000457763672,1.054378457531145,0.8491109360824373,1.0564848826081092,,1.054978470346229,,0.8641765780378421,0.9316575153847831,,,,,
CVNA,Experiment 1 — Univariate Close,2022-12-14,10,1.0520000457763672,0.8899999856948853,1.0520000457763672,1.0543784563729715,0.6527527530831865,1.0609888389840834,,1.0579653274375094,,0.8035120649095973,0.7100895538317313,,,,,
CVNA,Experiment 1 — Univariate Close,2022-12-14,20,1.0520000457763672,1.4040000438690186,1.0520000457763672,1.0543784563729721,0.2787950164676466,1.0700544367543616,,1.0639644347486028,,0.8656207786164316,0.8453942076485406,,,,,
CVNA,Experiment 1 — Univariate Close,2023-02-14,1,2.1440000534057617,2.5380001068115234,2.1440000534057617,2.1413090090815543,2.1238461591060354,2.1458188216589424,2.1448389910325147,2.14526156785893,,2.160917268131368,2.1995254936141677,,,,,
CVNA,Experiment 1 — Univariate Close,2023-02-14,5,2.1440000534057617,2.013999938964844,2.1440000534057617,2.141008035616678,2.0446171573340455,2.1531093364869345,,2.1503150527020636,,2.944494792850918,2.98242674934127,,,,,
CVNA,Experiment 1 — Univariate Close,2023-02-14,10,2.1440000534057617,1.781999945640564,2.1440000534057617,2.1410080047104927,1.9486294050891113,2.1622573224767763,,2.156648652378552,,3.010485746032799,3.3158639620235517,,,,,
CVNA,Experiment 1 — Univariate Close,2023-02-14,20,2.1440000534057617,1.409999966621399,2.1440000534057617,2.141008004710173,1.7663793529653609,2.180670061634371,,2.1693718721778295,,4.506749959672561,4.492582987032233,,,,,
CVNA,Experiment 1 — Univariate Close,2023-04-17,1,1.812000036239624,1.7599999904632568,1.812000036239624,1.8125756536806068,1.7988697394014055,1.8135344183864528,1.812712855719134,1.813018361325205,,1.8307751709587767,1.7935481387022305,,,,,
CVNA,Experiment 1 — Univariate Close,2023-04-17,5,1.812000036239624,1.6740000247955322,1.812000036239624,1.8126031367244384,1.747257872737184,1.8196849509637778,,1.817097387765202,,1.6557641482994843,1.718742160401804,,,,,
CVNA,Experiment 1 — Univariate Close,2023-04-17,10,1.812000036239624,1.3860000371932983,1.812000036239624,1.8126031368428792,1.6847419406230306,1.8274024583552253,,1.8222090786903686,,1.4410379557327673,1.4739988798980004,,,,,
CVNA,Experiment 1 — Univariate Close,2023-04-17,20,1.812000036239624,2.315999984741211,1.812000036239624,1.8126031368428792,1.566085195807271,1.8429358046442716,,1.8324756402060562,,0.9990018260005655,0.9891414086607244,,,,,
CVNA,Experiment 1 — Univariate Close,2023-06-14,1,4.679999828338623,5.276000022888184,4.679999828338623,4.6803254367501905,4.684457485363135,4.683913072070564,4.682072760143473,4.682910801281358,,4.674836901475992,4.728613312241611,,,,,
CVNA,Experiment 1 — Univariate Close,2023-06-14,5,4.679999828338623,5.107999801635742,4.679999828338623,4.680360033813491,4.701966876532047,4.6995987954747935,,4.694572810650864,,4.048750821856316,4.452314077146392,,,,,
CVNA,Experiment 1 — Univariate Close,2023-06-14,10,4.679999828338623,5.1479997634887695,4.679999828338623,4.680360036758612,4.723148135293359,4.71927983943295,,4.709191171557392,,3.3078571381804664,2.886463441458962,,,,,
CVNA,Experiment 1 — Univariate Close,2023-06-14,20,4.679999828338623,7.539999961853027,4.679999828338623,4.6803600367586355,4.763264714890676,4.758889534144407,,4.738564594808249,,2.9039888413506674,2.791227685661374,,,,,
CVNA,Experiment 1 — Univariate Close,2023-08-14,1,8.218000411987305,7.863999843597412,8.218000411987305,8.218160692075434,8.232257358910083,8.225104239280945,8.221826219216977,8.223322729264108,,8.330875635324025,8.104386135420123,,,,,
CVNA,Experiment 1 — Univariate Close,2023-08-14,5,8.218000411987305,8.067999839782715,8.218000411987305,8.218169522789475,8.288228495952248,8.253581008666131,,8.244646490232471,,8.695415048780688,9.191995115753459,,,,,
CVNA,Experiment 1 — Univariate Close,2023-08-14,10,8.218000411987305,9.074000358581545,8.218000411987305,8.218169522855128,8.355873472168438,8.289315654845636,,8.27137896583104,,9.573306690390211,8.81201047938677,,,,,
CVNA,Experiment 1 — Univariate Close,2023-08-14,20,8.218000411987305,10.15999984741211,8.218000411987305,8.218169522855128,8.48379065164536,8.361249766480917,,8.325104230537224,,11.732791290952093,11.205210802089724,,,,,
CVNA,Experiment 1 — Univariate Close,2023-10-12,1,6.77400016784668,6.77400016784668,6.77400016784668,6.759717501103928,6.775068527044695,6.779064742539385,6.776347720577233,6.77751627664658,,7.356574144701966,6.86287048308669,,,,,
CVNA,Experiment 1 — Univariate Close,2023-10-12,5,6.77400016784668,6.317999839782715,6.77400016784668,6.758255709128174,6.779262701270147,6.79936093487455,,6.791598972016824,,9.559278776518113,8.93458288625726,,,,,
CVNA,Experiment 1 — Univariate Close,2023-10-12,10,6.77400016784668,5.820000171661377,6.77400016784668,6.758255600021657,6.784331574959657,6.824816648534883,,6.809243497754807,,8.427671220716405,8.079106699230444,,,,,
CVNA,Experiment 1 — Univariate Close,2023-10-12,20,6.77400016784668,6.0879998207092285,6.77400016784668,6.758255600020899,6.793916619929526,6.876014338943422,,6.844670189380124,,6.568790163871213,8.912690737836108,,,,,
CVNA,Experiment 1 — Univariate Close,2023-12-11,1,7.966000080108643,7.900000095367432,7.966000080108643,7.9638556743611115,7.972483341644844,7.971164214537243,7.9683431890067284,7.96965077866588,,8.05561242842453,8.304803025169559,,,,,
CVNA,Experiment 1 — Univariate Close,2023-12-11,5,7.966000080108643,11.13599967956543,7.966000080108643,7.96387079313075,7.997935769501227,7.9918542515964,,7.984270311168818,,7.996638733020828,8.188777207062472,,,,,
CVNA,Experiment 1 — Univariate Close,2023-12-11,10,7.966000080108643,10.711999893188477,7.966000080108643,7.9638707931307895,8.028696547648783,8.017792334479662,,8.002582445485286,,9.28390030165626,9.665558484498645,,,,,
CVNA,Experiment 1 — Univariate Close,2023-12-11,20,7.966000080108643,9.347999572753906,7.966000080108643,7.9638707931307895,8.08686468326141,8.069921324676171,,8.039332808532418,,12.193932595212715,11.654793813671127,,,,,
CVNA,Experiment 1 — Univariate Close,2024-02-12,1,11.055999755859377,10.394000053405762,11.055999755859377,11.067101450558896,11.071219670073514,11.063734864070073,11.060083168233563,11.061689746974197,,11.137729062130818,11.04029893462888,,,,,
CVNA,Experiment 1 — Univariate Close,2024-02-12,5,11.055999755859377,10.362000465393066,11.055999755859377,11.067484300442766,11.130972011194945,11.094729451919353,,11.08447901015477,,11.978353128808068,11.110843469535762,,,,,
CVNA,Experiment 1 — Univariate Close,2024-02-12,10,11.055999755859377,16.083999633789062,11.055999755859377,11.067484300914636,11.203188315342771,11.133594819957445,,11.113031624430548,,10.063966375322709,9.392962368301587,,,,,
CVNA,Experiment 1 — Univariate Close,2024-02-12,20,11.055999755859377,15.255999565124512,11.055999755859377,11.067484300914636,11.339754559998852,11.211734474694564,,11.170357689284689,,8.420899535909031,8.22104955777693,,,,,
CVNA,Experiment 1 — Univariate Close,2024-04-11,1,16.08799934387207,14.998000144958496,16.08799934387207,16.087237013763374,16.11254540255815,16.09897501247153,16.0936183299996,16.096021253093582,,16.322169235387285,16.404837832137822,,,,,
CVNA,Experiment 1 — Univariate Close,2024-04-11,5,16.08799934387207,14.229999542236328,16.08799934387207,16.087197097219693,16.208918570416312,16.142952616953195,,16.128148909326562,,15.211720737789989,15.133546191015972,,,,,
CVNA,Experiment 1 — Univariate Close,2024-04-11,10,16.08799934387207,15.5,16.08799934387207,16.08719709697502,16.325409982784258,16.198093599031427,,16.168398672920787,,16.494341655878166,17.317471345145933,,,,,
CVNA,Experiment 1 — Univariate Close,2024-04-11,20,16.08799934387207,24.082000732421875,16.08799934387207,16.08719709697502,16.545751979415755,16.30894125706954,,16.24919979537919,,20.609838838695964,23.36647903790919,,,,,
CVNA,Experiment 1 — Univariate Close,2024-06-11,1,20.823999404907227,22.214000701904297,20.823999404907227,20.80298968818541,20.85306135021768,20.838204509981047,20.83028164875735,20.83444178208189,,20.710056448836152,21.009002189680587,,,,,
CVNA,Experiment 1 — Univariate Close,2024-06-11,5,20.823999404907227,22.1560001373291,20.823999404907227,20.80165418182956,20.96718991987607,20.89512189661837,,20.87626368126198,,24.113211219012612,24.11689148884147,,,,,
CVNA,Experiment 1 — Univariate Close,2024-06-11,10,20.823999404907227,25.31999969482422,20.823999404907227,20.8016541647538,21.105197987127603,20.966487300784944,,20.92865913100614,,31.13116117133285,27.87991266252596,,,,,
CVNA,Experiment 1 — Univariate Close,2024-06-11,20,20.823999404907227,25.98600006103516,20.823999404907227,20.801654164753792,21.36641028970733,21.109950167900266,,21.03384486836994,,33.29557126358418,34.16189927411543,,,,,
CVNA,Experiment 1 — Univariate Close,2024-08-09,1,27.18400001525879,26.69599914550781,27.18400001525879,27.196998823608,27.223526009579597,27.20651873721191,27.195535148489846,27.201670502497755,,26.765208312172064,27.461917259208015,,,,,
CVNA,Experiment 1 — Univariate Close,2024-08-09,5,27.18400001525879,31.18600082397461,27.18400001525879,27.19717331616836,27.378866466504014,27.296780320535895,,27.272467390077537,,27.522676372867192,26.884521683983568,,,,,
CVNA,Experiment 1 — Univariate Close,2024-08-09,10,27.18400001525879,31.95599937438965,27.18400001525879,27.19717331617372,27.56696846124482,27.41002852594732,,27.361222672356657,,27.603107700732163,27.152866647530264,,,,,
CVNA,Experiment 1 — Univariate Close,2024-08-09,20,27.18400001525879,27.09600067138672,27.18400001525879,27.19717331617372,27.92381017734446,27.637936410076684,,27.539600710199498,,37.915090582672235,41.67810960683465,,,,,
CVNA,Experiment 1 — Univariate Close,2024-10-09,1,38.01399993896485,38.31399917602539,38.01399993896485,38.012939236424145,38.08743096379314,38.053578953210796,38.03786634013823,38.046082360477044,,39.47022333315153,39.119841555111485,,,,,
CVNA,Experiment 1 — Univariate Close,2024-10-09,5,38.01399993896485,38.68000030517578,38.01399993896485,38.012836766841794,38.37653204185682,38.21230752406069,,38.17468303900609,,39.493855175041354,38.4616097352273,,,,,
CVNA,Experiment 1 — Univariate Close,2024-10-09,10,38.01399993896485,39.46799850463867,38.01399993896485,38.012836760668144,38.72772422586817,38.411649620083296,,38.33604533772887,,37.43794292122603,44.36889081127635,,,,,
CVNA,Experiment 1 — Univariate Close,2024-10-09,20,38.01399993896485,47.7859992980957,38.01399993896485,38.01283676066811,39.3974965926296,38.813458959989234,,38.66081902709719,,36.74859408082586,36.5883332283544,,,,,
CVNA,Experiment 1 — Univariate Close,2024-12-06,1,50.242000579833984,48.805999755859375,50.242000579833984,50.21907410055559,50.34957803840432,50.304895946875014,50.28876315279984,50.29639937810716,,50.70851599875371,51.62600916789194,,,,,
CVNA,Experiment 1 — Univariate Close,2024-12-06,5,50.242000579833984,49.650001525878906,50.242000579833984,50.21702550430112,50.75976728939378,50.557265755938325,,50.514584204378664,,53.34784316167904,49.59601112961511,,,,,
CVNA,Experiment 1 — Univariate Close,2024-12-06,10,50.242000579833984,44.891998291015625,50.242000579833984,50.217025411461655,51.25975163406222,50.874509199828914,,50.78864670777993,,60.91961787584012,58.072701882812865,,,,,
CVNA,Experiment 1 — Univariate Close,2024-12-06,20,50.242000579833984,39.66999816894531,50.242000579833984,50.21702541146132,52.21868987382285,51.51498062285219,,51.3412404888,,64.61671909262384,61.886591794137,,,,,
CVNA,Experiment 1 — Univariate Close,2025-02-07,1,52.81399917602539,53.5620002746582,52.81399917602539,52.820060394402056,52.89701587439937,52.879885589061374,52.86356341101299,52.870277861240986,,53.007173843531824,52.80578907607362,,,,,
CVNA,Experiment 1 — Univariate Close,2025-02-07,5,52.81399917602539,57.06600189208984,52.81399917602539,52.82048700545211,53.224439693033034,53.144254212078415,,53.0959929480964,,54.74795527608927,55.54362714014785,,,,,
CVNA,Experiment 1 — Univariate Close,2025-02-07,10,52.81399917602539,43.130001068115234,52.81399917602539,52.8204870134266,53.62346696945122,53.47657438977077,,53.37949239079882,,56.09589428874659,58.70698274504542,,,,,
CVNA,Experiment 1 — Univariate Close,2025-02-07,20,52.81399917602539,34.321998596191406,52.81399917602539,52.8204870134266,54.388542456655436,54.147461905570886,,53.95104048838635,,62.510150134417074,64.90577056977568,,,,,
CVNA,Experiment 1 — Univariate Close,2025-04-09,1,44.0880012512207,40.73199844360352,44.0880012512207,44.36253839778202,44.10843990487959,44.14630036464023,44.129169226997284,44.137026910055695,,47.571964904001334,45.6504197455641,,,,,
CVNA,Experiment 1 — Univariate Close,2025-04-09,5,44.0880012512207,41.86000061035156,44.0880012512207,44.36723502703023,44.18882058318624,44.380268748058015,,44.33367531507006,,46.06215950715381,44.168206433991294,,,,,
CVNA,Experiment 1 — Univariate Close,2025-04-09,10,44.0880012512207,47.00400161743164,44.0880012512207,44.36723502740151,44.286272978139095,44.6744737400705,,44.58071836240553,,41.37903398499823,41.28970101126832,,,,,
CVNA,Experiment 1 — Univariate Close,2025-04-09,20,44.0880012512207,57.10599899291992,44.0880012512207,44.36723502740151,44.47152260673045,45.2687476708187,,45.07894196389983,,39.232005431704096,37.98194386203025,,,,,
CVNA,Experiment 1 — Univariate Close,2025-06-09,1,67.98200225830078,67.69999694824219,67.98200225830078,67.97423338955711,68.09367662659142,68.08795482242459,68.06291930182574,68.0699896902387,,67.65586749167664,67.35964422224663,,,,,
CVNA,Experiment 1 — Univariate Close,2025-06-09,5,67.98200225830078,58.0099983215332,67.98200225830078,67.97388458654223,68.5348016428981,68.51341896600428,,68.42307969253555,,68.42382314021717,71.63316863743579,,,,,
CVNA,Experiment 1 — Univariate Close,2025-06-09,10,67.98200225830078,64.59400177001953,67.98200225830078,67.973884585353,69.07387796468596,69.04898976902486,,68.86701890336599,,72.43090802638125,68.7754636484731,,,,,
CVNA,Experiment 1 — Univariate Close,2025-06-09,20,67.98200225830078,70.21800231933594,67.98200225830078,67.973884585353,70.11221566260605,70.13272380545017,,69.76355704582791,,71.22827961651106,64.98719533923571,,,,,
CVNA,Experiment 1 — Univariate Close,2025-08-08,1,69.51200103759766,69.05000305175781,69.51200103759766,69.46351046484631,69.58197204285791,69.61589448861906,69.58906315299137,69.59676332716748,,69.53244737760812,69.77634267789685,,,,,
CVNA,Experiment 1 — Univariate Close,2025-08-08,5,69.51200103759766,69.99800109863281,69.51200103759766,69.46191060882303,69.8583349034916,70.03302341896736,,69.93684733005765,,70.38577914376984,71.51716902475168,,,,,
CVNA,Experiment 1 — Univariate Close,2025-08-08,10,69.51200103759766,71.56199645996094,69.51200103759766,69.4619106071558,70.1959987045134,70.5579510874506,,70.36429021547313,,71.93695778058682,65.54199297112945,,,,,
CVNA,Experiment 1 — Univariate Close,2025-08-08,20,69.51200103759766,74.44200134277344,69.51200103759766,69.4619106071558,70.84617894677775,71.61963959239701,,71.22702934201763,,66.56799081565302,60.77992414456247,,,,,
CVNA,Experiment 1 — Univariate Close,2025-10-07,1,74.06199645996094,72.18199920654297,74.06199645996094,74.06523382790793,74.12174548944648,74.16955392608936,74.14328820376629,74.14829502870028,,73.9731083079756,75.7455293700614,,,,,
CVNA,Experiment 1 — Univariate Close,2025-10-07,5,74.06199645996094,69.18199920654297,74.06199645996094,74.06532707060623,74.35967598001743,74.60134807754295,,74.49449604480618,,72.49411368005028,69.9226261084221,,,,,
CVNA,Experiment 1 — Univariate Close,2025-10-07,10,74.06199645996094,71.17400360107422,74.06199645996094,74.06532707066353,74.65045834761743,75.14462748780262,,74.92952129598278,,67.91927977366652,63.14404988373499,,,,,
CVNA,Experiment 1 — Univariate Close,2025-10-07,20,74.06199645996094,61.95800018310547,74.06199645996094,74.06532707066353,75.21060954463434,76.24308431022814,,75.80720787996023,,72.70723148250457,76.19774304118512,,,,,
CVNA,Experiment 1 — Univariate Close,2025-12-05,1,79.9540023803711,89.59600067138672,79.9540023803711,79.95757847415265,80.01410177156858,80.08050498658943,80.05080205334266,80.05498255895333,,80.45704682263165,79.49265192631924,,,,,
CVNA,Experiment 1 — Univariate Close,2025-12-05,5,79.9540023803711,91.13600158691406,79.9540023803711,79.95751888411354,80.2577181106724,80.58852009523338,,80.46018024290021,,82.4795512276801,82.79891780405023,,,,,
CVNA,Experiment 1 — Univariate Close,2025-12-05,10,79.9540023803711,90.04399871826172,79.9540023803711,79.95751888410865,80.55544933335288,81.22807336452054,,80.96956264830256,,78.19721054829314,75.73641218413164,,,,,
CVNA,Experiment 1 — Univariate Close,2025-12-05,20,79.9540023803711,88.08799743652344,79.9540023803711,79.95751888410865,81.12898651908486,82.52244673284495,,81.99802236625646,,75.30358514742113,70.78892447216425,,,,,
CVNA,Experiment 1 — Univariate Close,2026-02-05,1,76.73799896240234,80.73400115966797,76.73799896240234,76.69895489303956,76.81652923364364,76.8561409464702,76.82803799210856,76.83248023863725,,76.06982906030561,75.08511776544442,,,,,
CVNA,Experiment 1 — Univariate Close,2026-02-05,5,76.73799896240234,68.8280029296875,76.73799896240234,76.69830949071458,76.91365987609171,77.33053053999718,,77.21157004804967,,76.00336269127367,74.11989280887428,,,,,
CVNA,Experiment 1 — Univariate Close,2026-02-05,10,76.73799896240234,67.3239974975586,76.73799896240234,76.69830949066942,77.03229015191145,77.92763734336276,,77.68806366980938,,71.13672716548427,71.77177833027903,,,,,
CVNA,Experiment 1 — Univariate Close,2026-02-05,20,76.73799896240234,63.540000915527344,76.73799896240234,76.69830949066942,77.26057118712164,79.13571821040034,,78.64989077603401,,82.22010815701691,83.00803937251354,,,,,
CVNA,Experiment 1 — Univariate Close,2026-04-08,1,67.76200103759766,65.38600158691406,67.76200103759766,67.83462595602744,67.6540363170123,67.86484955200582,67.83917417990666,67.8421389603193,,66.76545677972145,67.28737636829334,,,,,
CVNA,Experiment 1 — Univariate Close,2026-04-08,5,67.76200103759766,74.21600341796875,67.76200103759766,67.83545553407158,67.65942508703328,68.27780700562006,,68.16363951429382,,70.90893890149567,73.02476671370509,,,,,
CVNA,Experiment 1 — Univariate Close,2026-04-08,10,67.76200103759766,83.35800170898438,67.76200103759766,67.83545553408503,67.66597409744071,68.79753930097304,,68.5676585798671,,73.23962971168447,74.47345072678414,,,,,
CVNA,Experiment 1 — Univariate Close,2026-04-08,20,67.76200103759766,77.8759994506836,67.76200103759766,67.83545553408503,67.67847308663936,69.84890265036263,,69.38289500212056,,65.46734303654756,72.79660311449277,,,,,
CVNA,Experiment 1 — Univariate Close,2026-06-05,1,66.51000213623047,69.44999694824219,66.51000213623047,66.51671354695021,66.50273176551642,66.60511370731551,66.5812046665761,66.58209945891822,,66.36031737959269,66.03420987912973,,,,,
CVNA,Experiment 1 — Univariate Close,2026-06-05,5,66.51000213623047,64.0999984741211,66.51000213623047,66.51688475627664,66.49575130758262,66.98692206597626,,66.87127113750893,,63.51624468955487,62.56590290443478,,,,,
CVNA,Experiment 1 — Univariate Close,2026-06-05,10,66.51000213623047,66.66999816894531,66.51000213623047,66.51688475634221,66.48726234496975,67.46726182149386,,67.23450247959468,,60.932757136947544,59.89671523234874,,,,,
CVNA,Experiment 1 — Univariate Close,2026-06-05,20,66.51000213623047,67.48999786376953,66.51000213623047,66.51688475634221,66.47104326056825,68.43829907517701,,67.96689488025369,,59.321907368843426,53.50323113064226,,,,,
CVNA,Experiment 1 — Univariate Close,2026-08-06,1,68.33999633789062,70.8499984741211,68.33999633789062,68.31726466539736,68.36524523351716,68.43990697076444,68.41362137707604,68.41491650543324,,69.19156213756878,69.12348240254877,,,,,
CVNA,Experiment 1 — Univariate Close,2026-08-06,5,68.33999633789062,73.69999694824219,68.33999633789062,68.31773079038877,68.37275615353727,68.84101229700532,,68.71541941567777,,68.97847752027488,66.3450949831226,,,,,
CVNA,Experiment 1 — Univariate Close,2026-08-06,10,68.33999633789062,71.5199966430664,68.33999633789062,68.31773079047834,68.38190291780101,69.34570131735411,,69.09290486535382,,64.7819019281178,65.89556965983844,,,,,
CVNA,Experiment 1 — Univariate Close,2026-08-06,20,68.33999633789062,73.43000030517578,68.33999633789062,68.31773079047834,68.39941917325298,70.36620645133789,,69.85410826084605,,68.3944251718158,64.99079101584272,,,,,
CVNA,Experiment 2 — OHLCV,2018-07-06,1,9.434000015258787,8.96399974822998,9.434000015258787,9.47707397987216,9.501817564182597,9.456500978430354,9.431091685322734,9.456498222443471,,9.454731217919385,9.827933176882807,,,,,
CVNA,Experiment 2 — OHLCV,2018-07-06,5,9.434000015258787,8.819999694824219,9.434000015258787,9.478241718117959,9.769713816728686,9.547042781445288,,9.547028869582224,,9.216151652587262,10.054134231461534,,,,,
CVNA,Experiment 2 — OHLCV,2018-07-06,10,9.434000015258787,8.838000297546387,9.434000015258787,9.478241718679616,10.097118288511991,9.661440080912097,,9.661411923809098,,9.465438026235528,9.252244739899465,,,,,
CVNA,Experiment 2 — OHLCV,2018-07-06,20,9.434000015258787,9.015999794006348,9.434000015258787,9.478241718679616,10.727816801258083,9.894363396870759,,9.894305725094922,,8.535205187565706,9.200659464477376,,,,,
CVNA,Experiment 2 — OHLCV,2018-09-04,1,13.468000411987305,12.43000030517578,13.468000411987305,13.514751323180317,13.573430897100971,13.516246447748276,13.487070082405488,13.516243667144693,,13.61247443011531,13.63224563245435,,,,,
CVNA,Experiment 2 — OHLCV,2018-09-04,5,13.468000411987305,14.163999557495115,13.468000411987305,13.511408154589004,13.989907630123517,13.71096509719472,,13.710950993892029,,14.899032090153042,15.24917035224447,,,,,
CVNA,Experiment 2 — OHLCV,2018-09-04,10,13.468000411987305,11.854000091552734,13.468000411987305,13.511408037762477,14.498897000035752,13.958312900641824,,13.958284185199952,,16.128396765789944,16.138659841655002,,,,,
CVNA,Experiment 2 — OHLCV,2018-09-04,20,13.468000411987305,10.892000198364258,13.468000411987305,13.511408037762788,15.479393194417863,14.466475577087891,,14.466416055451687,,16.42404655516694,16.827936577819923,,,,,
CVNA,Experiment 2 — OHLCV,2018-10-31,1,7.75,8.878000259399414,7.75,7.773242365322135,7.7098141429834905,7.751611672461972,7.745222026556714,7.749124830926571,,7.862738222815096,7.857318239216937,,,,,
CVNA,Experiment 2 — OHLCV,2018-10-31,5,7.75,9.234000205993652,7.75,7.7711111270976065,7.573260243181051,7.758061714604501,,7.7456251428063005,,8.146524040959775,8.096795892552548,,,,,
CVNA,Experiment 2 — OHLCV,2018-10-31,10,7.75,9.050000190734863,7.75,7.771110906956477,7.446410745621225,7.766131815175757,,7.741252755209435,,7.47522372379899,8.140775420742866,,,,,
CVNA,Experiment 2 — OHLCV,2018-10-31,20,7.75,9.45199966430664,7.75,7.771110906958765,7.290025633447609,7.782297209120655,,7.732515383230669,,8.837579917162657,8.573690585362867,,,,,
CVNA,Experiment 2 — OHLCV,2019-01-03,1,6.038000106811523,6.156000137329102,6.038000106811523,5.997889819991319,6.017460930286522,6.037250987987314,6.043815936131656,6.035596815991182,,5.926359331119297,6.0029048282179,,,,,
CVNA,Experiment 2 — OHLCV,2019-01-03,5,6.038000106811523,6.829999923706055,6.038000106811523,6.001913026713114,5.951932133399769,6.034255441987237,,6.025993214664424,,5.880131611687492,5.5268289726130755,,,,,
CVNA,Experiment 2 — OHLCV,2019-01-03,10,6.038000106811523,7.162000179290772,6.038000106811523,6.0019136573371314,5.897760650083362,6.030513099540294,,6.014010198876463,,5.590201581856562,5.19538414548779,,,,,
CVNA,Experiment 2 — OHLCV,2019-01-03,20,6.038000106811523,7.056000232696533,6.038000106811523,6.00191365732608,5.84220496855751,6.023035376018135,,5.99011560655461,,5.160438547316261,5.02126433337745,,,,,
CVNA,Experiment 2 — OHLCV,2019-03-05,1,9.595999717712402,10.119999885559082,9.595999717712402,9.718741031004045,9.64541649184091,9.603360514398723,9.612215417776078,9.601464744154729,,9.669032494128821,9.612814958398456,,,,,
CVNA,Experiment 2 — OHLCV,2019-03-05,5,9.595999717712402,10.619999885559082,9.595999717712402,9.698339665095185,9.797199189868689,9.632860206882048,,9.623355991575805,,8.554112247926717,8.53687156905694,,,,,
CVNA,Experiment 2 — OHLCV,2019-03-05,10,9.595999717712402,11.597999572753906,9.595999717712402,9.698307993794812,9.914098178560382,9.669862285849714,,9.65079025269866,,8.2742560006578,8.014535800909258,,,,,
CVNA,Experiment 2 — OHLCV,2019-03-05,20,9.595999717712402,12.564000129699709,9.595999717712402,9.69830800354138,10.021479649953934,9.744293390786977,,9.705893626660785,,8.840392533059216,7.847165768134704,,,,,
CVNA,Experiment 2 — OHLCV,2019-05-03,1,14.435999870300291,14.407999992370604,14.435999870300291,14.469438130197448,14.482442386821496,14.461088355718994,14.454719142783386,14.458164489808818,,14.752880432724071,14.498398508617298,,,,,
CVNA,Experiment 2 — OHLCV,2019-05-03,5,14.435999870300291,13.35200023651123,14.435999870300291,14.463900286621026,14.646455789322053,14.561879071399224,,14.547163799946004,,14.46039042901127,14.237092775547389,,,,,
CVNA,Experiment 2 — OHLCV,2019-05-03,10,14.435999870300291,13.62600040435791,14.435999870300291,14.46389165242504,14.809981655886373,14.68885591543329,,14.659183743679085,,14.904452769153599,13.682368113376096,,,,,
CVNA,Experiment 2 — OHLCV,2019-05-03,20,14.435999870300291,11.663999557495115,14.435999870300291,14.46389165509362,15.035769764875477,14.946140900725252,,14.885818090996915,,13.655956633214904,14.10647594582902,,,,,
CVNA,Experiment 2 — OHLCV,2019-07-02,1,12.9399995803833,12.833999633789062,12.9399995803833,12.894884706036642,12.946056752953256,12.958923978160328,12.967836412973908,12.956615948857957,,12.732679384219196,12.846810507204843,,,,,
CVNA,Experiment 2 — OHLCV,2019-07-02,5,12.9399995803833,13.529999732971191,12.9399995803833,12.907775037748333,12.966936494030014,13.034898738499885,,13.023295069190251,,12.183624712467513,12.684861265531806,,,,,
CVNA,Experiment 2 — OHLCV,2019-07-02,10,12.9399995803833,12.184000015258787,12.9399995803833,12.908189447339655,12.986850475721079,13.13049386651626,,13.107126735638667,,11.327709753195371,12.44785924941915,,,,,
CVNA,Experiment 2 — OHLCV,2019-07-02,20,12.9399995803833,12.711999893188477,12.9399995803833,12.908184180063953,13.012456284588776,13.32379248605154,,13.27641242929662,,12.290681352809742,12.835756937356967,,,,,
CVNA,Experiment 2 — OHLCV,2019-08-30,1,16.23200035095215,15.923999786376951,16.23200035095215,16.213911189509616,16.233685420924907,16.251557246845028,16.26212300425158,16.26106231261592,,16.465666593820462,16.662614407025046,,,,,
CVNA,Experiment 2 — OHLCV,2019-08-30,5,16.23200035095215,16.600000381469727,16.23200035095215,16.21855892860397,16.24034185212852,16.330020742973563,,16.37783142043969,,16.346445917808353,16.244374786993127,,,,,
CVNA,Experiment 2 — OHLCV,2019-08-30,10,16.23200035095215,16.305999755859375,16.23200035095215,16.218632978992485,16.24847688694692,16.428633052013478,,16.52497266121654,,16.634439443095378,15.276917570419194,,,,,
CVNA,Experiment 2 — OHLCV,2019-08-30,20,16.23200035095215,13.199999809265137,16.23200035095215,16.218632573120424,16.264147883537643,16.627647740401734,,16.82323284560155,,13.483132647089661,12.641440890726903,,,,,
CVNA,Experiment 2 — OHLCV,2019-10-29,1,16.937999725341797,16.496000289916992,16.937999725341797,16.94736023413031,16.939378342196697,16.958707633797975,16.953122019400205,16.968286092930015,,17.624043233743976,17.655418191231856,,,,,
CVNA,Experiment 2 — OHLCV,2019-10-29,5,16.937999725341797,16.304000854492188,16.937999725341797,16.945134910543736,16.944824245088892,17.041792746227003,,17.089974074605294,,16.545866752333502,16.158412821390332,,,,,
CVNA,Experiment 2 — OHLCV,2019-10-29,10,16.937999725341797,15.640000343322754,16.937999725341797,16.94511245112072,16.95147985502317,17.146221792106846,,17.24331199708928,,18.0229896015571,18.363468040138255,,,,,
CVNA,Experiment 2 — OHLCV,2019-10-29,20,16.937999725341797,18.56800079345703,16.937999725341797,16.945112521578924,16.96430094834576,17.35700357252114,,17.554127609537616,,18.70152736174944,18.653553496261193,,,,,
CVNA,Experiment 2 — OHLCV,2019-12-30,1,18.45599937438965,18.40999984741211,18.45599937438965,18.38159669050036,18.457135541776648,18.48179837735987,18.47607312475667,18.491582721649166,,18.643566197929083,18.926400101821063,,,,,
CVNA,Experiment 2 — OHLCV,2019-12-30,5,18.45599937438965,18.18199920654297,18.45599937438965,18.403339227708326,18.461623621,18.585355529049217,,18.634603485089293,,19.08232521944082,19.35702039742865,,,,,
CVNA,Experiment 2 — OHLCV,2019-12-30,10,18.45599937438965,17.20400047302246,18.45599937438965,18.404167657681487,18.467108644375575,18.71561832736481,,18.81493600007156,,19.22928418649613,19.28760691540397,,,,,
CVNA,Experiment 2 — OHLCV,2019-12-30,20,18.45599937438965,16.350000381469727,18.45599937438965,18.40415481210009,18.4776747678818,18.978889317781917,,19.180853309846622,,19.220042279808865,19.176050989377057,,,,,
CVNA,Experiment 2 — OHLCV,2020-02-28,1,16.582000732421875,16.472000122070312,16.582000732421875,16.552409215138837,16.582909935431935,16.5997183280643,16.60707737078454,16.60687421365884,,16.84924009794213,16.627317241404754,,,,,
CVNA,Experiment 2 — OHLCV,2020-02-28,5,16.582000732421875,13.20400047302246,16.582000732421875,16.55907006221025,16.586501445013212,16.670778222617948,,16.706741808122302,,17.96992137992447,18.11886559802433,,,,,
CVNA,Experiment 2 — OHLCV,2020-02-28,10,16.582000732421875,10.184000015258787,16.582000732421875,16.559120011901225,16.590890742310908,16.76003101388853,,16.832421270946096,,19.674621174917775,19.98994754681781,,,,,
CVNA,Experiment 2 — OHLCV,2020-02-28,20,16.582000732421875,9.80799961090088,16.582000732421875,16.559119903258235,16.59934610415303,16.939972692033454,,17.08662364780977,,21.153350507114737,20.942465472408557,,,,,
CVNA,Experiment 2 — OHLCV,2020-04-28,1,16.591999053955078,16.97800064086914,16.591999053955078,16.43646618818624,16.592734158267437,16.6109331245758,16.60613009751326,16.605500560266343,,16.52790425302839,17.592685675528465,,,,,
CVNA,Experiment 2 — OHLCV,2020-04-28,5,16.591999053955078,17.200000762939453,16.591999053955078,16.43188452873687,16.595637917045735,16.686885721178626,,16.659616541562453,,19.44877008957843,19.268972459621118,,,,,
CVNA,Experiment 2 — OHLCV,2020-04-28,10,16.591999053955078,18.74399948120117,16.591999053955078,16.431884525607046,16.59918669236439,16.78231502823644,,16.727509591181096,,19.08008077859205,18.805259516934605,,,,,
CVNA,Experiment 2 — OHLCV,2020-04-28,20,16.591999053955078,19.22800064086914,16.591999053955078,16.431884525607046,16.606022907225334,16.97481399264147,,16.864126873027793,,16.42694573622292,18.701133836539157,,,,,
CVNA,Experiment 2 — OHLCV,2020-06-26,1,23.48200035095215,24.073999404907227,23.48200035095215,23.469420436126263,23.482622319519148,23.515849251279352,23.51025717364531,23.509326915415,,23.007148764967663,23.6401497926056,,,,,
CVNA,Experiment 2 — OHLCV,2020-06-26,5,23.48200035095215,26.88800048828125,23.48200035095215,23.46975249444115,23.485079253369026,23.651733482518782,,23.6189515493078,,25.569615436834667,27.647784155963702,,,,,
CVNA,Experiment 2 — OHLCV,2020-06-26,10,23.48200035095215,25.309999465942383,23.48200035095215,23.469752494620753,23.488081949829617,23.822693482985887,,23.7567014713859,,24.20471820748407,24.504040480134382,,,,,
CVNA,Experiment 2 — OHLCV,2020-06-26,20,23.48200035095215,30.166000366210938,23.48200035095215,23.469752494620753,23.493866220831197,24.16832962704927,,24.034616147072175,,25.267902140263104,23.317990313532974,,,,,
CVNA,Experiment 2 — OHLCV,2020-08-25,1,40.58599853515625,41.56399917602539,40.58599853515625,40.62148866630341,40.72713737678307,40.66775539379513,40.6629118494697,40.65576304207759,,40.950403590729366,41.80527087037135,,,,,
CVNA,Experiment 2 — OHLCV,2020-08-25,5,40.58599853515625,45.4379997253418,40.58599853515625,40.62189210350554,41.355369497340895,40.99643306794883,,40.93602233620398,,42.791277546719584,41.96764504572805,,,,,
CVNA,Experiment 2 — OHLCV,2020-08-25,10,40.58599853515625,35.97200012207031,40.58599853515625,40.62189210351196,42.12315181468837,41.4110182071522,,41.289064830045334,,46.01411907447073,49.19195247065482,,,,,
CVNA,Experiment 2 — OHLCV,2020-08-25,20,40.58599853515625,43.73400115966797,40.58599853515625,40.62189210351196,43.602176102372184,42.25280862481778,,42.00431025647854,,48.02842158287149,52.9727873905675,,,,,
CVNA,Experiment 2 — OHLCV,2020-10-23,1,40.52799987792969,40.2760009765625,40.52799987792969,40.51959755522318,40.52604734149437,40.59848505725191,40.59603354082123,40.589642549006584,,41.78907498781527,41.52655690007112,,,,,
CVNA,Experiment 2 — OHLCV,2020-10-23,5,40.52799987792969,37.06999969482422,40.52799987792969,40.51963744132073,40.539966262195506,40.881653767168864,,40.83715223913512,,43.36284678547065,46.939190959464206,,,,,
CVNA,Experiment 2 — OHLCV,2020-10-23,10,40.52799987792969,42.0,40.52799987792969,40.51963744132075,40.55683640792772,41.23839369750928,,41.148662851000026,,48.84243292116207,53.214877311463496,,,,,
CVNA,Experiment 2 — OHLCV,2020-10-23,20,40.52799987792969,46.86000061035156,40.52799987792969,40.51963744132075,40.588889653074396,41.96123963366055,,41.77883091998678,,54.678078147229826,52.92191952254326,,,,,
CVNA,Experiment 2 — OHLCV,2020-12-22,1,58.30400085449219,54.0,58.30400085449219,58.50385835764854,58.40871570747541,58.436806435579356,58.43333083823015,58.42531077934761,,59.137462825175206,59.359290936047714,,,,,
CVNA,Experiment 2 — OHLCV,2020-12-22,5,58.30400085449219,50.06800079345703,58.30400085449219,58.49856739546765,58.8568898944524,58.97106072041061,,58.913079764666314,,50.24396052087354,54.228310775181896,,,,,
CVNA,Experiment 2 — OHLCV,2020-12-22,10,58.30400085449219,54.03200149536133,58.30400085449219,58.49856739259416,59.40461772401161,59.64575246164116,,59.52852148208149,,46.95994924132128,49.642667620202396,,,,,
CVNA,Experiment 2 — OHLCV,2020-12-22,20,58.30400085449219,54.69400024414063,58.30400085449219,58.49856739259416,60.45973809427116,61.01838183616291,,60.77875991197279,,30.745948109145502,38.484832267160925,,,,,
CVNA,Experiment 2 — OHLCV,2021-02-24,1,56.98799896240234,52.73199844360352,56.98799896240234,57.06057364203417,57.00380792471873,57.115089930993655,57.11526893770654,57.104208393076576,,57.757801155390595,58.501261356968236,,,,,
CVNA,Experiment 2 — OHLCV,2021-02-24,5,56.98799896240234,57.6259994506836,56.98799896240234,57.05822559667773,57.181570179895715,57.62629443429526,,57.57142068562002,,61.966705047170244,63.14779762440715,,,,,
CVNA,Experiment 2 — OHLCV,2021-02-24,10,56.98799896240234,52.09000015258789,56.98799896240234,57.05822559375073,57.398819046597275,58.27173915018442,,58.160815261250825,,61.74681519873945,58.15375169078694,,,,,
CVNA,Experiment 2 — OHLCV,2021-02-24,20,56.98799896240234,50.56999969482422,56.98799896240234,57.05822559375073,57.81731833091716,59.58439751196336,,59.35776818703636,,60.40365109532345,57.491589825172824,,,,,
CVNA,Experiment 2 — OHLCV,2021-04-23,1,55.60200119018555,58.87799835205078,55.60200119018555,55.81075149489282,55.534686264558324,55.726886666638755,55.723414100850604,55.7107393281629,,56.846555010490796,55.040448571427646,,,,,
CVNA,Experiment 2 — OHLCV,2021-04-23,5,55.60200119018555,57.05199813842773,55.60200119018555,55.80432462482142,55.58868945627196,56.2292398834971,,56.147822581954706,,60.81315269902041,55.00562082202641,,,,,
CVNA,Experiment 2 — OHLCV,2021-04-23,10,55.60200119018555,49.5620002746582,55.60200119018555,55.80432461832702,55.654688462564785,56.863554372103174,,56.69900207208966,,56.87459841373309,52.724069917956285,,,,,
CVNA,Experiment 2 — OHLCV,2021-04-23,20,55.60200119018555,49.28400039672852,55.60200119018555,55.80432461832702,55.78182623464494,58.153730920028124,,57.81764625655734,,53.840628853310605,53.274908356549744,,,,,
CVNA,Experiment 2 — OHLCV,2021-06-23,1,62.94599914550781,60.902000427246094,62.94599914550781,62.93947102753975,62.96472396693309,63.09901036519845,63.0930782732996,63.0791723548809,,61.48888234734815,61.959595000740784,,,,,
CVNA,Experiment 2 — OHLCV,2021-06-23,5,62.94599914550781,60.36399841308594,62.94599914550781,62.93969812054961,63.038691699174834,63.714783743721654,,63.61468867048803,,65.0414362058051,62.20110853573887,,,,,
CVNA,Experiment 2 — OHLCV,2021-06-23,10,62.94599914550781,64.50199890136719,62.94599914550781,62.93969812093287,63.12909000103032,64.49295781491985,,64.29048183488756,,55.531662683658055,59.03683527561796,,,,,
CVNA,Experiment 2 — OHLCV,2021-06-23,20,62.94599914550781,67.0459976196289,62.94599914550781,62.93969812093287,63.30322957287088,66.0779344863869,,65.66368173785644,,57.421352606042774,57.76939171914665,,,,,
CVNA,Experiment 2 — OHLCV,2021-08-20,1,69.9520034790039,71.51599884033203,69.9520034790039,69.95019417277639,69.98212108432611,70.12555874495604,70.11456429275508,70.1082955358989,,70.2770759274805,71.1447094371777,,,,,
CVNA,Experiment 2 — OHLCV,2021-08-20,5,69.9520034790039,67.50399780273438,69.9520034790039,69.95026220940788,70.10109313192163,70.82409651947083,,70.73696356962334,,74.78570307357563,75.2755374102807,,,,,
CVNA,Experiment 2 — OHLCV,2021-08-20,10,69.9520034790039,65.73200225830078,69.9520034790039,69.95026220956643,70.2464926290396,71.70706196149034,,71.53073201902055,,74.4675604376664,73.89699374337813,,,,,
CVNA,Experiment 2 — OHLCV,2021-08-20,20,69.9520034790039,65.30000305175781,69.9520034790039,69.95026220956643,70.52658424198196,73.50615392584655,,73.14509047210765,,79.61503306954137,78.23734190743647,,,,,
CVNA,Experiment 2 — OHLCV,2021-10-19,1,58.16999816894531,57.805999755859375,58.16999816894531,58.19751297475548,58.174080126165464,58.28176980122893,58.26040013226823,58.26300676226235,,58.71803344741187,58.458746679209156,,,,,
CVNA,Experiment 2 — OHLCV,2021-10-19,5,58.16999816894531,58.3120002746582,58.16999816894531,58.19672218845921,58.19020489738014,58.73100811408657,,58.636530638933195,,57.897512464192424,56.541362328624665,,,,,
CVNA,Experiment 2 — OHLCV,2021-10-19,10,58.16999816894531,60.060001373291016,58.16999816894531,58.19672218785347,58.20991148958512,59.29742861739277,,59.10680477219087,,54.62479617996496,56.7952707825909,,,,,
CVNA,Experiment 2 — OHLCV,2021-10-19,20,58.16999816894531,60.15800094604492,58.16999816894531,58.19672218785347,58.24787345854441,60.446710526319805,,60.05869830408538,,54.66437819228133,55.98161572766517,,,,,
CVNA,Experiment 2 — OHLCV,2021-12-17,1,44.71799850463867,41.12200164794922,44.71799850463867,45.08056957638495,44.71780598796044,44.78585122502279,44.766721411938384,44.76900805192843,,45.123382918823864,45.2098470691713,,,,,
CVNA,Experiment 2 — OHLCV,2021-12-17,5,44.71799850463867,46.43600082397461,44.71799850463867,45.07430048104087,44.71704572831087,45.05829323115612,,44.97362876797839,,47.998236829769496,49.00418015361628,,,,,
CVNA,Experiment 2 — OHLCV,2021-12-17,10,44.71799850463867,47.92599868774414,44.71799850463867,45.074300480449715,44.71611659098022,45.401177530211875,,45.23072034071745,,50.64828587200935,50.505980367614086,,,,,
CVNA,Experiment 2 — OHLCV,2021-12-17,20,44.71799850463867,32.417999267578125,44.71799850463867,45.074300480449715,44.71432673902923,46.09479382034501,,45.749320876424626,,50.49139507272656,51.87612697794059,,,,,
CVNA,Experiment 2 — OHLCV,2022-02-16,1,27.724000930786133,27.04599952697754,27.724000930786133,27.67133747644615,27.668820733797077,27.761102856810123,27.749163698402352,27.750411636581074,,27.45102316218187,28.297402009879004,,,,,
CVNA,Experiment 2 — OHLCV,2022-02-16,5,27.724000930786133,25.209999084472656,27.724000930786133,27.670004122651285,27.452603503054192,27.91000774612009,,27.856306295771905,,27.405101100116934,27.30120758229733,,,,,
CVNA,Experiment 2 — OHLCV,2022-02-16,10,27.724000930786133,24.666000366210938,27.724000930786133,27.67000412215366,27.192190518745832,28.09726252474178,,27.989243052656978,,28.124945038268024,27.28180534847878,,,,,
CVNA,Experiment 2 — OHLCV,2022-02-16,20,27.724000930786133,26.972000122070312,27.724000930786133,27.67000412215366,26.70255758121564,28.475549519535853,,28.257022809099038,,30.016391377969185,26.16862601860914,,,,,
CVNA,Experiment 2 — OHLCV,2022-04-19,1,20.35400009155273,18.5,20.35400009155273,20.43577874192205,20.295921541619208,20.378561537548975,20.36984124483574,20.37060897629487,,20.196052985523973,20.480972033883596,,,,,
CVNA,Experiment 2 — OHLCV,2022-04-19,5,20.35400009155273,14.097999572753906,20.35400009155273,20.437852278242563,20.067905649064947,20.477104065679377,,20.43718015456824,,20.471537351848248,21.693366220745744,,,,,
CVNA,Experiment 2 — OHLCV,2022-04-19,10,20.35400009155273,11.465999603271484,20.35400009155273,20.437852279011764,19.7923191354433,20.600952590674527,,20.520700146976104,,17.892323024942353,18.123353638518036,,,,,
CVNA,Experiment 2 — OHLCV,2022-04-19,20,20.35400009155273,8.319999694824219,20.35400009155273,20.437852279011764,19.271140247471116,20.850901333116962,,20.68876548236181,,19.204465048313207,21.075224448066347,,,,,
CVNA,Experiment 2 — OHLCV,2022-06-16,1,4.28000020980835,4.854000091552734,4.28000020980835,4.250189232635622,4.146333308232961,4.284316292527035,4.2821031317690705,4.2826088633530786,,4.384600592093258,4.254201802904061,,,,,
CVNA,Experiment 2 — OHLCV,2022-06-16,5,4.28000020980835,6.303999900817871,4.28000020980835,4.248616084346857,3.618630633877453,4.301624192009749,,4.293059386929026,,3.905981937193644,3.6098840256530442,,,,,
CVNA,Experiment 2 — OHLCV,2022-06-16,10,4.28000020980835,4.374000072479248,4.28000020980835,4.24861607427717,2.974401970493663,4.32335742574931,,4.3061584103344455,,3.7341991067598386,4.135711115195741,,,,,
CVNA,Experiment 2 — OHLCV,2022-06-16,20,4.28000020980835,4.449999809265137,4.28000020980835,4.248616074277168,1.7356019302233112,4.367153858531858,,4.33247648268793,,2.6157156080748223,2.5746743947540875,,,,,
CVNA,Experiment 2 — OHLCV,2022-08-17,1,9.923999786376951,9.571999549865724,9.923999786376951,9.878888821229303,9.886001615567636,9.934730815647505,9.9298622991128,9.931183243677411,,10.943716972156436,10.526683128308552,,,,,
CVNA,Experiment 2 — OHLCV,2022-08-17,5,9.923999786376951,7.217999935150146,9.923999786376951,9.87747988588605,9.736962957800065,9.977771095142591,,9.959969107769831,,13.342484149541404,11.922895267208144,,,,,
CVNA,Experiment 2 — OHLCV,2022-08-17,10,9.923999786376951,6.5980000495910645,9.923999786376951,9.877479884689782,9.557139749434526,10.031833753536265,,9.99606879918582,,14.25496930503209,14.142537843859687,,,,,
CVNA,Experiment 2 — OHLCV,2022-08-17,20,9.923999786376951,7.403999805450439,9.923999786376951,9.877479884689782,9.218032105012755,10.140839442251766,,10.068661183893024,,17.192111271569726,13.014688916378057,,,,,
CVNA,Experiment 2 — OHLCV,2022-10-14,1,3.427999973297119,3.6440000534057617,3.427999973297119,3.4110201469485086,3.3761597503710665,3.4311013902936014,3.4294698015071603,3.429932103423483,,3.1634317688391214,3.133362316258438,,,,,
CVNA,Experiment 2 — OHLCV,2022-10-14,5,3.427999973297119,2.8499999046325684,3.427999973297119,3.410937902215368,3.172204579714363,3.4435351431506254,,3.4376715201703547,,2.8708620362765487,3.056612520676687,,,,,
CVNA,Experiment 2 — OHLCV,2022-10-14,10,3.427999973297119,2.8980000019073486,3.427999973297119,3.410937902215323,2.9247562713435773,3.4591407160100407,,3.4473703537471065,,2.3249440804813304,2.399953251740659,,,,,
CVNA,Experiment 2 — OHLCV,2022-10-14,20,3.427999973297119,2.375999927520752,3.427999973297119,3.410937902215323,2.4538202862121166,3.4905643484149884,,3.466850189168417,,1.460090355705205,1.1911768907874074,,,,,
CVNA,Experiment 2 — OHLCV,2022-12-14,1,1.0520000457763672,1.093999981880188,1.0520000457763672,1.0545085341668998,1.0108894242969528,1.052895487479997,1.0524015910552564,1.05259505723232,,0.9512334460280272,1.0523721607764207,,,,,
CVNA,Experiment 2 — OHLCV,2022-12-14,5,1.0520000457763672,0.8640000224113464,1.0520000457763672,1.054378457531145,0.8491109360824373,1.0564848826081092,,1.054978470346229,,0.8641765780378421,0.9316575153847831,,,,,
CVNA,Experiment 2 — OHLCV,2022-12-14,10,1.0520000457763672,0.8899999856948853,1.0520000457763672,1.0543784563729715,0.6527527530831865,1.0609888389840834,,1.0579653274375094,,0.8035120649095973,0.7100895538317313,,,,,
CVNA,Experiment 2 — OHLCV,2022-12-14,20,1.0520000457763672,1.4040000438690186,1.0520000457763672,1.0543784563729721,0.2787950164676466,1.0700544367543616,,1.0639644347486028,,0.8656207786164316,0.8453942076485406,,,,,
CVNA,Experiment 2 — OHLCV,2023-02-14,1,2.1440000534057617,2.5380001068115234,2.1440000534057617,2.1413090090815543,2.1238461591060354,2.1458188216589424,2.1448389910325147,2.14526156785893,,2.160917268131368,2.1995254936141677,,,,,
CVNA,Experiment 2 — OHLCV,2023-02-14,5,2.1440000534057617,2.013999938964844,2.1440000534057617,2.141008035616678,2.0446171573340455,2.1531093364869345,,2.1503150527020636,,2.944494792850918,2.98242674934127,,,,,
CVNA,Experiment 2 — OHLCV,2023-02-14,10,2.1440000534057617,1.781999945640564,2.1440000534057617,2.1410080047104927,1.9486294050891113,2.1622573224767763,,2.156648652378552,,3.010485746032799,3.3158639620235517,,,,,
CVNA,Experiment 2 — OHLCV,2023-02-14,20,2.1440000534057617,1.409999966621399,2.1440000534057617,2.141008004710173,1.7663793529653609,2.180670061634371,,2.1693718721778295,,4.506749959672561,4.492582987032233,,,,,
CVNA,Experiment 2 — OHLCV,2023-04-17,1,1.812000036239624,1.7599999904632568,1.812000036239624,1.8125756536806068,1.7988697394014055,1.8135344183864528,1.812712855719134,1.813018361325205,,1.8307751709587767,1.7935481387022305,,,,,
CVNA,Experiment 2 — OHLCV,2023-04-17,5,1.812000036239624,1.6740000247955322,1.812000036239624,1.8126031367244384,1.747257872737184,1.8196849509637778,,1.817097387765202,,1.6557641482994843,1.718742160401804,,,,,
CVNA,Experiment 2 — OHLCV,2023-04-17,10,1.812000036239624,1.3860000371932983,1.812000036239624,1.8126031368428792,1.6847419406230306,1.8274024583552253,,1.8222090786903686,,1.4410379557327673,1.4739988798980004,,,,,
CVNA,Experiment 2 — OHLCV,2023-04-17,20,1.812000036239624,2.315999984741211,1.812000036239624,1.8126031368428792,1.566085195807271,1.8429358046442716,,1.8324756402060562,,0.9990018260005655,0.9891414086607244,,,,,
CVNA,Experiment 2 — OHLCV,2023-06-14,1,4.679999828338623,5.276000022888184,4.679999828338623,4.6803254367501905,4.684457485363135,4.683913072070564,4.682072760143473,4.682910801281358,,4.674836901475992,4.728613312241611,,,,,
CVNA,Experiment 2 — OHLCV,2023-06-14,5,4.679999828338623,5.107999801635742,4.679999828338623,4.680360033813491,4.701966876532047,4.6995987954747935,,4.694572810650864,,4.048750821856316,4.452314077146392,,,,,
CVNA,Experiment 2 — OHLCV,2023-06-14,10,4.679999828338623,5.1479997634887695,4.679999828338623,4.680360036758612,4.723148135293359,4.71927983943295,,4.709191171557392,,3.3078571381804664,2.886463441458962,,,,,
CVNA,Experiment 2 — OHLCV,2023-06-14,20,4.679999828338623,7.539999961853027,4.679999828338623,4.6803600367586355,4.763264714890676,4.758889534144407,,4.738564594808249,,2.9039888413506674,2.791227685661374,,,,,
CVNA,Experiment 2 — OHLCV,2023-08-14,1,8.218000411987305,7.863999843597412,8.218000411987305,8.218160692075434,8.232257358910083,8.225104239280945,8.221826219216977,8.223322729264108,,8.330875635324025,8.104386135420123,,,,,
CVNA,Experiment 2 — OHLCV,2023-08-14,5,8.218000411987305,8.067999839782715,8.218000411987305,8.218169522789475,8.288228495952248,8.253581008666131,,8.244646490232471,,8.695415048780688,9.191995115753459,,,,,
CVNA,Experiment 2 — OHLCV,2023-08-14,10,8.218000411987305,9.074000358581545,8.218000411987305,8.218169522855128,8.355873472168438,8.289315654845636,,8.27137896583104,,9.573306690390211,8.81201047938677,,,,,
CVNA,Experiment 2 — OHLCV,2023-08-14,20,8.218000411987305,10.15999984741211,8.218000411987305,8.218169522855128,8.48379065164536,8.361249766480917,,8.325104230537224,,11.732791290952093,11.205210802089724,,,,,
CVNA,Experiment 2 — OHLCV,2023-10-12,1,6.77400016784668,6.77400016784668,6.77400016784668,6.759717501103928,6.775068527044695,6.779064742539385,6.776347720577233,6.77751627664658,,7.356574144701966,6.86287048308669,,,,,
CVNA,Experiment 2 — OHLCV,2023-10-12,5,6.77400016784668,6.317999839782715,6.77400016784668,6.758255709128174,6.779262701270147,6.79936093487455,,6.791598972016824,,9.559278776518113,8.93458288625726,,,,,
CVNA,Experiment 2 — OHLCV,2023-10-12,10,6.77400016784668,5.820000171661377,6.77400016784668,6.758255600021657,6.784331574959657,6.824816648534883,,6.809243497754807,,8.427671220716405,8.079106699230444,,,,,
CVNA,Experiment 2 — OHLCV,2023-10-12,20,6.77400016784668,6.0879998207092285,6.77400016784668,6.758255600020899,6.793916619929526,6.876014338943422,,6.844670189380124,,6.568790163871213,8.912690737836108,,,,,
CVNA,Experiment 2 — OHLCV,2023-12-11,1,7.966000080108643,7.900000095367432,7.966000080108643,7.9638556743611115,7.972483341644844,7.971164214537243,7.9683431890067284,7.96965077866588,,8.05561242842453,8.304803025169559,,,,,
CVNA,Experiment 2 — OHLCV,2023-12-11,5,7.966000080108643,11.13599967956543,7.966000080108643,7.96387079313075,7.997935769501227,7.9918542515964,,7.984270311168818,,7.996638733020828,8.188777207062472,,,,,
CVNA,Experiment 2 — OHLCV,2023-12-11,10,7.966000080108643,10.711999893188477,7.966000080108643,7.9638707931307895,8.028696547648783,8.017792334479662,,8.002582445485286,,9.28390030165626,9.665558484498645,,,,,
CVNA,Experiment 2 — OHLCV,2023-12-11,20,7.966000080108643,9.347999572753906,7.966000080108643,7.9638707931307895,8.08686468326141,8.069921324676171,,8.039332808532418,,12.193932595212715,11.654793813671127,,,,,
CVNA,Experiment 2 — OHLCV,2024-02-12,1,11.055999755859377,10.394000053405762,11.055999755859377,11.067101450558896,11.071219670073514,11.063734864070073,11.060083168233563,11.061689746974197,,11.137729062130818,11.04029893462888,,,,,
CVNA,Experiment 2 — OHLCV,2024-02-12,5,11.055999755859377,10.362000465393066,11.055999755859377,11.067484300442766,11.130972011194945,11.094729451919353,,11.08447901015477,,11.978353128808068,11.110843469535762,,,,,
CVNA,Experiment 2 — OHLCV,2024-02-12,10,11.055999755859377,16.083999633789062,11.055999755859377,11.067484300914636,11.203188315342771,11.133594819957445,,11.113031624430548,,10.063966375322709,9.392962368301587,,,,,
CVNA,Experiment 2 — OHLCV,2024-02-12,20,11.055999755859377,15.255999565124512,11.055999755859377,11.067484300914636,11.339754559998852,11.211734474694564,,11.170357689284689,,8.420899535909031,8.22104955777693,,,,,
CVNA,Experiment 2 — OHLCV,2024-04-11,1,16.08799934387207,14.998000144958496,16.08799934387207,16.087237013763374,16.11254540255815,16.09897501247153,16.0936183299996,16.096021253093582,,16.322169235387285,16.404837832137822,,,,,
CVNA,Experiment 2 — OHLCV,2024-04-11,5,16.08799934387207,14.229999542236328,16.08799934387207,16.087197097219693,16.208918570416312,16.142952616953195,,16.128148909326562,,15.211720737789989,15.133546191015972,,,,,
CVNA,Experiment 2 — OHLCV,2024-04-11,10,16.08799934387207,15.5,16.08799934387207,16.08719709697502,16.325409982784258,16.198093599031427,,16.168398672920787,,16.494341655878166,17.317471345145933,,,,,
CVNA,Experiment 2 — OHLCV,2024-04-11,20,16.08799934387207,24.082000732421875,16.08799934387207,16.08719709697502,16.545751979415755,16.30894125706954,,16.24919979537919,,20.609838838695964,23.36647903790919,,,,,
CVNA,Experiment 2 — OHLCV,2024-06-11,1,20.823999404907227,22.214000701904297,20.823999404907227,20.80298968818541,20.85306135021768,20.838204509981047,20.83028164875735,20.83444178208189,,20.710056448836152,21.009002189680587,,,,,
CVNA,Experiment 2 — OHLCV,2024-06-11,5,20.823999404907227,22.1560001373291,20.823999404907227,20.80165418182956,20.96718991987607,20.89512189661837,,20.87626368126198,,24.113211219012612,24.11689148884147,,,,,
CVNA,Experiment 2 — OHLCV,2024-06-11,10,20.823999404907227,25.31999969482422,20.823999404907227,20.8016541647538,21.105197987127603,20.966487300784944,,20.92865913100614,,31.13116117133285,27.87991266252596,,,,,
CVNA,Experiment 2 — OHLCV,2024-06-11,20,20.823999404907227,25.98600006103516,20.823999404907227,20.801654164753792,21.36641028970733,21.109950167900266,,21.03384486836994,,33.29557126358418,34.16189927411543,,,,,
CVNA,Experiment 2 — OHLCV,2024-08-09,1,27.18400001525879,26.69599914550781,27.18400001525879,27.196998823608,27.223526009579597,27.20651873721191,27.195535148489846,27.201670502497755,,26.765208312172064,27.461917259208015,,,,,
CVNA,Experiment 2 — OHLCV,2024-08-09,5,27.18400001525879,31.18600082397461,27.18400001525879,27.19717331616836,27.378866466504014,27.296780320535895,,27.272467390077537,,27.522676372867192,26.884521683983568,,,,,
CVNA,Experiment 2 — OHLCV,2024-08-09,10,27.18400001525879,31.95599937438965,27.18400001525879,27.19717331617372,27.56696846124482,27.41002852594732,,27.361222672356657,,27.603107700732163,27.152866647530264,,,,,
CVNA,Experiment 2 — OHLCV,2024-08-09,20,27.18400001525879,27.09600067138672,27.18400001525879,27.19717331617372,27.92381017734446,27.637936410076684,,27.539600710199498,,37.915090582672235,41.67810960683465,,,,,
CVNA,Experiment 2 — OHLCV,2024-10-09,1,38.01399993896485,38.31399917602539,38.01399993896485,38.012939236424145,38.08743096379314,38.053578953210796,38.03786634013823,38.046082360477044,,39.47022333315153,39.119841555111485,,,,,
CVNA,Experiment 2 — OHLCV,2024-10-09,5,38.01399993896485,38.68000030517578,38.01399993896485,38.012836766841794,38.37653204185682,38.21230752406069,,38.17468303900609,,39.493855175041354,38.4616097352273,,,,,
CVNA,Experiment 2 — OHLCV,2024-10-09,10,38.01399993896485,39.46799850463867,38.01399993896485,38.012836760668144,38.72772422586817,38.411649620083296,,38.33604533772887,,37.43794292122603,44.36889081127635,,,,,
CVNA,Experiment 2 — OHLCV,2024-10-09,20,38.01399993896485,47.7859992980957,38.01399993896485,38.01283676066811,39.3974965926296,38.813458959989234,,38.66081902709719,,36.74859408082586,36.5883332283544,,,,,
CVNA,Experiment 2 — OHLCV,2024-12-06,1,50.242000579833984,48.805999755859375,50.242000579833984,50.21907410055559,50.34957803840432,50.304895946875014,50.28876315279984,50.29639937810716,,50.70851599875371,51.62600916789194,,,,,
CVNA,Experiment 2 — OHLCV,2024-12-06,5,50.242000579833984,49.650001525878906,50.242000579833984,50.21702550430112,50.75976728939378,50.557265755938325,,50.514584204378664,,53.34784316167904,49.59601112961511,,,,,
CVNA,Experiment 2 — OHLCV,2024-12-06,10,50.242000579833984,44.891998291015625,50.242000579833984,50.217025411461655,51.25975163406222,50.874509199828914,,50.78864670777993,,60.91961787584012,58.072701882812865,,,,,
CVNA,Experiment 2 — OHLCV,2024-12-06,20,50.242000579833984,39.66999816894531,50.242000579833984,50.21702541146132,52.21868987382285,51.51498062285219,,51.3412404888,,64.61671909262384,61.886591794137,,,,,
CVNA,Experiment 2 — OHLCV,2025-02-07,1,52.81399917602539,53.5620002746582,52.81399917602539,52.820060394402056,52.89701587439937,52.879885589061374,52.86356341101299,52.870277861240986,,53.007173843531824,52.80578907607362,,,,,
CVNA,Experiment 2 — OHLCV,2025-02-07,5,52.81399917602539,57.06600189208984,52.81399917602539,52.82048700545211,53.224439693033034,53.144254212078415,,53.0959929480964,,54.74795527608927,55.54362714014785,,,,,
CVNA,Experiment 2 — OHLCV,2025-02-07,10,52.81399917602539,43.130001068115234,52.81399917602539,52.8204870134266,53.62346696945122,53.47657438977077,,53.37949239079882,,56.09589428874659,58.70698274504542,,,,,
CVNA,Experiment 2 — OHLCV,2025-02-07,20,52.81399917602539,34.321998596191406,52.81399917602539,52.8204870134266,54.388542456655436,54.147461905570886,,53.95104048838635,,62.510150134417074,64.90577056977568,,,,,
CVNA,Experiment 2 — OHLCV,2025-04-09,1,44.0880012512207,40.73199844360352,44.0880012512207,44.36253839778202,44.10843990487959,44.14630036464023,44.129169226997284,44.137026910055695,,47.571964904001334,45.6504197455641,,,,,
CVNA,Experiment 2 — OHLCV,2025-04-09,5,44.0880012512207,41.86000061035156,44.0880012512207,44.36723502703023,44.18882058318624,44.380268748058015,,44.33367531507006,,46.06215950715381,44.168206433991294,,,,,
CVNA,Experiment 2 — OHLCV,2025-04-09,10,44.0880012512207,47.00400161743164,44.0880012512207,44.36723502740151,44.286272978139095,44.6744737400705,,44.58071836240553,,41.37903398499823,41.28970101126832,,,,,
CVNA,Experiment 2 — OHLCV,2025-04-09,20,44.0880012512207,57.10599899291992,44.0880012512207,44.36723502740151,44.47152260673045,45.2687476708187,,45.07894196389983,,39.232005431704096,37.98194386203025,,,,,
CVNA,Experiment 2 — OHLCV,2025-06-09,1,67.98200225830078,67.69999694824219,67.98200225830078,67.97423338955711,68.09367662659142,68.08795482242459,68.06291930182574,68.0699896902387,,67.65586749167664,67.35964422224663,,,,,
CVNA,Experiment 2 — OHLCV,2025-06-09,5,67.98200225830078,58.0099983215332,67.98200225830078,67.97388458654223,68.5348016428981,68.51341896600428,,68.42307969253555,,68.42382314021717,71.63316863743579,,,,,
CVNA,Experiment 2 — OHLCV,2025-06-09,10,67.98200225830078,64.59400177001953,67.98200225830078,67.973884585353,69.07387796468596,69.04898976902486,,68.86701890336599,,72.43090802638125,68.7754636484731,,,,,
CVNA,Experiment 2 — OHLCV,2025-06-09,20,67.98200225830078,70.21800231933594,67.98200225830078,67.973884585353,70.11221566260605,70.13272380545017,,69.76355704582791,,71.22827961651106,64.98719533923571,,,,,
CVNA,Experiment 2 — OHLCV,2025-08-08,1,69.51200103759766,69.05000305175781,69.51200103759766,69.46351046484631,69.58197204285791,69.61589448861906,69.58906315299137,69.59676332716748,,69.53244737760812,69.77634267789685,,,,,
CVNA,Experiment 2 — OHLCV,2025-08-08,5,69.51200103759766,69.99800109863281,69.51200103759766,69.46191060882303,69.8583349034916,70.03302341896736,,69.93684733005765,,70.38577914376984,71.51716902475168,,,,,
CVNA,Experiment 2 — OHLCV,2025-08-08,10,69.51200103759766,71.56199645996094,69.51200103759766,69.4619106071558,70.1959987045134,70.5579510874506,,70.36429021547313,,71.93695778058682,65.54199297112945,,,,,
CVNA,Experiment 2 — OHLCV,2025-08-08,20,69.51200103759766,74.44200134277344,69.51200103759766,69.4619106071558,70.84617894677775,71.61963959239701,,71.22702934201763,,66.56799081565302,60.77992414456247,,,,,
CVNA,Experiment 2 — OHLCV,2025-10-07,1,74.06199645996094,72.18199920654297,74.06199645996094,74.06523382790793,74.12174548944648,74.16955392608936,74.14328820376629,74.14829502870028,,73.9731083079756,75.7455293700614,,,,,
CVNA,Experiment 2 — OHLCV,2025-10-07,5,74.06199645996094,69.18199920654297,74.06199645996094,74.06532707060623,74.35967598001743,74.60134807754295,,74.49449604480618,,72.49411368005028,69.9226261084221,,,,,
CVNA,Experiment 2 — OHLCV,2025-10-07,10,74.06199645996094,71.17400360107422,74.06199645996094,74.06532707066353,74.65045834761743,75.14462748780262,,74.92952129598278,,67.91927977366652,63.14404988373499,,,,,
CVNA,Experiment 2 — OHLCV,2025-10-07,20,74.06199645996094,61.95800018310547,74.06199645996094,74.06532707066353,75.21060954463434,76.24308431022814,,75.80720787996023,,72.70723148250457,76.19774304118512,,,,,
CVNA,Experiment 2 — OHLCV,2025-12-05,1,79.9540023803711,89.59600067138672,79.9540023803711,79.95757847415265,80.01410177156858,80.08050498658943,80.05080205334266,80.05498255895333,,80.45704682263165,79.49265192631924,,,,,
CVNA,Experiment 2 — OHLCV,2025-12-05,5,79.9540023803711,91.13600158691406,79.9540023803711,79.95751888411354,80.2577181106724,80.58852009523338,,80.46018024290021,,82.4795512276801,82.79891780405023,,,,,
CVNA,Experiment 2 — OHLCV,2025-12-05,10,79.9540023803711,90.04399871826172,79.9540023803711,79.95751888410865,80.55544933335288,81.22807336452054,,80.96956264830256,,78.19721054829314,75.73641218413164,,,,,
CVNA,Experiment 2 — OHLCV,2025-12-05,20,79.9540023803711,88.08799743652344,79.9540023803711,79.95751888410865,81.12898651908486,82.52244673284495,,81.99802236625646,,75.30358514742113,70.78892447216425,,,,,
CVNA,Experiment 2 — OHLCV,2026-02-05,1,76.73799896240234,80.73400115966797,76.73799896240234,76.69895489303956,76.81652923364364,76.8561409464702,76.82803799210856,76.83248023863725,,76.06982906030561,75.08511776544442,,,,,
CVNA,Experiment 2 — OHLCV,2026-02-05,5,76.73799896240234,68.8280029296875,76.73799896240234,76.69830949071458,76.91365987609171,77.33053053999718,,77.21157004804967,,76.00336269127367,74.11989280887428,,,,,
CVNA,Experiment 2 — OHLCV,2026-02-05,10,76.73799896240234,67.3239974975586,76.73799896240234,76.69830949066942,77.03229015191145,77.92763734336276,,77.68806366980938,,71.13672716548427,71.77177833027903,,,,,
CVNA,Experiment 2 — OHLCV,2026-02-05,20,76.73799896240234,63.540000915527344,76.73799896240234,76.69830949066942,77.26057118712164,79.13571821040034,,78.64989077603401,,82.22010815701691,83.00803937251354,,,,,
CVNA,Experiment 2 — OHLCV,2026-04-08,1,67.76200103759766,65.38600158691406,67.76200103759766,67.83462595602744,67.6540363170123,67.86484955200582,67.83917417990666,67.8421389603193,,66.76545677972145,67.28737636829334,,,,,
CVNA,Experiment 2 — OHLCV,2026-04-08,5,67.76200103759766,74.21600341796875,67.76200103759766,67.83545553407158,67.65942508703328,68.27780700562006,,68.16363951429382,,70.90893890149567,73.02476671370509,,,,,
CVNA,Experiment 2 — OHLCV,2026-04-08,10,67.76200103759766,83.35800170898438,67.76200103759766,67.83545553408503,67.66597409744071,68.79753930097304,,68.5676585798671,,73.23962971168447,74.47345072678414,,,,,
CVNA,Experiment 2 — OHLCV,2026-04-08,20,67.76200103759766,77.8759994506836,67.76200103759766,67.83545553408503,67.67847308663936,69.84890265036263,,69.38289500212056,,65.46734303654756,72.79660311449277,,,,,
CVNA,Experiment 2 — OHLCV,2026-06-05,1,66.51000213623047,69.44999694824219,66.51000213623047,66.51671354695021,66.50273176551642,66.60511370731551,66.5812046665761,66.58209945891822,,66.36031737959269,66.03420987912973,,,,,
CVNA,Experiment 2 — OHLCV,2026-06-05,5,66.51000213623047,64.0999984741211,66.51000213623047,66.51688475627664,66.49575130758262,66.98692206597626,,66.87127113750893,,63.51624468955487,62.56590290443478,,,,,
CVNA,Experiment 2 — OHLCV,2026-06-05,10,66.51000213623047,66.66999816894531,66.51000213623047,66.51688475634221,66.48726234496975,67.46726182149386,,67.23450247959468,,60.932757136947544,59.89671523234874,,,,,
CVNA,Experiment 2 — OHLCV,2026-06-05,20,66.51000213623047,67.48999786376953,66.51000213623047,66.51688475634221,66.47104326056825,68.43829907517701,,67.96689488025369,,59.321907368843426,53.50323113064226,,,,,
CVNA,Experiment 2 — OHLCV,2026-08-06,1,68.33999633789062,70.8499984741211,68.33999633789062,68.31726466539736,68.36524523351716,68.43990697076444,68.41362137707604,68.41491650543324,,69.19156213756878,69.12348240254877,,,,,
CVNA,Experiment 2 — OHLCV,2026-08-06,5,68.33999633789062,73.69999694824219,68.33999633789062,68.31773079038877,68.37275615353727,68.84101229700532,,68.71541941567777,,68.97847752027488,66.3450949831226,,,,,
CVNA,Experiment 2 — OHLCV,2026-08-06,10,68.33999633789062,71.5199966430664,68.33999633789062,68.31773079047834,68.38190291780101,69.34570131735411,,69.09290486535382,,64.7819019281178,65.89556965983844,,,,,
CVNA,Experiment 2 — OHLCV,2026-08-06,20,68.33999633789062,73.43000030517578,68.33999633789062,68.31773079047834,68.39941917325298,70.36620645133789,,69.85410826084605,,68.3944251718158,64.99079101584272,,,,,
PLUG,Experiment 1 — Univariate Close,2011-03-11,1,6.5,6.199999809265137,6.5,6.49385910659787,6.500000002848737,6.472156677271961,6.476552964403697,6.480823190532371,,6.526195723097771,6.46901962517687,,,,,
PLUG,Experiment 1 — Univariate Close,2011-03-11,5,6.5,6.199999809265137,6.5,6.494727836875369,6.500000002404162,6.361970981548558,,6.404680055209475,,6.493726181361126,6.432220852710709,,,,,
PLUG,Experiment 1 — Univariate Close,2011-03-11,10,6.5,6.5,6.5,6.494728481334007,6.500000001994994,6.226873041548603,,6.310757939938161,,6.573871708009392,7.1656551117090554,,,,,
PLUG,Experiment 1 — Univariate Close,2011-03-11,20,6.5,6.800000190734863,6.5,6.494728481255208,6.500000001497951,5.965222750086886,,6.127025504075776,,6.480347630800679,6.917558210736268,,,,,
PLUG,Experiment 1 — Univariate Close,2011-07-05,1,2.2799999713897705,2.259999990463257,2.2799999713897705,2.2771238954615223,2.2781465535013607,2.2697567960036413,2.2694431902154855,2.2708863953927017,,2.2319315449964803,2.2289252575714773,,,,,
PLUG,Experiment 1 — Univariate Close,2011-07-05,5,2.2799999713897705,2.0799999237060547,2.2799999713897705,2.275437650050213,2.2722558360574006,2.2292422186852767,,2.2347949244589347,,2.230264434544482,2.251371162078981,,,,,
PLUG,Experiment 1 — Univariate Close,2011-07-05,10,2.2799999713897705,2.2799999713897705,2.2799999713897705,2.275404086288303,2.2674204439568917,2.179614443828125,,2.190486147832336,,2.190458396008662,2.168381493963549,,,,,
PLUG,Experiment 1 — Univariate Close,2011-07-05,20,2.2799999713897705,2.119999885559082,2.2799999713897705,2.2754038373011802,2.26251609012241,2.0836487646306385,,2.10448667721719,,2.2452049554780285,2.2236002236260433,,,,,
PLUG,Experiment 1 — Univariate Close,2011-10-25,1,2.1700000762939453,2.0299999713897705,2.1700000762939453,2.165631083525605,2.1734352501959715,2.1628651980928897,2.162061948010443,2.162995630418816,,2.2102439440779875,2.283646645624976,,,,,
PLUG,Experiment 1 — Univariate Close,2011-10-25,5,2.1700000762939453,2.119999885559082,2.1700000762939453,2.164344762425944,2.1843896427332927,2.134559507323424,,2.1352032116641526,,2.5941236011787794,2.5507207867062593,,,,,
PLUG,Experiment 1 — Univariate Close,2011-10-25,10,2.1700000762939453,2.1700000762939453,2.1700000762939453,2.164341270288888,2.1934373333050843,2.099697755811333,,2.100964329405555,,2.327715480210202,2.666982175922225,,,,,
PLUG,Experiment 1 — Univariate Close,2011-10-25,20,2.1700000762939453,2.140000104904175,2.1700000762939453,2.164341268128354,2.202703217574758,2.0316730464307815,,2.0341248655498263,,2.6196274995933777,2.4129076085156433,,,,,
PLUG,Experiment 1 — Univariate Close,2012-02-17,1,2.309999942779541,2.3299999237060547,2.309999942779541,2.3137325179313986,2.3119054049903776,2.3034050159711703,2.3018348935059985,2.303024077520801,,2.315413433100111,2.3542438697854853,,,,,
PLUG,Experiment 1 — Univariate Close,2012-02-17,5,2.309999942779541,2.4200000762939453,2.309999942779541,2.3146693413940818,2.318019887007925,2.2772130536184747,,2.275330642307364,,2.2878254847971564,2.2188314155908433,,,,,
PLUG,Experiment 1 — Univariate Close,2012-02-17,10,2.309999942779541,2.059999942779541,2.309999942779541,2.314670864574604,2.3231291775961895,2.244891523819957,,2.2411816710235,,2.2041401230689104,2.0852161246668848,,,,,
PLUG,Experiment 1 — Univariate Close,2012-02-17,20,2.309999942779541,1.7699999809265137,2.309999942779541,2.3146708650711334,2.328457836038772,2.181618215823327,,2.1744135960833906,,2.389505774458266,2.307810789911961,,,,,
PLUG,Experiment 1 — Univariate Close,2012-06-12,1,1.1699999570846558,1.1799999475479126,1.1699999570846558,1.1708279659137808,1.1696630011074483,1.165976468239735,1.1651193032341527,1.1655857804523442,,1.180422908197619,1.158965533162248,,,,,
PLUG,Experiment 1 — Univariate Close,2012-06-12,5,1.1699999570846558,1.149999976158142,1.1699999570846558,1.1709859934837592,1.168584488855527,1.150020400796473,,1.1480949848784014,,1.195573627867541,1.2483001741725248,,,,,
PLUG,Experiment 1 — Univariate Close,2012-06-12,10,1.1699999570846558,1.1200000047683716,1.1699999570846558,1.1709860978864688,1.1676875347852804,1.1303820262895845,,1.1266001219242467,,1.3229120383203181,1.2409494522279567,,,,,
PLUG,Experiment 1 — Univariate Close,2012-06-12,20,1.1699999570846558,1.100000023841858,1.1699999570846558,1.1709860978975195,1.1667589803392402,1.0921056172877228,,1.0848101549356655,,1.4189520234941675,1.262055236464281,,,,,
PLUG,Experiment 1 — Univariate Close,2012-10-03,1,0.8399999737739563,0.8500000238418579,0.8399999737739563,0.8418113874643987,0.8397348135911407,0.8373311611825685,0.8368467231596587,0.8370591770191511,,0.8302313267136758,0.8271995072977292,,,,,
PLUG,Experiment 1 — Univariate Close,2012-10-03,5,0.8399999737739563,0.8600000143051147,0.8399999737739563,0.8420902630641947,0.8388860048726594,0.8267404342371998,,0.8253985859711337,,0.8253367693829969,0.8201753457084381,,,,,
PLUG,Experiment 1 — Univariate Close,2012-10-03,10,0.8399999737739563,0.8100000023841858,0.8399999737739563,0.8420903511737068,0.8381799350653443,0.8136901987411767,,0.8110510083259598,,0.8000383982618007,0.768966061235483,,,,,
PLUG,Experiment 1 — Univariate Close,2012-10-03,20,0.8399999737739563,0.7900000214576721,0.8399999737739563,0.8420903511774164,0.8374487455779667,0.7882044764273103,,0.783099712671623,,0.6644008208501644,0.669077147955645,,,,,
PLUG,Experiment 1 — Univariate Close,2013-01-30,1,0.4600000083446502,0.449999988079071,0.4600000083446502,0.45907453830989164,0.4592280966993304,0.45843419918226386,0.45816051876757147,0.45828816333940686,,0.4618098845009256,0.4683842897230633,,,,,
PLUG,Experiment 1 — Univariate Close,2013-01-30,5,0.4600000083446502,0.3700000047683716,0.4600000083446502,0.45896067075512975,0.4567550075410742,0.45222408050798196,,0.45150425132493294,,0.4808338528925618,0.4696770320554895,,,,,
PLUG,Experiment 1 — Univariate Close,2013-01-30,10,0.4600000083446502,0.25,0.4600000083446502,0.4589606542754407,0.4546945442629221,0.4445795984378881,,0.44316540275310423,,0.43957528695665476,0.4744146295124183,,,,,
PLUG,Experiment 1 — Univariate Close,2013-01-30,20,0.4600000083446502,0.1700000017881393,0.4600000083446502,0.4589606542751791,0.452555481668436,0.4296761212210801,,0.42694689268391,,0.4461648609214605,0.4414288298535688,,,,,
PLUG,Experiment 1 — Univariate Close,2013-05-23,1,0.2800000011920929,0.3300000131130218,0.2800000011920929,0.2819178180444879,0.2807283527860518,0.27899420277324843,0.27882125396773433,0.2789211727978954,,0.28492821553957554,0.28314882157991045,,,,,
PLUG,Experiment 1 — Univariate Close,2013-05-23,5,0.2800000011920929,0.3799999952316284,0.2800000011920929,0.28163957509647003,0.28306125894644824,0.27500700920721816,,0.2746472661848901,,0.27845222228479055,0.29155384952935465,,,,,
PLUG,Experiment 1 — Univariate Close,2013-05-23,10,0.2800000011920929,0.3799999952316284,0.2800000011920929,0.28163934646197386,0.28500396444914267,0.2701030528253966,,0.2693968589345993,,0.27134854730260605,0.27202543557252473,,,,,
PLUG,Experiment 1 — Univariate Close,2013-05-23,20,0.2800000011920929,0.4199999868869781,0.2800000011920929,0.28163934649375905,0.28701921119643,0.2605559244106862,,0.2591952403387271,,0.1510876125569327,0.11782427160205379,,,,,
PLUG,Experiment 1 — Univariate Close,2013-09-16,1,0.6200000047683716,0.5899999737739563,0.6200000047683716,0.6273489602116287,0.6209511460497005,0.6179418184619774,0.6176548024759156,0.61787394324098,,0.678771553938593,0.6927442798303066,,,,,
PLUG,Experiment 1 — Univariate Close,2013-09-16,5,0.6200000047683716,0.5799999833106995,0.6200000047683716,0.6260420365587919,0.6240004582000644,0.6097771714891562,,0.6094423530023048,,0.7061160264081803,0.6809542749732769,,,,,
PLUG,Experiment 1 — Univariate Close,2013-09-16,10,0.6200000047683716,0.7400000095367432,0.6200000047683716,0.6260392081305521,0.6265440944346935,0.5997228967897003,,0.5990644818974578,,0.708925234763278,0.7750316654446535,,,,,
PLUG,Experiment 1 — Univariate Close,2013-09-16,20,0.6200000047683716,0.6399999856948853,0.6200000047683716,0.6260392094475975,0.6291897949037336,0.5801089518833136,,0.5788358882434917,,0.353371912574552,0.5616796931424685,,,,,
PLUG,Experiment 1 — Univariate Close,2014-01-08,1,4.550000190734863,3.319999933242798,4.550000190734863,4.607252120568613,4.651887779230824,4.535029040316611,4.532912469766918,4.534355488841208,,4.665728626501794,4.248927974589849,,,,,
PLUG,Experiment 1 — Univariate Close,2014-01-08,5,4.550000190734863,3.799999952316284,4.550000190734863,4.60183171033223,4.892505529809163,4.475635425591796,,4.472312761623793,,3.9669508831169225,3.4904465129923756,,,,,
PLUG,Experiment 1 — Univariate Close,2014-01-08,10,4.550000190734863,3.0799999237060547,4.550000190734863,4.601831077982704,5.004737682312198,4.402486071012018,,4.39595178007072,,3.92885593626805,4.302094605244039,,,,,
PLUG,Experiment 1 — Univariate Close,2014-01-08,20,4.550000190734863,3.180000066757202,4.550000190734863,4.601831077990377,5.053564749658399,4.25975445999366,,4.247118954424897,,5.485100654223743,4.926674917702322,,,,,
PLUG,Experiment 1 — Univariate Close,2014-05-02,1,4.5,4.059999942779541,4.5,4.481027232661472,4.521806567007824,4.484675162538266,4.483215385474895,4.484697813938195,,5.472895413637161,4.534859505710083,,,,,
PLUG,Experiment 1 — Univariate Close,2014-05-02,5,4.5,3.7200000286102295,4.5,4.486301960533319,4.489559672883739,4.423895928726256,,4.424007651921989,,4.894251901656389,4.792208644327063,,,,,
PLUG,Experiment 1 — Univariate Close,2014-05-02,10,4.5,4.289999961853027,4.5,4.4864421823585365,4.461097157142688,4.349078930711276,,4.349298600947624,,5.021440140902996,4.174526606352953,,,,,
PLUG,Experiment 1 — Univariate Close,2014-05-02,20,4.5,4.380000114440918,4.5,4.486440759507234,4.428740909660996,4.203219454568163,,4.203644071156658,,9.747757494449615,9.462484244643123,,,,,
PLUG,Experiment 1 — Univariate Close,2014-08-25,1,6.010000228881836,5.75,6.010000228881836,6.014102704505215,5.989655825647165,5.990927985551347,5.9889682663567045,5.990527000036147,,6.203970426257513,6.006454842006596,,,,,
PLUG,Experiment 1 — Univariate Close,2014-08-25,5,6.010000228881836,5.420000076293945,6.010000228881836,6.012948477519548,5.99715394728673,5.9152423366053934,,5.913263003014078,,5.968320449381729,6.748300429877538,,,,,
PLUG,Experiment 1 — Univariate Close,2014-08-25,10,6.010000228881836,5.269999980926514,6.010000228881836,6.01291559327902,6.003709223616458,5.821978463930734,,5.818082863754006,,6.516186357269888,6.526419531644824,,,,,
PLUG,Experiment 1 — Univariate Close,2014-08-25,20,6.010000228881836,4.579999923706055,6.010000228881836,6.012915955885008,6.0110497520400905,5.639838925726552,,5.632293996735144,,8.147613400566343,8.81980806668073,,,,,
PLUG,Experiment 1 — Univariate Close,2014-12-16,1,2.7300000190734863,2.940000057220459,2.7300000190734863,2.730230249886556,2.735498980048428,2.7203337726697407,2.7195875782447643,2.720147187354167,,2.6339558963100362,2.5905368317121598,,,,,
PLUG,Experiment 1 — Univariate Close,2014-12-16,5,2.7300000190734863,3.059999942779541,2.7300000190734863,2.730166089541304,2.7187641536076077,2.682009834928625,,2.681090177543352,,3.2274602483695958,3.24677252363413,,,,,
PLUG,Experiment 1 — Univariate Close,2014-12-16,10,2.7300000190734863,3.0,2.7300000190734863,2.7301643753389335,2.704155910301017,2.6348632616841914,,2.6330565897061815,,2.6894882900603934,2.821700224951853,,,,,
PLUG,Experiment 1 — Univariate Close,2014-12-16,20,2.7300000190734863,2.549999952316284,2.7300000190734863,2.730164392849998,2.687837035006744,2.543041889841898,,2.5395556615959585,,2.764374384179591,2.6839707537190574,,,,,
PLUG,Experiment 1 — Univariate Close,2015-04-13,1,2.5899999141693115,2.6700000762939453,2.5899999141693115,2.5912374592518486,2.5925457563510617,2.5813057437326092,2.580536767096258,2.5809898765966532,,2.5775405821980355,2.6068287887880515,,,,,
PLUG,Experiment 1 — Univariate Close,2015-04-13,5,2.5899999141693115,2.720000028610229,2.5899999141693115,2.5908899446949154,2.591468240353341,2.546819931831916,,2.5452620771192636,,2.556112234746875,2.6161587864331124,,,,,
PLUG,Experiment 1 — Univariate Close,2015-04-13,10,2.5899999141693115,2.5899999141693115,2.5899999141693115,2.5908801698663333,2.5905154958275953,2.5043598378869705,,2.5012970100036727,,2.5329041536447026,2.6201467816527395,,,,,
PLUG,Experiment 1 — Univariate Close,2015-04-13,20,2.5899999141693115,2.549999952316284,2.5899999141693115,2.590880276022093,2.589429384993568,2.421551507901423,,2.41563202300721,,2.3625984720248994,2.3295647102800157,,,,,
PLUG,Experiment 1 — Univariate Close,2015-08-04,1,2.720000028610229,2.7799999713897705,2.720000028610229,2.706176688169086,2.734606448251979,2.7112093174166625,2.7100116748128027,2.7107671742644284,,2.7358446731594865,2.7619118232374604,,,,,
PLUG,Experiment 1 — Univariate Close,2015-08-04,5,2.720000028610229,2.3299999237060547,2.720000028610229,2.710042647010543,2.7380252008242834,2.6763296610878333,,2.6741480977962433,,2.5190175023396306,2.433995252031958,,,,,
PLUG,Experiment 1 — Univariate Close,2015-08-04,10,2.720000028610229,2.259999990463257,2.720000028610229,2.710149930754427,2.7410498068184146,2.633360433631423,,2.629069107988602,,2.480450402362736,2.324407709471284,,,,,
PLUG,Experiment 1 — Univariate Close,2015-08-04,20,2.720000028610229,1.659999966621399,2.720000028610229,2.710148785225563,2.7445009197806756,2.5494805516449457,,2.5411780521604035,,2.4083663240078574,2.334757395434708,,,,,
PLUG,Experiment 1 — Univariate Close,2015-11-24,1,1.940000057220459,2.069999933242798,1.940000057220459,1.9409051325754394,1.9361291862808812,1.9339907518245347,1.9332324921667434,1.9338342833345834,,1.9514756202915984,1.9523460861485287,,,,,
PLUG,Experiment 1 — Univariate Close,2015-11-24,5,1.940000057220459,2.109999895095825,1.940000057220459,1.9406646589825534,1.934956496352862,1.9101390975829993,,1.9093665286787125,,1.6847354372551138,1.9877176628144455,,,,,
PLUG,Experiment 1 — Univariate Close,2015-11-24,10,1.940000057220459,1.9900000095367432,1.940000057220459,1.940659963925561,1.9339003036041065,1.8807377652054211,,1.8792167182004913,,1.7246690385606556,1.9127236573654458,,,,,
PLUG,Experiment 1 — Univariate Close,2015-11-24,20,1.940000057220459,2.2699999809265137,1.940000057220459,1.9406599968537204,1.9326606036957132,1.823285792340532,,1.8203378194864224,,1.654018423168857,2.0643826142027044,,,,,
PLUG,Experiment 1 — Univariate Close,2016-03-21,1,2.069999933242798,2.0799999237060547,2.069999933242798,2.067646235724119,2.0706575313344344,2.063822711770653,2.0629943220532496,2.0636046468270464,,2.117697953012131,2.116729921106236,,,,,
PLUG,Experiment 1 — Univariate Close,2016-03-21,5,2.069999933242798,2.0799999237060547,2.069999933242798,2.068271278963315,2.0711712208987376,2.039297615090674,,2.0382204747133867,,2.1397273694588588,2.1573826058108923,,,,,
PLUG,Experiment 1 — Univariate Close,2016-03-21,10,2.069999933242798,2.0,2.069999933242798,2.0682834908691667,2.071635760278455,2.0090506748952235,,2.006928907013441,,2.06535591014271,2.0417908456358003,,,,,
PLUG,Experiment 1 — Univariate Close,2016-03-21,20,2.069999933242798,2.0999999046325684,2.069999933242798,2.068283405173282,2.072184529558289,1.9498960118195918,,1.9457795979231727,,1.872213057623215,1.7923004081176508,,,,,
PLUG,Experiment 1 — Univariate Close,2016-07-13,1,1.7400000095367432,1.7300000190734863,1.7400000095367432,1.7373110724733085,1.742223961985956,1.7347974771729913,1.7339718130290183,1.7345938627027049,,1.7618787993199732,1.7456595748572277,,,,,
PLUG,Experiment 1 — Univariate Close,2016-07-13,5,1.7400000095367432,1.7899999618530271,1.7400000095367432,1.738024154817846,1.7420745056840883,1.714142437007911,,1.7131367222543066,,1.812797724109533,1.8360296078312452,,,,,
PLUG,Experiment 1 — Univariate Close,2016-07-13,10,1.7400000095367432,1.7899999618530271,1.7400000095367432,1.738037979743753,1.7419392324194876,1.68866912542932,,1.6866881684199524,,1.8140094701531808,1.8002082328550526,,,,,
PLUG,Experiment 1 — Univariate Close,2016-07-13,20,1.7400000095367432,1.7000000476837158,1.7400000095367432,1.7380378836342767,1.7417792119168443,1.6388525284763844,,1.6350097482156238,,1.714219911515976,1.7030962448773619,,,,,
PLUG,Experiment 1 — Univariate Close,2016-11-02,1,1.4800000190734863,1.4800000190734863,1.4800000190734863,1.4755758180946787,1.4873471248818473,1.47553677050127,1.4748089896368042,1.475325592569011,,1.4761398467389713,1.4959853943111312,,,,,
PLUG,Experiment 1 — Univariate Close,2016-11-02,5,1.4800000190734863,1.25,1.4800000190734863,1.4767499591528899,1.4869301534661035,1.4578179694786582,,1.4567750579023953,,1.5043497312971832,1.541226054282364,,,,,
PLUG,Experiment 1 — Univariate Close,2016-11-02,10,1.4800000190734863,1.4800000190734863,1.4800000190734863,1.4767729123063686,1.4865525951934762,1.4359683815851045,,1.4339145553897144,,1.5451161766993504,1.5289849277031033,,,,,
PLUG,Experiment 1 — Univariate Close,2016-11-02,20,1.4800000190734863,1.4199999570846558,1.4800000190734863,1.4767727511715532,1.4861056717065926,1.3932467340122106,,1.3892641389597105,,1.5137374756362787,1.476754323769764,,,,,
PLUG,Experiment 1 — Univariate Close,2017-02-28,1,1.0800000429153442,1.0700000524520874,1.0800000429153442,1.0785228435283842,1.0837317454094437,1.0764839914957107,1.0759786077221798,1.0762739079885968,,1.108190890925759,1.1289884314643375,,,,,
PLUG,Experiment 1 — Univariate Close,2017-02-28,5,1.0800000429153442,1.0700000524520874,1.0800000429153442,1.078907745565989,1.083625970327463,1.0625338824356325,,1.0614974818159155,,1.1202664967980565,1.1072138024938927,,,,,
PLUG,Experiment 1 — Univariate Close,2017-02-28,10,1.0800000429153442,1.0299999713897705,1.0800000429153442,1.078914430007322,1.0835299793366993,1.0453501911686809,,1.0433119065994818,,1.1268006398499248,1.1203543752002172,,,,,
PLUG,Experiment 1 — Univariate Close,2017-02-28,20,1.0800000429153442,1.5,1.0800000429153442,1.078914389330982,1.083415949635144,1.0118120173649412,,1.0078700844436612,,1.309978237349915,1.2949281252665448,,,,,
PLUG,Experiment 1 — Univariate Close,2017-06-21,1,2.150000095367432,2.2100000381469727,2.150000095367432,2.148253522210227,2.1571617529885603,2.143084234201932,2.1420371129757405,2.1426217636493,,2.139911623410422,2.1220708897524796,,,,,
PLUG,Experiment 1 — Univariate Close,2017-06-21,5,2.150000095367432,2.130000114440918,2.150000095367432,2.148742771614521,2.1575540693725332,2.1156425361903146,,2.113360777574131,,2.252404457588965,2.2344801963342156,,,,,
PLUG,Experiment 1 — Univariate Close,2017-06-21,10,2.150000095367432,2.069999933242798,2.150000095367432,2.1487563467213517,2.1579096527066923,2.0818340197202896,,2.07734585026865,,2.1459296584128253,2.309176163200285,,,,,
PLUG,Experiment 1 — Univariate Close,2017-06-21,20,2.150000095367432,2.119999885559082,2.150000095367432,2.148756201693793,2.158331221555377,2.0158291597303672,,2.0071467861450905,,2.4505124352060013,2.5774226331251646,,,,,
PLUG,Experiment 1 — Univariate Close,2017-10-12,1,2.869999885559082,2.799999952316284,2.869999885559082,2.878673330678479,2.8611187014987305,2.861574258444796,2.8601213138040618,2.861004026346729,,2.8991923327279423,2.8403965395766164,,,,,
PLUG,Experiment 1 — Univariate Close,2017-10-12,5,2.869999885559082,2.5299999713897705,2.869999885559082,2.8762022746988296,2.8624451133997293,2.828118380955689,,2.8253016773960224,,2.953132623863075,3.120996204683291,,,,,
PLUG,Experiment 1 — Univariate Close,2017-10-12,10,2.869999885559082,2.690000057220459,2.869999885559082,2.8761258338330724,2.8636417599101027,2.7868480472574486,,2.7812996120527034,,3.002992365533377,3.260986179457521,,,,,
PLUG,Experiment 1 — Univariate Close,2017-10-12,20,2.869999885559082,2.509999990463257,2.869999885559082,2.8761267633207863,2.8650500518466004,2.7061053478020334,,2.6953407109622938,,2.670724072430339,2.493906185297612,,,,,
PLUG,Experiment 1 — Univariate Close,2018-02-06,1,1.840000033378601,1.9800000190734863,1.840000033378601,1.8460471140947277,1.8366868530052163,1.8344760826834487,1.8336656290689914,1.8341659001102188,,1.855182137913742,1.8717567276519997,,,,,
PLUG,Experiment 1 — Univariate Close,2018-02-06,5,1.840000033378601,1.7799999713897705,1.840000033378601,1.8443211081348354,1.835556697496049,1.81254561990582,,1.8110137657272436,,2.0395941323486584,1.8748839705112437,,,,,
PLUG,Experiment 1 — Univariate Close,2018-02-06,10,1.840000033378601,1.9900000095367432,1.840000033378601,1.8442670382338668,1.8345322358747969,1.7855008503490506,,1.7824841305199701,,2.027046125944082,2.0550509127225602,,,,,
PLUG,Experiment 1 — Univariate Close,2018-02-06,20,1.840000033378601,1.830000042915344,1.840000033378601,1.8442677055750383,1.833317431987411,1.732615885198309,,1.7267660966948355,,1.9570541063323708,1.97044524767224,,,,,
PLUG,Experiment 1 — Univariate Close,2018-05-31,1,1.870000004768372,1.8899999856948853,1.870000004768372,1.8666646528571067,1.8818271783380658,1.8646033093032113,1.863820668555887,1.8643068526958262,,1.859558989444201,1.8829271752344239,,,,,
PLUG,Experiment 1 — Univariate Close,2018-05-31,5,1.870000004768372,1.850000023841858,1.870000004768372,1.8676339397935027,1.8814617736466768,1.8431718236576964,,1.841707043621542,,1.93382926931117,1.9448707797903697,,,,,
PLUG,Experiment 1 — Univariate Close,2018-05-31,10,1.870000004768372,1.9900000095367432,1.870000004768372,1.8676691066005968,1.8811300452482063,1.8167285362902676,,1.8138421528749338,,2.0847344640157526,2.131645299623902,,,,,
PLUG,Experiment 1 — Univariate Close,2018-05-31,20,1.870000004768372,1.9900000095367432,1.870000004768372,1.8676685913640612,1.8807357456015985,1.7649746343076589,,1.759370773880556,,2.2400286113220518,2.2707634375919943,,,,,
PLUG,Experiment 1 — Univariate Close,2018-09-21,1,1.899999976158142,1.8799999952316284,1.899999976158142,1.8967958221526333,1.9035936653776138,1.894818031895665,1.8940126991214672,1.8945168942608013,,1.9958506307644197,1.9738758847192683,,,,,
PLUG,Experiment 1 — Univariate Close,2018-09-21,5,1.899999976158142,1.919999957084656,1.899999976158142,1.8977203751498748,1.9036014734060367,1.874231199111496,,1.8727423432628751,,1.9226083219008356,1.9764658442265746,,,,,
PLUG,Experiment 1 — Univariate Close,2018-09-21,10,1.899999976158142,1.870000004768372,1.899999976158142,1.8977521648775844,1.903608565151135,1.848811911474751,,1.8458757517151745,,1.9808618729100491,1.9321886273811002,,,,,
PLUG,Experiment 1 — Univariate Close,2018-09-21,20,1.899999976158142,1.940000057220459,1.899999976158142,1.897751727483597,1.9036170008174556,1.79900290889605,,1.7932933334344767,,2.061592924802329,1.9352843750274733,,,,,
PLUG,Experiment 1 — Univariate Close,2019-01-17,1,1.399999976158142,1.3799999952316284,1.399999976158142,1.4001212550524478,1.3987066738643124,1.3960545184591011,1.395443597283604,1.3957795083926205,,1.4208676370032318,1.396510291930792,,,,,
PLUG,Experiment 1 — Univariate Close,2019-01-17,5,1.399999976158142,1.3600000143051147,1.399999976158142,1.4000883400596267,1.3986299710297834,1.3803835650118876,,1.3790244854154858,,1.361430210531946,1.4203814336808385,,,,,
PLUG,Experiment 1 — Univariate Close,2019-01-17,10,1.399999976158142,1.340000033378601,1.399999976158142,1.4000876029615958,1.3985602037894231,1.3610420135747845,,1.3583632598295352,,1.3321866553649446,1.3546024747958345,,,,,
PLUG,Experiment 1 — Univariate Close,2019-01-17,20,1.399999976158142,1.6200000047683716,1.399999976158142,1.400087609058707,1.398477024455992,1.323168138758922,,1.3179648407696087,,1.467332436487803,1.4938416091303786,,,,,
PLUG,Experiment 1 — Univariate Close,2019-05-13,1,2.2300000190734863,2.2799999713897705,2.2300000190734863,2.226988590348502,2.246927878893059,2.224020689316039,2.223036568835597,2.223626308340707,,2.232349897279945,2.2763600169056355,,,,,
PLUG,Experiment 1 — Univariate Close,2019-05-13,5,2.2300000190734863,2.569999933242798,2.2300000190734863,2.227890115540599,2.245983166823885,2.200263265573844,,2.1983131167248913,,2.3552486730648816,2.4695822307082076,,,,,
PLUG,Experiment 1 — Univariate Close,2019-05-13,10,2.2300000190734863,2.6700000762939453,2.2300000190734863,2.2283459541875463,2.2451301180619314,2.1709230477249344,,2.167076465395068,,2.378493767980249,2.299490869998816,,,,,
PLUG,Experiment 1 — Univariate Close,2019-05-13,20,2.2300000190734863,2.619999885559082,2.2300000190734863,2.2282687211263545,2.244124775049615,2.113411138490224,,2.1059284155613387,,2.387032027991637,2.5601105089470737,,,,,
PLUG,Experiment 1 — Univariate Close,2019-09-04,1,2.150000095367432,2.1700000762939453,2.150000095367432,2.1507588665725237,2.1491420223507878,2.1443828785909402,2.143306183761024,2.1439807008686023,,2.148477503514134,2.1528376745312876,,,,,
PLUG,Experiment 1 — Univariate Close,2019-09-04,5,2.150000095367432,2.5,2.150000095367432,2.150527012199079,2.1490798250722256,2.122060387266381,,2.120071177794008,,2.1012926582062312,2.123981871634917,,,,,
PLUG,Experiment 1 — Univariate Close,2019-09-04,10,2.150000095367432,2.819999933242798,2.150000095367432,2.1504239625418107,2.149023457538474,2.094483761609119,,2.09055888350774,,2.09097855015558,2.10162722980644,,,,,
PLUG,Experiment 1 — Univariate Close,2019-09-04,20,2.150000095367432,2.4100000858306885,2.150000095367432,2.150440173085355,2.1489566414438324,2.0404009456076686,,2.0327610472343847,,2.1179870279741335,2.293348417823463,,,,,
PLUG,Experiment 1 — Univariate Close,2019-12-26,1,3.150000095367432,3.0799999237060547,3.150000095367432,3.14891945897286,3.1413854612999024,3.1425731126880643,3.1410330442533856,3.1420481185420015,,3.2577552272965176,3.2310903072445445,,,,,
PLUG,Experiment 1 — Univariate Close,2019-12-26,5,3.150000095367432,3.2300000190734863,3.150000095367432,3.1492343487836423,3.1413854612999024,3.1130398809179485,,3.1104404477635232,,3.2914107622550515,3.3806120693688233,,,,,
PLUG,Experiment 1 — Univariate Close,2019-12-26,10,3.150000095367432,4.139999866485596,3.150000095367432,3.1494197613606145,3.1413854612999024,3.076513335487764,,3.0713776146583975,,3.299816431729328,3.703834560590976,,,,,
PLUG,Experiment 1 — Univariate Close,2019-12-26,20,3.150000095367432,3.809999942779541,3.150000095367432,3.149385734339611,3.1413854612999024,3.004740957739562,,2.994717513087679,,3.144770071881342,3.204560496219099,,,,,
PLUG,Experiment 1 — Univariate Close,2020-04-21,1,4.21999979019165,4.329999923706055,4.21999979019165,4.21936527286126,4.24826004022191,4.210583339173449,4.208462285994162,4.209744210240044,,4.186316189056413,4.195257559110152,,,,,
PLUG,Experiment 1 — Univariate Close,2020-04-21,5,4.21999979019165,4.440000057220459,4.21999979019165,4.2195194139469185,4.24826004022191,4.173127184197276,,4.168970519892018,,4.357778843124228,4.655609177245628,,,,,
PLUG,Experiment 1 — Univariate Close,2020-04-21,10,4.21999979019165,4.170000076293945,4.21999979019165,4.219702607429789,4.24826004022191,4.126775204103835,,4.118558308018163,,3.8562884775328676,3.9845189934182534,,,,,
PLUG,Experiment 1 — Univariate Close,2020-04-21,20,4.21999979019165,4.170000076293945,4.21999979019165,4.219659386542666,4.24826004022191,4.035610054955198,,4.019555303289502,,4.038804137029619,4.227701595319494,,,,,
PLUG,Experiment 1 — Univariate Close,2020-08-12,1,10.630000114440918,11.359999656677246,10.630000114440918,10.630240116134939,10.730823134892187,10.607000030538686,10.602157833544224,10.605248873328508,,10.473015136798187,10.879702478388074,,,,,
PLUG,Experiment 1 — Univariate Close,2020-08-12,5,10.630000114440918,13.649999618530272,10.630000114440918,10.6301911625319,10.757307660410081,10.515496271118167,,10.506818884547988,,10.11186310515783,10.608862663548281,,,,,
PLUG,Experiment 1 — Univariate Close,2020-08-12,10,10.630000114440918,13.050000190734863,10.630000114440918,10.63009855568114,10.781062744872356,10.402225836073358,,10.385065087885026,,11.607881402395712,11.208656796709104,,,,,
PLUG,Experiment 1 — Univariate Close,2020-08-12,20,10.630000114440918,12.119999885559082,10.630000114440918,10.630121685720107,10.808763034719501,10.179332190003757,,10.14577382112105,,10.57104486815491,10.860185429708737,,,,,
PLUG,Experiment 1 — Univariate Close,2020-12-03,1,23.850000381469727,24.850000381469727,23.850000381469727,23.844239712178304,23.96184832168188,23.800574133177207,23.7902220847113,23.797116680910715,,24.04654875944883,24.053443542048075,,,,,
PLUG,Experiment 1 — Univariate Close,2020-12-03,5,23.850000381469727,27.190000534057617,23.850000381469727,23.845101543439245,24.30570072696395,23.603891318832122,,23.58675189603001,,23.782121986112795,21.94070578550905,,,,,
PLUG,Experiment 1 — Univariate Close,2020-12-03,10,23.850000381469727,30.56999969482422,23.850000381469727,23.848159701081006,24.725933612093336,23.3603218649888,,23.326409061071548,,25.50951050417538,26.189751638159162,,,,,
PLUG,Experiment 1 — Univariate Close,2020-12-03,20,23.850000381469727,32.16999816894531,23.850000381469727,23.847442365802838,25.535452963537995,22.88069722882937,,22.81431241012458,,34.71741018093837,35.0410374408245,,,,,
PLUG,Experiment 1 — Univariate Close,2021-03-30,1,34.040000915527344,35.84000015258789,34.040000915527344,34.03502501978163,33.60519054221262,33.970475785025975,33.95490358885784,33.96478470915101,,33.06608940246929,33.560069964506695,,,,,
PLUG,Experiment 1 — Univariate Close,2021-03-30,5,34.040000915527344,31.959999084472656,34.040000915527344,34.03522969575501,33.44667063205567,33.69379238435454,,33.66557822393836,,29.466631877800296,29.111797436517445,,,,,
PLUG,Experiment 1 — Univariate Close,2021-03-30,10,34.040000915527344,28.38999938964844,34.040000915527344,34.03951009230707,33.3727316533696,33.351105014868956,,33.29527399146237,,29.953051232745054,29.439899145261545,,,,,
PLUG,Experiment 1 — Univariate Close,2021-03-30,20,34.040000915527344,28.86000061035156,34.040000915527344,34.03911505794014,33.340564191449836,32.67615087534981,,32.566840198317216,,23.7016082975249,24.52293334294959,,,,,
PLUG,Experiment 1 — Univariate Close,2021-07-22,1,27.32999992370605,26.809999465942383,27.32999992370605,27.316319917368137,27.412505983890007,27.273495057687644,27.260191886395134,27.2678750330447,,27.390225826417534,27.826617229960487,,,,,
PLUG,Experiment 1 — Univariate Close,2021-07-22,5,27.32999992370605,27.200000762939453,27.32999992370605,27.316189147100026,27.437167903924554,27.04864142075976,,27.02078444911585,,28.2702061170915,25.446159428399643,,,,,
PLUG,Experiment 1 — Univariate Close,2021-07-22,10,27.32999992370605,26.0,27.32999992370605,27.31618914709897,27.448671046829357,26.77017946400451,,26.715067482026313,,29.639105744993866,24.64269614376835,,,,,
PLUG,Experiment 1 — Univariate Close,2021-07-22,20,27.32999992370605,23.76000022888184,27.32999992370605,27.31618914709897,27.45367553726084,26.221826217913485,,26.11397118776281,,35.40349512618052,29.53401232559784,,,,,
PLUG,Experiment 1 — Univariate Close,2021-11-11,1,43.43999862670898,43.13999938964844,43.43999862670898,43.50470568559758,43.417535826405604,43.35519824342646,43.33474689927242,43.34684980819081,,45.10596744247628,44.211503141065926,,,,,
PLUG,Experiment 1 — Univariate Close,2021-11-11,5,43.43999862670898,40.41999816894531,43.43999862670898,43.50532829507304,44.11032192401549,43.017648892842374,,42.976247654989656,,46.42229078163097,52.29303254976616,,,,,
PLUG,Experiment 1 — Univariate Close,2021-11-11,10,43.43999862670898,40.25,43.43999862670898,43.505328295078186,44.64253612700121,42.59940549652956,,42.51744753434238,,55.487522047171176,53.24951765515259,,,,,
PLUG,Experiment 1 — Univariate Close,2021-11-11,20,43.43999862670898,33.220001220703125,43.43999862670898,43.505328295078186,45.12950545992533,41.77507840762184,,41.614488995956755,,58.73791945971163,53.00241044482107,,,,,
PLUG,Experiment 1 — Univariate Close,2022-03-08,1,25.57999992370605,26.190000534057617,25.57999992370605,25.629212805240673,25.499944659709087,25.52590047895077,25.513635994144817,25.52028287294042,,26.078304498832836,25.770212723276323,,,,,
PLUG,Experiment 1 — Univariate Close,2022-03-08,5,25.57999992370605,23.09000015258789,25.57999992370605,25.629711578935776,25.81007789133833,25.31064443826278,,25.282805526280935,,25.105844577065184,24.126370107603705,,,,,
PLUG,Experiment 1 — Univariate Close,2022-03-08,10,25.57999992370605,27.25,25.57999992370605,25.629711578940807,26.058333546443524,25.04412524592955,,24.989064002590155,,24.527656228328244,23.778850216020636,,,,,
PLUG,Experiment 1 — Univariate Close,2022-03-08,20,25.57999992370605,30.440000534057617,25.57999992370605,25.629711578940807,26.30045344043573,24.519476591262446,,24.41177957732674,,24.123475668080633,23.73744378655221,,,,,
PLUG,Experiment 1 — Univariate Close,2022-06-30,1,16.56999969482422,17.18000030517578,16.56999969482422,16.575417737070683,16.546658208241222,16.535116099626396,16.52698026477972,16.531236325108495,,17.408908894518532,17.250168394980577,,,,,
PLUG,Experiment 1 — Univariate Close,2022-06-30,5,16.56999969482422,19.770000457763672,16.56999969482422,16.573837584050423,16.508460338615233,16.39631455296627,,16.37708754620547,,17.663332016001277,16.53685879398228,,,,,
PLUG,Experiment 1 — Univariate Close,2022-06-30,10,16.56999969482422,15.460000038146973,16.56999969482422,16.572910356046837,16.477251206632996,16.224449962047235,,16.186421329860114,,17.74647378572695,17.5026425981747,,,,,
PLUG,Experiment 1 — Univariate Close,2022-06-30,20,16.56999969482422,21.34000015258789,16.56999969482422,16.57308023671277,16.445826227146497,15.886106301691576,,15.811722407550107,,19.038794900456764,20.2864838200344,,,,,
PLUG,Experiment 1 — Univariate Close,2022-10-21,1,16.489999771118164,15.729999542236328,16.489999771118164,16.4872149581517,16.487605540798008,16.454666687114596,16.44652108049453,16.45051795044392,,16.24870962278553,16.023698079751888,,,,,
PLUG,Experiment 1 — Univariate Close,2022-10-21,5,16.489999771118164,16.09000015258789,16.489999771118164,16.48794916685864,16.487605540798008,16.314089811807346,,16.29353371589737,,16.081087971007683,16.11863787362305,,,,,
PLUG,Experiment 1 — Univariate Close,2022-10-21,10,16.489999771118164,14.789999961853027,16.489999771118164,16.488613779509535,16.487605540798008,16.14005640278241,,16.0994084072739,,16.039739812957574,14.970304454473316,,,,,
PLUG,Experiment 1 — Univariate Close,2022-10-21,20,16.489999771118164,15.84000015258789,16.489999771118164,16.488468183177787,16.487605540798008,15.797539375425549,,15.7180688090832,,15.133851986500858,15.027530946696388,,,,,
PLUG,Experiment 1 — Univariate Close,2023-02-15,1,16.770000457763672,15.84000015258789,16.770000457763672,16.779007581001885,16.756986215042055,16.73364895125997,16.725799983454213,16.729592024572618,,16.908712618542445,17.251472286521388,,,,,
PLUG,Experiment 1 — Univariate Close,2023-02-15,5,16.770000457763672,14.649999618530272,16.770000457763672,16.77631947275657,16.756986215042055,16.589029192799693,,16.568929616630133,,16.49005734495354,16.26740038969916,,,,,
PLUG,Experiment 1 — Univariate Close,2023-02-15,10,16.770000457763672,13.329999923706056,16.770000457763672,16.77493009652845,16.756986215042055,16.410010855554777,,16.3702695973243,,14.56025048557052,15.316611073090383,,,,,
PLUG,Experiment 1 — Univariate Close,2023-02-15,20,16.770000457763672,11.800000190734863,16.770000457763672,16.7751683807677,16.756986215042055,16.057748892592222,,15.980066748597867,,13.400027438800635,12.855306123252756,,,,,
PLUG,Experiment 1 — Univariate Close,2023-06-09,1,9.170000076293944,10.369999885559082,9.170000076293944,9.166297717663296,9.1748384481428,9.149087275182087,9.144973796930481,9.146852168566896,,9.044568431283773,9.058986205578,,,,,
PLUG,Experiment 1 — Univariate Close,2023-06-09,5,9.170000076293944,10.56999969482422,9.170000076293944,9.167233102401738,9.1748384481428,9.065911914778596,,9.054843389070806,,8.87349831982628,8.698989522429587,,,,,
PLUG,Experiment 1 — Univariate Close,2023-06-09,10,9.170000076293944,9.130000114440918,9.170000076293944,9.168214531823754,9.1748384481428,8.963005252202995,,8.941132837344057,,8.878231655837494,9.27987959453976,,,,,
PLUG,Experiment 1 — Univariate Close,2023-06-09,20,9.170000076293944,11.18000030517578,9.170000076293944,9.167989877044269,9.1748384481428,8.760682931584673,,8.717977726270805,,8.859192412964445,9.227320632965192,,,,,
PLUG,Experiment 1 — Univariate Close,2023-10-03,1,6.53000020980835,6.53000020980835,6.53000020980835,6.534615233259128,6.534138494346619,6.514765376642655,6.51212575996206,6.513391712875351,,6.75889995513192,6.710487076059992,,,,,
PLUG,Experiment 1 — Univariate Close,2023-10-03,5,6.53000020980835,7.159999847412109,6.53000020980835,6.533547952406791,6.534138494346619,6.454180652346982,,6.447379075024399,,6.356608510052896,6.445304680575916,,,,,
PLUG,Experiment 1 — Univariate Close,2023-10-03,10,6.53000020980835,7.71999979019165,6.53000020980835,6.5320826288863865,6.534138494346619,6.379241432574577,,6.3658033080342715,,6.306887411459144,6.419972912919569,,,,,
PLUG,Experiment 1 — Univariate Close,2023-10-03,20,6.53000020980835,5.889999866485596,6.53000020980835,6.5324378293691545,6.534138494346619,6.2319632385234645,,6.205735138524507,,6.238933172820518,6.171452062263316,,,,,
PLUG,Experiment 1 — Univariate Close,2024-01-26,1,3.400000095367432,3.7899999618530273,3.400000095367432,3.3905890419626794,3.4000133063644573,3.3919144509598427,3.3906079642201306,3.3911365877546156,,3.361782064893249,3.265386807468261,,,,,
PLUG,Experiment 1 — Univariate Close,2024-01-26,5,3.400000095367432,4.659999847412109,3.400000095367432,3.3935908673725725,3.4000133063644573,3.3597637037761277,,3.3559130197387987,,3.2697478816631347,3.219018143483601,,,,,
PLUG,Experiment 1 — Univariate Close,2024-01-26,10,3.400000095367432,4.329999923706055,3.400000095367432,3.3944900601454626,3.4000133063644573,3.320003478997435,,3.3123976118110376,,3.2845605385706134,3.264150011605817,,,,,
PLUG,Experiment 1 — Univariate Close,2024-01-26,20,3.400000095367432,3.039999961853028,3.400000095367432,3.394381519130693,3.4000133063644573,3.2418890562895397,,3.227052244404641,,2.2625127592511096,3.0494902965733908,,,,,
PLUG,Experiment 1 — Univariate Close,2024-05-20,1,3.200000047683716,3.0799999237060547,3.200000047683716,3.2006955126229273,3.2006576980655113,3.192099711604636,3.1909439832541797,3.191371037935689,,3.0988509163089226,3.06499016079696,,,,,
PLUG,Experiment 1 — Univariate Close,2024-05-20,5,3.200000047683716,3.25,3.200000047683716,3.200529198405964,3.2006576980655113,3.1606929341789693,,3.157087059234024,,2.9351310690511916,2.8807880372301993,,,,,
PLUG,Experiment 1 — Univariate Close,2024-05-20,10,3.200000047683716,3.220000028610229,3.200000047683716,3.2005274616900343,3.2006576980655113,3.1218686485333014,,3.114749547206283,,3.057407424709311,2.944334930896496,,,,,
PLUG,Experiment 1 — Univariate Close,2024-05-20,20,3.200000047683716,2.640000104904175,3.200000047683716,3.200527467370903,3.2006576980655113,3.045644910458586,,3.031770186642399,,3.3648700738678876,3.5921797019200903,,,,,
PLUG,Experiment 1 — Univariate Close,2024-09-12,1,1.940000057220459,1.9600000381469729,1.940000057220459,1.9398180937060812,1.9399902190268843,1.9350612463855683,1.9344134776360153,1.934651646133144,,1.8891788849145996,1.8613838550716177,,,,,
PLUG,Experiment 1 — Univariate Close,2024-09-12,5,1.940000057220459,2.059999942779541,1.940000057220459,1.9398597625134144,1.9399902190268843,1.9154314145639855,,1.9134050468668364,,1.6189097828334553,1.6137201102162408,,,,,
PLUG,Experiment 1 — Univariate Close,2024-09-12,10,1.940000057220459,2.059999942779541,1.940000057220459,1.9398601044669372,1.9399902190268843,1.8911739153014182,,1.8871746213353002,,1.5399715180425488,1.4660030855177393,,,,,
PLUG,Experiment 1 — Univariate Close,2024-09-12,20,1.940000057220459,1.9700000286102293,1.940000057220459,1.9398601036354632,1.9399902190268843,1.8435766352712344,,1.835787601220322,,1.7137579073336795,1.5721476670907655,,,,,
PLUG,Experiment 1 — Univariate Close,2025-01-06,1,3.150000095367432,2.950000047683716,3.150000095367432,3.1658309630797032,3.143412672676622,3.142150692474583,3.1411292906799364,3.141540915712527,,3.0824811517308457,3.1576702916536132,,,,,
PLUG,Experiment 1 — Univariate Close,2025-01-06,5,3.150000095367432,2.6600000858306885,3.150000095367432,3.1618137889981384,3.143412672676622,3.110948191325321,,3.107930755223729,,2.8411991290389733,2.7058710040416742,,,,,
PLUG,Experiment 1 — Univariate Close,2025-01-06,10,3.150000095367432,2.0299999713897705,3.150000095367432,3.1617552534605857,3.143412672676622,3.072380430509604,,3.066423265659881,,2.937332436709305,2.9559739929364044,,,,,
PLUG,Experiment 1 — Univariate Close,2025-01-06,20,3.150000095367432,1.850000023841858,3.150000095367432,3.161755541523748,3.143412672676622,2.996673404442327,,2.985063923651533,,2.926053452417215,2.760959349082429,,,,,
PLUG,Experiment 1 — Univariate Close,2025-05-01,1,0.8500000238418579,0.8399999737739563,0.8500000238418579,0.8497960327247152,0.8502667240304177,0.8477531532779568,0.8474484742288776,0.8475622844802903,,0.8381240236035761,0.8363974586999545,,,,,
PLUG,Experiment 1 — Univariate Close,2025-05-01,5,0.8500000238418579,0.8500000238418579,0.8500000238418579,0.8498474945073239,0.8502667240304177,0.8388249074920131,,0.8378810394408208,,0.8282973722055249,0.7985529645877018,,,,,
PLUG,Experiment 1 — Univariate Close,2025-05-01,10,0.8500000238418579,0.699999988079071,0.8500000238418579,0.8498482277014275,0.8502667240304177,0.8277967125797326,,0.8259348430148343,,0.8483951930728892,0.8509845723543324,,,,,
PLUG,Experiment 1 — Univariate Close,2025-05-01,20,0.8500000238418579,0.8799999952316284,0.8500000238418579,0.849848224193661,0.8502667240304177,0.8061733860436955,,0.8025509950254496,,0.9388989793857814,0.9290549687346551,,,,,
PLUG,Experiment 1 — Univariate Close,2025-08-25,1,1.6699999570846558,1.649999976158142,1.6699999570846558,1.668637601028105,1.6701040005204133,1.665651435247505,1.6650376556897226,1.6652733614673967,,1.68957651364601,1.7199102950400962,,,,,
PLUG,Experiment 1 — Univariate Close,2025-08-25,5,1.6699999570846558,1.4800000190734863,1.6699999570846558,1.6690681861387817,1.6701040005204133,1.648370284831881,,1.6465003775929816,,1.6490831381707953,1.532359210802741,,,,,
PLUG,Experiment 1 — Univariate Close,2025-08-25,10,1.6699999570846558,1.409999966621399,1.6699999570846558,1.6692122465693586,1.6701040005204133,1.6270207579286784,,1.6233314748980001,,1.6052576771997118,1.4750858020297872,,,,,
PLUG,Experiment 1 — Univariate Close,2025-08-25,20,1.6699999570846558,2.5299999713897705,1.6699999570846558,1.6691934127787786,1.6701040005204133,1.5851476735077659,,1.577967152762587,,1.2807731649464582,1.2122018138383621,,,,,
PLUG,Experiment 1 — Univariate Close,2025-12-16,1,2.289999961853028,2.1600000858306885,2.289999961853028,2.290861493882656,2.2891372899799944,2.284042256988779,2.283209004010542,2.283544951884814,,2.208267461119132,2.260498879839315,,,,,
PLUG,Experiment 1 — Univariate Close,2025-12-16,5,2.289999961853028,2.049999952316284,2.289999961853028,2.290608356219369,2.2891372899799944,2.2603660315292866,,2.257906352488869,,2.1621208006584145,2.1654540915501777,,,,,
PLUG,Experiment 1 — Univariate Close,2025-12-16,10,2.289999961853028,1.9700000286102293,2.289999961853028,2.290465539700004,2.2891372899799944,2.231115581485485,,2.2262625246876695,,2.0740849350597306,2.1521369592819193,,,,,
PLUG,Experiment 1 — Univariate Close,2025-12-16,20,2.289999961853028,2.259999990463257,2.289999961853028,2.290491192638448,2.2891372899799944,2.173745336624068,,2.1642990879433075,,2.1944532401384724,2.2654291461809954,,,,,
PLUG,Experiment 1 — Univariate Close,2026-04-13,1,2.7699999809265137,2.940000057220459,2.7699999809265137,2.7694635131267162,2.7696228005560957,2.762796139023394,2.761821202064065,2.7621982446534057,,2.8307288007354376,2.831942725148844,,,,,
PLUG,Experiment 1 — Univariate Close,2026-04-13,5,2.7699999809265137,3.220000028610229,2.7699999809265137,2.7696130773707837,2.7696228005560957,2.7341676326078046,,2.7312104183253565,,2.838727600008121,2.9165550576022854,,,,,
PLUG,Experiment 1 — Univariate Close,2026-04-13,10,2.7699999809265137,3.0799999237060547,2.7699999809265137,2.769721580363243,2.7696228005560957,2.6987988067421185,,2.692964043513784,,2.9659071396212653,3.271456805492576,,,,,
PLUG,Experiment 1 — Univariate Close,2026-04-13,20,2.7699999809265137,3.5199999809265137,2.7699999809265137,2.7696996841905834,2.7696228005560957,2.6294278156769093,,2.61807053775951,,3.3764304386045367,4.0202691149078715,,,,,
PLUG,Experiment 1 — Univariate Close,2026-08-06,1,2.069999933242798,2.180000066757202,2.069999933242798,2.0700156731432613,2.0703877963985486,2.0643601113957506,2.0636494194081814,2.063933325303615,,2.1200061761852194,2.1719647140762355,,,,,
PLUG,Experiment 1 — Univariate Close,2026-08-06,5,2.069999933242798,2.299999952316284,2.069999933242798,2.0700113070428987,2.0703877963985486,2.041954065785616,,2.0398441690506868,,2.3474599750266485,2.288914626510654,,,,,
PLUG,Experiment 1 — Univariate Close,2026-08-06,10,2.069999933242798,2.200000047683716,2.069999933242798,2.070008069503587,2.0703877963985486,2.0142881841771265,,2.0101277141065648,,2.144687888560541,2.042106893944385,,,,,
PLUG,Experiment 1 — Univariate Close,2026-08-06,20,2.069999933242798,2.109999895095825,2.069999933242798,2.070008728742743,2.0703877963985486,1.9600758549588244,,1.951987225762555,,2.1722088277160267,1.8899102610629435,,,,,
PLUG,Experiment 2 — OHLCV,2011-03-11,1,6.5,6.199999809265137,6.5,6.49385910659787,6.500000002848737,6.472156677271961,6.476552964403697,6.480823190532371,,6.526195723097771,6.46901962517687,,,,,
PLUG,Experiment 2 — OHLCV,2011-03-11,5,6.5,6.199999809265137,6.5,6.494727836875369,6.500000002404162,6.361970981548558,,6.404680055209475,,6.493726181361126,6.432220852710709,,,,,
PLUG,Experiment 2 — OHLCV,2011-03-11,10,6.5,6.5,6.5,6.494728481334007,6.500000001994994,6.226873041548603,,6.310757939938161,,6.573871708009392,7.1656551117090554,,,,,
PLUG,Experiment 2 — OHLCV,2011-03-11,20,6.5,6.800000190734863,6.5,6.494728481255208,6.500000001497951,5.965222750086886,,6.127025504075776,,6.480347630800679,6.917558210736268,,,,,
PLUG,Experiment 2 — OHLCV,2011-07-05,1,2.2799999713897705,2.259999990463257,2.2799999713897705,2.2771238954615223,2.2781465535013607,2.2697567960036413,2.2694431902154855,2.2708863953927017,,2.2319315449964803,2.2289252575714773,,,,,
PLUG,Experiment 2 — OHLCV,2011-07-05,5,2.2799999713897705,2.0799999237060547,2.2799999713897705,2.275437650050213,2.2722558360574006,2.2292422186852767,,2.2347949244589347,,2.230264434544482,2.251371162078981,,,,,
PLUG,Experiment 2 — OHLCV,2011-07-05,10,2.2799999713897705,2.2799999713897705,2.2799999713897705,2.275404086288303,2.2674204439568917,2.179614443828125,,2.190486147832336,,2.190458396008662,2.168381493963549,,,,,
PLUG,Experiment 2 — OHLCV,2011-07-05,20,2.2799999713897705,2.119999885559082,2.2799999713897705,2.2754038373011802,2.26251609012241,2.0836487646306385,,2.10448667721719,,2.2452049554780285,2.2236002236260433,,,,,
PLUG,Experiment 2 — OHLCV,2011-10-25,1,2.1700000762939453,2.0299999713897705,2.1700000762939453,2.165631083525605,2.1734352501959715,2.1628651980928897,2.162061948010443,2.162995630418816,,2.2102439440779875,2.283646645624976,,,,,
PLUG,Experiment 2 — OHLCV,2011-10-25,5,2.1700000762939453,2.119999885559082,2.1700000762939453,2.164344762425944,2.1843896427332927,2.134559507323424,,2.1352032116641526,,2.5941236011787794,2.5507207867062593,,,,,
PLUG,Experiment 2 — OHLCV,2011-10-25,10,2.1700000762939453,2.1700000762939453,2.1700000762939453,2.164341270288888,2.1934373333050843,2.099697755811333,,2.100964329405555,,2.327715480210202,2.666982175922225,,,,,
PLUG,Experiment 2 — OHLCV,2011-10-25,20,2.1700000762939453,2.140000104904175,2.1700000762939453,2.164341268128354,2.202703217574758,2.0316730464307815,,2.0341248655498263,,2.6196274995933777,2.4129076085156433,,,,,
PLUG,Experiment 2 — OHLCV,2012-02-17,1,2.309999942779541,2.3299999237060547,2.309999942779541,2.3137325179313986,2.3119054049903776,2.3034050159711703,2.3018348935059985,2.303024077520801,,2.315413433100111,2.3542438697854853,,,,,
PLUG,Experiment 2 — OHLCV,2012-02-17,5,2.309999942779541,2.4200000762939453,2.309999942779541,2.3146693413940818,2.318019887007925,2.2772130536184747,,2.275330642307364,,2.2878254847971564,2.2188314155908433,,,,,
PLUG,Experiment 2 — OHLCV,2012-02-17,10,2.309999942779541,2.059999942779541,2.309999942779541,2.314670864574604,2.3231291775961895,2.244891523819957,,2.2411816710235,,2.2041401230689104,2.0852161246668848,,,,,
PLUG,Experiment 2 — OHLCV,2012-02-17,20,2.309999942779541,1.7699999809265137,2.309999942779541,2.3146708650711334,2.328457836038772,2.181618215823327,,2.1744135960833906,,2.389505774458266,2.307810789911961,,,,,
PLUG,Experiment 2 — OHLCV,2012-06-12,1,1.1699999570846558,1.1799999475479126,1.1699999570846558,1.1708279659137808,1.1696630011074483,1.165976468239735,1.1651193032341527,1.1655857804523442,,1.180422908197619,1.158965533162248,,,,,
PLUG,Experiment 2 — OHLCV,2012-06-12,5,1.1699999570846558,1.149999976158142,1.1699999570846558,1.1709859934837592,1.168584488855527,1.150020400796473,,1.1480949848784014,,1.195573627867541,1.2483001741725248,,,,,
PLUG,Experiment 2 — OHLCV,2012-06-12,10,1.1699999570846558,1.1200000047683716,1.1699999570846558,1.1709860978864688,1.1676875347852804,1.1303820262895845,,1.1266001219242467,,1.3229120383203181,1.2409494522279567,,,,,
PLUG,Experiment 2 — OHLCV,2012-06-12,20,1.1699999570846558,1.100000023841858,1.1699999570846558,1.1709860978975195,1.1667589803392402,1.0921056172877228,,1.0848101549356655,,1.4189520234941675,1.262055236464281,,,,,
PLUG,Experiment 2 — OHLCV,2012-10-03,1,0.8399999737739563,0.8500000238418579,0.8399999737739563,0.8418113874643987,0.8397348135911407,0.8373311611825685,0.8368467231596587,0.8370591770191511,,0.8302313267136758,0.8271995072977292,,,,,
PLUG,Experiment 2 — OHLCV,2012-10-03,5,0.8399999737739563,0.8600000143051147,0.8399999737739563,0.8420902630641947,0.8388860048726594,0.8267404342371998,,0.8253985859711337,,0.8253367693829969,0.8201753457084381,,,,,
PLUG,Experiment 2 — OHLCV,2012-10-03,10,0.8399999737739563,0.8100000023841858,0.8399999737739563,0.8420903511737068,0.8381799350653443,0.8136901987411767,,0.8110510083259598,,0.8000383982618007,0.768966061235483,,,,,
PLUG,Experiment 2 — OHLCV,2012-10-03,20,0.8399999737739563,0.7900000214576721,0.8399999737739563,0.8420903511774164,0.8374487455779667,0.7882044764273103,,0.783099712671623,,0.6644008208501644,0.669077147955645,,,,,
PLUG,Experiment 2 — OHLCV,2013-01-30,1,0.4600000083446502,0.449999988079071,0.4600000083446502,0.45907453830989164,0.4592280966993304,0.45843419918226386,0.45816051876757147,0.45828816333940686,,0.4618098845009256,0.4683842897230633,,,,,
PLUG,Experiment 2 — OHLCV,2013-01-30,5,0.4600000083446502,0.3700000047683716,0.4600000083446502,0.45896067075512975,0.4567550075410742,0.45222408050798196,,0.45150425132493294,,0.4808338528925618,0.4696770320554895,,,,,
PLUG,Experiment 2 — OHLCV,2013-01-30,10,0.4600000083446502,0.25,0.4600000083446502,0.4589606542754407,0.4546945442629221,0.4445795984378881,,0.44316540275310423,,0.43957528695665476,0.4744146295124183,,,,,
PLUG,Experiment 2 — OHLCV,2013-01-30,20,0.4600000083446502,0.1700000017881393,0.4600000083446502,0.4589606542751791,0.452555481668436,0.4296761212210801,,0.42694689268391,,0.4461648609214605,0.4414288298535688,,,,,
PLUG,Experiment 2 — OHLCV,2013-05-23,1,0.2800000011920929,0.3300000131130218,0.2800000011920929,0.2819178180444879,0.2807283527860518,0.27899420277324843,0.27882125396773433,0.2789211727978954,,0.28492821553957554,0.28314882157991045,,,,,
PLUG,Experiment 2 — OHLCV,2013-05-23,5,0.2800000011920929,0.3799999952316284,0.2800000011920929,0.28163957509647003,0.28306125894644824,0.27500700920721816,,0.2746472661848901,,0.27845222228479055,0.29155384952935465,,,,,
PLUG,Experiment 2 — OHLCV,2013-05-23,10,0.2800000011920929,0.3799999952316284,0.2800000011920929,0.28163934646197386,0.28500396444914267,0.2701030528253966,,0.2693968589345993,,0.27134854730260605,0.27202543557252473,,,,,
PLUG,Experiment 2 — OHLCV,2013-05-23,20,0.2800000011920929,0.4199999868869781,0.2800000011920929,0.28163934649375905,0.28701921119643,0.2605559244106862,,0.2591952403387271,,0.1510876125569327,0.11782427160205379,,,,,
PLUG,Experiment 2 — OHLCV,2013-09-16,1,0.6200000047683716,0.5899999737739563,0.6200000047683716,0.6273489602116287,0.6209511460497005,0.6179418184619774,0.6176548024759156,0.61787394324098,,0.678771553938593,0.6927442798303066,,,,,
PLUG,Experiment 2 — OHLCV,2013-09-16,5,0.6200000047683716,0.5799999833106995,0.6200000047683716,0.6260420365587919,0.6240004582000644,0.6097771714891562,,0.6094423530023048,,0.7061160264081803,0.6809542749732769,,,,,
PLUG,Experiment 2 — OHLCV,2013-09-16,10,0.6200000047683716,0.7400000095367432,0.6200000047683716,0.6260392081305521,0.6265440944346935,0.5997228967897003,,0.5990644818974578,,0.708925234763278,0.7750316654446535,,,,,
PLUG,Experiment 2 — OHLCV,2013-09-16,20,0.6200000047683716,0.6399999856948853,0.6200000047683716,0.6260392094475975,0.6291897949037336,0.5801089518833136,,0.5788358882434917,,0.353371912574552,0.5616796931424685,,,,,
PLUG,Experiment 2 — OHLCV,2014-01-08,1,4.550000190734863,3.319999933242798,4.550000190734863,4.607252120568613,4.651887779230824,4.535029040316611,4.532912469766918,4.534355488841208,,4.665728626501794,4.248927974589849,,,,,
PLUG,Experiment 2 — OHLCV,2014-01-08,5,4.550000190734863,3.799999952316284,4.550000190734863,4.60183171033223,4.892505529809163,4.475635425591796,,4.472312761623793,,3.9669508831169225,3.4904465129923756,,,,,
PLUG,Experiment 2 — OHLCV,2014-01-08,10,4.550000190734863,3.0799999237060547,4.550000190734863,4.601831077982704,5.004737682312198,4.402486071012018,,4.39595178007072,,3.92885593626805,4.302094605244039,,,,,
PLUG,Experiment 2 — OHLCV,2014-01-08,20,4.550000190734863,3.180000066757202,4.550000190734863,4.601831077990377,5.053564749658399,4.25975445999366,,4.247118954424897,,5.485100654223743,4.926674917702322,,,,,
PLUG,Experiment 2 — OHLCV,2014-05-02,1,4.5,4.059999942779541,4.5,4.481027232661472,4.521806567007824,4.484675162538266,4.483215385474895,4.484697813938195,,5.472895413637161,4.534859505710083,,,,,
PLUG,Experiment 2 — OHLCV,2014-05-02,5,4.5,3.7200000286102295,4.5,4.486301960533319,4.489559672883739,4.423895928726256,,4.424007651921989,,4.894251901656389,4.792208644327063,,,,,
PLUG,Experiment 2 — OHLCV,2014-05-02,10,4.5,4.289999961853027,4.5,4.4864421823585365,4.461097157142688,4.349078930711276,,4.349298600947624,,5.021440140902996,4.174526606352953,,,,,
PLUG,Experiment 2 — OHLCV,2014-05-02,20,4.5,4.380000114440918,4.5,4.486440759507234,4.428740909660996,4.203219454568163,,4.203644071156658,,9.747757494449615,9.462484244643123,,,,,
PLUG,Experiment 2 — OHLCV,2014-08-25,1,6.010000228881836,5.75,6.010000228881836,6.014102704505215,5.989655825647165,5.990927985551347,5.9889682663567045,5.990527000036147,,6.203970426257513,6.006454842006596,,,,,
PLUG,Experiment 2 — OHLCV,2014-08-25,5,6.010000228881836,5.420000076293945,6.010000228881836,6.012948477519548,5.99715394728673,5.9152423366053934,,5.913263003014078,,5.968320449381729,6.748300429877538,,,,,
PLUG,Experiment 2 — OHLCV,2014-08-25,10,6.010000228881836,5.269999980926514,6.010000228881836,6.01291559327902,6.003709223616458,5.821978463930734,,5.818082863754006,,6.516186357269888,6.526419531644824,,,,,
PLUG,Experiment 2 — OHLCV,2014-08-25,20,6.010000228881836,4.579999923706055,6.010000228881836,6.012915955885008,6.0110497520400905,5.639838925726552,,5.632293996735144,,8.147613400566343,8.81980806668073,,,,,
PLUG,Experiment 2 — OHLCV,2014-12-16,1,2.7300000190734863,2.940000057220459,2.7300000190734863,2.730230249886556,2.735498980048428,2.7203337726697407,2.7195875782447643,2.720147187354167,,2.6339558963100362,2.5905368317121598,,,,,
PLUG,Experiment 2 — OHLCV,2014-12-16,5,2.7300000190734863,3.059999942779541,2.7300000190734863,2.730166089541304,2.7187641536076077,2.682009834928625,,2.681090177543352,,3.2274602483695958,3.24677252363413,,,,,
PLUG,Experiment 2 — OHLCV,2014-12-16,10,2.7300000190734863,3.0,2.7300000190734863,2.7301643753389335,2.704155910301017,2.6348632616841914,,2.6330565897061815,,2.6894882900603934,2.821700224951853,,,,,
PLUG,Experiment 2 — OHLCV,2014-12-16,20,2.7300000190734863,2.549999952316284,2.7300000190734863,2.730164392849998,2.687837035006744,2.543041889841898,,2.5395556615959585,,2.764374384179591,2.6839707537190574,,,,,
PLUG,Experiment 2 — OHLCV,2015-04-13,1,2.5899999141693115,2.6700000762939453,2.5899999141693115,2.5912374592518486,2.5925457563510617,2.5813057437326092,2.580536767096258,2.5809898765966532,,2.5775405821980355,2.6068287887880515,,,,,
PLUG,Experiment 2 — OHLCV,2015-04-13,5,2.5899999141693115,2.720000028610229,2.5899999141693115,2.5908899446949154,2.591468240353341,2.546819931831916,,2.5452620771192636,,2.556112234746875,2.6161587864331124,,,,,
PLUG,Experiment 2 — OHLCV,2015-04-13,10,2.5899999141693115,2.5899999141693115,2.5899999141693115,2.5908801698663333,2.5905154958275953,2.5043598378869705,,2.5012970100036727,,2.5329041536447026,2.6201467816527395,,,,,
PLUG,Experiment 2 — OHLCV,2015-04-13,20,2.5899999141693115,2.549999952316284,2.5899999141693115,2.590880276022093,2.589429384993568,2.421551507901423,,2.41563202300721,,2.3625984720248994,2.3295647102800157,,,,,
PLUG,Experiment 2 — OHLCV,2015-08-04,1,2.720000028610229,2.7799999713897705,2.720000028610229,2.706176688169086,2.734606448251979,2.7112093174166625,2.7100116748128027,2.7107671742644284,,2.7358446731594865,2.7619118232374604,,,,,
PLUG,Experiment 2 — OHLCV,2015-08-04,5,2.720000028610229,2.3299999237060547,2.720000028610229,2.710042647010543,2.7380252008242834,2.6763296610878333,,2.6741480977962433,,2.5190175023396306,2.433995252031958,,,,,
PLUG,Experiment 2 — OHLCV,2015-08-04,10,2.720000028610229,2.259999990463257,2.720000028610229,2.710149930754427,2.7410498068184146,2.633360433631423,,2.629069107988602,,2.480450402362736,2.324407709471284,,,,,
PLUG,Experiment 2 — OHLCV,2015-08-04,20,2.720000028610229,1.659999966621399,2.720000028610229,2.710148785225563,2.7445009197806756,2.5494805516449457,,2.5411780521604035,,2.4083663240078574,2.334757395434708,,,,,
PLUG,Experiment 2 — OHLCV,2015-11-24,1,1.940000057220459,2.069999933242798,1.940000057220459,1.9409051325754394,1.9361291862808812,1.9339907518245347,1.9332324921667434,1.9338342833345834,,1.9514756202915984,1.9523460861485287,,,,,
PLUG,Experiment 2 — OHLCV,2015-11-24,5,1.940000057220459,2.109999895095825,1.940000057220459,1.9406646589825534,1.934956496352862,1.9101390975829993,,1.9093665286787125,,1.6847354372551138,1.9877176628144455,,,,,
PLUG,Experiment 2 — OHLCV,2015-11-24,10,1.940000057220459,1.9900000095367432,1.940000057220459,1.940659963925561,1.9339003036041065,1.8807377652054211,,1.8792167182004913,,1.7246690385606556,1.9127236573654458,,,,,
PLUG,Experiment 2 — OHLCV,2015-11-24,20,1.940000057220459,2.2699999809265137,1.940000057220459,1.9406599968537204,1.9326606036957132,1.823285792340532,,1.8203378194864224,,1.654018423168857,2.0643826142027044,,,,,
PLUG,Experiment 2 — OHLCV,2016-03-21,1,2.069999933242798,2.0799999237060547,2.069999933242798,2.067646235724119,2.0706575313344344,2.063822711770653,2.0629943220532496,2.0636046468270464,,2.117697953012131,2.116729921106236,,,,,
PLUG,Experiment 2 — OHLCV,2016-03-21,5,2.069999933242798,2.0799999237060547,2.069999933242798,2.068271278963315,2.0711712208987376,2.039297615090674,,2.0382204747133867,,2.1397273694588588,2.1573826058108923,,,,,
PLUG,Experiment 2 — OHLCV,2016-03-21,10,2.069999933242798,2.0,2.069999933242798,2.0682834908691667,2.071635760278455,2.0090506748952235,,2.006928907013441,,2.06535591014271,2.0417908456358003,,,,,
PLUG,Experiment 2 — OHLCV,2016-03-21,20,2.069999933242798,2.0999999046325684,2.069999933242798,2.068283405173282,2.072184529558289,1.9498960118195918,,1.9457795979231727,,1.872213057623215,1.7923004081176508,,,,,
PLUG,Experiment 2 — OHLCV,2016-07-13,1,1.7400000095367432,1.7300000190734863,1.7400000095367432,1.7373110724733085,1.742223961985956,1.7347974771729913,1.7339718130290183,1.7345938627027049,,1.7618787993199732,1.7456595748572277,,,,,
PLUG,Experiment 2 — OHLCV,2016-07-13,5,1.7400000095367432,1.7899999618530271,1.7400000095367432,1.738024154817846,1.7420745056840883,1.714142437007911,,1.7131367222543066,,1.812797724109533,1.8360296078312452,,,,,
PLUG,Experiment 2 — OHLCV,2016-07-13,10,1.7400000095367432,1.7899999618530271,1.7400000095367432,1.738037979743753,1.7419392324194876,1.68866912542932,,1.6866881684199524,,1.8140094701531808,1.8002082328550526,,,,,
PLUG,Experiment 2 — OHLCV,2016-07-13,20,1.7400000095367432,1.7000000476837158,1.7400000095367432,1.7380378836342767,1.7417792119168443,1.6388525284763844,,1.6350097482156238,,1.714219911515976,1.7030962448773619,,,,,
PLUG,Experiment 2 — OHLCV,2016-11-02,1,1.4800000190734863,1.4800000190734863,1.4800000190734863,1.4755758180946787,1.4873471248818473,1.47553677050127,1.4748089896368042,1.475325592569011,,1.4761398467389713,1.4959853943111312,,,,,
PLUG,Experiment 2 — OHLCV,2016-11-02,5,1.4800000190734863,1.25,1.4800000190734863,1.4767499591528899,1.4869301534661035,1.4578179694786582,,1.4567750579023953,,1.5043497312971832,1.541226054282364,,,,,
PLUG,Experiment 2 — OHLCV,2016-11-02,10,1.4800000190734863,1.4800000190734863,1.4800000190734863,1.4767729123063686,1.4865525951934762,1.4359683815851045,,1.4339145553897144,,1.5451161766993504,1.5289849277031033,,,,,
PLUG,Experiment 2 — OHLCV,2016-11-02,20,1.4800000190734863,1.4199999570846558,1.4800000190734863,1.4767727511715532,1.4861056717065926,1.3932467340122106,,1.3892641389597105,,1.5137374756362787,1.476754323769764,,,,,
PLUG,Experiment 2 — OHLCV,2017-02-28,1,1.0800000429153442,1.0700000524520874,1.0800000429153442,1.0785228435283842,1.0837317454094437,1.0764839914957107,1.0759786077221798,1.0762739079885968,,1.108190890925759,1.1289884314643375,,,,,
PLUG,Experiment 2 — OHLCV,2017-02-28,5,1.0800000429153442,1.0700000524520874,1.0800000429153442,1.078907745565989,1.083625970327463,1.0625338824356325,,1.0614974818159155,,1.1202664967980565,1.1072138024938927,,,,,
PLUG,Experiment 2 — OHLCV,2017-02-28,10,1.0800000429153442,1.0299999713897705,1.0800000429153442,1.078914430007322,1.0835299793366993,1.0453501911686809,,1.0433119065994818,,1.1268006398499248,1.1203543752002172,,,,,
PLUG,Experiment 2 — OHLCV,2017-02-28,20,1.0800000429153442,1.5,1.0800000429153442,1.078914389330982,1.083415949635144,1.0118120173649412,,1.0078700844436612,,1.309978237349915,1.2949281252665448,,,,,
PLUG,Experiment 2 — OHLCV,2017-06-21,1,2.150000095367432,2.2100000381469727,2.150000095367432,2.148253522210227,2.1571617529885603,2.143084234201932,2.1420371129757405,2.1426217636493,,2.139911623410422,2.1220708897524796,,,,,
PLUG,Experiment 2 — OHLCV,2017-06-21,5,2.150000095367432,2.130000114440918,2.150000095367432,2.148742771614521,2.1575540693725332,2.1156425361903146,,2.113360777574131,,2.252404457588965,2.2344801963342156,,,,,
PLUG,Experiment 2 — OHLCV,2017-06-21,10,2.150000095367432,2.069999933242798,2.150000095367432,2.1487563467213517,2.1579096527066923,2.0818340197202896,,2.07734585026865,,2.1459296584128253,2.309176163200285,,,,,
PLUG,Experiment 2 — OHLCV,2017-06-21,20,2.150000095367432,2.119999885559082,2.150000095367432,2.148756201693793,2.158331221555377,2.0158291597303672,,2.0071467861450905,,2.4505124352060013,2.5774226331251646,,,,,
PLUG,Experiment 2 — OHLCV,2017-10-12,1,2.869999885559082,2.799999952316284,2.869999885559082,2.878673330678479,2.8611187014987305,2.861574258444796,2.8601213138040618,2.861004026346729,,2.8991923327279423,2.8403965395766164,,,,,
PLUG,Experiment 2 — OHLCV,2017-10-12,5,2.869999885559082,2.5299999713897705,2.869999885559082,2.8762022746988296,2.8624451133997293,2.828118380955689,,2.8253016773960224,,2.953132623863075,3.120996204683291,,,,,
PLUG,Experiment 2 — OHLCV,2017-10-12,10,2.869999885559082,2.690000057220459,2.869999885559082,2.8761258338330724,2.8636417599101027,2.7868480472574486,,2.7812996120527034,,3.002992365533377,3.260986179457521,,,,,
PLUG,Experiment 2 — OHLCV,2017-10-12,20,2.869999885559082,2.509999990463257,2.869999885559082,2.8761267633207863,2.8650500518466004,2.7061053478020334,,2.6953407109622938,,2.670724072430339,2.493906185297612,,,,,
PLUG,Experiment 2 — OHLCV,2018-02-06,1,1.840000033378601,1.9800000190734863,1.840000033378601,1.8460471140947277,1.8366868530052163,1.8344760826834487,1.8336656290689914,1.8341659001102188,,1.855182137913742,1.8717567276519997,,,,,
PLUG,Experiment 2 — OHLCV,2018-02-06,5,1.840000033378601,1.7799999713897705,1.840000033378601,1.8443211081348354,1.835556697496049,1.81254561990582,,1.8110137657272436,,2.0395941323486584,1.8748839705112437,,,,,
PLUG,Experiment 2 — OHLCV,2018-02-06,10,1.840000033378601,1.9900000095367432,1.840000033378601,1.8442670382338668,1.8345322358747969,1.7855008503490506,,1.7824841305199701,,2.027046125944082,2.0550509127225602,,,,,
PLUG,Experiment 2 — OHLCV,2018-02-06,20,1.840000033378601,1.830000042915344,1.840000033378601,1.8442677055750383,1.833317431987411,1.732615885198309,,1.7267660966948355,,1.9570541063323708,1.97044524767224,,,,,
PLUG,Experiment 2 — OHLCV,2018-05-31,1,1.870000004768372,1.8899999856948853,1.870000004768372,1.8666646528571067,1.8818271783380658,1.8646033093032113,1.863820668555887,1.8643068526958262,,1.859558989444201,1.8829271752344239,,,,,
PLUG,Experiment 2 — OHLCV,2018-05-31,5,1.870000004768372,1.850000023841858,1.870000004768372,1.8676339397935027,1.8814617736466768,1.8431718236576964,,1.841707043621542,,1.93382926931117,1.9448707797903697,,,,,
PLUG,Experiment 2 — OHLCV,2018-05-31,10,1.870000004768372,1.9900000095367432,1.870000004768372,1.8676691066005968,1.8811300452482063,1.8167285362902676,,1.8138421528749338,,2.0847344640157526,2.131645299623902,,,,,
PLUG,Experiment 2 — OHLCV,2018-05-31,20,1.870000004768372,1.9900000095367432,1.870000004768372,1.8676685913640612,1.8807357456015985,1.7649746343076589,,1.759370773880556,,2.2400286113220518,2.2707634375919943,,,,,
PLUG,Experiment 2 — OHLCV,2018-09-21,1,1.899999976158142,1.8799999952316284,1.899999976158142,1.8967958221526333,1.9035936653776138,1.894818031895665,1.8940126991214672,1.8945168942608013,,1.9958506307644197,1.9738758847192683,,,,,
PLUG,Experiment 2 — OHLCV,2018-09-21,5,1.899999976158142,1.919999957084656,1.899999976158142,1.8977203751498748,1.9036014734060367,1.874231199111496,,1.8727423432628751,,1.9226083219008356,1.9764658442265746,,,,,
PLUG,Experiment 2 — OHLCV,2018-09-21,10,1.899999976158142,1.870000004768372,1.899999976158142,1.8977521648775844,1.903608565151135,1.848811911474751,,1.8458757517151745,,1.9808618729100491,1.9321886273811002,,,,,
PLUG,Experiment 2 — OHLCV,2018-09-21,20,1.899999976158142,1.940000057220459,1.899999976158142,1.897751727483597,1.9036170008174556,1.79900290889605,,1.7932933334344767,,2.061592924802329,1.9352843750274733,,,,,
PLUG,Experiment 2 — OHLCV,2019-01-17,1,1.399999976158142,1.3799999952316284,1.399999976158142,1.4001212550524478,1.3987066738643124,1.3960545184591011,1.395443597283604,1.3957795083926205,,1.4208676370032318,1.396510291930792,,,,,
PLUG,Experiment 2 — OHLCV,2019-01-17,5,1.399999976158142,1.3600000143051147,1.399999976158142,1.4000883400596267,1.3986299710297834,1.3803835650118876,,1.3790244854154858,,1.361430210531946,1.4203814336808385,,,,,
PLUG,Experiment 2 — OHLCV,2019-01-17,10,1.399999976158142,1.340000033378601,1.399999976158142,1.4000876029615958,1.3985602037894231,1.3610420135747845,,1.3583632598295352,,1.3321866553649446,1.3546024747958345,,,,,
PLUG,Experiment 2 — OHLCV,2019-01-17,20,1.399999976158142,1.6200000047683716,1.399999976158142,1.400087609058707,1.398477024455992,1.323168138758922,,1.3179648407696087,,1.467332436487803,1.4938416091303786,,,,,
PLUG,Experiment 2 — OHLCV,2019-05-13,1,2.2300000190734863,2.2799999713897705,2.2300000190734863,2.226988590348502,2.246927878893059,2.224020689316039,2.223036568835597,2.223626308340707,,2.232349897279945,2.2763600169056355,,,,,
PLUG,Experiment 2 — OHLCV,2019-05-13,5,2.2300000190734863,2.569999933242798,2.2300000190734863,2.227890115540599,2.245983166823885,2.200263265573844,,2.1983131167248913,,2.3552486730648816,2.4695822307082076,,,,,
PLUG,Experiment 2 — OHLCV,2019-05-13,10,2.2300000190734863,2.6700000762939453,2.2300000190734863,2.2283459541875463,2.2451301180619314,2.1709230477249344,,2.167076465395068,,2.378493767980249,2.299490869998816,,,,,
PLUG,Experiment 2 — OHLCV,2019-05-13,20,2.2300000190734863,2.619999885559082,2.2300000190734863,2.2282687211263545,2.244124775049615,2.113411138490224,,2.1059284155613387,,2.387032027991637,2.5601105089470737,,,,,
PLUG,Experiment 2 — OHLCV,2019-09-04,1,2.150000095367432,2.1700000762939453,2.150000095367432,2.1507588665725237,2.1491420223507878,2.1443828785909402,2.143306183761024,2.1439807008686023,,2.148477503514134,2.1528376745312876,,,,,
PLUG,Experiment 2 — OHLCV,2019-09-04,5,2.150000095367432,2.5,2.150000095367432,2.150527012199079,2.1490798250722256,2.122060387266381,,2.120071177794008,,2.1012926582062312,2.123981871634917,,,,,
PLUG,Experiment 2 — OHLCV,2019-09-04,10,2.150000095367432,2.819999933242798,2.150000095367432,2.1504239625418107,2.149023457538474,2.094483761609119,,2.09055888350774,,2.09097855015558,2.10162722980644,,,,,
PLUG,Experiment 2 — OHLCV,2019-09-04,20,2.150000095367432,2.4100000858306885,2.150000095367432,2.150440173085355,2.1489566414438324,2.0404009456076686,,2.0327610472343847,,2.1179870279741335,2.293348417823463,,,,,
PLUG,Experiment 2 — OHLCV,2019-12-26,1,3.150000095367432,3.0799999237060547,3.150000095367432,3.14891945897286,3.1413854612999024,3.1425731126880643,3.1410330442533856,3.1420481185420015,,3.2577552272965176,3.2310903072445445,,,,,
PLUG,Experiment 2 — OHLCV,2019-12-26,5,3.150000095367432,3.2300000190734863,3.150000095367432,3.1492343487836423,3.1413854612999024,3.1130398809179485,,3.1104404477635232,,3.2914107622550515,3.3806120693688233,,,,,
PLUG,Experiment 2 — OHLCV,2019-12-26,10,3.150000095367432,4.139999866485596,3.150000095367432,3.1494197613606145,3.1413854612999024,3.076513335487764,,3.0713776146583975,,3.299816431729328,3.703834560590976,,,,,
PLUG,Experiment 2 — OHLCV,2019-12-26,20,3.150000095367432,3.809999942779541,3.150000095367432,3.149385734339611,3.1413854612999024,3.004740957739562,,2.994717513087679,,3.144770071881342,3.204560496219099,,,,,
PLUG,Experiment 2 — OHLCV,2020-04-21,1,4.21999979019165,4.329999923706055,4.21999979019165,4.21936527286126,4.24826004022191,4.210583339173449,4.208462285994162,4.209744210240044,,4.186316189056413,4.195257559110152,,,,,
PLUG,Experiment 2 — OHLCV,2020-04-21,5,4.21999979019165,4.440000057220459,4.21999979019165,4.2195194139469185,4.24826004022191,4.173127184197276,,4.168970519892018,,4.357778843124228,4.655609177245628,,,,,
PLUG,Experiment 2 — OHLCV,2020-04-21,10,4.21999979019165,4.170000076293945,4.21999979019165,4.219702607429789,4.24826004022191,4.126775204103835,,4.118558308018163,,3.8562884775328676,3.9845189934182534,,,,,
PLUG,Experiment 2 — OHLCV,2020-04-21,20,4.21999979019165,4.170000076293945,4.21999979019165,4.219659386542666,4.24826004022191,4.035610054955198,,4.019555303289502,,4.038804137029619,4.227701595319494,,,,,
PLUG,Experiment 2 — OHLCV,2020-08-12,1,10.630000114440918,11.359999656677246,10.630000114440918,10.630240116134939,10.730823134892187,10.607000030538686,10.602157833544224,10.605248873328508,,10.473015136798187,10.879702478388074,,,,,
PLUG,Experiment 2 — OHLCV,2020-08-12,5,10.630000114440918,13.649999618530272,10.630000114440918,10.6301911625319,10.757307660410081,10.515496271118167,,10.506818884547988,,10.11186310515783,10.608862663548281,,,,,
PLUG,Experiment 2 — OHLCV,2020-08-12,10,10.630000114440918,13.050000190734863,10.630000114440918,10.63009855568114,10.781062744872356,10.402225836073358,,10.385065087885026,,11.607881402395712,11.208656796709104,,,,,
PLUG,Experiment 2 — OHLCV,2020-08-12,20,10.630000114440918,12.119999885559082,10.630000114440918,10.630121685720107,10.808763034719501,10.179332190003757,,10.14577382112105,,10.57104486815491,10.860185429708737,,,,,
PLUG,Experiment 2 — OHLCV,2020-12-03,1,23.850000381469727,24.850000381469727,23.850000381469727,23.844239712178304,23.96184832168188,23.800574133177207,23.7902220847113,23.797116680910715,,24.04654875944883,24.053443542048075,,,,,
PLUG,Experiment 2 — OHLCV,2020-12-03,5,23.850000381469727,27.190000534057617,23.850000381469727,23.845101543439245,24.30570072696395,23.603891318832122,,23.58675189603001,,23.782121986112795,21.94070578550905,,,,,
PLUG,Experiment 2 — OHLCV,2020-12-03,10,23.850000381469727,30.56999969482422,23.850000381469727,23.848159701081006,24.725933612093336,23.3603218649888,,23.326409061071548,,25.50951050417538,26.189751638159162,,,,,
PLUG,Experiment 2 — OHLCV,2020-12-03,20,23.850000381469727,32.16999816894531,23.850000381469727,23.847442365802838,25.535452963537995,22.88069722882937,,22.81431241012458,,34.71741018093837,35.0410374408245,,,,,
PLUG,Experiment 2 — OHLCV,2021-03-30,1,34.040000915527344,35.84000015258789,34.040000915527344,34.03502501978163,33.60519054221262,33.970475785025975,33.95490358885784,33.96478470915101,,33.06608940246929,33.560069964506695,,,,,
PLUG,Experiment 2 — OHLCV,2021-03-30,5,34.040000915527344,31.959999084472656,34.040000915527344,34.03522969575501,33.44667063205567,33.69379238435454,,33.66557822393836,,29.466631877800296,29.111797436517445,,,,,
PLUG,Experiment 2 — OHLCV,2021-03-30,10,34.040000915527344,28.38999938964844,34.040000915527344,34.03951009230707,33.3727316533696,33.351105014868956,,33.29527399146237,,29.953051232745054,29.439899145261545,,,,,
PLUG,Experiment 2 — OHLCV,2021-03-30,20,34.040000915527344,28.86000061035156,34.040000915527344,34.03911505794014,33.340564191449836,32.67615087534981,,32.566840198317216,,23.7016082975249,24.52293334294959,,,,,
PLUG,Experiment 2 — OHLCV,2021-07-22,1,27.32999992370605,26.809999465942383,27.32999992370605,27.316319917368137,27.412505983890007,27.273495057687644,27.260191886395134,27.2678750330447,,27.390225826417534,27.826617229960487,,,,,
PLUG,Experiment 2 — OHLCV,2021-07-22,5,27.32999992370605,27.200000762939453,27.32999992370605,27.316189147100026,27.437167903924554,27.04864142075976,,27.02078444911585,,28.2702061170915,25.446159428399643,,,,,
PLUG,Experiment 2 — OHLCV,2021-07-22,10,27.32999992370605,26.0,27.32999992370605,27.31618914709897,27.448671046829357,26.77017946400451,,26.715067482026313,,29.639105744993866,24.64269614376835,,,,,
PLUG,Experiment 2 — OHLCV,2021-07-22,20,27.32999992370605,23.76000022888184,27.32999992370605,27.31618914709897,27.45367553726084,26.221826217913485,,26.11397118776281,,35.40349512618052,29.53401232559784,,,,,
PLUG,Experiment 2 — OHLCV,2021-11-11,1,43.43999862670898,43.13999938964844,43.43999862670898,43.50470568559758,43.417535826405604,43.35519824342646,43.33474689927242,43.34684980819081,,45.10596744247628,44.211503141065926,,,,,
PLUG,Experiment 2 — OHLCV,2021-11-11,5,43.43999862670898,40.41999816894531,43.43999862670898,43.50532829507304,44.11032192401549,43.017648892842374,,42.976247654989656,,46.42229078163097,52.29303254976616,,,,,
PLUG,Experiment 2 — OHLCV,2021-11-11,10,43.43999862670898,40.25,43.43999862670898,43.505328295078186,44.64253612700121,42.59940549652956,,42.51744753434238,,55.487522047171176,53.24951765515259,,,,,
PLUG,Experiment 2 — OHLCV,2021-11-11,20,43.43999862670898,33.220001220703125,43.43999862670898,43.505328295078186,45.12950545992533,41.77507840762184,,41.614488995956755,,58.73791945971163,53.00241044482107,,,,,
PLUG,Experiment 2 — OHLCV,2022-03-08,1,25.57999992370605,26.190000534057617,25.57999992370605,25.629212805240673,25.499944659709087,25.52590047895077,25.513635994144817,25.52028287294042,,26.078304498832836,25.770212723276323,,,,,
PLUG,Experiment 2 — OHLCV,2022-03-08,5,25.57999992370605,23.09000015258789,25.57999992370605,25.629711578935776,25.81007789133833,25.31064443826278,,25.282805526280935,,25.105844577065184,24.126370107603705,,,,,
PLUG,Experiment 2 — OHLCV,2022-03-08,10,25.57999992370605,27.25,25.57999992370605,25.629711578940807,26.058333546443524,25.04412524592955,,24.989064002590155,,24.527656228328244,23.778850216020636,,,,,
PLUG,Experiment 2 — OHLCV,2022-03-08,20,25.57999992370605,30.440000534057617,25.57999992370605,25.629711578940807,26.30045344043573,24.519476591262446,,24.41177957732674,,24.123475668080633,23.73744378655221,,,,,
PLUG,Experiment 2 — OHLCV,2022-06-30,1,16.56999969482422,17.18000030517578,16.56999969482422,16.575417737070683,16.546658208241222,16.535116099626396,16.52698026477972,16.531236325108495,,17.408908894518532,17.250168394980577,,,,,
PLUG,Experiment 2 — OHLCV,2022-06-30,5,16.56999969482422,19.770000457763672,16.56999969482422,16.573837584050423,16.508460338615233,16.39631455296627,,16.37708754620547,,17.663332016001277,16.53685879398228,,,,,
PLUG,Experiment 2 — OHLCV,2022-06-30,10,16.56999969482422,15.460000038146973,16.56999969482422,16.572910356046837,16.477251206632996,16.224449962047235,,16.186421329860114,,17.74647378572695,17.5026425981747,,,,,
PLUG,Experiment 2 — OHLCV,2022-06-30,20,16.56999969482422,21.34000015258789,16.56999969482422,16.57308023671277,16.445826227146497,15.886106301691576,,15.811722407550107,,19.038794900456764,20.2864838200344,,,,,
PLUG,Experiment 2 — OHLCV,2022-10-21,1,16.489999771118164,15.729999542236328,16.489999771118164,16.4872149581517,16.487605540798008,16.454666687114596,16.44652108049453,16.45051795044392,,16.24870962278553,16.023698079751888,,,,,
PLUG,Experiment 2 — OHLCV,2022-10-21,5,16.489999771118164,16.09000015258789,16.489999771118164,16.48794916685864,16.487605540798008,16.314089811807346,,16.29353371589737,,16.081087971007683,16.11863787362305,,,,,
PLUG,Experiment 2 — OHLCV,2022-10-21,10,16.489999771118164,14.789999961853027,16.489999771118164,16.488613779509535,16.487605540798008,16.14005640278241,,16.0994084072739,,16.039739812957574,14.970304454473316,,,,,
PLUG,Experiment 2 — OHLCV,2022-10-21,20,16.489999771118164,15.84000015258789,16.489999771118164,16.488468183177787,16.487605540798008,15.797539375425549,,15.7180688090832,,15.133851986500858,15.027530946696388,,,,,
PLUG,Experiment 2 — OHLCV,2023-02-15,1,16.770000457763672,15.84000015258789,16.770000457763672,16.779007581001885,16.756986215042055,16.73364895125997,16.725799983454213,16.729592024572618,,16.908712618542445,17.251472286521388,,,,,
PLUG,Experiment 2 — OHLCV,2023-02-15,5,16.770000457763672,14.649999618530272,16.770000457763672,16.77631947275657,16.756986215042055,16.589029192799693,,16.568929616630133,,16.49005734495354,16.26740038969916,,,,,
PLUG,Experiment 2 — OHLCV,2023-02-15,10,16.770000457763672,13.329999923706056,16.770000457763672,16.77493009652845,16.756986215042055,16.410010855554777,,16.3702695973243,,14.56025048557052,15.316611073090383,,,,,
PLUG,Experiment 2 — OHLCV,2023-02-15,20,16.770000457763672,11.800000190734863,16.770000457763672,16.7751683807677,16.756986215042055,16.057748892592222,,15.980066748597867,,13.400027438800635,12.855306123252756,,,,,
PLUG,Experiment 2 — OHLCV,2023-06-09,1,9.170000076293944,10.369999885559082,9.170000076293944,9.166297717663296,9.1748384481428,9.149087275182087,9.144973796930481,9.146852168566896,,9.044568431283773,9.058986205578,,,,,
PLUG,Experiment 2 — OHLCV,2023-06-09,5,9.170000076293944,10.56999969482422,9.170000076293944,9.167233102401738,9.1748384481428,9.065911914778596,,9.054843389070806,,8.87349831982628,8.698989522429587,,,,,
PLUG,Experiment 2 — OHLCV,2023-06-09,10,9.170000076293944,9.130000114440918,9.170000076293944,9.168214531823754,9.1748384481428,8.963005252202995,,8.941132837344057,,8.878231655837494,9.27987959453976,,,,,
PLUG,Experiment 2 — OHLCV,2023-06-09,20,9.170000076293944,11.18000030517578,9.170000076293944,9.167989877044269,9.1748384481428,8.760682931584673,,8.717977726270805,,8.859192412964445,9.227320632965192,,,,,
PLUG,Experiment 2 — OHLCV,2023-10-03,1,6.53000020980835,6.53000020980835,6.53000020980835,6.534615233259128,6.534138494346619,6.514765376642655,6.51212575996206,6.513391712875351,,6.75889995513192,6.710487076059992,,,,,
PLUG,Experiment 2 — OHLCV,2023-10-03,5,6.53000020980835,7.159999847412109,6.53000020980835,6.533547952406791,6.534138494346619,6.454180652346982,,6.447379075024399,,6.356608510052896,6.445304680575916,,,,,
PLUG,Experiment 2 — OHLCV,2023-10-03,10,6.53000020980835,7.71999979019165,6.53000020980835,6.5320826288863865,6.534138494346619,6.379241432574577,,6.3658033080342715,,6.306887411459144,6.419972912919569,,,,,
PLUG,Experiment 2 — OHLCV,2023-10-03,20,6.53000020980835,5.889999866485596,6.53000020980835,6.5324378293691545,6.534138494346619,6.2319632385234645,,6.205735138524507,,6.238933172820518,6.171452062263316,,,,,
PLUG,Experiment 2 — OHLCV,2024-01-26,1,3.400000095367432,3.7899999618530273,3.400000095367432,3.3905890419626794,3.4000133063644573,3.3919144509598427,3.3906079642201306,3.3911365877546156,,3.361782064893249,3.265386807468261,,,,,
PLUG,Experiment 2 — OHLCV,2024-01-26,5,3.400000095367432,4.659999847412109,3.400000095367432,3.3935908673725725,3.4000133063644573,3.3597637037761277,,3.3559130197387987,,3.2697478816631347,3.219018143483601,,,,,
PLUG,Experiment 2 — OHLCV,2024-01-26,10,3.400000095367432,4.329999923706055,3.400000095367432,3.3944900601454626,3.4000133063644573,3.320003478997435,,3.3123976118110376,,3.2845605385706134,3.264150011605817,,,,,
PLUG,Experiment 2 — OHLCV,2024-01-26,20,3.400000095367432,3.039999961853028,3.400000095367432,3.394381519130693,3.4000133063644573,3.2418890562895397,,3.227052244404641,,2.2625127592511096,3.0494902965733908,,,,,
PLUG,Experiment 2 — OHLCV,2024-05-20,1,3.200000047683716,3.0799999237060547,3.200000047683716,3.2006955126229273,3.2006576980655113,3.192099711604636,3.1909439832541797,3.191371037935689,,3.0988509163089226,3.06499016079696,,,,,
PLUG,Experiment 2 — OHLCV,2024-05-20,5,3.200000047683716,3.25,3.200000047683716,3.200529198405964,3.2006576980655113,3.1606929341789693,,3.157087059234024,,2.9351310690511916,2.8807880372301993,,,,,
PLUG,Experiment 2 — OHLCV,2024-05-20,10,3.200000047683716,3.220000028610229,3.200000047683716,3.2005274616900343,3.2006576980655113,3.1218686485333014,,3.114749547206283,,3.057407424709311,2.944334930896496,,,,,
PLUG,Experiment 2 — OHLCV,2024-05-20,20,3.200000047683716,2.640000104904175,3.200000047683716,3.200527467370903,3.2006576980655113,3.045644910458586,,3.031770186642399,,3.3648700738678876,3.5921797019200903,,,,,
PLUG,Experiment 2 — OHLCV,2024-09-12,1,1.940000057220459,1.9600000381469729,1.940000057220459,1.9398180937060812,1.9399902190268843,1.9350612463855683,1.9344134776360153,1.934651646133144,,1.8891788849145996,1.8613838550716177,,,,,
PLUG,Experiment 2 — OHLCV,2024-09-12,5,1.940000057220459,2.059999942779541,1.940000057220459,1.9398597625134144,1.9399902190268843,1.9154314145639855,,1.9134050468668364,,1.6189097828334553,1.6137201102162408,,,,,
PLUG,Experiment 2 — OHLCV,2024-09-12,10,1.940000057220459,2.059999942779541,1.940000057220459,1.9398601044669372,1.9399902190268843,1.8911739153014182,,1.8871746213353002,,1.5399715180425488,1.4660030855177393,,,,,
PLUG,Experiment 2 — OHLCV,2024-09-12,20,1.940000057220459,1.9700000286102293,1.940000057220459,1.9398601036354632,1.9399902190268843,1.8435766352712344,,1.835787601220322,,1.7137579073336795,1.5721476670907655,,,,,
PLUG,Experiment 2 — OHLCV,2025-01-06,1,3.150000095367432,2.950000047683716,3.150000095367432,3.1658309630797032,3.143412672676622,3.142150692474583,3.1411292906799364,3.141540915712527,,3.0824811517308457,3.1576702916536132,,,,,
PLUG,Experiment 2 — OHLCV,2025-01-06,5,3.150000095367432,2.6600000858306885,3.150000095367432,3.1618137889981384,3.143412672676622,3.110948191325321,,3.107930755223729,,2.8411991290389733,2.7058710040416742,,,,,
PLUG,Experiment 2 — OHLCV,2025-01-06,10,3.150000095367432,2.0299999713897705,3.150000095367432,3.1617552534605857,3.143412672676622,3.072380430509604,,3.066423265659881,,2.937332436709305,2.9559739929364044,,,,,
PLUG,Experiment 2 — OHLCV,2025-01-06,20,3.150000095367432,1.850000023841858,3.150000095367432,3.161755541523748,3.143412672676622,2.996673404442327,,2.985063923651533,,2.926053452417215,2.760959349082429,,,,,
PLUG,Experiment 2 — OHLCV,2025-05-01,1,0.8500000238418579,0.8399999737739563,0.8500000238418579,0.8497960327247152,0.8502667240304177,0.8477531532779568,0.8474484742288776,0.8475622844802903,,0.8381240236035761,0.8363974586999545,,,,,
PLUG,Experiment 2 — OHLCV,2025-05-01,5,0.8500000238418579,0.8500000238418579,0.8500000238418579,0.8498474945073239,0.8502667240304177,0.8388249074920131,,0.8378810394408208,,0.8282973722055249,0.7985529645877018,,,,,
PLUG,Experiment 2 — OHLCV,2025-05-01,10,0.8500000238418579,0.699999988079071,0.8500000238418579,0.8498482277014275,0.8502667240304177,0.8277967125797326,,0.8259348430148343,,0.8483951930728892,0.8509845723543324,,,,,
PLUG,Experiment 2 — OHLCV,2025-05-01,20,0.8500000238418579,0.8799999952316284,0.8500000238418579,0.849848224193661,0.8502667240304177,0.8061733860436955,,0.8025509950254496,,0.9388989793857814,0.9290549687346551,,,,,
PLUG,Experiment 2 — OHLCV,2025-08-25,1,1.6699999570846558,1.649999976158142,1.6699999570846558,1.668637601028105,1.6701040005204133,1.665651435247505,1.6650376556897226,1.6652733614673967,,1.68957651364601,1.7199102950400962,,,,,
PLUG,Experiment 2 — OHLCV,2025-08-25,5,1.6699999570846558,1.4800000190734863,1.6699999570846558,1.6690681861387817,1.6701040005204133,1.648370284831881,,1.6465003775929816,,1.6490831381707953,1.532359210802741,,,,,
PLUG,Experiment 2 — OHLCV,2025-08-25,10,1.6699999570846558,1.409999966621399,1.6699999570846558,1.6692122465693586,1.6701040005204133,1.6270207579286784,,1.6233314748980001,,1.6052576771997118,1.4750858020297872,,,,,
PLUG,Experiment 2 — OHLCV,2025-08-25,20,1.6699999570846558,2.5299999713897705,1.6699999570846558,1.6691934127787786,1.6701040005204133,1.5851476735077659,,1.577967152762587,,1.2807731649464582,1.2122018138383621,,,,,
PLUG,Experiment 2 — OHLCV,2025-12-16,1,2.289999961853028,2.1600000858306885,2.289999961853028,2.290861493882656,2.2891372899799944,2.284042256988779,2.283209004010542,2.283544951884814,,2.208267461119132,2.260498879839315,,,,,
PLUG,Experiment 2 — OHLCV,2025-12-16,5,2.289999961853028,2.049999952316284,2.289999961853028,2.290608356219369,2.2891372899799944,2.2603660315292866,,2.257906352488869,,2.1621208006584145,2.1654540915501777,,,,,
PLUG,Experiment 2 — OHLCV,2025-12-16,10,2.289999961853028,1.9700000286102293,2.289999961853028,2.290465539700004,2.2891372899799944,2.231115581485485,,2.2262625246876695,,2.0740849350597306,2.1521369592819193,,,,,
PLUG,Experiment 2 — OHLCV,2025-12-16,20,2.289999961853028,2.259999990463257,2.289999961853028,2.290491192638448,2.2891372899799944,2.173745336624068,,2.1642990879433075,,2.1944532401384724,2.2654291461809954,,,,,
PLUG,Experiment 2 — OHLCV,2026-04-13,1,2.7699999809265137,2.940000057220459,2.7699999809265137,2.7694635131267162,2.7696228005560957,2.762796139023394,2.761821202064065,2.7621982446534057,,2.8307288007354376,2.831942725148844,,,,,
PLUG,Experiment 2 — OHLCV,2026-04-13,5,2.7699999809265137,3.220000028610229,2.7699999809265137,2.7696130773707837,2.7696228005560957,2.7341676326078046,,2.7312104183253565,,2.838727600008121,2.9165550576022854,,,,,
PLUG,Experiment 2 — OHLCV,2026-04-13,10,2.7699999809265137,3.0799999237060547,2.7699999809265137,2.769721580363243,2.7696228005560957,2.6987988067421185,,2.692964043513784,,2.9659071396212653,3.271456805492576,,,,,
PLUG,Experiment 2 — OHLCV,2026-04-13,20,2.7699999809265137,3.5199999809265137,2.7699999809265137,2.7696996841905834,2.7696228005560957,2.6294278156769093,,2.61807053775951,,3.3764304386045367,4.0202691149078715,,,,,
PLUG,Experiment 2 — OHLCV,2026-08-06,1,2.069999933242798,2.180000066757202,2.069999933242798,2.0700156731432613,2.0703877963985486,2.0643601113957506,2.0636494194081814,2.063933325303615,,2.1200061761852194,2.1719647140762355,,,,,
PLUG,Experiment 2 — OHLCV,2026-08-06,5,2.069999933242798,2.299999952316284,2.069999933242798,2.0700113070428987,2.0703877963985486,2.041954065785616,,2.0398441690506868,,2.3474599750266485,2.288914626510654,,,,,
PLUG,Experiment 2 — OHLCV,2026-08-06,10,2.069999933242798,2.200000047683716,2.069999933242798,2.070008069503587,2.0703877963985486,2.0142881841771265,,2.0101277141065648,,2.144687888560541,2.042106893944385,,,,,
PLUG,Experiment 2 — OHLCV,2026-08-06,20,2.069999933242798,2.109999895095825,2.069999933242798,2.070008728742743,2.0703877963985486,1.9600758549588244,,1.951987225762555,,2.1722088277160267,1.8899102610629435,,,,,
RKLB,Experiment 1 — Univariate Close,2022-02-02,1,9.420000076293944,9.029999732971191,9.420000076293944,9.433769790137633,9.422388700854071,9.4190001230121,9.421678967419478,9.419835995475674,,9.11282360208097,9.38181944274476,,,,,
RKLB,Experiment 1 — Univariate Close,2022-02-02,5,9.420000076293944,10.640000343322754,9.420000076293944,9.47268256574289,9.42240308481881,9.415001371243985,,9.41917970078226,,8.726890186567273,8.992321076262241,,,,,
RKLB,Experiment 1 — Univariate Close,2022-02-02,10,9.420000076293944,9.9399995803833,9.420000076293944,9.498257706924562,9.42241872183959,9.410005318747315,,9.418359396716012,,7.925441443736416,7.968340640185887,,,,,
RKLB,Experiment 1 — Univariate Close,2022-02-02,20,9.420000076293944,8.479999542236328,9.420000076293944,9.51664226797317,9.422443563216435,9.400021165784297,,9.416719002894924,,7.429582409533252,6.970762430772233,,,,,
RKLB,Experiment 1 — Univariate Close,2022-03-08,1,8.510000228881836,8.829999923706055,8.510000228881836,8.54024389058559,8.50192758898618,8.508511272287341,8.510927307084733,8.50930143711523,,8.409316129807706,8.623253842965164,,,,,
RKLB,Experiment 1 — Univariate Close,2022-03-08,5,8.510000228881836,7.920000076293945,8.510000228881836,8.619958262941898,8.501934481363143,8.502558050614207,,8.50650684380888,,8.36717477917238,8.435012529845157,,,,,
RKLB,Experiment 1 — Univariate Close,2022-03-08,10,8.510000228881836,9.0,8.510000228881836,8.665697544343764,8.5019419719481,8.49512238069157,,8.503014892782804,,8.195124890382147,8.676272903162117,,,,,
RKLB,Experiment 1 — Univariate Close,2022-03-08,20,8.510000228881836,8.199999809265137,8.510000228881836,8.692436045067156,8.501953865932457,8.480270543119495,,8.496035290516804,,7.315075411993831,7.2789716691038855,,,,,
RKLB,Experiment 1 — Univariate Close,2022-04-08,1,7.800000190734863,7.829999923706055,7.800000190734863,7.826109492870076,7.808848395569706,7.798115108989829,7.800000192214616,7.798726237648995,,7.692491361105073,7.76593885687644,,,,,
RKLB,Experiment 1 — Univariate Close,2022-04-08,5,7.800000190734863,7.980000019073486,7.800000190734863,7.889492836699401,7.8088517421429,7.790579336720451,,7.793632505679082,,7.499993401880282,7.673617118597088,,,,,
RKLB,Experiment 1 — Univariate Close,2022-04-08,10,7.800000190734863,7.829999923706055,7.800000190734863,7.920527509431828,7.808855379365366,7.781169861230166,,7.787270019009451,,7.434073160581356,7.313163598902157,,,,,
RKLB,Experiment 1 — Univariate Close,2022-04-08,20,7.800000190734863,5.670000076293945,7.800000190734863,7.93492443277777,7.808861155253099,7.762384990866569,,7.7745606238568845,,6.659342723014234,6.543035823860185,,,,,
RKLB,Experiment 1 — Univariate Close,2022-05-12,1,5.190000057220459,5.860000133514404,5.190000057220459,5.23288040794717,5.190040643792012,5.188299369478149,5.189999996727936,5.188526673727304,,5.417692504614086,5.130111829041577,,,,,
RKLB,Experiment 1 — Univariate Close,2022-05-12,5,5.190000057220459,4.75,5.190000057220459,5.337569033592133,5.190043540890815,5.181502189590112,,5.182637321339844,,5.720305622702313,5.546307494855012,,,,,
RKLB,Experiment 1 — Univariate Close,2022-05-12,10,5.190000057220459,4.659999847412109,5.190000057220459,5.389009385014596,5.1900467128425545,5.173018235977773,,5.175285030522631,,5.197644196437199,5.009348612835666,,,,,
RKLB,Experiment 1 — Univariate Close,2022-05-12,20,5.190000057220459,4.21999979019165,5.190000057220459,5.412792922671467,5.190051810731381,5.156091979715731,,5.1606117248283345,,5.360239928975073,5.134657130402773,,,,,
RKLB,Experiment 1 — Univariate Close,2022-06-15,1,4.329999923706055,4.139999866485596,4.329999923706055,4.331262189388855,4.309416550062409,4.328523010560373,4.329874898890158,4.328678322439515,,4.318406714805713,4.247189092713763,,,,,
RKLB,Experiment 1 — Univariate Close,2022-06-15,5,4.329999923706055,4.070000171661377,4.329999923706055,4.3335035024353665,4.309418001553857,4.322620393840459,,4.323395949929737,,4.253056922793107,4.183365392992003,,,,,
RKLB,Experiment 1 — Univariate Close,2022-06-15,10,4.329999923706055,3.7899999618530273,4.329999923706055,4.334094080310554,4.309419590517703,4.315253440755925,,4.316802048317486,,4.0466940919309025,4.037532280983411,,,,,
RKLB,Experiment 1 — Univariate Close,2022-06-15,20,4.329999923706055,3.950000047683716,4.329999923706055,4.334210357799465,4.309422143652159,4.300557179229174,,4.303644400161676,,3.9068568258783927,3.6277353005310733,,,,,
RKLB,Experiment 1 — Univariate Close,2022-07-20,1,4.369999885559082,4.360000133514404,4.369999885559082,4.350827937250277,4.351954883382498,4.368670155990835,4.369999752271766,4.368846468380945,,4.288860251774606,4.21554672501172,,,,,
RKLB,Experiment 1 — Univariate Close,2022-07-20,5,4.369999885559082,4.28000020980835,4.369999885559082,4.318565540170138,4.351955618976678,4.363355282667092,,4.3642358431927235,,4.0185641589407055,3.984328625904081,,,,,
RKLB,Experiment 1 — Univariate Close,2022-07-20,10,4.369999885559082,5.150000095367432,4.369999885559082,4.31089468228894,4.351956424241052,4.3567207829212675,,4.358479403614756,,3.702155573870158,3.6864689884297297,,,,,
RKLB,Experiment 1 — Univariate Close,2022-07-20,20,4.369999885559082,6.019999980926514,4.369999885559082,4.309571258025799,4.351957718136679,4.343482031443974,,4.346989292724825,,3.754749943483816,3.6409999060112117,,,,,
RKLB,Experiment 1 — Univariate Close,2022-08-22,1,5.489999771118164,5.349999904632568,5.489999771118164,5.509261252430682,5.507047437292146,5.4887599693568685,5.490000144437894,5.489001723766048,,5.413187956491935,5.407727888086826,,,,,
RKLB,Experiment 1 — Univariate Close,2022-08-22,5,5.489999771118164,5.130000114440918,5.489999771118164,5.522090597838075,5.50704781523947,5.483803561512757,,5.485011348414943,,5.865374736111917,6.097134432826552,,,,,
RKLB,Experiment 1 — Univariate Close,2022-08-22,10,5.489999771118164,5.260000228881836,5.489999771118164,5.52244428058527,5.507048229042575,5.4776143451705686,,5.480027458382415,,5.371836068583281,5.346672433907854,,,,,
RKLB,Experiment 1 — Univariate Close,2022-08-22,20,5.489999771118164,5.050000190734863,5.489999771118164,5.522448210004798,5.507048894095548,5.4652568607133745,,5.470073259858952,,4.7177682888591335,4.786332206622357,,,,,
RKLB,Experiment 1 — Univariate Close,2022-09-23,1,4.119999885559082,4.230000019073486,4.119999885559082,4.143439838302503,4.134234781135154,4.118735125117028,4.1199998584244355,4.118858600135152,,4.0650535179663345,4.172508494149223,,,,,
RKLB,Experiment 1 — Univariate Close,2022-09-23,5,4.119999885559082,4.070000171661377,4.119999885559082,4.181077015903747,4.134234968674065,4.113679964727556,,4.114296619050326,,3.9008912859623948,3.9484781009334995,,,,,
RKLB,Experiment 1 — Univariate Close,2022-09-23,10,4.119999885559082,4.360000133514404,4.119999885559082,4.189049467299209,4.134235173958114,4.107369738410696,,4.108601247505108,,3.7983444043932977,3.9154062007153922,,,,,
RKLB,Experiment 1 — Univariate Close,2022-09-23,20,4.119999885559082,4.239999771118164,4.119999885559082,4.190216388719778,4.134235503762573,4.094778309859743,,4.097234145604798,,3.7192379931666153,3.8821446857863666,,,,,
RKLB,Experiment 1 — Univariate Close,2022-10-26,1,4.690000057220459,4.789999961853027,4.690000057220459,4.676639674939105,4.684810872622208,4.688860822440017,4.69000005781554,4.68898923185676,,4.640780002377189,4.514179873749227,,,,,
RKLB,Experiment 1 — Univariate Close,2022-10-26,5,4.690000057220459,4.889999866485596,4.690000057220459,4.652401541386345,4.68481097035015,4.684306649929437,,4.6849481085420654,,4.677684082257243,4.622701029650725,,,,,
RKLB,Experiment 1 — Univariate Close,2022-10-26,10,4.690000057220459,4.739999771118164,4.690000057220459,4.645691058296273,4.6848110773549445,4.678620154128008,,4.6799016016941914,,4.681240504167739,4.540158449644852,,,,,
RKLB,Experiment 1 — Univariate Close,2022-10-26,20,4.690000057220459,4.400000095367432,4.690000057220459,4.644273131786269,4.684811249344349,4.6672678634434055,,4.669824890049113,,4.1636031094045265,4.209629001633449,,,,,
RKLB,Experiment 1 — Univariate Close,2022-11-29,1,3.9600000381469727,4.190000057220459,3.9600000381469727,3.9690552695260735,3.963886531626341,3.958810814176725,3.9600000375183027,3.9589290717467756,,4.0548479742752885,4.069283386494277,,,,,
RKLB,Experiment 1 — Univariate Close,2022-11-29,5,3.9600000381469727,4.0,3.9600000381469727,3.9782179134676032,3.963886580367415,3.954057488570955,,3.954648101749189,,4.122609812842629,4.114006019677969,,,,,
RKLB,Experiment 1 — Univariate Close,2022-11-29,10,3.9600000381469727,4.170000076293945,3.9600000381469727,3.978922857242388,3.9638866337272467,3.9481238566452217,,3.9493033984885084,,4.18582199254611,4.12967636179949,,,,,
RKLB,Experiment 1 — Univariate Close,2022-11-29,20,3.9600000381469727,3.5799999237060547,3.9600000381469727,3.9789511233542942,3.9638867194717924,3.9362832922358195,,3.938635652289358,,3.6088385974315784,3.8273163156651138,,,,,
RKLB,Experiment 1 — Univariate Close,2023-01-03,1,3.869999885559082,4.039999961853027,3.869999885559082,3.865600360497399,3.8634024651003704,3.868910364579928,3.869999865490543,3.8690694398380265,,3.759245307684571,3.8400882212194816,,,,,
RKLB,Experiment 1 — Univariate Close,2023-01-03,5,3.869999885559082,4.380000114440918,3.869999885559082,3.856586946178949,3.863402489742698,3.8645553471280523,,3.865349893442555,,3.583563491529702,3.3624416890933624,,,,,
RKLB,Experiment 1 — Univariate Close,2023-01-03,10,3.869999885559082,5.170000076293945,3.869999885559082,3.8534054090574874,3.863402516719443,3.859118468386843,,3.8607054885165515,,3.1525959846926526,3.04579227257206,,,,,
RKLB,Experiment 1 — Univariate Close,2023-01-03,20,3.869999885559082,4.980000019073486,3.869999885559082,3.8524698523884946,3.8634025600668136,3.848267646884676,,3.8514334133910584,,4.560713137377533,3.477691086788357,,,,,
RKLB,Experiment 1 — Univariate Close,2023-02-06,1,4.920000076293945,4.900000095367432,4.920000076293945,4.9300363103689575,4.943306914785131,4.9194736475983865,4.9206712872122065,4.919693103903113,,5.151653304712028,5.072749608473691,,,,,
RKLB,Experiment 1 — Univariate Close,2023-02-06,5,4.920000076293945,4.710000038146973,4.920000076293945,4.92990366449978,4.943306926731423,4.917368496022483,,4.918465405856388,,4.967251090432283,5.219248559373602,,,,,
RKLB,Experiment 1 — Univariate Close,2023-02-06,10,4.920000076293945,4.579999923706055,4.920000076293945,4.929903664495528,4.943306939804629,4.9147383233149675,,4.916931214120724,,4.698565075092965,4.986494182776961,,,,,
RKLB,Experiment 1 — Univariate Close,2023-02-06,20,4.920000076293945,4.400000095367432,4.920000076293945,4.929903664495528,4.943306960798662,4.909482197580702,,4.913864266157847,,3.57661834540977,3.6626328853645926,,,,,
RKLB,Experiment 1 — Univariate Close,2023-03-10,1,3.910000085830689,3.940000057220459,3.910000085830689,3.921775186500655,3.9210637828228014,3.9088884096859196,3.910000083539245,3.9090627479863835,,3.7880739461129167,3.7716012767369453,,,,,
RKLB,Experiment 1 — Univariate Close,2023-03-10,5,3.910000085830689,3.880000114440918,3.910000085830689,3.9403023913983035,3.921063789268999,3.904444864883082,,3.9053156431350304,,3.798134472056563,3.7690478135625622,,,,,
RKLB,Experiment 1 — Univariate Close,2023-03-10,10,3.910000085830689,3.930000066757202,3.910000085830689,3.9440806645482773,3.921063796326852,3.8988975366411265,,3.9006368127163253,,3.798269898375946,3.8230512565943733,,,,,
RKLB,Experiment 1 — Univariate Close,2023-03-10,20,3.910000085830689,4.0,3.910000085830689,3.9446082436855194,3.92106380767032,3.8878265134351446,,3.891295961822292,,3.431781822003645,2.6586170067037327,,,,,
RKLB,Experiment 1 — Univariate Close,2023-04-13,1,4.110000133514404,4.019999980926514,4.110000133514404,4.105910810346407,4.101327292202935,4.109086749207202,4.110043855431158,4.109282684833448,,4.219528683554792,4.210169235091401,,,,,
RKLB,Experiment 1 — Univariate Close,2023-04-13,5,4.110000133514404,3.950000047683716,4.110000133514404,4.1059653032574595,4.101327295535854,4.10543524138346,,4.106414142281759,,4.525682423281783,4.706853391987129,,,,,
RKLB,Experiment 1 — Univariate Close,2023-04-13,10,4.110000133514404,3.900000095367432,4.110000133514404,4.105965303259276,4.1013272991855585,4.100875419383778,,4.102831279840526,,5.367617280210055,5.005729213306645,,,,,
RKLB,Experiment 1 — Univariate Close,2023-04-13,20,4.110000133514404,4.099999904632568,4.110000133514404,4.105965303259276,4.101327305052818,4.091770963259297,,4.095674930415145,,5.314755451178925,5.2895862937872415,,,,,
RKLB,Experiment 1 — Univariate Close,2023-05-16,1,4.28000020980835,4.5,4.28000020980835,4.281595391734753,4.2828222784332635,4.279081010889206,4.280000241488019,4.2793019178337826,,4.394365285131768,4.436480294537068,,,,,
RKLB,Experiment 1 — Univariate Close,2023-05-16,5,4.28000020980835,4.519999980926514,4.28000020980835,4.281573175372161,4.282822280103778,4.275406188916296,,4.276509889029228,,4.591724196456141,4.531679262363258,,,,,
RKLB,Experiment 1 — Univariate Close,2023-05-16,10,4.28000020980835,4.579999923706055,4.28000020980835,4.281573175371278,4.282822281932899,4.270817099105299,,4.273022414590887,,4.412879293965323,4.289268112681991,,,,,
RKLB,Experiment 1 — Univariate Close,2023-05-16,20,4.28000020980835,5.690000057220459,4.28000020980835,4.281573175371278,4.282822284872942,4.261653691560672,,4.266055995453731,,4.482237342079035,4.36950112611574,,,,,
RKLB,Experiment 1 — Univariate Close,2023-06-20,1,5.809999942779541,5.900000095367432,5.809999942779541,5.803478667028593,5.797232393847405,5.8096803735750076,5.811472946568724,5.81001081979671,,5.728050545218032,5.705824896106,,,,,
RKLB,Experiment 1 — Univariate Close,2023-06-20,5,5.809999942779541,5.5,5.809999942779541,5.799944538061056,5.797232394675853,5.808402272520835,,5.810054328069012,,5.610249525338723,5.398605082623112,,,,,
RKLB,Experiment 1 — Univariate Close,2023-06-20,10,5.809999942779541,5.860000133514404,5.809999942779541,5.799887624421164,5.7972323955828164,5.806805041599527,,5.810108713867563,,5.07958219353489,5.239219771216348,,,,,
RKLB,Experiment 1 — Univariate Close,2023-06-20,20,5.809999942779541,7.929999828338623,5.809999942779541,5.799887300184094,5.797232397040252,5.80361189728589,,5.810217486991927,,4.850730378091477,4.850846295069653,,,,,
RKLB,Experiment 1 — Univariate Close,2023-07-24,1,7.389999866485596,7.619999885559082,7.389999866485596,7.392351525594333,7.397291855886039,7.389930205741271,7.392293446632453,7.39037323348306,,7.414949213912248,7.313383567434835,,,,,
RKLB,Experiment 1 — Univariate Close,2023-07-24,5,7.389999866485596,7.369999885559082,7.389999866485596,7.395554985697498,7.397291856314189,7.3896515693303755,,7.391866890119687,,7.148703972437367,6.547553660858531,,,,,
RKLB,Experiment 1 — Univariate Close,2023-07-24,10,7.389999866485596,6.590000152587891,7.389999866485596,7.396037287274171,7.397291856782979,7.389303288590706,,7.3937343854421815,,7.468773054063194,6.730308537763514,,,,,
RKLB,Experiment 1 — Univariate Close,2023-07-24,20,7.389999866485596,5.880000114440918,7.389999866485596,7.396082778334078,7.397291857536462,7.388606776354918,,7.3974707916290905,,7.304552124736474,7.456602544747976,,,,,
RKLB,Experiment 1 — Univariate Close,2023-08-25,1,5.789999961853027,5.929999828338623,5.789999961853027,5.791646523610944,5.782920195455223,5.7891981097945395,5.790941399145417,5.789629253302532,,5.753474188170761,5.710244488478292,,,,,
RKLB,Experiment 1 — Univariate Close,2023-08-25,5,5.789999961853027,6.340000152587891,5.789999961853027,5.79754118190181,5.78292019569742,5.7859918118847515,,5.788146656433941,,5.445163088924687,5.613992473612805,,,,,
RKLB,Experiment 1 — Univariate Close,2023-08-25,10,5.789999961853027,6.039999961853027,5.789999961853027,5.8035656628043375,5.782920195962844,5.781986436573863,,5.78629394423437,,5.429299786418387,5.722216714927535,,,,,
RKLB,Experiment 1 — Univariate Close,2023-08-25,20,5.789999961853027,4.349999904632568,5.789999961853027,5.812219597720696,5.782920196390086,5.773984002242509,,5.782590298734312,,6.117066794602426,5.949403818242731,,,,,
RKLB,Experiment 1 — Univariate Close,2023-09-28,1,4.340000152587891,4.380000114440918,4.340000152587891,4.339865434376083,4.337715640803075,4.338865065947765,4.34012810331223,4.3391399495042196,,4.343759192262691,4.320219562627205,,,,,
RKLB,Experiment 1 — Univariate Close,2023-09-28,5,4.340000152587891,4.449999809265137,4.340000152587891,4.3393268389583355,4.337715640833579,4.334327687324368,,4.335700841783992,,4.402389361611814,4.364283762386508,,,,,
RKLB,Experiment 1 — Univariate Close,2023-09-28,10,4.340000152587891,4.420000076293945,4.340000152587891,4.338654218419281,4.337715640866709,4.328662636084126,,4.3314057899830285,,4.413843819748315,4.434823557137443,,,,,
RKLB,Experiment 1 — Univariate Close,2023-09-28,20,4.340000152587891,4.28000020980835,4.340000152587891,4.337311053395489,4.3377156409192565,4.3173547369250524,,4.322828446517794,,4.642677572282423,4.806828358612007,,,,,
RKLB,Experiment 1 — Univariate Close,2023-10-31,1,4.230000019073486,4.239999771118164,4.230000019073486,4.229488834387219,4.228317613009735,4.229073702794513,4.23034014321691,4.22938857995575,,4.204935779072017,4.183465778683665,,,,,
RKLB,Experiment 1 — Univariate Close,2023-10-31,5,4.230000019073486,4.5,4.230000019073486,4.229493086913441,4.22831761302534,4.225370465749446,,4.226943707181629,,4.305903110697393,4.337341086526672,,,,,
RKLB,Experiment 1 — Univariate Close,2023-10-31,10,4.230000019073486,4.320000171661377,4.230000019073486,4.229493086913462,4.228317613042293,4.22074597927266,,4.223889603574013,,4.68609600429259,4.648232876744942,,,,,
RKLB,Experiment 1 — Univariate Close,2023-10-31,20,4.230000019073486,4.389999866485596,4.230000019073486,4.229493086913462,4.228317613069196,4.211512184685132,,4.217788014830428,,4.645591792103026,4.531095218924834,,,,,
RKLB,Experiment 1 — Univariate Close,2023-12-04,1,4.579999923706055,4.449999809265137,4.579999923706055,4.577518561168499,4.573346111317454,4.579533548990944,4.580787308579855,4.579871592888043,,4.642438327784834,4.645488752781766,,,,,
RKLB,Experiment 1 — Univariate Close,2023-12-04,5,4.579999923706055,4.659999847412109,4.579999923706055,4.57754343136377,4.573346111323628,4.577668524984718,,4.57935830557307,,4.634925940369785,4.948401867334311,,,,,
RKLB,Experiment 1 — Univariate Close,2023-12-04,10,4.579999923706055,4.489999771118164,4.579999923706055,4.577543431364032,4.573346111330325,4.575338313036325,,4.578716777325202,,4.66352945307824,4.824194608366577,,,,,
RKLB,Experiment 1 — Univariate Close,2023-12-04,20,4.579999923706055,5.099999904632568,4.579999923706055,4.577543431364032,4.573346111340935,4.570681447042229,,4.577433990434452,,4.765922694461885,4.752791696950175,,,,,
RKLB,Experiment 1 — Univariate Close,2024-01-08,1,5.550000190734863,5.449999809265137,5.550000190734863,5.545036212899844,5.542334929956873,5.549325288269495,5.551031532161648,5.5496352283215415,,5.51018499511367,5.469206168368496,,,,,
RKLB,Experiment 1 — Univariate Close,2024-01-08,5,5.550000190734863,4.940000057220459,5.550000190734863,5.536683859759911,5.542334929960225,5.546626499016914,,5.548175618648076,,5.304999468251367,5.099814035144987,,,,,
RKLB,Experiment 1 — Univariate Close,2024-01-08,10,5.550000190734863,5.079999923706055,5.550000190734863,5.534710546927756,5.542334929963864,5.543254858072913,,5.546351646392494,,4.983520830326157,5.234983649100334,,,,,
RKLB,Experiment 1 — Univariate Close,2024-01-08,20,5.550000190734863,4.260000228881836,5.550000190734863,5.534374340506139,5.542334929969633,5.536517723521082,,5.542705500586225,,5.357879249295745,5.2913632123993,,,,,
RKLB,Experiment 1 — Univariate Close,2024-02-09,1,4.340000152587891,4.71999979019165,4.340000152587891,4.3496852925530085,4.337914362218147,4.3390159486333495,4.3404339453189955,4.3392778342800336,,4.402704851205623,4.428752207596532,,,,,
RKLB,Experiment 1 — Univariate Close,2024-02-09,5,4.340000152587891,4.889999866485596,4.340000152587891,4.387077184036754,4.337914362219825,4.335081364238568,,4.336389763023012,,4.140256946365781,4.067139235194225,,,,,
RKLB,Experiment 1 — Univariate Close,2024-02-09,10,4.340000152587891,4.570000171661377,4.340000152587891,4.430899864071675,4.337914362221649,4.330168150653755,,4.332782376894159,,3.978964005085146,3.8380169744040247,,,,,
RKLB,Experiment 1 — Univariate Close,2024-02-09,20,4.340000152587891,4.480000019073486,4.340000152587891,4.509542831370664,4.337914362224541,4.320358422511932,,4.325576604952532,,3.866945030001574,3.8897014985779568,,,,,
RKLB,Experiment 1 — Univariate Close,2024-03-14,1,4.170000076293945,4.119999885559082,4.170000076293945,4.171502155336749,4.176206274124521,4.168694124941817,4.1700001227479975,4.168995298910809,,4.178446899562552,4.146474777673026,,,,,
RKLB,Experiment 1 — Univariate Close,2024-03-14,5,4.170000076293945,4.090000152587891,4.170000076293945,4.171492718212552,4.176206274125328,4.163474408202032,,4.1649786098443045,,4.072291362435095,4.044369062629443,,,,,
RKLB,Experiment 1 — Univariate Close,2024-03-14,10,4.170000076293945,4.110000133514404,4.170000076293945,4.171492718212537,4.176206274126206,4.156958952182845,,4.159963190187192,,4.07036202123631,4.135912652737873,,,,,
RKLB,Experiment 1 — Univariate Close,2024-03-14,20,4.170000076293945,3.7300000190734863,4.170000076293945,4.171492718212537,4.176206274127597,4.143958612463822,,4.149950462133407,,4.230421140321509,4.151734529795523,,,,,
RKLB,Experiment 1 — Univariate Close,2024-04-17,1,3.569999933242798,3.549999952316284,3.569999933242798,3.569864191428743,3.5694443200624173,3.568306188014498,3.5699986965164907,3.568580680750556,,3.561023854376027,3.5628014702721953,,,,,
RKLB,Experiment 1 — Univariate Close,2024-04-17,5,3.569999933242798,3.690000057220459,3.569999933242798,3.5698650864211348,3.569444320062816,3.561539239068299,,3.5629093107733465,,3.4054951184829685,3.3444465460598534,,,,,
RKLB,Experiment 1 — Univariate Close,2024-04-17,10,3.569999933242798,3.849999904632568,3.569999933242798,3.5698650864211365,3.5694443200632486,3.5530985962515738,,3.555832771476989,,3.5118056817617727,3.4502615623774306,,,,,
RKLB,Experiment 1 — Univariate Close,2024-04-17,20,3.569999933242798,4.340000152587891,3.569999933242798,3.5698650864211365,3.5694443200639348,3.536277274721816,,3.541721830572875,,3.5016756022273055,3.50444357025795,,,,,
RKLB,Experiment 1 — Univariate Close,2024-05-20,1,4.400000095367432,4.460000038146973,4.400000095367432,4.394748941704492,4.392336248975357,4.3988293437888375,4.400367852277688,4.399202137488794,,4.471815913237026,4.501828765882904,,,,,
RKLB,Experiment 1 — Univariate Close,2024-05-20,5,4.400000095367432,4.389999866485596,4.400000095367432,4.379355897914045,4.392336248975577,4.394149451780308,,4.396011752840831,,4.585867070709943,4.656701355062415,,,,,
RKLB,Experiment 1 — Univariate Close,2024-05-20,10,4.400000095367432,4.28000020980835,4.400000095367432,4.368479089724842,4.392336248975816,4.388306587745375,,4.392027025513267,,5.113796440336841,5.215129283317564,,,,,
RKLB,Experiment 1 — Univariate Close,2024-05-20,20,4.400000095367432,4.909999847412109,4.400000095367432,4.359706427358539,4.392336248976196,4.376644156968214,,4.384068403350358,,5.543318201050283,5.501813323461448,,,,,
RKLB,Experiment 1 — Univariate Close,2024-06-24,1,4.829999923706055,4.739999771118164,4.829999923706055,4.82789434214101,4.838864212701906,4.8287573352533375,4.830402828035774,4.829139534449662,,5.0311613822245675,5.001655328813447,,,,,
RKLB,Experiment 1 — Univariate Close,2024-06-24,5,4.829999923706055,4.539999961853027,4.829999923706055,4.81980820806463,4.838864212701999,4.8237901773615475,,4.8256995098005495,,5.758123330565553,5.7339819299533055,,,,,
RKLB,Experiment 1 — Univariate Close,2024-06-24,10,4.829999923706055,5.079999923706055,4.829999923706055,4.810416118444505,4.8388642127021,4.817588414650636,,4.821402924789464,,5.521018284074842,5.709646223259444,,,,,
RKLB,Experiment 1 — Univariate Close,2024-06-24,20,4.829999923706055,5.400000095367432,4.829999923706055,4.793779814687226,4.83886421270226,4.805208799085792,,4.812821227817292,,5.28809398240449,5.454144113300003,,,,,
RKLB,Experiment 1 — Univariate Close,2024-07-26,1,5.400000095367432,5.320000171661377,5.400000095367432,5.397535234568425,5.3923240201633735,5.399164518150919,5.400931317702247,5.3995943395797505,,5.365289402419498,5.316031419632498,,,,,
RKLB,Experiment 1 — Univariate Close,2024-07-26,5,5.400000095367432,4.809999942779541,5.400000095367432,5.397554973417787,5.392324020163421,5.395823502027914,,5.397971621290851,,5.640251341234777,5.639746353209978,,,,,
RKLB,Experiment 1 — Univariate Close,2024-07-26,10,5.400000095367432,5.369999885559082,5.400000095367432,5.39755497341787,5.392324020163471,5.391650139046105,,5.395943909197048,,5.955894213301502,6.0824465225400335,,,,,
RKLB,Experiment 1 — Univariate Close,2024-07-26,20,5.400000095367432,6.960000038146973,5.400000095367432,5.39755497341787,5.392324020163551,5.383313094163543,,5.391890769812954,,6.229703756918795,6.4338541515523096,,,,,
RKLB,Experiment 1 — Univariate Close,2024-08-28,1,6.090000152587891,6.230000019073486,6.090000152587891,6.090106245865794,6.092594370196608,6.088504465117975,6.090672783053605,6.088985148974964,,6.063843653738786,5.896155136853391,,,,,
RKLB,Experiment 1 — Univariate Close,2024-08-28,5,6.090000152587891,6.079999923706055,6.090000152587891,6.090106064778792,6.092594370196629,6.082525387703989,,6.084926825920002,,5.853063669563895,5.859294118843453,,,,,
RKLB,Experiment 1 — Univariate Close,2024-08-28,10,6.090000152587891,6.860000133514404,6.090000152587891,6.090106064778792,6.092594370196652,6.075059797222168,,6.079857725630248,,5.528200379466483,6.0123883063325865,,,,,
RKLB,Experiment 1 — Univariate Close,2024-08-28,20,6.090000152587891,8.6899995803833,6.090000152587891,6.090106064778792,6.092594370196688,6.060156094436553,,6.069732190104791,,5.326699045547116,5.125784740343874,,,,,
RKLB,Experiment 1 — Univariate Close,2024-10-01,1,9.229999542236328,9.710000038146973,9.229999542236328,9.230001236388091,9.250558126225258,9.228656335962475,9.231812271767575,9.229318273495014,,8.975470019275619,8.77827183868884,,,,,
RKLB,Experiment 1 — Univariate Close,2024-10-01,5,9.229999542236328,9.40999984741211,9.229999542236328,9.230001236385153,9.250558126225325,9.223285465298963,,9.22659370133893,,9.247625307211546,9.183471504901984,,,,,
RKLB,Experiment 1 — Univariate Close,2024-10-01,10,9.229999542236328,9.9399995803833,9.229999542236328,9.230001236385153,9.250558126225398,9.216576272308656,,9.223189117186148,,10.181592362490818,10.192172855529686,,,,,
RKLB,Experiment 1 — Univariate Close,2024-10-01,20,9.229999542236328,11.470000267028809,9.229999542236328,9.230001236385153,9.250558126225517,9.203172523961102,,9.216383717259657,,9.964742567681839,9.886636959259814,,,,,
RKLB,Experiment 1 — Univariate Close,2024-11-01,1,11.420000076293944,11.25,11.420000076293944,11.41267037846089,11.38366206361568,11.419183388643976,11.422742825397346,11.419904798260692,,11.246138129358012,11.15861477039695,,,,,
RKLB,Experiment 1 — Univariate Close,2024-11-01,5,11.420000076293944,13.510000228881836,11.420000076293944,11.41270633238251,11.383662063615711,11.415917222046746,,11.419523694076746,,11.65974345505216,12.035737740703645,,,,,
RKLB,Experiment 1 — Univariate Close,2024-11-01,10,11.420000076293944,19.0,11.420000076293944,11.41270633238253,11.383662063615747,11.411835827492954,,11.419047331731706,,12.272013380557125,12.622946822713052,,,,,
RKLB,Experiment 1 — Univariate Close,2024-11-01,20,11.420000076293944,24.155000686645508,11.420000076293944,11.41270633238253,11.383662063615803,11.403677415378308,,11.418094666654772,,15.13834731619164,15.035100820158034,,,,,
RKLB,Experiment 1 — Univariate Close,2024-12-05,1,23.920000076293945,24.68000030517578,23.920000076293945,23.91695369825032,24.052006810917423,23.920722919003545,23.929709344360248,23.92199389734321,,24.22093056014796,23.00920783548695,,,,,
RKLB,Experiment 1 — Univariate Close,2024-12-05,5,23.920000076293945,22.57999992370605,23.920000076293945,23.917569922395003,24.763253811450493,23.923614508285663,,23.929970843602863,,28.476805503597404,28.70566038493435,,,,,
RKLB,Experiment 1 — Univariate Close,2024-12-05,10,23.920000076293945,23.21999931335449,23.920000076293945,23.918758480227115,25.632491235654207,23.927229486436183,,23.939945767107453,,28.24315721817848,27.687618215115528,,,,,
RKLB,Experiment 1 — Univariate Close,2024-12-05,20,23.920000076293945,28.799999237060547,23.920000076293945,23.91846147644192,27.306954469715876,23.934461081543756,,23.959908089634197,,45.04008163989613,43.594331678204824,,,,,
RKLB,Experiment 1 — Univariate Close,2025-01-10,1,26.90999984741211,23.90999984741211,26.90999984741211,26.919523818499595,27.066345365646903,26.911352519209135,26.921251354998077,26.912728470904792,,27.36664904264707,27.431003468950465,,,,,
RKLB,Experiment 1 — Univariate Close,2025-01-10,5,26.90999984741211,24.0,26.90999984741211,26.921960934745325,27.535630843351463,26.916763886372337,,26.923645731929096,,28.909862107470587,32.3427082376732,,,,,
RKLB,Experiment 1 — Univariate Close,2025-01-10,10,26.90999984741211,29.43000030517578,26.90999984741211,26.92196516150504,28.10915944811238,26.923529625526665,,26.937298536184667,,31.846921175142597,36.72001650482025,,,,,
RKLB,Experiment 1 — Univariate Close,2025-01-10,20,26.90999984741211,30.600000381469727,26.90999984741211,26.921965162998852,29.213981370885197,26.937066206127174,,26.96462491794916,,51.04801187060502,57.379211686208635,,,,,
RKLB,Experiment 1 — Univariate Close,2025-02-14,1,28.020000457763672,27.739999771118164,28.020000457763672,28.030650261189514,28.133691256460125,28.020037176998375,28.028714839215436,28.021148873202062,,27.662226703003068,27.82877460068141,,,,,
RKLB,Experiment 1 — Univariate Close,2025-02-14,5,28.020000457763672,22.489999771118164,28.020000457763672,28.02943138941237,28.436156396483153,28.020184054418383,,28.025743005659432,,28.597268375201423,28.764286158185456,,,,,
RKLB,Experiment 1 — Univariate Close,2025-02-14,10,28.020000457763672,18.65999984741211,28.020000457763672,28.029431049069387,28.80580859751596,28.020367652276075,,28.031486730459395,,31.288012021525446,28.858969163977868,,,,,
RKLB,Experiment 1 — Univariate Close,2025-02-14,20,28.020000457763672,19.100000381469727,28.020000457763672,28.029431049081673,29.517891398813234,28.020734851600466,,28.042977711736793,,34.4344153093175,31.1212793375164,,,,,
RKLB,Experiment 1 — Univariate Close,2025-03-20,1,18.530000686645508,18.940000534057617,18.530000686645508,18.555733799179638,18.500318030670545,18.529168928692947,18.534272983444396,18.530021614921754,,18.54180246707478,18.50526183645944,,,,,
RKLB,Experiment 1 — Univariate Close,2025-03-20,5,18.530000686645508,18.420000076293945,18.530000686645508,18.54849409646394,18.340350494712386,18.525842270217947,,18.530105328263105,,17.595772357050798,17.15687517263064,,,,,
RKLB,Experiment 1 — Univariate Close,2025-03-20,10,18.530000686645508,17.889999389648438,18.530000686645508,18.548288275760328,18.17201879595459,18.521684787002826,,18.530209970471628,,15.265989771233933,14.229564990653031,,,,,
RKLB,Experiment 1 — Univariate Close,2025-03-20,20,18.530000686645508,19.739999771118164,18.530000686645508,18.548290539812495,17.91840893889616,18.513372619372245,,18.530419256661464,,13.751769022011729,13.897786422103374,,,,,
RKLB,Experiment 1 — Univariate Close,2025-04-23,1,20.290000915527344,21.8799991607666,20.290000915527344,20.24425890246952,20.12023843197123,20.289311151924228,20.294151097392184,20.29008152186542,,19.57947612436064,19.494075986237867,,,,,
RKLB,Experiment 1 — Univariate Close,2025-04-23,5,20.290000915527344,21.790000915527344,20.290000915527344,20.256443266030182,20.123344540498014,20.28655233199064,,20.290403950420014,,21.591272764285975,22.417461638153913,,,,,
RKLB,Experiment 1 — Univariate Close,2025-04-23,10,20.290000915527344,22.290000915527344,20.290000915527344,20.25668663930782,20.126602306848493,20.28310433459134,,20.29080699331845,,23.126422049089456,23.270165016170587,,,,,
RKLB,Experiment 1 — Univariate Close,2025-04-23,20,20.290000915527344,25.170000076293945,20.290000915527344,20.256684885629408,20.13148430222659,20.276210097806466,,20.291613103133283,,28.96312933091872,25.282744719283066,,,,,
RKLB,Experiment 1 — Univariate Close,2025-05-27,1,28.76000022888184,28.93000030517578,28.76000022888184,28.584741508480075,28.428426498814883,28.762219014972604,28.7690132244002,28.763082067693365,,28.71765788731927,29.07241994551177,,,,,
RKLB,Experiment 1 — Univariate Close,2025-05-27,5,28.76000022888184,26.71999931335449,28.76000022888184,28.64139450712662,28.681136371639028,28.77109587122422,,28.775412725703077,,29.005489451491982,30.120378982455033,,,,,
RKLB,Experiment 1 — Univariate Close,2025-05-27,10,28.76000022888184,27.170000076293945,28.76000022888184,28.64804128806589,28.94180227222149,28.782195794278632,,28.79083348208816,,30.14682365135354,28.63813543617982,,,,,
RKLB,Experiment 1 — Univariate Close,2025-05-27,20,28.76000022888184,32.349998474121094,28.76000022888184,28.647688986253474,29.322012253860898,28.8044084891302,,28.821699791257483,,32.5002495026227,30.070298429593553,,,,,
RKLB,Experiment 1 — Univariate Close,2025-06-30,1,35.77000045776367,34.33000183105469,35.77000045776367,35.700883969592695,35.86677177280259,35.774366937970186,35.78270180794764,35.77545600333777,,36.97892407943678,35.30632175140124,,,,,
RKLB,Experiment 1 — Univariate Close,2025-06-30,5,35.77000045776367,38.7400016784668,35.77000045776367,35.72263523609366,36.31133120148561,35.79183818965359,,35.79728650755669,,36.628449094981,33.343172831283844,,,,,
RKLB,Experiment 1 — Univariate Close,2025-06-30,10,35.77000045776367,44.59999847412109,35.77000045776367,35.72426939219793,36.79463408798714,35.81368925356832,,35.82459337167747,,36.945322576156116,32.023837138007494,,,,,
RKLB,Experiment 1 — Univariate Close,2025-06-30,20,35.77000045776367,43.790000915527344,35.77000045776367,35.724214922276175,37.562462445922066,35.857431410034266,,35.87926960642469,,42.257399343423685,41.54171817183775,,,,,
RKLB,Experiment 1 — Univariate Close,2025-08-01,1,44.810001373291016,44.540000915527344,44.810001373291016,44.80962986650437,45.008377006891685,44.81718682098067,44.82829333527285,44.81873427938829,,47.69631643736716,47.47995188993517,,,,,
RKLB,Experiment 1 — Univariate Close,2025-08-01,5,44.810001373291016,44.68999862670898,44.810001373291016,44.80975109437801,45.41476242541755,44.845940135715374,,44.85368292643099,,52.640907022441866,51.394661879683525,,,,,
RKLB,Experiment 1 — Univariate Close,2025-08-01,10,44.810001373291016,44.27000045776367,44.810001373291016,44.8097699194461,45.864202300669334,44.88190772194257,,44.89740706109354,,58.705647750779235,61.6025964747319,,,,,
RKLB,Experiment 1 — Univariate Close,2025-08-01,20,44.810001373291016,48.59999847412109,44.810001373291016,44.80976860999252,46.59851464158242,44.9539294582937,,44.98498324106357,,70.96298710567385,71.03853276760593,,,,,
RKLB,Experiment 1 — Univariate Close,2025-09-04,1,42.9900016784668,45.84000015258789,42.9900016784668,42.90209841100218,43.08001635135662,42.99846792271806,43.0089729290009,42.99974648564716,,42.520503684606,42.30885022481825,,,,,
RKLB,Experiment 1 — Univariate Close,2025-09-04,5,42.9900016784668,48.43000030517578,42.9900016784668,42.9305765023115,43.304973710978715,43.03234957602135,,43.038747808527965,,50.46698572204673,50.301176812447366,,,,,
RKLB,Experiment 1 — Univariate Close,2025-09-04,10,42.9900016784668,47.18000030517578,42.9900016784668,42.93398510642785,43.57990120548768,43.074739188959875,,43.087549211561985,,50.81044519976808,51.96874184871959,,,,,
RKLB,Experiment 1 — Univariate Close,2025-09-04,20,42.9900016784668,52.470001220703125,42.9900016784668,42.93380068518813,44.109510226877525,43.159643725398624,,43.18531808731456,,61.24526701705793,60.765429362688764,,,,,
RKLB,Experiment 1 — Univariate Close,2025-10-07,1,61.5099983215332,65.30999755859375,61.5099983215332,61.435464111166574,61.69171826160376,61.53021919494786,61.54694582011269,61.53195594766379,,63.480346960750296,63.66795864627581,,,,,
RKLB,Experiment 1 — Univariate Close,2025-10-07,5,61.5099983215332,68.02999877929688,61.5099983215332,61.450283490760576,62.40955750902394,61.61116918481388,,61.61986486374539,,57.864632170544056,59.64965983678683,,,,,
RKLB,Experiment 1 — Univariate Close,2025-10-07,10,61.5099983215332,65.4000015258789,61.5099983215332,61.450341228710265,63.286851526365574,61.712506452644334,,61.729927644901274,,67.83625979609866,68.64794684757643,,,,,
RKLB,Experiment 1 — Univariate Close,2025-10-07,20,61.5099983215332,56.56999969482422,61.5099983215332,61.45034117291069,64.97683465018993,61.91568129720507,,61.95064332672483,,85.31900701403356,81.79123774439076,,,,,
RKLB,Experiment 1 — Univariate Close,2025-11-07,1,51.63999938964844,51.900001525878906,51.63999938964844,51.49016696090905,51.6618073224003,51.6568920159143,51.67018970081408,51.658115471588225,,51.34178284343765,51.85957388740931,,,,,
RKLB,Experiment 1 — Univariate Close,2025-11-07,5,51.63999938964844,45.540000915527344,51.63999938964844,51.534328222077534,51.82819943924865,51.724517798706046,,51.73064337556419,,62.621882456680396,63.633446217024996,,,,,
RKLB,Experiment 1 — Univariate Close,2025-11-07,10,51.63999938964844,40.29999923706055,51.63999938964844,51.53612156343488,52.0315525007711,51.80917453777051,,51.82144646938623,,69.58709359533577,63.466476933411144,,,,,
RKLB,Experiment 1 — Univariate Close,2025-11-07,20,51.63999938964844,51.560001373291016,51.63999938964844,51.536091615080075,52.42328347733962,51.97890391190111,,52.003531098371404,,81.73738701533148,82.74142317744757,,,,,
RKLB,Experiment 1 — Univariate Close,2025-12-11,1,63.52999877929688,61.4900016784668,63.52999877929688,63.54630055563371,63.6178500627522,63.554816813225514,63.57177914475711,63.556201263616856,,64.72159278049658,65.13752148678957,,,,,
RKLB,Experiment 1 — Univariate Close,2025-12-11,5,63.52999877929688,59.91999816894531,63.52999877929688,63.542818358815644,63.96488489019024,63.654185938627194,,63.66111931571289,,68.67082235352792,66.09263221407433,,,,,
RKLB,Experiment 1 — Univariate Close,2025-12-11,10,63.52999877929688,70.6500015258789,63.52999877929688,63.53692640867479,64.38900711395377,63.77861585650998,,63.79251047380999,,71.79964492405271,70.04113876398097,,,,,
RKLB,Experiment 1 — Univariate Close,2025-12-11,20,63.52999877929688,87.9000015258789,63.52999877929688,63.53838971932903,65.2060187274276,64.02820586701868,,64.0561068903612,,68.34496597381305,65.28189706409232,,,,,
RKLB,Experiment 1 — Univariate Close,2026-01-15,1,90.76000213623048,96.3000030517578,90.76000213623048,90.77162427015955,91.18416079468415,90.79942642584129,90.82323883870592,90.80128986317591,,90.54817242606215,90.97811803033997,,,,,
RKLB,Experiment 1 — Univariate Close,2026-01-15,5,90.76000213623048,88.9000015258789,90.76000213623048,90.77155735345417,92.57426862574391,90.95729490974354,,90.96662867884753,,93.32757874310937,90.662457067037,,,,,
RKLB,Experiment 1 — Univariate Close,2026-01-15,10,90.76000213623048,80.06999969482422,90.76000213623048,90.77155735345409,93.78216971598421,91.15501655542016,,91.17372563273727,,105.81327732231331,99.79914979581396,,,,,
RKLB,Experiment 1 — Univariate Close,2026-01-15,20,90.76000213623048,67.44000244140625,90.76000213623048,90.77155735345409,95.12178205369227,91.55175019439496,,91.5893350605743,,100.09356725875791,99.06540299477149,,,,,
RKLB,Experiment 1 — Univariate Close,2026-02-19,1,76.58000183105469,70.86000061035156,76.58000183105469,76.60238782103468,76.63771387018382,76.611822278069,76.63161309761854,76.61360904800563,,78.82985005203781,78.42855366376351,,,,,
RKLB,Experiment 1 — Univariate Close,2026-02-19,5,76.58000183105469,72.6500015258789,76.58000183105469,76.59558140757181,76.86569094069347,76.73923634108598,,76.7481854661843,,73.21867851237107,78.18259245082479,,,,,
RKLB,Experiment 1 — Univariate Close,2026-02-19,10,76.58000183105469,70.0,76.58000183105469,76.59245213977302,77.14430891925619,76.89880195099428,,76.91673846321582,,67.7323057607266,68.54034366304771,,,,,
RKLB,Experiment 1 — Univariate Close,2026-02-19,20,76.58000183105469,71.93000030517578,76.58000183105469,76.5929543903099,77.6810271373877,77.21892922572681,,77.25495578951028,,79.57651414302279,72.74371271351585,,,,,
RKLB,Experiment 1 — Univariate Close,2026-03-24,1,66.06999969482422,72.87999725341797,66.06999969482422,66.19317212890417,66.10995905666282,66.09557609730315,66.11437073933631,66.09724227543698,,65.41828720852939,65.78652464160534,,,,,
RKLB,Experiment 1 — Univariate Close,2026-03-24,5,66.06999969482422,64.22000122070312,66.06999969482422,66.15300269904807,66.10995905666282,66.19798075453915,,66.20632497328964,,72.0779716954035,79.21486162399889,,,,,
RKLB,Experiment 1 — Univariate Close,2026-03-24,10,66.06999969482422,69.08000183105469,66.06999969482422,66.1472584734828,66.10995905666282,66.32620972028892,,66.3429315379914,,75.05907228877572,85.06401772616918,,,,,
RKLB,Experiment 1 — Univariate Close,2026-03-24,20,66.06999969482422,90.04000091552734,66.06999969482422,66.1476282766787,66.10995905666282,66.58341329165115,,66.61699084886496,,93.8220017704009,103.61248390854188,,,,,
RKLB,Experiment 1 — Univariate Close,2026-04-27,1,82.29000091552734,78.58999633789062,82.29000091552734,82.32114799699093,82.2695709606144,82.32693717231975,82.34949342648098,82.32882451869641,,84.40668047471526,83.15885500287976,,,,,
RKLB,Experiment 1 — Univariate Close,2026-04-27,5,82.29000091552734,80.30999755859375,82.29000091552734,82.3128697063838,82.41234664823543,82.47484806406041,,82.48430218370345,,91.38528021761459,91.83765795793865,,,,,
RKLB,Experiment 1 — Univariate Close,2026-04-27,10,82.29000091552734,117.3499984741211,82.29000091552734,82.30559135445746,82.58683732567042,82.66011043276531,,82.67906223159027,,96.859671972515,99.70775828032629,,,,,
RKLB,Experiment 1 — Univariate Close,2026-04-27,20,82.29000091552734,143.1999969482422,82.29000091552734,82.30717042332259,82.92296899225052,83.03188456360427,,83.06996300209447,,98.3793430112712,96.34403122066331,,,,,
RKLB,Experiment 1 — Univariate Close,2026-05-29,1,143.47999572753906,122.38999938964844,143.47999572753906,143.59675366334213,144.68040747405072,143.54973912761136,143.58703495028203,143.55156582828965,,147.9531249869052,150.24559137138996,,,,,
RKLB,Experiment 1 — Univariate Close,2026-05-29,5,143.47999572753906,110.08000183105467,143.47999572753906,143.595255322732,147.39115394695972,143.82905190457723,,143.83820341244532,,157.79297156330927,162.04319816739778,,,,,
RKLB,Experiment 1 — Univariate Close,2026-05-29,10,143.47999572753906,102.38999938964844,143.47999572753906,143.59525532268927,149.86432765125681,144.17895726072302,,144.19730538749195,,156.00010511160974,163.65873705402723,,,,,
RKLB,Experiment 1 — Univariate Close,2026-05-29,20,143.47999572753906,98.01000213623048,143.47999572753906,143.59525532268927,152.82727328153135,144.88132377884853,,144.91820114420807,,126.91905267468371,125.4082994424435,,,,,
RKLB,Experiment 1 — Univariate Close,2026-07-02,1,100.45999908447266,93.08999633789062,100.45999908447266,100.45012738435017,100.44794292463997,100.50463471021764,100.52854174635627,100.50604329618099,,97.40430308776085,97.63577116111333,,,,,
RKLB,Experiment 1 — Univariate Close,2026-07-02,5,100.45999908447266,81.04000091552734,100.45999908447266,100.4502572428772,100.44794292464748,100.68337562296479,,100.69043127594027,,88.6768386987809,89.27330921216065,,,,,
RKLB,Experiment 1 — Univariate Close,2026-07-02,10,100.45999908447266,67.62000274658203,100.45999908447266,100.4502572428813,100.44794292465618,100.9072488474852,,100.92139202599188,,94.50707340904668,92.11161244531351,,,,,
RKLB,Experiment 1 — Univariate Close,2026-07-02,20,100.45999908447266,64.94999694824219,100.45999908447266,100.4502572428813,100.44794292467158,101.35648977466597,,101.38490405419658,,89.30967480345652,88.37916201275978,,,,,
RKLB,Experiment 1 — Univariate Close,2026-08-06,1,75.66999816894531,82.83000183105469,75.66999816894531,75.6486682715557,75.64791585445694,75.7014462846409,75.716580137979,75.70258117111761,,77.81544158322407,76.61642302723905,,,,,
RKLB,Experiment 1 — Univariate Close,2026-08-06,5,75.66999816894531,80.0999984741211,75.66999816894531,75.64892966637672,75.64791585445694,75.82736949872591,,75.83305354049072,,83.44967825534388,76.04608277149828,,,,,
RKLB,Experiment 1 — Univariate Close,2026-08-06,10,75.66999816894531,72.94999694824219,75.66999816894531,75.6489296663829,75.64791585445694,75.98506811456488,,75.99646026732665,,75.66769841609172,81.78655999897377,,,,,
RKLB,Experiment 1 — Univariate Close,2026-08-06,20,75.66999816894531,63.810001373291016,75.66999816894531,75.6489296663829,75.64791585445694,76.30144992846824,,76.32433081693382,,103.24939767977594,109.72644331636872,,,,,
RKLB,Experiment 2 — OHLCV,2022-02-02,1,9.420000076293944,9.029999732971191,9.420000076293944,9.433769790137633,9.422388700854071,9.4190001230121,9.421678967419478,9.419835995475674,,9.11282360208097,9.38181944274476,,,,,
RKLB,Experiment 2 — OHLCV,2022-02-02,5,9.420000076293944,10.640000343322754,9.420000076293944,9.47268256574289,9.42240308481881,9.415001371243985,,9.41917970078226,,8.726890186567273,8.992321076262241,,,,,
RKLB,Experiment 2 — OHLCV,2022-02-02,10,9.420000076293944,9.9399995803833,9.420000076293944,9.498257706924562,9.42241872183959,9.410005318747315,,9.418359396716012,,7.925441443736416,7.968340640185887,,,,,
RKLB,Experiment 2 — OHLCV,2022-02-02,20,9.420000076293944,8.479999542236328,9.420000076293944,9.51664226797317,9.422443563216435,9.400021165784297,,9.416719002894924,,7.429582409533252,6.970762430772233,,,,,
RKLB,Experiment 2 — OHLCV,2022-03-08,1,8.510000228881836,8.829999923706055,8.510000228881836,8.54024389058559,8.50192758898618,8.508511272287341,8.510927307084733,8.50930143711523,,8.409316129807706,8.623253842965164,,,,,
RKLB,Experiment 2 — OHLCV,2022-03-08,5,8.510000228881836,7.920000076293945,8.510000228881836,8.619958262941898,8.501934481363143,8.502558050614207,,8.50650684380888,,8.36717477917238,8.435012529845157,,,,,
RKLB,Experiment 2 — OHLCV,2022-03-08,10,8.510000228881836,9.0,8.510000228881836,8.665697544343764,8.5019419719481,8.49512238069157,,8.503014892782804,,8.195124890382147,8.676272903162117,,,,,
RKLB,Experiment 2 — OHLCV,2022-03-08,20,8.510000228881836,8.199999809265137,8.510000228881836,8.692436045067156,8.501953865932457,8.480270543119495,,8.496035290516804,,7.315075411993831,7.2789716691038855,,,,,
RKLB,Experiment 2 — OHLCV,2022-04-08,1,7.800000190734863,7.829999923706055,7.800000190734863,7.826109492870076,7.808848395569706,7.798115108989829,7.800000192214616,7.798726237648995,,7.692491361105073,7.76593885687644,,,,,
RKLB,Experiment 2 — OHLCV,2022-04-08,5,7.800000190734863,7.980000019073486,7.800000190734863,7.889492836699401,7.8088517421429,7.790579336720451,,7.793632505679082,,7.499993401880282,7.673617118597088,,,,,
RKLB,Experiment 2 — OHLCV,2022-04-08,10,7.800000190734863,7.829999923706055,7.800000190734863,7.920527509431828,7.808855379365366,7.781169861230166,,7.787270019009451,,7.434073160581356,7.313163598902157,,,,,
RKLB,Experiment 2 — OHLCV,2022-04-08,20,7.800000190734863,5.670000076293945,7.800000190734863,7.93492443277777,7.808861155253099,7.762384990866569,,7.7745606238568845,,6.659342723014234,6.543035823860185,,,,,
RKLB,Experiment 2 — OHLCV,2022-05-12,1,5.190000057220459,5.860000133514404,5.190000057220459,5.23288040794717,5.190040643792012,5.188299369478149,5.189999996727936,5.188526673727304,,5.417692504614086,5.130111829041577,,,,,
RKLB,Experiment 2 — OHLCV,2022-05-12,5,5.190000057220459,4.75,5.190000057220459,5.337569033592133,5.190043540890815,5.181502189590112,,5.182637321339844,,5.720305622702313,5.546307494855012,,,,,
RKLB,Experiment 2 — OHLCV,2022-05-12,10,5.190000057220459,4.659999847412109,5.190000057220459,5.389009385014596,5.1900467128425545,5.173018235977773,,5.175285030522631,,5.197644196437199,5.009348612835666,,,,,
RKLB,Experiment 2 — OHLCV,2022-05-12,20,5.190000057220459,4.21999979019165,5.190000057220459,5.412792922671467,5.190051810731381,5.156091979715731,,5.1606117248283345,,5.360239928975073,5.134657130402773,,,,,
RKLB,Experiment 2 — OHLCV,2022-06-15,1,4.329999923706055,4.139999866485596,4.329999923706055,4.331262189388855,4.309416550062409,4.328523010560373,4.329874898890158,4.328678322439515,,4.318406714805713,4.247189092713763,,,,,
RKLB,Experiment 2 — OHLCV,2022-06-15,5,4.329999923706055,4.070000171661377,4.329999923706055,4.3335035024353665,4.309418001553857,4.322620393840459,,4.323395949929737,,4.253056922793107,4.183365392992003,,,,,
RKLB,Experiment 2 — OHLCV,2022-06-15,10,4.329999923706055,3.7899999618530273,4.329999923706055,4.334094080310554,4.309419590517703,4.315253440755925,,4.316802048317486,,4.0466940919309025,4.037532280983411,,,,,
RKLB,Experiment 2 — OHLCV,2022-06-15,20,4.329999923706055,3.950000047683716,4.329999923706055,4.334210357799465,4.309422143652159,4.300557179229174,,4.303644400161676,,3.9068568258783927,3.6277353005310733,,,,,
RKLB,Experiment 2 — OHLCV,2022-07-20,1,4.369999885559082,4.360000133514404,4.369999885559082,4.350827937250277,4.351954883382498,4.368670155990835,4.369999752271766,4.368846468380945,,4.288860251774606,4.21554672501172,,,,,
RKLB,Experiment 2 — OHLCV,2022-07-20,5,4.369999885559082,4.28000020980835,4.369999885559082,4.318565540170138,4.351955618976678,4.363355282667092,,4.3642358431927235,,4.0185641589407055,3.984328625904081,,,,,
RKLB,Experiment 2 — OHLCV,2022-07-20,10,4.369999885559082,5.150000095367432,4.369999885559082,4.31089468228894,4.351956424241052,4.3567207829212675,,4.358479403614756,,3.702155573870158,3.6864689884297297,,,,,
RKLB,Experiment 2 — OHLCV,2022-07-20,20,4.369999885559082,6.019999980926514,4.369999885559082,4.309571258025799,4.351957718136679,4.343482031443974,,4.346989292724825,,3.754749943483816,3.6409999060112117,,,,,
RKLB,Experiment 2 — OHLCV,2022-08-22,1,5.489999771118164,5.349999904632568,5.489999771118164,5.509261252430682,5.507047437292146,5.4887599693568685,5.490000144437894,5.489001723766048,,5.413187956491935,5.407727888086826,,,,,
RKLB,Experiment 2 — OHLCV,2022-08-22,5,5.489999771118164,5.130000114440918,5.489999771118164,5.522090597838075,5.50704781523947,5.483803561512757,,5.485011348414943,,5.865374736111917,6.097134432826552,,,,,
RKLB,Experiment 2 — OHLCV,2022-08-22,10,5.489999771118164,5.260000228881836,5.489999771118164,5.52244428058527,5.507048229042575,5.4776143451705686,,5.480027458382415,,5.371836068583281,5.346672433907854,,,,,
RKLB,Experiment 2 — OHLCV,2022-08-22,20,5.489999771118164,5.050000190734863,5.489999771118164,5.522448210004798,5.507048894095548,5.4652568607133745,,5.470073259858952,,4.7177682888591335,4.786332206622357,,,,,
RKLB,Experiment 2 — OHLCV,2022-09-23,1,4.119999885559082,4.230000019073486,4.119999885559082,4.143439838302503,4.134234781135154,4.118735125117028,4.1199998584244355,4.118858600135152,,4.0650535179663345,4.172508494149223,,,,,
RKLB,Experiment 2 — OHLCV,2022-09-23,5,4.119999885559082,4.070000171661377,4.119999885559082,4.181077015903747,4.134234968674065,4.113679964727556,,4.114296619050326,,3.9008912859623948,3.9484781009334995,,,,,
RKLB,Experiment 2 — OHLCV,2022-09-23,10,4.119999885559082,4.360000133514404,4.119999885559082,4.189049467299209,4.134235173958114,4.107369738410696,,4.108601247505108,,3.7983444043932977,3.9154062007153922,,,,,
RKLB,Experiment 2 — OHLCV,2022-09-23,20,4.119999885559082,4.239999771118164,4.119999885559082,4.190216388719778,4.134235503762573,4.094778309859743,,4.097234145604798,,3.7192379931666153,3.8821446857863666,,,,,
RKLB,Experiment 2 — OHLCV,2022-10-26,1,4.690000057220459,4.789999961853027,4.690000057220459,4.676639674939105,4.684810872622208,4.688860822440017,4.69000005781554,4.68898923185676,,4.640780002377189,4.514179873749227,,,,,
RKLB,Experiment 2 — OHLCV,2022-10-26,5,4.690000057220459,4.889999866485596,4.690000057220459,4.652401541386345,4.68481097035015,4.684306649929437,,4.6849481085420654,,4.677684082257243,4.622701029650725,,,,,
RKLB,Experiment 2 — OHLCV,2022-10-26,10,4.690000057220459,4.739999771118164,4.690000057220459,4.645691058296273,4.6848110773549445,4.678620154128008,,4.6799016016941914,,4.681240504167739,4.540158449644852,,,,,
RKLB,Experiment 2 — OHLCV,2022-10-26,20,4.690000057220459,4.400000095367432,4.690000057220459,4.644273131786269,4.684811249344349,4.6672678634434055,,4.669824890049113,,4.1636031094045265,4.209629001633449,,,,,
RKLB,Experiment 2 — OHLCV,2022-11-29,1,3.9600000381469727,4.190000057220459,3.9600000381469727,3.9690552695260735,3.963886531626341,3.958810814176725,3.9600000375183027,3.9589290717467756,,4.0548479742752885,4.069283386494277,,,,,
RKLB,Experiment 2 — OHLCV,2022-11-29,5,3.9600000381469727,4.0,3.9600000381469727,3.9782179134676032,3.963886580367415,3.954057488570955,,3.954648101749189,,4.122609812842629,4.114006019677969,,,,,
RKLB,Experiment 2 — OHLCV,2022-11-29,10,3.9600000381469727,4.170000076293945,3.9600000381469727,3.978922857242388,3.9638866337272467,3.9481238566452217,,3.9493033984885084,,4.18582199254611,4.12967636179949,,,,,
RKLB,Experiment 2 — OHLCV,2022-11-29,20,3.9600000381469727,3.5799999237060547,3.9600000381469727,3.9789511233542942,3.9638867194717924,3.9362832922358195,,3.938635652289358,,3.6088385974315784,3.8273163156651138,,,,,
RKLB,Experiment 2 — OHLCV,2023-01-03,1,3.869999885559082,4.039999961853027,3.869999885559082,3.865600360497399,3.8634024651003704,3.868910364579928,3.869999865490543,3.8690694398380265,,3.759245307684571,3.8400882212194816,,,,,
RKLB,Experiment 2 — OHLCV,2023-01-03,5,3.869999885559082,4.380000114440918,3.869999885559082,3.856586946178949,3.863402489742698,3.8645553471280523,,3.865349893442555,,3.583563491529702,3.3624416890933624,,,,,
RKLB,Experiment 2 — OHLCV,2023-01-03,10,3.869999885559082,5.170000076293945,3.869999885559082,3.8534054090574874,3.863402516719443,3.859118468386843,,3.8607054885165515,,3.1525959846926526,3.04579227257206,,,,,
RKLB,Experiment 2 — OHLCV,2023-01-03,20,3.869999885559082,4.980000019073486,3.869999885559082,3.8524698523884946,3.8634025600668136,3.848267646884676,,3.8514334133910584,,4.560713137377533,3.477691086788357,,,,,
RKLB,Experiment 2 — OHLCV,2023-02-06,1,4.920000076293945,4.900000095367432,4.920000076293945,4.9300363103689575,4.943306914785131,4.9194736475983865,4.9206712872122065,4.919693103903113,,5.151653304712028,5.072749608473691,,,,,
RKLB,Experiment 2 — OHLCV,2023-02-06,5,4.920000076293945,4.710000038146973,4.920000076293945,4.92990366449978,4.943306926731423,4.917368496022483,,4.918465405856388,,4.967251090432283,5.219248559373602,,,,,
RKLB,Experiment 2 — OHLCV,2023-02-06,10,4.920000076293945,4.579999923706055,4.920000076293945,4.929903664495528,4.943306939804629,4.9147383233149675,,4.916931214120724,,4.698565075092965,4.986494182776961,,,,,
RKLB,Experiment 2 — OHLCV,2023-02-06,20,4.920000076293945,4.400000095367432,4.920000076293945,4.929903664495528,4.943306960798662,4.909482197580702,,4.913864266157847,,3.57661834540977,3.6626328853645926,,,,,
RKLB,Experiment 2 — OHLCV,2023-03-10,1,3.910000085830689,3.940000057220459,3.910000085830689,3.921775186500655,3.9210637828228014,3.9088884096859196,3.910000083539245,3.9090627479863835,,3.7880739461129167,3.7716012767369453,,,,,
RKLB,Experiment 2 — OHLCV,2023-03-10,5,3.910000085830689,3.880000114440918,3.910000085830689,3.9403023913983035,3.921063789268999,3.904444864883082,,3.9053156431350304,,3.798134472056563,3.7690478135625622,,,,,
RKLB,Experiment 2 — OHLCV,2023-03-10,10,3.910000085830689,3.930000066757202,3.910000085830689,3.9440806645482773,3.921063796326852,3.8988975366411265,,3.9006368127163253,,3.798269898375946,3.8230512565943733,,,,,
RKLB,Experiment 2 — OHLCV,2023-03-10,20,3.910000085830689,4.0,3.910000085830689,3.9446082436855194,3.92106380767032,3.8878265134351446,,3.891295961822292,,3.431781822003645,2.6586170067037327,,,,,
RKLB,Experiment 2 — OHLCV,2023-04-13,1,4.110000133514404,4.019999980926514,4.110000133514404,4.105910810346407,4.101327292202935,4.109086749207202,4.110043855431158,4.109282684833448,,4.219528683554792,4.210169235091401,,,,,
RKLB,Experiment 2 — OHLCV,2023-04-13,5,4.110000133514404,3.950000047683716,4.110000133514404,4.1059653032574595,4.101327295535854,4.10543524138346,,4.106414142281759,,4.525682423281783,4.706853391987129,,,,,
RKLB,Experiment 2 — OHLCV,2023-04-13,10,4.110000133514404,3.900000095367432,4.110000133514404,4.105965303259276,4.1013272991855585,4.100875419383778,,4.102831279840526,,5.367617280210055,5.005729213306645,,,,,
RKLB,Experiment 2 — OHLCV,2023-04-13,20,4.110000133514404,4.099999904632568,4.110000133514404,4.105965303259276,4.101327305052818,4.091770963259297,,4.095674930415145,,5.314755451178925,5.2895862937872415,,,,,
RKLB,Experiment 2 — OHLCV,2023-05-16,1,4.28000020980835,4.5,4.28000020980835,4.281595391734753,4.2828222784332635,4.279081010889206,4.280000241488019,4.2793019178337826,,4.394365285131768,4.436480294537068,,,,,
RKLB,Experiment 2 — OHLCV,2023-05-16,5,4.28000020980835,4.519999980926514,4.28000020980835,4.281573175372161,4.282822280103778,4.275406188916296,,4.276509889029228,,4.591724196456141,4.531679262363258,,,,,
RKLB,Experiment 2 — OHLCV,2023-05-16,10,4.28000020980835,4.579999923706055,4.28000020980835,4.281573175371278,4.282822281932899,4.270817099105299,,4.273022414590887,,4.412879293965323,4.289268112681991,,,,,
RKLB,Experiment 2 — OHLCV,2023-05-16,20,4.28000020980835,5.690000057220459,4.28000020980835,4.281573175371278,4.282822284872942,4.261653691560672,,4.266055995453731,,4.482237342079035,4.36950112611574,,,,,
RKLB,Experiment 2 — OHLCV,2023-06-20,1,5.809999942779541,5.900000095367432,5.809999942779541,5.803478667028593,5.797232393847405,5.8096803735750076,5.811472946568724,5.81001081979671,,5.728050545218032,5.705824896106,,,,,
RKLB,Experiment 2 — OHLCV,2023-06-20,5,5.809999942779541,5.5,5.809999942779541,5.799944538061056,5.797232394675853,5.808402272520835,,5.810054328069012,,5.610249525338723,5.398605082623112,,,,,
RKLB,Experiment 2 — OHLCV,2023-06-20,10,5.809999942779541,5.860000133514404,5.809999942779541,5.799887624421164,5.7972323955828164,5.806805041599527,,5.810108713867563,,5.07958219353489,5.239219771216348,,,,,
RKLB,Experiment 2 — OHLCV,2023-06-20,20,5.809999942779541,7.929999828338623,5.809999942779541,5.799887300184094,5.797232397040252,5.80361189728589,,5.810217486991927,,4.850730378091477,4.850846295069653,,,,,
RKLB,Experiment 2 — OHLCV,2023-07-24,1,7.389999866485596,7.619999885559082,7.389999866485596,7.392351525594333,7.397291855886039,7.389930205741271,7.392293446632453,7.39037323348306,,7.414949213912248,7.313383567434835,,,,,
RKLB,Experiment 2 — OHLCV,2023-07-24,5,7.389999866485596,7.369999885559082,7.389999866485596,7.395554985697498,7.397291856314189,7.3896515693303755,,7.391866890119687,,7.148703972437367,6.547553660858531,,,,,
RKLB,Experiment 2 — OHLCV,2023-07-24,10,7.389999866485596,6.590000152587891,7.389999866485596,7.396037287274171,7.397291856782979,7.389303288590706,,7.3937343854421815,,7.468773054063194,6.730308537763514,,,,,
RKLB,Experiment 2 — OHLCV,2023-07-24,20,7.389999866485596,5.880000114440918,7.389999866485596,7.396082778334078,7.397291857536462,7.388606776354918,,7.3974707916290905,,7.304552124736474,7.456602544747976,,,,,
RKLB,Experiment 2 — OHLCV,2023-08-25,1,5.789999961853027,5.929999828338623,5.789999961853027,5.791646523610944,5.782920195455223,5.7891981097945395,5.790941399145417,5.789629253302532,,5.753474188170761,5.710244488478292,,,,,
RKLB,Experiment 2 — OHLCV,2023-08-25,5,5.789999961853027,6.340000152587891,5.789999961853027,5.79754118190181,5.78292019569742,5.7859918118847515,,5.788146656433941,,5.445163088924687,5.613992473612805,,,,,
RKLB,Experiment 2 — OHLCV,2023-08-25,10,5.789999961853027,6.039999961853027,5.789999961853027,5.8035656628043375,5.782920195962844,5.781986436573863,,5.78629394423437,,5.429299786418387,5.722216714927535,,,,,
RKLB,Experiment 2 — OHLCV,2023-08-25,20,5.789999961853027,4.349999904632568,5.789999961853027,5.812219597720696,5.782920196390086,5.773984002242509,,5.782590298734312,,6.117066794602426,5.949403818242731,,,,,
RKLB,Experiment 2 — OHLCV,2023-09-28,1,4.340000152587891,4.380000114440918,4.340000152587891,4.339865434376083,4.337715640803075,4.338865065947765,4.34012810331223,4.3391399495042196,,4.343759192262691,4.320219562627205,,,,,
RKLB,Experiment 2 — OHLCV,2023-09-28,5,4.340000152587891,4.449999809265137,4.340000152587891,4.3393268389583355,4.337715640833579,4.334327687324368,,4.335700841783992,,4.402389361611814,4.364283762386508,,,,,
RKLB,Experiment 2 — OHLCV,2023-09-28,10,4.340000152587891,4.420000076293945,4.340000152587891,4.338654218419281,4.337715640866709,4.328662636084126,,4.3314057899830285,,4.413843819748315,4.434823557137443,,,,,
RKLB,Experiment 2 — OHLCV,2023-09-28,20,4.340000152587891,4.28000020980835,4.340000152587891,4.337311053395489,4.3377156409192565,4.3173547369250524,,4.322828446517794,,4.642677572282423,4.806828358612007,,,,,
RKLB,Experiment 2 — OHLCV,2023-10-31,1,4.230000019073486,4.239999771118164,4.230000019073486,4.229488834387219,4.228317613009735,4.229073702794513,4.23034014321691,4.22938857995575,,4.204935779072017,4.183465778683665,,,,,
RKLB,Experiment 2 — OHLCV,2023-10-31,5,4.230000019073486,4.5,4.230000019073486,4.229493086913441,4.22831761302534,4.225370465749446,,4.226943707181629,,4.305903110697393,4.337341086526672,,,,,
RKLB,Experiment 2 — OHLCV,2023-10-31,10,4.230000019073486,4.320000171661377,4.230000019073486,4.229493086913462,4.228317613042293,4.22074597927266,,4.223889603574013,,4.68609600429259,4.648232876744942,,,,,
RKLB,Experiment 2 — OHLCV,2023-10-31,20,4.230000019073486,4.389999866485596,4.230000019073486,4.229493086913462,4.228317613069196,4.211512184685132,,4.217788014830428,,4.645591792103026,4.531095218924834,,,,,
RKLB,Experiment 2 — OHLCV,2023-12-04,1,4.579999923706055,4.449999809265137,4.579999923706055,4.577518561168499,4.573346111317454,4.579533548990944,4.580787308579855,4.579871592888043,,4.642438327784834,4.645488752781766,,,,,
RKLB,Experiment 2 — OHLCV,2023-12-04,5,4.579999923706055,4.659999847412109,4.579999923706055,4.57754343136377,4.573346111323628,4.577668524984718,,4.57935830557307,,4.634925940369785,4.948401867334311,,,,,
RKLB,Experiment 2 — OHLCV,2023-12-04,10,4.579999923706055,4.489999771118164,4.579999923706055,4.577543431364032,4.573346111330325,4.575338313036325,,4.578716777325202,,4.66352945307824,4.824194608366577,,,,,
RKLB,Experiment 2 — OHLCV,2023-12-04,20,4.579999923706055,5.099999904632568,4.579999923706055,4.577543431364032,4.573346111340935,4.570681447042229,,4.577433990434452,,4.765922694461885,4.752791696950175,,,,,
RKLB,Experiment 2 — OHLCV,2024-01-08,1,5.550000190734863,5.449999809265137,5.550000190734863,5.545036212899844,5.542334929956873,5.549325288269495,5.551031532161648,5.5496352283215415,,5.51018499511367,5.469206168368496,,,,,
RKLB,Experiment 2 — OHLCV,2024-01-08,5,5.550000190734863,4.940000057220459,5.550000190734863,5.536683859759911,5.542334929960225,5.546626499016914,,5.548175618648076,,5.304999468251367,5.099814035144987,,,,,
RKLB,Experiment 2 — OHLCV,2024-01-08,10,5.550000190734863,5.079999923706055,5.550000190734863,5.534710546927756,5.542334929963864,5.543254858072913,,5.546351646392494,,4.983520830326157,5.234983649100334,,,,,
RKLB,Experiment 2 — OHLCV,2024-01-08,20,5.550000190734863,4.260000228881836,5.550000190734863,5.534374340506139,5.542334929969633,5.536517723521082,,5.542705500586225,,5.357879249295745,5.2913632123993,,,,,
RKLB,Experiment 2 — OHLCV,2024-02-09,1,4.340000152587891,4.71999979019165,4.340000152587891,4.3496852925530085,4.337914362218147,4.3390159486333495,4.3404339453189955,4.3392778342800336,,4.402704851205623,4.428752207596532,,,,,
RKLB,Experiment 2 — OHLCV,2024-02-09,5,4.340000152587891,4.889999866485596,4.340000152587891,4.387077184036754,4.337914362219825,4.335081364238568,,4.336389763023012,,4.140256946365781,4.067139235194225,,,,,
RKLB,Experiment 2 — OHLCV,2024-02-09,10,4.340000152587891,4.570000171661377,4.340000152587891,4.430899864071675,4.337914362221649,4.330168150653755,,4.332782376894159,,3.978964005085146,3.8380169744040247,,,,,
RKLB,Experiment 2 — OHLCV,2024-02-09,20,4.340000152587891,4.480000019073486,4.340000152587891,4.509542831370664,4.337914362224541,4.320358422511932,,4.325576604952532,,3.866945030001574,3.8897014985779568,,,,,
RKLB,Experiment 2 — OHLCV,2024-03-14,1,4.170000076293945,4.119999885559082,4.170000076293945,4.171502155336749,4.176206274124521,4.168694124941817,4.1700001227479975,4.168995298910809,,4.178446899562552,4.146474777673026,,,,,
RKLB,Experiment 2 — OHLCV,2024-03-14,5,4.170000076293945,4.090000152587891,4.170000076293945,4.171492718212552,4.176206274125328,4.163474408202032,,4.1649786098443045,,4.072291362435095,4.044369062629443,,,,,
RKLB,Experiment 2 — OHLCV,2024-03-14,10,4.170000076293945,4.110000133514404,4.170000076293945,4.171492718212537,4.176206274126206,4.156958952182845,,4.159963190187192,,4.07036202123631,4.135912652737873,,,,,
RKLB,Experiment 2 — OHLCV,2024-03-14,20,4.170000076293945,3.7300000190734863,4.170000076293945,4.171492718212537,4.176206274127597,4.143958612463822,,4.149950462133407,,4.230421140321509,4.151734529795523,,,,,
RKLB,Experiment 2 — OHLCV,2024-04-17,1,3.569999933242798,3.549999952316284,3.569999933242798,3.569864191428743,3.5694443200624173,3.568306188014498,3.5699986965164907,3.568580680750556,,3.561023854376027,3.5628014702721953,,,,,
RKLB,Experiment 2 — OHLCV,2024-04-17,5,3.569999933242798,3.690000057220459,3.569999933242798,3.5698650864211348,3.569444320062816,3.561539239068299,,3.5629093107733465,,3.4054951184829685,3.3444465460598534,,,,,
RKLB,Experiment 2 — OHLCV,2024-04-17,10,3.569999933242798,3.849999904632568,3.569999933242798,3.5698650864211365,3.5694443200632486,3.5530985962515738,,3.555832771476989,,3.5118056817617727,3.4502615623774306,,,,,
RKLB,Experiment 2 — OHLCV,2024-04-17,20,3.569999933242798,4.340000152587891,3.569999933242798,3.5698650864211365,3.5694443200639348,3.536277274721816,,3.541721830572875,,3.5016756022273055,3.50444357025795,,,,,
RKLB,Experiment 2 — OHLCV,2024-05-20,1,4.400000095367432,4.460000038146973,4.400000095367432,4.394748941704492,4.392336248975357,4.3988293437888375,4.400367852277688,4.399202137488794,,4.471815913237026,4.501828765882904,,,,,
RKLB,Experiment 2 — OHLCV,2024-05-20,5,4.400000095367432,4.389999866485596,4.400000095367432,4.379355897914045,4.392336248975577,4.394149451780308,,4.396011752840831,,4.585867070709943,4.656701355062415,,,,,
RKLB,Experiment 2 — OHLCV,2024-05-20,10,4.400000095367432,4.28000020980835,4.400000095367432,4.368479089724842,4.392336248975816,4.388306587745375,,4.392027025513267,,5.113796440336841,5.215129283317564,,,,,
RKLB,Experiment 2 — OHLCV,2024-05-20,20,4.400000095367432,4.909999847412109,4.400000095367432,4.359706427358539,4.392336248976196,4.376644156968214,,4.384068403350358,,5.543318201050283,5.501813323461448,,,,,
RKLB,Experiment 2 — OHLCV,2024-06-24,1,4.829999923706055,4.739999771118164,4.829999923706055,4.82789434214101,4.838864212701906,4.8287573352533375,4.830402828035774,4.829139534449662,,5.0311613822245675,5.001655328813447,,,,,
RKLB,Experiment 2 — OHLCV,2024-06-24,5,4.829999923706055,4.539999961853027,4.829999923706055,4.81980820806463,4.838864212701999,4.8237901773615475,,4.8256995098005495,,5.758123330565553,5.7339819299533055,,,,,
RKLB,Experiment 2 — OHLCV,2024-06-24,10,4.829999923706055,5.079999923706055,4.829999923706055,4.810416118444505,4.8388642127021,4.817588414650636,,4.821402924789464,,5.521018284074842,5.709646223259444,,,,,
RKLB,Experiment 2 — OHLCV,2024-06-24,20,4.829999923706055,5.400000095367432,4.829999923706055,4.793779814687226,4.83886421270226,4.805208799085792,,4.812821227817292,,5.28809398240449,5.454144113300003,,,,,
RKLB,Experiment 2 — OHLCV,2024-07-26,1,5.400000095367432,5.320000171661377,5.400000095367432,5.397535234568425,5.3923240201633735,5.399164518150919,5.400931317702247,5.3995943395797505,,5.365289402419498,5.316031419632498,,,,,
RKLB,Experiment 2 — OHLCV,2024-07-26,5,5.400000095367432,4.809999942779541,5.400000095367432,5.397554973417787,5.392324020163421,5.395823502027914,,5.397971621290851,,5.640251341234777,5.639746353209978,,,,,
RKLB,Experiment 2 — OHLCV,2024-07-26,10,5.400000095367432,5.369999885559082,5.400000095367432,5.39755497341787,5.392324020163471,5.391650139046105,,5.395943909197048,,5.955894213301502,6.0824465225400335,,,,,
RKLB,Experiment 2 — OHLCV,2024-07-26,20,5.400000095367432,6.960000038146973,5.400000095367432,5.39755497341787,5.392324020163551,5.383313094163543,,5.391890769812954,,6.229703756918795,6.4338541515523096,,,,,
RKLB,Experiment 2 — OHLCV,2024-08-28,1,6.090000152587891,6.230000019073486,6.090000152587891,6.090106245865794,6.092594370196608,6.088504465117975,6.090672783053605,6.088985148974964,,6.063843653738786,5.896155136853391,,,,,
RKLB,Experiment 2 — OHLCV,2024-08-28,5,6.090000152587891,6.079999923706055,6.090000152587891,6.090106064778792,6.092594370196629,6.082525387703989,,6.084926825920002,,5.853063669563895,5.859294118843453,,,,,
RKLB,Experiment 2 — OHLCV,2024-08-28,10,6.090000152587891,6.860000133514404,6.090000152587891,6.090106064778792,6.092594370196652,6.075059797222168,,6.079857725630248,,5.528200379466483,6.0123883063325865,,,,,
RKLB,Experiment 2 — OHLCV,2024-08-28,20,6.090000152587891,8.6899995803833,6.090000152587891,6.090106064778792,6.092594370196688,6.060156094436553,,6.069732190104791,,5.326699045547116,5.125784740343874,,,,,
RKLB,Experiment 2 — OHLCV,2024-10-01,1,9.229999542236328,9.710000038146973,9.229999542236328,9.230001236388091,9.250558126225258,9.228656335962475,9.231812271767575,9.229318273495014,,8.975470019275619,8.77827183868884,,,,,
RKLB,Experiment 2 — OHLCV,2024-10-01,5,9.229999542236328,9.40999984741211,9.229999542236328,9.230001236385153,9.250558126225325,9.223285465298963,,9.22659370133893,,9.247625307211546,9.183471504901984,,,,,
RKLB,Experiment 2 — OHLCV,2024-10-01,10,9.229999542236328,9.9399995803833,9.229999542236328,9.230001236385153,9.250558126225398,9.216576272308656,,9.223189117186148,,10.181592362490818,10.192172855529686,,,,,
RKLB,Experiment 2 — OHLCV,2024-10-01,20,9.229999542236328,11.470000267028809,9.229999542236328,9.230001236385153,9.250558126225517,9.203172523961102,,9.216383717259657,,9.964742567681839,9.886636959259814,,,,,
RKLB,Experiment 2 — OHLCV,2024-11-01,1,11.420000076293944,11.25,11.420000076293944,11.41267037846089,11.38366206361568,11.419183388643976,11.422742825397346,11.419904798260692,,11.246138129358012,11.15861477039695,,,,,
RKLB,Experiment 2 — OHLCV,2024-11-01,5,11.420000076293944,13.510000228881836,11.420000076293944,11.41270633238251,11.383662063615711,11.415917222046746,,11.419523694076746,,11.65974345505216,12.035737740703645,,,,,
RKLB,Experiment 2 — OHLCV,2024-11-01,10,11.420000076293944,19.0,11.420000076293944,11.41270633238253,11.383662063615747,11.411835827492954,,11.419047331731706,,12.272013380557125,12.622946822713052,,,,,
RKLB,Experiment 2 — OHLCV,2024-11-01,20,11.420000076293944,24.155000686645508,11.420000076293944,11.41270633238253,11.383662063615803,11.403677415378308,,11.418094666654772,,15.13834731619164,15.035100820158034,,,,,
RKLB,Experiment 2 — OHLCV,2024-12-05,1,23.920000076293945,24.68000030517578,23.920000076293945,23.91695369825032,24.052006810917423,23.920722919003545,23.929709344360248,23.92199389734321,,24.22093056014796,23.00920783548695,,,,,
RKLB,Experiment 2 — OHLCV,2024-12-05,5,23.920000076293945,22.57999992370605,23.920000076293945,23.917569922395003,24.763253811450493,23.923614508285663,,23.929970843602863,,28.476805503597404,28.70566038493435,,,,,
RKLB,Experiment 2 — OHLCV,2024-12-05,10,23.920000076293945,23.21999931335449,23.920000076293945,23.918758480227115,25.632491235654207,23.927229486436183,,23.939945767107453,,28.24315721817848,27.687618215115528,,,,,
RKLB,Experiment 2 — OHLCV,2024-12-05,20,23.920000076293945,28.799999237060547,23.920000076293945,23.91846147644192,27.306954469715876,23.934461081543756,,23.959908089634197,,45.04008163989613,43.594331678204824,,,,,
RKLB,Experiment 2 — OHLCV,2025-01-10,1,26.90999984741211,23.90999984741211,26.90999984741211,26.919523818499595,27.066345365646903,26.911352519209135,26.921251354998077,26.912728470904792,,27.36664904264707,27.431003468950465,,,,,
RKLB,Experiment 2 — OHLCV,2025-01-10,5,26.90999984741211,24.0,26.90999984741211,26.921960934745325,27.535630843351463,26.916763886372337,,26.923645731929096,,28.909862107470587,32.3427082376732,,,,,
RKLB,Experiment 2 — OHLCV,2025-01-10,10,26.90999984741211,29.43000030517578,26.90999984741211,26.92196516150504,28.10915944811238,26.923529625526665,,26.937298536184667,,31.846921175142597,36.72001650482025,,,,,
RKLB,Experiment 2 — OHLCV,2025-01-10,20,26.90999984741211,30.600000381469727,26.90999984741211,26.921965162998852,29.213981370885197,26.937066206127174,,26.96462491794916,,51.04801187060502,57.379211686208635,,,,,
RKLB,Experiment 2 — OHLCV,2025-02-14,1,28.020000457763672,27.739999771118164,28.020000457763672,28.030650261189514,28.133691256460125,28.020037176998375,28.028714839215436,28.021148873202062,,27.662226703003068,27.82877460068141,,,,,
RKLB,Experiment 2 — OHLCV,2025-02-14,5,28.020000457763672,22.489999771118164,28.020000457763672,28.02943138941237,28.436156396483153,28.020184054418383,,28.025743005659432,,28.597268375201423,28.764286158185456,,,,,
RKLB,Experiment 2 — OHLCV,2025-02-14,10,28.020000457763672,18.65999984741211,28.020000457763672,28.029431049069387,28.80580859751596,28.020367652276075,,28.031486730459395,,31.288012021525446,28.858969163977868,,,,,
RKLB,Experiment 2 — OHLCV,2025-02-14,20,28.020000457763672,19.100000381469727,28.020000457763672,28.029431049081673,29.517891398813234,28.020734851600466,,28.042977711736793,,34.4344153093175,31.1212793375164,,,,,
RKLB,Experiment 2 — OHLCV,2025-03-20,1,18.530000686645508,18.940000534057617,18.530000686645508,18.555733799179638,18.500318030670545,18.529168928692947,18.534272983444396,18.530021614921754,,18.54180246707478,18.50526183645944,,,,,
RKLB,Experiment 2 — OHLCV,2025-03-20,5,18.530000686645508,18.420000076293945,18.530000686645508,18.54849409646394,18.340350494712386,18.525842270217947,,18.530105328263105,,17.595772357050798,17.15687517263064,,,,,
RKLB,Experiment 2 — OHLCV,2025-03-20,10,18.530000686645508,17.889999389648438,18.530000686645508,18.548288275760328,18.17201879595459,18.521684787002826,,18.530209970471628,,15.265989771233933,14.229564990653031,,,,,
RKLB,Experiment 2 — OHLCV,2025-03-20,20,18.530000686645508,19.739999771118164,18.530000686645508,18.548290539812495,17.91840893889616,18.513372619372245,,18.530419256661464,,13.751769022011729,13.897786422103374,,,,,
RKLB,Experiment 2 — OHLCV,2025-04-23,1,20.290000915527344,21.8799991607666,20.290000915527344,20.24425890246952,20.12023843197123,20.289311151924228,20.294151097392184,20.29008152186542,,19.57947612436064,19.494075986237867,,,,,
RKLB,Experiment 2 — OHLCV,2025-04-23,5,20.290000915527344,21.790000915527344,20.290000915527344,20.256443266030182,20.123344540498014,20.28655233199064,,20.290403950420014,,21.591272764285975,22.417461638153913,,,,,
RKLB,Experiment 2 — OHLCV,2025-04-23,10,20.290000915527344,22.290000915527344,20.290000915527344,20.25668663930782,20.126602306848493,20.28310433459134,,20.29080699331845,,23.126422049089456,23.270165016170587,,,,,
RKLB,Experiment 2 — OHLCV,2025-04-23,20,20.290000915527344,25.170000076293945,20.290000915527344,20.256684885629408,20.13148430222659,20.276210097806466,,20.291613103133283,,28.96312933091872,25.282744719283066,,,,,
RKLB,Experiment 2 — OHLCV,2025-05-27,1,28.76000022888184,28.93000030517578,28.76000022888184,28.584741508480075,28.428426498814883,28.762219014972604,28.7690132244002,28.763082067693365,,28.71765788731927,29.07241994551177,,,,,
RKLB,Experiment 2 — OHLCV,2025-05-27,5,28.76000022888184,26.71999931335449,28.76000022888184,28.64139450712662,28.681136371639028,28.77109587122422,,28.775412725703077,,29.005489451491982,30.120378982455033,,,,,
RKLB,Experiment 2 — OHLCV,2025-05-27,10,28.76000022888184,27.170000076293945,28.76000022888184,28.64804128806589,28.94180227222149,28.782195794278632,,28.79083348208816,,30.14682365135354,28.63813543617982,,,,,
RKLB,Experiment 2 — OHLCV,2025-05-27,20,28.76000022888184,32.349998474121094,28.76000022888184,28.647688986253474,29.322012253860898,28.8044084891302,,28.821699791257483,,32.5002495026227,30.070298429593553,,,,,
RKLB,Experiment 2 — OHLCV,2025-06-30,1,35.77000045776367,34.33000183105469,35.77000045776367,35.700883969592695,35.86677177280259,35.774366937970186,35.78270180794764,35.77545600333777,,36.97892407943678,35.30632175140124,,,,,
RKLB,Experiment 2 — OHLCV,2025-06-30,5,35.77000045776367,38.7400016784668,35.77000045776367,35.72263523609366,36.31133120148561,35.79183818965359,,35.79728650755669,,36.628449094981,33.343172831283844,,,,,
RKLB,Experiment 2 — OHLCV,2025-06-30,10,35.77000045776367,44.59999847412109,35.77000045776367,35.72426939219793,36.79463408798714,35.81368925356832,,35.82459337167747,,36.945322576156116,32.023837138007494,,,,,
RKLB,Experiment 2 — OHLCV,2025-06-30,20,35.77000045776367,43.790000915527344,35.77000045776367,35.724214922276175,37.562462445922066,35.857431410034266,,35.87926960642469,,42.257399343423685,41.54171817183775,,,,,
RKLB,Experiment 2 — OHLCV,2025-08-01,1,44.810001373291016,44.540000915527344,44.810001373291016,44.80962986650437,45.008377006891685,44.81718682098067,44.82829333527285,44.81873427938829,,47.69631643736716,47.47995188993517,,,,,
RKLB,Experiment 2 — OHLCV,2025-08-01,5,44.810001373291016,44.68999862670898,44.810001373291016,44.80975109437801,45.41476242541755,44.845940135715374,,44.85368292643099,,52.640907022441866,51.394661879683525,,,,,
RKLB,Experiment 2 — OHLCV,2025-08-01,10,44.810001373291016,44.27000045776367,44.810001373291016,44.8097699194461,45.864202300669334,44.88190772194257,,44.89740706109354,,58.705647750779235,61.6025964747319,,,,,
RKLB,Experiment 2 — OHLCV,2025-08-01,20,44.810001373291016,48.59999847412109,44.810001373291016,44.80976860999252,46.59851464158242,44.9539294582937,,44.98498324106357,,70.96298710567385,71.03853276760593,,,,,
RKLB,Experiment 2 — OHLCV,2025-09-04,1,42.9900016784668,45.84000015258789,42.9900016784668,42.90209841100218,43.08001635135662,42.99846792271806,43.0089729290009,42.99974648564716,,42.520503684606,42.30885022481825,,,,,
RKLB,Experiment 2 — OHLCV,2025-09-04,5,42.9900016784668,48.43000030517578,42.9900016784668,42.9305765023115,43.304973710978715,43.03234957602135,,43.038747808527965,,50.46698572204673,50.301176812447366,,,,,
RKLB,Experiment 2 — OHLCV,2025-09-04,10,42.9900016784668,47.18000030517578,42.9900016784668,42.93398510642785,43.57990120548768,43.074739188959875,,43.087549211561985,,50.81044519976808,51.96874184871959,,,,,
RKLB,Experiment 2 — OHLCV,2025-09-04,20,42.9900016784668,52.470001220703125,42.9900016784668,42.93380068518813,44.109510226877525,43.159643725398624,,43.18531808731456,,61.24526701705793,60.765429362688764,,,,,
RKLB,Experiment 2 — OHLCV,2025-10-07,1,61.5099983215332,65.30999755859375,61.5099983215332,61.435464111166574,61.69171826160376,61.53021919494786,61.54694582011269,61.53195594766379,,63.480346960750296,63.66795864627581,,,,,
RKLB,Experiment 2 — OHLCV,2025-10-07,5,61.5099983215332,68.02999877929688,61.5099983215332,61.450283490760576,62.40955750902394,61.61116918481388,,61.61986486374539,,57.864632170544056,59.64965983678683,,,,,
RKLB,Experiment 2 — OHLCV,2025-10-07,10,61.5099983215332,65.4000015258789,61.5099983215332,61.450341228710265,63.286851526365574,61.712506452644334,,61.729927644901274,,67.83625979609866,68.64794684757643,,,,,
RKLB,Experiment 2 — OHLCV,2025-10-07,20,61.5099983215332,56.56999969482422,61.5099983215332,61.45034117291069,64.97683465018993,61.91568129720507,,61.95064332672483,,85.31900701403356,81.79123774439076,,,,,
RKLB,Experiment 2 — OHLCV,2025-11-07,1,51.63999938964844,51.900001525878906,51.63999938964844,51.49016696090905,51.6618073224003,51.6568920159143,51.67018970081408,51.658115471588225,,51.34178284343765,51.85957388740931,,,,,
RKLB,Experiment 2 — OHLCV,2025-11-07,5,51.63999938964844,45.540000915527344,51.63999938964844,51.534328222077534,51.82819943924865,51.724517798706046,,51.73064337556419,,62.621882456680396,63.633446217024996,,,,,
RKLB,Experiment 2 — OHLCV,2025-11-07,10,51.63999938964844,40.29999923706055,51.63999938964844,51.53612156343488,52.0315525007711,51.80917453777051,,51.82144646938623,,69.58709359533577,63.466476933411144,,,,,
RKLB,Experiment 2 — OHLCV,2025-11-07,20,51.63999938964844,51.560001373291016,51.63999938964844,51.536091615080075,52.42328347733962,51.97890391190111,,52.003531098371404,,81.73738701533148,82.74142317744757,,,,,
RKLB,Experiment 2 — OHLCV,2025-12-11,1,63.52999877929688,61.4900016784668,63.52999877929688,63.54630055563371,63.6178500627522,63.554816813225514,63.57177914475711,63.556201263616856,,64.72159278049658,65.13752148678957,,,,,
RKLB,Experiment 2 — OHLCV,2025-12-11,5,63.52999877929688,59.91999816894531,63.52999877929688,63.542818358815644,63.96488489019024,63.654185938627194,,63.66111931571289,,68.67082235352792,66.09263221407433,,,,,
RKLB,Experiment 2 — OHLCV,2025-12-11,10,63.52999877929688,70.6500015258789,63.52999877929688,63.53692640867479,64.38900711395377,63.77861585650998,,63.79251047380999,,71.79964492405271,70.04113876398097,,,,,
RKLB,Experiment 2 — OHLCV,2025-12-11,20,63.52999877929688,87.9000015258789,63.52999877929688,63.53838971932903,65.2060187274276,64.02820586701868,,64.0561068903612,,68.34496597381305,65.28189706409232,,,,,
RKLB,Experiment 2 — OHLCV,2026-01-15,1,90.76000213623048,96.3000030517578,90.76000213623048,90.77162427015955,91.18416079468415,90.79942642584129,90.82323883870592,90.80128986317591,,90.54817242606215,90.97811803033997,,,,,
RKLB,Experiment 2 — OHLCV,2026-01-15,5,90.76000213623048,88.9000015258789,90.76000213623048,90.77155735345417,92.57426862574391,90.95729490974354,,90.96662867884753,,93.32757874310937,90.662457067037,,,,,
RKLB,Experiment 2 — OHLCV,2026-01-15,10,90.76000213623048,80.06999969482422,90.76000213623048,90.77155735345409,93.78216971598421,91.15501655542016,,91.17372563273727,,105.81327732231331,99.79914979581396,,,,,
RKLB,Experiment 2 — OHLCV,2026-01-15,20,90.76000213623048,67.44000244140625,90.76000213623048,90.77155735345409,95.12178205369227,91.55175019439496,,91.5893350605743,,100.09356725875791,99.06540299477149,,,,,
RKLB,Experiment 2 — OHLCV,2026-02-19,1,76.58000183105469,70.86000061035156,76.58000183105469,76.60238782103468,76.63771387018382,76.611822278069,76.63161309761854,76.61360904800563,,78.82985005203781,78.42855366376351,,,,,
RKLB,Experiment 2 — OHLCV,2026-02-19,5,76.58000183105469,72.6500015258789,76.58000183105469,76.59558140757181,76.86569094069347,76.73923634108598,,76.7481854661843,,73.21867851237107,78.18259245082479,,,,,
RKLB,Experiment 2 — OHLCV,2026-02-19,10,76.58000183105469,70.0,76.58000183105469,76.59245213977302,77.14430891925619,76.89880195099428,,76.91673846321582,,67.7323057607266,68.54034366304771,,,,,
RKLB,Experiment 2 — OHLCV,2026-02-19,20,76.58000183105469,71.93000030517578,76.58000183105469,76.5929543903099,77.6810271373877,77.21892922572681,,77.25495578951028,,79.57651414302279,72.74371271351585,,,,,
RKLB,Experiment 2 — OHLCV,2026-03-24,1,66.06999969482422,72.87999725341797,66.06999969482422,66.19317212890417,66.10995905666282,66.09557609730315,66.11437073933631,66.09724227543698,,65.41828720852939,65.78652464160534,,,,,
RKLB,Experiment 2 — OHLCV,2026-03-24,5,66.06999969482422,64.22000122070312,66.06999969482422,66.15300269904807,66.10995905666282,66.19798075453915,,66.20632497328964,,72.0779716954035,79.21486162399889,,,,,
RKLB,Experiment 2 — OHLCV,2026-03-24,10,66.06999969482422,69.08000183105469,66.06999969482422,66.1472584734828,66.10995905666282,66.32620972028892,,66.3429315379914,,75.05907228877572,85.06401772616918,,,,,
RKLB,Experiment 2 — OHLCV,2026-03-24,20,66.06999969482422,90.04000091552734,66.06999969482422,66.1476282766787,66.10995905666282,66.58341329165115,,66.61699084886496,,93.8220017704009,103.61248390854188,,,,,
RKLB,Experiment 2 — OHLCV,2026-04-27,1,82.29000091552734,78.58999633789062,82.29000091552734,82.32114799699093,82.2695709606144,82.32693717231975,82.34949342648098,82.32882451869641,,84.40668047471526,83.15885500287976,,,,,
RKLB,Experiment 2 — OHLCV,2026-04-27,5,82.29000091552734,80.30999755859375,82.29000091552734,82.3128697063838,82.41234664823543,82.47484806406041,,82.48430218370345,,91.38528021761459,91.83765795793865,,,,,
RKLB,Experiment 2 — OHLCV,2026-04-27,10,82.29000091552734,117.3499984741211,82.29000091552734,82.30559135445746,82.58683732567042,82.66011043276531,,82.67906223159027,,96.859671972515,99.70775828032629,,,,,
RKLB,Experiment 2 — OHLCV,2026-04-27,20,82.29000091552734,143.1999969482422,82.29000091552734,82.30717042332259,82.92296899225052,83.03188456360427,,83.06996300209447,,98.3793430112712,96.34403122066331,,,,,
RKLB,Experiment 2 — OHLCV,2026-05-29,1,143.47999572753906,122.38999938964844,143.47999572753906,143.59675366334213,144.68040747405072,143.54973912761136,143.58703495028203,143.55156582828965,,147.9531249869052,150.24559137138996,,,,,
RKLB,Experiment 2 — OHLCV,2026-05-29,5,143.47999572753906,110.08000183105467,143.47999572753906,143.595255322732,147.39115394695972,143.82905190457723,,143.83820341244532,,157.79297156330927,162.04319816739778,,,,,
RKLB,Experiment 2 — OHLCV,2026-05-29,10,143.47999572753906,102.38999938964844,143.47999572753906,143.59525532268927,149.86432765125681,144.17895726072302,,144.19730538749195,,156.00010511160974,163.65873705402723,,,,,
RKLB,Experiment 2 — OHLCV,2026-05-29,20,143.47999572753906,98.01000213623048,143.47999572753906,143.59525532268927,152.82727328153135,144.88132377884853,,144.91820114420807,,126.91905267468371,125.4082994424435,,,,,
RKLB,Experiment 2 — OHLCV,2026-07-02,1,100.45999908447266,93.08999633789062,100.45999908447266,100.45012738435017,100.44794292463997,100.50463471021764,100.52854174635627,100.50604329618099,,97.40430308776085,97.63577116111333,,,,,
RKLB,Experiment 2 — OHLCV,2026-07-02,5,100.45999908447266,81.04000091552734,100.45999908447266,100.4502572428772,100.44794292464748,100.68337562296479,,100.69043127594027,,88.6768386987809,89.27330921216065,,,,,
RKLB,Experiment 2 — OHLCV,2026-07-02,10,100.45999908447266,67.62000274658203,100.45999908447266,100.4502572428813,100.44794292465618,100.9072488474852,,100.92139202599188,,94.50707340904668,92.11161244531351,,,,,
RKLB,Experiment 2 — OHLCV,2026-07-02,20,100.45999908447266,64.94999694824219,100.45999908447266,100.4502572428813,100.44794292467158,101.35648977466597,,101.38490405419658,,89.30967480345652,88.37916201275978,,,,,
RKLB,Experiment 2 — OHLCV,2026-08-06,1,75.66999816894531,82.83000183105469,75.66999816894531,75.6486682715557,75.64791585445694,75.7014462846409,75.716580137979,75.70258117111761,,77.81544158322407,76.61642302723905,,,,,
RKLB,Experiment 2 — OHLCV,2026-08-06,5,75.66999816894531,80.0999984741211,75.66999816894531,75.64892966637672,75.64791585445694,75.82736949872591,,75.83305354049072,,83.44967825534388,76.04608277149828,,,,,
RKLB,Experiment 2 — OHLCV,2026-08-06,10,75.66999816894531,72.94999694824219,75.66999816894531,75.6489296663829,75.64791585445694,75.98506811456488,,75.99646026732665,,75.66769841609172,81.78655999897377,,,,,
RKLB,Experiment 2 — OHLCV,2026-08-06,20,75.66999816894531,63.810001373291016,75.66999816894531,75.6489296663829,75.64791585445694,76.30144992846824,,76.32433081693382,,103.24939767977594,109.72644331636872,,,,,
IONQ,Experiment 1 — Univariate Close,2022-03-11,1,12.329999923706056,11.40999984741211,12.329999923706056,12.321394294899527,12.332665612476392,12.330037826414792,12.334345655321563,12.330629054706225,,12.508275683145547,12.995613667070298,,,,,
IONQ,Experiment 1 — Univariate Close,2022-03-11,5,12.329999923706056,14.359999656677246,12.329999923706056,12.308153006370372,12.34319572299673,12.330189438414877,,12.333145899733672,,14.720804413068665,16.222792533656357,,,,,
IONQ,Experiment 1 — Univariate Close,2022-03-11,10,12.329999923706056,13.18000030517578,12.329999923706056,12.30556012518941,12.35606490365889,12.330378956036578,,12.33629267845109,,15.125554949032564,15.968809594113099,,,,,
IONQ,Experiment 1 — Univariate Close,2022-03-11,20,12.329999923706056,12.31999969482422,12.329999923706056,12.305215531495625,12.380855564151936,12.3307580000188,,12.342588644774592,,13.8781960603165,18.632346847183964,,,,,
IONQ,Experiment 1 — Univariate Close,2022-04-12,1,10.989999771118164,11.369999885559082,10.989999771118164,10.963892670697751,10.990936711118847,10.98991273294021,10.993178557450126,10.990551056396518,,10.38187284026204,10.335490154570177,,,,,
IONQ,Experiment 1 — Univariate Close,2022-04-12,5,10.989999771118164,9.800000190734863,10.989999771118164,10.930335889616714,10.994610554968034,10.989564587121555,,10.992756474061993,,10.50430025125042,10.443661396536367,,,,,
IONQ,Experiment 1 — Univariate Close,2022-04-12,10,10.989999771118164,8.199999809265137,10.989999771118164,10.925864422724011,10.999040879305102,10.98912942035744,,10.995513868490017,,11.048520105258897,11.98039076611202,,,,,
IONQ,Experiment 1 — Univariate Close,2022-04-12,20,10.989999771118164,4.340000152587891,10.989999771118164,10.925503147070975,11.007388116719921,10.988259138523967,,11.001030732492486,,13.22606991894233,13.732434207328607,,,,,
IONQ,Experiment 1 — Univariate Close,2022-05-16,1,4.860000133514404,5.710000038146973,4.860000133514404,4.81836174535577,4.8531905397997654,4.859800240731935,4.859928983072637,4.859923687022627,,4.9920640919130435,5.18309403074638,,,,,
IONQ,Experiment 1 — Univariate Close,2022-05-16,5,4.860000133514404,5.760000228881836,4.860000133514404,4.694837120803718,4.833206693093232,4.8590007518149765,,4.859617913080155,,5.221585412124192,5.8288001164167405,,,,,
IONQ,Experiment 1 — Univariate Close,2022-05-16,10,4.860000133514404,5.75,4.860000133514404,4.604827605819608,4.819076285731818,4.8580015756224935,,4.85923572270608,,5.952592354332303,5.5031295774299025,,,,,
IONQ,Experiment 1 — Univariate Close,2022-05-16,20,4.860000133514404,4.610000133514404,4.860000133514404,4.527629329725588,4.807694019208146,4.856003839589335,,4.858471432129004,,4.659991792235678,5.502876359871782,,,,,
IONQ,Experiment 1 — Univariate Close,2022-06-16,1,4.760000228881836,5.039999961853027,4.760000228881836,4.747742127739538,4.758900401121822,4.7597436976236125,4.7598306779364865,4.759861476580084,,4.904274697908132,4.776563370651736,,,,,
IONQ,Experiment 1 — Univariate Close,2022-06-16,5,4.760000228881836,5.110000133514404,4.760000228881836,4.713379759170096,4.755069642908055,4.758717710835966,,4.759306507817692,,4.981111106924722,4.7109095137904795,,,,,
IONQ,Experiment 1 — Univariate Close,2022-06-16,10,4.760000228881836,4.389999866485596,4.760000228881836,4.691022578581797,4.752350230107024,4.757435538347337,,4.758612887856258,,5.091174959967503,5.327442154147568,,,,,
IONQ,Experiment 1 — Univariate Close,2022-06-16,20,4.760000228881836,4.590000152587891,4.760000228881836,4.675070463931908,4.750146449030997,4.754872229669396,,4.757225951182576,,4.996378936659816,4.9898361812243825,,,,,
IONQ,Experiment 1 — Univariate Close,2022-07-21,1,5.260000228881836,4.880000114440918,5.260000228881836,5.279173946731179,5.260000226795668,5.25978200112835,5.2598624842470025,5.25992834719756,,5.31241370492511,5.191486713695082,,,,,
IONQ,Experiment 1 — Univariate Close,2022-07-21,5,5.260000228881836,5.289999961853027,5.260000228881836,5.3314105796545865,5.260000226795668,5.25890918064934,,5.259640830283472,,4.799380693658009,3.928642477486808,,,,,
IONQ,Experiment 1 — Univariate Close,2022-07-21,10,5.260000228881836,6.199999809265137,5.260000228881836,5.363339502260352,5.260000226795668,5.257818358726007,,5.259281456241639,,5.372325120389547,4.877737774105999,,,,,
IONQ,Experiment 1 — Univariate Close,2022-07-21,20,5.260000228881836,7.630000114440918,5.260000228881836,5.3838376147566,5.260000226795668,5.255637393619069,,5.2585627818208485,,5.626868960280902,4.208054412417517,,,,,
IONQ,Experiment 1 — Univariate Close,2022-08-22,1,6.420000076293945,6.429999828338623,6.420000076293945,6.391026296202207,6.420000079274175,6.419729551200242,6.419745287223445,6.419907173422197,,5.928274753508646,5.911650880737696,,,,,
IONQ,Experiment 1 — Univariate Close,2022-08-22,5,6.420000076293945,6.190000057220459,6.420000076293945,6.400121614301281,6.420000079274175,6.418647564814122,,6.4195355753788474,,6.127513539519008,5.506416715151262,,,,,
IONQ,Experiment 1 — Univariate Close,2022-08-22,10,6.420000076293945,5.630000114440918,6.420000076293945,6.40333761844997,6.420000079274175,6.417295338270012,,6.419071108071396,,5.798464669947634,5.719490018322304,,,,,
IONQ,Experiment 1 — Univariate Close,2022-08-22,20,6.420000076293945,5.269999980926514,6.420000076293945,6.402900945360276,6.420000079274175,6.414591739748835,,6.418142274269711,,5.570646761695059,4.628570335469165,,,,,
IONQ,Experiment 1 — Univariate Close,2022-09-23,1,4.769999980926514,4.789999961853027,4.769999980926514,4.772658552848499,4.769999983906743,4.769606736091572,4.769623096178458,4.769756690407481,,4.834520502596145,4.829303978102569,,,,,
IONQ,Experiment 1 — Univariate Close,2022-09-23,5,4.769999980926514,5.070000171661377,4.769999980926514,4.771800226473494,4.769999983906743,4.768034080921099,,4.768783652413648,,4.809858293206308,4.719191925583663,,,,,
IONQ,Experiment 1 — Univariate Close,2022-09-23,10,4.769999980926514,5.28000020980835,4.769999980926514,4.77158166880187,4.769999983906743,4.766068991138504,,4.767567634059075,,4.683381559189312,4.824748276772485,,,,,
IONQ,Experiment 1 — Univariate Close,2022-09-23,20,4.769999980926514,5.130000114440918,4.769999980926514,4.771604977524681,4.769999983906743,4.762141240906213,,4.7651365275084725,,5.557358916382746,5.179975823349327,,,,,
IONQ,Experiment 1 — Univariate Close,2022-10-25,1,5.400000095367432,5.53000020980835,5.400000095367432,5.382562496325335,5.399981732373816,5.399644061424027,5.399616761724491,5.399815775377676,,5.491641221323784,5.442638408925753,,,,,
IONQ,Experiment 1 — Univariate Close,2022-10-25,5,5.400000095367432,5.610000133514404,5.400000095367432,5.3881512064499715,5.399981732373816,5.398220160375982,,5.399078558331058,,5.180800837877516,5.297461748984165,,,,,
IONQ,Experiment 1 — Univariate Close,2022-10-25,10,5.400000095367432,4.960000038146973,5.400000095367432,5.389718719008116,5.399981732373816,5.396440812082407,,5.398157178559591,,6.077428498907061,5.980966579885995,,,,,
IONQ,Experiment 1 — Univariate Close,2022-10-25,20,5.400000095367432,4.849999904632568,5.400000095367432,5.389538614434379,5.399981732373816,5.392883874815396,,5.39631489070403,,5.624994372824727,5.61356415142523,,,,,
IONQ,Experiment 1 — Univariate Close,2022-11-28,1,4.940000057220459,4.829999923706055,4.940000057220459,4.937676065871707,4.940000056773421,4.93959663785915,4.939601683336597,4.939711979778575,,4.885366304647649,4.824026013109621,,,,,
IONQ,Experiment 1 — Univariate Close,2022-11-28,5,4.940000057220459,4.650000095367432,4.940000057220459,4.938418053272791,4.940000056773421,4.937983289834743,,4.938559837994383,,4.728236112153381,4.743702466304331,,,,,
IONQ,Experiment 1 — Univariate Close,2022-11-28,10,4.940000057220459,4.46999979019165,4.940000057220459,4.938639731342911,4.940000056773421,4.935967345799359,,4.937120038653205,,3.9342944943642166,3.9779124583418057,,,,,
IONQ,Experiment 1 — Univariate Close,2022-11-28,20,4.940000057220459,3.0999999046325684,4.940000057220459,4.938613017773003,4.940000056773421,4.931937926435184,,4.934241699135923,,4.424890259051185,3.6294709502494804,,,,,
IONQ,Experiment 1 — Univariate Close,2022-12-29,1,3.539999961853028,3.450000047683716,3.539999961853028,3.530246930353765,3.539999955594539,3.5395419494726434,3.5395811163635837,3.5396083000933345,,3.5711870401717225,3.718400024936098,,,,,
IONQ,Experiment 1 — Univariate Close,2022-12-29,5,3.539999961853028,3.7699999809265137,3.539999961853028,3.533352082837281,3.539999955594539,3.537710492460154,,3.5380420863369473,,3.192050055140627,3.0944463298984943,,,,,
IONQ,Experiment 1 — Univariate Close,2022-12-29,10,3.539999961853028,4.409999847412109,3.539999961853028,3.534303577300711,3.539999955594539,3.5354225037650653,,3.536085293667357,,3.1874562063060243,3.285875677904178,,,,,
IONQ,Experiment 1 — Univariate Close,2022-12-29,20,3.539999961853028,4.460000038146973,3.539999961853028,3.5341867919892573,3.539999955594539,3.5308509646383377,,3.5321749544724126,,3.0375382835173927,2.9886855653869513,,,,,
IONQ,Experiment 1 — Univariate Close,2023-02-02,1,5.489999771118164,5.5,5.489999771118164,5.48109283596917,5.489999760240323,5.489503385182037,5.489622829286402,5.489619240564364,,5.641675464594954,5.623340229818476,,,,,
IONQ,Experiment 1 — Univariate Close,2023-02-02,5,5.489999771118164,4.690000057220459,5.489999771118164,5.483459468486471,5.489999760240323,5.487518290211175,,5.488097382089549,,5.557379865603268,5.993890172597763,,,,,
IONQ,Experiment 1 — Univariate Close,2023-02-02,10,5.489999771118164,5.28000020980835,5.489999771118164,5.483505926146089,5.489999760240323,5.485037930934014,,5.486195652274808,,5.741445873811848,5.9258237142758805,,,,,
IONQ,Experiment 1 — Univariate Close,2023-02-02,20,5.489999771118164,5.03000020980835,5.489999771118164,5.483505598294041,5.489999760240323,5.48008057524149,,5.482394169373305,,5.07538091011385,4.88774182526271,,,,,
IONQ,Experiment 1 — Univariate Close,2023-03-07,1,4.940000057220459,5.059999942779541,4.940000057220459,4.937339064171155,4.940000057071444,4.9395306131423675,4.939627653660915,4.93965487734641,,5.031697498877033,5.181025312777784,,,,,
IONQ,Experiment 1 — Univariate Close,2023-03-07,5,4.940000057220459,4.789999961853027,4.940000057220459,4.938190472322173,4.940000057071444,4.937653282896397,,4.938274399025958,,4.774809227684029,4.792093725389906,,,,,
IONQ,Experiment 1 — Univariate Close,2023-03-07,10,4.940000057220459,4.869999885559082,4.940000057220459,4.93843782585166,4.940000057071444,4.935307623420446,,4.936549343644447,,4.506685192185227,4.652209046435956,,,,,
IONQ,Experiment 1 — Univariate Close,2023-03-07,20,4.940000057220459,7.070000171661377,4.940000057220459,4.938408632023194,4.940000057071444,4.930619646894665,,4.933101040478161,,4.615494786318436,4.815917702534621,,,,,
IONQ,Experiment 1 — Univariate Close,2023-04-10,1,6.849999904632568,6.78000020980835,6.849999904632568,6.884636991975367,6.849978952091925,6.849387584177013,6.849564016257174,6.849526201988,,6.889285136631438,6.776686526078248,,,,,
IONQ,Experiment 1 — Univariate Close,2023-04-10,5,6.849999904632568,6.550000190734863,6.849999904632568,6.873847152355809,6.849978952091925,6.846938849658195,,6.847631718969842,,7.259146704230181,7.241971856300324,,,,,
IONQ,Experiment 1 — Univariate Close,2023-04-10,10,6.849999904632568,5.840000152587891,6.849999904632568,6.869653770797366,6.849978952091925,6.843879162575454,,6.84526435203754,,5.7340656070802325,5.53825359666621,,,,,
IONQ,Experiment 1 — Univariate Close,2023-04-10,20,6.849999904632568,6.150000095367432,6.849999904632568,6.8702606434192734,6.849978952091925,6.83776388964007,,6.840532073232102,,5.161606293581087,4.743371459688595,,,,,
IONQ,Experiment 1 — Univariate Close,2023-05-10,1,6.949999809265137,7.019999980926514,6.949999809265137,6.9340901637915815,6.949999800771479,6.94941406144256,6.949603871386265,6.949559782027439,,7.034063252129452,7.117725113939182,,,,,
IONQ,Experiment 1 — Univariate Close,2023-05-10,5,6.949999809265137,8.960000038146973,6.949999809265137,6.938604503585925,6.949999800771479,6.947071563780462,,6.947799951654659,,7.440043674371736,7.95818344354234,,,,,
IONQ,Experiment 1 — Univariate Close,2023-05-10,10,6.949999809265137,10.239999771118164,6.949999809265137,6.941622822460572,6.949999800771479,6.944144552054327,,6.945600790356935,,7.747657157196599,8.16196210185838,,,,,
IONQ,Experiment 1 — Univariate Close,2023-05-10,20,6.949999809265137,10.649999618530272,6.949999809265137,6.941034778668082,6.949999800771479,6.938294227798618,,6.941204555818213,,7.024210093601792,8.233768050758803,,,,,
IONQ,Experiment 1 — Univariate Close,2023-06-13,1,10.630000114440918,9.9399995803833,10.630000114440918,10.638815350788313,10.629861561029818,10.629149551383716,10.629433699116143,10.629371911694111,,10.689352339185863,10.981997354756116,,,,,
IONQ,Experiment 1 — Univariate Close,2023-06-13,5,10.630000114440918,9.220000267028809,10.630000114440918,10.636076350290777,10.629861561029818,10.625747979681364,,10.626859471934885,,10.17680160950976,9.727361766843913,,,,,
IONQ,Experiment 1 — Univariate Close,2023-06-13,10,10.630000114440918,13.350000381469728,10.630000114440918,10.635001108866135,10.629861561029818,10.621497545829602,,10.623719757334332,,9.627925940096645,8.75826854733407,,,,,
IONQ,Experiment 1 — Univariate Close,2023-06-13,20,10.630000114440918,14.460000038146973,10.630000114440918,10.635157675844225,10.629861561029818,10.613001778128181,,10.617443110753143,,9.053285587591674,8.598266916589434,,,,,
IONQ,Experiment 1 — Univariate Close,2023-07-17,1,14.899999618530272,15.710000038146973,14.899999618530272,14.844459792557453,14.900120232377368,14.898995159990658,14.899553119916463,14.899313975272424,,15.014882577901588,14.812162123979906,,,,,
IONQ,Experiment 1 — Univariate Close,2023-07-17,5,14.899999618530272,14.390000343322754,14.899999618530272,14.86111676511768,14.916667526551663,14.894978002925477,,14.896571717734362,,14.324620931797773,15.259780405384445,,,,,
IONQ,Experiment 1 — Univariate Close,2023-07-17,10,14.899999618530272,19.25,14.899999618530272,14.869409144677688,14.928589653166323,14.889958079711551,,14.893144605562895,,15.307871338154778,16.386526504692437,,,,,
IONQ,Experiment 1 — Univariate Close,2023-07-17,20,14.899999618530272,14.880000114440918,14.899999618530272,14.868016454905089,14.938472732660333,14.879923308175007,,14.886292746367596,,19.893765181602642,20.313225383042845,,,,,
IONQ,Experiment 1 — Univariate Close,2023-08-17,1,13.010000228881836,13.420000076293944,13.010000228881836,12.967547024546638,13.010000239014616,13.008907295310756,13.009360975031843,13.009218836425687,,12.829118870676622,12.89587179481808,,,,,
IONQ,Experiment 1 — Univariate Close,2023-08-17,5,13.010000228881836,14.619999885559082,13.010000228881836,12.980133653673342,13.010000239014616,13.004536479092097,,13.00609373588433,,12.96886075006134,12.605546483169352,,,,,
IONQ,Experiment 1 — Univariate Close,2023-08-17,10,13.010000228881836,17.190000534057617,13.010000228881836,12.98684613077872,13.010000239014616,12.999075023888157,,13.00218841588354,,13.897438494156845,13.4816393670036,,,,,
IONQ,Experiment 1 — Univariate Close,2023-08-17,20,13.010000228881836,17.079999923706055,13.010000228881836,12.985675580670243,13.010000239014616,12.988158993383488,,12.994381293463357,,13.425268397782418,12.517552563390096,,,,,
IONQ,Experiment 1 — Univariate Close,2023-09-20,1,14.800000190734863,13.529999732971191,14.800000190734863,14.822055345414382,14.800000205337994,14.798748622524846,14.799280712255593,14.79913617847535,,14.686713999912481,14.761234646445882,,,,,
IONQ,Experiment 1 — Univariate Close,2023-09-20,5,14.800000190734863,14.239999771118164,14.800000190734863,14.815632337632575,14.800000205337994,14.793743407989167,,14.795680633811354,,16.448567390826163,17.1429856269644,,,,,
IONQ,Experiment 1 — Univariate Close,2023-09-20,10,14.800000190734863,14.770000457763672,14.800000190734863,14.811827925770507,14.800000205337994,14.787489270333328,,14.791362337602154,,18.84057096681815,19.22205815305077,,,,,
IONQ,Experiment 1 — Univariate Close,2023-09-20,20,14.800000190734863,13.6899995803833,14.800000190734863,14.812528213005931,14.800000205337994,14.77498892581877,,14.782729525854968,,18.59435134055616,19.815269116890647,,,,,
IONQ,Experiment 1 — Univariate Close,2023-10-20,1,12.59000015258789,12.640000343322754,12.59000015258789,12.610842502915428,12.590000165700914,12.588623813005192,12.589083806937344,12.58895382717524,,12.305470595655287,12.486270479624658,,,,,
IONQ,Experiment 1 — Univariate Close,2023-10-20,5,12.59000015258789,10.140000343322754,12.59000015258789,12.604864406746298,12.590000165700914,12.583119959125192,,12.5847693950289,,13.091016583517174,13.388100250130158,,,,,
IONQ,Experiment 1 — Univariate Close,2023-10-20,10,12.59000015258789,11.579999923706056,12.59000015258789,12.601043832168076,12.590000165700914,12.576243525556182,,12.57954081068868,,13.565150442095586,13.738934766080456,,,,,
IONQ,Experiment 1 — Univariate Close,2023-10-20,20,12.59000015258789,12.699999809265137,12.59000015258789,12.601773133694877,12.590000165700914,12.562501929881499,,12.5690901580533,,14.29882640689408,14.769583703544125,,,,,
IONQ,Experiment 1 — Univariate Close,2023-11-22,1,12.420000076293944,12.359999656677246,12.420000076293944,12.41468561812787,12.42000007435679,12.41873383994864,12.419246044070801,12.419023049546704,,12.372836616145369,12.979281373936674,,,,,
IONQ,Experiment 1 — Univariate Close,2023-11-22,5,12.420000076293944,12.229999542236328,12.420000076293944,12.416167715030456,12.42000007435679,12.413670185381449,,12.415115711081228,,13.079911196187743,13.225612969130804,,,,,
IONQ,Experiment 1 — Univariate Close,2023-11-22,10,12.420000076293944,13.199999809265137,12.420000076293944,12.416207562732648,12.42000007435679,12.40734352051716,,12.410233266723857,,13.001683859002474,13.012912608302978,,,,,
IONQ,Experiment 1 — Univariate Close,2023-11-22,20,12.420000076293944,13.789999961853027,12.420000076293944,12.416207152654017,12.42000007435679,12.394699862357376,,12.40047413755382,,15.708665227826144,16.54335688782638,,,,,
IONQ,Experiment 1 — Univariate Close,2023-12-26,1,13.520000457763672,13.210000038146973,13.520000457763672,13.518670101360458,13.52000045955181,13.51864092055259,13.519265076015486,13.518986798463727,,13.549485137045306,13.500419584489986,,,,,
IONQ,Experiment 1 — Univariate Close,2023-12-26,5,13.520000457763672,11.93000030517578,13.520000457763672,13.519060685774809,13.52000045955181,13.51320413868719,,13.514932921195987,,13.84525182573546,13.872376995575097,,,,,
IONQ,Experiment 1 — Univariate Close,2023-12-26,10,13.520000457763672,12.09000015258789,13.520000457763672,13.519075941841056,13.52000045955181,13.506411236027235,,13.509867284031113,,13.581563611177849,12.020042124858845,,,,,
IONQ,Experiment 1 — Univariate Close,2023-12-26,20,13.520000457763672,11.279999732971191,13.520000457763672,13.519075698189388,13.52000045955181,13.492835673088221,,13.499741705062343,,14.587038975723289,14.391518014137846,,,,,
IONQ,Experiment 1 — Univariate Close,2024-01-30,1,10.6899995803833,10.270000457763672,10.6899995803833,10.71775860311671,10.689999588131911,10.68831360486829,10.688888874491022,10.688600206791554,,10.844617815402504,11.045423420157295,,,,,
IONQ,Experiment 1 — Univariate Close,2024-01-30,5,10.6899995803833,10.4399995803833,10.6899995803833,10.709988570359753,10.689999588131911,10.681572361428708,,10.683004544033736,,10.620610317014721,10.746228888147222,,,,,
IONQ,Experiment 1 — Univariate Close,2024-01-30,10,10.6899995803833,10.539999961853027,10.6899995803833,10.704428212361622,10.689999588131911,10.673151785881233,,10.67601408490919,,13.577875949332821,12.921208083303227,,,,,
IONQ,Experiment 1 — Univariate Close,2024-01-30,20,10.6899995803833,11.260000228881836,10.6899995803833,10.705543992915743,10.689999588131911,10.656330544063051,,10.662046886356626,,15.13715323306829,15.926035813332735,,,,,
IONQ,Experiment 1 — Univariate Close,2024-03-01,1,10.65999984741211,10.09000015258789,10.65999984741211,10.63283667627842,10.659999842941758,10.658386924461803,10.659080568676407,10.658664820455835,,10.666591344699208,10.546063184687936,,,,,
IONQ,Experiment 1 — Univariate Close,2024-03-01,5,10.65999984741211,10.8100004196167,10.65999984741211,10.640388863995009,10.659999842941758,10.651937672742083,,10.65332638436977,,10.407224213858193,10.026807987402764,,,,,
IONQ,Experiment 1 — Univariate Close,2024-03-01,10,10.65999984741211,9.3100004196167,10.65999984741211,10.645915689863566,10.659999842941758,10.643881595507453,,10.646657099105065,,10.28659029928889,10.457491084501893,,,,,
IONQ,Experiment 1 — Univariate Close,2024-03-01,20,10.65999984741211,9.989999771118164,10.65999984741211,10.644796385928506,10.659999842941758,10.627787714901876,,10.633331051448579,,9.909772861013835,9.798920861140651,,,,,
IONQ,Experiment 1 — Univariate Close,2024-04-04,1,9.119999885559082,9.210000038146973,9.119999885559082,9.134012712155165,9.119999888539311,9.118440839554363,9.119007881221139,9.118647682435737,,8.969995431398146,9.018293068171872,,,,,
IONQ,Experiment 1 — Univariate Close,2024-04-04,5,9.119999885559082,8.239999771118164,9.119999885559082,9.13010525663932,9.119999888539311,9.112207320238339,,9.113240874528131,,8.958839363391908,9.181678133826919,,,,,
IONQ,Experiment 1 — Univariate Close,2024-04-04,10,9.119999885559082,7.369999885559082,9.119999885559082,9.127266466451626,9.119999888539311,9.104421413259159,,9.106486872733003,,8.837406924932793,8.880445712390264,,,,,
IONQ,Experiment 1 — Univariate Close,2024-04-04,20,9.119999885559082,9.0,9.119999885559082,9.127839701703456,9.119999888539311,9.088869551573517,,9.092993882003187,,8.481173712878807,8.372824808869678,,,,,
IONQ,Experiment 1 — Univariate Close,2024-05-06,1,9.279999732971191,8.630000114440918,9.279999732971191,9.27117755151919,9.279999727904794,9.278518030383715,9.279110582706652,9.278684090641402,,9.025510221293986,9.005639540461575,,,,,
IONQ,Experiment 1 — Univariate Close,2024-05-06,5,9.279999732971191,8.770000457763672,9.279999732971191,9.273921999000159,9.279999727904794,9.272593585434787,,9.27342338626773,,8.394827095706745,8.225055090979927,,,,,
IONQ,Experiment 1 — Univariate Close,2024-05-06,10,9.279999732971191,8.880000114440918,9.279999732971191,9.27410229399912,9.279999727904794,9.265193348568955,,9.266851699945436,,7.864446566305787,7.649989373223545,,,,,
IONQ,Experiment 1 — Univariate Close,2024-05-06,20,9.279999732971191,7.710000038146973,9.279999732971191,9.274097102588625,9.279999727904794,9.250410587984106,,9.25372229523621,,7.9344374233235015,7.305147216618011,,,,,
IONQ,Experiment 1 — Univariate Close,2024-06-07,1,7.860000133514404,8.220000267028809,7.860000133514404,7.854344111440585,7.860000133067366,7.858384572751981,7.8589580972304285,7.858567509662414,,7.528896473758797,7.4273090549173455,,,,,
IONQ,Experiment 1 — Univariate Close,2024-06-07,5,7.860000133514404,7.699999809265137,7.860000133514404,7.855943020555829,7.860000133067366,7.85192564967699,,7.852839624988569,,7.892274099801342,7.908424880765943,,,,,
IONQ,Experiment 1 — Univariate Close,2024-06-07,10,7.860000133514404,6.760000228881836,7.860000133514404,7.857032941976444,7.860000133067366,7.8438594606599485,,7.845685639730098,,7.562521469978831,7.693934484031314,,,,,
IONQ,Experiment 1 — Univariate Close,2024-06-07,20,7.860000133514404,7.929999828338623,7.860000133514404,7.856818762508507,7.860000133067366,7.827751933011061,,7.831397215249711,,7.3157850551548975,7.448417871105889,,,,,
IONQ,Experiment 1 — Univariate Close,2024-07-11,1,8.020000457763672,8.449999809265137,8.020000457763672,8.03677063529176,8.020000464171162,8.018349326422445,8.019012776599562,8.018492869929522,,8.11245172354024,7.892767414115951,,,,,
IONQ,Experiment 1 — Univariate Close,2024-07-11,5,8.020000457763672,8.210000038146973,8.020000457763672,8.032014562892705,8.020000464171162,8.011748199652725,,8.01246535200159,,8.106109679227096,7.565316073408337,,,,,
IONQ,Experiment 1 — Univariate Close,2024-07-11,10,8.020000457763672,7.929999828338623,8.020000457763672,8.028807281043441,8.020000464171162,8.00350443278368,,8.004937325767637,,7.502012891261103,6.8867278678681805,,,,,
IONQ,Experiment 1 — Univariate Close,2024-07-11,20,8.020000457763672,7.110000133514404,8.020000457763672,8.029434601396526,8.020000464171162,7.987042337831696,,7.989902485284393,,7.253364647529423,6.776082082175154,,,,,
IONQ,Experiment 1 — Univariate Close,2024-08-13,1,7.28000020980835,7.309999942779541,7.28000020980835,7.268171703139094,7.280000201463693,7.278412091823649,7.2789226854655995,7.278499435832108,,7.581440495595416,7.548298860282753,,,,,
IONQ,Experiment 1 — Univariate Close,2024-08-13,5,7.28000020980835,7.210000038146973,7.28000020980835,7.271641034245057,7.280000201463693,7.272063083577873,,7.272499433138948,,7.999449161163891,7.987640033178485,,,,,
IONQ,Experiment 1 — Univariate Close,2024-08-13,10,7.28000020980835,7.28000020980835,7.28000020980835,7.273610532591076,7.280000201463693,7.26413461091484,,7.265006384718038,,7.918263526476075,7.790399227202847,,,,,
IONQ,Experiment 1 — Univariate Close,2024-08-13,20,7.28000020980835,7.230000019073486,7.28000020980835,7.2732556837598175,7.280000201463693,7.248303588562675,,7.250043440779423,,7.283516194465386,7.012591939521649,,,,,
IONQ,Experiment 1 — Univariate Close,2024-09-13,1,7.760000228881836,7.820000171661377,7.760000228881836,7.751188519597164,7.760000223219393,7.758413583605375,7.758983120456762,7.758512424509484,,7.726146647602183,7.631804360548089,,,,,
IONQ,Experiment 1 — Univariate Close,2024-09-13,5,7.760000228881836,8.220000267028809,7.760000228881836,7.753784221558852,7.760000223219393,7.752070245964074,,7.752564059001297,,6.991310571409315,6.864394618100626,,,,,
IONQ,Experiment 1 — Univariate Close,2024-09-13,10,7.760000228881836,9.710000038146973,7.760000228881836,7.755224778027698,7.760000223219393,7.744148366735385,,7.745135014973962,,6.932013903872658,6.771479889843178,,,,,
IONQ,Experiment 1 — Univariate Close,2024-09-13,20,7.760000228881836,10.65999984741211,7.760000228881836,7.75496822424485,7.760000223219393,7.728328886228896,,7.730298277171502,,6.007490663098025,6.280376178380501,,,,,
IONQ,Experiment 1 — Univariate Close,2024-10-16,1,12.300000190734863,12.5,12.300000190734863,12.246734518930847,12.300000163763755,12.297676761317584,12.298622519295316,12.297793833761544,,12.354787214344578,11.893071874572145,,,,,
IONQ,Experiment 1 — Univariate Close,2024-10-16,5,12.300000190734863,14.739999771118164,12.300000190734863,12.264077685217002,12.300000163763755,12.288387431700942,,12.288972362890934,,11.583494127234335,12.25938438206001,,,,,
IONQ,Experiment 1 — Univariate Close,2024-10-16,10,12.300000190734863,16.8700008392334,12.300000190734863,12.26662690336769,12.300000163763755,12.276785636583302,,12.277954422281562,,12.717630709850898,13.369488490250644,,,,,
IONQ,Experiment 1 — Univariate Close,2024-10-16,20,12.300000190734863,26.76000022888184,12.300000190734863,12.266458610028302,12.300000163763755,12.253614896701343,,12.255948167315998,,11.134059110830172,9.210051374126673,,,,,
IONQ,Experiment 1 — Univariate Close,2024-11-15,1,29.13999938964844,25.229999542236328,29.13999938964844,29.38811729091219,29.36398092039653,29.135187119405472,29.137476835432885,29.135426537903864,,29.339801749136708,29.912020719034818,,,,,
IONQ,Experiment 1 — Univariate Close,2024-11-15,5,29.13999938964844,31.799999237060547,29.13999938964844,30.20911242076552,30.11624689272193,29.115945984254225,,29.117142305837127,,31.575475443551344,34.01037911766079,,,,,
IONQ,Experiment 1 — Univariate Close,2024-11-15,10,29.13999938964844,32.060001373291016,29.13999938964844,30.929582629782995,30.80017470866903,29.091912433572535,,29.094303150862167,,34.99850937642328,37.45828220617677,,,,,
IONQ,Experiment 1 — Univariate Close,2024-11-15,20,29.13999938964844,41.810001373291016,29.13999938964844,31.72850875687026,31.614981404343073,29.043904830804564,,29.048678571179632,,62.13649960308067,60.29484826942273,,,,,
IONQ,Experiment 1 — Univariate Close,2024-12-19,1,37.7599983215332,44.41999816894531,37.7599983215332,37.70574653026572,37.87858445173361,37.75392913888363,37.75686800489503,37.75428674759267,,37.513548444139545,36.42891946217583,,,,,
IONQ,Experiment 1 — Univariate Close,2024-12-19,5,37.7599983215332,45.47999954223633,37.7599983215332,37.71868554773013,38.333760716854734,37.729662161743924,,37.73144908984546,,40.90479210226118,45.043321318722995,,,,,
IONQ,Experiment 1 — Univariate Close,2024-12-19,10,37.7599983215332,51.06999969482422,37.7599983215332,37.73491709888423,38.86190731935966,37.69935037384638,,37.70292144339782,,44.197764453825584,50.17008783587701,,,,,
IONQ,Experiment 1 — Univariate Close,2024-12-19,20,37.7599983215332,42.040000915527344,37.7599983215332,37.73104432565565,39.79557117353422,37.63879983542126,,37.6459308409553,,68.84200736166213,67.74115054410743,,,,,
IONQ,Experiment 1 — Univariate Close,2025-01-24,1,40.7599983215332,38.540000915527344,40.7599983215332,40.75852153382724,40.76732804103475,40.75376661468438,40.75728381012178,40.75410523314999,,42.43190172135391,43.524753575031916,,,,,
IONQ,Experiment 1 — Univariate Close,2025-01-24,5,40.7599983215332,39.4900016784668,40.7599983215332,40.75851965655734,40.76732804103475,40.72884931335263,,40.7305413986239,,45.693752570235745,51.95416699781268,,,,,
IONQ,Experiment 1 — Univariate Close,2025-01-24,10,40.7599983215332,40.56999969482422,40.7599983215332,40.75851965655734,40.76732804103475,40.69772410941031,,40.70110576399583,,47.9821745908493,45.088523791264976,,,,,
IONQ,Experiment 1 — Univariate Close,2025-01-24,20,40.7599983215332,31.239999771118164,40.7599983215332,40.75851965655734,40.76732804103475,40.63554504148897,,40.64229829805501,,50.91433245150091,49.9422514585438,,,,,
IONQ,Experiment 1 — Univariate Close,2025-02-27,1,24.90999984741211,24.56999969482422,24.90999984741211,24.89569585006005,24.954658319048505,24.905613500900703,24.90843670685266,24.90575628040075,,26.313440876388157,24.940027593657828,,,,,
IONQ,Experiment 1 — Univariate Close,2025-02-27,5,24.90999984741211,20.479999542236328,24.90999984741211,24.89567333370672,24.95465833816929,24.888075837315213,,24.88878924029333,,29.91537136751998,24.502304477591355,,,,,
IONQ,Experiment 1 — Univariate Close,2025-02-27,10,24.90999984741211,21.3700008392334,24.90999984741211,24.89567333370672,24.954658360612775,24.86617112317262,,24.86759669378704,,29.40113021722118,27.15997524823059,,,,,
IONQ,Experiment 1 — Univariate Close,2025-02-27,20,24.90999984741211,23.649999618530277,24.90999984741211,24.89567333370672,24.95465840105087,24.822419514833584,,24.82526572111132,,33.37808884887306,29.287961950443123,,,,,
IONQ,Experiment 1 — Univariate Close,2025-04-01,1,23.190000534057617,25.049999237060547,23.190000534057617,23.191976977586922,23.179481437452218,23.185756665539962,23.188141404493564,23.185892565416957,,23.342103345339357,23.755795492210652,,,,,
IONQ,Experiment 1 — Univariate Close,2025-04-01,5,23.190000534057617,21.280000686645508,23.190000534057617,23.19197869513976,23.17948145357385,23.168788956507683,,23.169467966583884,,23.582946989607755,22.65026910431766,,,,,
IONQ,Experiment 1 — Univariate Close,2025-04-01,10,23.190000534057617,25.399999618530277,23.190000534057617,23.19197869513976,23.179481472510002,23.147596780898745,,23.14895357877024,,21.369322980063473,20.62306665671806,,,,,
IONQ,Experiment 1 — Univariate Close,2025-04-01,20,23.190000534057617,27.459999084472656,23.190000534057617,23.19197869513976,23.179481506667365,23.105270564533342,,23.107979277751923,,18.328223258795646,14.199023019595732,,,,,
IONQ,Experiment 1 — Univariate Close,2025-05-02,1,30.920000076293945,29.81999969482422,30.920000076293945,30.89747016866075,30.848759705292725,30.914796188543413,30.917996633864487,30.914938340563683,,31.0747894101684,31.189838703059692,,,,,
IONQ,Experiment 1 — Univariate Close,2025-05-02,5,30.920000076293945,31.270000457763672,30.920000076293945,30.897537569993087,30.848759705292725,30.893989394297545,,30.894699682563267,,34.393064136134086,32.595172273176466,,,,,
IONQ,Experiment 1 — Univariate Close,2025-05-02,10,30.920000076293945,34.9900016784668,30.920000076293945,30.897537569993087,30.848759705292725,30.868000593141254,,30.86941999096458,,40.20325810577276,38.23015423886545,,,,,
IONQ,Experiment 1 — Univariate Close,2025-05-02,20,30.920000076293945,40.56999969482422,30.920000076293945,30.897537569993087,30.848759705292725,30.81608855973764,,30.818922646418713,,43.835291253009814,50.04965633154225,,,,,
IONQ,Experiment 1 — Univariate Close,2025-06-05,1,36.65999984741211,39.02000045776367,36.65999984741211,36.68892534713749,36.742420449897764,36.65399000157019,36.658169385978894,36.65411287325873,,39.39106474991365,39.596548382212085,,,,,
IONQ,Experiment 1 — Univariate Close,2025-06-05,5,36.65999984741211,38.709999084472656,36.65999984741211,36.68877823313069,36.742420449897764,36.62996046880993,,36.63057442860923,,44.09013140983268,47.574100752705476,,,,,
IONQ,Experiment 1 — Univariate Close,2025-06-05,10,36.65999984741211,40.36000061035156,36.65999984741211,36.68877823313059,36.742420449897764,36.59994570461774,,36.6011726283354,,49.29948921426376,54.64731007454801,,,,,
IONQ,Experiment 1 — Univariate Close,2025-06-05,20,36.65999984741211,45.20000076293945,36.65999984741211,36.68877823313059,36.742420449897764,36.539989938803224,,36.5424398075598,,44.579228662371236,44.689096310853984,,,,,
IONQ,Experiment 1 — Univariate Close,2025-07-09,1,45.560001373291016,45.93000030517578,45.560001373291016,45.550848324510866,45.53230328033834,45.55348164874655,45.5586221509229,45.553575175193,,44.70647620578805,43.186890205732766,,,,,
IONQ,Experiment 1 — Univariate Close,2025-07-09,5,45.560001373291016,43.540000915527344,45.560001373291016,45.55091857300743,45.53230328033834,45.5274120790859,,45.527879445618396,,46.909482808258645,44.51144147738547,,,,,
IONQ,Experiment 1 — Univariate Close,2025-07-09,10,45.560001373291016,43.27999877929688,45.560001373291016,45.55091857300769,45.53230328033834,45.494846096164025,,45.49578016540421,,51.04816235842705,50.50188482950374,,,,,
IONQ,Experiment 1 — Univariate Close,2025-07-09,20,45.560001373291016,41.22999954223633,45.560001373291016,45.55091857300769,45.53230328033834,45.42978399748325,,45.431649483492336,,76.09118549345885,72.53163306962324,,,,,
IONQ,Experiment 1 — Univariate Close,2025-08-11,1,44.93999862670898,43.0,44.93999862670898,44.89194033519376,44.79789149911124,44.93348787165975,44.9389332849203,44.933609436742636,,43.24656589072615,42.00160528016029,,,,,
IONQ,Experiment 1 — Univariate Close,2025-08-11,5,44.93999862670898,40.22999954223633,44.93999862670898,44.89229720074939,44.79789149911124,44.90745428265815,,44.90806175919734,,45.40807541096729,43.81638962400897,,,,,
IONQ,Experiment 1 — Univariate Close,2025-08-11,10,44.93999862670898,38.68000030517578,44.93999862670898,44.89229720075052,44.79789149911124,44.87493350635014,,44.87614758780357,,46.835280563433166,47.075163620404126,,,,,
IONQ,Experiment 1 — Univariate Close,2025-08-11,20,44.93999862670898,44.0,44.93999862670898,44.89229720075052,44.79789149911124,44.8099625887064,,44.812387268864654,,57.75364909891197,56.292980238971396,,,,,
IONQ,Experiment 1 — Univariate Close,2025-09-11,1,47.04999923706055,55.61000061035156,47.04999923706055,46.996498985234076,46.894379943176986,47.04330420174962,47.049574616923515,47.04343479562198,,45.521494966385134,44.823659611158575,,,,,
IONQ,Experiment 1 — Univariate Close,2025-09-11,5,47.04999923706055,66.80999755859375,47.04999923706055,46.996929148895056,46.894379943176986,47.0165335859301,,47.01718618733429,,49.1782221970567,47.444562073869136,,,,,
IONQ,Experiment 1 — Univariate Close,2025-09-11,10,47.04999923706055,69.43000030517578,47.04999923706055,46.99692914889691,46.894379943176986,46.98309173819655,,46.98439602169411,,48.202029836682314,48.45931328066859,,,,,
IONQ,Experiment 1 — Univariate Close,2025-09-11,20,47.04999923706055,77.5,47.04999923706055,46.99692914889691,46.894379943176986,46.91627938520878,,46.918884278844914,,57.84901919958685,68.61001985387041,,,,,
IONQ,Experiment 1 — Univariate Close,2025-10-14,1,77.55000305175781,72.41000366210938,77.55000305175781,77.60000879397916,77.80153969799501,77.54032219738423,77.55000303860812,77.54034438531593,,88.03196416022729,86.01412537667544,,,,,
IONQ,Experiment 1 — Univariate Close,2025-10-14,5,77.55000305175781,59.5,77.55000305175781,77.59971974193893,78.21727399109344,77.50161086335076,,77.50172174768707,,102.71523284551904,105.33588774149732,,,,,
IONQ,Experiment 1 — Univariate Close,2025-10-14,10,77.55000305175781,57.150001525878906,77.55000305175781,77.59971974193859,78.72535600172432,77.45324887228487,,77.45347050272956,,93.87835112394623,101.2098165373899,,,,,
IONQ,Experiment 1 — Univariate Close,2025-10-14,20,77.55000305175781,54.41999816894531,77.55000305175781,77.59971974193859,79.70410429649421,77.35661540681421,,77.35705811530872,,149.4979837865494,154.44101349904332,,,,,
IONQ,Experiment 1 — Univariate Close,2025-11-13,1,45.400001525878906,47.18000030517578,45.400001525878906,45.44240900638322,45.43977992013851,45.39285839770071,45.3994197659638,45.392876262920666,,43.74372870049277,44.23177564582673,,,,,
IONQ,Experiment 1 — Univariate Close,2025-11-13,5,45.400001525878906,41.0,45.400001525878906,45.44223051761809,45.439779920236546,45.3642971220476,,45.36438639201351,,48.78741075307613,48.597045236305426,,,,,
IONQ,Experiment 1 — Univariate Close,2025-11-13,10,45.400001525878906,49.29999923706055,45.400001525878906,45.442230517618036,45.43977992035041,45.32862079760859,,45.32879919730488,,46.501216957476714,44.19876434754622,,,,,
IONQ,Experiment 1 — Univariate Close,2025-11-13,20,45.400001525878906,50.34999847412109,45.400001525878906,45.442230517618036,45.439779920552034,45.257352298593716,,45.257708537704964,,59.173944352078706,60.260410710622494,,,,,
IONQ,Experiment 1 — Univariate Close,2025-12-17,1,45.84999847412109,46.43999862670898,45.84999847412109,45.891563246991474,45.918323972346556,45.84290024373954,45.84971754818777,45.842954714680815,,49.32080714476705,48.98321737927461,,,,,
IONQ,Experiment 1 — Univariate Close,2025-12-17,5,45.84999847412109,49.81999969482422,45.84999847412109,45.89132785583806,45.918323972346556,45.81451830958013,,45.81479049631498,,47.76991101335175,48.69466819395023,,,,,
IONQ,Experiment 1 — Univariate Close,2025-12-17,10,45.84999847412109,46.77000045776367,45.84999847412109,45.891327855837815,45.918323972346556,45.77906560070149,,45.77960955453378,,51.74719378991994,55.50153862112473,,,,,
IONQ,Experiment 1 — Univariate Close,2025-12-17,20,45.84999847412109,50.79999923706055,45.84999847412109,45.891327855837815,45.918323972346556,45.70824246496345,,45.70932869601879,,61.54823788017074,65.63844200057676,,,,,
IONQ,Experiment 1 — Univariate Close,2026-01-21,1,48.33000183105469,49.33000183105469,48.33000183105469,48.21949738696075,48.379667772872864,48.3227052857634,48.32997783571264,48.32284472170132,,47.14609875090275,47.03238819382539,,,,,
IONQ,Experiment 1 — Univariate Close,2026-01-21,5,48.33000183105469,45.79999923706055,48.33000183105469,48.23038360972364,48.379667772872864,48.293530118778676,,48.294226881562274,,45.98736284157326,47.089139071007565,,,,,
IONQ,Experiment 1 — Univariate Close,2026-01-21,10,48.33000183105469,35.34000015258789,48.33000183105469,48.305383434476894,48.379667772872864,48.2570859294852,,48.258478413488504,,47.01183498050696,47.29481028126193,,,,,
IONQ,Experiment 1 — Univariate Close,2026-01-21,20,48.33000183105469,33.43000030517578,48.33000183105469,48.291427765721615,48.379667772872864,48.18428003678185,,48.18706084320283,,47.86563936160839,67.17612009958668,,,,,
IONQ,Experiment 1 — Univariate Close,2026-02-24,1,31.6200008392334,33.59000015258789,31.6200008392334,31.608919368665163,31.60283772177461,31.614233138590272,31.61885749809367,31.614255914317457,,31.351254287884707,31.861598776672217,,,,,
IONQ,Experiment 1 — Univariate Close,2026-02-24,5,31.6200008392334,37.04999923706055,31.6200008392334,31.608991664648123,31.602837749488536,31.591172854772473,,31.591286650506166,,28.727138540705667,30.06749978489089,,,,,
IONQ,Experiment 1 — Univariate Close,2026-02-24,10,31.6200008392334,35.119998931884766,31.6200008392334,31.60899166464826,31.60283778248426,31.56237115281206,,31.562598537193622,,27.831737403013264,28.07559258598821,,,,,
IONQ,Experiment 1 — Univariate Close,2026-02-24,20,31.6200008392334,32.70000076293945,31.6200008392334,31.60899166464826,31.60283784334882,31.50484650056747,,31.505300442117534,,25.02330301955766,30.76970258366664,,,,,
IONQ,Experiment 1 — Univariate Close,2026-03-26,1,29.84000015258789,27.51000022888184,29.84000015258789,29.888635085608055,29.883855366858768,29.83381313777444,29.837843339460193,29.833845635894384,,29.63415987419878,30.49947979097657,,,,,
IONQ,Experiment 1 — Univariate Close,2026-03-26,5,29.84000015258789,29.299999237060547,29.84000015258789,29.883568942674874,29.883855366858768,29.80907790399523,,29.80924026022758,,28.718175347969392,28.898290327946178,,,,,
IONQ,Experiment 1 — Univariate Close,2026-03-26,10,29.84000015258789,28.790000915527344,29.84000015258789,29.851352490007685,29.883855366858768,29.778187699151,,29.7785120760098,,27.207265659817182,25.71008073651892,,,,,
IONQ,Experiment 1 — Univariate Close,2026-03-26,20,29.84000015258789,42.68999862670898,29.84000015258789,29.857559069331,29.883855366858768,29.71650328791855,,29.717150701293036,,32.259334124777126,35.18387093311755,,,,,
IONQ,Experiment 1 — Univariate Close,2026-04-29,1,42.11000061035156,45.119998931884766,42.11000061035156,42.112861751445266,42.11375087655005,42.10201876382675,42.10786514166405,42.10199676953661,,41.48084409538508,40.753731252359955,,,,,
IONQ,Experiment 1 — Univariate Close,2026-04-29,5,42.11000061035156,52.56999969482422,42.11000061035156,42.11285749485363,42.113750879925774,42.07010650425282,,42.069996616272526,,43.893853194827386,44.58401093819262,,,,,
IONQ,Experiment 1 — Univariate Close,2026-04-29,10,42.11000061035156,55.2599983215332,42.11000061035156,42.11285749485363,42.11375088392126,42.03025019296952,,42.0300306255067,,42.94966939595324,42.47822049771972,,,,,
IONQ,Experiment 1 — Univariate Close,2026-04-29,20,42.11000061035156,70.13999938964844,42.11000061035156,42.11285749485363,42.113750891219986,41.9506508116592,,41.95021250953818,,44.86242109533032,45.65379431484832,,,,,
IONQ,Experiment 1 — Univariate Close,2026-06-01,1,69.27999877929688,71.4000015258789,69.27999877929688,69.27999843772221,69.27999882087113,69.26895998515984,69.27875714118778,69.26894753321673,,68.21268631565633,67.7351770993809,,,,,
IONQ,Experiment 1 — Univariate Close,2026-06-01,5,69.27999877929688,62.79999923706055,69.27999877929688,69.27999843772221,69.27999882087113,69.22482239457646,,69.22476017455465,,68.03318352064929,67.18785749628195,,,,,
IONQ,Experiment 1 — Univariate Close,2026-06-01,10,69.27999877929688,61.18000030517578,69.27999877929688,69.27999843772221,69.27999882087113,69.1696899537574,,69.1695656128769,,68.95285313378025,70.76328737182384,,,,,
IONQ,Experiment 1 — Univariate Close,2026-06-01,20,69.27999877929688,53.2599983215332,69.27999877929688,69.27999843772221,69.27999882087113,69.05955676385886,,69.05930847827652,,60.6442845066083,59.71385438305216,,,,,
IONQ,Experiment 1 — Univariate Close,2026-07-06,1,48.869998931884766,45.36000061035156,48.869998931884766,48.87084142041529,48.87175515413084,48.860695636698,48.86810175216862,48.860706481832096,,49.24326961986729,50.12608715762579,,,,,
IONQ,Experiment 1 — Univariate Close,2026-07-06,5,48.869998931884766,38.880001068115234,48.869998931884766,48.87084002069695,48.87175515413224,48.82350016309809,,48.82355434751305,,50.319654755256614,51.70956227580624,,,,,
IONQ,Experiment 1 — Univariate Close,2026-07-06,10,48.869998931884766,34.2400016784668,48.869998931884766,48.87084002069695,48.87175515413385,48.77704563690495,,48.7771539026843,,48.41982692034415,49.28174624007653,,,,,
IONQ,Experiment 1 — Univariate Close,2026-07-06,20,48.869998931884766,38.84999847412109,48.869998931884766,48.87084002069695,48.871755154136686,48.68426914395575,,48.68448526389994,,53.281630893263895,50.81549545807527,,,,,
IONQ,Experiment 1 — Univariate Close,2026-08-06,1,39.720001220703125,44.43000030517578,39.720001220703125,39.72066905048932,39.72114218386942,39.711387835574364,39.71756641664882,39.71136303652826,,38.48109086103477,37.724520851573494,,,,,
IONQ,Experiment 1 — Univariate Close,2026-08-06,5,39.720001220703125,44.97999954223633,39.720001220703125,39.72066800028979,39.7211421838695,39.67695296935801,,39.67682908180201,,38.658212157042726,36.15859793881699,,,,,
IONQ,Experiment 1 — Univariate Close,2026-08-06,10,39.720001220703125,41.52999877929688,39.720001220703125,39.72066800028979,39.7211421838696,39.633951373397764,,39.63370386720905,,37.162007005874784,38.75817610424902,,,,,
IONQ,Experiment 1 — Univariate Close,2026-08-06,20,39.720001220703125,39.02000045776367,39.720001220703125,39.72066800028979,39.721142183869766,39.54808794542759,,39.5475940069927,,38.161478085154954,39.068803943458924,,,,,
IONQ,Experiment 2 — OHLCV,2022-03-11,1,12.329999923706056,11.40999984741211,12.329999923706056,12.321394294899527,12.332665612476392,12.330037826414792,12.334345655321563,12.330629054706225,,12.508275683145547,12.995613667070298,,,,,
IONQ,Experiment 2 — OHLCV,2022-03-11,5,12.329999923706056,14.359999656677246,12.329999923706056,12.308153006370372,12.34319572299673,12.330189438414877,,12.333145899733672,,14.720804413068665,16.222792533656357,,,,,
IONQ,Experiment 2 — OHLCV,2022-03-11,10,12.329999923706056,13.18000030517578,12.329999923706056,12.30556012518941,12.35606490365889,12.330378956036578,,12.33629267845109,,15.125554949032564,15.968809594113099,,,,,
IONQ,Experiment 2 — OHLCV,2022-03-11,20,12.329999923706056,12.31999969482422,12.329999923706056,12.305215531495625,12.380855564151936,12.3307580000188,,12.342588644774592,,13.8781960603165,18.632346847183964,,,,,
IONQ,Experiment 2 — OHLCV,2022-04-12,1,10.989999771118164,11.369999885559082,10.989999771118164,10.963892670697751,10.990936711118847,10.98991273294021,10.993178557450126,10.990551056396518,,10.38187284026204,10.335490154570177,,,,,
IONQ,Experiment 2 — OHLCV,2022-04-12,5,10.989999771118164,9.800000190734863,10.989999771118164,10.930335889616714,10.994610554968034,10.989564587121555,,10.992756474061993,,10.50430025125042,10.443661396536367,,,,,
IONQ,Experiment 2 — OHLCV,2022-04-12,10,10.989999771118164,8.199999809265137,10.989999771118164,10.925864422724011,10.999040879305102,10.98912942035744,,10.995513868490017,,11.048520105258897,11.98039076611202,,,,,
IONQ,Experiment 2 — OHLCV,2022-04-12,20,10.989999771118164,4.340000152587891,10.989999771118164,10.925503147070975,11.007388116719921,10.988259138523967,,11.001030732492486,,13.22606991894233,13.732434207328607,,,,,
IONQ,Experiment 2 — OHLCV,2022-05-16,1,4.860000133514404,5.710000038146973,4.860000133514404,4.81836174535577,4.8531905397997654,4.859800240731935,4.859928983072637,4.859923687022627,,4.9920640919130435,5.18309403074638,,,,,
IONQ,Experiment 2 — OHLCV,2022-05-16,5,4.860000133514404,5.760000228881836,4.860000133514404,4.694837120803718,4.833206693093232,4.8590007518149765,,4.859617913080155,,5.221585412124192,5.8288001164167405,,,,,
IONQ,Experiment 2 — OHLCV,2022-05-16,10,4.860000133514404,5.75,4.860000133514404,4.604827605819608,4.819076285731818,4.8580015756224935,,4.85923572270608,,5.952592354332303,5.5031295774299025,,,,,
IONQ,Experiment 2 — OHLCV,2022-05-16,20,4.860000133514404,4.610000133514404,4.860000133514404,4.527629329725588,4.807694019208146,4.856003839589335,,4.858471432129004,,4.659991792235678,5.502876359871782,,,,,
IONQ,Experiment 2 — OHLCV,2022-06-16,1,4.760000228881836,5.039999961853027,4.760000228881836,4.747742127739538,4.758900401121822,4.7597436976236125,4.7598306779364865,4.759861476580084,,4.904274697908132,4.776563370651736,,,,,
IONQ,Experiment 2 — OHLCV,2022-06-16,5,4.760000228881836,5.110000133514404,4.760000228881836,4.713379759170096,4.755069642908055,4.758717710835966,,4.759306507817692,,4.981111106924722,4.7109095137904795,,,,,
IONQ,Experiment 2 — OHLCV,2022-06-16,10,4.760000228881836,4.389999866485596,4.760000228881836,4.691022578581797,4.752350230107024,4.757435538347337,,4.758612887856258,,5.091174959967503,5.327442154147568,,,,,
IONQ,Experiment 2 — OHLCV,2022-06-16,20,4.760000228881836,4.590000152587891,4.760000228881836,4.675070463931908,4.750146449030997,4.754872229669396,,4.757225951182576,,4.996378936659816,4.9898361812243825,,,,,
IONQ,Experiment 2 — OHLCV,2022-07-21,1,5.260000228881836,4.880000114440918,5.260000228881836,5.279173946731179,5.260000226795668,5.25978200112835,5.2598624842470025,5.25992834719756,,5.31241370492511,5.191486713695082,,,,,
IONQ,Experiment 2 — OHLCV,2022-07-21,5,5.260000228881836,5.289999961853027,5.260000228881836,5.3314105796545865,5.260000226795668,5.25890918064934,,5.259640830283472,,4.799380693658009,3.928642477486808,,,,,
IONQ,Experiment 2 — OHLCV,2022-07-21,10,5.260000228881836,6.199999809265137,5.260000228881836,5.363339502260352,5.260000226795668,5.257818358726007,,5.259281456241639,,5.372325120389547,4.877737774105999,,,,,
IONQ,Experiment 2 — OHLCV,2022-07-21,20,5.260000228881836,7.630000114440918,5.260000228881836,5.3838376147566,5.260000226795668,5.255637393619069,,5.2585627818208485,,5.626868960280902,4.208054412417517,,,,,
IONQ,Experiment 2 — OHLCV,2022-08-22,1,6.420000076293945,6.429999828338623,6.420000076293945,6.391026296202207,6.420000079274175,6.419729551200242,6.419745287223445,6.419907173422197,,5.928274753508646,5.911650880737696,,,,,
IONQ,Experiment 2 — OHLCV,2022-08-22,5,6.420000076293945,6.190000057220459,6.420000076293945,6.400121614301281,6.420000079274175,6.418647564814122,,6.4195355753788474,,6.127513539519008,5.506416715151262,,,,,
IONQ,Experiment 2 — OHLCV,2022-08-22,10,6.420000076293945,5.630000114440918,6.420000076293945,6.40333761844997,6.420000079274175,6.417295338270012,,6.419071108071396,,5.798464669947634,5.719490018322304,,,,,
IONQ,Experiment 2 — OHLCV,2022-08-22,20,6.420000076293945,5.269999980926514,6.420000076293945,6.402900945360276,6.420000079274175,6.414591739748835,,6.418142274269711,,5.570646761695059,4.628570335469165,,,,,
IONQ,Experiment 2 — OHLCV,2022-09-23,1,4.769999980926514,4.789999961853027,4.769999980926514,4.772658552848499,4.769999983906743,4.769606736091572,4.769623096178458,4.769756690407481,,4.834520502596145,4.829303978102569,,,,,
IONQ,Experiment 2 — OHLCV,2022-09-23,5,4.769999980926514,5.070000171661377,4.769999980926514,4.771800226473494,4.769999983906743,4.768034080921099,,4.768783652413648,,4.809858293206308,4.719191925583663,,,,,
IONQ,Experiment 2 — OHLCV,2022-09-23,10,4.769999980926514,5.28000020980835,4.769999980926514,4.77158166880187,4.769999983906743,4.766068991138504,,4.767567634059075,,4.683381559189312,4.824748276772485,,,,,
IONQ,Experiment 2 — OHLCV,2022-09-23,20,4.769999980926514,5.130000114440918,4.769999980926514,4.771604977524681,4.769999983906743,4.762141240906213,,4.7651365275084725,,5.557358916382746,5.179975823349327,,,,,
IONQ,Experiment 2 — OHLCV,2022-10-25,1,5.400000095367432,5.53000020980835,5.400000095367432,5.382562496325335,5.399981732373816,5.399644061424027,5.399616761724491,5.399815775377676,,5.491641221323784,5.442638408925753,,,,,
IONQ,Experiment 2 — OHLCV,2022-10-25,5,5.400000095367432,5.610000133514404,5.400000095367432,5.3881512064499715,5.399981732373816,5.398220160375982,,5.399078558331058,,5.180800837877516,5.297461748984165,,,,,
IONQ,Experiment 2 — OHLCV,2022-10-25,10,5.400000095367432,4.960000038146973,5.400000095367432,5.389718719008116,5.399981732373816,5.396440812082407,,5.398157178559591,,6.077428498907061,5.980966579885995,,,,,
IONQ,Experiment 2 — OHLCV,2022-10-25,20,5.400000095367432,4.849999904632568,5.400000095367432,5.389538614434379,5.399981732373816,5.392883874815396,,5.39631489070403,,5.624994372824727,5.61356415142523,,,,,
IONQ,Experiment 2 — OHLCV,2022-11-28,1,4.940000057220459,4.829999923706055,4.940000057220459,4.937676065871707,4.940000056773421,4.93959663785915,4.939601683336597,4.939711979778575,,4.885366304647649,4.824026013109621,,,,,
IONQ,Experiment 2 — OHLCV,2022-11-28,5,4.940000057220459,4.650000095367432,4.940000057220459,4.938418053272791,4.940000056773421,4.937983289834743,,4.938559837994383,,4.728236112153381,4.743702466304331,,,,,
IONQ,Experiment 2 — OHLCV,2022-11-28,10,4.940000057220459,4.46999979019165,4.940000057220459,4.938639731342911,4.940000056773421,4.935967345799359,,4.937120038653205,,3.9342944943642166,3.9779124583418057,,,,,
IONQ,Experiment 2 — OHLCV,2022-11-28,20,4.940000057220459,3.0999999046325684,4.940000057220459,4.938613017773003,4.940000056773421,4.931937926435184,,4.934241699135923,,4.424890259051185,3.6294709502494804,,,,,
IONQ,Experiment 2 — OHLCV,2022-12-29,1,3.539999961853028,3.450000047683716,3.539999961853028,3.530246930353765,3.539999955594539,3.5395419494726434,3.5395811163635837,3.5396083000933345,,3.5711870401717225,3.718400024936098,,,,,
IONQ,Experiment 2 — OHLCV,2022-12-29,5,3.539999961853028,3.7699999809265137,3.539999961853028,3.533352082837281,3.539999955594539,3.537710492460154,,3.5380420863369473,,3.192050055140627,3.0944463298984943,,,,,
IONQ,Experiment 2 — OHLCV,2022-12-29,10,3.539999961853028,4.409999847412109,3.539999961853028,3.534303577300711,3.539999955594539,3.5354225037650653,,3.536085293667357,,3.1874562063060243,3.285875677904178,,,,,
IONQ,Experiment 2 — OHLCV,2022-12-29,20,3.539999961853028,4.460000038146973,3.539999961853028,3.5341867919892573,3.539999955594539,3.5308509646383377,,3.5321749544724126,,3.0375382835173927,2.9886855653869513,,,,,
IONQ,Experiment 2 — OHLCV,2023-02-02,1,5.489999771118164,5.5,5.489999771118164,5.48109283596917,5.489999760240323,5.489503385182037,5.489622829286402,5.489619240564364,,5.641675464594954,5.623340229818476,,,,,
IONQ,Experiment 2 — OHLCV,2023-02-02,5,5.489999771118164,4.690000057220459,5.489999771118164,5.483459468486471,5.489999760240323,5.487518290211175,,5.488097382089549,,5.557379865603268,5.993890172597763,,,,,
IONQ,Experiment 2 — OHLCV,2023-02-02,10,5.489999771118164,5.28000020980835,5.489999771118164,5.483505926146089,5.489999760240323,5.485037930934014,,5.486195652274808,,5.741445873811848,5.9258237142758805,,,,,
IONQ,Experiment 2 — OHLCV,2023-02-02,20,5.489999771118164,5.03000020980835,5.489999771118164,5.483505598294041,5.489999760240323,5.48008057524149,,5.482394169373305,,5.07538091011385,4.88774182526271,,,,,
IONQ,Experiment 2 — OHLCV,2023-03-07,1,4.940000057220459,5.059999942779541,4.940000057220459,4.937339064171155,4.940000057071444,4.9395306131423675,4.939627653660915,4.93965487734641,,5.031697498877033,5.181025312777784,,,,,
IONQ,Experiment 2 — OHLCV,2023-03-07,5,4.940000057220459,4.789999961853027,4.940000057220459,4.938190472322173,4.940000057071444,4.937653282896397,,4.938274399025958,,4.774809227684029,4.792093725389906,,,,,
IONQ,Experiment 2 — OHLCV,2023-03-07,10,4.940000057220459,4.869999885559082,4.940000057220459,4.93843782585166,4.940000057071444,4.935307623420446,,4.936549343644447,,4.506685192185227,4.652209046435956,,,,,
IONQ,Experiment 2 — OHLCV,2023-03-07,20,4.940000057220459,7.070000171661377,4.940000057220459,4.938408632023194,4.940000057071444,4.930619646894665,,4.933101040478161,,4.615494786318436,4.815917702534621,,,,,
IONQ,Experiment 2 — OHLCV,2023-04-10,1,6.849999904632568,6.78000020980835,6.849999904632568,6.884636991975367,6.849978952091925,6.849387584177013,6.849564016257174,6.849526201988,,6.889285136631438,6.776686526078248,,,,,
IONQ,Experiment 2 — OHLCV,2023-04-10,5,6.849999904632568,6.550000190734863,6.849999904632568,6.873847152355809,6.849978952091925,6.846938849658195,,6.847631718969842,,7.259146704230181,7.241971856300324,,,,,
IONQ,Experiment 2 — OHLCV,2023-04-10,10,6.849999904632568,5.840000152587891,6.849999904632568,6.869653770797366,6.849978952091925,6.843879162575454,,6.84526435203754,,5.7340656070802325,5.53825359666621,,,,,
IONQ,Experiment 2 — OHLCV,2023-04-10,20,6.849999904632568,6.150000095367432,6.849999904632568,6.8702606434192734,6.849978952091925,6.83776388964007,,6.840532073232102,,5.161606293581087,4.743371459688595,,,,,
IONQ,Experiment 2 — OHLCV,2023-05-10,1,6.949999809265137,7.019999980926514,6.949999809265137,6.9340901637915815,6.949999800771479,6.94941406144256,6.949603871386265,6.949559782027439,,7.034063252129452,7.117725113939182,,,,,
IONQ,Experiment 2 — OHLCV,2023-05-10,5,6.949999809265137,8.960000038146973,6.949999809265137,6.938604503585925,6.949999800771479,6.947071563780462,,6.947799951654659,,7.440043674371736,7.95818344354234,,,,,
IONQ,Experiment 2 — OHLCV,2023-05-10,10,6.949999809265137,10.239999771118164,6.949999809265137,6.941622822460572,6.949999800771479,6.944144552054327,,6.945600790356935,,7.747657157196599,8.16196210185838,,,,,
IONQ,Experiment 2 — OHLCV,2023-05-10,20,6.949999809265137,10.649999618530272,6.949999809265137,6.941034778668082,6.949999800771479,6.938294227798618,,6.941204555818213,,7.024210093601792,8.233768050758803,,,,,
IONQ,Experiment 2 — OHLCV,2023-06-13,1,10.630000114440918,9.9399995803833,10.630000114440918,10.638815350788313,10.629861561029818,10.629149551383716,10.629433699116143,10.629371911694111,,10.689352339185863,10.981997354756116,,,,,
IONQ,Experiment 2 — OHLCV,2023-06-13,5,10.630000114440918,9.220000267028809,10.630000114440918,10.636076350290777,10.629861561029818,10.625747979681364,,10.626859471934885,,10.17680160950976,9.727361766843913,,,,,
IONQ,Experiment 2 — OHLCV,2023-06-13,10,10.630000114440918,13.350000381469728,10.630000114440918,10.635001108866135,10.629861561029818,10.621497545829602,,10.623719757334332,,9.627925940096645,8.75826854733407,,,,,
IONQ,Experiment 2 — OHLCV,2023-06-13,20,10.630000114440918,14.460000038146973,10.630000114440918,10.635157675844225,10.629861561029818,10.613001778128181,,10.617443110753143,,9.053285587591674,8.598266916589434,,,,,
IONQ,Experiment 2 — OHLCV,2023-07-17,1,14.899999618530272,15.710000038146973,14.899999618530272,14.844459792557453,14.900120232377368,14.898995159990658,14.899553119916463,14.899313975272424,,15.014882577901588,14.812162123979906,,,,,
IONQ,Experiment 2 — OHLCV,2023-07-17,5,14.899999618530272,14.390000343322754,14.899999618530272,14.86111676511768,14.916667526551663,14.894978002925477,,14.896571717734362,,14.324620931797773,15.259780405384445,,,,,
IONQ,Experiment 2 — OHLCV,2023-07-17,10,14.899999618530272,19.25,14.899999618530272,14.869409144677688,14.928589653166323,14.889958079711551,,14.893144605562895,,15.307871338154778,16.386526504692437,,,,,
IONQ,Experiment 2 — OHLCV,2023-07-17,20,14.899999618530272,14.880000114440918,14.899999618530272,14.868016454905089,14.938472732660333,14.879923308175007,,14.886292746367596,,19.893765181602642,20.313225383042845,,,,,
IONQ,Experiment 2 — OHLCV,2023-08-17,1,13.010000228881836,13.420000076293944,13.010000228881836,12.967547024546638,13.010000239014616,13.008907295310756,13.009360975031843,13.009218836425687,,12.829118870676622,12.89587179481808,,,,,
IONQ,Experiment 2 — OHLCV,2023-08-17,5,13.010000228881836,14.619999885559082,13.010000228881836,12.980133653673342,13.010000239014616,13.004536479092097,,13.00609373588433,,12.96886075006134,12.605546483169352,,,,,
IONQ,Experiment 2 — OHLCV,2023-08-17,10,13.010000228881836,17.190000534057617,13.010000228881836,12.98684613077872,13.010000239014616,12.999075023888157,,13.00218841588354,,13.897438494156845,13.4816393670036,,,,,
IONQ,Experiment 2 — OHLCV,2023-08-17,20,13.010000228881836,17.079999923706055,13.010000228881836,12.985675580670243,13.010000239014616,12.988158993383488,,12.994381293463357,,13.425268397782418,12.517552563390096,,,,,
IONQ,Experiment 2 — OHLCV,2023-09-20,1,14.800000190734863,13.529999732971191,14.800000190734863,14.822055345414382,14.800000205337994,14.798748622524846,14.799280712255593,14.79913617847535,,14.686713999912481,14.761234646445882,,,,,
IONQ,Experiment 2 — OHLCV,2023-09-20,5,14.800000190734863,14.239999771118164,14.800000190734863,14.815632337632575,14.800000205337994,14.793743407989167,,14.795680633811354,,16.448567390826163,17.1429856269644,,,,,
IONQ,Experiment 2 — OHLCV,2023-09-20,10,14.800000190734863,14.770000457763672,14.800000190734863,14.811827925770507,14.800000205337994,14.787489270333328,,14.791362337602154,,18.84057096681815,19.22205815305077,,,,,
IONQ,Experiment 2 — OHLCV,2023-09-20,20,14.800000190734863,13.6899995803833,14.800000190734863,14.812528213005931,14.800000205337994,14.77498892581877,,14.782729525854968,,18.59435134055616,19.815269116890647,,,,,
IONQ,Experiment 2 — OHLCV,2023-10-20,1,12.59000015258789,12.640000343322754,12.59000015258789,12.610842502915428,12.590000165700914,12.588623813005192,12.589083806937344,12.58895382717524,,12.305470595655287,12.486270479624658,,,,,
IONQ,Experiment 2 — OHLCV,2023-10-20,5,12.59000015258789,10.140000343322754,12.59000015258789,12.604864406746298,12.590000165700914,12.583119959125192,,12.5847693950289,,13.091016583517174,13.388100250130158,,,,,
IONQ,Experiment 2 — OHLCV,2023-10-20,10,12.59000015258789,11.579999923706056,12.59000015258789,12.601043832168076,12.590000165700914,12.576243525556182,,12.57954081068868,,13.565150442095586,13.738934766080456,,,,,
IONQ,Experiment 2 — OHLCV,2023-10-20,20,12.59000015258789,12.699999809265137,12.59000015258789,12.601773133694877,12.590000165700914,12.562501929881499,,12.5690901580533,,14.29882640689408,14.769583703544125,,,,,
IONQ,Experiment 2 — OHLCV,2023-11-22,1,12.420000076293944,12.359999656677246,12.420000076293944,12.41468561812787,12.42000007435679,12.41873383994864,12.419246044070801,12.419023049546704,,12.372836616145369,12.979281373936674,,,,,
IONQ,Experiment 2 — OHLCV,2023-11-22,5,12.420000076293944,12.229999542236328,12.420000076293944,12.416167715030456,12.42000007435679,12.413670185381449,,12.415115711081228,,13.079911196187743,13.225612969130804,,,,,
IONQ,Experiment 2 — OHLCV,2023-11-22,10,12.420000076293944,13.199999809265137,12.420000076293944,12.416207562732648,12.42000007435679,12.40734352051716,,12.410233266723857,,13.001683859002474,13.012912608302978,,,,,
IONQ,Experiment 2 — OHLCV,2023-11-22,20,12.420000076293944,13.789999961853027,12.420000076293944,12.416207152654017,12.42000007435679,12.394699862357376,,12.40047413755382,,15.708665227826144,16.54335688782638,,,,,
IONQ,Experiment 2 — OHLCV,2023-12-26,1,13.520000457763672,13.210000038146973,13.520000457763672,13.518670101360458,13.52000045955181,13.51864092055259,13.519265076015486,13.518986798463727,,13.549485137045306,13.500419584489986,,,,,
IONQ,Experiment 2 — OHLCV,2023-12-26,5,13.520000457763672,11.93000030517578,13.520000457763672,13.519060685774809,13.52000045955181,13.51320413868719,,13.514932921195987,,13.84525182573546,13.872376995575097,,,,,
IONQ,Experiment 2 — OHLCV,2023-12-26,10,13.520000457763672,12.09000015258789,13.520000457763672,13.519075941841056,13.52000045955181,13.506411236027235,,13.509867284031113,,13.581563611177849,12.020042124858845,,,,,
IONQ,Experiment 2 — OHLCV,2023-12-26,20,13.520000457763672,11.279999732971191,13.520000457763672,13.519075698189388,13.52000045955181,13.492835673088221,,13.499741705062343,,14.587038975723289,14.391518014137846,,,,,
IONQ,Experiment 2 — OHLCV,2024-01-30,1,10.6899995803833,10.270000457763672,10.6899995803833,10.71775860311671,10.689999588131911,10.68831360486829,10.688888874491022,10.688600206791554,,10.844617815402504,11.045423420157295,,,,,
IONQ,Experiment 2 — OHLCV,2024-01-30,5,10.6899995803833,10.4399995803833,10.6899995803833,10.709988570359753,10.689999588131911,10.681572361428708,,10.683004544033736,,10.620610317014721,10.746228888147222,,,,,
IONQ,Experiment 2 — OHLCV,2024-01-30,10,10.6899995803833,10.539999961853027,10.6899995803833,10.704428212361622,10.689999588131911,10.673151785881233,,10.67601408490919,,13.577875949332821,12.921208083303227,,,,,
IONQ,Experiment 2 — OHLCV,2024-01-30,20,10.6899995803833,11.260000228881836,10.6899995803833,10.705543992915743,10.689999588131911,10.656330544063051,,10.662046886356626,,15.13715323306829,15.926035813332735,,,,,
IONQ,Experiment 2 — OHLCV,2024-03-01,1,10.65999984741211,10.09000015258789,10.65999984741211,10.63283667627842,10.659999842941758,10.658386924461803,10.659080568676407,10.658664820455835,,10.666591344699208,10.546063184687936,,,,,
IONQ,Experiment 2 — OHLCV,2024-03-01,5,10.65999984741211,10.8100004196167,10.65999984741211,10.640388863995009,10.659999842941758,10.651937672742083,,10.65332638436977,,10.407224213858193,10.026807987402764,,,,,
IONQ,Experiment 2 — OHLCV,2024-03-01,10,10.65999984741211,9.3100004196167,10.65999984741211,10.645915689863566,10.659999842941758,10.643881595507453,,10.646657099105065,,10.28659029928889,10.457491084501893,,,,,
IONQ,Experiment 2 — OHLCV,2024-03-01,20,10.65999984741211,9.989999771118164,10.65999984741211,10.644796385928506,10.659999842941758,10.627787714901876,,10.633331051448579,,9.909772861013835,9.798920861140651,,,,,
IONQ,Experiment 2 — OHLCV,2024-04-04,1,9.119999885559082,9.210000038146973,9.119999885559082,9.134012712155165,9.119999888539311,9.118440839554363,9.119007881221139,9.118647682435737,,8.969995431398146,9.018293068171872,,,,,
IONQ,Experiment 2 — OHLCV,2024-04-04,5,9.119999885559082,8.239999771118164,9.119999885559082,9.13010525663932,9.119999888539311,9.112207320238339,,9.113240874528131,,8.958839363391908,9.181678133826919,,,,,
IONQ,Experiment 2 — OHLCV,2024-04-04,10,9.119999885559082,7.369999885559082,9.119999885559082,9.127266466451626,9.119999888539311,9.104421413259159,,9.106486872733003,,8.837406924932793,8.880445712390264,,,,,
IONQ,Experiment 2 — OHLCV,2024-04-04,20,9.119999885559082,9.0,9.119999885559082,9.127839701703456,9.119999888539311,9.088869551573517,,9.092993882003187,,8.481173712878807,8.372824808869678,,,,,
IONQ,Experiment 2 — OHLCV,2024-05-06,1,9.279999732971191,8.630000114440918,9.279999732971191,9.27117755151919,9.279999727904794,9.278518030383715,9.279110582706652,9.278684090641402,,9.025510221293986,9.005639540461575,,,,,
IONQ,Experiment 2 — OHLCV,2024-05-06,5,9.279999732971191,8.770000457763672,9.279999732971191,9.273921999000159,9.279999727904794,9.272593585434787,,9.27342338626773,,8.394827095706745,8.225055090979927,,,,,
IONQ,Experiment 2 — OHLCV,2024-05-06,10,9.279999732971191,8.880000114440918,9.279999732971191,9.27410229399912,9.279999727904794,9.265193348568955,,9.266851699945436,,7.864446566305787,7.649989373223545,,,,,
IONQ,Experiment 2 — OHLCV,2024-05-06,20,9.279999732971191,7.710000038146973,9.279999732971191,9.274097102588625,9.279999727904794,9.250410587984106,,9.25372229523621,,7.9344374233235015,7.305147216618011,,,,,
IONQ,Experiment 2 — OHLCV,2024-06-07,1,7.860000133514404,8.220000267028809,7.860000133514404,7.854344111440585,7.860000133067366,7.858384572751981,7.8589580972304285,7.858567509662414,,7.528896473758797,7.4273090549173455,,,,,
IONQ,Experiment 2 — OHLCV,2024-06-07,5,7.860000133514404,7.699999809265137,7.860000133514404,7.855943020555829,7.860000133067366,7.85192564967699,,7.852839624988569,,7.892274099801342,7.908424880765943,,,,,
IONQ,Experiment 2 — OHLCV,2024-06-07,10,7.860000133514404,6.760000228881836,7.860000133514404,7.857032941976444,7.860000133067366,7.8438594606599485,,7.845685639730098,,7.562521469978831,7.693934484031314,,,,,
IONQ,Experiment 2 — OHLCV,2024-06-07,20,7.860000133514404,7.929999828338623,7.860000133514404,7.856818762508507,7.860000133067366,7.827751933011061,,7.831397215249711,,7.3157850551548975,7.448417871105889,,,,,
IONQ,Experiment 2 — OHLCV,2024-07-11,1,8.020000457763672,8.449999809265137,8.020000457763672,8.03677063529176,8.020000464171162,8.018349326422445,8.019012776599562,8.018492869929522,,8.11245172354024,7.892767414115951,,,,,
IONQ,Experiment 2 — OHLCV,2024-07-11,5,8.020000457763672,8.210000038146973,8.020000457763672,8.032014562892705,8.020000464171162,8.011748199652725,,8.01246535200159,,8.106109679227096,7.565316073408337,,,,,
IONQ,Experiment 2 — OHLCV,2024-07-11,10,8.020000457763672,7.929999828338623,8.020000457763672,8.028807281043441,8.020000464171162,8.00350443278368,,8.004937325767637,,7.502012891261103,6.8867278678681805,,,,,
IONQ,Experiment 2 — OHLCV,2024-07-11,20,8.020000457763672,7.110000133514404,8.020000457763672,8.029434601396526,8.020000464171162,7.987042337831696,,7.989902485284393,,7.253364647529423,6.776082082175154,,,,,
IONQ,Experiment 2 — OHLCV,2024-08-13,1,7.28000020980835,7.309999942779541,7.28000020980835,7.268171703139094,7.280000201463693,7.278412091823649,7.2789226854655995,7.278499435832108,,7.581440495595416,7.548298860282753,,,,,
IONQ,Experiment 2 — OHLCV,2024-08-13,5,7.28000020980835,7.210000038146973,7.28000020980835,7.271641034245057,7.280000201463693,7.272063083577873,,7.272499433138948,,7.999449161163891,7.987640033178485,,,,,
IONQ,Experiment 2 — OHLCV,2024-08-13,10,7.28000020980835,7.28000020980835,7.28000020980835,7.273610532591076,7.280000201463693,7.26413461091484,,7.265006384718038,,7.918263526476075,7.790399227202847,,,,,
IONQ,Experiment 2 — OHLCV,2024-08-13,20,7.28000020980835,7.230000019073486,7.28000020980835,7.2732556837598175,7.280000201463693,7.248303588562675,,7.250043440779423,,7.283516194465386,7.012591939521649,,,,,
IONQ,Experiment 2 — OHLCV,2024-09-13,1,7.760000228881836,7.820000171661377,7.760000228881836,7.751188519597164,7.760000223219393,7.758413583605375,7.758983120456762,7.758512424509484,,7.726146647602183,7.631804360548089,,,,,
IONQ,Experiment 2 — OHLCV,2024-09-13,5,7.760000228881836,8.220000267028809,7.760000228881836,7.753784221558852,7.760000223219393,7.752070245964074,,7.752564059001297,,6.991310571409315,6.864394618100626,,,,,
IONQ,Experiment 2 — OHLCV,2024-09-13,10,7.760000228881836,9.710000038146973,7.760000228881836,7.755224778027698,7.760000223219393,7.744148366735385,,7.745135014973962,,6.932013903872658,6.771479889843178,,,,,
IONQ,Experiment 2 — OHLCV,2024-09-13,20,7.760000228881836,10.65999984741211,7.760000228881836,7.75496822424485,7.760000223219393,7.728328886228896,,7.730298277171502,,6.007490663098025,6.280376178380501,,,,,
IONQ,Experiment 2 — OHLCV,2024-10-16,1,12.300000190734863,12.5,12.300000190734863,12.246734518930847,12.300000163763755,12.297676761317584,12.298622519295316,12.297793833761544,,12.354787214344578,11.893071874572145,,,,,
IONQ,Experiment 2 — OHLCV,2024-10-16,5,12.300000190734863,14.739999771118164,12.300000190734863,12.264077685217002,12.300000163763755,12.288387431700942,,12.288972362890934,,11.583494127234335,12.25938438206001,,,,,
IONQ,Experiment 2 — OHLCV,2024-10-16,10,12.300000190734863,16.8700008392334,12.300000190734863,12.26662690336769,12.300000163763755,12.276785636583302,,12.277954422281562,,12.717630709850898,13.369488490250644,,,,,
IONQ,Experiment 2 — OHLCV,2024-10-16,20,12.300000190734863,26.76000022888184,12.300000190734863,12.266458610028302,12.300000163763755,12.253614896701343,,12.255948167315998,,11.134059110830172,9.210051374126673,,,,,
IONQ,Experiment 2 — OHLCV,2024-11-15,1,29.13999938964844,25.229999542236328,29.13999938964844,29.38811729091219,29.36398092039653,29.135187119405472,29.137476835432885,29.135426537903864,,29.339801749136708,29.912020719034818,,,,,
IONQ,Experiment 2 — OHLCV,2024-11-15,5,29.13999938964844,31.799999237060547,29.13999938964844,30.20911242076552,30.11624689272193,29.115945984254225,,29.117142305837127,,31.575475443551344,34.01037911766079,,,,,
IONQ,Experiment 2 — OHLCV,2024-11-15,10,29.13999938964844,32.060001373291016,29.13999938964844,30.929582629782995,30.80017470866903,29.091912433572535,,29.094303150862167,,34.99850937642328,37.45828220617677,,,,,
IONQ,Experiment 2 — OHLCV,2024-11-15,20,29.13999938964844,41.810001373291016,29.13999938964844,31.72850875687026,31.614981404343073,29.043904830804564,,29.048678571179632,,62.13649960308067,60.29484826942273,,,,,
IONQ,Experiment 2 — OHLCV,2024-12-19,1,37.7599983215332,44.41999816894531,37.7599983215332,37.70574653026572,37.87858445173361,37.75392913888363,37.75686800489503,37.75428674759267,,37.513548444139545,36.42891946217583,,,,,
IONQ,Experiment 2 — OHLCV,2024-12-19,5,37.7599983215332,45.47999954223633,37.7599983215332,37.71868554773013,38.333760716854734,37.729662161743924,,37.73144908984546,,40.90479210226118,45.043321318722995,,,,,
IONQ,Experiment 2 — OHLCV,2024-12-19,10,37.7599983215332,51.06999969482422,37.7599983215332,37.73491709888423,38.86190731935966,37.69935037384638,,37.70292144339782,,44.197764453825584,50.17008783587701,,,,,
IONQ,Experiment 2 — OHLCV,2024-12-19,20,37.7599983215332,42.040000915527344,37.7599983215332,37.73104432565565,39.79557117353422,37.63879983542126,,37.6459308409553,,68.84200736166213,67.74115054410743,,,,,
IONQ,Experiment 2 — OHLCV,2025-01-24,1,40.7599983215332,38.540000915527344,40.7599983215332,40.75852153382724,40.76732804103475,40.75376661468438,40.75728381012178,40.75410523314999,,42.43190172135391,43.524753575031916,,,,,
IONQ,Experiment 2 — OHLCV,2025-01-24,5,40.7599983215332,39.4900016784668,40.7599983215332,40.75851965655734,40.76732804103475,40.72884931335263,,40.7305413986239,,45.693752570235745,51.95416699781268,,,,,
IONQ,Experiment 2 — OHLCV,2025-01-24,10,40.7599983215332,40.56999969482422,40.7599983215332,40.75851965655734,40.76732804103475,40.69772410941031,,40.70110576399583,,47.9821745908493,45.088523791264976,,,,,
IONQ,Experiment 2 — OHLCV,2025-01-24,20,40.7599983215332,31.239999771118164,40.7599983215332,40.75851965655734,40.76732804103475,40.63554504148897,,40.64229829805501,,50.91433245150091,49.9422514585438,,,,,
IONQ,Experiment 2 — OHLCV,2025-02-27,1,24.90999984741211,24.56999969482422,24.90999984741211,24.89569585006005,24.954658319048505,24.905613500900703,24.90843670685266,24.90575628040075,,26.313440876388157,24.940027593657828,,,,,
IONQ,Experiment 2 — OHLCV,2025-02-27,5,24.90999984741211,20.479999542236328,24.90999984741211,24.89567333370672,24.95465833816929,24.888075837315213,,24.88878924029333,,29.91537136751998,24.502304477591355,,,,,
IONQ,Experiment 2 — OHLCV,2025-02-27,10,24.90999984741211,21.3700008392334,24.90999984741211,24.89567333370672,24.954658360612775,24.86617112317262,,24.86759669378704,,29.40113021722118,27.15997524823059,,,,,
IONQ,Experiment 2 — OHLCV,2025-02-27,20,24.90999984741211,23.649999618530277,24.90999984741211,24.89567333370672,24.95465840105087,24.822419514833584,,24.82526572111132,,33.37808884887306,29.287961950443123,,,,,
IONQ,Experiment 2 — OHLCV,2025-04-01,1,23.190000534057617,25.049999237060547,23.190000534057617,23.191976977586922,23.179481437452218,23.185756665539962,23.188141404493564,23.185892565416957,,23.342103345339357,23.755795492210652,,,,,
IONQ,Experiment 2 — OHLCV,2025-04-01,5,23.190000534057617,21.280000686645508,23.190000534057617,23.19197869513976,23.17948145357385,23.168788956507683,,23.169467966583884,,23.582946989607755,22.65026910431766,,,,,
IONQ,Experiment 2 — OHLCV,2025-04-01,10,23.190000534057617,25.399999618530277,23.190000534057617,23.19197869513976,23.179481472510002,23.147596780898745,,23.14895357877024,,21.369322980063473,20.62306665671806,,,,,
IONQ,Experiment 2 — OHLCV,2025-04-01,20,23.190000534057617,27.459999084472656,23.190000534057617,23.19197869513976,23.179481506667365,23.105270564533342,,23.107979277751923,,18.328223258795646,14.199023019595732,,,,,
IONQ,Experiment 2 — OHLCV,2025-05-02,1,30.920000076293945,29.81999969482422,30.920000076293945,30.89747016866075,30.848759705292725,30.914796188543413,30.917996633864487,30.914938340563683,,31.0747894101684,31.189838703059692,,,,,
IONQ,Experiment 2 — OHLCV,2025-05-02,5,30.920000076293945,31.270000457763672,30.920000076293945,30.897537569993087,30.848759705292725,30.893989394297545,,30.894699682563267,,34.393064136134086,32.595172273176466,,,,,
IONQ,Experiment 2 — OHLCV,2025-05-02,10,30.920000076293945,34.9900016784668,30.920000076293945,30.897537569993087,30.848759705292725,30.868000593141254,,30.86941999096458,,40.20325810577276,38.23015423886545,,,,,
IONQ,Experiment 2 — OHLCV,2025-05-02,20,30.920000076293945,40.56999969482422,30.920000076293945,30.897537569993087,30.848759705292725,30.81608855973764,,30.818922646418713,,43.835291253009814,50.04965633154225,,,,,
IONQ,Experiment 2 — OHLCV,2025-06-05,1,36.65999984741211,39.02000045776367,36.65999984741211,36.68892534713749,36.742420449897764,36.65399000157019,36.658169385978894,36.65411287325873,,39.39106474991365,39.596548382212085,,,,,
IONQ,Experiment 2 — OHLCV,2025-06-05,5,36.65999984741211,38.709999084472656,36.65999984741211,36.68877823313069,36.742420449897764,36.62996046880993,,36.63057442860923,,44.09013140983268,47.574100752705476,,,,,
IONQ,Experiment 2 — OHLCV,2025-06-05,10,36.65999984741211,40.36000061035156,36.65999984741211,36.68877823313059,36.742420449897764,36.59994570461774,,36.6011726283354,,49.29948921426376,54.64731007454801,,,,,
IONQ,Experiment 2 — OHLCV,2025-06-05,20,36.65999984741211,45.20000076293945,36.65999984741211,36.68877823313059,36.742420449897764,36.539989938803224,,36.5424398075598,,44.579228662371236,44.689096310853984,,,,,
IONQ,Experiment 2 — OHLCV,2025-07-09,1,45.560001373291016,45.93000030517578,45.560001373291016,45.550848324510866,45.53230328033834,45.55348164874655,45.5586221509229,45.553575175193,,44.70647620578805,43.186890205732766,,,,,
IONQ,Experiment 2 — OHLCV,2025-07-09,5,45.560001373291016,43.540000915527344,45.560001373291016,45.55091857300743,45.53230328033834,45.5274120790859,,45.527879445618396,,46.909482808258645,44.51144147738547,,,,,
IONQ,Experiment 2 — OHLCV,2025-07-09,10,45.560001373291016,43.27999877929688,45.560001373291016,45.55091857300769,45.53230328033834,45.494846096164025,,45.49578016540421,,51.04816235842705,50.50188482950374,,,,,
IONQ,Experiment 2 — OHLCV,2025-07-09,20,45.560001373291016,41.22999954223633,45.560001373291016,45.55091857300769,45.53230328033834,45.42978399748325,,45.431649483492336,,76.09118549345885,72.53163306962324,,,,,
IONQ,Experiment 2 — OHLCV,2025-08-11,1,44.93999862670898,43.0,44.93999862670898,44.89194033519376,44.79789149911124,44.93348787165975,44.9389332849203,44.933609436742636,,43.24656589072615,42.00160528016029,,,,,
IONQ,Experiment 2 — OHLCV,2025-08-11,5,44.93999862670898,40.22999954223633,44.93999862670898,44.89229720074939,44.79789149911124,44.90745428265815,,44.90806175919734,,45.40807541096729,43.81638962400897,,,,,
IONQ,Experiment 2 — OHLCV,2025-08-11,10,44.93999862670898,38.68000030517578,44.93999862670898,44.89229720075052,44.79789149911124,44.87493350635014,,44.87614758780357,,46.835280563433166,47.075163620404126,,,,,
IONQ,Experiment 2 — OHLCV,2025-08-11,20,44.93999862670898,44.0,44.93999862670898,44.89229720075052,44.79789149911124,44.8099625887064,,44.812387268864654,,57.75364909891197,56.292980238971396,,,,,
IONQ,Experiment 2 — OHLCV,2025-09-11,1,47.04999923706055,55.61000061035156,47.04999923706055,46.996498985234076,46.894379943176986,47.04330420174962,47.049574616923515,47.04343479562198,,45.521494966385134,44.823659611158575,,,,,
IONQ,Experiment 2 — OHLCV,2025-09-11,5,47.04999923706055,66.80999755859375,47.04999923706055,46.996929148895056,46.894379943176986,47.0165335859301,,47.01718618733429,,49.1782221970567,47.444562073869136,,,,,
IONQ,Experiment 2 — OHLCV,2025-09-11,10,47.04999923706055,69.43000030517578,47.04999923706055,46.99692914889691,46.894379943176986,46.98309173819655,,46.98439602169411,,48.202029836682314,48.45931328066859,,,,,
IONQ,Experiment 2 — OHLCV,2025-09-11,20,47.04999923706055,77.5,47.04999923706055,46.99692914889691,46.894379943176986,46.91627938520878,,46.918884278844914,,57.84901919958685,68.61001985387041,,,,,
IONQ,Experiment 2 — OHLCV,2025-10-14,1,77.55000305175781,72.41000366210938,77.55000305175781,77.60000879397916,77.80153969799501,77.54032219738423,77.55000303860812,77.54034438531593,,88.03196416022729,86.01412537667544,,,,,
IONQ,Experiment 2 — OHLCV,2025-10-14,5,77.55000305175781,59.5,77.55000305175781,77.59971974193893,78.21727399109344,77.50161086335076,,77.50172174768707,,102.71523284551904,105.33588774149732,,,,,
IONQ,Experiment 2 — OHLCV,2025-10-14,10,77.55000305175781,57.150001525878906,77.55000305175781,77.59971974193859,78.72535600172432,77.45324887228487,,77.45347050272956,,93.87835112394623,101.2098165373899,,,,,
IONQ,Experiment 2 — OHLCV,2025-10-14,20,77.55000305175781,54.41999816894531,77.55000305175781,77.59971974193859,79.70410429649421,77.35661540681421,,77.35705811530872,,149.4979837865494,154.44101349904332,,,,,
IONQ,Experiment 2 — OHLCV,2025-11-13,1,45.400001525878906,47.18000030517578,45.400001525878906,45.44240900638322,45.43977992013851,45.39285839770071,45.3994197659638,45.392876262920666,,43.74372870049277,44.23177564582673,,,,,
IONQ,Experiment 2 — OHLCV,2025-11-13,5,45.400001525878906,41.0,45.400001525878906,45.44223051761809,45.439779920236546,45.3642971220476,,45.36438639201351,,48.78741075307613,48.597045236305426,,,,,
IONQ,Experiment 2 — OHLCV,2025-11-13,10,45.400001525878906,49.29999923706055,45.400001525878906,45.442230517618036,45.43977992035041,45.32862079760859,,45.32879919730488,,46.501216957476714,44.19876434754622,,,,,
IONQ,Experiment 2 — OHLCV,2025-11-13,20,45.400001525878906,50.34999847412109,45.400001525878906,45.442230517618036,45.439779920552034,45.257352298593716,,45.257708537704964,,59.173944352078706,60.260410710622494,,,,,
IONQ,Experiment 2 — OHLCV,2025-12-17,1,45.84999847412109,46.43999862670898,45.84999847412109,45.891563246991474,45.918323972346556,45.84290024373954,45.84971754818777,45.842954714680815,,49.32080714476705,48.98321737927461,,,,,
IONQ,Experiment 2 — OHLCV,2025-12-17,5,45.84999847412109,49.81999969482422,45.84999847412109,45.89132785583806,45.918323972346556,45.81451830958013,,45.81479049631498,,47.76991101335175,48.69466819395023,,,,,
IONQ,Experiment 2 — OHLCV,2025-12-17,10,45.84999847412109,46.77000045776367,45.84999847412109,45.891327855837815,45.918323972346556,45.77906560070149,,45.77960955453378,,51.74719378991994,55.50153862112473,,,,,
IONQ,Experiment 2 — OHLCV,2025-12-17,20,45.84999847412109,50.79999923706055,45.84999847412109,45.891327855837815,45.918323972346556,45.70824246496345,,45.70932869601879,,61.54823788017074,65.63844200057676,,,,,
IONQ,Experiment 2 — OHLCV,2026-01-21,1,48.33000183105469,49.33000183105469,48.33000183105469,48.21949738696075,48.379667772872864,48.3227052857634,48.32997783571264,48.32284472170132,,47.14609875090275,47.03238819382539,,,,,
IONQ,Experiment 2 — OHLCV,2026-01-21,5,48.33000183105469,45.79999923706055,48.33000183105469,48.23038360972364,48.379667772872864,48.293530118778676,,48.294226881562274,,45.98736284157326,47.089139071007565,,,,,
IONQ,Experiment 2 — OHLCV,2026-01-21,10,48.33000183105469,35.34000015258789,48.33000183105469,48.305383434476894,48.379667772872864,48.2570859294852,,48.258478413488504,,47.01183498050696,47.29481028126193,,,,,
IONQ,Experiment 2 — OHLCV,2026-01-21,20,48.33000183105469,33.43000030517578,48.33000183105469,48.291427765721615,48.379667772872864,48.18428003678185,,48.18706084320283,,47.86563936160839,67.17612009958668,,,,,
IONQ,Experiment 2 — OHLCV,2026-02-24,1,31.6200008392334,33.59000015258789,31.6200008392334,31.608919368665163,31.60283772177461,31.614233138590272,31.61885749809367,31.614255914317457,,31.351254287884707,31.861598776672217,,,,,
IONQ,Experiment 2 — OHLCV,2026-02-24,5,31.6200008392334,37.04999923706055,31.6200008392334,31.608991664648123,31.602837749488536,31.591172854772473,,31.591286650506166,,28.727138540705667,30.06749978489089,,,,,
IONQ,Experiment 2 — OHLCV,2026-02-24,10,31.6200008392334,35.119998931884766,31.6200008392334,31.60899166464826,31.60283778248426,31.56237115281206,,31.562598537193622,,27.831737403013264,28.07559258598821,,,,,
IONQ,Experiment 2 — OHLCV,2026-02-24,20,31.6200008392334,32.70000076293945,31.6200008392334,31.60899166464826,31.60283784334882,31.50484650056747,,31.505300442117534,,25.02330301955766,30.76970258366664,,,,,
IONQ,Experiment 2 — OHLCV,2026-03-26,1,29.84000015258789,27.51000022888184,29.84000015258789,29.888635085608055,29.883855366858768,29.83381313777444,29.837843339460193,29.833845635894384,,29.63415987419878,30.49947979097657,,,,,
IONQ,Experiment 2 — OHLCV,2026-03-26,5,29.84000015258789,29.299999237060547,29.84000015258789,29.883568942674874,29.883855366858768,29.80907790399523,,29.80924026022758,,28.718175347969392,28.898290327946178,,,,,
IONQ,Experiment 2 — OHLCV,2026-03-26,10,29.84000015258789,28.790000915527344,29.84000015258789,29.851352490007685,29.883855366858768,29.778187699151,,29.7785120760098,,27.207265659817182,25.71008073651892,,,,,
IONQ,Experiment 2 — OHLCV,2026-03-26,20,29.84000015258789,42.68999862670898,29.84000015258789,29.857559069331,29.883855366858768,29.71650328791855,,29.717150701293036,,32.259334124777126,35.18387093311755,,,,,
IONQ,Experiment 2 — OHLCV,2026-04-29,1,42.11000061035156,45.119998931884766,42.11000061035156,42.112861751445266,42.11375087655005,42.10201876382675,42.10786514166405,42.10199676953661,,41.48084409538508,40.753731252359955,,,,,
IONQ,Experiment 2 — OHLCV,2026-04-29,5,42.11000061035156,52.56999969482422,42.11000061035156,42.11285749485363,42.113750879925774,42.07010650425282,,42.069996616272526,,43.893853194827386,44.58401093819262,,,,,
IONQ,Experiment 2 — OHLCV,2026-04-29,10,42.11000061035156,55.2599983215332,42.11000061035156,42.11285749485363,42.11375088392126,42.03025019296952,,42.0300306255067,,42.94966939595324,42.47822049771972,,,,,
IONQ,Experiment 2 — OHLCV,2026-04-29,20,42.11000061035156,70.13999938964844,42.11000061035156,42.11285749485363,42.113750891219986,41.9506508116592,,41.95021250953818,,44.86242109533032,45.65379431484832,,,,,
IONQ,Experiment 2 — OHLCV,2026-06-01,1,69.27999877929688,71.4000015258789,69.27999877929688,69.27999843772221,69.27999882087113,69.26895998515984,69.27875714118778,69.26894753321673,,68.21268631565633,67.7351770993809,,,,,
IONQ,Experiment 2 — OHLCV,2026-06-01,5,69.27999877929688,62.79999923706055,69.27999877929688,69.27999843772221,69.27999882087113,69.22482239457646,,69.22476017455465,,68.03318352064929,67.18785749628195,,,,,
IONQ,Experiment 2 — OHLCV,2026-06-01,10,69.27999877929688,61.18000030517578,69.27999877929688,69.27999843772221,69.27999882087113,69.1696899537574,,69.1695656128769,,68.95285313378025,70.76328737182384,,,,,
IONQ,Experiment 2 — OHLCV,2026-06-01,20,69.27999877929688,53.2599983215332,69.27999877929688,69.27999843772221,69.27999882087113,69.05955676385886,,69.05930847827652,,60.6442845066083,59.71385438305216,,,,,
IONQ,Experiment 2 — OHLCV,2026-07-06,1,48.869998931884766,45.36000061035156,48.869998931884766,48.87084142041529,48.87175515413084,48.860695636698,48.86810175216862,48.860706481832096,,49.24326961986729,50.12608715762579,,,,,
IONQ,Experiment 2 — OHLCV,2026-07-06,5,48.869998931884766,38.880001068115234,48.869998931884766,48.87084002069695,48.87175515413224,48.82350016309809,,48.82355434751305,,50.319654755256614,51.70956227580624,,,,,
IONQ,Experiment 2 — OHLCV,2026-07-06,10,48.869998931884766,34.2400016784668,48.869998931884766,48.87084002069695,48.87175515413385,48.77704563690495,,48.7771539026843,,48.41982692034415,49.28174624007653,,,,,
IONQ,Experiment 2 — OHLCV,2026-07-06,20,48.869998931884766,38.84999847412109,48.869998931884766,48.87084002069695,48.871755154136686,48.68426914395575,,48.68448526389994,,53.281630893263895,50.81549545807527,,,,,
IONQ,Experiment 2 — OHLCV,2026-08-06,1,39.720001220703125,44.43000030517578,39.720001220703125,39.72066905048932,39.72114218386942,39.711387835574364,39.71756641664882,39.71136303652826,,38.48109086103477,37.724520851573494,,,,,
IONQ,Experiment 2 — OHLCV,2026-08-06,5,39.720001220703125,44.97999954223633,39.720001220703125,39.72066800028979,39.7211421838695,39.67695296935801,,39.67682908180201,,38.658212157042726,36.15859793881699,,,,,
IONQ,Experiment 2 — OHLCV,2026-08-06,10,39.720001220703125,41.52999877929688,39.720001220703125,39.72066800028979,39.7211421838696,39.633951373397764,,39.63370386720905,,37.162007005874784,38.75817610424902,,,,,
IONQ,Experiment 2 — OHLCV,2026-08-06,20,39.720001220703125,39.02000045776367,39.720001220703125,39.72066800028979,39.721142183869766,39.54808794542759,,39.5475940069927,,38.161478085154954,39.068803943458924,,,,,
