ticker,cutoff_date,model,actual_return,threshold,actual_spike,warning,q10,q90
AAPL,2011-03-11,Chronos-2,0.0044502413825216495,0.02885882011001267,False,False,-0.014817610383033752,0.01789504662156105
AAPL,2011-07-05,Chronos-2,0.006645443727850954,0.032177449317118245,False,False,-0.018653132021427155,0.02183999866247177
AAPL,2011-10-25,Chronos-2,0.007089639963324946,0.049160836161456604,False,False,-0.02730315364897251,0.02887350134551525
AAPL,2012-02-17,Chronos-2,0.025036972759730772,0.035584133733980505,False,False,-0.012480637989938259,0.01798306033015251
AAPL,2012-06-12,Chronos-2,-0.006967055531725894,0.03929342052266589,False,False,-0.018775828182697296,0.02099737897515297
AAPL,2012-10-03,Chronos-2,-0.006949313461034188,0.02930300755163749,False,False,-0.018356576561927795,0.021732626482844353
AAPL,2013-01-30,Chronos-2,-0.0029372222698239234,0.06900682738796965,False,False,-0.024522142484784126,0.025315318256616592
AAPL,2013-05-23,Chronos-2,0.006784685215479068,0.03436672094761819,False,False,-0.01640128530561924,0.021293239668011665
AAPL,2013-09-16,Chronos-2,0.011486485063267946,0.036533530044340075,False,False,-0.02617899514734745,0.022315697744488716
AAPL,2014-01-08,Chronos-2,-0.012852087608966464,0.025244626316059476,False,False,-0.01587303914129734,0.017954146489501
AAPL,2014-05-02,Chronos-2,0.014042189814749726,0.04384350883042597,False,False,-0.014743608422577381,0.01609145849943161
AAPL,2014-08-25,Chronos-2,-0.006421884446149109,0.018046368175844228,False,False,-0.008141464553773403,0.011465485207736492
AAPL,2014-12-16,Chronos-2,0.024612692981759606,0.028236830508079586,False,False,-0.01492318231612444,0.016743533313274384
AAPL,2015-04-13,Chronos-2,-0.004345546377145041,0.025301045108785017,False,False,-0.016535012051463127,0.019329573959112167
AAPL,2015-08-04,Chronos-2,0.006607322554794695,0.03630499270474385,False,False,-0.01667345128953457,0.017887862399220467
AAPL,2015-11-24,Chronos-2,-0.00717587330635183,0.03492737916885329,False,False,-0.019181789830327034,0.02110658586025238
AAPL,2016-03-21,Chronos-2,0.00761875631624091,0.025676942299089334,False,False,-0.020187709480524063,0.021528687328100204
AAPL,2016-07-13,Chronos-2,0.01962658372589728,0.02276684138375036,False,False,-0.012777073308825493,0.013215580955147743
AAPL,2016-11-02,Chronos-2,-0.01077664088712817,0.01825842281181891,False,False,-0.015077533200383186,0.01520311739295721
AAPL,2017-02-28,Chronos-2,0.020232968695445108,0.027389205272767014,False,False,-0.005169658921658993,0.008899188600480556
AAPL,2017-06-21,Chronos-2,-0.00164641020601484,0.02793663806100878,False,False,-0.014133412390947342,0.015550668351352215
AAPL,2017-10-12,Chronos-2,0.006326314905951087,0.01821537406870928,False,False,-0.010336168110370636,0.012506277300417423
AAPL,2018-02-06,Chronos-2,-0.021639620925453212,0.03441424703035487,False,False,-0.019987156614661217,0.022470401600003242
AAPL,2018-05-31,Chronos-2,0.01787337241776974,0.02081419383406024,False,False,-0.007540736347436905,0.009694884531199932
AAPL,2018-09-21,Chronos-2,0.014277957583209747,0.0273090721707684,False,False,-0.019673243165016174,0.022382419556379318
AAPL,2019-01-17,Chronos-2,0.006140199346842176,0.06819397608010681,False,False,-0.02052900195121765,0.02284744568169117
AAPL,2019-05-13,Chronos-2,0.015706111059241534,0.04147145332141114,False,False,-0.024743597954511642,0.02507173642516136
AAPL,2019-09-04,Chronos-2,0.019362791548437282,0.04006074807744136,False,False,-0.015138192102313042,0.017270656302571297
AAPL,2019-12-26,Chronos-2,-0.0003796856312069616,0.022124974430602365,False,False,-0.01398995891213417,0.01779618114233017
AAPL,2020-04-21,Chronos-2,0.02839660991249939,0.07929357388154565,False,False,-0.04930277168750763,0.0481310673058033
AAPL,2020-08-12,Chronos-2,0.0175426559658522,0.06254374021310118,False,False,-0.02161702699959278,0.027538008987903595
AAPL,2020-12-03,Chronos-2,-0.005628064229194861,0.03325324391036956,False,False,-0.0172833651304245,0.024254191666841507
AAPL,2021-03-30,Chronos-2,0.018591975034542484,0.041323913460440474,False,False,-0.024345016106963158,0.028336048126220703
AAPL,2021-07-22,Chronos-2,0.011917983742510418,0.026934522770551778,False,False,-0.020760171115398407,0.025996726006269455
AAPL,2021-11-11,Chronos-2,0.014235196079960127,0.020571554189529776,False,False,-0.009947952814400196,0.013791280798614025
AAPL,2022-03-08,Chronos-2,0.03439875595462113,0.03289848603709963,True,False,-0.022539617493748665,0.023054227232933044
AAPL,2022-06-30,Chronos-2,0.016035169836734538,0.049775836015079226,False,False,-0.03164904564619064,0.03240594267845154
AAPL,2022-10-21,Chronos-2,0.014694080989188452,0.04699504326924561,False,False,-0.02242339961230755,0.02435910329222679
AAPL,2023-02-15,Chronos-2,-0.010484095724303154,0.031007762469612756,False,False,-0.024164728820323944,0.026518359780311584
AAPL,2023-06-09,Chronos-2,0.015517778735450129,0.01723665275684881,False,False,-0.0093399528414011,0.013593943789601326
AAPL,2023-10-03,Chronos-2,0.007281968363713714,0.02932136906241544,False,False,-0.020397529006004333,0.018370896577835083
AAPL,2024-01-26,Chronos-2,-0.0035923363983041017,0.028846921644196735,False,False,-0.012110902927815914,0.013321410864591599
AAPL,2024-05-20,Chronos-2,0.006833838608701723,0.032487030129917764,False,False,-0.014124227687716484,0.015355880372226238
AAPL,2024-09-12,Chronos-2,-0.001212683334389152,0.01916237887056088,False,False,-0.01559598371386528,0.017075903713703156
AAPL,2025-01-06,Chronos-2,-0.011453086901282222,0.02392768102009191,False,False,-0.014526806771755219,0.01645524427294731
AAPL,2025-05-01,Chronos-2,-0.03807747848377128,0.10196754422079546,False,False,-0.01589149981737137,0.016517426818609238
AAPL,2025-08-25,Chronos-2,0.009420196768850203,0.039045681744688525,False,False,-0.016529975458979607,0.017572298645973206
AAPL,2025-12-16,Chronos-2,-0.010138255944275731,0.018531925152240517,False,False,-0.015308056026697159,0.017812732607126236
AAPL,2026-04-13,Chronos-2,-0.0014285405616683605,0.02479581757465648,False,False,-0.013392426073551178,0.016126271337270737
AAPL,2026-08-06,Chronos-2,0.0029404636305595897,0.04714774899941368,False,False,-0.04499828442931175,0.038039784878492355
MSFT,2011-03-11,Chronos-2,0.0003893248311432288,0.01699216002400379,False,False,-0.014535842463374138,0.01343773677945137
MSFT,2011-07-05,Chronos-2,0.01145968845659617,0.02636190169441356,False,False,-0.01542746089398861,0.014060118235647678
MSFT,2011-10-25,Chronos-2,-0.00823965332939845,0.02833153164098282,False,False,-0.014974409714341164,0.014737509191036224
MSFT,2012-02-17,Chronos-2,0.006061769091307979,0.02322671477928609,False,False,-0.014995861798524857,0.01596091128885746
MSFT,2012-06-12,Chronos-2,-0.005477940175513536,0.029285797289682832,False,False,-0.015072770416736603,0.015488196164369583
MSFT,2012-10-03,Chronos-2,0.005677222539120568,0.021938772765380168,False,False,-0.015242929570376873,0.01541575975716114
MSFT,2013-01-30,Chronos-2,-0.014467343556985295,0.0234509760308416,False,False,-0.015559263527393341,0.01555041316896677
MSFT,2013-05-23,Chronos-2,0.0035073643940008647,0.025316433219765986,False,False,-0.014437610283493996,0.015608107671141624
MSFT,2013-09-16,Chronos-2,0.0039558062642522825,0.04809534324354191,False,False,-0.013515069149434566,0.0160356517881155
MSFT,2014-01-08,Chronos-2,-0.006452864890475546,0.02092676123131707,False,False,-0.018972061574459076,0.018489744514226913
MSFT,2014-05-02,Chronos-2,-0.006572302765448421,0.026102328692710123,False,False,-0.01381986029446125,0.0144284563139081
MSFT,2014-08-25,Chronos-2,-0.0035488253505163428,0.015756447062779528,False,False,-0.011155153624713421,0.013217801228165627
MSFT,2014-12-16,Chronos-2,0.012761093928868573,0.02303657524480972,False,False,-0.01987065002322197,0.020582638680934906
MSFT,2015-04-13,Chronos-2,-0.0026373952729416453,0.025126819354865826,False,False,-0.013112139888107777,0.01493890956044197
MSFT,2015-08-04,Chronos-2,0.0008411265387977357,0.026252744466876244,False,False,-0.012868042103946209,0.014921844936907291
MSFT,2015-11-24,Chronos-2,-0.010376239576350772,0.020567005281044826,False,False,-0.01295518409460783,0.014560526236891747
MSFT,2016-03-21,Chronos-2,0.0038911259559960055,0.03264835685764351,False,False,-0.01955093815922737,0.020698199048638344
MSFT,2016-07-13,Chronos-2,0.004288914264517961,0.03186292848229578,False,False,-0.01557098887860775,0.017267044633626938
MSFT,2016-11-02,Chronos-2,-0.003708589503374955,0.024367081089664705,False,False,-0.011216843500733376,0.011918623000383377
MSFT,2017-02-28,Chronos-2,0.014893375152559623,0.012906359568683962,True,True,-0.01234528049826622,0.014253351837396622
MSFT,2017-06-21,Chronos-2,-0.0001423064077827881,0.02095464301137146,False,False,-0.01067512296140194,0.012243201956152916
MSFT,2017-10-12,Chronos-2,0.004786580518383869,0.014467120913778343,False,False,-0.007551233284175396,0.009687565267086029
MSFT,2018-02-06,Chronos-2,-0.01901256212319852,0.036186355482616936,False,False,-0.02049870975315571,0.022377662360668182
MSFT,2018-05-31,Chronos-2,0.019536805881802878,0.01432559665557468,True,False,-0.010361154563724995,0.012385856360197067
MSFT,2018-09-21,Chronos-2,0.0035822224216122854,0.022692453813010202,False,False,-0.017758764326572418,0.01921939104795456
MSFT,2019-01-17,Chronos-2,0.014872077089352008,0.05222364168256083,False,False,-0.016387484967708588,0.018521536141633987
MSFT,2019-05-13,Chronos-2,0.01112565587120525,0.0296197974668137,False,False,-0.01575261726975441,0.018975408747792244
MSFT,2019-09-04,Chronos-2,0.017430312022127442,0.032747935758096924,False,False,-0.022602733224630356,0.024520983919501305
MSFT,2019-12-26,Chronos-2,0.0018255614250268955,0.012913019714996858,False,False,-0.007598760537803173,0.01116469968110323
MSFT,2020-04-21,Chronos-2,0.03340075741545557,0.07915426421554306,False,False,-0.04257941246032715,0.04447704553604126
MSFT,2020-08-12,Chronos-2,-0.002345154083999388,0.0474107502875576,False,False,-0.021817417815327644,0.02605530433356762
MSFT,2020-12-03,Chronos-2,0.000559921216435259,0.030712302842185724,False,False,-0.01365091186016798,0.017189662903547287
MSFT,2021-03-30,Chronos-2,0.01676600861552437,0.03290125159977762,False,False,-0.019679320976138115,0.022376399487257004
MSFT,2021-07-22,Chronos-2,0.012260860771018369,0.01805819605153792,False,False,-0.009386316873133183,0.014182043261826038
MSFT,2021-11-11,Chronos-2,0.01282237424869702,0.023804444959101938,False,False,-0.009082776494324207,0.013728906400501728
MSFT,2022-03-08,Chronos-2,0.044837786210020054,0.043598762317416176,True,False,-0.029565010219812393,0.030384564772248268
MSFT,2022-06-30,Chronos-2,0.010650488199254016,0.0465691435232946,False,False,-0.03165285289287567,0.03094462864100933
MSFT,2022-10-21,Chronos-2,0.020966481408816462,0.048004484864539995,False,False,-0.020437544211745262,0.021499978378415108
MSFT,2023-02-15,Chronos-2,-0.026983409230140285,0.04286169418295984,False,False,-0.025417499244213104,0.02660767361521721
MSFT,2023-06-09,Chronos-2,0.015364992951105693,0.028916426723550714,False,False,-0.015446441248059273,0.019687142223119736
MSFT,2023-10-03,Chronos-2,0.01761730727036663,0.026949648333060884,False,False,-0.016414998099207878,0.017802679911255836
MSFT,2024-01-26,Chronos-2,0.014232405242177879,0.016402696840657597,False,False,-0.010526205413043499,0.013277137652039528
MSFT,2024-05-20,Chronos-2,0.008661348971833563,0.028625633222993982,False,False,-0.012678142637014389,0.0149024473503232
MSFT,2024-09-12,Chronos-2,0.008372369035759542,0.02350628156823535,False,False,-0.01538775209337473,0.017465166747570038
MSFT,2025-01-06,Chronos-2,-0.012890818317096082,0.023785328350633475,False,False,-0.01494684536010027,0.01586640439927578
MSFT,2025-05-01,Chronos-2,0.022959569991071918,0.06886670186951155,False,False,-0.026802530512213707,0.031502481549978256
MSFT,2025-08-25,Chronos-2,-0.004412251907813678,0.02727238110017713,False,False,-0.013641000725328922,0.015926362946629524
MSFT,2025-12-16,Chronos-2,-0.0005670144578096566,0.028540408020713767,False,False,-0.014965145848691463,0.01597045734524727
MSFT,2026-04-13,Chronos-2,0.02248380906043869,0.032298569969164026,False,False,-0.019267752766609192,0.018877685070037842
MSFT,2026-08-06,Chronos-2,0.00026004905973253683,0.07701573395003532,False,False,-0.028936071321368217,0.03187980130314827
NVDA,2011-03-11,Chronos-2,0.00827598558737279,0.08392890430901953,False,False,-0.047661032527685165,0.03398175910115242
NVDA,2011-07-05,Chronos-2,-0.013312519933267774,0.036946031477589,False,False,-0.03503018617630005,0.032539598643779755
NVDA,2011-10-25,Chronos-2,0.011696028239942665,0.08392580167127314,False,False,-0.04195846989750862,0.04137202724814415
NVDA,2012-02-17,Chronos-2,0.005034642417659065,0.03806956471099442,False,False,-0.026930781081318855,0.03337471932172775
NVDA,2012-06-12,Chronos-2,-0.026732885599628345,0.04941210736675583,False,False,-0.03412842005491257,0.03672037646174431
NVDA,2012-10-03,Chronos-2,0.0435177862960771,0.02952085485556574,True,False,-0.018746579065918922,0.01637236587703228
NVDA,2013-01-30,Chronos-2,-0.004881825497204813,0.03566967180308187,False,False,-0.022650722414255142,0.02043762244284153
NVDA,2013-05-23,Chronos-2,-0.006170403794204494,0.03428714029033653,False,False,-0.020319033414125443,0.02031511813402176
NVDA,2013-09-16,Chronos-2,0.0031573573969845585,0.018118175482849132,False,False,-0.010207029990851879,0.012363467365503311
NVDA,2014-01-08,Chronos-2,-0.0379990975096173,0.023508970474077247,True,False,-0.014025185257196426,0.015442872419953346
NVDA,2014-05-02,Chronos-2,0.01079342559350671,0.031056518154309414,False,False,-0.019308358430862427,0.02045256271958351
NVDA,2014-08-25,Chronos-2,0.017635378202866755,0.045192048942629265,False,False,-0.014166319742798805,0.01485710870474577
NVDA,2014-12-16,Chronos-2,0.040015391645696306,0.029405132124624523,True,False,-0.01663663424551487,0.017568303272128105
NVDA,2015-04-13,Chronos-2,-0.008461429552937943,0.04251867350884823,False,False,-0.020493417978286743,0.021822627633810043
NVDA,2015-08-04,Chronos-2,0.010256727479017291,0.02547023149292882,False,False,-0.018681690096855164,0.02038268931210041
NVDA,2015-11-24,Chronos-2,-0.0012842160047085726,0.07013750947108263,False,False,-0.022786904126405716,0.023764682933688164
NVDA,2016-03-21,Chronos-2,-0.0017708263013237458,0.030774977874197192,False,False,-0.027546077966690063,0.029502546414732933
NVDA,2016-07-13,Chronos-2,0.010179186870717278,0.041013039802495016,False,False,-0.017813734710216522,0.021424274891614914
NVDA,2016-11-02,Chronos-2,-0.011703072171413564,0.03352781756263682,False,False,-0.019023817032575607,0.02274877205491066
NVDA,2017-02-28,Chronos-2,0.012826612056207068,0.06121472688215743,False,False,-0.03148210048675537,0.03444841131567955
NVDA,2017-06-21,Chronos-2,-0.006921918044237774,0.05102460841742252,False,False,-0.02108631655573845,0.02762569487094879
NVDA,2017-10-12,Chronos-2,0.018464118678240462,0.045228907734187626,False,False,-0.01885121874511242,0.025643223896622658
NVDA,2018-02-06,Chronos-2,0.014173319436734728,0.056836444205440616,False,False,-0.03173629939556122,0.03822906315326691
NVDA,2018-05-31,Chronos-2,0.02130278613553754,0.03633053753226069,False,False,-0.019668512046337128,0.026222221553325653
NVDA,2018-09-21,Chronos-2,0.008504472807048727,0.02734895076821342,False,True,-0.023966241627931595,0.029772639274597168
NVDA,2019-01-17,Chronos-2,0.03376332568652156,0.0682941372894323,False,False,-0.050775229930877686,0.04794802889227867
NVDA,2019-05-13,Chronos-2,0.022403874688212623,0.04362070354214918,False,False,-0.026983261108398438,0.03138686716556549
NVDA,2019-09-04,Chronos-2,0.06303354828704191,0.06600401761533907,False,False,-0.028152216225862503,0.03299963101744652
NVDA,2019-12-26,Chronos-2,-0.009746877770510405,0.027830927615931405,False,False,-0.012915397062897682,0.01646845042705536
NVDA,2020-04-21,Chronos-2,0.059910765647263005,0.11651275839819637,False,False,-0.06916205585002899,0.06459446996450424
NVDA,2020-08-12,Chronos-2,0.00024032638280527854,0.043800628386052004,False,False,-0.02490367740392685,0.03156055882573128
NVDA,2020-12-03,Chronos-2,0.012039512836406502,0.05490950086781845,False,False,-0.023861482739448547,0.029731836169958115
NVDA,2021-03-30,Chronos-2,0.036350293352078365,0.06805918438433195,False,False,-0.026225754991173744,0.03042677231132984
NVDA,2021-07-22,Chronos-2,-0.0018387614159525105,0.04996830387511289,False,False,-0.030084947124123573,0.036922749131917953
NVDA,2021-11-11,Chronos-2,0.0,0.06493782059249706,False,False,-0.027170490473508835,0.036273349076509476
NVDA,2022-03-08,Chronos-2,0.06739893026302975,0.09208585002719777,False,False,-0.04972992092370987,0.049321163445711136
NVDA,2022-06-30,Chronos-2,-0.04286075320440339,0.08119550039153942,False,False,-0.05639412999153137,0.05385270714759827
NVDA,2022-10-21,Chronos-2,0.010612367350244277,0.07120565303442254,False,False,-0.040158215910196304,0.04058203846216202
NVDA,2023-02-15,Chronos-2,-0.03404700541518224,0.07713114567091621,False,False,-0.04108581691980362,0.04723800718784332
NVDA,2023-06-09,Chronos-2,0.018198253263206197,0.11942160737020799,False,False,-0.02317245677113533,0.033492591232061386
NVDA,2023-10-03,Chronos-2,0.011969293744044434,0.03838967632730832,False,False,-0.027530651539564133,0.03225434944033623
NVDA,2024-01-26,Chronos-2,0.02322443767939612,0.04105561806031558,False,False,-0.016160260885953903,0.02640051767230034
NVDA,2024-05-20,Chronos-2,0.006373286765853213,0.055621393595403495,False,False,-0.032696012407541275,0.04116123914718628
NVDA,2024-09-12,Chronos-2,-0.00033587920159958205,0.08302911561318294,False,False,-0.049738623201847076,0.05843520537018776
NVDA,2025-01-06,Chronos-2,-0.06418618211945995,0.04910341235803364,True,False,-0.025525864213705063,0.03499351814389229
NVDA,2025-05-01,Chronos-2,0.02556424074860387,0.11810725405509022,False,False,-0.046336829662323,0.04893757030367851
NVDA,2025-08-25,Chronos-2,0.010841438539146327,0.03117924306542168,False,False,-0.016244979575276375,0.024992255493998528
NVDA,2025-12-16,Chronos-2,-0.038896680515676234,0.0380944494402619,True,False,-0.025904079899191856,0.03111008182168007
NVDA,2026-04-13,Chronos-2,0.037327446488877807,0.04370416458926145,False,False,-0.019546547904610634,0.024694064632058144
NVDA,2026-08-06,Chronos-2,0.02244140270108172,0.055272168220090054,False,False,-0.028374841436743736,0.03305062651634216
AMZN,2011-03-11,Chronos-2,-0.008004754372241726,0.028712906747746122,False,False,-0.022961745038628578,0.02423500083386898
AMZN,2011-07-05,Chronos-2,0.00467970246301004,0.03374324904405169,False,False,-0.02132222056388855,0.023652592673897743
AMZN,2011-10-25,Chronos-2,-0.1353253963812126,0.05123217451536922,True,False,-0.03002508170902729,0.0313107892870903
AMZN,2012-02-17,Chronos-2,-0.001315943163754481,0.05232318132336524,False,False,-0.02656368725001812,0.02908337488770485
AMZN,2012-06-12,Chronos-2,-0.007839568227068319,0.032369705324580424,False,False,-0.01989704556763172,0.021391622722148895
AMZN,2012-10-03,Chronos-2,0.01762286671643012,0.028789376142595427,False,False,-0.020775165408849716,0.022333430126309395
AMZN,2013-01-30,Chronos-2,-0.026977441581677992,0.04711788111365021,False,False,-0.0339522585272789,0.03447931632399559
AMZN,2013-05-23,Chronos-2,-0.0002292286669446575,0.043179888722985345,False,False,-0.01611509919166565,0.018346000462770462
AMZN,2013-09-16,Chronos-2,0.027024582719098463,0.022445539237543846,True,False,-0.011862418614327908,0.013748353347182274
AMZN,2014-01-08,Chronos-2,-0.00226668921924171,0.021977510751698792,False,True,-0.026227623224258423,0.028234953060746193
AMZN,2014-05-02,Chronos-2,0.006601278428657596,0.061550639534693835,False,False,-0.019898146390914917,0.022587096318602562
AMZN,2014-08-25,Chronos-2,0.02311261395955904,0.025861446816036807,False,False,-0.014388700015842915,0.017675267532467842
AMZN,2014-12-16,Chronos-2,0.012863428305265249,0.03309981541293613,False,False,-0.01980435475707054,0.02159734070301056
AMZN,2015-04-13,Chronos-2,0.007166474179881528,0.01746235762132719,False,True,-0.02750760316848755,0.024308834224939346
AMZN,2015-08-04,Chronos-2,0.009561244357738523,0.0492773391890814,False,False,-0.012289744801819324,0.016020113602280617
AMZN,2015-11-24,Chronos-2,0.006223590044783705,0.030994100477834442,False,False,-0.017134519293904305,0.02001318335533142
AMZN,2016-03-21,Chronos-2,0.011665001910245174,0.03015774279783713,False,False,-0.02510850504040718,0.025148408487439156
AMZN,2016-07-13,Chronos-2,-0.0019274146344341009,0.026316447115941027,False,False,-0.013317001983523369,0.017084088176488876
AMZN,2016-11-02,Chronos-2,0.0019183632456770188,0.03123718325935572,False,False,-0.01913733035326004,0.020837441086769104
AMZN,2017-02-28,Chronos-2,0.009469376476098914,0.02137201252079136,False,False,-0.012772271409630775,0.014754407107830048
AMZN,2017-06-21,Chronos-2,-0.0009283846759379751,0.024563703531101082,False,False,-0.012529637664556503,0.015549461357295513
AMZN,2017-10-12,Chronos-2,0.002006082882542097,0.017288215574747,False,False,-0.00821674708276987,0.010924388654530048
AMZN,2018-02-06,Chronos-2,-0.018226722717437444,0.038077311872179484,False,False,-0.022779222577810287,0.026887761428952217
AMZN,2018-05-31,Chronos-2,0.007287974742940334,0.013699143950387196,False,False,-0.009050436317920685,0.012259901501238346
AMZN,2018-09-21,Chronos-2,0.010053664875920762,0.031596780437823886,False,False,-0.019463781267404556,0.02208143100142479
AMZN,2019-01-17,Chronos-2,0.0017583478423892555,0.06710966251580212,False,False,-0.029071524739265442,0.03147083893418312
AMZN,2019-05-13,Chronos-2,0.009522776139087656,0.030122448117694118,False,False,-0.016923772171139717,0.020688259974122047
AMZN,2019-09-04,Chronos-2,0.02202580287152902,0.03060555924498794,False,False,-0.005630994215607643,0.011565526016056538
AMZN,2019-12-26,Chronos-2,0.0005509958634310166,0.024419504872338592,False,False,-0.014517543837428093,0.019018713384866714
AMZN,2020-04-21,Chronos-2,0.015078276370104332,0.05623748538120904,False,False,-0.04473777487874031,0.04563380777835846
AMZN,2020-08-12,Chronos-2,-0.0003859062604570367,0.051536110354246406,False,False,-0.023748023435473442,0.02651597373187542
AMZN,2020-12-03,Chronos-2,-0.007607189417695092,0.03750163538171917,False,False,-0.016858955845236778,0.019949890673160553
AMZN,2021-03-30,Chronos-2,0.012616087083554913,0.033827508129492645,False,False,-0.020817551761865616,0.021975159645080566
AMZN,2021-07-22,Chronos-2,0.005102345801164657,0.02992600601726164,False,False,-0.014218744821846485,0.015986094251275063
AMZN,2021-11-11,Chronos-2,0.015048234458080111,0.0357839653248157,False,False,-0.017064660787582397,0.01924666203558445
AMZN,2022-03-08,Chronos-2,0.023717698424230754,0.046479490298601364,False,False,-0.04156697168946266,0.041327327489852905
AMZN,2022-06-30,Chronos-2,0.031054064397665036,0.06726728382500183,False,False,-0.04823167622089386,0.04455073922872543
AMZN,2022-10-21,Chronos-2,0.0041816570199037775,0.0576740287926608,False,False,-0.03426197171211243,0.032958731055259705
AMZN,2023-02-15,Chronos-2,-0.03020652173405669,0.06252555931450908,False,False,-0.029742345213890076,0.029262755066156387
AMZN,2023-06-09,Chronos-2,0.025121316164936732,0.03922572948770367,False,False,-0.02136531099677086,0.02469484880566597
AMZN,2023-10-03,Chronos-2,0.018115851921521226,0.04419120026292831,False,False,-0.02673216350376606,0.027132725343108177
AMZN,2024-01-26,Chronos-2,0.013359331333490848,0.024937698331817047,False,False,-0.014753129333257675,0.01758326031267643
AMZN,2024-05-20,Chronos-2,-0.002127134911413819,0.033201814189365714,False,False,-0.013694295659661293,0.016761083155870438
AMZN,2024-09-12,Chronos-2,-0.0027309690556897217,0.04220913242417309,False,False,-0.025994637981057167,0.02770029753446579
AMZN,2025-01-06,Chronos-2,-0.02446088330127337,0.03490366635566539,False,False,-0.018952127546072006,0.02227686159312725
AMZN,2025-05-01,Chronos-2,-0.0011573530932638618,0.0875651401775387,False,False,-0.03162426874041557,0.03260745480656624
AMZN,2025-08-25,Chronos-2,0.0033724076943096397,0.04981149086461627,False,False,-0.026253659278154373,0.02738199383020401
AMZN,2025-12-16,Chronos-2,-0.005813022613826566,0.0333875344200916,False,False,-0.02189270406961441,0.024039583280682564
AMZN,2026-04-13,Chronos-2,0.03735274928383268,0.046227933661375425,False,False,-0.022517001256346703,0.02424471452832222
AMZN,2026-08-06,Chronos-2,0.008120910623089925,0.08163270284597263,False,False,-0.03898077830672264,0.040498968213796616
ENPH,2013-06-11,Chronos-2,-0.0972237899487017,0.066978902013286,True,False,-0.047770921140909195,0.04258072376251221
ENPH,2013-09-16,Chronos-2,-0.007398359101006512,0.0764482184679313,False,False,-0.051153961569070816,0.04555048048496246
ENPH,2013-12-20,Chronos-2,-0.015915398044283505,0.10378418939080811,False,False,-0.05521910637617111,0.05061831697821617
ENPH,2014-03-31,Chronos-2,0.07080282066347386,0.05877606416088332,True,False,-0.04846814647316933,0.04666825756430626
ENPH,2014-07-08,Chronos-2,0.010857911347376573,0.03733097399245795,False,False,-0.030502982437610626,0.033095408231019974
ENPH,2014-10-10,Chronos-2,-0.03963784597991297,0.09914892694353988,False,False,-0.061621055006980896,0.06134181469678879
ENPH,2015-01-20,Chronos-2,-0.016167738833627637,0.07929953489557338,False,False,-0.057646650820970535,0.05806475877761841
ENPH,2015-04-27,Chronos-2,0.01602476396043174,0.050491129999175106,False,False,-0.04588409885764122,0.048418134450912476
ENPH,2015-08-03,Chronos-2,0.03060546375949964,0.11038569590490642,False,False,-0.04815879464149475,0.045070163905620575
ENPH,2015-11-05,Chronos-2,-0.049007532246580825,0.21459873417414907,False,False,-0.08599480986595154,0.07719315588474274
ENPH,2016-02-16,Chronos-2,0.05035383667496035,0.13600722705748017,False,False,-0.0812610536813736,0.07520972937345505
ENPH,2016-05-20,Chronos-2,0.06791120236179353,0.08731703863679559,False,False,-0.06568475067615509,0.05393258109688759
ENPH,2016-08-26,Chronos-2,0.01643877609721746,0.06415521408075024,False,False,-0.04570586979389191,0.03624838590621948
ENPH,2016-12-01,Chronos-2,0.026668221646324243,0.06769360809497689,False,False,-0.050012703984975815,0.03813793137669563
ENPH,2017-03-13,Chronos-2,0.039845870688558355,0.13509920097309744,False,False,-0.09387493133544922,0.08439892530441284
ENPH,2017-06-16,Chronos-2,0.03822125249212064,0.07295634088109539,False,False,-0.058553606271743774,0.04403844103217125
ENPH,2017-09-22,Chronos-2,-0.03610497045088264,0.1315483118648176,False,False,-0.05538802593946457,0.05279240012168884
ENPH,2017-12-28,Chronos-2,-0.032655931189676975,0.07207837259179166,False,False,-0.061783984303474426,0.06189807504415512
ENPH,2018-04-09,Chronos-2,-0.03681399610282008,0.08294850586265144,False,False,-0.0511065274477005,0.05737534165382385
ENPH,2018-07-13,Chronos-2,-0.045033018260611506,0.09623329844621761,False,False,-0.0759291723370552,0.0743899792432785
ENPH,2018-10-18,Chronos-2,-0.02705682617565956,0.08586244444632302,False,False,-0.044638194143772125,0.05781077593564987
ENPH,2019-01-28,Chronos-2,0.028573345190656425,0.06637805129464955,False,False,-0.0612165741622448,0.058696165680885315
ENPH,2019-05-06,Chronos-2,0.03290712068094508,0.14190215659605673,False,False,-0.03590688854455948,0.050674717873334885
ENPH,2019-08-09,Chronos-2,-0.030281222436842496,0.14869737900201524,False,False,-0.03618653491139412,0.04764469712972641
ENPH,2019-11-14,Chronos-2,0.01722830021708537,0.1334280172124478,False,False,-0.05110849440097809,0.05328257009387016
ENPH,2020-02-24,Chronos-2,-0.08218633558682682,0.2078924229558855,False,False,-0.04263792932033539,0.05542749911546707
ENPH,2020-06-01,Chronos-2,-0.04682325771919545,0.11544213153450389,False,False,-0.07386419177055359,0.08276377618312836
ENPH,2020-09-03,Chronos-2,-0.024486133889773443,0.08124705134339935,False,False,-0.05482102930545807,0.06631060689687729
ENPH,2020-12-10,Chronos-2,0.06420024063345366,0.05911325323987824,True,True,-0.04897918924689293,0.06298474967479706
ENPH,2021-03-19,Chronos-2,0.0389849007526666,0.13809811346681944,False,False,-0.06808114796876907,0.07576095312833786
ENPH,2021-06-25,Chronos-2,0.0711836906391635,0.052327496532058176,True,True,-0.049886807799339294,0.062070757150650024
ENPH,2021-09-30,Chronos-2,0.03530972623840489,0.04208983477830065,False,False,-0.027625588700175285,0.0342363640666008
ENPH,2022-01-06,Chronos-2,-0.042889726304457726,0.07248706151391021,False,False,-0.055297426879405975,0.04776977002620697
ENPH,2022-04-13,Chronos-2,-0.014176509322804974,0.059653724843409826,False,False,-0.05235813558101654,0.05414886772632599
ENPH,2022-07-22,Chronos-2,0.03260076111112715,0.08465923285998596,False,False,-0.05506851524114609,0.057873886078596115
ENPH,2022-10-26,Chronos-2,0.04753798089588888,0.08142274371998078,False,False,-0.04210557043552399,0.047054726630449295
ENPH,2023-02-03,Chronos-2,0.0002691640562952529,0.06943124737288041,False,False,-0.04601949825882912,0.042810097336769104
ENPH,2023-05-11,Chronos-2,0.04118270839651467,0.1268996669810854,False,False,-0.04865173250436783,0.04615108668804169
ENPH,2023-08-18,Chronos-2,-0.0013819017614193848,0.04985466032684889,False,False,-0.03726298362016678,0.032377079129219055
ENPH,2023-11-22,Chronos-2,0.00019962351771399394,0.11353029440741016,False,False,-0.04220255836844444,0.03709644079208374
ENPH,2024-03-04,Chronos-2,0.008993838254035302,0.10531530308765066,False,False,-0.04721818119287491,0.04452288895845413
ENPH,2024-06-07,Chronos-2,0.06252528031360849,0.07674852514599058,False,False,-0.04740319028496742,0.044296760112047195
ENPH,2024-09-16,Chronos-2,0.06123120117398043,0.06903918739001408,False,False,-0.04905892536044121,0.0443602055311203
ENPH,2024-12-19,Chronos-2,0.08237797695351112,0.07717643351293026,True,False,-0.05120391026139259,0.04407039284706116
ENPH,2025-04-01,Chronos-2,0.0020815165352994487,0.06450848593173622,False,False,-0.04512922838330269,0.03975079208612442
ENPH,2025-07-09,Chronos-2,0.0027966167611559838,0.1458865742840226,False,False,-0.05346537008881569,0.04557470977306366
ENPH,2025-10-14,Chronos-2,0.029740020841016006,0.0672734896298396,False,False,-0.05251622200012207,0.05013946071267128
ENPH,2026-01-21,Chronos-2,0.11812272202658629,0.047227355559039265,True,True,-0.04955911263823509,0.04414544627070427
ENPH,2026-04-29,Chronos-2,0.05519712952191759,0.07525869464572564,False,False,-0.04381493106484413,0.039940882474184036
ENPH,2026-08-06,Chronos-2,0.05397436615170218,0.08486661052106255,False,False,-0.07186209410429001,0.06592436879873276
SMCI,2011-03-11,Chronos-2,-0.012295241028665756,0.043013848592295525,False,False,-0.030560370534658432,0.03444720059633255
SMCI,2011-07-05,Chronos-2,-0.011871463102031665,0.03153657854256318,False,False,-0.028070010244846344,0.02868443913757801
SMCI,2011-10-25,Chronos-2,0.09882952456724234,0.08930981634524011,True,False,-0.054126277565956116,0.05148614943027496
SMCI,2012-02-17,Chronos-2,-0.013072082453035094,0.03287698196410106,False,False,-0.024050943553447723,0.027566514909267426
SMCI,2012-06-12,Chronos-2,-0.03383407254354266,0.055216227530658586,False,False,-0.028807230293750763,0.029207706451416016
SMCI,2012-10-03,Chronos-2,-0.03471646784952302,0.03595607687977983,False,False,-0.027255835011601448,0.02248322404921055
SMCI,2013-01-30,Chronos-2,0.010556339305355327,0.08953555890592714,False,False,-0.029765287414193153,0.03251459449529648
SMCI,2013-05-23,Chronos-2,-0.0009760152152560126,0.03927249294193282,False,False,-0.02568414807319641,0.022822141647338867
SMCI,2013-09-16,Chronos-2,-0.003016554758329793,0.029411505184356798,False,False,-0.01677296683192253,0.017336342483758926
SMCI,2014-01-08,Chronos-2,-0.009603934767890832,0.02995768998684258,False,False,-0.021534059196710587,0.022513505071401596
SMCI,2014-05-02,Chronos-2,-0.022932212728172585,0.05168387732632361,False,False,-0.022892046719789505,0.02834797091782093
SMCI,2014-08-25,Chronos-2,0.005277061697307429,0.05571094661920018,False,False,-0.02651769481599331,0.028205540031194687
SMCI,2014-12-16,Chronos-2,0.042239970174044655,0.036924377403208676,True,False,-0.024425623938441277,0.02826227806508541
SMCI,2015-04-13,Chronos-2,0.0036738804032809876,0.04425077576476291,False,False,-0.027651719748973846,0.031209390610456467
SMCI,2015-08-04,Chronos-2,0.07822295944812868,0.04321477331880777,True,False,-0.027341915294528008,0.030108975246548653
SMCI,2015-11-24,Chronos-2,0.009155317554224357,0.06558830106189431,False,False,-0.035128578543663025,0.03835351765155792
SMCI,2016-03-21,Chronos-2,0.0,0.03510057232581904,False,False,-0.033491138368844986,0.03458253666758537
SMCI,2016-07-13,Chronos-2,0.0030639230465345185,0.051240618151808186,False,False,-0.03163003921508789,0.031389929354190826
SMCI,2016-11-02,Chronos-2,-0.011123627935856547,0.05899934683192977,False,False,-0.031142180785536766,0.02995157614350319
SMCI,2017-02-28,Chronos-2,0.022814746713129042,0.030700295733723803,False,False,-0.022636419162154198,0.022580109536647797
SMCI,2017-06-21,Chronos-2,0.00828161306447926,0.02518171954634252,False,False,-0.017022540792822838,0.017124895006418228
SMCI,2017-10-12,Chronos-2,0.004434592848067803,0.06676013713323309,False,False,-0.017934823408722878,0.01813160814344883
SMCI,2018-02-06,Chronos-2,0.012706638950606286,0.07454162869196877,False,False,-0.02786286361515522,0.027505625039339066
SMCI,2018-05-31,Chronos-2,0.012371279639161452,0.08786914800364982,False,False,-0.018080756068229675,0.02051680162549019
SMCI,2018-09-21,Chronos-2,-0.038911521684797265,0.07317898217534796,False,False,-0.021300574764609337,0.021649064496159554
SMCI,2019-01-17,Chronos-2,0.013423007444649979,0.05873682459930594,False,False,-0.029585223644971848,0.02862975187599659
SMCI,2019-05-13,Chronos-2,0.013144791034834076,0.030764286667236865,False,True,-0.04265167936682701,0.031696926802396774
SMCI,2019-09-04,Chronos-2,0.016043109499092628,0.09218023842940623,False,False,-0.021975064650177956,0.023074518889188766
SMCI,2019-12-26,Chronos-2,0.012526247349154982,0.04412681331781077,False,False,-0.02613496221601963,0.027052948251366615
SMCI,2020-04-21,Chronos-2,0.02262106793505798,0.08731259301651961,False,False,-0.04373101517558098,0.04415448382496834
SMCI,2020-08-12,Chronos-2,-0.0007692667462982661,0.07772349308973467,False,False,-0.044465236365795135,0.04534873738884926
SMCI,2020-12-03,Chronos-2,0.03184347213912126,0.03770956760957125,False,False,-0.02217894420027733,0.025687430053949356
SMCI,2021-03-30,Chronos-2,0.02909295868930078,0.04200527420907593,False,False,-0.025979487225413322,0.027874885126948357
SMCI,2021-07-22,Chronos-2,0.019563362461829614,0.0390094458536866,False,False,-0.02633368782699108,0.02766263857483864
SMCI,2021-11-11,Chronos-2,-0.014091204368042507,0.08317777036174097,False,False,-0.02388819307088852,0.027155017480254173
SMCI,2022-03-08,Chronos-2,0.027292140475765284,0.041412243582079504,False,False,-0.0262453630566597,0.028950117528438568
SMCI,2022-06-30,Chronos-2,-0.030701893380973004,0.07765424695072572,False,False,-0.040827251970767975,0.04127458482980728
SMCI,2022-10-21,Chronos-2,-0.02383677986674845,0.08170690022531536,False,False,-0.055481866002082825,0.05632147565484047
SMCI,2023-02-15,Chronos-2,0.03049792693700929,0.08147125302369583,False,False,-0.05486929789185524,0.055944740772247314
SMCI,2023-06-09,Chronos-2,-0.011570177477979709,0.11630187015990262,False,False,-0.06219710782170296,0.06953225284814835
SMCI,2023-10-03,Chronos-2,0.03790635570568232,0.07757713279191264,False,False,-0.057314470410346985,0.05956605076789856
SMCI,2024-01-26,Chronos-2,0.04438666317051559,0.17061269206378912,False,False,-0.04549499973654747,0.05366290733218193
SMCI,2024-05-20,Chronos-2,-0.005535577218814193,0.12156726592353993,False,False,-0.060359686613082886,0.06871938705444336
SMCI,2024-09-12,Chronos-2,0.03342944557080886,0.11982058704036616,False,False,-0.06017167121171951,0.06291431188583374
SMCI,2025-01-06,Chronos-2,-0.05846644836316354,0.1081493688321439,False,False,-0.07278776913881302,0.07969781756401062
SMCI,2025-05-01,Chronos-2,0.02950242756001331,0.1409761250439799,False,False,-0.08172047883272171,0.07480179518461227
SMCI,2025-08-25,Chronos-2,0.006558904312119387,0.09496809819955616,False,False,-0.05398616939783096,0.05290928855538368
SMCI,2025-12-16,Chronos-2,-0.05920426918419112,0.05594794874168798,True,False,-0.0379362516105175,0.033217065036296844
SMCI,2026-04-13,Chronos-2,0.04627500211648954,0.17900171624826994,False,False,-0.09339231252670288,0.09389001876115799
SMCI,2026-08-06,Chronos-2,0.057857815313579815,0.1352480828244276,False,False,-0.07415375113487244,0.07146388292312622
CVNA,2018-07-06,Chronos-2,-0.051103658627608524,0.09369505099987833,False,False,-0.03759104385972023,0.06478731334209442
CVNA,2018-09-04,Chronos-2,-0.08020360181474506,0.05817287254322222,True,True,-0.03827071189880371,0.06453890353441238
CVNA,2018-10-31,Chronos-2,0.1358834922648138,0.09010999949413306,True,False,-0.04541487246751785,0.04759847745299339
CVNA,2019-01-03,Chronos-2,0.019354389310272155,0.10415194138994296,False,False,-0.060108691453933716,0.04880429804325104
CVNA,2019-03-05,Chronos-2,0.05316733699069577,0.10950833769872094,False,False,-0.0510844960808754,0.07038389146327972
CVNA,2019-05-03,Chronos-2,-0.0019414704519490561,0.046774641644885546,False,True,-0.03884778544306755,0.05274032801389694
CVNA,2019-07-02,Chronos-2,-0.008225385850990979,0.07546337674797475,False,False,-0.04928511381149292,0.05514494702219963
CVNA,2019-08-30,Chronos-2,-0.01915723242161001,0.12917031213602007,False,False,-0.038953691720962524,0.045943733304739
CVNA,2019-10-29,Chronos-2,-0.02644165743431196,0.05850481857115416,False,True,-0.05101452395319939,0.06165635958313942
CVNA,2019-12-30,Chronos-2,-0.002495500017384529,0.05925819258147331,False,False,-0.04346751049160957,0.044229209423065186
CVNA,2020-02-28,Chronos-2,-0.006655836727455652,0.11113575995456951,False,False,-0.06698929518461227,0.04889598861336708
CVNA,2020-04-28,Chronos-2,0.02299783159377595,0.1771357986422858,False,False,-0.11512918770313263,0.11593753099441528
CVNA,2020-06-26,Chronos-2,0.02489821008462683,0.1348981575412342,False,False,-0.057271383702754974,0.0620543472468853
CVNA,2020-08-25,Chronos-2,0.023811244703727027,0.1462630214238306,False,False,-0.022413847967982292,0.031218111515045166
CVNA,2020-10-23,Chronos-2,-0.0062373079471919725,0.08251355824497948,False,False,-0.05414405092597008,0.059774331748485565
CVNA,2020-12-22,Chronos-2,-0.07668666972902587,0.07755853650850192,False,False,-0.04096294939517975,0.05380956083536148
CVNA,2021-02-24,Chronos-2,-0.07761824876717899,0.07511496365365418,True,False,-0.03446952998638153,0.041611410677433014
CVNA,2021-04-23,Chronos-2,0.057248285225138515,0.05682687133258685,True,False,-0.04722036421298981,0.05436646193265915
CVNA,2021-06-23,Chronos-2,-0.03301118048799236,0.04720992276550522,False,False,-0.03811052814126015,0.045396268367767334
CVNA,2021-08-20,Chronos-2,0.022111842385838347,0.03275137596553132,False,False,-0.018359750509262085,0.02726620063185692
CVNA,2021-10-19,Chronos-2,-0.006277154149259377,0.027793037378395752,False,False,-0.011074339970946312,0.014513574540615082
CVNA,2021-12-17,Chronos-2,-0.08383277351675741,0.08489852484330226,False,True,-0.1168295368552208,0.10014250129461288
CVNA,2022-02-16,Chronos-2,-0.024759395067421825,0.13867996593376355,False,False,-0.07274039089679718,0.07021427154541016
CVNA,2022-04-19,Chronos-2,-0.09550672518348217,0.12321279235707991,False,False,-0.0989532470703125,0.08701633661985397
CVNA,2022-06-16,Chronos-2,0.1258500675513595,0.19057632638433358,False,False,-0.1440935730934143,0.10243368148803711
CVNA,2022-08-17,Chronos-2,-0.03611392128367342,0.22163789430845057,False,False,-0.13016557693481445,0.12181179970502853
CVNA,2022-10-14,Chronos-2,0.06110500110762415,0.14111554843365162,False,False,-0.10674133151769638,0.09073957800865173
CVNA,2022-12-14,Chronos-2,0.039147529607715725,0.2810952631175327,False,False,-0.14062364399433136,0.12168840318918228
CVNA,2023-02-14,Chronos-2,0.1687031432591547,0.24691162917120252,False,False,-0.15413416922092438,0.13855762779712677
CVNA,2023-04-17,Chronos-2,-0.02911742398912355,0.13489361735351285,False,False,-0.09323443472385406,0.08624976873397827
CVNA,2023-06-14,Chronos-2,0.11987016594346468,0.3105376657311972,False,False,-0.14725635945796967,0.14116080105304718
CVNA,2023-08-14,Chronos-2,-0.044031557637086015,0.22598068741692434,False,False,-0.10808304697275162,0.10708505660295486
CVNA,2023-10-12,Chronos-2,0.0,0.0854427422777791,False,False,-0.07042708992958069,0.06569240987300873
CVNA,2023-12-11,Chronos-2,-0.008319723270969625,0.12182163201158855,False,False,-0.07117076963186264,0.06376884132623672
CVNA,2024-02-12,Chronos-2,-0.061744523218746315,0.09403324021805638,False,False,-0.05994851887226105,0.06011496111750603
CVNA,2024-04-11,Chronos-2,-0.0701567431422787,0.0648414336988304,True,False,-0.04937046766281128,0.04811898618936539
CVNA,2024-06-11,Chronos-2,0.0646166132273041,0.046613059207346465,True,False,-0.03552239388227463,0.036701519042253494
CVNA,2024-08-09,Chronos-2,-0.018114856050066973,0.0949874283579495,False,False,-0.044514723122119904,0.04627067595720291
CVNA,2024-10-09,Chronos-2,0.007860831814023559,0.05282615834446083,False,False,-0.031601496040821075,0.039512526243925095
CVNA,2024-12-06,Chronos-2,-0.028998090706934373,0.038192780813530225,False,False,-0.02313654124736786,0.03050660341978073
CVNA,2025-02-07,Chronos-2,0.014063575073661688,0.05819866045906689,False,False,-0.018313931301236153,0.027165384963154793
CVNA,2025-04-09,Chronos-2,-0.07917367886224642,0.18915628864513168,False,False,-0.11231554299592972,0.12240032851696014
CVNA,2025-06-09,Chronos-2,-0.004156862631501338,0.04526123929264819,False,False,-0.0218066219240427,0.03251590579748154
CVNA,2025-08-08,Chronos-2,-0.006668490412142271,0.08942309552519256,False,False,-0.03467467054724693,0.04309595003724098
CVNA,2025-10-07,Chronos-2,-0.025711836108659566,0.05899970411980671,False,False,-0.033829089254140854,0.04132194072008133
CVNA,2025-12-05,Chronos-2,0.11385918455096826,0.06284111273676421,True,False,-0.032016314566135406,0.04155968874692917
CVNA,2026-02-05,Chronos-2,0.05076280548890461,0.0864806616944795,False,False,-0.04317159950733185,0.048473238945007324
CVNA,2026-04-08,Chronos-2,-0.03569338862006982,0.07957738655449229,False,False,-0.038650743663311005,0.04216569662094116
CVNA,2026-06-05,Chronos-2,0.043254680843288845,0.06864083374262568,False,False,-0.03710132837295532,0.04005108028650284
CVNA,2026-08-06,Chronos-2,0.036069751499409115,0.08110856959946162,False,False,-0.05364464223384857,0.054947514086961746
PLUG,2011-03-11,Chronos-2,-0.04725291561423363,0.0368250190745519,True,True,-0.04549351707100868,0.03603774681687355
PLUG,2011-07-05,Chronos-2,-0.008810621353606442,0.07954304252832375,False,False,-0.0725392997264862,0.0671209990978241
PLUG,2011-10-25,Chronos-2,-0.06669142375088091,0.09512577717624648,False,False,-0.05458368733525276,0.04747936874628067
PLUG,2012-02-17,Chronos-2,0.008620735070485726,0.08330063263340795,False,False,-0.05588635057210922,0.052860766649246216
PLUG,2012-06-12,Chronos-2,0.008510681896768206,0.0393536018302039,False,True,-0.04948294907808304,0.04276508837938309
PLUG,2012-10-03,Chronos-2,0.011834516917728159,0.07467608199921769,False,False,-0.03638027608394623,0.02895253151655197
PLUG,2013-01-30,Chronos-2,-0.021978951350272766,0.12839361641582217,False,False,-0.07034669816493988,0.059002771973609924
PLUG,2013-05-23,Chronos-2,0.1643030867702306,0.27622736815165777,False,False,-0.11173397302627563,0.10488508641719818
PLUG,2013-09-16,Chronos-2,-0.04959699328121652,0.16796416282267218,False,False,-0.11037123203277588,0.10517723113298416
PLUG,2014-01-08,Chronos-2,-0.3151625120618024,0.30208662400424713,True,False,-0.12177272886037827,0.13543838262557983
PLUG,2014-05-02,Chronos-2,-0.10289443725634206,0.09943455236461794,True,True,-0.13180643320083618,0.12668776512145996
PLUG,2014-08-25,Chronos-2,-0.04422493182135657,0.05439981229798637,False,False,-0.03856014087796211,0.039202284067869186
PLUG,2014-12-16,Chronos-2,0.07410798462983786,0.07682211100977382,False,False,-0.04908883199095726,0.03872738406062126
PLUG,2015-04-13,Chronos-2,0.0304206584144852,0.05029478653132077,False,False,-0.032986901700496674,0.02866586297750473
PLUG,2015-08-04,Chronos-2,0.021819026584723785,0.08197075204353814,False,False,-0.041945554316043854,0.042139746248722076
PLUG,2015-11-24,Chronos-2,0.06486057245710282,0.13350024053662216,False,False,-0.05177554488182068,0.04784800484776497
PLUG,2016-03-21,Chronos-2,0.004819282006023543,0.0704382496623687,False,False,-0.046709753572940826,0.04109831526875496
PLUG,2016-07-13,Chronos-2,-0.005763699172500427,0.05828661708544164,False,False,-0.0317830890417099,0.02730141393840313
PLUG,2016-11-02,Chronos-2,0.0,0.04434201308217582,False,False,-0.039785999804735184,0.03359687700867653
PLUG,2017-02-28,Chronos-2,-0.009302383378101402,0.19519666258920929,False,False,-0.059299908578395844,0.05333933234214783
PLUG,2017-06-21,Chronos-2,0.027524646294219378,0.08141890799243018,False,False,-0.05275717377662659,0.05063042789697647
PLUG,2017-10-12,Chronos-2,-0.02469258974538504,0.09920262622201537,False,False,-0.03384176269173622,0.03328567370772362
PLUG,2018-02-06,Chronos-2,0.07333126457807959,0.04783347675699684,True,False,-0.03886145353317261,0.03501160442829132
PLUG,2018-05-31,Chronos-2,0.010638388086280471,0.07618656708670185,False,False,-0.045667678117752075,0.04237952455878258
PLUG,2018-09-21,Chronos-2,-0.010582099318558446,0.05276537264915838,False,False,-0.03193586692214012,0.029318226501345634
PLUG,2019-01-17,Chronos-2,-0.014388723877542694,0.17437060296941606,False,False,-0.05316159129142761,0.04814506322145462
PLUG,2019-05-13,Chronos-2,0.02217383639284286,0.04956623138686814,False,False,-0.046996694058179855,0.04382316395640373
PLUG,2019-09-04,Chronos-2,0.00925931621435205,0.050667147631876845,False,False,-0.03033345751464367,0.02860870398581028
PLUG,2019-12-26,Chronos-2,-0.02247291089819518,0.08067048477966032,False,False,-0.037756308913230896,0.03687029331922531
PLUG,2020-04-21,Chronos-2,0.02573244606424871,0.0944113411095105,False,False,-0.06377468258142471,0.06140466406941414
PLUG,2020-08-12,Chronos-2,0.06641817995123118,0.13133527841391446,False,False,-0.0756005272269249,0.07921814173460007
PLUG,2020-12-03,Chronos-2,0.041073534564644056,0.11967815777726291,False,False,-0.05401001498103142,0.0602354072034359
PLUG,2021-03-30,Chronos-2,0.05152826176339849,0.14359577848365523,False,False,-0.0989653691649437,0.10635724663734436
PLUG,2021-07-22,Chronos-2,-0.019210064820616622,0.06805441347698608,False,False,-0.047178663313388824,0.054953012615442276
PLUG,2021-11-11,Chronos-2,-0.006930017199314488,0.08362622497388962,False,False,-0.057217344641685486,0.0666903406381607
PLUG,2022-03-08,Chronos-2,0.023566885743147727,0.1173591333721997,False,False,-0.07670413702726364,0.08100974559783936
PLUG,2022-06-30,Chronos-2,0.036152121298438616,0.11122472734617567,False,False,-0.07839784771203995,0.08042965084314346
PLUG,2022-10-21,Chronos-2,-0.047184434722597014,0.0914479577595835,False,False,-0.05296282097697258,0.048548609018325806
PLUG,2023-02-15,Chronos-2,-0.057053207112345024,0.0947989589405166,False,False,-0.052385855466127396,0.053612273186445236
PLUG,2023-06-09,Chronos-2,0.12297971661734391,0.10378408586455858,True,False,-0.056394901126623154,0.058259863406419754
PLUG,2023-10-03,Chronos-2,0.0,0.07229778078032,False,False,-0.05999789014458656,0.044571127742528915
PLUG,2024-01-26,Chronos-2,0.10859054935781051,0.18907392705970144,False,False,-0.09154286235570908,0.08566664159297943
PLUG,2024-05-20,Chronos-2,-0.03822125249212061,0.14245905123923722,False,False,-0.06988824158906937,0.06321199238300323
PLUG,2024-09-12,Chronos-2,0.01025649013484875,0.09662461168141326,False,False,-0.06656841933727264,0.05800669267773628
PLUG,2025-01-06,Chronos-2,-0.06559729659721675,0.1545443518288309,False,False,-0.09283405542373657,0.09362086653709412
PLUG,2025-05-01,Chronos-2,-0.011834516917728074,0.17557283466677526,False,False,-0.08845784515142441,0.07652213424444199
PLUG,2025-08-25,Chronos-2,-0.012048327267974208,0.0991714023977059,False,False,-0.0711725503206253,0.060427818447351456
PLUG,2025-12-16,Chronos-2,-0.05844353947557896,0.0883996522704485,False,False,-0.07889483869075775,0.07439413666725159
PLUG,2026-04-13,Chronos-2,0.05956228749981924,0.08980637466943688,False,False,-0.0742286965250969,0.06976872682571411
PLUG,2026-08-06,Chronos-2,0.051776332396145784,0.08105571959581954,False,False,-0.0633825734257698,0.058009400963783264
RKLB,2022-02-02,Chronos-2,-0.04228275882981947,0.09142644484302015,False,False,-0.06264164298772812,0.06216166540980339
RKLB,2022-03-08,Chronos-2,0.03691303649464238,0.10785585988003792,False,False,-0.08290302753448486,0.08307340741157532
RKLB,2022-04-08,Chronos-2,0.0038387421101794728,0.08719603572369572,False,False,-0.04387964680790901,0.03855813667178154
RKLB,2022-05-12,Chronos-2,0.12141591817001528,0.08589070760366267,True,False,-0.06456854939460754,0.05654466152191162
RKLB,2022-06-15,Chronos-2,-0.04487176880718317,0.11287556987040107,False,False,-0.06484866887331009,0.059178490191698074
RKLB,2022-07-20,Chronos-2,-0.002290894936133112,0.06664785878237954,False,False,-0.05023425817489624,0.051575541496276855
RKLB,2022-08-22,Chronos-2,-0.025831670748531058,0.12951042318820605,False,False,-0.07220367342233658,0.06499385833740234
RKLB,2022-09-23,Chronos-2,0.02634886198277228,0.09234872130363772,False,False,-0.06580428034067154,0.05384761467576027
RKLB,2022-10-26,Chronos-2,0.021097808800234128,0.08564151856692966,False,False,-0.06335365027189255,0.061191972345113754
RKLB,2022-11-29,Chronos-2,0.05645671269101732,0.10762679012816868,False,False,-0.06116728484630585,0.05555908381938934
RKLB,2023-01-03,Chronos-2,0.042990205060345274,0.05284368248189258,False,False,-0.047404754906892776,0.04356473684310913
RKLB,2023-02-06,Chronos-2,-0.0040733214317941755,0.08712872082946876,False,False,-0.07171058654785156,0.06608039140701294
RKLB,2023-03-10,Chronos-2,0.007643341883944361,0.0764951181429714,False,False,-0.051364000886678696,0.044705215841531754
RKLB,2023-04-13,Chronos-2,-0.022141163107117872,0.055251493741913744,False,False,-0.04591672495007515,0.047491107136011124
RKLB,2023-05-16,Chronos-2,0.05012433816192752,0.04855861034677461,True,False,-0.036949846893548965,0.033598802983760834
RKLB,2023-06-20,Chronos-2,0.015371806060441228,0.08578705520213575,False,False,-0.04035373404622078,0.042766325175762177
RKLB,2023-07-24,Chronos-2,0.030648637786853276,0.10032719102458439,False,False,-0.05261654406785965,0.05198540911078453
RKLB,2023-08-25,Chronos-2,0.023891899065197873,0.060430904164795345,False,False,-0.0425557978451252,0.040441714227199554
RKLB,2023-09-28,Chronos-2,0.009174367245604971,0.06855681627677682,False,False,-0.04902151972055435,0.04390300065279007
RKLB,2023-10-31,Chronos-2,0.0023612176950147377,0.06841385694251378,False,False,-0.047501515597105026,0.04372617229819298
RKLB,2023-12-04,Chronos-2,-0.028794928151645877,0.05209398889366413,False,False,-0.04166119918227196,0.040279507637023926
RKLB,2024-01-08,Chronos-2,-0.018182388447055147,0.13754290568208488,False,False,-0.04949019104242325,0.046571388840675354
RKLB,2024-02-09,Chronos-2,0.0839343718757284,0.09184656418043356,False,False,-0.04695458337664604,0.043706439435482025
RKLB,2024-03-14,Chronos-2,-0.012062918522107302,0.051054071424843535,False,False,-0.04993142560124397,0.04583986848592758
RKLB,2024-04-17,Chronos-2,-0.005617987036759381,0.04525771212784048,False,False,-0.04197782278060913,0.03773258253931999
RKLB,2024-05-20,Chronos-2,0.013544211986473934,0.06354993046845174,False,False,-0.04282955825328827,0.040526192635297775
RKLB,2024-06-24,Chronos-2,-0.0188093644489565,0.07968221561553063,False,False,-0.0432046502828598,0.0422092042863369
RKLB,2024-07-26,Chronos-2,-0.014925635610135437,0.060915289938231004,False,False,-0.04081856459379196,0.042727358639240265
RKLB,2024-08-28,Chronos-2,0.022728229083628256,0.13122094548871951,False,False,-0.05109734088182449,0.05005951225757599
RKLB,2024-10-01,Chronos-2,0.05069728731229883,0.10702808508307485,False,False,-0.05121380835771561,0.05219228193163872
RKLB,2024-11-01,Chronos-2,-0.014998082258165563,0.07884596489911076,False,False,-0.047578223049640656,0.04906938225030899
RKLB,2024-12-05,Chronos-2,0.03127827913051707,0.1630692630563698,False,False,-0.05367327854037285,0.0633234977722168
RKLB,2025-01-10,Chronos-2,-0.11820118398003714,0.12023302012137906,False,False,-0.057557087391614914,0.06303110718727112
RKLB,2025-02-14,Chronos-2,-0.010043150610175989,0.16126461969425637,False,False,-0.06098479777574539,0.0642867162823677
RKLB,2025-03-20,Chronos-2,0.02188503860212124,0.11724571104761372,False,False,-0.07030145078897476,0.06984665989875793
RKLB,2025-04-23,Chronos-2,0.07544474023777228,0.13905328398207098,False,False,-0.07278884202241898,0.07477645576000214
RKLB,2025-05-27,Chronos-2,0.005893588725623785,0.1008765449762346,False,False,-0.06449868530035019,0.06952837109565735
RKLB,2025-06-30,Chronos-2,-0.04108990526187762,0.10228826245649657,False,False,-0.059908170253038406,0.0648433119058609
RKLB,2025-08-01,Chronos-2,-0.006043677060634698,0.09793970496002338,False,False,-0.054402150213718414,0.058845408260822296
RKLB,2025-09-04,Chronos-2,0.0641895061838094,0.08924011388383325,False,False,-0.05380461737513542,0.057356856763362885
RKLB,2025-10-07,Chronos-2,0.059945390600180976,0.1104687661387328,False,False,-0.06173461675643921,0.06926269829273224
RKLB,2025-11-07,Chronos-2,0.0050222654131213944,0.0959406105650685,False,False,-0.06823229789733887,0.07184124737977982
RKLB,2025-12-11,Chronos-2,-0.03263762880188879,0.11244847514349417,False,False,-0.06822529435157776,0.07475906610488892
RKLB,2026-01-15,Chronos-2,0.0592496670454145,0.1237317535275086,False,False,-0.07313250750303268,0.08160853385925293
RKLB,2026-02-19,Chronos-2,-0.07762986190868812,0.12811432559832978,False,False,-0.08030387759208679,0.08849683403968811
RKLB,2026-03-24,Chronos-2,0.09809943384252276,0.09620362188706663,True,False,-0.07127010822296143,0.07753566652536392
RKLB,2026-04-27,Chronos-2,-0.046005186462810724,0.10260376756159975,False,False,-0.06929562985897064,0.07751938700675964
RKLB,2026-05-29,Chronos-2,-0.15898296047937707,0.18275712365966865,False,False,-0.05285781994462013,0.06270688027143478
RKLB,2026-07-02,Chronos-2,-0.0761929014195986,0.13755934146665946,False,False,-0.06608085334300995,0.07522043585777283
RKLB,2026-08-06,Chronos-2,0.0904085802078148,0.11419302119226235,False,False,-0.07468089461326599,0.08119918406009674
IONQ,2022-03-11,Chronos-2,-0.07754516048777285,0.1293993848544868,False,False,-0.07954967021942139,0.07943645864725113
IONQ,2022-04-12,Chronos-2,0.03399255010812331,0.0928169758111837,False,False,-0.07640201598405838,0.07063040882349014
IONQ,2022-05-16,Chronos-2,0.16118056496414795,0.14660302858369983,True,False,-0.10194169729948044,0.09407877922058105
IONQ,2022-06-16,Chronos-2,0.05715835818668655,0.1195457349864154,False,True,-0.13463200628757477,0.1335381269454956
IONQ,2022-07-21,Chronos-2,-0.07498582694721129,0.0878001324928163,False,False,-0.0693470910191536,0.07001253217458725
IONQ,2022-08-22,Chronos-2,0.0015563819669177138,0.18432341375518824,False,False,-0.10602779686450958,0.0969139114022255
IONQ,2022-09-23,Chronos-2,0.0041841025573310054,0.08219957744901515,False,False,-0.061959367245435715,0.05614597350358963
IONQ,2022-10-25,Chronos-2,0.023788882243405772,0.09759116225919809,False,False,-0.06331092864274979,0.05959140136837959
IONQ,2022-11-28,Chronos-2,-0.02251889091428668,0.12566210323411275,False,False,-0.06399844586849213,0.06049743667244911
IONQ,2022-12-29,Chronos-2,-0.02575247150506701,0.0992077101334063,False,False,-0.07359898835420609,0.06816411763429642
IONQ,2023-02-02,Chronos-2,0.0018198784076674348,0.09442935934788367,False,False,-0.0712873786687851,0.08430145680904388
IONQ,2023-03-07,Chronos-2,0.024001129208062993,0.10185703531601473,False,False,-0.05741419270634651,0.055613208562135696
IONQ,2023-04-10,Chronos-2,-0.010271505454393025,0.1355637815232327,False,False,-0.061758432537317276,0.0651964321732521
IONQ,2023-05-10,Chronos-2,0.010021583187863769,0.0792591599862848,False,False,-0.05266108363866806,0.06125292181968689
IONQ,2023-06-13,Chronos-2,-0.06711322466617804,0.16593193849174143,False,False,-0.0675959512591362,0.07102525234222412
IONQ,2023-07-17,Chronos-2,0.052936267346308664,0.13592389224386056,False,False,-0.06740383058786392,0.07649445533752441
IONQ,2023-08-17,Chronos-2,0.03102782711145243,0.14233794764111532,False,False,-0.07674147188663483,0.07594721019268036
IONQ,2023-09-20,Chronos-2,-0.0897177712109174,0.119838157710751,False,False,-0.07284688204526901,0.0688677504658699
IONQ,2023-10-20,Chronos-2,0.003963555704296674,0.09962886886035506,False,False,-0.08000916987657547,0.06254234164953232
IONQ,2023-11-22,Chronos-2,-0.004842658395539763,0.09977395149951383,False,False,-0.06873159855604172,0.0662570670247078
IONQ,2023-12-26,Chronos-2,-0.0231959830511088,0.0908528580127625,False,False,-0.06315916031599045,0.06712266057729721
IONQ,2024-01-30,Chronos-2,-0.04008161727038914,0.06837975221259236,False,False,-0.06113075464963913,0.05905228108167648
IONQ,2024-03-01,Chronos-2,-0.05495355493543494,0.08444101990386589,False,False,-0.06289154291152954,0.0588802807033062
IONQ,2024-04-04,Chronos-2,0.009820062871229898,0.08690571818374129,False,False,-0.05860292539000511,0.056975360959768295
IONQ,2024-05-06,Chronos-2,-0.07261699966729143,0.0816615213986192,False,False,-0.06260161846876144,0.06157342344522476
IONQ,2024-06-07,Chronos-2,0.04478361812566412,0.056772455714597894,False,False,-0.05656056106090546,0.054154787212610245
IONQ,2024-07-11,Chronos-2,0.05222793984072294,0.07104688827084044,False,False,-0.04948598891496658,0.05329339578747749
IONQ,2024-08-13,Chronos-2,0.004112374905568538,0.12395989010166633,False,False,-0.05454578250646591,0.06507931649684906
IONQ,2024-09-13,Chronos-2,0.007702212818593349,0.07627622571415915,False,False,-0.04825170710682869,0.07241617143154144
IONQ,2024-10-16,Chronos-2,0.01612936642298423,0.1557566950083895,False,False,-0.056960757821798325,0.07947354763746262
IONQ,2024-11-15,Chronos-2,-0.1440780353122285,0.19968685982441037,False,False,-0.0665518194437027,0.10134462267160416
IONQ,2024-12-19,Chronos-2,0.1624394804185008,0.19155965464227773,False,False,-0.1100374311208725,0.12293288111686707
IONQ,2025-01-24,Chronos-2,-0.05600448043378899,0.27846550802267395,False,False,-0.1399032324552536,0.1489996463060379
IONQ,2025-02-27,Chronos-2,-0.013743149036100365,0.09888289765338892,False,False,-0.09093061089515686,0.09377958625555038
IONQ,2025-04-01,Chronos-2,0.07715262277711707,0.17007134262285659,False,False,-0.08100257813930511,0.07566426694393158
IONQ,2025-05-02,Chronos-2,-0.03622392708402123,0.15541888220499572,False,False,-0.08682601898908615,0.07846258580684662
IONQ,2025-06-05,Chronos-2,0.0623881086771647,0.1897228788849197,False,False,-0.07264695316553116,0.062293440103530884
IONQ,2025-07-09,Chronos-2,0.00808833626061652,0.08855001340201858,False,False,-0.06529269367456436,0.05382433906197548
IONQ,2025-08-11,Chronos-2,-0.044128120505297484,0.07718927162090053,False,False,-0.06031347066164017,0.05619826912879944
IONQ,2025-09-11,Chronos-2,0.16715220235915992,0.08178086139635264,True,False,-0.06477124989032745,0.058301426470279694
IONQ,2025-10-14,Chronos-2,-0.06857846699931491,0.12714067524078612,False,False,-0.07019545137882233,0.0732627809047699
IONQ,2025-11-13,Chronos-2,0.0384579417908891,0.1123456057884368,False,False,-0.08534044027328491,0.08867137134075165
IONQ,2025-12-17,Chronos-2,0.012785961835722115,0.13320499004108904,False,False,-0.08717858791351318,0.09277378022670746
IONQ,2026-01-21,Chronos-2,0.020479928620632713,0.09500963405816845,False,False,-0.07021253556013107,0.07586267590522766
IONQ,2026-02-24,Chronos-2,0.06043854984431327,0.1273291981669404,False,False,-0.0790405347943306,0.08342710137367249
IONQ,2026-03-26,Chronos-2,-0.08130019719266161,0.05416780516283042,True,True,-0.07009035348892212,0.07498759776353836
IONQ,2026-04-29,Chronos-2,0.06904032684898123,0.14386662360966862,False,False,-0.07891131192445755,0.08267845213413239
IONQ,2026-06-01,Chronos-2,0.03014164408206085,0.13463026617980256,False,False,-0.07213321328163147,0.07906979322433472
IONQ,2026-07-06,Chronos-2,-0.07453301655058833,0.12186652814673359,False,False,-0.07504449039697647,0.0779915452003479
IONQ,2026-08-06,Chronos-2,0.11206005390682601,0.11364073570962493,False,False,-0.0699649229645729,0.07256360352039337
AAPL,2011-03-11,Chronos-LoRA-V1,0.0044502413825216495,0.02885882011001267,False,False,-0.014631884172558784,0.017825977876782417
AAPL,2011-07-05,Chronos-LoRA-V1,0.006645443727850954,0.032177449317118245,False,False,-0.017869193106889725,0.020793180912733078
AAPL,2011-10-25,Chronos-LoRA-V1,0.007089639963324946,0.049160836161456604,False,False,-0.024895422160625458,0.026895796880126
AAPL,2012-02-17,Chronos-LoRA-V1,0.025036972759730772,0.035584133733980505,False,False,-0.01313068624585867,0.01787523739039898
AAPL,2012-06-12,Chronos-LoRA-V1,-0.006967055531725894,0.03929342052266589,False,False,-0.0185380931943655,0.021187378093600273
AAPL,2012-10-03,Chronos-LoRA-V1,-0.006949313461034188,0.02930300755163749,False,False,-0.017723821103572845,0.020867975428700447
AAPL,2013-01-30,Chronos-LoRA-V1,-0.0029372222698239234,0.06900682738796965,False,False,-0.024302367120981216,0.025562377646565437
AAPL,2013-05-23,Chronos-LoRA-V1,0.006784685215479068,0.03436672094761819,False,False,-0.01748855598270893,0.02140415459871292
AAPL,2013-09-16,Chronos-LoRA-V1,0.011486485063267946,0.036533530044340075,False,False,-0.023883497342467308,0.022491028532385826
AAPL,2014-01-08,Chronos-LoRA-V1,-0.012852087608966464,0.025244626316059476,False,False,-0.016067543998360634,0.018415110185742378
AAPL,2014-05-02,Chronos-LoRA-V1,0.014042189814749726,0.04384350883042597,False,False,-0.015564845874905586,0.01632864959537983
AAPL,2014-08-25,Chronos-LoRA-V1,-0.006421884446149109,0.018046368175844228,False,False,-0.0093638701364398,0.012053889222443104
AAPL,2014-12-16,Chronos-LoRA-V1,0.024612692981759606,0.028236830508079586,False,False,-0.014563608914613724,0.016601810231804848
AAPL,2015-04-13,Chronos-LoRA-V1,-0.004345546377145041,0.025301045108785017,False,False,-0.01580597274005413,0.01867683231830597
AAPL,2015-08-04,Chronos-LoRA-V1,0.006607322554794695,0.03630499270474385,False,False,-0.01651848666369915,0.01803319901227951
AAPL,2015-11-24,Chronos-LoRA-V1,-0.00717587330635183,0.03492737916885329,False,False,-0.018649809062480927,0.020757580175995827
AAPL,2016-03-21,Chronos-LoRA-V1,0.00761875631624091,0.025676942299089334,False,False,-0.019815506413578987,0.021327311173081398
AAPL,2016-07-13,Chronos-LoRA-V1,0.01962658372589728,0.02276684138375036,False,False,-0.013863202184438705,0.014361576177179813
AAPL,2016-11-02,Chronos-LoRA-V1,-0.01077664088712817,0.01825842281181891,False,False,-0.015111435204744339,0.015384682454168797
AAPL,2017-02-28,Chronos-LoRA-V1,0.020232968695445108,0.027389205272767014,False,False,-0.006482863333076239,0.009366323240101337
AAPL,2017-06-21,Chronos-LoRA-V1,-0.00164641020601484,0.02793663806100878,False,False,-0.01410056184977293,0.015508770942687988
AAPL,2017-10-12,Chronos-LoRA-V1,0.006326314905951087,0.01821537406870928,False,False,-0.011128943413496017,0.01340965460985899
AAPL,2018-02-06,Chronos-LoRA-V1,-0.021639620925453212,0.03441424703035487,False,False,-0.017521744593977928,0.019537420943379402
AAPL,2018-05-31,Chronos-LoRA-V1,0.01787337241776974,0.02081419383406024,False,False,-0.009628836065530777,0.011925892904400826
AAPL,2018-09-21,Chronos-LoRA-V1,0.014277957583209747,0.0273090721707684,False,False,-0.016599027439951897,0.019233865663409233
AAPL,2019-01-17,Chronos-LoRA-V1,0.006140199346842176,0.06819397608010681,False,False,-0.020591607317328453,0.022770453244447708
AAPL,2019-05-13,Chronos-LoRA-V1,0.015706111059241534,0.04147145332141114,False,False,-0.023494819179177284,0.023977026343345642
AAPL,2019-09-04,Chronos-LoRA-V1,0.019362791548437282,0.04006074807744136,False,False,-0.017653917893767357,0.0193686094135046
AAPL,2019-12-26,Chronos-LoRA-V1,-0.0003796856312069616,0.022124974430602365,False,False,-0.01436194870620966,0.01776466704905033
AAPL,2020-04-21,Chronos-LoRA-V1,0.02839660991249939,0.07929357388154565,False,False,-0.045223768800497055,0.04530511051416397
AAPL,2020-08-12,Chronos-LoRA-V1,0.0175426559658522,0.06254374021310118,False,False,-0.02115454152226448,0.026840003207325935
AAPL,2020-12-03,Chronos-LoRA-V1,-0.005628064229194861,0.03325324391036956,False,False,-0.018425554037094116,0.024869665503501892
AAPL,2021-03-30,Chronos-LoRA-V1,0.018591975034542484,0.041323913460440474,False,False,-0.023322610184550285,0.02793802320957184
AAPL,2021-07-22,Chronos-LoRA-V1,0.011917983742510418,0.026934522770551778,False,False,-0.019571438431739807,0.02488284558057785
AAPL,2021-11-11,Chronos-LoRA-V1,0.014235196079960127,0.020571554189529776,False,False,-0.01081202644854784,0.014971790835261345
AAPL,2022-03-08,Chronos-LoRA-V1,0.03439875595462113,0.03289848603709963,True,False,-0.02198721654713154,0.023788241669535637
AAPL,2022-06-30,Chronos-LoRA-V1,0.016035169836734538,0.049775836015079226,False,False,-0.029777532443404198,0.031116731464862823
AAPL,2022-10-21,Chronos-LoRA-V1,0.014694080989188452,0.04699504326924561,False,False,-0.022646525874733925,0.02427639625966549
AAPL,2023-02-15,Chronos-LoRA-V1,-0.010484095724303154,0.031007762469612756,False,False,-0.023851782083511353,0.025726471096277237
AAPL,2023-06-09,Chronos-LoRA-V1,0.015517778735450129,0.01723665275684881,False,False,-0.010579461231827736,0.014251352287828922
AAPL,2023-10-03,Chronos-LoRA-V1,0.007281968363713714,0.02932136906241544,False,False,-0.019591599702835083,0.01903868280351162
AAPL,2024-01-26,Chronos-LoRA-V1,-0.0035923363983041017,0.028846921644196735,False,False,-0.013020597398281097,0.013976812362670898
AAPL,2024-05-20,Chronos-LoRA-V1,0.006833838608701723,0.032487030129917764,False,False,-0.014646492898464203,0.015498046763241291
AAPL,2024-09-12,Chronos-LoRA-V1,-0.001212683334389152,0.01916237887056088,False,False,-0.015624992549419403,0.016981812193989754
AAPL,2025-01-06,Chronos-LoRA-V1,-0.011453086901282222,0.02392768102009191,False,False,-0.014437375590205193,0.01665964536368847
AAPL,2025-05-01,Chronos-LoRA-V1,-0.03807747848377128,0.10196754422079546,False,False,-0.017746485769748688,0.018083857372403145
AAPL,2025-08-25,Chronos-LoRA-V1,0.009420196768850203,0.039045681744688525,False,False,-0.016756335273385048,0.017737841233611107
AAPL,2025-12-16,Chronos-LoRA-V1,-0.010138255944275731,0.018531925152240517,False,False,-0.015269596129655838,0.017366087064146996
AAPL,2026-04-13,Chronos-LoRA-V1,-0.0014285405616683605,0.02479581757465648,False,False,-0.014764108695089817,0.01657933183014393
AAPL,2026-08-06,Chronos-LoRA-V1,0.0029404636305595897,0.04714774899941368,False,False,-0.035867128521203995,0.034580666571855545
MSFT,2011-03-11,Chronos-LoRA-V1,0.0003893248311432288,0.01699216002400379,False,False,-0.014482235535979271,0.013859923928976059
MSFT,2011-07-05,Chronos-LoRA-V1,0.01145968845659617,0.02636190169441356,False,False,-0.014802886173129082,0.01433861069381237
MSFT,2011-10-25,Chronos-LoRA-V1,-0.00823965332939845,0.02833153164098282,False,False,-0.015649912878870964,0.015367507003247738
MSFT,2012-02-17,Chronos-LoRA-V1,0.006061769091307979,0.02322671477928609,False,False,-0.014620526693761349,0.015979401767253876
MSFT,2012-06-12,Chronos-LoRA-V1,-0.005477940175513536,0.029285797289682832,False,False,-0.015302129089832306,0.01552983932197094
MSFT,2012-10-03,Chronos-LoRA-V1,0.005677222539120568,0.021938772765380168,False,False,-0.015203478746116161,0.015412787906825542
MSFT,2013-01-30,Chronos-LoRA-V1,-0.014467343556985295,0.0234509760308416,False,False,-0.015464709140360355,0.01527312584221363
MSFT,2013-05-23,Chronos-LoRA-V1,0.0035073643940008647,0.025316433219765986,False,False,-0.014337890781462193,0.015384075231850147
MSFT,2013-09-16,Chronos-LoRA-V1,0.0039558062642522825,0.04809534324354191,False,False,-0.01407847460359335,0.015954509377479553
MSFT,2014-01-08,Chronos-LoRA-V1,-0.006452864890475546,0.02092676123131707,False,False,-0.017376530915498734,0.017629675567150116
MSFT,2014-05-02,Chronos-LoRA-V1,-0.006572302765448421,0.026102328692710123,False,False,-0.014259904623031616,0.01478907372802496
MSFT,2014-08-25,Chronos-LoRA-V1,-0.0035488253505163428,0.015756447062779528,False,False,-0.011571444571018219,0.013431033119559288
MSFT,2014-12-16,Chronos-LoRA-V1,0.012761093928868573,0.02303657524480972,False,False,-0.01768171787261963,0.018921315670013428
MSFT,2015-04-13,Chronos-LoRA-V1,-0.0026373952729416453,0.025126819354865826,False,False,-0.013473971746861935,0.015261330641806126
MSFT,2015-08-04,Chronos-LoRA-V1,0.0008411265387977357,0.026252744466876244,False,False,-0.013103713281452656,0.015090401284396648
MSFT,2015-11-24,Chronos-LoRA-V1,-0.010376239576350772,0.020567005281044826,False,False,-0.013673502951860428,0.015263555571436882
MSFT,2016-03-21,Chronos-LoRA-V1,0.0038911259559960055,0.03264835685764351,False,False,-0.01953960582613945,0.020742831751704216
MSFT,2016-07-13,Chronos-LoRA-V1,0.004288914264517961,0.03186292848229578,False,False,-0.016302086412906647,0.017489314079284668
MSFT,2016-11-02,Chronos-LoRA-V1,-0.003708589503374955,0.024367081089664705,False,False,-0.011905346065759659,0.012806867249310017
MSFT,2017-02-28,Chronos-LoRA-V1,0.014893375152559623,0.012906359568683962,True,True,-0.012022636830806732,0.013517998158931732
MSFT,2017-06-21,Chronos-LoRA-V1,-0.0001423064077827881,0.02095464301137146,False,False,-0.010488414205610752,0.012072007171809673
MSFT,2017-10-12,Chronos-LoRA-V1,0.004786580518383869,0.014467120913778343,False,False,-0.008264156989753246,0.010423763655126095
MSFT,2018-02-06,Chronos-LoRA-V1,-0.01901256212319852,0.036186355482616936,False,False,-0.018443426117300987,0.020298313349485397
MSFT,2018-05-31,Chronos-LoRA-V1,0.019536805881802878,0.01432559665557468,True,False,-0.010919325053691864,0.012878921814262867
MSFT,2018-09-21,Chronos-LoRA-V1,0.0035822224216122854,0.022692453813010202,False,False,-0.016156043857336044,0.018009904772043228
MSFT,2019-01-17,Chronos-LoRA-V1,0.014872077089352008,0.05222364168256083,False,False,-0.0166143961250782,0.018751434981822968
MSFT,2019-05-13,Chronos-LoRA-V1,0.01112565587120525,0.0296197974668137,False,False,-0.015362530946731567,0.01847287453711033
MSFT,2019-09-04,Chronos-LoRA-V1,0.017430312022127442,0.032747935758096924,False,False,-0.02148417755961418,0.023517901077866554
MSFT,2019-12-26,Chronos-LoRA-V1,0.0018255614250268955,0.012913019714996858,False,False,-0.00869711022824049,0.012107850052416325
MSFT,2020-04-21,Chronos-LoRA-V1,0.03340075741545557,0.07915426421554306,False,False,-0.03980525583028793,0.04202540963888168
MSFT,2020-08-12,Chronos-LoRA-V1,-0.002345154083999388,0.0474107502875576,False,False,-0.02062256820499897,0.02474948577582836
MSFT,2020-12-03,Chronos-LoRA-V1,0.000559921216435259,0.030712302842185724,False,False,-0.014528165571391582,0.018201511353254318
MSFT,2021-03-30,Chronos-LoRA-V1,0.01676600861552437,0.03290125159977762,False,False,-0.019188284873962402,0.022202778607606888
MSFT,2021-07-22,Chronos-LoRA-V1,0.012260860771018369,0.01805819605153792,False,False,-0.010539066977798939,0.015034476295113564
MSFT,2021-11-11,Chronos-LoRA-V1,0.01282237424869702,0.023804444959101938,False,False,-0.01016524899750948,0.014650465920567513
MSFT,2022-03-08,Chronos-LoRA-V1,0.044837786210020054,0.043598762317416176,True,False,-0.028009124100208282,0.029559854418039322
MSFT,2022-06-30,Chronos-LoRA-V1,0.010650488199254016,0.0465691435232946,False,False,-0.02937273122370243,0.029400449246168137
MSFT,2022-10-21,Chronos-LoRA-V1,0.020966481408816462,0.048004484864539995,False,False,-0.02186080440878868,0.023205960169434547
MSFT,2023-02-15,Chronos-LoRA-V1,-0.026983409230140285,0.04286169418295984,False,False,-0.025130335241556168,0.026295341551303864
MSFT,2023-06-09,Chronos-LoRA-V1,0.015364992951105693,0.028916426723550714,False,False,-0.016316264867782593,0.01960420235991478
MSFT,2023-10-03,Chronos-LoRA-V1,0.01761730727036663,0.026949648333060884,False,False,-0.017354825511574745,0.01825725845992565
MSFT,2024-01-26,Chronos-LoRA-V1,0.014232405242177879,0.016402696840657597,False,False,-0.011412199586629868,0.013736526481807232
MSFT,2024-05-20,Chronos-LoRA-V1,0.008661348971833563,0.028625633222993982,False,False,-0.013213902711868286,0.015209326520562172
MSFT,2024-09-12,Chronos-LoRA-V1,0.008372369035759542,0.02350628156823535,False,False,-0.01507329847663641,0.017239119857549667
MSFT,2025-01-06,Chronos-LoRA-V1,-0.012890818317096082,0.023785328350633475,False,False,-0.013894897885620594,0.015732016414403915
MSFT,2025-05-01,Chronos-LoRA-V1,0.022959569991071918,0.06886670186951155,False,False,-0.02433994971215725,0.027700025588274002
MSFT,2025-08-25,Chronos-LoRA-V1,-0.004412251907813678,0.02727238110017713,False,False,-0.013717913068830967,0.016042083501815796
MSFT,2025-12-16,Chronos-LoRA-V1,-0.0005670144578096566,0.028540408020713767,False,False,-0.01464957557618618,0.01608794927597046
MSFT,2026-04-13,Chronos-LoRA-V1,0.02248380906043869,0.032298569969164026,False,False,-0.01793072186410427,0.018278125673532486
MSFT,2026-08-06,Chronos-LoRA-V1,0.00026004905973253683,0.07701573395003532,False,False,-0.02736642211675644,0.029136307537555695
NVDA,2011-03-11,Chronos-LoRA-V1,0.00827598558737279,0.08392890430901953,False,False,-0.04376821219921112,0.03785920515656471
NVDA,2011-07-05,Chronos-LoRA-V1,-0.013312519933267774,0.036946031477589,False,False,-0.03325347974896431,0.032126106321811676
NVDA,2011-10-25,Chronos-LoRA-V1,0.011696028239942665,0.08392580167127314,False,False,-0.04220489040017128,0.04070395231246948
NVDA,2012-02-17,Chronos-LoRA-V1,0.005034642417659065,0.03806956471099442,False,False,-0.03005152754485607,0.033298127353191376
NVDA,2012-06-12,Chronos-LoRA-V1,-0.026732885599628345,0.04941210736675583,False,False,-0.03508521988987923,0.03589823096990585
NVDA,2012-10-03,Chronos-LoRA-V1,0.0435177862960771,0.02952085485556574,True,False,-0.01976577565073967,0.0181489959359169
NVDA,2013-01-30,Chronos-LoRA-V1,-0.004881825497204813,0.03566967180308187,False,False,-0.02345770224928856,0.02088037133216858
NVDA,2013-05-23,Chronos-LoRA-V1,-0.006170403794204494,0.03428714029033653,False,False,-0.020781127735972404,0.02021167241036892
NVDA,2013-09-16,Chronos-LoRA-V1,0.0031573573969845585,0.018118175482849132,False,False,-0.011532864533364773,0.013161961920559406
NVDA,2014-01-08,Chronos-LoRA-V1,-0.0379990975096173,0.023508970474077247,True,False,-0.014548245817422867,0.015668220818042755
NVDA,2014-05-02,Chronos-LoRA-V1,0.01079342559350671,0.031056518154309414,False,False,-0.019162248820066452,0.020254718139767647
NVDA,2014-08-25,Chronos-LoRA-V1,0.017635378202866755,0.045192048942629265,False,False,-0.014590663835406303,0.015298486687242985
NVDA,2014-12-16,Chronos-LoRA-V1,0.040015391645696306,0.029405132124624523,True,False,-0.016645539551973343,0.017774851992726326
NVDA,2015-04-13,Chronos-LoRA-V1,-0.008461429552937943,0.04251867350884823,False,False,-0.019790168851614,0.021176468580961227
NVDA,2015-08-04,Chronos-LoRA-V1,0.010256727479017291,0.02547023149292882,False,False,-0.018923243507742882,0.02013869397342205
NVDA,2015-11-24,Chronos-LoRA-V1,-0.0012842160047085726,0.07013750947108263,False,False,-0.022574525326490402,0.0236872099339962
NVDA,2016-03-21,Chronos-LoRA-V1,-0.0017708263013237458,0.030774977874197192,False,False,-0.02557002194225788,0.027468733489513397
NVDA,2016-07-13,Chronos-LoRA-V1,0.010179186870717278,0.041013039802495016,False,False,-0.01915881223976612,0.02188565768301487
NVDA,2016-11-02,Chronos-LoRA-V1,-0.011703072171413564,0.03352781756263682,False,False,-0.01899723894894123,0.0228122565895319
NVDA,2017-02-28,Chronos-LoRA-V1,0.012826612056207068,0.06121472688215743,False,False,-0.029121391475200653,0.03261509910225868
NVDA,2017-06-21,Chronos-LoRA-V1,-0.006921918044237774,0.05102460841742252,False,False,-0.02240379899740219,0.028172709047794342
NVDA,2017-10-12,Chronos-LoRA-V1,0.018464118678240462,0.045228907734187626,False,False,-0.020846623927354813,0.02744932472705841
NVDA,2018-02-06,Chronos-LoRA-V1,0.014173319436734728,0.056836444205440616,False,False,-0.028553850948810577,0.03458460792899132
NVDA,2018-05-31,Chronos-LoRA-V1,0.02130278613553754,0.03633053753226069,False,False,-0.021498478949069977,0.028143223375082016
NVDA,2018-09-21,Chronos-LoRA-V1,0.008504472807048727,0.02734895076821342,False,True,-0.02303091064095497,0.028282534331083298
NVDA,2019-01-17,Chronos-LoRA-V1,0.03376332568652156,0.0682941372894323,False,False,-0.040892090648412704,0.04218704625964165
NVDA,2019-05-13,Chronos-LoRA-V1,0.022403874688212623,0.04362070354214918,False,False,-0.0284658782184124,0.03234916925430298
NVDA,2019-09-04,Chronos-LoRA-V1,0.06303354828704191,0.06600401761533907,False,False,-0.028444701805710793,0.03237076476216316
NVDA,2019-12-26,Chronos-LoRA-V1,-0.009746877770510405,0.027830927615931405,False,False,-0.015968309715390205,0.018856851384043694
NVDA,2020-04-21,Chronos-LoRA-V1,0.059910765647263005,0.11651275839819637,False,False,-0.06379451602697372,0.060619886964559555
NVDA,2020-08-12,Chronos-LoRA-V1,0.00024032638280527854,0.043800628386052004,False,False,-0.025772422552108765,0.03148864209651947
NVDA,2020-12-03,Chronos-LoRA-V1,0.012039512836406502,0.05490950086781845,False,False,-0.025203924626111984,0.030901391059160233
NVDA,2021-03-30,Chronos-LoRA-V1,0.036350293352078365,0.06805918438433195,False,False,-0.02743137814104557,0.031317275017499924
NVDA,2021-07-22,Chronos-LoRA-V1,-0.0018387614159525105,0.04996830387511289,False,False,-0.029937436804175377,0.036536771804094315
NVDA,2021-11-11,Chronos-LoRA-V1,0.0,0.06493782059249706,False,False,-0.026914969086647034,0.03542407602071762
NVDA,2022-03-08,Chronos-LoRA-V1,0.06739893026302975,0.09208585002719777,False,False,-0.04597555473446846,0.049143631011247635
NVDA,2022-06-30,Chronos-LoRA-V1,-0.04286075320440339,0.08119550039153942,False,False,-0.05307607352733612,0.0535648912191391
NVDA,2022-10-21,Chronos-LoRA-V1,0.010612367350244277,0.07120565303442254,False,False,-0.04050495848059654,0.04108387976884842
NVDA,2023-02-15,Chronos-LoRA-V1,-0.03404700541518224,0.07713114567091621,False,False,-0.04196382313966751,0.046787191182374954
NVDA,2023-06-09,Chronos-LoRA-V1,0.018198253263206197,0.11942160737020799,False,False,-0.02703768201172352,0.035145748406648636
NVDA,2023-10-03,Chronos-LoRA-V1,0.011969293744044434,0.03838967632730832,False,False,-0.02856529876589775,0.03333849087357521
NVDA,2024-01-26,Chronos-LoRA-V1,0.02322443767939612,0.04105561806031558,False,False,-0.01937764883041382,0.026921572163701057
NVDA,2024-05-20,Chronos-LoRA-V1,0.006373286765853213,0.055621393595403495,False,False,-0.03215736523270607,0.03990964591503143
NVDA,2024-09-12,Chronos-LoRA-V1,-0.00033587920159958205,0.08302911561318294,False,False,-0.04737235978245735,0.05533982813358307
NVDA,2025-01-06,Chronos-LoRA-V1,-0.06418618211945995,0.04910341235803364,True,False,-0.027447525411844254,0.0368737056851387
NVDA,2025-05-01,Chronos-LoRA-V1,0.02556424074860387,0.11810725405509022,False,False,-0.043566394597291946,0.047703057527542114
NVDA,2025-08-25,Chronos-LoRA-V1,0.010841438539146327,0.03117924306542168,False,False,-0.01856374740600586,0.026635276153683662
NVDA,2025-12-16,Chronos-LoRA-V1,-0.038896680515676234,0.0380944494402619,True,False,-0.026064669713377953,0.03189980983734131
NVDA,2026-04-13,Chronos-LoRA-V1,0.037327446488877807,0.04370416458926145,False,False,-0.02200239524245262,0.02701430581510067
NVDA,2026-08-06,Chronos-LoRA-V1,0.02244140270108172,0.055272168220090054,False,False,-0.02951754815876484,0.03414369001984596
AMZN,2011-03-11,Chronos-LoRA-V1,-0.008004754372241726,0.028712906747746122,False,False,-0.0225893072783947,0.023739516735076904
AMZN,2011-07-05,Chronos-LoRA-V1,0.00467970246301004,0.03374324904405169,False,False,-0.02116979844868183,0.02352391742169857
AMZN,2011-10-25,Chronos-LoRA-V1,-0.1353253963812126,0.05123217451536922,True,False,-0.028461657464504242,0.029874129220843315
AMZN,2012-02-17,Chronos-LoRA-V1,-0.001315943163754481,0.05232318132336524,False,False,-0.02670680545270443,0.028827998787164688
AMZN,2012-06-12,Chronos-LoRA-V1,-0.007839568227068319,0.032369705324580424,False,False,-0.021031536161899567,0.02297966368496418
AMZN,2012-10-03,Chronos-LoRA-V1,0.01762286671643012,0.028789376142595427,False,False,-0.020664777606725693,0.02219444327056408
AMZN,2013-01-30,Chronos-LoRA-V1,-0.026977441581677992,0.04711788111365021,False,False,-0.0311166699975729,0.031751956790685654
AMZN,2013-05-23,Chronos-LoRA-V1,-0.0002292286669446575,0.043179888722985345,False,False,-0.01748405583202839,0.019390972331166267
AMZN,2013-09-16,Chronos-LoRA-V1,0.027024582719098463,0.022445539237543846,True,False,-0.013403820805251598,0.015033526346087456
AMZN,2014-01-08,Chronos-LoRA-V1,-0.00226668921924171,0.021977510751698792,False,True,-0.023413527756929398,0.02553088776767254
AMZN,2014-05-02,Chronos-LoRA-V1,0.006601278428657596,0.061550639534693835,False,False,-0.018982168287038803,0.021806757897138596
AMZN,2014-08-25,Chronos-LoRA-V1,0.02311261395955904,0.025861446816036807,False,False,-0.015106124803423882,0.01812603510916233
AMZN,2014-12-16,Chronos-LoRA-V1,0.012863428305265249,0.03309981541293613,False,False,-0.020396016538143158,0.021937282755970955
AMZN,2015-04-13,Chronos-LoRA-V1,0.007166474179881528,0.01746235762132719,False,True,-0.021672511473298073,0.02195253036916256
AMZN,2015-08-04,Chronos-LoRA-V1,0.009561244357738523,0.0492773391890814,False,False,-0.013190053403377533,0.016402386128902435
AMZN,2015-11-24,Chronos-LoRA-V1,0.006223590044783705,0.030994100477834442,False,False,-0.01864742487668991,0.021171461790800095
AMZN,2016-03-21,Chronos-LoRA-V1,0.011665001910245174,0.03015774279783713,False,False,-0.023603318259119987,0.024092959240078926
AMZN,2016-07-13,Chronos-LoRA-V1,-0.0019274146344341009,0.026316447115941027,False,False,-0.016548633575439453,0.018725087866187096
AMZN,2016-11-02,Chronos-LoRA-V1,0.0019183632456770188,0.03123718325935572,False,False,-0.0184372179210186,0.0204886756837368
AMZN,2017-02-28,Chronos-LoRA-V1,0.009469376476098914,0.02137201252079136,False,False,-0.013526884838938713,0.015467837452888489
AMZN,2017-06-21,Chronos-LoRA-V1,-0.0009283846759379751,0.024563703531101082,False,False,-0.012451891787350178,0.015483020804822445
AMZN,2017-10-12,Chronos-LoRA-V1,0.002006082882542097,0.017288215574747,False,False,-0.008917124010622501,0.011686978861689568
AMZN,2018-02-06,Chronos-LoRA-V1,-0.018226722717437444,0.038077311872179484,False,False,-0.02102391980588436,0.024398883804678917
AMZN,2018-05-31,Chronos-LoRA-V1,0.007287974742940334,0.013699143950387196,False,False,-0.009826326742768288,0.012981831096112728
AMZN,2018-09-21,Chronos-LoRA-V1,0.010053664875920762,0.031596780437823886,False,False,-0.018627770245075226,0.021248294040560722
AMZN,2019-01-17,Chronos-LoRA-V1,0.0017583478423892555,0.06710966251580212,False,False,-0.02705884724855423,0.03008866310119629
AMZN,2019-05-13,Chronos-LoRA-V1,0.009522776139087656,0.030122448117694118,False,False,-0.01734219864010811,0.020855313166975975
AMZN,2019-09-04,Chronos-LoRA-V1,0.02202580287152902,0.03060555924498794,False,False,-0.008537495508790016,0.013608918525278568
AMZN,2019-12-26,Chronos-LoRA-V1,0.0005509958634310166,0.024419504872338592,False,False,-0.014280052855610847,0.01843014545738697
AMZN,2020-04-21,Chronos-LoRA-V1,0.015078276370104332,0.05623748538120904,False,False,-0.041759174317121506,0.042885299772024155
AMZN,2020-08-12,Chronos-LoRA-V1,-0.0003859062604570367,0.051536110354246406,False,False,-0.02259736880660057,0.025034518912434578
AMZN,2020-12-03,Chronos-LoRA-V1,-0.007607189417695092,0.03750163538171917,False,False,-0.017895620316267014,0.020754141733050346
AMZN,2021-03-30,Chronos-LoRA-V1,0.012616087083554913,0.033827508129492645,False,False,-0.02038535661995411,0.021913081407546997
AMZN,2021-07-22,Chronos-LoRA-V1,0.005102345801164657,0.02992600601726164,False,False,-0.015496054664254189,0.01718384213745594
AMZN,2021-11-11,Chronos-LoRA-V1,0.015048234458080111,0.0357839653248157,False,False,-0.017007650807499886,0.01928584836423397
AMZN,2022-03-08,Chronos-LoRA-V1,0.023717698424230754,0.046479490298601364,False,False,-0.03640114143490791,0.03707746043801308
AMZN,2022-06-30,Chronos-LoRA-V1,0.031054064397665036,0.06726728382500183,False,False,-0.04407058656215668,0.042066168040037155
AMZN,2022-10-21,Chronos-LoRA-V1,0.0041816570199037775,0.0576740287926608,False,False,-0.03386799991130829,0.03278893977403641
AMZN,2023-02-15,Chronos-LoRA-V1,-0.03020652173405669,0.06252555931450908,False,False,-0.030493546277284622,0.02985415793955326
AMZN,2023-06-09,Chronos-LoRA-V1,0.025121316164936732,0.03922572948770367,False,False,-0.022811975330114365,0.024674439802765846
AMZN,2023-10-03,Chronos-LoRA-V1,0.018115851921521226,0.04419120026292831,False,False,-0.026923159137368202,0.026721760630607605
AMZN,2024-01-26,Chronos-LoRA-V1,0.013359331333490848,0.024937698331817047,False,False,-0.01616523042321205,0.01834322139620781
AMZN,2024-05-20,Chronos-LoRA-V1,-0.002127134911413819,0.033201814189365714,False,False,-0.014958751387894154,0.017768532037734985
AMZN,2024-09-12,Chronos-LoRA-V1,-0.0027309690556897217,0.04220913242417309,False,False,-0.024511462077498436,0.026347534731030464
AMZN,2025-01-06,Chronos-LoRA-V1,-0.02446088330127337,0.03490366635566539,False,False,-0.01918775402009487,0.022561881691217422
AMZN,2025-05-01,Chronos-LoRA-V1,-0.0011573530932638618,0.0875651401775387,False,False,-0.029303401708602905,0.03127655014395714
AMZN,2025-08-25,Chronos-LoRA-V1,0.0033724076943096397,0.04981149086461627,False,False,-0.0238338652998209,0.025462284684181213
AMZN,2025-12-16,Chronos-LoRA-V1,-0.005813022613826566,0.0333875344200916,False,False,-0.022336728870868683,0.0240333154797554
AMZN,2026-04-13,Chronos-LoRA-V1,0.03735274928383268,0.046227933661375425,False,False,-0.02260109782218933,0.024171140044927597
AMZN,2026-08-06,Chronos-LoRA-V1,0.008120910623089925,0.08163270284597263,False,False,-0.031672220677137375,0.03366054967045784
ENPH,2013-06-11,Chronos-LoRA-V1,-0.0972237899487017,0.066978902013286,True,False,-0.055151861160993576,0.05006175488233566
ENPH,2013-09-16,Chronos-LoRA-V1,-0.007398359101006512,0.0764482184679313,False,False,-0.0549187995493412,0.05092095956206322
ENPH,2013-12-20,Chronos-LoRA-V1,-0.015915398044283505,0.10378418939080811,False,False,-0.057088453322649,0.05256041884422302
ENPH,2014-03-31,Chronos-LoRA-V1,0.07080282066347386,0.05877606416088332,True,False,-0.049443263560533524,0.046450868248939514
ENPH,2014-07-08,Chronos-LoRA-V1,0.010857911347376573,0.03733097399245795,False,False,-0.03241868317127228,0.03407948091626167
ENPH,2014-10-10,Chronos-LoRA-V1,-0.03963784597991297,0.09914892694353988,False,False,-0.05598723888397217,0.056818198412656784
ENPH,2015-01-20,Chronos-LoRA-V1,-0.016167738833627637,0.07929953489557338,False,False,-0.0566098615527153,0.05707215145230293
ENPH,2015-04-27,Chronos-LoRA-V1,0.01602476396043174,0.050491129999175106,False,False,-0.04616372287273407,0.04875601828098297
ENPH,2015-08-03,Chronos-LoRA-V1,0.03060546375949964,0.11038569590490642,False,False,-0.04827532172203064,0.04595961421728134
ENPH,2015-11-05,Chronos-LoRA-V1,-0.049007532246580825,0.21459873417414907,False,False,-0.07912931591272354,0.07126156240701675
ENPH,2016-02-16,Chronos-LoRA-V1,0.05035383667496035,0.13600722705748017,False,False,-0.07713372260332108,0.07267880439758301
ENPH,2016-05-20,Chronos-LoRA-V1,0.06791120236179353,0.08731703863679559,False,False,-0.06255184859037399,0.05431126430630684
ENPH,2016-08-26,Chronos-LoRA-V1,0.01643877609721746,0.06415521408075024,False,False,-0.04626739025115967,0.03766060620546341
ENPH,2016-12-01,Chronos-LoRA-V1,0.026668221646324243,0.06769360809497689,False,False,-0.054284319281578064,0.04259399324655533
ENPH,2017-03-13,Chronos-LoRA-V1,0.039845870688558355,0.13509920097309744,False,False,-0.09012448787689209,0.07783982157707214
ENPH,2017-06-16,Chronos-LoRA-V1,0.03822125249212064,0.07295634088109539,False,False,-0.060752954334020615,0.04692888259887695
ENPH,2017-09-22,Chronos-LoRA-V1,-0.03610497045088264,0.1315483118648176,False,False,-0.05789563059806824,0.052755363285541534
ENPH,2017-12-28,Chronos-LoRA-V1,-0.032655931189676975,0.07207837259179166,False,False,-0.06072987988591194,0.05885956063866615
ENPH,2018-04-09,Chronos-LoRA-V1,-0.03681399610282008,0.08294850586265144,False,False,-0.05400805547833443,0.05718938261270523
ENPH,2018-07-13,Chronos-LoRA-V1,-0.045033018260611506,0.09623329844621761,False,False,-0.07043333351612091,0.069743812084198
ENPH,2018-10-18,Chronos-LoRA-V1,-0.02705682617565956,0.08586244444632302,False,False,-0.05045366659760475,0.05723147466778755
ENPH,2019-01-28,Chronos-LoRA-V1,0.028573345190656425,0.06637805129464955,False,False,-0.058326393365859985,0.05945180356502533
ENPH,2019-05-06,Chronos-LoRA-V1,0.03290712068094508,0.14190215659605673,False,False,-0.0392160639166832,0.049849312752485275
ENPH,2019-08-09,Chronos-LoRA-V1,-0.030281222436842496,0.14869737900201524,False,False,-0.03680374473333359,0.04817236587405205
ENPH,2019-11-14,Chronos-LoRA-V1,0.01722830021708537,0.1334280172124478,False,False,-0.04935844987630844,0.05394229292869568
ENPH,2020-02-24,Chronos-LoRA-V1,-0.08218633558682682,0.2078924229558855,False,False,-0.04284380003809929,0.0548451691865921
ENPH,2020-06-01,Chronos-LoRA-V1,-0.04682325771919545,0.11544213153450389,False,False,-0.06982094794511795,0.07829295843839645
ENPH,2020-09-03,Chronos-LoRA-V1,-0.024486133889773443,0.08124705134339935,False,False,-0.05469378083944321,0.064711794257164
ENPH,2020-12-10,Chronos-LoRA-V1,0.06420024063345366,0.05911325323987824,True,True,-0.04890425503253937,0.06215376406908035
ENPH,2021-03-19,Chronos-LoRA-V1,0.0389849007526666,0.13809811346681944,False,False,-0.06188886612653732,0.07244787365198135
ENPH,2021-06-25,Chronos-LoRA-V1,0.0711836906391635,0.052327496532058176,True,True,-0.04909650236368179,0.05994398146867752
ENPH,2021-09-30,Chronos-LoRA-V1,0.03530972623840489,0.04208983477830065,False,False,-0.030998611822724342,0.03782067447900772
ENPH,2022-01-06,Chronos-LoRA-V1,-0.042889726304457726,0.07248706151391021,False,False,-0.04818182811141014,0.0493168979883194
ENPH,2022-04-13,Chronos-LoRA-V1,-0.014176509322804974,0.059653724843409826,False,False,-0.05149983987212181,0.05406790226697922
ENPH,2022-07-22,Chronos-LoRA-V1,0.03260076111112715,0.08465923285998596,False,False,-0.054734136909246445,0.057607464492321014
ENPH,2022-10-26,Chronos-LoRA-V1,0.04753798089588888,0.08142274371998078,False,False,-0.04224899783730507,0.04694005101919174
ENPH,2023-02-03,Chronos-LoRA-V1,0.0002691640562952529,0.06943124737288041,False,False,-0.046821292489767075,0.044966597110033035
ENPH,2023-05-11,Chronos-LoRA-V1,0.04118270839651467,0.1268996669810854,False,False,-0.04808412492275238,0.046085286885499954
ENPH,2023-08-18,Chronos-LoRA-V1,-0.0013819017614193848,0.04985466032684889,False,False,-0.037864334881305695,0.034127235412597656
ENPH,2023-11-22,Chronos-LoRA-V1,0.00019962351771399394,0.11353029440741016,False,False,-0.042854201048612595,0.038708869367837906
ENPH,2024-03-04,Chronos-LoRA-V1,0.008993838254035302,0.10531530308765066,False,False,-0.04728090763092041,0.044716496020555496
ENPH,2024-06-07,Chronos-LoRA-V1,0.06252528031360849,0.07674852514599058,False,False,-0.04659784212708473,0.043724630028009415
ENPH,2024-09-16,Chronos-LoRA-V1,0.06123120117398043,0.06903918739001408,False,False,-0.04845404997467995,0.043782420456409454
ENPH,2024-12-19,Chronos-LoRA-V1,0.08237797695351112,0.07717643351293026,True,False,-0.050875406712293625,0.04369824007153511
ENPH,2025-04-01,Chronos-LoRA-V1,0.0020815165352994487,0.06450848593173622,False,False,-0.04573434218764305,0.04044437035918236
ENPH,2025-07-09,Chronos-LoRA-V1,0.0027966167611559838,0.1458865742840226,False,False,-0.055733077228069305,0.04786304384469986
ENPH,2025-10-14,Chronos-LoRA-V1,0.029740020841016006,0.0672734896298396,False,False,-0.05333896353840828,0.04914575070142746
ENPH,2026-01-21,Chronos-LoRA-V1,0.11812272202658629,0.047227355559039265,True,True,-0.04866349697113037,0.042567841708660126
ENPH,2026-04-29,Chronos-LoRA-V1,0.05519712952191759,0.07525869464572564,False,False,-0.04881267994642258,0.04498354718089104
ENPH,2026-08-06,Chronos-LoRA-V1,0.05397436615170218,0.08486661052106255,False,False,-0.06758861988782883,0.06185801327228546
SMCI,2011-03-11,Chronos-LoRA-V1,-0.012295241028665756,0.043013848592295525,False,False,-0.031048689037561417,0.03401185944676399
SMCI,2011-07-05,Chronos-LoRA-V1,-0.011871463102031665,0.03153657854256318,False,False,-0.02684030309319496,0.027660412713885307
SMCI,2011-10-25,Chronos-LoRA-V1,0.09882952456724234,0.08930981634524011,True,False,-0.049184273928403854,0.047746654599905014
SMCI,2012-02-17,Chronos-LoRA-V1,-0.013072082453035094,0.03287698196410106,False,False,-0.025728806853294373,0.028711814433336258
SMCI,2012-06-12,Chronos-LoRA-V1,-0.03383407254354266,0.055216227530658586,False,False,-0.027826892212033272,0.028438998386263847
SMCI,2012-10-03,Chronos-LoRA-V1,-0.03471646784952302,0.03595607687977983,False,False,-0.026796365156769753,0.024216940626502037
SMCI,2013-01-30,Chronos-LoRA-V1,0.010556339305355327,0.08953555890592714,False,False,-0.030173921957612038,0.03130200877785683
SMCI,2013-05-23,Chronos-LoRA-V1,-0.0009760152152560126,0.03927249294193282,False,False,-0.02592218667268753,0.023651905357837677
SMCI,2013-09-16,Chronos-LoRA-V1,-0.003016554758329793,0.029411505184356798,False,False,-0.018425200134515762,0.019040795043110847
SMCI,2014-01-08,Chronos-LoRA-V1,-0.009603934767890832,0.02995768998684258,False,False,-0.0216838251799345,0.02254033274948597
SMCI,2014-05-02,Chronos-LoRA-V1,-0.022932212728172585,0.05168387732632361,False,False,-0.0237362589687109,0.02777157537639141
SMCI,2014-08-25,Chronos-LoRA-V1,0.005277061697307429,0.05571094661920018,False,False,-0.026270482689142227,0.028285035863518715
SMCI,2014-12-16,Chronos-LoRA-V1,0.042239970174044655,0.036924377403208676,True,False,-0.02535245381295681,0.029143808409571648
SMCI,2015-04-13,Chronos-LoRA-V1,0.0036738804032809876,0.04425077576476291,False,False,-0.027547776699066162,0.03132553771138191
SMCI,2015-08-04,Chronos-LoRA-V1,0.07822295944812868,0.04321477331880777,True,False,-0.027689555659890175,0.030776390805840492
SMCI,2015-11-24,Chronos-LoRA-V1,0.009155317554224357,0.06558830106189431,False,False,-0.03455974906682968,0.037424854934215546
SMCI,2016-03-21,Chronos-LoRA-V1,0.0,0.03510057232581904,False,False,-0.0334729366004467,0.03491608425974846
SMCI,2016-07-13,Chronos-LoRA-V1,0.0030639230465345185,0.051240618151808186,False,False,-0.03220851346850395,0.032010290771722794
SMCI,2016-11-02,Chronos-LoRA-V1,-0.011123627935856547,0.05899934683192977,False,False,-0.030655311420559883,0.02954806201159954
SMCI,2017-02-28,Chronos-LoRA-V1,0.022814746713129042,0.030700295733723803,False,False,-0.023899443447589874,0.023291274905204773
SMCI,2017-06-21,Chronos-LoRA-V1,0.00828161306447926,0.02518171954634252,False,False,-0.018425151705741882,0.018167579546570778
SMCI,2017-10-12,Chronos-LoRA-V1,0.004434592848067803,0.06676013713323309,False,False,-0.019218819215893745,0.01941041089594364
SMCI,2018-02-06,Chronos-LoRA-V1,0.012706638950606286,0.07454162869196877,False,False,-0.02749573439359665,0.026972241699695587
SMCI,2018-05-31,Chronos-LoRA-V1,0.012371279639161452,0.08786914800364982,False,False,-0.022466052323579788,0.02249860391020775
SMCI,2018-09-21,Chronos-LoRA-V1,-0.038911521684797265,0.07317898217534796,False,False,-0.022781603038311005,0.02293078415095806
SMCI,2019-01-17,Chronos-LoRA-V1,0.013423007444649979,0.05873682459930594,False,False,-0.031106995418667793,0.029930004850029945
SMCI,2019-05-13,Chronos-LoRA-V1,0.013144791034834076,0.030764286667236865,False,True,-0.03590087592601776,0.030090689659118652
SMCI,2019-09-04,Chronos-LoRA-V1,0.016043109499092628,0.09218023842940623,False,False,-0.02538193017244339,0.02663181535899639
SMCI,2019-12-26,Chronos-LoRA-V1,0.012526247349154982,0.04412681331781077,False,False,-0.0247481819242239,0.025744661688804626
SMCI,2020-04-21,Chronos-LoRA-V1,0.02262106793505798,0.08731259301651961,False,False,-0.04254961758852005,0.04300496354699135
SMCI,2020-08-12,Chronos-LoRA-V1,-0.0007692667462982661,0.07772349308973467,False,False,-0.04290806129574776,0.043717093765735626
SMCI,2020-12-03,Chronos-LoRA-V1,0.03184347213912126,0.03770956760957125,False,False,-0.023397253826260567,0.026538189500570297
SMCI,2021-03-30,Chronos-LoRA-V1,0.02909295868930078,0.04200527420907593,False,False,-0.027126837521791458,0.029035372659564018
SMCI,2021-07-22,Chronos-LoRA-V1,0.019563362461829614,0.0390094458536866,False,False,-0.026767753064632416,0.028101032599806786
SMCI,2021-11-11,Chronos-LoRA-V1,-0.014091204368042507,0.08317777036174097,False,False,-0.024343393743038177,0.027282077819108963
SMCI,2022-03-08,Chronos-LoRA-V1,0.027292140475765284,0.041412243582079504,False,False,-0.026732098311185837,0.029259614646434784
SMCI,2022-06-30,Chronos-LoRA-V1,-0.030701893380973004,0.07765424695072572,False,False,-0.040604736655950546,0.04124318063259125
SMCI,2022-10-21,Chronos-LoRA-V1,-0.02383677986674845,0.08170690022531536,False,False,-0.050597213208675385,0.051658742129802704
SMCI,2023-02-15,Chronos-LoRA-V1,0.03049792693700929,0.08147125302369583,False,False,-0.051107440143823624,0.05214356631040573
SMCI,2023-06-09,Chronos-LoRA-V1,-0.011570177477979709,0.11630187015990262,False,False,-0.05846869572997093,0.06394695490598679
SMCI,2023-10-03,Chronos-LoRA-V1,0.03790635570568232,0.07757713279191264,False,False,-0.055700771510601044,0.05755055695772171
SMCI,2024-01-26,Chronos-LoRA-V1,0.04438666317051559,0.17061269206378912,False,False,-0.04545013606548309,0.053035032004117966
SMCI,2024-05-20,Chronos-LoRA-V1,-0.005535577218814193,0.12156726592353993,False,False,-0.058574043214321136,0.06749999523162842
SMCI,2024-09-12,Chronos-LoRA-V1,0.03342944557080886,0.11982058704036616,False,False,-0.058413077145814896,0.06366623193025589
SMCI,2025-01-06,Chronos-LoRA-V1,-0.05846644836316354,0.1081493688321439,False,False,-0.07243379205465317,0.07874365150928497
SMCI,2025-05-01,Chronos-LoRA-V1,0.02950242756001331,0.1409761250439799,False,False,-0.079610176384449,0.07956606894731522
SMCI,2025-08-25,Chronos-LoRA-V1,0.006558904312119387,0.09496809819955616,False,False,-0.058606237173080444,0.05787140130996704
SMCI,2025-12-16,Chronos-LoRA-V1,-0.05920426918419112,0.05594794874168798,True,False,-0.0453764945268631,0.04126827046275139
SMCI,2026-04-13,Chronos-LoRA-V1,0.04627500211648954,0.17900171624826994,False,False,-0.08133605122566223,0.07728151232004166
SMCI,2026-08-06,Chronos-LoRA-V1,0.057857815313579815,0.1352480828244276,False,False,-0.0739569440484047,0.07103835791349411
CVNA,2018-07-06,Chronos-LoRA-V1,-0.051103658627608524,0.09369505099987833,False,False,-0.04072589427232742,0.05903588980436325
CVNA,2018-09-04,Chronos-LoRA-V1,-0.08020360181474506,0.05817287254322222,True,False,-0.04123929142951965,0.056351590901613235
CVNA,2018-10-31,Chronos-LoRA-V1,0.1358834922648138,0.09010999949413306,True,False,-0.04565834254026413,0.04978733882308006
CVNA,2019-01-03,Chronos-LoRA-V1,0.019354389310272155,0.10415194138994296,False,False,-0.05751706659793854,0.053632523864507675
CVNA,2019-03-05,Chronos-LoRA-V1,0.05316733699069577,0.10950833769872094,False,False,-0.052797239273786545,0.06499887257814407
CVNA,2019-05-03,Chronos-LoRA-V1,-0.0019414704519490561,0.046774641644885546,False,True,-0.041744109243154526,0.050611793994903564
CVNA,2019-07-02,Chronos-LoRA-V1,-0.008225385850990979,0.07546337674797475,False,False,-0.0489131435751915,0.05347537621855736
CVNA,2019-08-30,Chronos-LoRA-V1,-0.01915723242161001,0.12917031213602007,False,False,-0.041997965425252914,0.04747139289975166
CVNA,2019-10-29,Chronos-LoRA-V1,-0.02644165743431196,0.05850481857115416,False,False,-0.04557005688548088,0.0525374710559845
CVNA,2019-12-30,Chronos-LoRA-V1,-0.002495500017384529,0.05925819258147331,False,False,-0.042304880917072296,0.04499601945281029
CVNA,2020-02-28,Chronos-LoRA-V1,-0.006655836727455652,0.11113575995456951,False,False,-0.06055639684200287,0.051645249128341675
CVNA,2020-04-28,Chronos-LoRA-V1,0.02299783159377595,0.1771357986422858,False,False,-0.10583245754241943,0.10581455379724503
CVNA,2020-06-26,Chronos-LoRA-V1,0.02489821008462683,0.1348981575412342,False,False,-0.055773988366127014,0.060047343373298645
CVNA,2020-08-25,Chronos-LoRA-V1,0.023811244703727027,0.1462630214238306,False,False,-0.03028426691889763,0.03762795031070709
CVNA,2020-10-23,Chronos-LoRA-V1,-0.0062373079471919725,0.08251355824497948,False,False,-0.053009483963251114,0.0584527850151062
CVNA,2020-12-22,Chronos-LoRA-V1,-0.07668666972902587,0.07755853650850192,False,False,-0.04366036504507065,0.05366192013025284
CVNA,2021-02-24,Chronos-LoRA-V1,-0.07761824876717899,0.07511496365365418,True,False,-0.038032982498407364,0.04507576674222946
CVNA,2021-04-23,Chronos-LoRA-V1,0.057248285225138515,0.05682687133258685,True,False,-0.04789910465478897,0.053448498249053955
CVNA,2021-06-23,Chronos-LoRA-V1,-0.03301118048799236,0.04720992276550522,False,False,-0.04113122448325157,0.04716181755065918
CVNA,2021-08-20,Chronos-LoRA-V1,0.022111842385838347,0.03275137596553132,False,False,-0.02098947763442993,0.029061051085591316
CVNA,2021-10-19,Chronos-LoRA-V1,-0.006277154149259377,0.027793037378395752,False,False,-0.014035781845450401,0.017889544367790222
CVNA,2021-12-17,Chronos-LoRA-V1,-0.08383277351675741,0.08489852484330226,False,True,-0.10719659179449081,0.10025546699762344
CVNA,2022-02-16,Chronos-LoRA-V1,-0.024759395067421825,0.13867996593376355,False,False,-0.06811663508415222,0.0675126314163208
CVNA,2022-04-19,Chronos-LoRA-V1,-0.09550672518348217,0.12321279235707991,False,False,-0.0901503786444664,0.08297397941350937
CVNA,2022-06-16,Chronos-LoRA-V1,0.1258500675513595,0.19057632638433358,False,False,-0.1339827924966812,0.10721977800130844
CVNA,2022-08-17,Chronos-LoRA-V1,-0.03611392128367342,0.22163789430845057,False,False,-0.12039924412965775,0.11474401503801346
CVNA,2022-10-14,Chronos-LoRA-V1,0.06110500110762415,0.14111554843365162,False,False,-0.10218268632888794,0.08971710503101349
CVNA,2022-12-14,Chronos-LoRA-V1,0.039147529607715725,0.2810952631175327,False,False,-0.13463935256004333,0.12035446614027023
CVNA,2023-02-14,Chronos-LoRA-V1,0.1687031432591547,0.24691162917120252,False,False,-0.14227262139320374,0.12862801551818848
CVNA,2023-04-17,Chronos-LoRA-V1,-0.02911742398912355,0.13489361735351285,False,False,-0.09846971929073334,0.08962531387805939
CVNA,2023-06-14,Chronos-LoRA-V1,0.11987016594346468,0.3105376657311972,False,False,-0.13706089556217194,0.12764473259449005
CVNA,2023-08-14,Chronos-LoRA-V1,-0.044031557637086015,0.22598068741692434,False,False,-0.11078386008739471,0.1047930121421814
CVNA,2023-10-12,Chronos-LoRA-V1,0.0,0.0854427422777791,False,False,-0.07259882241487503,0.06667622923851013
CVNA,2023-12-11,Chronos-LoRA-V1,-0.008319723270969625,0.12182163201158855,False,False,-0.07597187906503677,0.0658268928527832
CVNA,2024-02-12,Chronos-LoRA-V1,-0.061744523218746315,0.09403324021805638,False,False,-0.06457272171974182,0.06202538684010506
CVNA,2024-04-11,Chronos-LoRA-V1,-0.0701567431422787,0.0648414336988304,True,False,-0.055732086300849915,0.05257362499833107
CVNA,2024-06-11,Chronos-LoRA-V1,0.0646166132273041,0.046613059207346465,True,False,-0.040053606033325195,0.04120549187064171
CVNA,2024-08-09,Chronos-LoRA-V1,-0.018114856050066973,0.0949874283579495,False,False,-0.04766909405589104,0.049272503703832626
CVNA,2024-10-09,Chronos-LoRA-V1,0.007860831814023559,0.05282615834446083,False,False,-0.034800704568624496,0.04209237918257713
CVNA,2024-12-06,Chronos-LoRA-V1,-0.028998090706934373,0.038192780813530225,False,False,-0.025841625407338142,0.03325149416923523
CVNA,2025-02-07,Chronos-LoRA-V1,0.014063575073661688,0.05819866045906689,False,False,-0.023575421422719955,0.03255428001284599
CVNA,2025-04-09,Chronos-LoRA-V1,-0.07917367886224642,0.18915628864513168,False,False,-0.1038227379322052,0.11175104230642319
CVNA,2025-06-09,Chronos-LoRA-V1,-0.004156862631501338,0.04526123929264819,False,False,-0.02585703693330288,0.03549201413989067
CVNA,2025-08-08,Chronos-LoRA-V1,-0.006668490412142271,0.08942309552519256,False,False,-0.03502914309501648,0.04383144527673721
CVNA,2025-10-07,Chronos-LoRA-V1,-0.025711836108659566,0.05899970411980671,False,False,-0.03454245254397392,0.041423507034778595
CVNA,2025-12-05,Chronos-LoRA-V1,0.11385918455096826,0.06284111273676421,True,False,-0.03427485004067421,0.04303330183029175
CVNA,2026-02-05,Chronos-LoRA-V1,0.05076280548890461,0.0864806616944795,False,False,-0.041895292699337006,0.04776463657617569
CVNA,2026-04-08,Chronos-LoRA-V1,-0.03569338862006982,0.07957738655449229,False,False,-0.03954106569290161,0.04372004047036171
CVNA,2026-06-05,Chronos-LoRA-V1,0.043254680843288845,0.06864083374262568,False,False,-0.040159378200769424,0.043490082025527954
CVNA,2026-08-06,Chronos-LoRA-V1,0.036069751499409115,0.08110856959946162,False,False,-0.05143864452838898,0.05409521237015724
PLUG,2011-03-11,Chronos-LoRA-V1,-0.04725291561423363,0.0368250190745519,True,True,-0.04668735712766647,0.03880028799176216
PLUG,2011-07-05,Chronos-LoRA-V1,-0.008810621353606442,0.07954304252832375,False,False,-0.06826566159725189,0.06096668541431427
PLUG,2011-10-25,Chronos-LoRA-V1,-0.06669142375088091,0.09512577717624648,False,False,-0.0557500422000885,0.04835343360900879
PLUG,2012-02-17,Chronos-LoRA-V1,0.008620735070485726,0.08330063263340795,False,False,-0.057049646973609924,0.052371859550476074
PLUG,2012-06-12,Chronos-LoRA-V1,0.008510681896768206,0.0393536018302039,False,True,-0.04956969618797302,0.04212108999490738
PLUG,2012-10-03,Chronos-LoRA-V1,0.011834516917728159,0.07467608199921769,False,False,-0.0383470393717289,0.03094075247645378
PLUG,2013-01-30,Chronos-LoRA-V1,-0.021978951350272766,0.12839361641582217,False,False,-0.06779315322637558,0.05751114338636398
PLUG,2013-05-23,Chronos-LoRA-V1,0.1643030867702306,0.27622736815165777,False,False,-0.10672567039728165,0.0973002016544342
PLUG,2013-09-16,Chronos-LoRA-V1,-0.04959699328121652,0.16796416282267218,False,False,-0.10595770180225372,0.0980951264500618
PLUG,2014-01-08,Chronos-LoRA-V1,-0.3151625120618024,0.30208662400424713,True,False,-0.11921632289886475,0.12839724123477936
PLUG,2014-05-02,Chronos-LoRA-V1,-0.10289443725634206,0.09943455236461794,True,True,-0.12279640883207321,0.1196875125169754
PLUG,2014-08-25,Chronos-LoRA-V1,-0.04422493182135657,0.05439981229798637,False,False,-0.04360749572515488,0.04307645559310913
PLUG,2014-12-16,Chronos-LoRA-V1,0.07410798462983786,0.07682211100977382,False,False,-0.051203399896621704,0.04496287927031517
PLUG,2015-04-13,Chronos-LoRA-V1,0.0304206584144852,0.05029478653132077,False,False,-0.03483651578426361,0.03282925486564636
PLUG,2015-08-04,Chronos-LoRA-V1,0.021819026584723785,0.08197075204353814,False,False,-0.041884779930114746,0.041787534952163696
PLUG,2015-11-24,Chronos-LoRA-V1,0.06486057245710282,0.13350024053662216,False,False,-0.05403152108192444,0.05002165213227272
PLUG,2016-03-21,Chronos-LoRA-V1,0.004819282006023543,0.0704382496623687,False,False,-0.04969964921474457,0.04360529035329819
PLUG,2016-07-13,Chronos-LoRA-V1,-0.005763699172500427,0.05828661708544164,False,False,-0.0327736958861351,0.028116337954998016
PLUG,2016-11-02,Chronos-LoRA-V1,0.0,0.04434201308217582,False,False,-0.03979465737938881,0.03354692831635475
PLUG,2017-02-28,Chronos-LoRA-V1,-0.009302383378101402,0.19519666258920929,False,False,-0.05611661821603775,0.050022393465042114
PLUG,2017-06-21,Chronos-LoRA-V1,0.027524646294219378,0.08141890799243018,False,False,-0.05303741618990898,0.050010062754154205
PLUG,2017-10-12,Chronos-LoRA-V1,-0.02469258974538504,0.09920262622201537,False,False,-0.0360117070376873,0.034923143684864044
PLUG,2018-02-06,Chronos-LoRA-V1,0.07333126457807959,0.04783347675699684,True,False,-0.03951587155461311,0.03570565953850746
PLUG,2018-05-31,Chronos-LoRA-V1,0.010638388086280471,0.07618656708670185,False,False,-0.044773783534765244,0.04142015799880028
PLUG,2018-09-21,Chronos-LoRA-V1,-0.010582099318558446,0.05276537264915838,False,False,-0.0341089591383934,0.03143854811787605
PLUG,2019-01-17,Chronos-LoRA-V1,-0.014388723877542694,0.17437060296941606,False,False,-0.05318150669336319,0.04914278909564018
PLUG,2019-05-13,Chronos-LoRA-V1,0.02217383639284286,0.04956623138686814,False,False,-0.04417881369590759,0.04050824046134949
PLUG,2019-09-04,Chronos-LoRA-V1,0.00925931621435205,0.050667147631876845,False,False,-0.03095056116580963,0.028908103704452515
PLUG,2019-12-26,Chronos-LoRA-V1,-0.02247291089819518,0.08067048477966032,False,False,-0.039470989257097244,0.0376335009932518
PLUG,2020-04-21,Chronos-LoRA-V1,0.02573244606424871,0.0944113411095105,False,False,-0.05942177399992943,0.058654386550188065
PLUG,2020-08-12,Chronos-LoRA-V1,0.06641817995123118,0.13133527841391446,False,False,-0.07353809475898743,0.0766213908791542
PLUG,2020-12-03,Chronos-LoRA-V1,0.041073534564644056,0.11967815777726291,False,False,-0.055391814559698105,0.06084250658750534
PLUG,2021-03-30,Chronos-LoRA-V1,0.05152826176339849,0.14359577848365523,False,False,-0.0923183336853981,0.0991530492901802
PLUG,2021-07-22,Chronos-LoRA-V1,-0.019210064820616622,0.06805441347698608,False,False,-0.0498541034758091,0.05758802592754364
PLUG,2021-11-11,Chronos-LoRA-V1,-0.006930017199314488,0.08362622497388962,False,False,-0.056162867695093155,0.06530757993459702
PLUG,2022-03-08,Chronos-LoRA-V1,0.023566885743147727,0.1173591333721997,False,False,-0.0704745352268219,0.07375991344451904
PLUG,2022-06-30,Chronos-LoRA-V1,0.036152121298438616,0.11122472734617567,False,False,-0.07485567033290863,0.07708991318941116
PLUG,2022-10-21,Chronos-LoRA-V1,-0.047184434722597014,0.0914479577595835,False,False,-0.0543396882712841,0.05101510137319565
PLUG,2023-02-15,Chronos-LoRA-V1,-0.057053207112345024,0.0947989589405166,False,False,-0.0542682483792305,0.05372340977191925
PLUG,2023-06-09,Chronos-LoRA-V1,0.12297971661734391,0.10378408586455858,True,False,-0.057704146951436996,0.055929213762283325
PLUG,2023-10-03,Chronos-LoRA-V1,0.0,0.07229778078032,False,False,-0.05965324118733406,0.04793081432580948
PLUG,2024-01-26,Chronos-LoRA-V1,0.10859054935781051,0.18907392705970144,False,False,-0.08565321564674377,0.07875186204910278
PLUG,2024-05-20,Chronos-LoRA-V1,-0.03822125249212061,0.14245905123923722,False,False,-0.07152276486158371,0.06269844621419907
PLUG,2024-09-12,Chronos-LoRA-V1,0.01025649013484875,0.09662461168141326,False,False,-0.06807009875774384,0.05796501412987709
PLUG,2025-01-06,Chronos-LoRA-V1,-0.06559729659721675,0.1545443518288309,False,False,-0.08673505485057831,0.08309304714202881
PLUG,2025-05-01,Chronos-LoRA-V1,-0.011834516917728074,0.17557283466677526,False,False,-0.0839933529496193,0.07242272049188614
PLUG,2025-08-25,Chronos-LoRA-V1,-0.012048327267974208,0.0991714023977059,False,False,-0.0746774896979332,0.06397691369056702
PLUG,2025-12-16,Chronos-LoRA-V1,-0.05844353947557896,0.0883996522704485,False,False,-0.07677111774682999,0.07094477862119675
PLUG,2026-04-13,Chronos-LoRA-V1,0.05956228749981924,0.08980637466943688,False,False,-0.07367340475320816,0.06906909495592117
PLUG,2026-08-06,Chronos-LoRA-V1,0.051776332396145784,0.08105571959581954,False,False,-0.064389169216156,0.05948859825730324
RKLB,2022-02-02,Chronos-LoRA-V1,-0.04228275882981947,0.09142644484302015,False,False,-0.05974786356091499,0.05964105203747749
RKLB,2022-03-08,Chronos-LoRA-V1,0.03691303649464238,0.10785585988003792,False,False,-0.07396401464939117,0.07409996539354324
RKLB,2022-04-08,Chronos-LoRA-V1,0.0038387421101794728,0.08719603572369572,False,False,-0.043645165860652924,0.040421269834041595
RKLB,2022-05-12,Chronos-LoRA-V1,0.12141591817001528,0.08589070760366267,True,False,-0.061051007360219955,0.0556853823363781
RKLB,2022-06-15,Chronos-LoRA-V1,-0.04487176880718317,0.11287556987040107,False,False,-0.06249306723475456,0.05823828652501106
RKLB,2022-07-20,Chronos-LoRA-V1,-0.002290894936133112,0.06664785878237954,False,False,-0.050991129130125046,0.050819411873817444
RKLB,2022-08-22,Chronos-LoRA-V1,-0.025831670748531058,0.12951042318820605,False,False,-0.06823844462633133,0.06299145519733429
RKLB,2022-09-23,Chronos-LoRA-V1,0.02634886198277228,0.09234872130363772,False,False,-0.0629192367196083,0.054245274513959885
RKLB,2022-10-26,Chronos-LoRA-V1,0.021097808800234128,0.08564151856692966,False,False,-0.05987124517560005,0.0569520927965641
RKLB,2022-11-29,Chronos-LoRA-V1,0.05645671269101732,0.10762679012816868,False,False,-0.060120370239019394,0.05542249232530594
RKLB,2023-01-03,Chronos-LoRA-V1,0.042990205060345274,0.05284368248189258,False,False,-0.04885454475879669,0.04449152201414108
RKLB,2023-02-06,Chronos-LoRA-V1,-0.0040733214317941755,0.08712872082946876,False,False,-0.06555715948343277,0.0601094588637352
RKLB,2023-03-10,Chronos-LoRA-V1,0.007643341883944361,0.0764951181429714,False,False,-0.0517154298722744,0.04572185128927231
RKLB,2023-04-13,Chronos-LoRA-V1,-0.022141163107117872,0.055251493741913744,False,False,-0.046308353543281555,0.045498985797166824
RKLB,2023-05-16,Chronos-LoRA-V1,0.05012433816192752,0.04855861034677461,True,False,-0.03871816396713257,0.035482436418533325
RKLB,2023-06-20,Chronos-LoRA-V1,0.015371806060441228,0.08578705520213575,False,False,-0.04200249910354614,0.042331818491220474
RKLB,2023-07-24,Chronos-LoRA-V1,0.030648637786853276,0.10032719102458439,False,False,-0.05053490400314331,0.04799708351492882
RKLB,2023-08-25,Chronos-LoRA-V1,0.023891899065197873,0.060430904164795345,False,False,-0.044615503400564194,0.04162415862083435
RKLB,2023-09-28,Chronos-LoRA-V1,0.009174367245604971,0.06855681627677682,False,False,-0.04965965822339058,0.04373222216963768
RKLB,2023-10-31,Chronos-LoRA-V1,0.0023612176950147377,0.06841385694251378,False,False,-0.048010438680648804,0.043984636664390564
RKLB,2023-12-04,Chronos-LoRA-V1,-0.028794928151645877,0.05209398889366413,False,False,-0.044109657406806946,0.040243346244096756
RKLB,2024-01-08,Chronos-LoRA-V1,-0.018182388447055147,0.13754290568208488,False,False,-0.0497489832341671,0.045797646045684814
RKLB,2024-02-09,Chronos-LoRA-V1,0.0839343718757284,0.09184656418043356,False,False,-0.04722107574343681,0.04393109679222107
RKLB,2024-03-14,Chronos-LoRA-V1,-0.012062918522107302,0.051054071424843535,False,False,-0.04875030368566513,0.04427868500351906
RKLB,2024-04-17,Chronos-LoRA-V1,-0.005617987036759381,0.04525771212784048,False,False,-0.04310034587979317,0.038860827684402466
RKLB,2024-05-20,Chronos-LoRA-V1,0.013544211986473934,0.06354993046845174,False,False,-0.042932651937007904,0.040210921317338943
RKLB,2024-06-24,Chronos-LoRA-V1,-0.0188093644489565,0.07968221561553063,False,False,-0.042905036360025406,0.041721146553754807
RKLB,2024-07-26,Chronos-LoRA-V1,-0.014925635610135437,0.060915289938231004,False,False,-0.04096405580639839,0.042377255856990814
RKLB,2024-08-28,Chronos-LoRA-V1,0.022728229083628256,0.13122094548871951,False,False,-0.04920027405023575,0.04725842922925949
RKLB,2024-10-01,Chronos-LoRA-V1,0.05069728731229883,0.10702808508307485,False,False,-0.04982171580195427,0.05032038688659668
RKLB,2024-11-01,Chronos-LoRA-V1,-0.014998082258165563,0.07884596489911076,False,False,-0.04694334417581558,0.04849037528038025
RKLB,2024-12-05,Chronos-LoRA-V1,0.03127827913051707,0.1630692630563698,False,False,-0.053745150566101074,0.058403756469488144
RKLB,2025-01-10,Chronos-LoRA-V1,-0.11820118398003714,0.12023302012137906,False,False,-0.05442039296030998,0.058855459094047546
RKLB,2025-02-14,Chronos-LoRA-V1,-0.010043150610175989,0.16126461969425637,False,False,-0.058501988649368286,0.060630254447460175
RKLB,2025-03-20,Chronos-LoRA-V1,0.02188503860212124,0.11724571104761372,False,False,-0.06653998792171478,0.06772205233573914
RKLB,2025-04-23,Chronos-LoRA-V1,0.07544474023777228,0.13905328398207098,False,False,-0.06973773241043091,0.0727652981877327
RKLB,2025-05-27,Chronos-LoRA-V1,0.005893588725623785,0.1008765449762346,False,False,-0.06327863037586212,0.06729668378829956
RKLB,2025-06-30,Chronos-LoRA-V1,-0.04108990526187762,0.10228826245649657,False,False,-0.06074792519211769,0.06402847170829773
RKLB,2025-08-01,Chronos-LoRA-V1,-0.006043677060634698,0.09793970496002338,False,False,-0.05685531720519066,0.060259364545345306
RKLB,2025-09-04,Chronos-LoRA-V1,0.0641895061838094,0.08924011388383325,False,False,-0.055300090461969376,0.05799265578389168
RKLB,2025-10-07,Chronos-LoRA-V1,0.059945390600180976,0.1104687661387328,False,False,-0.06004813313484192,0.06611035019159317
RKLB,2025-11-07,Chronos-LoRA-V1,0.0050222654131213944,0.0959406105650685,False,False,-0.0651978999376297,0.06905826181173325
RKLB,2025-12-11,Chronos-LoRA-V1,-0.03263762880188879,0.11244847514349417,False,False,-0.06536556035280228,0.07180865854024887
RKLB,2026-01-15,Chronos-LoRA-V1,0.0592496670454145,0.1237317535275086,False,False,-0.06903260201215744,0.07531701773405075
RKLB,2026-02-19,Chronos-LoRA-V1,-0.07762986190868812,0.12811432559832978,False,False,-0.0754833072423935,0.08198057115077972
RKLB,2026-03-24,Chronos-LoRA-V1,0.09809943384252276,0.09620362188706663,True,False,-0.06866034865379333,0.0750422477722168
RKLB,2026-04-27,Chronos-LoRA-V1,-0.046005186462810724,0.10260376756159975,False,False,-0.06680236011743546,0.07488361746072769
RKLB,2026-05-29,Chronos-LoRA-V1,-0.15898296047937707,0.18275712365966865,False,False,-0.059310413897037506,0.06920704245567322
RKLB,2026-07-02,Chronos-LoRA-V1,-0.0761929014195986,0.13755934146665946,False,False,-0.065922811627388,0.07592129707336426
RKLB,2026-08-06,Chronos-LoRA-V1,0.0904085802078148,0.11419302119226235,False,False,-0.07021697610616684,0.07993965595960617
IONQ,2022-03-11,Chronos-LoRA-V1,-0.07754516048777285,0.1293993848544868,False,False,-0.07812076807022095,0.07814519107341766
IONQ,2022-04-12,Chronos-LoRA-V1,0.03399255010812331,0.0928169758111837,False,False,-0.07335637509822845,0.06866102665662766
IONQ,2022-05-16,Chronos-LoRA-V1,0.16118056496414795,0.14660302858369983,True,False,-0.09452816843986511,0.08840204030275345
IONQ,2022-06-16,Chronos-LoRA-V1,0.05715835818668655,0.1195457349864154,False,False,-0.10842444747686386,0.10557353496551514
IONQ,2022-07-21,Chronos-LoRA-V1,-0.07498582694721129,0.0878001324928163,False,False,-0.06839311122894287,0.06820551306009293
IONQ,2022-08-22,Chronos-LoRA-V1,0.0015563819669177138,0.18432341375518824,False,False,-0.0951230451464653,0.08869795501232147
IONQ,2022-09-23,Chronos-LoRA-V1,0.0041841025573310054,0.08219957744901515,False,False,-0.06207989528775215,0.05700000375509262
IONQ,2022-10-25,Chronos-LoRA-V1,0.023788882243405772,0.09759116225919809,False,False,-0.062487997114658356,0.0592239648103714
IONQ,2022-11-28,Chronos-LoRA-V1,-0.02251889091428668,0.12566210323411275,False,False,-0.062427736818790436,0.059611059725284576
IONQ,2022-12-29,Chronos-LoRA-V1,-0.02575247150506701,0.0992077101334063,False,False,-0.07142903655767441,0.06704840809106827
IONQ,2023-02-02,Chronos-LoRA-V1,0.0018198784076674348,0.09442935934788367,False,False,-0.06793130934238434,0.07551497966051102
IONQ,2023-03-07,Chronos-LoRA-V1,0.024001129208062993,0.10185703531601473,False,False,-0.058951348066329956,0.05578428506851196
IONQ,2023-04-10,Chronos-LoRA-V1,-0.010271505454393025,0.1355637815232327,False,False,-0.06238763779401779,0.06346779316663742
IONQ,2023-05-10,Chronos-LoRA-V1,0.010021583187863769,0.0792591599862848,False,False,-0.05406411737203598,0.059276238083839417
IONQ,2023-06-13,Chronos-LoRA-V1,-0.06711322466617804,0.16593193849174143,False,False,-0.0673074945807457,0.06848251819610596
IONQ,2023-07-17,Chronos-LoRA-V1,0.052936267346308664,0.13592389224386056,False,False,-0.06749049574136734,0.07275848835706711
IONQ,2023-08-17,Chronos-LoRA-V1,0.03102782711145243,0.14233794764111532,False,False,-0.07500582933425903,0.07493315637111664
IONQ,2023-09-20,Chronos-LoRA-V1,-0.0897177712109174,0.119838157710751,False,False,-0.07195103913545609,0.06932905316352844
IONQ,2023-10-20,Chronos-LoRA-V1,0.003963555704296674,0.09962886886035506,False,False,-0.07629945129156113,0.06638765335083008
IONQ,2023-11-22,Chronos-LoRA-V1,-0.004842658395539763,0.09977395149951383,False,False,-0.06900034099817276,0.06622570753097534
IONQ,2023-12-26,Chronos-LoRA-V1,-0.0231959830511088,0.0908528580127625,False,False,-0.0646824985742569,0.06452320516109467
IONQ,2024-01-30,Chronos-LoRA-V1,-0.04008161727038914,0.06837975221259236,False,False,-0.061989642679691315,0.05950253829360008
IONQ,2024-03-01,Chronos-LoRA-V1,-0.05495355493543494,0.08444101990386589,False,False,-0.06356117129325867,0.058918870985507965
IONQ,2024-04-04,Chronos-LoRA-V1,0.009820062871229898,0.08690571818374129,False,False,-0.05960388481616974,0.056783296167850494
IONQ,2024-05-06,Chronos-LoRA-V1,-0.07261699966729143,0.0816615213986192,False,False,-0.06189741939306259,0.06055883318185806
IONQ,2024-06-07,Chronos-LoRA-V1,0.04478361812566412,0.056772455714597894,False,True,-0.05697384104132652,0.054782573133707047
IONQ,2024-07-11,Chronos-LoRA-V1,0.05222793984072294,0.07104688827084044,False,False,-0.0527217723429203,0.052524156868457794
IONQ,2024-08-13,Chronos-LoRA-V1,0.004112374905568538,0.12395989010166633,False,False,-0.059119775891304016,0.061044566333293915
IONQ,2024-09-13,Chronos-LoRA-V1,0.007702212818593349,0.07627622571415915,False,False,-0.05302704870700836,0.06456981599330902
IONQ,2024-10-16,Chronos-LoRA-V1,0.01612936642298423,0.1557566950083895,False,False,-0.05832166597247124,0.07197532057762146
IONQ,2024-11-15,Chronos-LoRA-V1,-0.1440780353122285,0.19968685982441037,False,False,-0.06929710507392883,0.08912467211484909
IONQ,2024-12-19,Chronos-LoRA-V1,0.1624394804185008,0.19155965464227773,False,False,-0.10284525901079178,0.10869407653808594
IONQ,2025-01-24,Chronos-LoRA-V1,-0.05600448043378899,0.27846550802267395,False,False,-0.12913958728313446,0.133328378200531
IONQ,2025-02-27,Chronos-LoRA-V1,-0.013743149036100365,0.09888289765338892,False,False,-0.08827696740627289,0.09019459038972855
IONQ,2025-04-01,Chronos-LoRA-V1,0.07715262277711707,0.17007134262285659,False,False,-0.0807630717754364,0.07758954167366028
IONQ,2025-05-02,Chronos-LoRA-V1,-0.03622392708402123,0.15541888220499572,False,False,-0.08462449908256531,0.08042239397764206
IONQ,2025-06-05,Chronos-LoRA-V1,0.0623881086771647,0.1897228788849197,False,False,-0.07402941584587097,0.06964103132486343
IONQ,2025-07-09,Chronos-LoRA-V1,0.00808833626061652,0.08855001340201858,False,False,-0.06523934006690979,0.05863463506102562
IONQ,2025-08-11,Chronos-LoRA-V1,-0.044128120505297484,0.07718927162090053,False,False,-0.06089717149734497,0.05878892168402672
IONQ,2025-09-11,Chronos-LoRA-V1,0.16715220235915992,0.08178086139635264,True,False,-0.06329633295536041,0.059348464012145996
IONQ,2025-10-14,Chronos-LoRA-V1,-0.06857846699931491,0.12714067524078612,False,False,-0.0691477581858635,0.07159752398729324
IONQ,2025-11-13,Chronos-LoRA-V1,0.0384579417908891,0.1123456057884368,False,False,-0.08053013682365417,0.08284860104322433
IONQ,2025-12-17,Chronos-LoRA-V1,0.012785961835722115,0.13320499004108904,False,False,-0.08324451744556427,0.08594340831041336
IONQ,2026-01-21,Chronos-LoRA-V1,0.020479928620632713,0.09500963405816845,False,False,-0.07101844251155853,0.0747118666768074
IONQ,2026-02-24,Chronos-LoRA-V1,0.06043854984431327,0.1273291981669404,False,False,-0.07971520721912384,0.08263587206602097
IONQ,2026-03-26,Chronos-LoRA-V1,-0.08130019719266161,0.05416780516283042,True,True,-0.07071591168642044,0.07396131753921509
IONQ,2026-04-29,Chronos-LoRA-V1,0.06904032684898123,0.14386662360966862,False,False,-0.07649775594472885,0.07939479500055313
IONQ,2026-06-01,Chronos-LoRA-V1,0.03014164408206085,0.13463026617980256,False,False,-0.07325989753007889,0.07876019924879074
IONQ,2026-07-06,Chronos-LoRA-V1,-0.07453301655058833,0.12186652814673359,False,False,-0.07352229207754135,0.07627260684967041
IONQ,2026-08-06,Chronos-LoRA-V1,0.11206005390682601,0.11364073570962493,False,False,-0.07012026757001877,0.07304085046052933
AAPL,2011-03-11,Chronos-LoRA-V2,0.0044502413825216495,0.02885882011001267,False,False,-0.014406224712729454,0.017723949626088142
AAPL,2011-07-05,Chronos-LoRA-V2,0.006645443727850954,0.032177449317118245,False,False,-0.016090918332338333,0.01909738779067993
AAPL,2011-10-25,Chronos-LoRA-V2,0.007089639963324946,0.049160836161456604,False,False,-0.022283785045146942,0.02514776773750782
AAPL,2012-02-17,Chronos-LoRA-V2,0.025036972759730772,0.035584133733980505,False,False,-0.013121954165399075,0.017529264092445374
AAPL,2012-06-12,Chronos-LoRA-V2,-0.006967055531725894,0.03929342052266589,False,False,-0.0171916875988245,0.020695701241493225
AAPL,2012-10-03,Chronos-LoRA-V2,-0.006949313461034188,0.02930300755163749,False,False,-0.016659442335367203,0.01998983882367611
AAPL,2013-01-30,Chronos-LoRA-V2,-0.0029372222698239234,0.06900682738796965,False,False,-0.024160917848348618,0.02597794309258461
AAPL,2013-05-23,Chronos-LoRA-V2,0.006784685215479068,0.03436672094761819,False,False,-0.017755072563886642,0.021017588675022125
AAPL,2013-09-16,Chronos-LoRA-V2,0.011486485063267946,0.036533530044340075,False,False,-0.02239254303276539,0.023178525269031525
AAPL,2014-01-08,Chronos-LoRA-V2,-0.012852087608966464,0.025244626316059476,False,False,-0.015851140022277832,0.01817172020673752
AAPL,2014-05-02,Chronos-LoRA-V2,0.014042189814749726,0.04384350883042597,False,False,-0.015350522473454475,0.016140850260853767
AAPL,2014-08-25,Chronos-LoRA-V2,-0.006421884446149109,0.018046368175844228,False,False,-0.010259410366415977,0.01244410965591669
AAPL,2014-12-16,Chronos-LoRA-V2,0.024612692981759606,0.028236830508079586,False,False,-0.014953515492379665,0.017163757234811783
AAPL,2015-04-13,Chronos-LoRA-V2,-0.004345546377145041,0.025301045108785017,False,False,-0.014295763336122036,0.017413225024938583
AAPL,2015-08-04,Chronos-LoRA-V2,0.006607322554794695,0.03630499270474385,False,False,-0.01666855253279209,0.019095253199338913
AAPL,2015-11-24,Chronos-LoRA-V2,-0.00717587330635183,0.03492737916885329,False,False,-0.0167513657361269,0.01938716135919094
AAPL,2016-03-21,Chronos-LoRA-V2,0.00761875631624091,0.025676942299089334,False,False,-0.016943251714110374,0.018987935036420822
AAPL,2016-07-13,Chronos-LoRA-V2,0.01962658372589728,0.02276684138375036,False,False,-0.013354451395571232,0.014161970466375351
AAPL,2016-11-02,Chronos-LoRA-V2,-0.01077664088712817,0.01825842281181891,False,False,-0.013810918666422367,0.014513887465000153
AAPL,2017-02-28,Chronos-LoRA-V2,0.020232968695445108,0.027389205272767014,False,False,-0.007468122988939285,0.009472772479057312
AAPL,2017-06-21,Chronos-LoRA-V2,-0.00164641020601484,0.02793663806100878,False,False,-0.013430130667984486,0.015122930519282818
AAPL,2017-10-12,Chronos-LoRA-V2,0.006326314905951087,0.01821537406870928,False,False,-0.01040724292397499,0.012897091917693615
AAPL,2018-02-06,Chronos-LoRA-V2,-0.021639620925453212,0.03441424703035487,False,False,-0.01582682691514492,0.01897326298058033
AAPL,2018-05-31,Chronos-LoRA-V2,0.01787337241776974,0.02081419383406024,False,False,-0.010554693639278412,0.01328503992408514
AAPL,2018-09-21,Chronos-LoRA-V2,0.014277957583209747,0.0273090721707684,False,False,-0.013960092328488827,0.01692149043083191
AAPL,2019-01-17,Chronos-LoRA-V2,0.006140199346842176,0.06819397608010681,False,False,-0.019475795328617096,0.021815301850438118
AAPL,2019-05-13,Chronos-LoRA-V2,0.015706111059241534,0.04147145332141114,False,False,-0.02299543470144272,0.024204619228839874
AAPL,2019-09-04,Chronos-LoRA-V2,0.019362791548437282,0.04006074807744136,False,False,-0.0176687091588974,0.01984916627407074
AAPL,2019-12-26,Chronos-LoRA-V2,-0.0003796856312069616,0.022124974430602365,False,False,-0.013086814433336258,0.016752036288380623
AAPL,2020-04-21,Chronos-LoRA-V2,0.02839660991249939,0.07929357388154565,False,False,-0.034695740789175034,0.03657056763768196
AAPL,2020-08-12,Chronos-LoRA-V2,0.0175426559658522,0.06254374021310118,False,False,-0.021275203675031662,0.026841415092349052
AAPL,2020-12-03,Chronos-LoRA-V2,-0.005628064229194861,0.03325324391036956,False,False,-0.017422886565327644,0.023856857791543007
AAPL,2021-03-30,Chronos-LoRA-V2,0.018591975034542484,0.041323913460440474,False,False,-0.020752238109707832,0.02580730989575386
AAPL,2021-07-22,Chronos-LoRA-V2,0.011917983742510418,0.026934522770551778,False,False,-0.016698792576789856,0.022695377469062805
AAPL,2021-11-11,Chronos-LoRA-V2,0.014235196079960127,0.020571554189529776,False,False,-0.012520036660134792,0.016597561538219452
AAPL,2022-03-08,Chronos-LoRA-V2,0.03439875595462113,0.03289848603709963,True,False,-0.020772764459252357,0.023492490872740746
AAPL,2022-06-30,Chronos-LoRA-V2,0.016035169836734538,0.049775836015079226,False,False,-0.026819676160812378,0.029091281816363335
AAPL,2022-10-21,Chronos-LoRA-V2,0.014694080989188452,0.04699504326924561,False,False,-0.022290252149105072,0.024202371016144753
AAPL,2023-02-15,Chronos-LoRA-V2,-0.010484095724303154,0.031007762469612756,False,False,-0.02137991413474083,0.023372162133455276
AAPL,2023-06-09,Chronos-LoRA-V2,0.015517778735450129,0.01723665275684881,False,False,-0.012058552354574203,0.014903322793543339
AAPL,2023-10-03,Chronos-LoRA-V2,0.007281968363713714,0.02932136906241544,False,False,-0.017867738381028175,0.018294209614396095
AAPL,2024-01-26,Chronos-LoRA-V2,-0.0035923363983041017,0.028846921644196735,False,False,-0.013780370354652405,0.014600645750761032
AAPL,2024-05-20,Chronos-LoRA-V2,0.006833838608701723,0.032487030129917764,False,False,-0.013927681371569633,0.015057820826768875
AAPL,2024-09-12,Chronos-LoRA-V2,-0.001212683334389152,0.01916237887056088,False,False,-0.01433886494487524,0.015856165438890457
AAPL,2025-01-06,Chronos-LoRA-V2,-0.011453086901282222,0.02392768102009191,False,False,-0.01359984278678894,0.01608957350254059
AAPL,2025-05-01,Chronos-LoRA-V2,-0.03807747848377128,0.10196754422079546,False,False,-0.018011709675192833,0.018944915384054184
AAPL,2025-08-25,Chronos-LoRA-V2,0.009420196768850203,0.039045681744688525,False,False,-0.01609407551586628,0.01733899489045143
AAPL,2025-12-16,Chronos-LoRA-V2,-0.010138255944275731,0.018531925152240517,False,False,-0.013818090781569481,0.015918031334877014
AAPL,2026-04-13,Chronos-LoRA-V2,-0.0014285405616683605,0.02479581757465648,False,False,-0.014826936647295952,0.016888674348592758
AAPL,2026-08-06,Chronos-LoRA-V2,0.0029404636305595897,0.04714774899941368,False,False,-0.025513697415590286,0.02671634964644909
MSFT,2011-03-11,Chronos-LoRA-V2,0.0003893248311432288,0.01699216002400379,False,False,-0.013891110196709633,0.013314630836248398
MSFT,2011-07-05,Chronos-LoRA-V2,0.01145968845659617,0.02636190169441356,False,False,-0.013754025101661682,0.013734451495110989
MSFT,2011-10-25,Chronos-LoRA-V2,-0.00823965332939845,0.02833153164098282,False,False,-0.015208986587822437,0.015119343996047974
MSFT,2012-02-17,Chronos-LoRA-V2,0.006061769091307979,0.02322671477928609,False,False,-0.013912358321249485,0.01508274208754301
MSFT,2012-06-12,Chronos-LoRA-V2,-0.005477940175513536,0.029285797289682832,False,False,-0.015053525567054749,0.01593388244509697
MSFT,2012-10-03,Chronos-LoRA-V2,0.005677222539120568,0.021938772765380168,False,False,-0.013964318670332432,0.014481784775853157
MSFT,2013-01-30,Chronos-LoRA-V2,-0.014467343556985295,0.0234509760308416,False,False,-0.013800423592329025,0.013755070976912975
MSFT,2013-05-23,Chronos-LoRA-V2,0.0035073643940008647,0.025316433219765986,False,False,-0.01391019020229578,0.01507593784481287
MSFT,2013-09-16,Chronos-LoRA-V2,0.0039558062642522825,0.04809534324354191,False,False,-0.015562205575406551,0.01691400818526745
MSFT,2014-01-08,Chronos-LoRA-V2,-0.006452864890475546,0.02092676123131707,False,False,-0.01569020003080368,0.016560204327106476
MSFT,2014-05-02,Chronos-LoRA-V2,-0.006572302765448421,0.026102328692710123,False,False,-0.013831598684191704,0.014737775549292564
MSFT,2014-08-25,Chronos-LoRA-V2,-0.0035488253505163428,0.015756447062779528,False,False,-0.010809941217303276,0.012808115221560001
MSFT,2014-12-16,Chronos-LoRA-V2,0.012761093928868573,0.02303657524480972,False,False,-0.015169234946370125,0.017084751278162003
MSFT,2015-04-13,Chronos-LoRA-V2,-0.0026373952729416453,0.025126819354865826,False,False,-0.012775254435837269,0.014816447161138058
MSFT,2015-08-04,Chronos-LoRA-V2,0.0008411265387977357,0.026252744466876244,False,False,-0.012815951369702816,0.014895914122462273
MSFT,2015-11-24,Chronos-LoRA-V2,-0.010376239576350772,0.020567005281044826,False,False,-0.012939643114805222,0.014877491630613804
MSFT,2016-03-21,Chronos-LoRA-V2,0.0038911259559960055,0.03264835685764351,False,False,-0.01837071217596531,0.019914112985134125
MSFT,2016-07-13,Chronos-LoRA-V2,0.004288914264517961,0.03186292848229578,False,False,-0.015241842716932297,0.016479523852467537
MSFT,2016-11-02,Chronos-LoRA-V2,-0.003708589503374955,0.024367081089664705,False,False,-0.01203038077801466,0.013016169890761375
MSFT,2017-02-28,Chronos-LoRA-V2,0.014893375152559623,0.012906359568683962,True,False,-0.01028010156005621,0.011486737988889217
MSFT,2017-06-21,Chronos-LoRA-V2,-0.0001423064077827881,0.02095464301137146,False,False,-0.010285800322890282,0.01210031658411026
MSFT,2017-10-12,Chronos-LoRA-V2,0.004786580518383869,0.014467120913778343,False,False,-0.008009597659111023,0.010400321334600449
MSFT,2018-02-06,Chronos-LoRA-V2,-0.01901256212319852,0.036186355482616936,False,False,-0.017559917643666267,0.019992057234048843
MSFT,2018-05-31,Chronos-LoRA-V2,0.019536805881802878,0.01432559665557468,True,False,-0.01027828361839056,0.012545130215585232
MSFT,2018-09-21,Chronos-LoRA-V2,0.0035822224216122854,0.022692453813010202,False,False,-0.0126790851354599,0.015356919728219509
MSFT,2019-01-17,Chronos-LoRA-V2,0.014872077089352008,0.05222364168256083,False,False,-0.01601164974272251,0.018513083457946777
MSFT,2019-05-13,Chronos-LoRA-V2,0.01112565587120525,0.0296197974668137,False,False,-0.014834554865956306,0.018385624513030052
MSFT,2019-09-04,Chronos-LoRA-V2,0.017430312022127442,0.032747935758096924,False,False,-0.01725914515554905,0.0201962161809206
MSFT,2019-12-26,Chronos-LoRA-V2,0.0018255614250268955,0.012913019714996858,False,False,-0.008868812583386898,0.012388329952955246
MSFT,2020-04-21,Chronos-LoRA-V2,0.03340075741545557,0.07915426421554306,False,False,-0.029661444947123528,0.033830247819423676
MSFT,2020-08-12,Chronos-LoRA-V2,-0.002345154083999388,0.0474107502875576,False,False,-0.01957252062857151,0.02358247898519039
MSFT,2020-12-03,Chronos-LoRA-V2,0.000559921216435259,0.030712302842185724,False,False,-0.014537357725203037,0.01840924471616745
MSFT,2021-03-30,Chronos-LoRA-V2,0.01676600861552437,0.03290125159977762,False,False,-0.01736772432923317,0.020936056971549988
MSFT,2021-07-22,Chronos-LoRA-V2,0.012260860771018369,0.01805819605153792,False,False,-0.011467047035694122,0.01595372147858143
MSFT,2021-11-11,Chronos-LoRA-V2,0.01282237424869702,0.023804444959101938,False,False,-0.011494825594127178,0.015910454094409943
MSFT,2022-03-08,Chronos-LoRA-V2,0.044837786210020054,0.043598762317416176,True,False,-0.02457159198820591,0.02704150415956974
MSFT,2022-06-30,Chronos-LoRA-V2,0.010650488199254016,0.0465691435232946,False,False,-0.025914186611771584,0.027542607858777046
MSFT,2022-10-21,Chronos-LoRA-V2,0.020966481408816462,0.048004484864539995,False,False,-0.02239632047712803,0.023921528831124306
MSFT,2023-02-15,Chronos-LoRA-V2,-0.026983409230140285,0.04286169418295984,False,False,-0.023210830986499786,0.02457522042095661
MSFT,2023-06-09,Chronos-LoRA-V2,0.015364992951105693,0.028916426723550714,False,False,-0.01640133000910282,0.018825698643922806
MSFT,2023-10-03,Chronos-LoRA-V2,0.01761730727036663,0.026949648333060884,False,False,-0.01785231940448284,0.018633976578712463
MSFT,2024-01-26,Chronos-LoRA-V2,0.014232405242177879,0.016402696840657597,False,False,-0.011605679988861084,0.01366609800606966
MSFT,2024-05-20,Chronos-LoRA-V2,0.008661348971833563,0.028625633222993982,False,False,-0.013567117042839527,0.015510465949773788
MSFT,2024-09-12,Chronos-LoRA-V2,0.008372369035759542,0.02350628156823535,False,False,-0.014300383627414703,0.01665095053613186
MSFT,2025-01-06,Chronos-LoRA-V2,-0.012890818317096082,0.023785328350633475,False,False,-0.013103245757520199,0.015604913234710693
MSFT,2025-05-01,Chronos-LoRA-V2,0.022959569991071918,0.06886670186951155,False,False,-0.0230614822357893,0.02652563713490963
MSFT,2025-08-25,Chronos-LoRA-V2,-0.004412251907813678,0.02727238110017713,False,False,-0.012798315845429897,0.015122389420866966
MSFT,2025-12-16,Chronos-LoRA-V2,-0.0005670144578096566,0.028540408020713767,False,False,-0.014269066974520683,0.015650102868676186
MSFT,2026-04-13,Chronos-LoRA-V2,0.02248380906043869,0.032298569969164026,False,False,-0.016700154170393944,0.01762467622756958
MSFT,2026-08-06,Chronos-LoRA-V2,0.00026004905973253683,0.07701573395003532,False,False,-0.024719765409827232,0.02635148912668228
NVDA,2011-03-11,Chronos-LoRA-V2,0.00827598558737279,0.08392890430901953,False,False,-0.042097967118024826,0.04137274995446205
NVDA,2011-07-05,Chronos-LoRA-V2,-0.013312519933267774,0.036946031477589,False,False,-0.029848555102944374,0.029821502044796944
NVDA,2011-10-25,Chronos-LoRA-V2,0.011696028239942665,0.08392580167127314,False,False,-0.041171807795763016,0.040264155715703964
NVDA,2012-02-17,Chronos-LoRA-V2,0.005034642417659065,0.03806956471099442,False,False,-0.029201999306678772,0.03108825348317623
NVDA,2012-06-12,Chronos-LoRA-V2,-0.026732885599628345,0.04941210736675583,False,False,-0.032522235065698624,0.032707735896110535
NVDA,2012-10-03,Chronos-LoRA-V2,0.0435177862960771,0.02952085485556574,True,False,-0.02057226561009884,0.019995445385575294
NVDA,2013-01-30,Chronos-LoRA-V2,-0.004881825497204813,0.03566967180308187,False,False,-0.02267659828066826,0.02016560360789299
NVDA,2013-05-23,Chronos-LoRA-V2,-0.006170403794204494,0.03428714029033653,False,False,-0.02173244208097458,0.020863525569438934
NVDA,2013-09-16,Chronos-LoRA-V2,0.0031573573969845585,0.018118175482849132,False,False,-0.012075470760464668,0.013364395126700401
NVDA,2014-01-08,Chronos-LoRA-V2,-0.0379990975096173,0.023508970474077247,True,False,-0.014613794162869453,0.015497729182243347
NVDA,2014-05-02,Chronos-LoRA-V2,0.01079342559350671,0.031056518154309414,False,False,-0.01695924624800682,0.0182383693754673
NVDA,2014-08-25,Chronos-LoRA-V2,0.017635378202866755,0.045192048942629265,False,False,-0.014328810386359692,0.015370743349194527
NVDA,2014-12-16,Chronos-LoRA-V2,0.040015391645696306,0.029405132124624523,True,False,-0.01606478914618492,0.017716260626912117
NVDA,2015-04-13,Chronos-LoRA-V2,-0.008461429552937943,0.04251867350884823,False,False,-0.017998050898313522,0.020106567069888115
NVDA,2015-08-04,Chronos-LoRA-V2,0.010256727479017291,0.02547023149292882,False,False,-0.017319219186902046,0.018750280141830444
NVDA,2015-11-24,Chronos-LoRA-V2,-0.0012842160047085726,0.07013750947108263,False,False,-0.020855523645877838,0.023004313930869102
NVDA,2016-03-21,Chronos-LoRA-V2,-0.0017708263013237458,0.030774977874197192,False,False,-0.023158110678195953,0.02555616945028305
NVDA,2016-07-13,Chronos-LoRA-V2,0.010179186870717278,0.041013039802495016,False,False,-0.019000224769115448,0.022450625896453857
NVDA,2016-11-02,Chronos-LoRA-V2,-0.011703072171413564,0.03352781756263682,False,False,-0.01805792935192585,0.022623050957918167
NVDA,2017-02-28,Chronos-LoRA-V2,0.012826612056207068,0.06121472688215743,False,False,-0.026983018964529037,0.03210423141717911
NVDA,2017-06-21,Chronos-LoRA-V2,-0.006921918044237774,0.05102460841742252,False,False,-0.021706130355596542,0.028411749750375748
NVDA,2017-10-12,Chronos-LoRA-V2,0.018464118678240462,0.045228907734187626,False,False,-0.018910028040409088,0.026837877929210663
NVDA,2018-02-06,Chronos-LoRA-V2,0.014173319436734728,0.056836444205440616,False,False,-0.02603491209447384,0.03353826701641083
NVDA,2018-05-31,Chronos-LoRA-V2,0.02130278613553754,0.03633053753226069,False,False,-0.020782459527254105,0.02782665193080902
NVDA,2018-09-21,Chronos-LoRA-V2,0.008504472807048727,0.02734895076821342,False,False,-0.020865581929683685,0.02626480907201767
NVDA,2019-01-17,Chronos-LoRA-V2,0.03376332568652156,0.0682941372894323,False,False,-0.02991662174463272,0.03292817249894142
NVDA,2019-05-13,Chronos-LoRA-V2,0.022403874688212623,0.04362070354214918,False,False,-0.029290053993463516,0.03284236043691635
NVDA,2019-09-04,Chronos-LoRA-V2,0.06303354828704191,0.06600401761533907,False,False,-0.028818491846323013,0.03206103667616844
NVDA,2019-12-26,Chronos-LoRA-V2,-0.009746877770510405,0.027830927615931405,False,False,-0.017350707203149796,0.020523956045508385
NVDA,2020-04-21,Chronos-LoRA-V2,0.059910765647263005,0.11651275839819637,False,False,-0.050109121948480606,0.05123306065797806
NVDA,2020-08-12,Chronos-LoRA-V2,0.00024032638280527854,0.043800628386052004,False,False,-0.025651976466178894,0.030862631276249886
NVDA,2020-12-03,Chronos-LoRA-V2,0.012039512836406502,0.05490950086781845,False,False,-0.02390231192111969,0.029807303100824356
NVDA,2021-03-30,Chronos-LoRA-V2,0.036350293352078365,0.06805918438433195,False,False,-0.02667643129825592,0.031159445643424988
NVDA,2021-07-22,Chronos-LoRA-V2,-0.0018387614159525105,0.04996830387511289,False,False,-0.026996560394763947,0.033826783299446106
NVDA,2021-11-11,Chronos-LoRA-V2,0.0,0.06493782059249706,False,False,-0.025986040011048317,0.03418079391121864
NVDA,2022-03-08,Chronos-LoRA-V2,0.06739893026302975,0.09208585002719777,False,False,-0.042147111147642136,0.04727817699313164
NVDA,2022-06-30,Chronos-LoRA-V2,-0.04286075320440339,0.08119550039153942,False,False,-0.04763125628232956,0.05111083760857582
NVDA,2022-10-21,Chronos-LoRA-V2,0.010612367350244277,0.07120565303442254,False,False,-0.038608431816101074,0.03954886272549629
NVDA,2023-02-15,Chronos-LoRA-V2,-0.03404700541518224,0.07713114567091621,False,False,-0.040089234709739685,0.04453081265091896
NVDA,2023-06-09,Chronos-LoRA-V2,0.018198253263206197,0.11942160737020799,False,False,-0.032391149550676346,0.03838318586349487
NVDA,2023-10-03,Chronos-LoRA-V2,0.011969293744044434,0.03838967632730832,False,False,-0.02996877394616604,0.033066343516111374
NVDA,2024-01-26,Chronos-LoRA-V2,0.02322443767939612,0.04105561806031558,False,False,-0.02266550622880459,0.02787841111421585
NVDA,2024-05-20,Chronos-LoRA-V2,0.006373286765853213,0.055621393595403495,False,False,-0.030716687440872192,0.03791077807545662
NVDA,2024-09-12,Chronos-LoRA-V2,-0.00033587920159958205,0.08302911561318294,False,False,-0.04186294227838516,0.05043262615799904
NVDA,2025-01-06,Chronos-LoRA-V2,-0.06418618211945995,0.04910341235803364,True,False,-0.02727849781513214,0.03646017983555794
NVDA,2025-05-01,Chronos-LoRA-V2,0.02556424074860387,0.11810725405509022,False,False,-0.038347113877534866,0.04418920353055
NVDA,2025-08-25,Chronos-LoRA-V2,0.010841438539146327,0.03117924306542168,False,False,-0.0194973424077034,0.02701338194310665
NVDA,2025-12-16,Chronos-LoRA-V2,-0.038896680515676234,0.0380944494402619,True,False,-0.024245094507932663,0.029955968260765076
NVDA,2026-04-13,Chronos-LoRA-V2,0.037327446488877807,0.04370416458926145,False,False,-0.02250671200454235,0.02672765776515007
NVDA,2026-08-06,Chronos-LoRA-V2,0.02244140270108172,0.055272168220090054,False,False,-0.02777048759162426,0.03159353882074356
AMZN,2011-03-11,Chronos-LoRA-V2,-0.008004754372241726,0.028712906747746122,False,False,-0.02060779556632042,0.02236596681177616
AMZN,2011-07-05,Chronos-LoRA-V2,0.00467970246301004,0.03374324904405169,False,False,-0.01952533796429634,0.022471893578767776
AMZN,2011-10-25,Chronos-LoRA-V2,-0.1353253963812126,0.05123217451536922,True,False,-0.027074096724390984,0.029441259801387787
AMZN,2012-02-17,Chronos-LoRA-V2,-0.001315943163754481,0.05232318132336524,False,False,-0.025739818811416626,0.02819373458623886
AMZN,2012-06-12,Chronos-LoRA-V2,-0.007839568227068319,0.032369705324580424,False,False,-0.020245756953954697,0.022821955382823944
AMZN,2012-10-03,Chronos-LoRA-V2,0.01762286671643012,0.028789376142595427,False,False,-0.018378496170043945,0.020380480214953423
AMZN,2013-01-30,Chronos-LoRA-V2,-0.026977441581677992,0.04711788111365021,False,False,-0.027179580181837082,0.02950994111597538
AMZN,2013-05-23,Chronos-LoRA-V2,-0.0002292286669446575,0.043179888722985345,False,False,-0.018690817058086395,0.020127367228269577
AMZN,2013-09-16,Chronos-LoRA-V2,0.027024582719098463,0.022445539237543846,True,False,-0.014182907529175282,0.015806445851922035
AMZN,2014-01-08,Chronos-LoRA-V2,-0.00226668921924171,0.021977510751698792,False,False,-0.016943885013461113,0.019760385155677795
AMZN,2014-05-02,Chronos-LoRA-V2,0.006601278428657596,0.061550639534693835,False,False,-0.019430110231041908,0.021946050226688385
AMZN,2014-08-25,Chronos-LoRA-V2,0.02311261395955904,0.025861446816036807,False,False,-0.015424856916069984,0.01807178370654583
AMZN,2014-12-16,Chronos-LoRA-V2,0.012863428305265249,0.03309981541293613,False,False,-0.020138388499617577,0.02195240743458271
AMZN,2015-04-13,Chronos-LoRA-V2,0.007166474179881528,0.01746235762132719,False,True,-0.016977209597826004,0.0187839362770319
AMZN,2015-08-04,Chronos-LoRA-V2,0.009561244357738523,0.0492773391890814,False,False,-0.015033601783216,0.017484527081251144
AMZN,2015-11-24,Chronos-LoRA-V2,0.006223590044783705,0.030994100477834442,False,False,-0.018474144861102104,0.021479403600096703
AMZN,2016-03-21,Chronos-LoRA-V2,0.011665001910245174,0.03015774279783713,False,False,-0.021390628069639206,0.022815655916929245
AMZN,2016-07-13,Chronos-LoRA-V2,-0.0019274146344341009,0.026316447115941027,False,False,-0.016542252153158188,0.01917584240436554
AMZN,2016-11-02,Chronos-LoRA-V2,0.0019183632456770188,0.03123718325935572,False,False,-0.017471596598625183,0.02051464468240738
AMZN,2017-02-28,Chronos-LoRA-V2,0.009469376476098914,0.02137201252079136,False,False,-0.013197533786296844,0.015602920204401016
AMZN,2017-06-21,Chronos-LoRA-V2,-0.0009283846759379751,0.024563703531101082,False,False,-0.012037677690386772,0.015447709709405899
AMZN,2017-10-12,Chronos-LoRA-V2,0.002006082882542097,0.017288215574747,False,False,-0.00904528982937336,0.012021297588944435
AMZN,2018-02-06,Chronos-LoRA-V2,-0.018226722717437444,0.038077311872179484,False,False,-0.018822716549038887,0.02291679009795189
AMZN,2018-05-31,Chronos-LoRA-V2,0.007287974742940334,0.013699143950387196,False,True,-0.010246705263853073,0.013763622380793095
AMZN,2018-09-21,Chronos-LoRA-V2,0.010053664875920762,0.031596780437823886,False,False,-0.01573241502046585,0.01928859017789364
AMZN,2019-01-17,Chronos-LoRA-V2,0.0017583478423892555,0.06710966251580212,False,False,-0.02266215719282627,0.026672258973121643
AMZN,2019-05-13,Chronos-LoRA-V2,0.009522776139087656,0.030122448117694118,False,False,-0.016917364671826363,0.02068624272942543
AMZN,2019-09-04,Chronos-LoRA-V2,0.02202580287152902,0.03060555924498794,False,False,-0.012356020510196686,0.01663191244006157
AMZN,2019-12-26,Chronos-LoRA-V2,0.0005509958634310166,0.024419504872338592,False,False,-0.012606380507349968,0.01680740900337696
AMZN,2020-04-21,Chronos-LoRA-V2,0.015078276370104332,0.05623748538120904,False,False,-0.03459341451525688,0.03668650612235069
AMZN,2020-08-12,Chronos-LoRA-V2,-0.0003859062604570367,0.051536110354246406,False,False,-0.021348481997847557,0.024110907688736916
AMZN,2020-12-03,Chronos-LoRA-V2,-0.007607189417695092,0.03750163538171917,False,False,-0.017249321565032005,0.020199930295348167
AMZN,2021-03-30,Chronos-LoRA-V2,0.012616087083554913,0.033827508129492645,False,False,-0.018172094598412514,0.01980348490178585
AMZN,2021-07-22,Chronos-LoRA-V2,0.005102345801164657,0.02992600601726164,False,False,-0.015047693625092506,0.01730964705348015
AMZN,2021-11-11,Chronos-LoRA-V2,0.015048234458080111,0.0357839653248157,False,False,-0.016703475266695023,0.01939648948609829
AMZN,2022-03-08,Chronos-LoRA-V2,0.023717698424230754,0.046479490298601364,False,False,-0.03038077987730503,0.03204759210348129
AMZN,2022-06-30,Chronos-LoRA-V2,0.031054064397665036,0.06726728382500183,False,False,-0.03890284150838852,0.03830815479159355
AMZN,2022-10-21,Chronos-LoRA-V2,0.0041816570199037775,0.0576740287926608,False,False,-0.031176188960671425,0.03111065737903118
AMZN,2023-02-15,Chronos-LoRA-V2,-0.03020652173405669,0.06252555931450908,False,False,-0.029656140133738518,0.02930677868425846
AMZN,2023-06-09,Chronos-LoRA-V2,0.025121316164936732,0.03922572948770367,False,False,-0.023311709985136986,0.02424287050962448
AMZN,2023-10-03,Chronos-LoRA-V2,0.018115851921521226,0.04419120026292831,False,False,-0.027049491181969643,0.026889661327004433
AMZN,2024-01-26,Chronos-LoRA-V2,0.013359331333490848,0.024937698331817047,False,False,-0.016150005161762238,0.018002497032284737
AMZN,2024-05-20,Chronos-LoRA-V2,-0.002127134911413819,0.033201814189365714,False,False,-0.01614336296916008,0.018708575516939163
AMZN,2024-09-12,Chronos-LoRA-V2,-0.0027309690556897217,0.04220913242417309,False,False,-0.021755307912826538,0.023592496290802956
AMZN,2025-01-06,Chronos-LoRA-V2,-0.02446088330127337,0.03490366635566539,False,False,-0.01840258575975895,0.02194201387465
AMZN,2025-05-01,Chronos-LoRA-V2,-0.0011573530932638618,0.0875651401775387,False,False,-0.027847200632095337,0.030809378251433372
AMZN,2025-08-25,Chronos-LoRA-V2,0.0033724076943096397,0.04981149086461627,False,False,-0.020352479070425034,0.022305317223072052
AMZN,2025-12-16,Chronos-LoRA-V2,-0.005813022613826566,0.0333875344200916,False,False,-0.020691167563199997,0.022628378123044968
AMZN,2026-04-13,Chronos-LoRA-V2,0.03735274928383268,0.046227933661375425,False,False,-0.021425334736704826,0.023505311459302902
AMZN,2026-08-06,Chronos-LoRA-V2,0.008120910623089925,0.08163270284597263,False,False,-0.02770199440419674,0.030190076678991318
ENPH,2013-06-11,Chronos-LoRA-V2,-0.0972237899487017,0.066978902013286,True,False,-0.054480914026498795,0.05168207362294197
ENPH,2013-09-16,Chronos-LoRA-V2,-0.007398359101006512,0.0764482184679313,False,False,-0.05198926851153374,0.0516415610909462
ENPH,2013-12-20,Chronos-LoRA-V2,-0.015915398044283505,0.10378418939080811,False,False,-0.0545496866106987,0.05193359777331352
ENPH,2014-03-31,Chronos-LoRA-V2,0.07080282066347386,0.05877606416088332,True,False,-0.047176897525787354,0.04553266987204552
ENPH,2014-07-08,Chronos-LoRA-V2,0.010857911347376573,0.03733097399245795,False,False,-0.032022781670093536,0.03374771773815155
ENPH,2014-10-10,Chronos-LoRA-V2,-0.03963784597991297,0.09914892694353988,False,False,-0.055155739188194275,0.05791155621409416
ENPH,2015-01-20,Chronos-LoRA-V2,-0.016167738833627637,0.07929953489557338,False,False,-0.05239336937665939,0.054746076464653015
ENPH,2015-04-27,Chronos-LoRA-V2,0.01602476396043174,0.050491129999175106,False,False,-0.04296296834945679,0.0464334636926651
ENPH,2015-08-03,Chronos-LoRA-V2,0.03060546375949964,0.11038569590490642,False,False,-0.04630756005644798,0.04562408849596977
ENPH,2015-11-05,Chronos-LoRA-V2,-0.049007532246580825,0.21459873417414907,False,False,-0.07883832603693008,0.07316048443317413
ENPH,2016-02-16,Chronos-LoRA-V2,0.05035383667496035,0.13600722705748017,False,False,-0.0699755921959877,0.06891633570194244
ENPH,2016-05-20,Chronos-LoRA-V2,0.06791120236179353,0.08731703863679559,False,False,-0.057537611573934555,0.051487501710653305
ENPH,2016-08-26,Chronos-LoRA-V2,0.01643877609721746,0.06415521408075024,False,False,-0.04358220100402832,0.03660468012094498
ENPH,2016-12-01,Chronos-LoRA-V2,0.026668221646324243,0.06769360809497689,False,False,-0.049374181777238846,0.040992069989442825
ENPH,2017-03-13,Chronos-LoRA-V2,0.039845870688558355,0.13509920097309744,False,False,-0.08288881182670593,0.07235988974571228
ENPH,2017-06-16,Chronos-LoRA-V2,0.03822125249212064,0.07295634088109539,False,False,-0.0576338954269886,0.04706193879246712
ENPH,2017-09-22,Chronos-LoRA-V2,-0.03610497045088264,0.1315483118648176,False,False,-0.05764205753803253,0.052528101950883865
ENPH,2017-12-28,Chronos-LoRA-V2,-0.032655931189676975,0.07207837259179166,False,False,-0.05594935268163681,0.052992936223745346
ENPH,2018-04-09,Chronos-LoRA-V2,-0.03681399610282008,0.08294850586265144,False,False,-0.05687389522790909,0.0579831562936306
ENPH,2018-07-13,Chronos-LoRA-V2,-0.045033018260611506,0.09623329844621761,False,False,-0.059167180210351944,0.06169857084751129
ENPH,2018-10-18,Chronos-LoRA-V2,-0.02705682617565956,0.08586244444632302,False,False,-0.05194764584302902,0.0566069632768631
ENPH,2019-01-28,Chronos-LoRA-V2,0.028573345190656425,0.06637805129464955,False,False,-0.0490603931248188,0.054592836648225784
ENPH,2019-05-06,Chronos-LoRA-V2,0.03290712068094508,0.14190215659605673,False,False,-0.04182636737823486,0.05103522166609764
ENPH,2019-08-09,Chronos-LoRA-V2,-0.030281222436842496,0.14869737900201524,False,False,-0.03926319628953934,0.051354262977838516
ENPH,2019-11-14,Chronos-LoRA-V2,0.01722830021708537,0.1334280172124478,False,False,-0.04450042173266411,0.05139940232038498
ENPH,2020-02-24,Chronos-LoRA-V2,-0.08218633558682682,0.2078924229558855,False,False,-0.04300377890467644,0.056413765996694565
ENPH,2020-06-01,Chronos-LoRA-V2,-0.04682325771919545,0.11544213153450389,False,False,-0.05727219209074974,0.06767668575048447
ENPH,2020-09-03,Chronos-LoRA-V2,-0.024486133889773443,0.08124705134339935,False,False,-0.0507405623793602,0.06248431280255318
ENPH,2020-12-10,Chronos-LoRA-V2,0.06420024063345366,0.05911325323987824,True,False,-0.044627465307712555,0.058798857033252716
ENPH,2021-03-19,Chronos-LoRA-V2,0.0389849007526666,0.13809811346681944,False,False,-0.060027606785297394,0.0720600113272667
ENPH,2021-06-25,Chronos-LoRA-V2,0.0711836906391635,0.052327496532058176,True,True,-0.04161858558654785,0.053998950868844986
ENPH,2021-09-30,Chronos-LoRA-V2,0.03530972623840489,0.04208983477830065,False,False,-0.03338867053389549,0.04037768021225929
ENPH,2022-01-06,Chronos-LoRA-V2,-0.042889726304457726,0.07248706151391021,False,False,-0.04666513204574585,0.05197496339678764
ENPH,2022-04-13,Chronos-LoRA-V2,-0.014176509322804974,0.059653724843409826,False,False,-0.04730083793401718,0.05178589001297951
ENPH,2022-07-22,Chronos-LoRA-V2,0.03260076111112715,0.08465923285998596,False,False,-0.050960440188646317,0.05542638897895813
ENPH,2022-10-26,Chronos-LoRA-V2,0.04753798089588888,0.08142274371998078,False,False,-0.04261735454201698,0.04856551066040993
ENPH,2023-02-03,Chronos-LoRA-V2,0.0002691640562952529,0.06943124737288041,False,False,-0.04391191527247429,0.04369773715734482
ENPH,2023-05-11,Chronos-LoRA-V2,0.04118270839651467,0.1268996669810854,False,False,-0.043978482484817505,0.04330768063664436
ENPH,2023-08-18,Chronos-LoRA-V2,-0.0013819017614193848,0.04985466032684889,False,False,-0.03677808493375778,0.03412339836359024
ENPH,2023-11-22,Chronos-LoRA-V2,0.00019962351771399394,0.11353029440741016,False,False,-0.04333709925413132,0.04049098119139671
ENPH,2024-03-04,Chronos-LoRA-V2,0.008993838254035302,0.10531530308765066,False,False,-0.04482341185212135,0.043992117047309875
ENPH,2024-06-07,Chronos-LoRA-V2,0.06252528031360849,0.07674852514599058,False,False,-0.044153328984975815,0.042714472860097885
ENPH,2024-09-16,Chronos-LoRA-V2,0.06123120117398043,0.06903918739001408,False,False,-0.04583291709423065,0.042463790625333786
ENPH,2024-12-19,Chronos-LoRA-V2,0.08237797695351112,0.07717643351293026,True,False,-0.04857750982046127,0.04275495186448097
ENPH,2025-04-01,Chronos-LoRA-V2,0.0020815165352994487,0.06450848593173622,False,False,-0.04219277948141098,0.037565916776657104
ENPH,2025-07-09,Chronos-LoRA-V2,0.0027966167611559838,0.1458865742840226,False,False,-0.054615553468465805,0.049383748322725296
ENPH,2025-10-14,Chronos-LoRA-V2,0.029740020841016006,0.0672734896298396,False,False,-0.049384649842977524,0.043572477996349335
ENPH,2026-01-21,Chronos-LoRA-V2,0.11812272202658629,0.047227355559039265,True,False,-0.04258868470788002,0.03849174082279205
ENPH,2026-04-29,Chronos-LoRA-V2,0.05519712952191759,0.07525869464572564,False,False,-0.04999879002571106,0.04608786478638649
ENPH,2026-08-06,Chronos-LoRA-V2,0.05397436615170218,0.08486661052106255,False,False,-0.06074090674519539,0.05721811205148697
SMCI,2011-03-11,Chronos-LoRA-V2,-0.012295241028665756,0.043013848592295525,False,False,-0.030700046569108963,0.03364045172929764
SMCI,2011-07-05,Chronos-LoRA-V2,-0.011871463102031665,0.03153657854256318,False,False,-0.024612516164779663,0.026969021186232567
SMCI,2011-10-25,Chronos-LoRA-V2,0.09882952456724234,0.08930981634524011,True,False,-0.04187335446476936,0.0423799492418766
SMCI,2012-02-17,Chronos-LoRA-V2,-0.013072082453035094,0.03287698196410106,False,False,-0.025454476475715637,0.028013858944177628
SMCI,2012-06-12,Chronos-LoRA-V2,-0.03383407254354266,0.055216227530658586,False,False,-0.027503937482833862,0.029371893033385277
SMCI,2012-10-03,Chronos-LoRA-V2,-0.03471646784952302,0.03595607687977983,False,False,-0.02492317371070385,0.02427281066775322
SMCI,2013-01-30,Chronos-LoRA-V2,0.010556339305355327,0.08953555890592714,False,False,-0.02763495035469532,0.028512652963399887
SMCI,2013-05-23,Chronos-LoRA-V2,-0.0009760152152560126,0.03927249294193282,False,False,-0.025086769834160805,0.023690342903137207
SMCI,2013-09-16,Chronos-LoRA-V2,-0.003016554758329793,0.029411505184356798,False,False,-0.019048184156417847,0.019715888425707817
SMCI,2014-01-08,Chronos-LoRA-V2,-0.009603934767890832,0.02995768998684258,False,False,-0.020071053877472878,0.02109360136091709
SMCI,2014-05-02,Chronos-LoRA-V2,-0.022932212728172585,0.05168387732632361,False,False,-0.024578027427196503,0.026360487565398216
SMCI,2014-08-25,Chronos-LoRA-V2,0.005277061697307429,0.05571094661920018,False,False,-0.025107115507125854,0.027778882533311844
SMCI,2014-12-16,Chronos-LoRA-V2,0.042239970174044655,0.036924377403208676,True,False,-0.024273114278912544,0.028376812115311623
SMCI,2015-04-13,Chronos-LoRA-V2,0.0036738804032809876,0.04425077576476291,False,False,-0.0250560250133276,0.02943139709532261
SMCI,2015-08-04,Chronos-LoRA-V2,0.07822295944812868,0.04321477331880777,True,False,-0.026371760293841362,0.030037179589271545
SMCI,2015-11-24,Chronos-LoRA-V2,0.009155317554224357,0.06558830106189431,False,False,-0.03266054764389992,0.035806335508823395
SMCI,2016-03-21,Chronos-LoRA-V2,0.0,0.03510057232581904,False,False,-0.031313031911849976,0.03342244774103165
SMCI,2016-07-13,Chronos-LoRA-V2,0.0030639230465345185,0.051240618151808186,False,False,-0.029379550367593765,0.02985331043601036
SMCI,2016-11-02,Chronos-LoRA-V2,-0.011123627935856547,0.05899934683192977,False,False,-0.02815925143659115,0.02798987738788128
SMCI,2017-02-28,Chronos-LoRA-V2,0.022814746713129042,0.030700295733723803,False,False,-0.024032151326537132,0.023486439138650894
SMCI,2017-06-21,Chronos-LoRA-V2,0.00828161306447926,0.02518171954634252,False,False,-0.019912388175725937,0.019677113741636276
SMCI,2017-10-12,Chronos-LoRA-V2,0.004434592848067803,0.06676013713323309,False,False,-0.02038385532796383,0.02099015936255455
SMCI,2018-02-06,Chronos-LoRA-V2,0.012706638950606286,0.07454162869196877,False,False,-0.03006507083773613,0.030043506994843483
SMCI,2018-05-31,Chronos-LoRA-V2,0.012371279639161452,0.08786914800364982,False,False,-0.021985603496432304,0.023029478266835213
SMCI,2018-09-21,Chronos-LoRA-V2,-0.038911521684797265,0.07317898217534796,False,False,-0.023894237354397774,0.024525342509150505
SMCI,2019-01-17,Chronos-LoRA-V2,0.013423007444649979,0.05873682459930594,False,False,-0.03064287081360817,0.02984193153679371
SMCI,2019-05-13,Chronos-LoRA-V2,0.013144791034834076,0.030764286667236865,False,True,-0.03153388202190399,0.02817804552614689
SMCI,2019-09-04,Chronos-LoRA-V2,0.016043109499092628,0.09218023842940623,False,False,-0.028011852875351906,0.029318729415535927
SMCI,2019-12-26,Chronos-LoRA-V2,0.012526247349154982,0.04412681331781077,False,False,-0.023408519104123116,0.025053616613149643
SMCI,2020-04-21,Chronos-LoRA-V2,0.02262106793505798,0.08731259301651961,False,False,-0.03640834987163544,0.03773247078061104
SMCI,2020-08-12,Chronos-LoRA-V2,-0.0007692667462982661,0.07772349308973467,False,False,-0.039735227823257446,0.04132666438817978
SMCI,2020-12-03,Chronos-LoRA-V2,0.03184347213912126,0.03770956760957125,False,False,-0.02428731694817543,0.02754131145775318
SMCI,2021-03-30,Chronos-LoRA-V2,0.02909295868930078,0.04200527420907593,False,False,-0.024955008178949356,0.027477437630295753
SMCI,2021-07-22,Chronos-LoRA-V2,0.019563362461829614,0.0390094458536866,False,False,-0.024250535294413567,0.02644789218902588
SMCI,2021-11-11,Chronos-LoRA-V2,-0.014091204368042507,0.08317777036174097,False,False,-0.02453405037522316,0.027414124459028244
SMCI,2022-03-08,Chronos-LoRA-V2,0.027292140475765284,0.041412243582079504,False,False,-0.026249513030052185,0.028954744338989258
SMCI,2022-06-30,Chronos-LoRA-V2,-0.030701893380973004,0.07765424695072572,False,False,-0.03817015513777733,0.0397336445748806
SMCI,2022-10-21,Chronos-LoRA-V2,-0.02383677986674845,0.08170690022531536,False,False,-0.044113658368587494,0.04693690314888954
SMCI,2023-02-15,Chronos-LoRA-V2,0.03049792693700929,0.08147125302369583,False,False,-0.043370433151721954,0.04624791070818901
SMCI,2023-06-09,Chronos-LoRA-V2,-0.011570177477979709,0.11630187015990262,False,False,-0.050526831299066544,0.05675961822271347
SMCI,2023-10-03,Chronos-LoRA-V2,0.03790635570568232,0.07757713279191264,False,False,-0.049941956996917725,0.05499526113271713
SMCI,2024-01-26,Chronos-LoRA-V2,0.04438666317051559,0.17061269206378912,False,False,-0.043069060891866684,0.05114706605672836
SMCI,2024-05-20,Chronos-LoRA-V2,-0.005535577218814193,0.12156726592353993,False,False,-0.05443139001727104,0.06528290361166
SMCI,2024-09-12,Chronos-LoRA-V2,0.03342944557080886,0.11982058704036616,False,False,-0.05589282512664795,0.06329550594091415
SMCI,2025-01-06,Chronos-LoRA-V2,-0.05846644836316354,0.1081493688321439,False,False,-0.07130902260541916,0.07932556420564651
SMCI,2025-05-01,Chronos-LoRA-V2,0.02950242756001331,0.1409761250439799,False,False,-0.0749036967754364,0.07923007756471634
SMCI,2025-08-25,Chronos-LoRA-V2,0.006558904312119387,0.09496809819955616,False,False,-0.05535969138145447,0.055763762444257736
SMCI,2025-12-16,Chronos-LoRA-V2,-0.05920426918419112,0.05594794874168798,True,False,-0.04713473469018936,0.04493533447384834
SMCI,2026-04-13,Chronos-LoRA-V2,0.04627500211648954,0.17900171624826994,False,False,-0.06313169747591019,0.05833473429083824
SMCI,2026-08-06,Chronos-LoRA-V2,0.057857815313579815,0.1352480828244276,False,False,-0.06880085915327072,0.06813943386077881
CVNA,2018-07-06,Chronos-LoRA-V2,-0.051103658627608524,0.09369505099987833,False,False,-0.04363806173205376,0.053265247493982315
CVNA,2018-09-04,Chronos-LoRA-V2,-0.08020360181474506,0.05817287254322222,True,False,-0.03937441110610962,0.048934206366539
CVNA,2018-10-31,Chronos-LoRA-V2,0.1358834922648138,0.09010999949413306,True,False,-0.0469222292304039,0.05163174122571945
CVNA,2019-01-03,Chronos-LoRA-V2,0.019354389310272155,0.10415194138994296,False,False,-0.05764613300561905,0.0606999509036541
CVNA,2019-03-05,Chronos-LoRA-V2,0.05316733699069577,0.10950833769872094,False,False,-0.0533389188349247,0.0632602795958519
CVNA,2019-05-03,Chronos-LoRA-V2,-0.0019414704519490561,0.046774641644885546,False,False,-0.03904560208320618,0.04608740285038948
CVNA,2019-07-02,Chronos-LoRA-V2,-0.008225385850990979,0.07546337674797475,False,False,-0.045327216386795044,0.04988045245409012
CVNA,2019-08-30,Chronos-LoRA-V2,-0.01915723242161001,0.12917031213602007,False,False,-0.04074711725115776,0.046262744814157486
CVNA,2019-10-29,Chronos-LoRA-V2,-0.02644165743431196,0.05850481857115416,False,False,-0.038600701838731766,0.045477431267499924
CVNA,2019-12-30,Chronos-LoRA-V2,-0.002495500017384529,0.05925819258147331,False,False,-0.03928113728761673,0.043254852294921875
CVNA,2020-02-28,Chronos-LoRA-V2,-0.006655836727455652,0.11113575995456951,False,False,-0.055356714874506,0.05553141608834267
CVNA,2020-04-28,Chronos-LoRA-V2,0.02299783159377595,0.1771357986422858,False,False,-0.08077768236398697,0.08473014086484909
CVNA,2020-06-26,Chronos-LoRA-V2,0.02489821008462683,0.1348981575412342,False,False,-0.0497058667242527,0.05434921011328697
CVNA,2020-08-25,Chronos-LoRA-V2,0.023811244703727027,0.1462630214238306,False,False,-0.03414185345172882,0.04241260141134262
CVNA,2020-10-23,Chronos-LoRA-V2,-0.0062373079471919725,0.08251355824497948,False,False,-0.04905536770820618,0.05540121719241142
CVNA,2020-12-22,Chronos-LoRA-V2,-0.07668666972902587,0.07755853650850192,False,False,-0.04073084890842438,0.050965022295713425
CVNA,2021-02-24,Chronos-LoRA-V2,-0.07761824876717899,0.07511496365365418,True,False,-0.037743981927633286,0.046104561537504196
CVNA,2021-04-23,Chronos-LoRA-V2,0.057248285225138515,0.05682687133258685,True,False,-0.043472643941640854,0.049479205161333084
CVNA,2021-06-23,Chronos-LoRA-V2,-0.03301118048799236,0.04720992276550522,False,False,-0.03870311379432678,0.046017639338970184
CVNA,2021-08-20,Chronos-LoRA-V2,0.022111842385838347,0.03275137596553132,False,False,-0.02358452044427395,0.031624991446733475
CVNA,2021-10-19,Chronos-LoRA-V2,-0.006277154149259377,0.027793037378395752,False,False,-0.017655467614531517,0.023182274773716927
CVNA,2021-12-17,Chronos-LoRA-V2,-0.08383277351675741,0.08489852484330226,False,True,-0.08889666199684143,0.08973679691553116
CVNA,2022-02-16,Chronos-LoRA-V2,-0.024759395067421825,0.13867996593376355,False,False,-0.05747036635875702,0.05837980657815933
CVNA,2022-04-19,Chronos-LoRA-V2,-0.09550672518348217,0.12321279235707991,False,False,-0.07467155158519745,0.07465969026088715
CVNA,2022-06-16,Chronos-LoRA-V2,0.1258500675513595,0.19057632638433358,False,False,-0.11118320375680923,0.1032397672533989
CVNA,2022-08-17,Chronos-LoRA-V2,-0.03611392128367342,0.22163789430845057,False,False,-0.10218770802021027,0.0992228165268898
CVNA,2022-10-14,Chronos-LoRA-V2,0.06110500110762415,0.14111554843365162,False,False,-0.09343097358942032,0.0858464315533638
CVNA,2022-12-14,Chronos-LoRA-V2,0.039147529607715725,0.2810952631175327,False,False,-0.12314154952764511,0.11336135119199753
CVNA,2023-02-14,Chronos-LoRA-V2,0.1687031432591547,0.24691162917120252,False,False,-0.12148837000131607,0.11074912548065186
CVNA,2023-04-17,Chronos-LoRA-V2,-0.02911742398912355,0.13489361735351285,False,False,-0.08827747404575348,0.07897722721099854
CVNA,2023-06-14,Chronos-LoRA-V2,0.11987016594346468,0.3105376657311972,False,False,-0.12524199485778809,0.11769100278615952
CVNA,2023-08-14,Chronos-LoRA-V2,-0.044031557637086015,0.22598068741692434,False,False,-0.10304620862007141,0.09551951289176941
CVNA,2023-10-12,Chronos-LoRA-V2,0.0,0.0854427422777791,False,False,-0.0759633481502533,0.06850919127464294
CVNA,2023-12-11,Chronos-LoRA-V2,-0.008319723270969625,0.12182163201158855,False,False,-0.07904728502035141,0.06795869767665863
CVNA,2024-02-12,Chronos-LoRA-V2,-0.061744523218746315,0.09403324021805638,False,False,-0.06675562262535095,0.06455423682928085
CVNA,2024-04-11,Chronos-LoRA-V2,-0.0701567431422787,0.0648414336988304,True,False,-0.05935921147465706,0.05615584924817085
CVNA,2024-06-11,Chronos-LoRA-V2,0.0646166132273041,0.046613059207346465,True,False,-0.04486759006977081,0.04644118621945381
CVNA,2024-08-09,Chronos-LoRA-V2,-0.018114856050066973,0.0949874283579495,False,False,-0.05315854027867317,0.055973030626773834
CVNA,2024-10-09,Chronos-LoRA-V2,0.007860831814023559,0.05282615834446083,False,False,-0.03793839365243912,0.045297712087631226
CVNA,2024-12-06,Chronos-LoRA-V2,-0.028998090706934373,0.038192780813530225,False,True,-0.030226798728108406,0.03907747566699982
CVNA,2025-02-07,Chronos-LoRA-V2,0.014063575073661688,0.05819866045906689,False,False,-0.027733677998185158,0.03831745684146881
CVNA,2025-04-09,Chronos-LoRA-V2,-0.07917367886224642,0.18915628864513168,False,False,-0.09249244630336761,0.10396192222833633
CVNA,2025-06-09,Chronos-LoRA-V2,-0.004156862631501338,0.04526123929264819,False,False,-0.02771802805364132,0.03873344138264656
CVNA,2025-08-08,Chronos-LoRA-V2,-0.006668490412142271,0.08942309552519256,False,False,-0.0357346311211586,0.04442058131098747
CVNA,2025-10-07,Chronos-LoRA-V2,-0.025711836108659566,0.05899970411980671,False,False,-0.0339571088552475,0.041106969118118286
CVNA,2025-12-05,Chronos-LoRA-V2,0.11385918455096826,0.06284111273676421,True,False,-0.03404667228460312,0.043642234057188034
CVNA,2026-02-05,Chronos-LoRA-V2,0.05076280548890461,0.0864806616944795,False,False,-0.03995668515563011,0.04736865311861038
CVNA,2026-04-08,Chronos-LoRA-V2,-0.03569338862006982,0.07957738655449229,False,False,-0.03851311281323433,0.043973151594400406
CVNA,2026-06-05,Chronos-LoRA-V2,0.043254680843288845,0.06864083374262568,False,False,-0.041745636612176895,0.046366509050130844
CVNA,2026-08-06,Chronos-LoRA-V2,0.036069751499409115,0.08110856959946162,False,False,-0.0448545403778553,0.049425918608903885
PLUG,2011-03-11,Chronos-LoRA-V2,-0.04725291561423363,0.0368250190745519,True,True,-0.04473431408405304,0.039846718311309814
PLUG,2011-07-05,Chronos-LoRA-V2,-0.008810621353606442,0.07954304252832375,False,False,-0.05504116043448448,0.04819902777671814
PLUG,2011-10-25,Chronos-LoRA-V2,-0.06669142375088091,0.09512577717624648,False,False,-0.0542178675532341,0.04806658998131752
PLUG,2012-02-17,Chronos-LoRA-V2,0.008620735070485726,0.08330063263340795,False,False,-0.05023058503866196,0.046354491263628006
PLUG,2012-06-12,Chronos-LoRA-V2,0.008510681896768206,0.0393536018302039,False,True,-0.04186466336250305,0.036532096564769745
PLUG,2012-10-03,Chronos-LoRA-V2,0.011834516917728159,0.07467608199921769,False,False,-0.03928956761956215,0.03264479711651802
PLUG,2013-01-30,Chronos-LoRA-V2,-0.021978951350272766,0.12839361641582217,False,False,-0.06106792017817497,0.052960023283958435
PLUG,2013-05-23,Chronos-LoRA-V2,0.1643030867702306,0.27622736815165777,False,False,-0.09461824595928192,0.08726157993078232
PLUG,2013-09-16,Chronos-LoRA-V2,-0.04959699328121652,0.16796416282267218,False,False,-0.09606781601905823,0.08905407786369324
PLUG,2014-01-08,Chronos-LoRA-V2,-0.3151625120618024,0.30208662400424713,True,False,-0.11170686781406403,0.11985520273447037
PLUG,2014-05-02,Chronos-LoRA-V2,-0.10289443725634206,0.09943455236461794,True,True,-0.10334639251232147,0.10379461199045181
PLUG,2014-08-25,Chronos-LoRA-V2,-0.04422493182135657,0.05439981229798637,False,False,-0.048438895493745804,0.050282396376132965
PLUG,2014-12-16,Chronos-LoRA-V2,0.07410798462983786,0.07682211100977382,False,False,-0.05674115568399429,0.05442259460687637
PLUG,2015-04-13,Chronos-LoRA-V2,0.0304206584144852,0.05029478653132077,False,False,-0.037360794842243195,0.038697920739650726
PLUG,2015-08-04,Chronos-LoRA-V2,0.021819026584723785,0.08197075204353814,False,False,-0.045984938740730286,0.0474088154733181
PLUG,2015-11-24,Chronos-LoRA-V2,0.06486057245710282,0.13350024053662216,False,False,-0.054262399673461914,0.052573561668395996
PLUG,2016-03-21,Chronos-LoRA-V2,0.004819282006023543,0.0704382496623687,False,False,-0.04946564510464668,0.04393184930086136
PLUG,2016-07-13,Chronos-LoRA-V2,-0.005763699172500427,0.05828661708544164,False,False,-0.03303899988532066,0.028837386518716812
PLUG,2016-11-02,Chronos-LoRA-V2,0.0,0.04434201308217582,False,False,-0.03593244403600693,0.03090141899883747
PLUG,2017-02-28,Chronos-LoRA-V2,-0.009302383378101402,0.19519666258920929,False,False,-0.051181450486183167,0.04608115553855896
PLUG,2017-06-21,Chronos-LoRA-V2,0.027524646294219378,0.08141890799243018,False,False,-0.049444299191236496,0.047334570437669754
PLUG,2017-10-12,Chronos-LoRA-V2,-0.02469258974538504,0.09920262622201537,False,False,-0.038764212280511856,0.03779483586549759
PLUG,2018-02-06,Chronos-LoRA-V2,0.07333126457807959,0.04783347675699684,True,False,-0.03832560032606125,0.03544952720403671
PLUG,2018-05-31,Chronos-LoRA-V2,0.010638388086280471,0.07618656708670185,False,False,-0.041548650711774826,0.039451174437999725
PLUG,2018-09-21,Chronos-LoRA-V2,-0.010582099318558446,0.05276537264915838,False,False,-0.03372912108898163,0.0324435830116272
PLUG,2019-01-17,Chronos-LoRA-V2,-0.014388723877542694,0.17437060296941606,False,False,-0.05150871351361275,0.049474913626909256
PLUG,2019-05-13,Chronos-LoRA-V2,0.02217383639284286,0.04956623138686814,False,False,-0.039689838886260986,0.03867531940340996
PLUG,2019-09-04,Chronos-LoRA-V2,0.00925931621435205,0.050667147631876845,False,False,-0.02848459780216217,0.02743253856897354
PLUG,2019-12-26,Chronos-LoRA-V2,-0.02247291089819518,0.08067048477966032,False,False,-0.03839120641350746,0.03743498772382736
PLUG,2020-04-21,Chronos-LoRA-V2,0.02573244606424871,0.0944113411095105,False,False,-0.05286983400583267,0.05498708784580231
PLUG,2020-08-12,Chronos-LoRA-V2,0.06641817995123118,0.13133527841391446,False,False,-0.06842520087957382,0.07439820468425751
PLUG,2020-12-03,Chronos-LoRA-V2,0.041073534564644056,0.11967815777726291,False,False,-0.052768949419260025,0.05948561802506447
PLUG,2021-03-30,Chronos-LoRA-V2,0.05152826176339849,0.14359577848365523,False,False,-0.08402831852436066,0.09374578297138214
PLUG,2021-07-22,Chronos-LoRA-V2,-0.019210064820616622,0.06805441347698608,False,False,-0.04983709752559662,0.05753954127430916
PLUG,2021-11-11,Chronos-LoRA-V2,-0.006930017199314488,0.08362622497388962,False,False,-0.052934106439352036,0.06300964951515198
PLUG,2022-03-08,Chronos-LoRA-V2,0.023566885743147727,0.1173591333721997,False,False,-0.06000450998544693,0.06512413918972015
PLUG,2022-06-30,Chronos-LoRA-V2,0.036152121298438616,0.11122472734617567,False,False,-0.06852167844772339,0.07119964063167572
PLUG,2022-10-21,Chronos-LoRA-V2,-0.047184434722597014,0.0914479577595835,False,False,-0.05731230974197388,0.054660625755786896
PLUG,2023-02-15,Chronos-LoRA-V2,-0.057053207112345024,0.0947989589405166,False,False,-0.0549875870347023,0.051274944096803665
PLUG,2023-06-09,Chronos-LoRA-V2,0.12297971661734391,0.10378408586455858,True,False,-0.0578293651342392,0.05256742984056473
PLUG,2023-10-03,Chronos-LoRA-V2,0.0,0.07229778078032,False,False,-0.05728582292795181,0.049700863659381866
PLUG,2024-01-26,Chronos-LoRA-V2,0.10859054935781051,0.18907392705970144,False,False,-0.08316479623317719,0.077448271214962
PLUG,2024-05-20,Chronos-LoRA-V2,-0.03822125249212061,0.14245905123923722,False,False,-0.0699809119105339,0.061534732580184937
PLUG,2024-09-12,Chronos-LoRA-V2,0.01025649013484875,0.09662461168141326,False,False,-0.06593956053256989,0.05517582967877388
PLUG,2025-01-06,Chronos-LoRA-V2,-0.06559729659721675,0.1545443518288309,False,False,-0.082610584795475,0.0784197747707367
PLUG,2025-05-01,Chronos-LoRA-V2,-0.011834516917728074,0.17557283466677526,False,False,-0.08074303716421127,0.07137922942638397
PLUG,2025-08-25,Chronos-LoRA-V2,-0.012048327267974208,0.0991714023977059,False,False,-0.07107598334550858,0.06098527833819389
PLUG,2025-12-16,Chronos-LoRA-V2,-0.05844353947557896,0.0883996522704485,False,False,-0.07157464325428009,0.06447076052427292
PLUG,2026-04-13,Chronos-LoRA-V2,0.05956228749981924,0.08980637466943688,False,False,-0.06690066307783127,0.062421489506959915
PLUG,2026-08-06,Chronos-LoRA-V2,0.051776332396145784,0.08105571959581954,False,False,-0.0593709759414196,0.05420699343085289
RKLB,2022-02-02,Chronos-LoRA-V2,-0.04228275882981947,0.09142644484302015,False,False,-0.05080737918615341,0.05106142535805702
RKLB,2022-03-08,Chronos-LoRA-V2,0.03691303649464238,0.10785585988003792,False,False,-0.05577758699655533,0.0549287423491478
RKLB,2022-04-08,Chronos-LoRA-V2,0.0038387421101794728,0.08719603572369572,False,False,-0.04064026102423668,0.0394999124109745
RKLB,2022-05-12,Chronos-LoRA-V2,0.12141591817001528,0.08589070760366267,True,False,-0.055803082883358,0.051414452493190765
RKLB,2022-06-15,Chronos-LoRA-V2,-0.04487176880718317,0.11287556987040107,False,False,-0.05645688995718956,0.05399433895945549
RKLB,2022-07-20,Chronos-LoRA-V2,-0.002290894936133112,0.06664785878237954,False,False,-0.045989032834768295,0.04481396824121475
RKLB,2022-08-22,Chronos-LoRA-V2,-0.025831670748531058,0.12951042318820605,False,False,-0.05973302945494652,0.05624350532889366
RKLB,2022-09-23,Chronos-LoRA-V2,0.02634886198277228,0.09234872130363772,False,False,-0.05780663341283798,0.052290577441453934
RKLB,2022-10-26,Chronos-LoRA-V2,0.021097808800234128,0.08564151856692966,False,False,-0.05214928463101387,0.04910934716463089
RKLB,2022-11-29,Chronos-LoRA-V2,0.05645671269101732,0.10762679012816868,False,False,-0.05613235756754875,0.052246782928705215
RKLB,2023-01-03,Chronos-LoRA-V2,0.042990205060345274,0.05284368248189258,False,False,-0.04501385614275932,0.04093237593770027
RKLB,2023-02-06,Chronos-LoRA-V2,-0.0040733214317941755,0.08712872082946876,False,False,-0.05305838957428932,0.049713410437107086
RKLB,2023-03-10,Chronos-LoRA-V2,0.007643341883944361,0.0764951181429714,False,False,-0.04954483360052109,0.04440996050834656
RKLB,2023-04-13,Chronos-LoRA-V2,-0.022141163107117872,0.055251493741913744,False,False,-0.04317297041416168,0.040468595921993256
RKLB,2023-05-16,Chronos-LoRA-V2,0.05012433816192752,0.04855861034677461,True,False,-0.03691280260682106,0.03427012264728546
RKLB,2023-06-20,Chronos-LoRA-V2,0.015371806060441228,0.08578705520213575,False,False,-0.04152323678135872,0.040996257215738297
RKLB,2023-07-24,Chronos-LoRA-V2,0.030648637786853276,0.10032719102458439,False,False,-0.04818972200155258,0.046257346868515015
RKLB,2023-08-25,Chronos-LoRA-V2,0.023891899065197873,0.060430904164795345,False,False,-0.04547042027115822,0.04311669245362282
RKLB,2023-09-28,Chronos-LoRA-V2,0.009174367245604971,0.06855681627677682,False,False,-0.04733232036232948,0.04247812181711197
RKLB,2023-10-31,Chronos-LoRA-V2,0.0023612176950147377,0.06841385694251378,False,False,-0.04539060220122337,0.04209940880537033
RKLB,2023-12-04,Chronos-LoRA-V2,-0.028794928151645877,0.05209398889366413,False,False,-0.04204167053103447,0.03831922635436058
RKLB,2024-01-08,Chronos-LoRA-V2,-0.018182388447055147,0.13754290568208488,False,False,-0.0490768626332283,0.04611623287200928
RKLB,2024-02-09,Chronos-LoRA-V2,0.0839343718757284,0.09184656418043356,False,False,-0.04498495161533356,0.04331279918551445
RKLB,2024-03-14,Chronos-LoRA-V2,-0.012062918522107302,0.051054071424843535,False,False,-0.04513253644108772,0.042313847690820694
RKLB,2024-04-17,Chronos-LoRA-V2,-0.005617987036759381,0.04525771212784048,False,False,-0.04077134653925896,0.03743087127804756
RKLB,2024-05-20,Chronos-LoRA-V2,0.013544211986473934,0.06354993046845174,False,False,-0.040717944502830505,0.03916678577661514
RKLB,2024-06-24,Chronos-LoRA-V2,-0.0188093644489565,0.07968221561553063,False,False,-0.040247593075037,0.04053846746683121
RKLB,2024-07-26,Chronos-LoRA-V2,-0.014925635610135437,0.060915289938231004,False,False,-0.03862636163830757,0.04047625884413719
RKLB,2024-08-28,Chronos-LoRA-V2,0.022728229083628256,0.13122094548871951,False,False,-0.04988337680697441,0.04848295450210571
RKLB,2024-10-01,Chronos-LoRA-V2,0.05069728731229883,0.10702808508307485,False,False,-0.048160627484321594,0.05013453960418701
RKLB,2024-11-01,Chronos-LoRA-V2,-0.014998082258165563,0.07884596489911076,False,False,-0.04407649487257004,0.04712177813053131
RKLB,2024-12-05,Chronos-LoRA-V2,0.03127827913051707,0.1630692630563698,False,False,-0.05225444957613945,0.05659126862883568
RKLB,2025-01-10,Chronos-LoRA-V2,-0.11820118398003714,0.12023302012137906,False,False,-0.05018359050154686,0.05596102401614189
RKLB,2025-02-14,Chronos-LoRA-V2,-0.010043150610175989,0.16126461969425637,False,False,-0.05330315977334976,0.05772481858730316
RKLB,2025-03-20,Chronos-LoRA-V2,0.02188503860212124,0.11724571104761372,False,False,-0.061016470193862915,0.06526590138673782
RKLB,2025-04-23,Chronos-LoRA-V2,0.07544474023777228,0.13905328398207098,False,False,-0.06484699994325638,0.06974475085735321
RKLB,2025-05-27,Chronos-LoRA-V2,0.005893588725623785,0.1008765449762346,False,False,-0.05875946953892708,0.0644945576786995
RKLB,2025-06-30,Chronos-LoRA-V2,-0.04108990526187762,0.10228826245649657,False,False,-0.05650816857814789,0.06126658618450165
RKLB,2025-08-01,Chronos-LoRA-V2,-0.006043677060634698,0.09793970496002338,False,False,-0.05442580580711365,0.05923044681549072
RKLB,2025-09-04,Chronos-LoRA-V2,0.0641895061838094,0.08924011388383325,False,False,-0.053615253418684006,0.05825875326991081
RKLB,2025-10-07,Chronos-LoRA-V2,0.059945390600180976,0.1104687661387328,False,False,-0.0540185272693634,0.06211831420660019
RKLB,2025-11-07,Chronos-LoRA-V2,0.0050222654131213944,0.0959406105650685,False,False,-0.059694960713386536,0.06648721545934677
RKLB,2025-12-11,Chronos-LoRA-V2,-0.03263762880188879,0.11244847514349417,False,False,-0.05901686102151871,0.0681980550289154
RKLB,2026-01-15,Chronos-LoRA-V2,0.0592496670454145,0.1237317535275086,False,False,-0.0587519034743309,0.0676351934671402
RKLB,2026-02-19,Chronos-LoRA-V2,-0.07762986190868812,0.12811432559832978,False,False,-0.0659148097038269,0.07380196452140808
RKLB,2026-03-24,Chronos-LoRA-V2,0.09809943384252276,0.09620362188706663,True,False,-0.06245888024568558,0.0702577754855156
RKLB,2026-04-27,Chronos-LoRA-V2,-0.046005186462810724,0.10260376756159975,False,False,-0.060812272131443024,0.07075616717338562
RKLB,2026-05-29,Chronos-LoRA-V2,-0.15898296047937707,0.18275712365966865,False,False,-0.06056233495473862,0.07204229384660721
RKLB,2026-07-02,Chronos-LoRA-V2,-0.0761929014195986,0.13755934146665946,False,False,-0.06405840814113617,0.0764790028333664
RKLB,2026-08-06,Chronos-LoRA-V2,0.0904085802078148,0.11419302119226235,False,False,-0.06735417246818542,0.07860635221004486
IONQ,2022-03-11,Chronos-LoRA-V2,-0.07754516048777285,0.1293993848544868,False,False,-0.07003088295459747,0.0712181031703949
IONQ,2022-04-12,Chronos-LoRA-V2,0.03399255010812331,0.0928169758111837,False,False,-0.06403069198131561,0.061797164380550385
IONQ,2022-05-16,Chronos-LoRA-V2,0.16118056496414795,0.14660302858369983,True,False,-0.0882139652967453,0.08580026775598526
IONQ,2022-06-16,Chronos-LoRA-V2,0.05715835818668655,0.1195457349864154,False,False,-0.08395612239837646,0.08249001950025558
IONQ,2022-07-21,Chronos-LoRA-V2,-0.07498582694721129,0.0878001324928163,False,False,-0.05940340831875801,0.059325139969587326
IONQ,2022-08-22,Chronos-LoRA-V2,0.0015563819669177138,0.18432341375518824,False,False,-0.0841936245560646,0.08030160516500473
IONQ,2022-09-23,Chronos-LoRA-V2,0.0041841025573310054,0.08219957744901515,False,False,-0.05592895671725273,0.05258440598845482
IONQ,2022-10-25,Chronos-LoRA-V2,0.023788882243405772,0.09759116225919809,False,False,-0.05350472778081894,0.05145945027470589
IONQ,2022-11-28,Chronos-LoRA-V2,-0.02251889091428668,0.12566210323411275,False,False,-0.055751170963048935,0.053102802485227585
IONQ,2022-12-29,Chronos-LoRA-V2,-0.02575247150506701,0.0992077101334063,False,False,-0.06836153566837311,0.06529299169778824
IONQ,2023-02-02,Chronos-LoRA-V2,0.0018198784076674348,0.09442935934788367,False,False,-0.06106777861714363,0.06608005613088608
IONQ,2023-03-07,Chronos-LoRA-V2,0.024001129208062993,0.10185703531601473,False,False,-0.05717584490776062,0.054041508585214615
IONQ,2023-04-10,Chronos-LoRA-V2,-0.010271505454393025,0.1355637815232327,False,False,-0.0627429410815239,0.06211860105395317
IONQ,2023-05-10,Chronos-LoRA-V2,0.010021583187863769,0.0792591599862848,False,False,-0.05333741009235382,0.05558091402053833
IONQ,2023-06-13,Chronos-LoRA-V2,-0.06711322466617804,0.16593193849174143,False,False,-0.06672512739896774,0.06580042093992233
IONQ,2023-07-17,Chronos-LoRA-V2,0.052936267346308664,0.13592389224386056,False,False,-0.06576880812644958,0.06787117570638657
IONQ,2023-08-17,Chronos-LoRA-V2,0.03102782711145243,0.14233794764111532,False,False,-0.07504801452159882,0.07517091929912567
IONQ,2023-09-20,Chronos-LoRA-V2,-0.0897177712109174,0.119838157710751,False,False,-0.07063779979944229,0.068888820707798
IONQ,2023-10-20,Chronos-LoRA-V2,0.003963555704296674,0.09962886886035506,False,False,-0.06813999265432358,0.06827376782894135
IONQ,2023-11-22,Chronos-LoRA-V2,-0.004842658395539763,0.09977395149951383,False,False,-0.06730103492736816,0.06436482071876526
IONQ,2023-12-26,Chronos-LoRA-V2,-0.0231959830511088,0.0908528580127625,False,False,-0.0619933195412159,0.05944626033306122
IONQ,2024-01-30,Chronos-LoRA-V2,-0.04008161727038914,0.06837975221259236,False,False,-0.057739634066820145,0.05448562651872635
IONQ,2024-03-01,Chronos-LoRA-V2,-0.05495355493543494,0.08444101990386589,False,False,-0.05991702154278755,0.05576711148023605
IONQ,2024-04-04,Chronos-LoRA-V2,0.009820062871229898,0.08690571818374129,False,False,-0.05723315849900246,0.05326560512185097
IONQ,2024-05-06,Chronos-LoRA-V2,-0.07261699966729143,0.0816615213986192,False,False,-0.056870538741350174,0.055230699479579926
IONQ,2024-06-07,Chronos-LoRA-V2,0.04478361812566412,0.056772455714597894,False,False,-0.05281961336731911,0.051067084074020386
IONQ,2024-07-11,Chronos-LoRA-V2,0.05222793984072294,0.07104688827084044,False,False,-0.05276436358690262,0.052044812589883804
IONQ,2024-08-13,Chronos-LoRA-V2,0.004112374905568538,0.12395989010166633,False,False,-0.06207577884197235,0.060660503804683685
IONQ,2024-09-13,Chronos-LoRA-V2,0.007702212818593349,0.07627622571415915,False,False,-0.05575132742524147,0.055435530841350555
IONQ,2024-10-16,Chronos-LoRA-V2,0.01612936642298423,0.1557566950083895,False,False,-0.06317583471536636,0.06720538437366486
IONQ,2024-11-15,Chronos-LoRA-V2,-0.1440780353122285,0.19968685982441037,False,False,-0.07282726466655731,0.08228777348995209
IONQ,2024-12-19,Chronos-LoRA-V2,0.1624394804185008,0.19155965464227773,False,False,-0.08969376981258392,0.09576520323753357
IONQ,2025-01-24,Chronos-LoRA-V2,-0.05600448043378899,0.27846550802267395,False,False,-0.10689923167228699,0.11340933293104172
IONQ,2025-02-27,Chronos-LoRA-V2,-0.013743149036100365,0.09888289765338892,False,False,-0.07468248158693314,0.08553530275821686
IONQ,2025-04-01,Chronos-LoRA-V2,0.07715262277711707,0.17007134262285659,False,False,-0.07793513685464859,0.07918126881122589
IONQ,2025-05-02,Chronos-LoRA-V2,-0.03622392708402123,0.15541888220499572,False,False,-0.07787469029426575,0.07979337871074677
IONQ,2025-06-05,Chronos-LoRA-V2,0.0623881086771647,0.1897228788849197,False,False,-0.07450111955404282,0.07604830712080002
IONQ,2025-07-09,Chronos-LoRA-V2,0.00808833626061652,0.08855001340201858,False,False,-0.061112985014915466,0.06030140817165375
IONQ,2025-08-11,Chronos-LoRA-V2,-0.044128120505297484,0.07718927162090053,False,False,-0.05780772492289543,0.05823418125510216
IONQ,2025-09-11,Chronos-LoRA-V2,0.16715220235915992,0.08178086139635264,True,False,-0.05797845870256424,0.056424133479595184
IONQ,2025-10-14,Chronos-LoRA-V2,-0.06857846699931491,0.12714067524078612,False,False,-0.06715703755617142,0.07233230769634247
IONQ,2025-11-13,Chronos-LoRA-V2,0.0384579417908891,0.1123456057884368,False,False,-0.07718545198440552,0.0822262391448021
IONQ,2025-12-17,Chronos-LoRA-V2,0.012785961835722115,0.13320499004108904,False,False,-0.07575748860836029,0.0781569704413414
IONQ,2026-01-21,Chronos-LoRA-V2,0.020479928620632713,0.09500963405816845,False,False,-0.06424814462661743,0.06843701004981995
IONQ,2026-02-24,Chronos-LoRA-V2,0.06043854984431327,0.1273291981669404,False,False,-0.07136707752943039,0.07362233102321625
IONQ,2026-03-26,Chronos-LoRA-V2,-0.08130019719266161,0.05416780516283042,True,True,-0.062401097267866135,0.06479845941066742
IONQ,2026-04-29,Chronos-LoRA-V2,0.06904032684898123,0.14386662360966862,False,False,-0.06622659415006638,0.06831322610378265
IONQ,2026-06-01,Chronos-LoRA-V2,0.03014164408206085,0.13463026617980256,False,False,-0.06793367117643356,0.07332925498485565
IONQ,2026-07-06,Chronos-LoRA-V2,-0.07453301655058833,0.12186652814673359,False,False,-0.0671752467751503,0.07082471996545792
IONQ,2026-08-06,Chronos-LoRA-V2,0.11206005390682601,0.11364073570962493,False,False,-0.06731241196393967,0.07031513750553131
AAPL,2011-03-11,Chronos-LoRA-V3,0.0044502413825216495,0.02885882011001267,False,False,-0.014083674177527428,0.01790143921971321
AAPL,2011-07-05,Chronos-LoRA-V3,0.006645443727850954,0.032177449317118245,False,False,-0.01688166707754135,0.020293470472097397
AAPL,2011-10-25,Chronos-LoRA-V3,0.007089639963324946,0.049160836161456604,False,False,-0.02269968017935753,0.025670329108834267
AAPL,2012-02-17,Chronos-LoRA-V3,0.025036972759730772,0.035584133733980505,False,False,-0.012774386443197727,0.01809641905128956
AAPL,2012-06-12,Chronos-LoRA-V3,-0.006967055531725894,0.03929342052266589,False,False,-0.01777798868715763,0.021380823105573654
AAPL,2012-10-03,Chronos-LoRA-V3,-0.006949313461034188,0.02930300755163749,False,False,-0.016276348382234573,0.02023674175143242
AAPL,2013-01-30,Chronos-LoRA-V3,-0.0029372222698239234,0.06900682738796965,False,False,-0.023630423471331596,0.025937030091881752
AAPL,2013-05-23,Chronos-LoRA-V3,0.006784685215479068,0.03436672094761819,False,False,-0.01678434945642948,0.021225709468126297
AAPL,2013-09-16,Chronos-LoRA-V3,0.011486485063267946,0.036533530044340075,False,False,-0.021965883672237396,0.022990891709923744
AAPL,2014-01-08,Chronos-LoRA-V3,-0.012852087608966464,0.025244626316059476,False,False,-0.015303063206374645,0.01859401725232601
AAPL,2014-05-02,Chronos-LoRA-V3,0.014042189814749726,0.04384350883042597,False,False,-0.015083935111761093,0.01647399738430977
AAPL,2014-08-25,Chronos-LoRA-V3,-0.006421884446149109,0.018046368175844228,False,False,-0.009293771348893642,0.012373010627925396
AAPL,2014-12-16,Chronos-LoRA-V3,0.024612692981759606,0.028236830508079586,False,False,-0.013760649599134922,0.016609642654657364
AAPL,2015-04-13,Chronos-LoRA-V3,-0.004345546377145041,0.025301045108785017,False,False,-0.014865201897919178,0.018548881635069847
AAPL,2015-08-04,Chronos-LoRA-V3,0.006607322554794695,0.03630499270474385,False,False,-0.015479014255106449,0.018030280247330666
AAPL,2015-11-24,Chronos-LoRA-V3,-0.00717587330635183,0.03492737916885329,False,False,-0.017629653215408325,0.02038024552166462
AAPL,2016-03-21,Chronos-LoRA-V3,0.00761875631624091,0.025676942299089334,False,False,-0.018539467826485634,0.020646197721362114
AAPL,2016-07-13,Chronos-LoRA-V3,0.01962658372589728,0.02276684138375036,False,False,-0.013291549868881702,0.014389877207577229
AAPL,2016-11-02,Chronos-LoRA-V3,-0.01077664088712817,0.01825842281181891,False,False,-0.014353820122778416,0.015397859737277031
AAPL,2017-02-28,Chronos-LoRA-V3,0.020232968695445108,0.027389205272767014,False,False,-0.006487589795142412,0.00950613897293806
AAPL,2017-06-21,Chronos-LoRA-V3,-0.00164641020601484,0.02793663806100878,False,False,-0.013055438175797462,0.015034349635243416
AAPL,2017-10-12,Chronos-LoRA-V3,0.006326314905951087,0.01821537406870928,False,False,-0.010501762852072716,0.013219703920185566
AAPL,2018-02-06,Chronos-LoRA-V3,-0.021639620925453212,0.03441424703035487,False,False,-0.015656016767024994,0.018421674147248268
AAPL,2018-05-31,Chronos-LoRA-V3,0.01787337241776974,0.02081419383406024,False,False,-0.009555120952427387,0.012425906024873257
AAPL,2018-09-21,Chronos-LoRA-V3,0.014277957583209747,0.0273090721707684,False,False,-0.014687376096844673,0.01771507039666176
AAPL,2019-01-17,Chronos-LoRA-V3,0.006140199346842176,0.06819397608010681,False,False,-0.020033100619912148,0.022739963605999947
AAPL,2019-05-13,Chronos-LoRA-V3,0.015706111059241534,0.04147145332141114,False,False,-0.021335167810320854,0.022864067927002907
AAPL,2019-09-04,Chronos-LoRA-V3,0.019362791548437282,0.04006074807744136,False,False,-0.017790235579013824,0.020195264369249344
AAPL,2019-12-26,Chronos-LoRA-V3,-0.0003796856312069616,0.022124974430602365,False,False,-0.013636079616844654,0.01767044886946678
AAPL,2020-04-21,Chronos-LoRA-V3,0.02839660991249939,0.07929357388154565,False,False,-0.04037698730826378,0.0419921949505806
AAPL,2020-08-12,Chronos-LoRA-V3,0.0175426559658522,0.06254374021310118,False,False,-0.02032449096441269,0.026748161762952805
AAPL,2020-12-03,Chronos-LoRA-V3,-0.005628064229194861,0.03325324391036956,False,False,-0.01729419082403183,0.02410244569182396
AAPL,2021-03-30,Chronos-LoRA-V3,0.018591975034542484,0.041323913460440474,False,False,-0.021052949130535126,0.026657255366444588
AAPL,2021-07-22,Chronos-LoRA-V3,0.011917983742510418,0.026934522770551778,False,False,-0.018832966685295105,0.0248991958796978
AAPL,2021-11-11,Chronos-LoRA-V3,0.014235196079960127,0.020571554189529776,False,False,-0.010629688389599323,0.01561985444277525
AAPL,2022-03-08,Chronos-LoRA-V3,0.03439875595462113,0.03289848603709963,True,False,-0.020834797993302345,0.023749619722366333
AAPL,2022-06-30,Chronos-LoRA-V3,0.016035169836734538,0.049775836015079226,False,False,-0.027261340990662575,0.02963188849389553
AAPL,2022-10-21,Chronos-LoRA-V3,0.014694080989188452,0.04699504326924561,False,False,-0.021263111382722855,0.02370268478989601
AAPL,2023-02-15,Chronos-LoRA-V3,-0.010484095724303154,0.031007762469612756,False,False,-0.02239227294921875,0.025109373033046722
AAPL,2023-06-09,Chronos-LoRA-V3,0.015517778735450129,0.01723665275684881,False,False,-0.010365859605371952,0.014374203979969025
AAPL,2023-10-03,Chronos-LoRA-V3,0.007281968363713714,0.02932136906241544,False,False,-0.018246427178382874,0.018945744261145592
AAPL,2024-01-26,Chronos-LoRA-V3,-0.0035923363983041017,0.028846921644196735,False,False,-0.012718058191239834,0.0142211290076375
AAPL,2024-05-20,Chronos-LoRA-V3,0.006833838608701723,0.032487030129917764,False,False,-0.014066941104829311,0.01551575306802988
AAPL,2024-09-12,Chronos-LoRA-V3,-0.001212683334389152,0.01916237887056088,False,False,-0.014760061167180538,0.01664995402097702
AAPL,2025-01-06,Chronos-LoRA-V3,-0.011453086901282222,0.02392768102009191,False,False,-0.0136726601049304,0.01655193418264389
AAPL,2025-05-01,Chronos-LoRA-V3,-0.03807747848377128,0.10196754422079546,False,False,-0.017682962119579315,0.01885158196091652
AAPL,2025-08-25,Chronos-LoRA-V3,0.009420196768850203,0.039045681744688525,False,False,-0.016063371673226357,0.017824873328208923
AAPL,2025-12-16,Chronos-LoRA-V3,-0.010138255944275731,0.018531925152240517,False,False,-0.014338361099362373,0.017143631353974342
AAPL,2026-04-13,Chronos-LoRA-V3,-0.0014285405616683605,0.02479581757465648,False,False,-0.014807159081101418,0.01716849021613598
AAPL,2026-08-06,Chronos-LoRA-V3,0.0029404636305595897,0.04714774899941368,False,False,-0.027407538145780563,0.028482308611273766
MSFT,2011-03-11,Chronos-LoRA-V3,0.0003893248311432288,0.01699216002400379,False,False,-0.013742639683187008,0.013716377317905426
MSFT,2011-07-05,Chronos-LoRA-V3,0.01145968845659617,0.02636190169441356,False,False,-0.01415677648037672,0.014340491034090519
MSFT,2011-10-25,Chronos-LoRA-V3,-0.00823965332939845,0.02833153164098282,False,False,-0.015433032996952534,0.015585978515446186
MSFT,2012-02-17,Chronos-LoRA-V3,0.006061769091307979,0.02322671477928609,False,False,-0.014115936122834682,0.015347517095506191
MSFT,2012-06-12,Chronos-LoRA-V3,-0.005477940175513536,0.029285797289682832,False,False,-0.014848075807094574,0.015701470896601677
MSFT,2012-10-03,Chronos-LoRA-V3,0.005677222539120568,0.021938772765380168,False,False,-0.014378290623426437,0.01530512236058712
MSFT,2013-01-30,Chronos-LoRA-V3,-0.014467343556985295,0.0234509760308416,False,False,-0.014801662415266037,0.01513887569308281
MSFT,2013-05-23,Chronos-LoRA-V3,0.0035073643940008647,0.025316433219765986,False,False,-0.013786905445158482,0.015486476011574268
MSFT,2013-09-16,Chronos-LoRA-V3,0.0039558062642522825,0.04809534324354191,False,False,-0.013908926397562027,0.016089005395770073
MSFT,2014-01-08,Chronos-LoRA-V3,-0.006452864890475546,0.02092676123131707,False,False,-0.015928838402032852,0.017251264303922653
MSFT,2014-05-02,Chronos-LoRA-V3,-0.006572302765448421,0.026102328692710123,False,False,-0.013851640745997429,0.015127360820770264
MSFT,2014-08-25,Chronos-LoRA-V3,-0.0035488253505163428,0.015756447062779528,False,False,-0.011023557744920254,0.013419941999018192
MSFT,2014-12-16,Chronos-LoRA-V3,0.012761093928868573,0.02303657524480972,False,False,-0.015959905460476875,0.018024878576397896
MSFT,2015-04-13,Chronos-LoRA-V3,-0.0026373952729416453,0.025126819354865826,False,False,-0.012804409489035606,0.01522170938551426
MSFT,2015-08-04,Chronos-LoRA-V3,0.0008411265387977357,0.026252744466876244,False,False,-0.012583287432789803,0.015225543640553951
MSFT,2015-11-24,Chronos-LoRA-V3,-0.010376239576350772,0.020567005281044826,False,False,-0.013402894139289856,0.015698127448558807
MSFT,2016-03-21,Chronos-LoRA-V3,0.0038911259559960055,0.03264835685764351,False,False,-0.01911604404449463,0.020660774782299995
MSFT,2016-07-13,Chronos-LoRA-V3,0.004288914264517961,0.03186292848229578,False,False,-0.015913236886262894,0.017507830634713173
MSFT,2016-11-02,Chronos-LoRA-V3,-0.003708589503374955,0.024367081089664705,False,False,-0.011513234116137028,0.013043995015323162
MSFT,2017-02-28,Chronos-LoRA-V3,0.014893375152559623,0.012906359568683962,True,False,-0.01099195796996355,0.012906335294246674
MSFT,2017-06-21,Chronos-LoRA-V3,-0.0001423064077827881,0.02095464301137146,False,False,-0.009787612594664097,0.011894743889570236
MSFT,2017-10-12,Chronos-LoRA-V3,0.004786580518383869,0.014467120913778343,False,False,-0.007805744186043739,0.010456203483045101
MSFT,2018-02-06,Chronos-LoRA-V3,-0.01901256212319852,0.036186355482616936,False,False,-0.016346609219908714,0.019118567928671837
MSFT,2018-05-31,Chronos-LoRA-V3,0.019536805881802878,0.01432559665557468,True,False,-0.01041758619248867,0.0128475958481431
MSFT,2018-09-21,Chronos-LoRA-V3,0.0035822224216122854,0.022692453813010202,False,False,-0.014268754981458187,0.016881702467799187
MSFT,2019-01-17,Chronos-LoRA-V3,0.014872077089352008,0.05222364168256083,False,False,-0.016162188723683357,0.018959352746605873
MSFT,2019-05-13,Chronos-LoRA-V3,0.01112565587120525,0.0296197974668137,False,False,-0.01425761915743351,0.017920035868883133
MSFT,2019-09-04,Chronos-LoRA-V3,0.017430312022127442,0.032747935758096924,False,False,-0.019524311646819115,0.022453563287854195
MSFT,2019-12-26,Chronos-LoRA-V3,0.0018255614250268955,0.012913019714996858,False,False,-0.008300610817968845,0.012187984772026539
MSFT,2020-04-21,Chronos-LoRA-V3,0.03340075741545557,0.07915426421554306,False,False,-0.03452993184328079,0.03816297650337219
MSFT,2020-08-12,Chronos-LoRA-V3,-0.002345154083999388,0.0474107502875576,False,False,-0.019046297296881676,0.02381344884634018
MSFT,2020-12-03,Chronos-LoRA-V3,0.000559921216435259,0.030712302842185724,False,False,-0.01381178479641676,0.018171202391386032
MSFT,2021-03-30,Chronos-LoRA-V3,0.01676600861552437,0.03290125159977762,False,False,-0.017572082579135895,0.02140703797340393
MSFT,2021-07-22,Chronos-LoRA-V3,0.012260860771018369,0.01805819605153792,False,False,-0.0104464590549469,0.015417883172631264
MSFT,2021-11-11,Chronos-LoRA-V3,0.01282237424869702,0.023804444959101938,False,False,-0.009930613450706005,0.014964325353503227
MSFT,2022-03-08,Chronos-LoRA-V3,0.044837786210020054,0.043598762317416176,True,False,-0.02577257715165615,0.028425386175513268
MSFT,2022-06-30,Chronos-LoRA-V3,0.010650488199254016,0.0465691435232946,False,False,-0.02656315453350544,0.027816537767648697
MSFT,2022-10-21,Chronos-LoRA-V3,0.020966481408816462,0.048004484864539995,False,False,-0.020708775147795677,0.022894442081451416
MSFT,2023-02-15,Chronos-LoRA-V3,-0.026983409230140285,0.04286169418295984,False,False,-0.02384371869266033,0.025679372251033783
MSFT,2023-06-09,Chronos-LoRA-V3,0.015364992951105693,0.028916426723550714,False,False,-0.015789391472935677,0.019406573846936226
MSFT,2023-10-03,Chronos-LoRA-V3,0.01761730727036663,0.026949648333060884,False,False,-0.016981743276119232,0.018574830144643784
MSFT,2024-01-26,Chronos-LoRA-V3,0.014232405242177879,0.016402696840657597,False,False,-0.01100215595215559,0.013918692246079445
MSFT,2024-05-20,Chronos-LoRA-V3,0.008661348971833563,0.028625633222993982,False,False,-0.012920885346829891,0.015512707643210888
MSFT,2024-09-12,Chronos-LoRA-V3,0.008372369035759542,0.02350628156823535,False,False,-0.014369356445968151,0.017171185463666916
MSFT,2025-01-06,Chronos-LoRA-V3,-0.012890818317096082,0.023785328350633475,False,False,-0.01310242060571909,0.01569918543100357
MSFT,2025-05-01,Chronos-LoRA-V3,0.022959569991071918,0.06886670186951155,False,False,-0.021937156096100807,0.025499731302261353
MSFT,2025-08-25,Chronos-LoRA-V3,-0.004412251907813678,0.02727238110017713,False,False,-0.013030605390667915,0.015745006501674652
MSFT,2025-12-16,Chronos-LoRA-V3,-0.0005670144578096566,0.028540408020713767,False,False,-0.01421982143074274,0.01599806174635887
MSFT,2026-04-13,Chronos-LoRA-V3,0.02248380906043869,0.032298569969164026,False,False,-0.01673569716513157,0.01808294840157032
MSFT,2026-08-06,Chronos-LoRA-V3,0.00026004905973253683,0.07701573395003532,False,False,-0.024692771956324577,0.026890266686677933
NVDA,2011-03-11,Chronos-LoRA-V3,0.00827598558737279,0.08392890430901953,False,False,-0.04070533812046051,0.03906061500310898
NVDA,2011-07-05,Chronos-LoRA-V3,-0.013312519933267774,0.036946031477589,False,False,-0.030923455953598022,0.03135636821389198
NVDA,2011-10-25,Chronos-LoRA-V3,0.011696028239942665,0.08392580167127314,False,False,-0.040829408913850784,0.040388740599155426
NVDA,2012-02-17,Chronos-LoRA-V3,0.005034642417659065,0.03806956471099442,False,False,-0.03037978522479534,0.034016162157058716
NVDA,2012-06-12,Chronos-LoRA-V3,-0.026732885599628345,0.04941210736675583,False,False,-0.03279531002044678,0.03424365445971489
NVDA,2012-10-03,Chronos-LoRA-V3,0.0435177862960771,0.02952085485556574,True,False,-0.01892208866775036,0.0185796357691288
NVDA,2013-01-30,Chronos-LoRA-V3,-0.004881825497204813,0.03566967180308187,False,False,-0.022813912481069565,0.0211569145321846
NVDA,2013-05-23,Chronos-LoRA-V3,-0.006170403794204494,0.03428714029033653,False,False,-0.02022566832602024,0.02061195857822895
NVDA,2013-09-16,Chronos-LoRA-V3,0.0031573573969845585,0.018118175482849132,False,False,-0.011097353883087635,0.013414110988378525
NVDA,2014-01-08,Chronos-LoRA-V3,-0.0379990975096173,0.023508970474077247,True,False,-0.013906339183449745,0.015531608834862709
NVDA,2014-05-02,Chronos-LoRA-V3,0.01079342559350671,0.031056518154309414,False,False,-0.01775539666414261,0.019482692703604698
NVDA,2014-08-25,Chronos-LoRA-V3,0.017635378202866755,0.045192048942629265,False,False,-0.013918520882725716,0.015278654173016548
NVDA,2014-12-16,Chronos-LoRA-V3,0.040015391645696306,0.029405132124624523,True,False,-0.015996333211660385,0.01791352964937687
NVDA,2015-04-13,Chronos-LoRA-V3,-0.008461429552937943,0.04251867350884823,False,False,-0.018601881340146065,0.020900411531329155
NVDA,2015-08-04,Chronos-LoRA-V3,0.010256727479017291,0.02547023149292882,False,False,-0.017807401716709137,0.019749635830521584
NVDA,2015-11-24,Chronos-LoRA-V3,-0.0012842160047085726,0.07013750947108263,False,False,-0.02159770391881466,0.023722168058156967
NVDA,2016-03-21,Chronos-LoRA-V3,-0.0017708263013237458,0.030774977874197192,False,False,-0.02432340756058693,0.02700732834637165
NVDA,2016-07-13,Chronos-LoRA-V3,0.010179186870717278,0.041013039802495016,False,False,-0.019617730751633644,0.023115990683436394
NVDA,2016-11-02,Chronos-LoRA-V3,-0.011703072171413564,0.03352781756263682,False,False,-0.01830855756998062,0.0231747105717659
NVDA,2017-02-28,Chronos-LoRA-V3,0.012826612056207068,0.06121472688215743,False,False,-0.026515107601881027,0.03191830590367317
NVDA,2017-06-21,Chronos-LoRA-V3,-0.006921918044237774,0.05102460841742252,False,False,-0.02092314511537552,0.02830568328499794
NVDA,2017-10-12,Chronos-LoRA-V3,0.018464118678240462,0.045228907734187626,False,False,-0.019314685836434364,0.02768079563975334
NVDA,2018-02-06,Chronos-LoRA-V3,0.014173319436734728,0.056836444205440616,False,False,-0.026192856952548027,0.033914342522621155
NVDA,2018-05-31,Chronos-LoRA-V3,0.02130278613553754,0.03633053753226069,False,False,-0.02107887715101242,0.028667934238910675
NVDA,2018-09-21,Chronos-LoRA-V3,0.008504472807048727,0.02734895076821342,False,True,-0.02158932387828827,0.027714155614376068
NVDA,2019-01-17,Chronos-LoRA-V3,0.03376332568652156,0.0682941372894323,False,False,-0.03520692139863968,0.03822507709264755
NVDA,2019-05-13,Chronos-LoRA-V3,0.022403874688212623,0.04362070354214918,False,False,-0.027349181473255157,0.032049134373664856
NVDA,2019-09-04,Chronos-LoRA-V3,0.06303354828704191,0.06600401761533907,False,False,-0.02740386500954628,0.03173765912652016
NVDA,2019-12-26,Chronos-LoRA-V3,-0.009746877770510405,0.027830927615931405,False,False,-0.01591082103550434,0.019850287586450577
NVDA,2020-04-21,Chronos-LoRA-V3,0.059910765647263005,0.11651275839819637,False,False,-0.05788130313158035,0.05715234577655792
NVDA,2020-08-12,Chronos-LoRA-V3,0.00024032638280527854,0.043800628386052004,False,False,-0.02469843626022339,0.03149492293596268
NVDA,2020-12-03,Chronos-LoRA-V3,0.012039512836406502,0.05490950086781845,False,False,-0.024015184491872787,0.030775070190429688
NVDA,2021-03-30,Chronos-LoRA-V3,0.036350293352078365,0.06805918438433195,False,False,-0.026633460074663162,0.03170129284262657
NVDA,2021-07-22,Chronos-LoRA-V3,-0.0018387614159525105,0.04996830387511289,False,False,-0.028524426743388176,0.03634054586291313
NVDA,2021-11-11,Chronos-LoRA-V3,0.0,0.06493782059249706,False,False,-0.02559223584830761,0.035199958831071854
NVDA,2022-03-08,Chronos-LoRA-V3,0.06739893026302975,0.09208585002719777,False,False,-0.04212494194507599,0.04749581217765808
NVDA,2022-06-30,Chronos-LoRA-V3,-0.04286075320440339,0.08119550039153942,False,False,-0.0496179424226284,0.05143032222986221
NVDA,2022-10-21,Chronos-LoRA-V3,0.010612367350244277,0.07120565303442254,False,False,-0.03864249214529991,0.040780287235975266
NVDA,2023-02-15,Chronos-LoRA-V3,-0.03404700541518224,0.07713114567091621,False,False,-0.040425222367048264,0.046157415956258774
NVDA,2023-06-09,Chronos-LoRA-V3,0.018198253263206197,0.11942160737020799,False,False,-0.0275105070322752,0.03612260892987251
NVDA,2023-10-03,Chronos-LoRA-V3,0.011969293744044434,0.03838967632730832,False,False,-0.027969209477305412,0.03394889459013939
NVDA,2024-01-26,Chronos-LoRA-V3,0.02322443767939612,0.04105561806031558,False,False,-0.019279196858406067,0.02751726098358631
NVDA,2024-05-20,Chronos-LoRA-V3,0.006373286765853213,0.055621393595403495,False,False,-0.030533630400896072,0.03972170501947403
NVDA,2024-09-12,Chronos-LoRA-V3,-0.00033587920159958205,0.08302911561318294,False,False,-0.04321878403425217,0.05225517228245735
NVDA,2025-01-06,Chronos-LoRA-V3,-0.06418618211945995,0.04910341235803364,True,False,-0.02658756449818611,0.03746010363101959
NVDA,2025-05-01,Chronos-LoRA-V3,0.02556424074860387,0.11810725405509022,False,False,-0.04082809016108513,0.046518754214048386
NVDA,2025-08-25,Chronos-LoRA-V3,0.010841438539146327,0.03117924306542168,False,False,-0.01811997778713703,0.026942308992147446
NVDA,2025-12-16,Chronos-LoRA-V3,-0.038896680515676234,0.0380944494402619,True,False,-0.024858787655830383,0.03194392845034599
NVDA,2026-04-13,Chronos-LoRA-V3,0.037327446488877807,0.04370416458926145,False,False,-0.0216064453125,0.027315964922308922
NVDA,2026-08-06,Chronos-LoRA-V3,0.02244140270108172,0.055272168220090054,False,False,-0.02785390429198742,0.03312239795923233
AMZN,2011-03-11,Chronos-LoRA-V3,-0.008004754372241726,0.028712906747746122,False,False,-0.021658116951584816,0.023710453882813454
AMZN,2011-07-05,Chronos-LoRA-V3,0.00467970246301004,0.03374324904405169,False,False,-0.020282838493585587,0.023495657369494438
AMZN,2011-10-25,Chronos-LoRA-V3,-0.1353253963812126,0.05123217451536922,True,False,-0.027039486914873123,0.02958451397716999
AMZN,2012-02-17,Chronos-LoRA-V3,-0.001315943163754481,0.05232318132336524,False,False,-0.0259084515273571,0.028736505657434464
AMZN,2012-06-12,Chronos-LoRA-V3,-0.007839568227068319,0.032369705324580424,False,False,-0.020468056201934814,0.023334534838795662
AMZN,2012-10-03,Chronos-LoRA-V3,0.01762286671643012,0.028789376142595427,False,False,-0.01939288340508938,0.022039012983441353
AMZN,2013-01-30,Chronos-LoRA-V3,-0.026977441581677992,0.04711788111365021,False,False,-0.02868809923529625,0.03063153102993965
AMZN,2013-05-23,Chronos-LoRA-V3,-0.0002292286669446575,0.043179888722985345,False,False,-0.017122231423854828,0.019651859998703003
AMZN,2013-09-16,Chronos-LoRA-V3,0.027024582719098463,0.022445539237543846,True,False,-0.012876451946794987,0.015241935849189758
AMZN,2014-01-08,Chronos-LoRA-V3,-0.00226668921924171,0.021977510751698792,False,True,-0.020995253697037697,0.02395039238035679
AMZN,2014-05-02,Chronos-LoRA-V3,0.006601278428657596,0.061550639534693835,False,False,-0.018342958763241768,0.02188650704920292
AMZN,2014-08-25,Chronos-LoRA-V3,0.02311261395955904,0.025861446816036807,False,False,-0.014608895406126976,0.018310241401195526
AMZN,2014-12-16,Chronos-LoRA-V3,0.012863428305265249,0.03309981541293613,False,False,-0.019608592614531517,0.02190442383289337
AMZN,2015-04-13,Chronos-LoRA-V3,0.007166474179881528,0.01746235762132719,False,True,-0.01910349726676941,0.020898276939988136
AMZN,2015-08-04,Chronos-LoRA-V3,0.009561244357738523,0.0492773391890814,False,False,-0.012952336110174656,0.016674082726240158
AMZN,2015-11-24,Chronos-LoRA-V3,0.006223590044783705,0.030994100477834442,False,False,-0.01874418929219246,0.022111622616648674
AMZN,2016-03-21,Chronos-LoRA-V3,0.011665001910245174,0.03015774279783713,False,False,-0.02241954207420349,0.023887082934379578
AMZN,2016-07-13,Chronos-LoRA-V3,-0.0019274146344341009,0.026316447115941027,False,False,-0.016186106950044632,0.01914510689675808
AMZN,2016-11-02,Chronos-LoRA-V3,0.0019183632456770188,0.03123718325935572,False,False,-0.016980409622192383,0.020065944641828537
AMZN,2017-02-28,Chronos-LoRA-V3,0.009469376476098914,0.02137201252079136,False,False,-0.012557221576571465,0.015387261286377907
AMZN,2017-06-21,Chronos-LoRA-V3,-0.0009283846759379751,0.024563703531101082,False,False,-0.011645136401057243,0.015419024974107742
AMZN,2017-10-12,Chronos-LoRA-V3,0.002006082882542097,0.017288215574747,False,False,-0.00862240232527256,0.011968722566962242
AMZN,2018-02-06,Chronos-LoRA-V3,-0.018226722717437444,0.038077311872179484,False,False,-0.018645208328962326,0.023038744926452637
AMZN,2018-05-31,Chronos-LoRA-V3,0.007287974742940334,0.013699143950387196,False,False,-0.009601457044482231,0.013367741368710995
AMZN,2018-09-21,Chronos-LoRA-V3,0.010053664875920762,0.031596780437823886,False,False,-0.016996169462800026,0.020379751920700073
AMZN,2019-01-17,Chronos-LoRA-V3,0.0017583478423892555,0.06710966251580212,False,False,-0.025393281131982803,0.0294300839304924
AMZN,2019-05-13,Chronos-LoRA-V3,0.009522776139087656,0.030122448117694118,False,False,-0.016582919284701347,0.020638806745409966
AMZN,2019-09-04,Chronos-LoRA-V3,0.02202580287152902,0.03060555924498794,False,False,-0.009137764573097229,0.014589876867830753
AMZN,2019-12-26,Chronos-LoRA-V3,0.0005509958634310166,0.024419504872338592,False,False,-0.013244296424090862,0.017950773239135742
AMZN,2020-04-21,Chronos-LoRA-V3,0.015078276370104332,0.05623748538120904,False,False,-0.03808576613664627,0.040018949657678604
AMZN,2020-08-12,Chronos-LoRA-V3,-0.0003859062604570367,0.051536110354246406,False,False,-0.020862111821770668,0.024030635133385658
AMZN,2020-12-03,Chronos-LoRA-V3,-0.007607189417695092,0.03750163538171917,False,False,-0.016927283257246017,0.020434103906154633
AMZN,2021-03-30,Chronos-LoRA-V3,0.012616087083554913,0.033827508129492645,False,False,-0.01876230165362358,0.02097531035542488
AMZN,2021-07-22,Chronos-LoRA-V3,0.005102345801164657,0.02992600601726164,False,False,-0.015293687582015991,0.01778029277920723
AMZN,2021-11-11,Chronos-LoRA-V3,0.015048234458080111,0.0357839653248157,False,False,-0.016278482973575592,0.01942296512424946
AMZN,2022-03-08,Chronos-LoRA-V3,0.023717698424230754,0.046479490298601364,False,False,-0.03209468722343445,0.033674076199531555
AMZN,2022-06-30,Chronos-LoRA-V3,0.031054064397665036,0.06726728382500183,False,False,-0.039844222366809845,0.0395696796476841
AMZN,2022-10-21,Chronos-LoRA-V3,0.0041816570199037775,0.0576740287926608,False,False,-0.03164993226528168,0.03171822428703308
AMZN,2023-02-15,Chronos-LoRA-V3,-0.03020652173405669,0.06252555931450908,False,False,-0.029343634843826294,0.029751094058156013
AMZN,2023-06-09,Chronos-LoRA-V3,0.025121316164936732,0.03922572948770367,False,False,-0.022216785699129105,0.024525655433535576
AMZN,2023-10-03,Chronos-LoRA-V3,0.018115851921521226,0.04419120026292831,False,False,-0.025698162615299225,0.026514731347560883
AMZN,2024-01-26,Chronos-LoRA-V3,0.013359331333490848,0.024937698331817047,False,False,-0.015435488894581795,0.01838921755552292
AMZN,2024-05-20,Chronos-LoRA-V3,-0.002127134911413819,0.033201814189365714,False,False,-0.014555217698216438,0.01815093122422695
AMZN,2024-09-12,Chronos-LoRA-V3,-0.0027309690556897217,0.04220913242417309,False,False,-0.022704962641000748,0.025414805859327316
AMZN,2025-01-06,Chronos-LoRA-V3,-0.02446088330127337,0.03490366635566539,False,False,-0.018496252596378326,0.022704387083649635
AMZN,2025-05-01,Chronos-LoRA-V3,-0.0011573530932638618,0.0875651401775387,False,False,-0.02707481198012829,0.030107880011200905
AMZN,2025-08-25,Chronos-LoRA-V3,0.0033724076943096397,0.04981149086461627,False,False,-0.021793629974126816,0.0241923276335001
AMZN,2025-12-16,Chronos-LoRA-V3,-0.005813022613826566,0.0333875344200916,False,False,-0.021171990782022476,0.02375052496790886
AMZN,2026-04-13,Chronos-LoRA-V3,0.03735274928383268,0.046227933661375425,False,False,-0.02169145457446575,0.024327309802174568
AMZN,2026-08-06,Chronos-LoRA-V3,0.008120910623089925,0.08163270284597263,False,False,-0.027032693848013878,0.030076878145337105
ENPH,2013-06-11,Chronos-LoRA-V3,-0.0972237899487017,0.066978902013286,True,False,-0.05540298670530319,0.05245540291070938
ENPH,2013-09-16,Chronos-LoRA-V3,-0.007398359101006512,0.0764482184679313,False,False,-0.05357551947236061,0.052789319306612015
ENPH,2013-12-20,Chronos-LoRA-V3,-0.015915398044283505,0.10378418939080811,False,False,-0.055414360016584396,0.05366573855280876
ENPH,2014-03-31,Chronos-LoRA-V3,0.07080282066347386,0.05877606416088332,True,False,-0.04699724540114403,0.04635808616876602
ENPH,2014-07-08,Chronos-LoRA-V3,0.010857911347376573,0.03733097399245795,False,False,-0.030945856124162674,0.034257616847753525
ENPH,2014-10-10,Chronos-LoRA-V3,-0.03963784597991297,0.09914892694353988,False,False,-0.0517628937959671,0.05495172739028931
ENPH,2015-01-20,Chronos-LoRA-V3,-0.016167738833627637,0.07929953489557338,False,False,-0.0538940392434597,0.05658601596951485
ENPH,2015-04-27,Chronos-LoRA-V3,0.01602476396043174,0.050491129999175106,False,False,-0.044077109545469284,0.04864994063973427
ENPH,2015-08-03,Chronos-LoRA-V3,0.03060546375949964,0.11038569590490642,False,False,-0.04567931219935417,0.0459006242454052
ENPH,2015-11-05,Chronos-LoRA-V3,-0.049007532246580825,0.21459873417414907,False,False,-0.07288985699415207,0.06792547553777695
ENPH,2016-02-16,Chronos-LoRA-V3,0.05035383667496035,0.13600722705748017,False,False,-0.0706128180027008,0.07023978978395462
ENPH,2016-05-20,Chronos-LoRA-V3,0.06791120236179353,0.08731703863679559,False,False,-0.057400599122047424,0.053219739347696304
ENPH,2016-08-26,Chronos-LoRA-V3,0.01643877609721746,0.06415521408075024,False,False,-0.04334251582622528,0.03760606795549393
ENPH,2016-12-01,Chronos-LoRA-V3,0.026668221646324243,0.06769360809497689,False,False,-0.052061520516872406,0.043818701058626175
ENPH,2017-03-13,Chronos-LoRA-V3,0.039845870688558355,0.13509920097309744,False,False,-0.08419108390808105,0.07489490509033203
ENPH,2017-06-16,Chronos-LoRA-V3,0.03822125249212064,0.07295634088109539,False,False,-0.05796004831790924,0.04732163995504379
ENPH,2017-09-22,Chronos-LoRA-V3,-0.03610497045088264,0.1315483118648176,False,False,-0.05559052899479866,0.05244380608201027
ENPH,2017-12-28,Chronos-LoRA-V3,-0.032655931189676975,0.07207837259179166,False,False,-0.05899344012141228,0.05818670243024826
ENPH,2018-04-09,Chronos-LoRA-V3,-0.03681399610282008,0.08294850586265144,False,False,-0.052594028413295746,0.05759714916348457
ENPH,2018-07-13,Chronos-LoRA-V3,-0.045033018260611506,0.09623329844621761,False,False,-0.06548744440078735,0.06813870370388031
ENPH,2018-10-18,Chronos-LoRA-V3,-0.02705682617565956,0.08586244444632302,False,False,-0.04881758242845535,0.05794430524110794
ENPH,2019-01-28,Chronos-LoRA-V3,0.028573345190656425,0.06637805129464955,False,False,-0.05549038201570511,0.05931434407830238
ENPH,2019-05-06,Chronos-LoRA-V3,0.03290712068094508,0.14190215659605673,False,False,-0.038705967366695404,0.05093834921717644
ENPH,2019-08-09,Chronos-LoRA-V3,-0.030281222436842496,0.14869737900201524,False,False,-0.03624621033668518,0.049913279712200165
ENPH,2019-11-14,Chronos-LoRA-V3,0.01722830021708537,0.1334280172124478,False,False,-0.04581869766116142,0.053037501871585846
ENPH,2020-02-24,Chronos-LoRA-V3,-0.08218633558682682,0.2078924229558855,False,False,-0.041318129748106,0.055155277252197266
ENPH,2020-06-01,Chronos-LoRA-V3,-0.04682325771919545,0.11544213153450389,False,False,-0.06457190215587616,0.07555418461561203
ENPH,2020-09-03,Chronos-LoRA-V3,-0.024486133889773443,0.08124705134339935,False,False,-0.05125929415225983,0.06347000598907471
ENPH,2020-12-10,Chronos-LoRA-V3,0.06420024063345366,0.05911325323987824,True,True,-0.04488370195031166,0.06040635332465172
ENPH,2021-03-19,Chronos-LoRA-V3,0.0389849007526666,0.13809811346681944,False,False,-0.0566677525639534,0.07014437764883041
ENPH,2021-06-25,Chronos-LoRA-V3,0.0711836906391635,0.052327496532058176,True,True,-0.044965192675590515,0.058353401720523834
ENPH,2021-09-30,Chronos-LoRA-V3,0.03530972623840489,0.04208983477830065,False,False,-0.02981429360806942,0.0383441336452961
ENPH,2022-01-06,Chronos-LoRA-V3,-0.042889726304457726,0.07248706151391021,False,False,-0.04485568404197693,0.050611551851034164
ENPH,2022-04-13,Chronos-LoRA-V3,-0.014176509322804974,0.059653724843409826,False,False,-0.04851352423429489,0.053773798048496246
ENPH,2022-07-22,Chronos-LoRA-V3,0.03260076111112715,0.08465923285998596,False,False,-0.05218331143260002,0.05720483511686325
ENPH,2022-10-26,Chronos-LoRA-V3,0.04753798089588888,0.08142274371998078,False,False,-0.04081534221768379,0.04747656732797623
ENPH,2023-02-03,Chronos-LoRA-V3,0.0002691640562952529,0.06943124737288041,False,False,-0.04477747157216072,0.04538301005959511
ENPH,2023-05-11,Chronos-LoRA-V3,0.04118270839651467,0.1268996669810854,False,False,-0.04543904960155487,0.04555734619498253
ENPH,2023-08-18,Chronos-LoRA-V3,-0.0013819017614193848,0.04985466032684889,False,False,-0.03635769709944725,0.03464554250240326
ENPH,2023-11-22,Chronos-LoRA-V3,0.00019962351771399394,0.11353029440741016,False,False,-0.04155638813972473,0.039706189185380936
ENPH,2024-03-04,Chronos-LoRA-V3,0.008993838254035302,0.10531530308765066,False,False,-0.04533388838171959,0.04485287144780159
ENPH,2024-06-07,Chronos-LoRA-V3,0.06252528031360849,0.07674852514599058,False,False,-0.04501480981707573,0.043841391801834106
ENPH,2024-09-16,Chronos-LoRA-V3,0.06123120117398043,0.06903918739001408,False,False,-0.04697271063923836,0.04369141161441803
ENPH,2024-12-19,Chronos-LoRA-V3,0.08237797695351112,0.07717643351293026,True,False,-0.04895207658410072,0.0438259057700634
ENPH,2025-04-01,Chronos-LoRA-V3,0.0020815165352994487,0.06450848593173622,False,False,-0.0439068004488945,0.040200453251600266
ENPH,2025-07-09,Chronos-LoRA-V3,0.0027966167611559838,0.1458865742840226,False,False,-0.05451275408267975,0.04953688755631447
ENPH,2025-10-14,Chronos-LoRA-V3,0.029740020841016006,0.0672734896298396,False,False,-0.05245422571897507,0.04679578170180321
ENPH,2026-01-21,Chronos-LoRA-V3,0.11812272202658629,0.047227355559039265,True,False,-0.045565903186798096,0.04176440089941025
ENPH,2026-04-29,Chronos-LoRA-V3,0.05519712952191759,0.07525869464572564,False,False,-0.05070572718977928,0.046987056732177734
ENPH,2026-08-06,Chronos-LoRA-V3,0.05397436615170218,0.08486661052106255,False,False,-0.06312026083469391,0.05950857698917389
SMCI,2011-03-11,Chronos-LoRA-V3,-0.012295241028665756,0.043013848592295525,False,False,-0.02961977943778038,0.03346475586295128
SMCI,2011-07-05,Chronos-LoRA-V3,-0.011871463102031665,0.03153657854256318,False,False,-0.024645769968628883,0.02757306955754757
SMCI,2011-10-25,Chronos-LoRA-V3,0.09882952456724234,0.08930981634524011,True,False,-0.04487920552492142,0.04530894011259079
SMCI,2012-02-17,Chronos-LoRA-V3,-0.013072082453035094,0.03287698196410106,False,False,-0.024831674993038177,0.028799504041671753
SMCI,2012-06-12,Chronos-LoRA-V3,-0.03383407254354266,0.055216227530658586,False,False,-0.026553567498922348,0.02835237607359886
SMCI,2012-10-03,Chronos-LoRA-V3,-0.03471646784952302,0.03595607687977983,False,False,-0.025681782513856888,0.02487080544233322
SMCI,2013-01-30,Chronos-LoRA-V3,0.010556339305355327,0.08953555890592714,False,False,-0.028954168781638145,0.030620135366916656
SMCI,2013-05-23,Chronos-LoRA-V3,-0.0009760152152560126,0.03927249294193282,False,False,-0.025133522227406502,0.023981144651770592
SMCI,2013-09-16,Chronos-LoRA-V3,-0.003016554758329793,0.029411505184356798,False,False,-0.0179244726896286,0.019287968054413795
SMCI,2014-01-08,Chronos-LoRA-V3,-0.009603934767890832,0.02995768998684258,False,False,-0.02041664347052574,0.02220452018082142
SMCI,2014-05-02,Chronos-LoRA-V3,-0.022932212728172585,0.05168387732632361,False,False,-0.02359437197446823,0.02740274742245674
SMCI,2014-08-25,Chronos-LoRA-V3,0.005277061697307429,0.05571094661920018,False,False,-0.02516782470047474,0.028567824512720108
SMCI,2014-12-16,Chronos-LoRA-V3,0.042239970174044655,0.036924377403208676,True,False,-0.02422674372792244,0.02907566912472248
SMCI,2015-04-13,Chronos-LoRA-V3,0.0036738804032809876,0.04425077576476291,False,False,-0.02578974887728691,0.030859479680657387
SMCI,2015-08-04,Chronos-LoRA-V3,0.07822295944812868,0.04321477331880777,True,False,-0.026490386575460434,0.03073740191757679
SMCI,2015-11-24,Chronos-LoRA-V3,0.009155317554224357,0.06558830106189431,False,False,-0.032953519374132156,0.036975059658288956
SMCI,2016-03-21,Chronos-LoRA-V3,0.0,0.03510057232581904,False,True,-0.032497238367795944,0.03516712039709091
SMCI,2016-07-13,Chronos-LoRA-V3,0.0030639230465345185,0.051240618151808186,False,False,-0.03050464577972889,0.03173873946070671
SMCI,2016-11-02,Chronos-LoRA-V3,-0.011123627935856547,0.05899934683192977,False,False,-0.028814179822802544,0.029145069420337677
SMCI,2017-02-28,Chronos-LoRA-V3,0.022814746713129042,0.030700295733723803,False,False,-0.023103566840291023,0.023386312648653984
SMCI,2017-06-21,Chronos-LoRA-V3,0.00828161306447926,0.02518171954634252,False,False,-0.017794543877243996,0.018578017130494118
SMCI,2017-10-12,Chronos-LoRA-V3,0.004434592848067803,0.06676013713323309,False,False,-0.01850275509059429,0.01983199454843998
SMCI,2018-02-06,Chronos-LoRA-V3,0.012706638950606286,0.07454162869196877,False,False,-0.0265313982963562,0.026943067088723183
SMCI,2018-05-31,Chronos-LoRA-V3,0.012371279639161452,0.08786914800364982,False,False,-0.022123126313090324,0.02332410030066967
SMCI,2018-09-21,Chronos-LoRA-V3,-0.038911521684797265,0.07317898217534796,False,False,-0.02269751764833927,0.023904845118522644
SMCI,2019-01-17,Chronos-LoRA-V3,0.013423007444649979,0.05873682459930594,False,False,-0.030071327462792397,0.030011378228664398
SMCI,2019-05-13,Chronos-LoRA-V3,0.013144791034834076,0.030764286667236865,False,True,-0.03143381327390671,0.0284388680011034
SMCI,2019-09-04,Chronos-LoRA-V3,0.016043109499092628,0.09218023842940623,False,False,-0.025096140801906586,0.027364710345864296
SMCI,2019-12-26,Chronos-LoRA-V3,0.012526247349154982,0.04412681331781077,False,False,-0.02255477011203766,0.02485724538564682
SMCI,2020-04-21,Chronos-LoRA-V3,0.02262106793505798,0.08731259301651961,False,False,-0.03927367925643921,0.04151101037859917
SMCI,2020-08-12,Chronos-LoRA-V3,-0.0007692667462982661,0.07772349308973467,False,False,-0.03708021342754364,0.03965706750750542
SMCI,2020-12-03,Chronos-LoRA-V3,0.03184347213912126,0.03770956760957125,False,False,-0.022027883678674698,0.026316173374652863
SMCI,2021-03-30,Chronos-LoRA-V3,0.02909295868930078,0.04200527420907593,False,False,-0.025374311953783035,0.028724145144224167
SMCI,2021-07-22,Chronos-LoRA-V3,0.019563362461829614,0.0390094458536866,False,False,-0.02527105249464512,0.02763764001429081
SMCI,2021-11-11,Chronos-LoRA-V3,-0.014091204368042507,0.08317777036174097,False,False,-0.02348254807293415,0.02728954330086708
SMCI,2022-03-08,Chronos-LoRA-V3,0.027292140475765284,0.041412243582079504,False,False,-0.025663651525974274,0.029110806062817574
SMCI,2022-06-30,Chronos-LoRA-V3,-0.030701893380973004,0.07765424695072572,False,False,-0.03814778849482536,0.04006604105234146
SMCI,2022-10-21,Chronos-LoRA-V3,-0.02383677986674845,0.08170690022531536,False,False,-0.04626740142703056,0.049053676426410675
SMCI,2023-02-15,Chronos-LoRA-V3,0.03049792693700929,0.08147125302369583,False,False,-0.04757199436426163,0.050391778349876404
SMCI,2023-06-09,Chronos-LoRA-V3,-0.011570177477979709,0.11630187015990262,False,False,-0.05425883084535599,0.06071421131491661
SMCI,2023-10-03,Chronos-LoRA-V3,0.03790635570568232,0.07757713279191264,False,False,-0.0519920289516449,0.05633793771266937
SMCI,2024-01-26,Chronos-LoRA-V3,0.04438666317051559,0.17061269206378912,False,False,-0.04390924423933029,0.053514715284109116
SMCI,2024-05-20,Chronos-LoRA-V3,-0.005535577218814193,0.12156726592353993,False,False,-0.05581515282392502,0.06711066514253616
SMCI,2024-09-12,Chronos-LoRA-V3,0.03342944557080886,0.11982058704036616,False,False,-0.055974192917346954,0.06356217712163925
SMCI,2025-01-06,Chronos-LoRA-V3,-0.05846644836316354,0.1081493688321439,False,False,-0.06957655400037766,0.07869507372379303
SMCI,2025-05-01,Chronos-LoRA-V3,0.02950242756001331,0.1409761250439799,False,False,-0.07658130675554276,0.08206085115671158
SMCI,2025-08-25,Chronos-LoRA-V3,0.006558904312119387,0.09496809819955616,False,False,-0.05455045402050018,0.05659538879990578
SMCI,2025-12-16,Chronos-LoRA-V3,-0.05920426918419112,0.05594794874168798,True,False,-0.045179061591625214,0.04377884790301323
SMCI,2026-04-13,Chronos-LoRA-V3,0.04627500211648954,0.17900171624826994,False,False,-0.07274200022220612,0.07044928520917892
SMCI,2026-08-06,Chronos-LoRA-V3,0.057857815313579815,0.1352480828244276,False,False,-0.06940620392560959,0.06961249560117722
CVNA,2018-07-06,Chronos-LoRA-V3,-0.051103658627608524,0.09369505099987833,False,False,-0.040552347898483276,0.05792739987373352
CVNA,2018-09-04,Chronos-LoRA-V3,-0.08020360181474506,0.05817287254322222,True,False,-0.03997482359409332,0.053519219160079956
CVNA,2018-10-31,Chronos-LoRA-V3,0.1358834922648138,0.09010999949413306,True,False,-0.044176775962114334,0.052134573459625244
CVNA,2019-01-03,Chronos-LoRA-V3,0.019354389310272155,0.10415194138994296,False,False,-0.05499248206615448,0.057367440313100815
CVNA,2019-03-05,Chronos-LoRA-V3,0.05316733699069577,0.10950833769872094,False,False,-0.05082433298230171,0.0643310621380806
CVNA,2019-05-03,Chronos-LoRA-V3,-0.0019414704519490561,0.046774641644885546,False,True,-0.039990801364183426,0.04983564838767052
CVNA,2019-07-02,Chronos-LoRA-V3,-0.008225385850990979,0.07546337674797475,False,False,-0.04692532494664192,0.053111787885427475
CVNA,2019-08-30,Chronos-LoRA-V3,-0.01915723242161001,0.12917031213602007,False,False,-0.04065300151705742,0.04797407612204552
CVNA,2019-10-29,Chronos-LoRA-V3,-0.02644165743431196,0.05850481857115416,False,False,-0.04235909506678581,0.050704799592494965
CVNA,2019-12-30,Chronos-LoRA-V3,-0.002495500017384529,0.05925819258147331,False,False,-0.04019083082675934,0.04529741778969765
CVNA,2020-02-28,Chronos-LoRA-V3,-0.006655836727455652,0.11113575995456951,False,False,-0.05429697781801224,0.05382300168275833
CVNA,2020-04-28,Chronos-LoRA-V3,0.02299783159377595,0.1771357986422858,False,False,-0.09355445206165314,0.09602895379066467
CVNA,2020-06-26,Chronos-LoRA-V3,0.02489821008462683,0.1348981575412342,False,False,-0.05206463858485222,0.05825868993997574
CVNA,2020-08-25,Chronos-LoRA-V3,0.023811244703727027,0.1462630214238306,False,False,-0.030772436410188675,0.039921801537275314
CVNA,2020-10-23,Chronos-LoRA-V3,-0.0062373079471919725,0.08251355824497948,False,False,-0.04949355125427246,0.05699793994426727
CVNA,2020-12-22,Chronos-LoRA-V3,-0.07668666972902587,0.07755853650850192,False,False,-0.041728634387254715,0.05314217880368233
CVNA,2021-02-24,Chronos-LoRA-V3,-0.07761824876717899,0.07511496365365418,True,False,-0.03761376067996025,0.04633324220776558
CVNA,2021-04-23,Chronos-LoRA-V3,0.057248285225138515,0.05682687133258685,True,False,-0.04509725794196129,0.052696261554956436
CVNA,2021-06-23,Chronos-LoRA-V3,-0.03301118048799236,0.04720992276550522,False,True,-0.03950949013233185,0.04778466373682022
CVNA,2021-08-20,Chronos-LoRA-V3,0.022111842385838347,0.03275137596553132,False,False,-0.020224295556545258,0.029290983453392982
CVNA,2021-10-19,Chronos-LoRA-V3,-0.006277154149259377,0.027793037378395752,False,False,-0.01364397257566452,0.019635243341326714
CVNA,2021-12-17,Chronos-LoRA-V3,-0.08383277351675741,0.08489852484330226,False,True,-0.09584207087755203,0.0976918563246727
CVNA,2022-02-16,Chronos-LoRA-V3,-0.024759395067421825,0.13867996593376355,False,False,-0.06037724390625954,0.06237517669796944
CVNA,2022-04-19,Chronos-LoRA-V3,-0.09550672518348217,0.12321279235707991,False,False,-0.0799863263964653,0.07932526618242264
CVNA,2022-06-16,Chronos-LoRA-V3,0.1258500675513595,0.19057632638433358,False,False,-0.11693203449249268,0.10195490717887878
CVNA,2022-08-17,Chronos-LoRA-V3,-0.03611392128367342,0.22163789430845057,False,False,-0.10868947207927704,0.1053294986486435
CVNA,2022-10-14,Chronos-LoRA-V3,0.06110500110762415,0.14111554843365162,False,False,-0.09511236101388931,0.0864471048116684
CVNA,2022-12-14,Chronos-LoRA-V3,0.039147529607715725,0.2810952631175327,False,False,-0.12423044443130493,0.1147327646613121
CVNA,2023-02-14,Chronos-LoRA-V3,0.1687031432591547,0.24691162917120252,False,False,-0.13000795245170593,0.12101917713880539
CVNA,2023-04-17,Chronos-LoRA-V3,-0.02911742398912355,0.13489361735351285,False,False,-0.09286901354789734,0.08672171831130981
CVNA,2023-06-14,Chronos-LoRA-V3,0.11987016594346468,0.3105376657311972,False,False,-0.1294129192829132,0.12318562716245651
CVNA,2023-08-14,Chronos-LoRA-V3,-0.044031557637086015,0.22598068741692434,False,False,-0.10592923313379288,0.10248395800590515
CVNA,2023-10-12,Chronos-LoRA-V3,0.0,0.0854427422777791,False,False,-0.06893997639417648,0.06604810059070587
CVNA,2023-12-11,Chronos-LoRA-V3,-0.008319723270969625,0.12182163201158855,False,False,-0.07356603443622589,0.06675014644861221
CVNA,2024-02-12,Chronos-LoRA-V3,-0.061744523218746315,0.09403324021805638,False,False,-0.06279267370700836,0.06378655880689621
CVNA,2024-04-11,Chronos-LoRA-V3,-0.0701567431422787,0.0648414336988304,True,False,-0.054397109895944595,0.05407632142305374
CVNA,2024-06-11,Chronos-LoRA-V3,0.0646166132273041,0.046613059207346465,True,False,-0.03898550570011139,0.04335389286279678
CVNA,2024-08-09,Chronos-LoRA-V3,-0.018114856050066973,0.0949874283579495,False,False,-0.04694753512740135,0.051813628524541855
CVNA,2024-10-09,Chronos-LoRA-V3,0.007860831814023559,0.05282615834446083,False,False,-0.03403623029589653,0.04356977716088295
CVNA,2024-12-06,Chronos-LoRA-V3,-0.028998090706934373,0.038192780813530225,False,False,-0.025025663897395134,0.03483780473470688
CVNA,2025-02-07,Chronos-LoRA-V3,0.014063575073661688,0.05819866045906689,False,False,-0.02316232956945896,0.03466925770044327
CVNA,2025-04-09,Chronos-LoRA-V3,-0.07917367886224642,0.18915628864513168,False,False,-0.0913364440202713,0.10335415601730347
CVNA,2025-06-09,Chronos-LoRA-V3,-0.004156862631501338,0.04526123929264819,False,False,-0.024541029706597328,0.03595971688628197
CVNA,2025-08-08,Chronos-LoRA-V3,-0.006668490412142271,0.08942309552519256,False,False,-0.03352328762412071,0.044315535575151443
CVNA,2025-10-07,Chronos-LoRA-V3,-0.025711836108659566,0.05899970411980671,False,False,-0.03286850079894066,0.04129587486386299
CVNA,2025-12-05,Chronos-LoRA-V3,0.11385918455096826,0.06284111273676421,True,False,-0.03329762816429138,0.04401269555091858
CVNA,2026-02-05,Chronos-LoRA-V3,0.05076280548890461,0.0864806616944795,False,False,-0.03900746628642082,0.04728231579065323
CVNA,2026-04-08,Chronos-LoRA-V3,-0.03569338862006982,0.07957738655449229,False,False,-0.0379866361618042,0.04389378800988197
CVNA,2026-06-05,Chronos-LoRA-V3,0.043254680843288845,0.06864083374262568,False,False,-0.0398312509059906,0.04498572647571564
CVNA,2026-08-06,Chronos-LoRA-V3,0.036069751499409115,0.08110856959946162,False,False,-0.047753456979990005,0.052283886820077896
PLUG,2011-03-11,Chronos-LoRA-V3,-0.04725291561423363,0.0368250190745519,True,True,-0.04545411467552185,0.040497444570064545
PLUG,2011-07-05,Chronos-LoRA-V3,-0.008810621353606442,0.07954304252832375,False,False,-0.06254439055919647,0.056705839931964874
PLUG,2011-10-25,Chronos-LoRA-V3,-0.06669142375088091,0.09512577717624648,False,False,-0.053489793092012405,0.04871176928281784
PLUG,2012-02-17,Chronos-LoRA-V3,0.008620735070485726,0.08330063263340795,False,False,-0.05365706607699394,0.051508016884326935
PLUG,2012-06-12,Chronos-LoRA-V3,0.008510681896768206,0.0393536018302039,False,True,-0.04535984992980957,0.04051502048969269
PLUG,2012-10-03,Chronos-LoRA-V3,0.011834516917728159,0.07467608199921769,False,False,-0.03702804446220398,0.03144249692559242
PLUG,2013-01-30,Chronos-LoRA-V3,-0.021978951350272766,0.12839361641582217,False,False,-0.0632978156208992,0.05524209141731262
PLUG,2013-05-23,Chronos-LoRA-V3,0.1643030867702306,0.27622736815165777,False,False,-0.09819892793893814,0.0924600288271904
PLUG,2013-09-16,Chronos-LoRA-V3,-0.04959699328121652,0.16796416282267218,False,False,-0.09855588525533676,0.0934193953871727
PLUG,2014-01-08,Chronos-LoRA-V3,-0.3151625120618024,0.30208662400424713,True,False,-0.11131050437688828,0.12085308879613876
PLUG,2014-05-02,Chronos-LoRA-V3,-0.10289443725634206,0.09943455236461794,True,True,-0.11198845505714417,0.11312587559223175
PLUG,2014-08-25,Chronos-LoRA-V3,-0.04422493182135657,0.05439981229798637,False,False,-0.04236171022057533,0.04541804641485214
PLUG,2014-12-16,Chronos-LoRA-V3,0.07410798462983786,0.07682211100977382,False,False,-0.04921399801969528,0.04751034453511238
PLUG,2015-04-13,Chronos-LoRA-V3,0.0304206584144852,0.05029478653132077,False,False,-0.03333211690187454,0.035093821585178375
PLUG,2015-08-04,Chronos-LoRA-V3,0.021819026584723785,0.08197075204353814,False,False,-0.04037658870220184,0.04320184886455536
PLUG,2015-11-24,Chronos-LoRA-V3,0.06486057245710282,0.13350024053662216,False,False,-0.050888221710920334,0.05017559602856636
PLUG,2016-03-21,Chronos-LoRA-V3,0.004819282006023543,0.0704382496623687,False,False,-0.04709504917263985,0.04301438853144646
PLUG,2016-07-13,Chronos-LoRA-V3,-0.005763699172500427,0.05828661708544164,False,False,-0.03228462114930153,0.02903980016708374
PLUG,2016-11-02,Chronos-LoRA-V3,0.0,0.04434201308217582,False,False,-0.03756563365459442,0.03303585946559906
PLUG,2017-02-28,Chronos-LoRA-V3,-0.009302383378101402,0.19519666258920929,False,False,-0.05198962241411209,0.04774601757526398
PLUG,2017-06-21,Chronos-LoRA-V3,0.027524646294219378,0.08141890799243018,False,False,-0.04988690838217735,0.048914484679698944
PLUG,2017-10-12,Chronos-LoRA-V3,-0.02469258974538504,0.09920262622201537,False,False,-0.03545517474412918,0.03655300661921501
PLUG,2018-02-06,Chronos-LoRA-V3,0.07333126457807959,0.04783347675699684,True,False,-0.03779776021838188,0.036014437675476074
PLUG,2018-05-31,Chronos-LoRA-V3,0.010638388086280471,0.07618656708670185,False,False,-0.04180065914988518,0.04069298133254051
PLUG,2018-09-21,Chronos-LoRA-V3,-0.010582099318558446,0.05276537264915838,False,False,-0.03256700932979584,0.03185113146901131
PLUG,2019-01-17,Chronos-LoRA-V3,-0.014388723877542694,0.17437060296941606,False,False,-0.048650991171598434,0.046883516013622284
PLUG,2019-05-13,Chronos-LoRA-V3,0.02217383639284286,0.04956623138686814,False,False,-0.04118940234184265,0.039384834468364716
PLUG,2019-09-04,Chronos-LoRA-V3,0.00925931621435205,0.050667147631876845,False,False,-0.02883845753967762,0.02859724499285221
PLUG,2019-12-26,Chronos-LoRA-V3,-0.02247291089819518,0.08067048477966032,False,False,-0.0395180881023407,0.03945475444197655
PLUG,2020-04-21,Chronos-LoRA-V3,0.02573244606424871,0.0944113411095105,False,False,-0.05365673825144768,0.05563877895474434
PLUG,2020-08-12,Chronos-LoRA-V3,0.06641817995123118,0.13133527841391446,False,False,-0.06895557790994644,0.07474378496408463
PLUG,2020-12-03,Chronos-LoRA-V3,0.041073534564644056,0.11967815777726291,False,False,-0.05126170441508293,0.058794569224119186
PLUG,2021-03-30,Chronos-LoRA-V3,0.05152826176339849,0.14359577848365523,False,False,-0.08625141531229019,0.09566294401884079
PLUG,2021-07-22,Chronos-LoRA-V3,-0.019210064820616622,0.06805441347698608,False,False,-0.04821513220667839,0.058269161731004715
PLUG,2021-11-11,Chronos-LoRA-V3,-0.006930017199314488,0.08362622497388962,False,False,-0.054249491542577744,0.06559573858976364
PLUG,2022-03-08,Chronos-LoRA-V3,0.023566885743147727,0.1173591333721997,False,False,-0.06461533904075623,0.0702153816819191
PLUG,2022-06-30,Chronos-LoRA-V3,0.036152121298438616,0.11122472734617567,False,False,-0.07040788978338242,0.07517030835151672
PLUG,2022-10-21,Chronos-LoRA-V3,-0.047184434722597014,0.0914479577595835,False,False,-0.05366802215576172,0.05337757617235184
PLUG,2023-02-15,Chronos-LoRA-V3,-0.057053207112345024,0.0947989589405166,False,False,-0.052425023168325424,0.053309764713048935
PLUG,2023-06-09,Chronos-LoRA-V3,0.12297971661734391,0.10378408586455858,True,False,-0.05601754039525986,0.05625038221478462
PLUG,2023-10-03,Chronos-LoRA-V3,0.0,0.07229778078032,False,False,-0.0572783425450325,0.05042148754000664
PLUG,2024-01-26,Chronos-LoRA-V3,0.10859054935781051,0.18907392705970144,False,False,-0.08015081286430359,0.07551858574151993
PLUG,2024-05-20,Chronos-LoRA-V3,-0.03822125249212061,0.14245905123923722,False,False,-0.0687226876616478,0.061921462416648865
PLUG,2024-09-12,Chronos-LoRA-V3,0.01025649013484875,0.09662461168141326,False,False,-0.06550539284944534,0.057991717010736465
PLUG,2025-01-06,Chronos-LoRA-V3,-0.06559729659721675,0.1545443518288309,False,False,-0.08186513185501099,0.08066294342279434
PLUG,2025-05-01,Chronos-LoRA-V3,-0.011834516917728074,0.17557283466677526,False,False,-0.07978396117687225,0.07111405581235886
PLUG,2025-08-25,Chronos-LoRA-V3,-0.012048327267974208,0.0991714023977059,False,False,-0.07181967794895172,0.06392820924520493
PLUG,2025-12-16,Chronos-LoRA-V3,-0.05844353947557896,0.0883996522704485,False,False,-0.07294566184282303,0.06912984699010849
PLUG,2026-04-13,Chronos-LoRA-V3,0.05956228749981924,0.08980637466943688,False,False,-0.07069627195596695,0.06908201426267624
PLUG,2026-08-06,Chronos-LoRA-V3,0.051776332396145784,0.08105571959581954,False,False,-0.0619041845202446,0.05949597433209419
RKLB,2022-02-02,Chronos-LoRA-V3,-0.04228275882981947,0.09142644484302015,False,False,-0.05368349328637123,0.05534457042813301
RKLB,2022-03-08,Chronos-LoRA-V3,0.03691303649464238,0.10785585988003792,False,False,-0.061033762991428375,0.06150784716010094
RKLB,2022-04-08,Chronos-LoRA-V3,0.0038387421101794728,0.08719603572369572,False,False,-0.040217671543359756,0.03984350711107254
RKLB,2022-05-12,Chronos-LoRA-V3,0.12141591817001528,0.08589070760366267,True,False,-0.057473842054605484,0.05437692999839783
RKLB,2022-06-15,Chronos-LoRA-V3,-0.04487176880718317,0.11287556987040107,False,False,-0.05843961983919144,0.05677695572376251
RKLB,2022-07-20,Chronos-LoRA-V3,-0.002290894936133112,0.06664785878237954,False,False,-0.047756992280483246,0.04886163771152496
RKLB,2022-08-22,Chronos-LoRA-V3,-0.025831670748531058,0.12951042318820605,False,False,-0.06316821277141571,0.06014174968004227
RKLB,2022-09-23,Chronos-LoRA-V3,0.02634886198277228,0.09234872130363772,False,False,-0.058994825929403305,0.053202755749225616
RKLB,2022-10-26,Chronos-LoRA-V3,0.021097808800234128,0.08564151856692966,False,False,-0.05568492412567139,0.05444323644042015
RKLB,2022-11-29,Chronos-LoRA-V3,0.05645671269101732,0.10762679012816868,False,False,-0.05678240582346916,0.05459585040807724
RKLB,2023-01-03,Chronos-LoRA-V3,0.042990205060345274,0.05284368248189258,False,False,-0.046493109315633774,0.043975360691547394
RKLB,2023-02-06,Chronos-LoRA-V3,-0.0040733214317941755,0.08712872082946876,False,False,-0.059673625975847244,0.05658300966024399
RKLB,2023-03-10,Chronos-LoRA-V3,0.007643341883944361,0.0764951181429714,False,False,-0.04924032464623451,0.0453825518488884
RKLB,2023-04-13,Chronos-LoRA-V3,-0.022141163107117872,0.055251493741913744,False,False,-0.044120315462350845,0.0444619245827198
RKLB,2023-05-16,Chronos-LoRA-V3,0.05012433816192752,0.04855861034677461,True,False,-0.03712068498134613,0.03513307496905327
RKLB,2023-06-20,Chronos-LoRA-V3,0.015371806060441228,0.08578705520213575,False,False,-0.04094298928976059,0.042719144374132156
RKLB,2023-07-24,Chronos-LoRA-V3,0.030648637786853276,0.10032719102458439,False,False,-0.04861332103610039,0.047598350793123245
RKLB,2023-08-25,Chronos-LoRA-V3,0.023891899065197873,0.060430904164795345,False,False,-0.04367450252175331,0.043052200227975845
RKLB,2023-09-28,Chronos-LoRA-V3,0.009174367245604971,0.06855681627677682,False,False,-0.048169832676649094,0.04399888217449188
RKLB,2023-10-31,Chronos-LoRA-V3,0.0023612176950147377,0.06841385694251378,False,False,-0.046691037714481354,0.04414105415344238
RKLB,2023-12-04,Chronos-LoRA-V3,-0.028794928151645877,0.05209398889366413,False,False,-0.042995404452085495,0.04067755863070488
RKLB,2024-01-08,Chronos-LoRA-V3,-0.018182388447055147,0.13754290568208488,False,False,-0.048243969678878784,0.045989517122507095
RKLB,2024-02-09,Chronos-LoRA-V3,0.0839343718757284,0.09184656418043356,False,False,-0.04532163217663765,0.04412499815225601
RKLB,2024-03-14,Chronos-LoRA-V3,-0.012062918522107302,0.051054071424843535,False,False,-0.046436455100774765,0.04404589906334877
RKLB,2024-04-17,Chronos-LoRA-V3,-0.005617987036759381,0.04525771212784048,False,False,-0.04110915586352348,0.03884539753198624
RKLB,2024-05-20,Chronos-LoRA-V3,0.013544211986473934,0.06354993046845174,False,False,-0.04125726595520973,0.04039468616247177
RKLB,2024-06-24,Chronos-LoRA-V3,-0.0188093644489565,0.07968221561553063,False,False,-0.041037414222955704,0.04175099730491638
RKLB,2024-07-26,Chronos-LoRA-V3,-0.014925635610135437,0.060915289938231004,False,False,-0.0391051359474659,0.04256753250956535
RKLB,2024-08-28,Chronos-LoRA-V3,0.022728229083628256,0.13122094548871951,False,False,-0.04718436300754547,0.04718666896224022
RKLB,2024-10-01,Chronos-LoRA-V3,0.05069728731229883,0.10702808508307485,False,False,-0.047839801758527756,0.05042446404695511
RKLB,2024-11-01,Chronos-LoRA-V3,-0.014998082258165563,0.07884596489911076,False,False,-0.04463304579257965,0.04840591549873352
RKLB,2024-12-05,Chronos-LoRA-V3,0.03127827913051707,0.1630692630563698,False,False,-0.05176718160510063,0.05755925178527832
RKLB,2025-01-10,Chronos-LoRA-V3,-0.11820118398003714,0.12023302012137906,False,False,-0.05121159553527832,0.05771816894412041
RKLB,2025-02-14,Chronos-LoRA-V3,-0.010043150610175989,0.16126461969425637,False,False,-0.05507485568523407,0.06001069396734238
RKLB,2025-03-20,Chronos-LoRA-V3,0.02188503860212124,0.11724571104761372,False,False,-0.06215322017669678,0.06549414992332458
RKLB,2025-04-23,Chronos-LoRA-V3,0.07544474023777228,0.13905328398207098,False,False,-0.06495006382465363,0.0698327124118805
RKLB,2025-05-27,Chronos-LoRA-V3,0.005893588725623785,0.1008765449762346,False,False,-0.05901435390114784,0.06556574255228043
RKLB,2025-06-30,Chronos-LoRA-V3,-0.04108990526187762,0.10228826245649657,False,False,-0.05679372325539589,0.06235803663730621
RKLB,2025-08-01,Chronos-LoRA-V3,-0.006043677060634698,0.09793970496002338,False,False,-0.054404355585575104,0.05959482863545418
RKLB,2025-09-04,Chronos-LoRA-V3,0.0641895061838094,0.08924011388383325,False,False,-0.05315341055393219,0.05782546103000641
RKLB,2025-10-07,Chronos-LoRA-V3,0.059945390600180976,0.1104687661387328,False,False,-0.05570708215236664,0.06463976204395294
RKLB,2025-11-07,Chronos-LoRA-V3,0.0050222654131213944,0.0959406105650685,False,False,-0.060689739882946014,0.06762459129095078
RKLB,2025-12-11,Chronos-LoRA-V3,-0.03263762880188879,0.11244847514349417,False,False,-0.06100703775882721,0.07061967253684998
RKLB,2026-01-15,Chronos-LoRA-V3,0.0592496670454145,0.1237317535275086,False,False,-0.06414288282394409,0.07275032997131348
RKLB,2026-02-19,Chronos-LoRA-V3,-0.07762986190868812,0.12811432559832978,False,False,-0.0710480660200119,0.08056537806987762
RKLB,2026-03-24,Chronos-LoRA-V3,0.09809943384252276,0.09620362188706663,True,False,-0.0660751685500145,0.07416754215955734
RKLB,2026-04-27,Chronos-LoRA-V3,-0.046005186462810724,0.10260376756159975,False,False,-0.06394032388925552,0.07436367124319077
RKLB,2026-05-29,Chronos-LoRA-V3,-0.15898296047937707,0.18275712365966865,False,False,-0.06081295758485794,0.07268133014440536
RKLB,2026-07-02,Chronos-LoRA-V3,-0.0761929014195986,0.13755934146665946,False,False,-0.06318479776382446,0.07595750689506531
RKLB,2026-08-06,Chronos-LoRA-V3,0.0904085802078148,0.11419302119226235,False,False,-0.06724440306425095,0.07939514517784119
IONQ,2022-03-11,Chronos-LoRA-V3,-0.07754516048777285,0.1293993848544868,False,False,-0.07331711053848267,0.07547577470541
IONQ,2022-04-12,Chronos-LoRA-V3,0.03399255010812331,0.0928169758111837,False,False,-0.06605532020330429,0.06410688906908035
IONQ,2022-05-16,Chronos-LoRA-V3,0.16118056496414795,0.14660302858369983,True,False,-0.08728761225938797,0.0838925838470459
IONQ,2022-06-16,Chronos-LoRA-V3,0.05715835818668655,0.1195457349864154,False,False,-0.08891680836677551,0.0873754546046257
IONQ,2022-07-21,Chronos-LoRA-V3,-0.07498582694721129,0.0878001324928163,False,False,-0.06468656659126282,0.06666772812604904
IONQ,2022-08-22,Chronos-LoRA-V3,0.0015563819669177138,0.18432341375518824,False,False,-0.08766065537929535,0.08354775607585907
IONQ,2022-09-23,Chronos-LoRA-V3,0.0041841025573310054,0.08219957744901515,False,False,-0.05938740074634552,0.057079777121543884
IONQ,2022-10-25,Chronos-LoRA-V3,0.023788882243405772,0.09759116225919809,False,False,-0.05870482325553894,0.058195289224386215
IONQ,2022-11-28,Chronos-LoRA-V3,-0.02251889091428668,0.12566210323411275,False,False,-0.05992342159152031,0.059439122676849365
IONQ,2022-12-29,Chronos-LoRA-V3,-0.02575247150506701,0.0992077101334063,False,False,-0.06859934329986572,0.06683038175106049
IONQ,2023-02-02,Chronos-LoRA-V3,0.0018198784076674348,0.09442935934788367,False,False,-0.06318746507167816,0.07223613560199738
IONQ,2023-03-07,Chronos-LoRA-V3,0.024001129208062993,0.10185703531601473,False,False,-0.05783364921808243,0.05627519264817238
IONQ,2023-04-10,Chronos-LoRA-V3,-0.010271505454393025,0.1355637815232327,False,False,-0.061150968074798584,0.06309425830841064
IONQ,2023-05-10,Chronos-LoRA-V3,0.010021583187863769,0.0792591599862848,False,False,-0.05250914394855499,0.05872271955013275
IONQ,2023-06-13,Chronos-LoRA-V3,-0.06711322466617804,0.16593193849174143,False,False,-0.06605047732591629,0.0683327317237854
IONQ,2023-07-17,Chronos-LoRA-V3,0.052936267346308664,0.13592389224386056,False,False,-0.06558079272508621,0.07241033017635345
IONQ,2023-08-17,Chronos-LoRA-V3,0.03102782711145243,0.14233794764111532,False,False,-0.07230901718139648,0.07475078850984573
IONQ,2023-09-20,Chronos-LoRA-V3,-0.0897177712109174,0.119838157710751,False,False,-0.06853038817644119,0.06965915858745575
IONQ,2023-10-20,Chronos-LoRA-V3,0.003963555704296674,0.09962886886035506,False,False,-0.07185281068086624,0.06882652640342712
IONQ,2023-11-22,Chronos-LoRA-V3,-0.004842658395539763,0.09977395149951383,False,False,-0.06553211063146591,0.06617283821105957
IONQ,2023-12-26,Chronos-LoRA-V3,-0.0231959830511088,0.0908528580127625,False,False,-0.06273085623979568,0.0647444874048233
IONQ,2024-01-30,Chronos-LoRA-V3,-0.04008161727038914,0.06837975221259236,False,False,-0.05999162793159485,0.0595853328704834
IONQ,2024-03-01,Chronos-LoRA-V3,-0.05495355493543494,0.08444101990386589,False,False,-0.06014443188905716,0.0579800046980381
IONQ,2024-04-04,Chronos-LoRA-V3,0.009820062871229898,0.08690571818374129,False,False,-0.05742371082305908,0.05620497837662697
IONQ,2024-05-06,Chronos-LoRA-V3,-0.07261699966729143,0.0816615213986192,False,False,-0.05855295807123184,0.05956696718931198
IONQ,2024-06-07,Chronos-LoRA-V3,0.04478361812566412,0.056772455714597894,False,False,-0.054800692945718765,0.05500784143805504
IONQ,2024-07-11,Chronos-LoRA-V3,0.05222793984072294,0.07104688827084044,False,False,-0.05186598747968674,0.05355849489569664
IONQ,2024-08-13,Chronos-LoRA-V3,0.004112374905568538,0.12395989010166633,False,False,-0.05902332812547684,0.06112172454595566
IONQ,2024-09-13,Chronos-LoRA-V3,0.007702212818593349,0.07627622571415915,False,False,-0.0540490485727787,0.062239982187747955
IONQ,2024-10-16,Chronos-LoRA-V3,0.01612936642298423,0.1557566950083895,False,False,-0.05852338299155235,0.06981758028268814
IONQ,2024-11-15,Chronos-LoRA-V3,-0.1440780353122285,0.19968685982441037,False,False,-0.0680064857006073,0.08361739665269852
IONQ,2024-12-19,Chronos-LoRA-V3,0.1624394804185008,0.19155965464227773,False,False,-0.09260806441307068,0.09955611824989319
IONQ,2025-01-24,Chronos-LoRA-V3,-0.05600448043378899,0.27846550802267395,False,False,-0.11266937106847763,0.11852578073740005
IONQ,2025-02-27,Chronos-LoRA-V3,-0.013743149036100365,0.09888289765338892,False,False,-0.08081082999706268,0.08668006956577301
IONQ,2025-04-01,Chronos-LoRA-V3,0.07715262277711707,0.17007134262285659,False,False,-0.07576292008161545,0.07683694362640381
IONQ,2025-05-02,Chronos-LoRA-V3,-0.03622392708402123,0.15541888220499572,False,False,-0.07755400240421295,0.07894700765609741
IONQ,2025-06-05,Chronos-LoRA-V3,0.0623881086771647,0.1897228788849197,False,False,-0.07083650678396225,0.07174220681190491
IONQ,2025-07-09,Chronos-LoRA-V3,0.00808833626061652,0.08855001340201858,False,False,-0.06293249130249023,0.06178668886423111
IONQ,2025-08-11,Chronos-LoRA-V3,-0.044128120505297484,0.07718927162090053,False,False,-0.05840412154793739,0.059932757169008255
IONQ,2025-09-11,Chronos-LoRA-V3,0.16715220235915992,0.08178086139635264,True,False,-0.05855328589677811,0.058684512972831726
IONQ,2025-10-14,Chronos-LoRA-V3,-0.06857846699931491,0.12714067524078612,False,False,-0.06571632623672485,0.07136427611112595
IONQ,2025-11-13,Chronos-LoRA-V3,0.0384579417908891,0.1123456057884368,False,False,-0.07428216189146042,0.07993563264608383
IONQ,2025-12-17,Chronos-LoRA-V3,0.012785961835722115,0.13320499004108904,False,False,-0.07785975188016891,0.08356526494026184
IONQ,2026-01-21,Chronos-LoRA-V3,0.020479928620632713,0.09500963405816845,False,False,-0.06676342338323593,0.07344133406877518
IONQ,2026-02-24,Chronos-LoRA-V3,0.06043854984431327,0.1273291981669404,False,False,-0.07416006922721863,0.07914890348911285
IONQ,2026-03-26,Chronos-LoRA-V3,-0.08130019719266161,0.05416780516283042,True,True,-0.06628597527742386,0.07197881489992142
IONQ,2026-04-29,Chronos-LoRA-V3,0.06904032684898123,0.14386662360966862,False,False,-0.06965889781713486,0.0754682645201683
IONQ,2026-06-01,Chronos-LoRA-V3,0.03014164408206085,0.13463026617980256,False,False,-0.06951551884412766,0.0781347006559372
IONQ,2026-07-06,Chronos-LoRA-V3,-0.07453301655058833,0.12186652814673359,False,False,-0.0699021965265274,0.07592716068029404
IONQ,2026-08-06,Chronos-LoRA-V3,0.11206005390682601,0.11364073570962493,False,False,-0.06786181777715683,0.07341761887073517
AAPL,2011-03-11,Chronos-LoRA-V4,0.0044502413825216495,0.02885882011001267,False,False,-0.015135690569877625,0.018034538254141808
AAPL,2011-07-05,Chronos-LoRA-V4,0.006645443727850954,0.032177449317118245,False,False,-0.01567327231168747,0.018119819462299347
AAPL,2011-10-25,Chronos-LoRA-V4,0.007089639963324946,0.049160836161456604,False,False,-0.02302730642259121,0.025132369250059128
AAPL,2012-02-17,Chronos-LoRA-V4,0.025036972759730772,0.035584133733980505,False,False,-0.014191368594765663,0.017804089933633804
AAPL,2012-06-12,Chronos-LoRA-V4,-0.006967055531725894,0.03929342052266589,False,False,-0.016990819945931435,0.019719120115041733
AAPL,2012-10-03,Chronos-LoRA-V4,-0.006949313461034188,0.02930300755163749,False,False,-0.016754813492298126,0.019606221467256546
AAPL,2013-01-30,Chronos-LoRA-V4,-0.0029372222698239234,0.06900682738796965,False,False,-0.026190033182501793,0.02848209999501705
AAPL,2013-05-23,Chronos-LoRA-V4,0.006784685215479068,0.03436672094761819,False,False,-0.01963864080607891,0.02168302610516548
AAPL,2013-09-16,Chronos-LoRA-V4,0.011486485063267946,0.036533530044340075,False,False,-0.022757967934012413,0.02425137348473072
AAPL,2014-01-08,Chronos-LoRA-V4,-0.012852087608966464,0.025244626316059476,False,False,-0.01632115989923477,0.018141120672225952
AAPL,2014-05-02,Chronos-LoRA-V4,0.014042189814749726,0.04384350883042597,False,False,-0.015633055940270424,0.015587768517434597
AAPL,2014-08-25,Chronos-LoRA-V4,-0.006421884446149109,0.018046368175844228,False,False,-0.011169425211846828,0.012526731938123703
AAPL,2014-12-16,Chronos-LoRA-V4,0.024612692981759606,0.028236830508079586,False,False,-0.016523059457540512,0.018005739897489548
AAPL,2015-04-13,Chronos-LoRA-V4,-0.004345546377145041,0.025301045108785017,False,False,-0.014067383483052254,0.016977887600660324
AAPL,2015-08-04,Chronos-LoRA-V4,0.006607322554794695,0.03630499270474385,False,False,-0.01756211556494236,0.020611759275197983
AAPL,2015-11-24,Chronos-LoRA-V4,-0.00717587330635183,0.03492737916885329,False,False,-0.017719723284244537,0.019294295459985733
AAPL,2016-03-21,Chronos-LoRA-V4,0.00761875631624091,0.025676942299089334,False,False,-0.017166748642921448,0.018362395465373993
AAPL,2016-07-13,Chronos-LoRA-V4,0.01962658372589728,0.02276684138375036,False,False,-0.014634947292506695,0.014733514748513699
AAPL,2016-11-02,Chronos-LoRA-V4,-0.01077664088712817,0.01825842281181891,False,False,-0.014381824992597103,0.01486100535839796
AAPL,2017-02-28,Chronos-LoRA-V4,0.020232968695445108,0.027389205272767014,False,False,-0.008295409381389618,0.009482684545218945
AAPL,2017-06-21,Chronos-LoRA-V4,-0.00164641020601484,0.02793663806100878,False,False,-0.014511078596115112,0.015236127190291882
AAPL,2017-10-12,Chronos-LoRA-V4,0.006326314905951087,0.01821537406870928,False,False,-0.010754155926406384,0.012452108785510063
AAPL,2018-02-06,Chronos-LoRA-V4,-0.021639620925453212,0.03441424703035487,False,False,-0.017460590228438377,0.02129290997982025
AAPL,2018-05-31,Chronos-LoRA-V4,0.01787337241776974,0.02081419383406024,False,False,-0.012147835455834866,0.014415566809475422
AAPL,2018-09-21,Chronos-LoRA-V4,0.014277957583209747,0.0273090721707684,False,False,-0.013727478682994843,0.016358813270926476
AAPL,2019-01-17,Chronos-LoRA-V4,0.006140199346842176,0.06819397608010681,False,False,-0.02208615653216839,0.02274475246667862
AAPL,2019-05-13,Chronos-LoRA-V4,0.015706111059241534,0.04147145332141114,False,False,-0.024767333641648293,0.025972843170166016
AAPL,2019-09-04,Chronos-LoRA-V4,0.019362791548437282,0.04006074807744136,False,False,-0.018263351172208786,0.019628651440143585
AAPL,2019-12-26,Chronos-LoRA-V4,-0.0003796856312069616,0.022124974430602365,False,False,-0.013592674396932125,0.016384834423661232
AAPL,2020-04-21,Chronos-LoRA-V4,0.02839660991249939,0.07929357388154565,False,False,-0.03474520891904831,0.03590376302599907
AAPL,2020-08-12,Chronos-LoRA-V4,0.0175426559658522,0.06254374021310118,False,False,-0.021024804562330246,0.025245917961001396
AAPL,2020-12-03,Chronos-LoRA-V4,-0.005628064229194861,0.03325324391036956,False,False,-0.018434682860970497,0.023712633177638054
AAPL,2021-03-30,Chronos-LoRA-V4,0.018591975034542484,0.041323913460440474,False,False,-0.021153071895241737,0.02529872953891754
AAPL,2021-07-22,Chronos-LoRA-V4,0.011917983742510418,0.026934522770551778,False,False,-0.016750672832131386,0.02093474753201008
AAPL,2021-11-11,Chronos-LoRA-V4,0.014235196079960127,0.020571554189529776,False,False,-0.014018332585692406,0.017646146938204765
AAPL,2022-03-08,Chronos-LoRA-V4,0.03439875595462113,0.03289848603709963,True,False,-0.02122349850833416,0.02367244102060795
AAPL,2022-06-30,Chronos-LoRA-V4,0.016035169836734538,0.049775836015079226,False,False,-0.02691066823899746,0.029021169990301132
AAPL,2022-10-21,Chronos-LoRA-V4,0.014694080989188452,0.04699504326924561,False,False,-0.022504515945911407,0.02350475825369358
AAPL,2023-02-15,Chronos-LoRA-V4,-0.010484095724303154,0.031007762469612756,False,False,-0.020792383700609207,0.021103713661432266
AAPL,2023-06-09,Chronos-LoRA-V4,0.015517778735450129,0.01723665275684881,False,False,-0.013185849413275719,0.014962461777031422
AAPL,2023-10-03,Chronos-LoRA-V4,0.007281968363713714,0.02932136906241544,False,False,-0.017819536849856377,0.01769525371491909
AAPL,2024-01-26,Chronos-LoRA-V4,-0.0035923363983041017,0.028846921644196735,False,False,-0.013644898310303688,0.01443751435726881
AAPL,2024-05-20,Chronos-LoRA-V4,0.006833838608701723,0.032487030129917764,False,False,-0.014144163578748703,0.014986412599682808
AAPL,2024-09-12,Chronos-LoRA-V4,-0.001212683334389152,0.01916237887056088,False,False,-0.014286655001342297,0.015453965403139591
AAPL,2025-01-06,Chronos-LoRA-V4,-0.011453086901282222,0.02392768102009191,False,False,-0.013854354619979858,0.015964291989803314
AAPL,2025-05-01,Chronos-LoRA-V4,-0.03807747848377128,0.10196754422079546,False,False,-0.020240936428308487,0.020008737221360207
AAPL,2025-08-25,Chronos-LoRA-V4,0.009420196768850203,0.039045681744688525,False,False,-0.01718161813914776,0.01778525672852993
AAPL,2025-12-16,Chronos-LoRA-V4,-0.010138255944275731,0.018531925152240517,False,False,-0.014453488402068615,0.016012204810976982
AAPL,2026-04-13,Chronos-LoRA-V4,-0.0014285405616683605,0.02479581757465648,False,False,-0.01584632508456707,0.017232084646821022
AAPL,2026-08-06,Chronos-LoRA-V4,0.0029404636305595897,0.04714774899941368,False,False,-0.022148950025439262,0.02231857366859913
MSFT,2011-03-11,Chronos-LoRA-V4,0.0003893248311432288,0.01699216002400379,False,False,-0.013951454311609268,0.013108923099935055
MSFT,2011-07-05,Chronos-LoRA-V4,0.01145968845659617,0.02636190169441356,False,False,-0.014380990527570248,0.01344643160700798
MSFT,2011-10-25,Chronos-LoRA-V4,-0.00823965332939845,0.02833153164098282,False,False,-0.016871772706508636,0.01589624583721161
MSFT,2012-02-17,Chronos-LoRA-V4,0.006061769091307979,0.02322671477928609,False,False,-0.014058911241590977,0.014520052820444107
MSFT,2012-06-12,Chronos-LoRA-V4,-0.005477940175513536,0.029285797289682832,False,False,-0.015589255839586258,0.01624375954270363
MSFT,2012-10-03,Chronos-LoRA-V4,0.005677222539120568,0.021938772765380168,False,False,-0.014321792870759964,0.01459131482988596
MSFT,2013-01-30,Chronos-LoRA-V4,-0.014467343556985295,0.0234509760308416,False,False,-0.013963042758405209,0.013733156025409698
MSFT,2013-05-23,Chronos-LoRA-V4,0.0035073643940008647,0.025316433219765986,False,False,-0.01448015496134758,0.015063389204442501
MSFT,2013-09-16,Chronos-LoRA-V4,0.0039558062642522825,0.04809534324354191,False,False,-0.016928818076848984,0.017633380368351936
MSFT,2014-01-08,Chronos-LoRA-V4,-0.006452864890475546,0.02092676123131707,False,False,-0.015808217227458954,0.01658547669649124
MSFT,2014-05-02,Chronos-LoRA-V4,-0.006572302765448421,0.026102328692710123,False,False,-0.014826594851911068,0.015373053960502148
MSFT,2014-08-25,Chronos-LoRA-V4,-0.0035488253505163428,0.015756447062779528,False,False,-0.011048699729144573,0.01233532652258873
MSFT,2014-12-16,Chronos-LoRA-V4,0.012761093928868573,0.02303657524480972,False,False,-0.01563546620309353,0.017684206366539
MSFT,2015-04-13,Chronos-LoRA-V4,-0.0026373952729416453,0.025126819354865826,False,False,-0.013330798596143723,0.015039567835628986
MSFT,2015-08-04,Chronos-LoRA-V4,0.0008411265387977357,0.026252744466876244,False,False,-0.013353153131902218,0.01507758628576994
MSFT,2015-11-24,Chronos-LoRA-V4,-0.010376239576350772,0.020567005281044826,False,False,-0.013997389934957027,0.015315530821681023
MSFT,2016-03-21,Chronos-LoRA-V4,0.0038911259559960055,0.03264835685764351,False,False,-0.019057465717196465,0.01981065236032009
MSFT,2016-07-13,Chronos-LoRA-V4,0.004288914264517961,0.03186292848229578,False,False,-0.015476040542125702,0.01585453748703003
MSFT,2016-11-02,Chronos-LoRA-V4,-0.003708589503374955,0.024367081089664705,False,False,-0.012552705593407154,0.01314052939414978
MSFT,2017-02-28,Chronos-LoRA-V4,0.014893375152559623,0.012906359568683962,True,False,-0.010192789137363434,0.011097990907728672
MSFT,2017-06-21,Chronos-LoRA-V4,-0.0001423064077827881,0.02095464301137146,False,False,-0.010845535434782505,0.012066635303199291
MSFT,2017-10-12,Chronos-LoRA-V4,0.004786580518383869,0.014467120913778343,False,False,-0.008784988895058632,0.010349152609705925
MSFT,2018-02-06,Chronos-LoRA-V4,-0.01901256212319852,0.036186355482616936,False,False,-0.019222132861614227,0.021059656515717506
MSFT,2018-05-31,Chronos-LoRA-V4,0.019536805881802878,0.01432559665557468,True,False,-0.010411066003143787,0.012206828221678734
MSFT,2018-09-21,Chronos-LoRA-V4,0.0035822224216122854,0.022692453813010202,False,False,-0.011545725166797638,0.013408840633928776
MSFT,2019-01-17,Chronos-LoRA-V4,0.014872077089352008,0.05222364168256083,False,False,-0.017153482884168625,0.018509570509195328
MSFT,2019-05-13,Chronos-LoRA-V4,0.01112565587120525,0.0296197974668137,False,False,-0.01567409187555313,0.018872207030653954
MSFT,2019-09-04,Chronos-LoRA-V4,0.017430312022127442,0.032747935758096924,False,False,-0.01694025658071041,0.019231442362070084
MSFT,2019-12-26,Chronos-LoRA-V4,0.0018255614250268955,0.012913019714996858,False,False,-0.009320554323494434,0.011964553035795689
MSFT,2020-04-21,Chronos-LoRA-V4,0.03340075741545557,0.07915426421554306,False,False,-0.02798513136804104,0.03320978954434395
MSFT,2020-08-12,Chronos-LoRA-V4,-0.002345154083999388,0.0474107502875576,False,False,-0.019601434469223022,0.022533709183335304
MSFT,2020-12-03,Chronos-LoRA-V4,0.000559921216435259,0.030712302842185724,False,False,-0.015486973337829113,0.018911447376012802
MSFT,2021-03-30,Chronos-LoRA-V4,0.01676600861552437,0.03290125159977762,False,False,-0.017483124509453773,0.020292969420552254
MSFT,2021-07-22,Chronos-LoRA-V4,0.012260860771018369,0.01805819605153792,False,False,-0.01318688690662384,0.015687286853790283
MSFT,2021-11-11,Chronos-LoRA-V4,0.01282237424869702,0.023804444959101938,False,False,-0.013132447376847267,0.01630477048456669
MSFT,2022-03-08,Chronos-LoRA-V4,0.044837786210020054,0.043598762317416176,True,False,-0.02470211312174797,0.02711431123316288
MSFT,2022-06-30,Chronos-LoRA-V4,0.010650488199254016,0.0465691435232946,False,False,-0.02522648684680462,0.02720675617456436
MSFT,2022-10-21,Chronos-LoRA-V4,0.020966481408816462,0.048004484864539995,False,False,-0.022809267044067383,0.02344898134469986
MSFT,2023-02-15,Chronos-LoRA-V4,-0.026983409230140285,0.04286169418295984,False,False,-0.022607896476984024,0.02232504077255726
MSFT,2023-06-09,Chronos-LoRA-V4,0.015364992951105693,0.028916426723550714,False,False,-0.0172675009816885,0.01847265474498272
MSFT,2023-10-03,Chronos-LoRA-V4,0.01761730727036663,0.026949648333060884,False,False,-0.01886436901986599,0.019172821193933487
MSFT,2024-01-26,Chronos-LoRA-V4,0.014232405242177879,0.016402696840657597,False,False,-0.012092236429452896,0.013351671397686005
MSFT,2024-05-20,Chronos-LoRA-V4,0.008661348971833563,0.028625633222993982,False,False,-0.014080824330449104,0.015361963771283627
MSFT,2024-09-12,Chronos-LoRA-V4,0.008372369035759542,0.02350628156823535,False,False,-0.014617924578487873,0.016141420230269432
MSFT,2025-01-06,Chronos-LoRA-V4,-0.012890818317096082,0.023785328350633475,False,False,-0.013431170955300331,0.015709025785326958
MSFT,2025-05-01,Chronos-LoRA-V4,0.022959569991071918,0.06886670186951155,False,False,-0.02194589376449585,0.026231717318296432
MSFT,2025-08-25,Chronos-LoRA-V4,-0.004412251907813678,0.02727238110017713,False,False,-0.0133926747366786,0.015159737318754196
MSFT,2025-12-16,Chronos-LoRA-V4,-0.0005670144578096566,0.028540408020713767,False,False,-0.014991112053394318,0.015880867838859558
MSFT,2026-04-13,Chronos-LoRA-V4,0.02248380906043869,0.032298569969164026,False,False,-0.017012735828757286,0.01762465573847294
MSFT,2026-08-06,Chronos-LoRA-V4,0.00026004905973253683,0.07701573395003532,False,False,-0.02544465847313404,0.02582721784710884
NVDA,2011-03-11,Chronos-LoRA-V4,0.00827598558737279,0.08392890430901953,False,False,-0.04289726912975311,0.03911370411515236
NVDA,2011-07-05,Chronos-LoRA-V4,-0.013312519933267774,0.036946031477589,False,False,-0.032134804874658585,0.030322549864649773
NVDA,2011-10-25,Chronos-LoRA-V4,0.011696028239942665,0.08392580167127314,False,False,-0.04256931692361832,0.040616121143102646
NVDA,2012-02-17,Chronos-LoRA-V4,0.005034642417659065,0.03806956471099442,False,False,-0.03088458441197872,0.03096519038081169
NVDA,2012-06-12,Chronos-LoRA-V4,-0.026732885599628345,0.04941210736675583,False,False,-0.03044058009982109,0.030083542689681053
NVDA,2012-10-03,Chronos-LoRA-V4,0.0435177862960771,0.02952085485556574,True,False,-0.022792385891079903,0.02160009741783142
NVDA,2013-01-30,Chronos-LoRA-V4,-0.004881825497204813,0.03566967180308187,False,False,-0.023415135219693184,0.01990361325442791
NVDA,2013-05-23,Chronos-LoRA-V4,-0.006170403794204494,0.03428714029033653,False,False,-0.022378016263246536,0.01987077295780182
NVDA,2013-09-16,Chronos-LoRA-V4,0.0031573573969845585,0.018118175482849132,False,False,-0.013422149233520031,0.013594088144600391
NVDA,2014-01-08,Chronos-LoRA-V4,-0.0379990975096173,0.023508970474077247,True,False,-0.01519242487847805,0.015426678583025932
NVDA,2014-05-02,Chronos-LoRA-V4,0.01079342559350671,0.031056518154309414,False,False,-0.01665281131863594,0.01729292795062065
NVDA,2014-08-25,Chronos-LoRA-V4,0.017635378202866755,0.045192048942629265,False,False,-0.01533515565097332,0.01576651819050312
NVDA,2014-12-16,Chronos-LoRA-V4,0.040015391645696306,0.029405132124624523,True,False,-0.01711486652493477,0.018249638378620148
NVDA,2015-04-13,Chronos-LoRA-V4,-0.008461429552937943,0.04251867350884823,False,False,-0.01855003461241722,0.019755985587835312
NVDA,2015-08-04,Chronos-LoRA-V4,0.010256727479017291,0.02547023149292882,False,False,-0.017390912398695946,0.018356340005993843
NVDA,2015-11-24,Chronos-LoRA-V4,-0.0012842160047085726,0.07013750947108263,False,False,-0.020925981923937798,0.022555815055966377
NVDA,2016-03-21,Chronos-LoRA-V4,-0.0017708263013237458,0.030774977874197192,False,False,-0.023604989051818848,0.02512904442846775
NVDA,2016-07-13,Chronos-LoRA-V4,0.010179186870717278,0.041013039802495016,False,False,-0.01905840076506138,0.021302608773112297
NVDA,2016-11-02,Chronos-LoRA-V4,-0.011703072171413564,0.03352781756263682,False,False,-0.018456371501088142,0.022539807483553886
NVDA,2017-02-28,Chronos-LoRA-V4,0.012826612056207068,0.06121472688215743,False,False,-0.02833736687898636,0.032778192311525345
NVDA,2017-06-21,Chronos-LoRA-V4,-0.006921918044237774,0.05102460841742252,False,False,-0.022944215685129166,0.02818632498383522
NVDA,2017-10-12,Chronos-LoRA-V4,0.018464118678240462,0.045228907734187626,False,False,-0.019721992313861847,0.026663128286600113
NVDA,2018-02-06,Chronos-LoRA-V4,0.014173319436734728,0.056836444205440616,False,False,-0.0281192846596241,0.03463983163237572
NVDA,2018-05-31,Chronos-LoRA-V4,0.02130278613553754,0.03633053753226069,False,False,-0.02276916429400444,0.028892289847135544
NVDA,2018-09-21,Chronos-LoRA-V4,0.008504472807048727,0.02734895076821342,False,False,-0.02177896723151207,0.026842795312404633
NVDA,2019-01-17,Chronos-LoRA-V4,0.03376332568652156,0.0682941372894323,False,False,-0.03031417354941368,0.03185011446475983
NVDA,2019-05-13,Chronos-LoRA-V4,0.022403874688212623,0.04362070354214918,False,False,-0.0310308039188385,0.03388013690710068
NVDA,2019-09-04,Chronos-LoRA-V4,0.06303354828704191,0.06600401761533907,False,False,-0.030988477170467377,0.032752979546785355
NVDA,2019-12-26,Chronos-LoRA-V4,-0.009746877770510405,0.027830927615931405,False,False,-0.019510755315423012,0.02133883163332939
NVDA,2020-04-21,Chronos-LoRA-V4,0.059910765647263005,0.11651275839819637,False,False,-0.05074860528111458,0.0504748597741127
NVDA,2020-08-12,Chronos-LoRA-V4,0.00024032638280527854,0.043800628386052004,False,False,-0.027070406824350357,0.03011726401746273
NVDA,2020-12-03,Chronos-LoRA-V4,0.012039512836406502,0.05490950086781845,False,False,-0.026024378836154938,0.030626952648162842
NVDA,2021-03-30,Chronos-LoRA-V4,0.036350293352078365,0.06805918438433195,False,False,-0.027855662629008293,0.03115479275584221
NVDA,2021-07-22,Chronos-LoRA-V4,-0.0018387614159525105,0.04996830387511289,False,False,-0.028934286907315254,0.03382457047700882
NVDA,2021-11-11,Chronos-LoRA-V4,0.0,0.06493782059249706,False,False,-0.02924557961523533,0.033677514642477036
NVDA,2022-03-08,Chronos-LoRA-V4,0.06739893026302975,0.09208585002719777,False,False,-0.043728023767471313,0.04818897694349289
NVDA,2022-06-30,Chronos-LoRA-V4,-0.04286075320440339,0.08119550039153942,False,False,-0.05036571994423866,0.05335459113121033
NVDA,2022-10-21,Chronos-LoRA-V4,0.010612367350244277,0.07120565303442254,False,False,-0.039661750197410583,0.03862115368247032
NVDA,2023-02-15,Chronos-LoRA-V4,-0.03404700541518224,0.07713114567091621,False,False,-0.040494564920663834,0.04111391305923462
NVDA,2023-06-09,Chronos-LoRA-V4,0.018198253263206197,0.11942160737020799,False,False,-0.03589684143662453,0.0394083634018898
NVDA,2023-10-03,Chronos-LoRA-V4,0.011969293744044434,0.03838967632730832,False,False,-0.031118830665946007,0.03344323858618736
NVDA,2024-01-26,Chronos-LoRA-V4,0.02322443767939612,0.04105561806031558,False,False,-0.02285301499068737,0.027384310960769653
NVDA,2024-05-20,Chronos-LoRA-V4,0.006373286765853213,0.055621393595403495,False,False,-0.030676711350679398,0.03693890944123268
NVDA,2024-09-12,Chronos-LoRA-V4,-0.00033587920159958205,0.08302911561318294,False,False,-0.0414920412003994,0.04824889823794365
NVDA,2025-01-06,Chronos-LoRA-V4,-0.06418618211945995,0.04910341235803364,True,False,-0.028105899691581726,0.0362054817378521
NVDA,2025-05-01,Chronos-LoRA-V4,0.02556424074860387,0.11810725405509022,False,False,-0.03983836621046066,0.04450240731239319
NVDA,2025-08-25,Chronos-LoRA-V4,0.010841438539146327,0.03117924306542168,False,False,-0.021784383803606033,0.02782517857849598
NVDA,2025-12-16,Chronos-LoRA-V4,-0.038896680515676234,0.0380944494402619,True,False,-0.02623421512544155,0.030666954815387726
NVDA,2026-04-13,Chronos-LoRA-V4,0.037327446488877807,0.04370416458926145,False,False,-0.023543668910861015,0.026292841881513596
NVDA,2026-08-06,Chronos-LoRA-V4,0.02244140270108172,0.055272168220090054,False,False,-0.028569480404257774,0.03055584616959095
AMZN,2011-03-11,Chronos-LoRA-V4,-0.008004754372241726,0.028712906747746122,False,False,-0.02098463661968708,0.02223144844174385
AMZN,2011-07-05,Chronos-LoRA-V4,0.00467970246301004,0.03374324904405169,False,False,-0.01907295361161232,0.02142287604510784
AMZN,2011-10-25,Chronos-LoRA-V4,-0.1353253963812126,0.05123217451536922,True,False,-0.02826310321688652,0.029847610741853714
AMZN,2012-02-17,Chronos-LoRA-V4,-0.001315943163754481,0.05232318132336524,False,False,-0.026837412267923355,0.02846643142402172
AMZN,2012-06-12,Chronos-LoRA-V4,-0.007839568227068319,0.032369705324580424,False,False,-0.021294457837939262,0.02308124676346779
AMZN,2012-10-03,Chronos-LoRA-V4,0.01762286671643012,0.028789376142595427,False,False,-0.018422704190015793,0.020168062299489975
AMZN,2013-01-30,Chronos-LoRA-V4,-0.026977441581677992,0.04711788111365021,False,False,-0.026706770062446594,0.028914859518408775
AMZN,2013-05-23,Chronos-LoRA-V4,-0.0002292286669446575,0.043179888722985345,False,False,-0.020262977108359337,0.020725304260849953
AMZN,2013-09-16,Chronos-LoRA-V4,0.027024582719098463,0.022445539237543846,True,False,-0.015459940768778324,0.0166049562394619
AMZN,2014-01-08,Chronos-LoRA-V4,-0.00226668921924171,0.021977510751698792,False,False,-0.01664918102324009,0.0189542006701231
AMZN,2014-05-02,Chronos-LoRA-V4,0.006601278428657596,0.061550639534693835,False,False,-0.02004595659673214,0.02198014408349991
AMZN,2014-08-25,Chronos-LoRA-V4,0.02311261395955904,0.025861446816036807,False,False,-0.017030341550707817,0.018774138763546944
AMZN,2014-12-16,Chronos-LoRA-V4,0.012863428305265249,0.03309981541293613,False,False,-0.02053879201412201,0.02212611772119999
AMZN,2015-04-13,Chronos-LoRA-V4,0.007166474179881528,0.01746235762132719,False,True,-0.017322354018688202,0.0184793658554554
AMZN,2015-08-04,Chronos-LoRA-V4,0.009561244357738523,0.0492773391890814,False,False,-0.015613474883139133,0.017357755452394485
AMZN,2015-11-24,Chronos-LoRA-V4,0.006223590044783705,0.030994100477834442,False,False,-0.019623640924692154,0.021315429359674454
AMZN,2016-03-21,Chronos-LoRA-V4,0.011665001910245174,0.03015774279783713,False,False,-0.023371335119009018,0.023903999477624893
AMZN,2016-07-13,Chronos-LoRA-V4,-0.0019274146344341009,0.026316447115941027,False,False,-0.01754583977162838,0.019364073872566223
AMZN,2016-11-02,Chronos-LoRA-V4,0.0019183632456770188,0.03123718325935572,False,False,-0.018699634820222855,0.0212516151368618
AMZN,2017-02-28,Chronos-LoRA-V4,0.009469376476098914,0.02137201252079136,False,False,-0.013002702966332436,0.014945754781365395
AMZN,2017-06-21,Chronos-LoRA-V4,-0.0009283846759379751,0.024563703531101082,False,False,-0.01290921401232481,0.015499360859394073
AMZN,2017-10-12,Chronos-LoRA-V4,0.002006082882542097,0.017288215574747,False,False,-0.009977477602660656,0.012221560813486576
AMZN,2018-02-06,Chronos-LoRA-V4,-0.018226722717437444,0.038077311872179484,False,False,-0.020356478169560432,0.02304796501994133
AMZN,2018-05-31,Chronos-LoRA-V4,0.007287974742940334,0.013699143950387196,False,True,-0.011089728213846684,0.013968510553240776
AMZN,2018-09-21,Chronos-LoRA-V4,0.010053664875920762,0.031596780437823886,False,False,-0.014628098346292973,0.01798994280397892
AMZN,2019-01-17,Chronos-LoRA-V4,0.0017583478423892555,0.06710966251580212,False,False,-0.0239177867770195,0.02662735804915428
AMZN,2019-05-13,Chronos-LoRA-V4,0.009522776139087656,0.030122448117694118,False,False,-0.018300337716937065,0.02146618440747261
AMZN,2019-09-04,Chronos-LoRA-V4,0.02202580287152902,0.03060555924498794,False,False,-0.014845822006464005,0.01825893670320511
AMZN,2019-12-26,Chronos-LoRA-V4,0.0005509958634310166,0.024419504872338592,False,False,-0.01361350528895855,0.01671186275780201
AMZN,2020-04-21,Chronos-LoRA-V4,0.015078276370104332,0.05623748538120904,False,False,-0.03368445485830307,0.03480672463774681
AMZN,2020-08-12,Chronos-LoRA-V4,-0.0003859062604570367,0.051536110354246406,False,False,-0.02072458527982235,0.022447064518928528
AMZN,2020-12-03,Chronos-LoRA-V4,-0.007607189417695092,0.03750163538171917,False,False,-0.01834021881222725,0.020404629409313202
AMZN,2021-03-30,Chronos-LoRA-V4,0.012616087083554913,0.033827508129492645,False,False,-0.01853804476559162,0.019218740984797478
AMZN,2021-07-22,Chronos-LoRA-V4,0.005102345801164657,0.02992600601726164,False,False,-0.016938958317041397,0.017940523102879524
AMZN,2021-11-11,Chronos-LoRA-V4,0.015048234458080111,0.0357839653248157,False,False,-0.017958352342247963,0.01952528767287731
AMZN,2022-03-08,Chronos-LoRA-V4,0.023717698424230754,0.046479490298601364,False,False,-0.03067690320312977,0.032024357467889786
AMZN,2022-06-30,Chronos-LoRA-V4,0.031054064397665036,0.06726728382500183,False,False,-0.039667535573244095,0.038218289613723755
AMZN,2022-10-21,Chronos-LoRA-V4,0.0041816570199037775,0.0576740287926608,False,False,-0.032032933086156845,0.030307603999972343
AMZN,2023-02-15,Chronos-LoRA-V4,-0.03020652173405669,0.06252555931450908,False,False,-0.030747421085834503,0.02843138948082924
AMZN,2023-06-09,Chronos-LoRA-V4,0.025121316164936732,0.03922572948770367,False,False,-0.02458762750029564,0.023358218371868134
AMZN,2023-10-03,Chronos-LoRA-V4,0.018115851921521226,0.04419120026292831,False,False,-0.028176341205835342,0.026956681162118912
AMZN,2024-01-26,Chronos-LoRA-V4,0.013359331333490848,0.024937698331817047,False,False,-0.01716258004307747,0.01757381297647953
AMZN,2024-05-20,Chronos-LoRA-V4,-0.002127134911413819,0.033201814189365714,False,False,-0.017774835228919983,0.01948128081858158
AMZN,2024-09-12,Chronos-LoRA-V4,-0.0027309690556897217,0.04220913242417309,False,False,-0.021937111392617226,0.02233729138970375
AMZN,2025-01-06,Chronos-LoRA-V4,-0.02446088330127337,0.03490366635566539,False,False,-0.0188913531601429,0.021611206233501434
AMZN,2025-05-01,Chronos-LoRA-V4,-0.0011573530932638618,0.0875651401775387,False,False,-0.027780158445239067,0.029907777905464172
AMZN,2025-08-25,Chronos-LoRA-V4,0.0033724076943096397,0.04981149086461627,False,False,-0.020243797451257706,0.0215848870575428
AMZN,2025-12-16,Chronos-LoRA-V4,-0.005813022613826566,0.0333875344200916,False,False,-0.02159067988395691,0.022964958101511
AMZN,2026-04-13,Chronos-LoRA-V4,0.03735274928383268,0.046227933661375425,False,False,-0.022128254175186157,0.022754712030291557
AMZN,2026-08-06,Chronos-LoRA-V4,0.008120910623089925,0.08163270284597263,False,False,-0.025973176583647728,0.027816060930490494
ENPH,2013-06-11,Chronos-LoRA-V4,-0.0972237899487017,0.066978902013286,True,False,-0.05769947171211243,0.05362611263990402
ENPH,2013-09-16,Chronos-LoRA-V4,-0.007398359101006512,0.0764482184679313,False,False,-0.052956096827983856,0.050841718912124634
ENPH,2013-12-20,Chronos-LoRA-V4,-0.015915398044283505,0.10378418939080811,False,False,-0.05525168403983116,0.05246499925851822
ENPH,2014-03-31,Chronos-LoRA-V4,0.07080282066347386,0.05877606416088332,True,False,-0.05003619194030762,0.04697372764348984
ENPH,2014-07-08,Chronos-LoRA-V4,0.010857911347376573,0.03733097399245795,False,False,-0.035289570689201355,0.03542265668511391
ENPH,2014-10-10,Chronos-LoRA-V4,-0.03963784597991297,0.09914892694353988,False,False,-0.0596185177564621,0.06168626248836517
ENPH,2015-01-20,Chronos-LoRA-V4,-0.016167738833627637,0.07929953489557338,False,False,-0.05237877368927002,0.054056692868471146
ENPH,2015-04-27,Chronos-LoRA-V4,0.01602476396043174,0.050491129999175106,False,False,-0.04362038895487785,0.04568488523364067
ENPH,2015-08-03,Chronos-LoRA-V4,0.03060546375949964,0.11038569590490642,False,False,-0.048788584768772125,0.04791907221078873
ENPH,2015-11-05,Chronos-LoRA-V4,-0.049007532246580825,0.21459873417414907,False,False,-0.08275630325078964,0.0763363167643547
ENPH,2016-02-16,Chronos-LoRA-V4,0.05035383667496035,0.13600722705748017,False,False,-0.07397396862506866,0.0714077278971672
ENPH,2016-05-20,Chronos-LoRA-V4,0.06791120236179353,0.08731703863679559,False,False,-0.0606461837887764,0.05245864763855934
ENPH,2016-08-26,Chronos-LoRA-V4,0.01643877609721746,0.06415521408075024,False,False,-0.04778909683227539,0.037765540182590485
ENPH,2016-12-01,Chronos-LoRA-V4,0.026668221646324243,0.06769360809497689,False,False,-0.050938818603754044,0.040538594126701355
ENPH,2017-03-13,Chronos-LoRA-V4,0.039845870688558355,0.13509920097309744,False,False,-0.0841636061668396,0.0737195611000061
ENPH,2017-06-16,Chronos-LoRA-V4,0.03822125249212064,0.07295634088109539,False,False,-0.05987519398331642,0.04772924259305
ENPH,2017-09-22,Chronos-LoRA-V4,-0.03610497045088264,0.1315483118648176,False,False,-0.060485612601041794,0.05184293910861015
ENPH,2017-12-28,Chronos-LoRA-V4,-0.032655931189676975,0.07207837259179166,False,False,-0.057424116879701614,0.05079193413257599
ENPH,2018-04-09,Chronos-LoRA-V4,-0.03681399610282008,0.08294850586265144,False,False,-0.054693855345249176,0.05893855169415474
ENPH,2018-07-13,Chronos-LoRA-V4,-0.045033018260611506,0.09623329844621761,False,False,-0.059116464108228683,0.06052856892347336
ENPH,2018-10-18,Chronos-LoRA-V4,-0.02705682617565956,0.08586244444632302,False,False,-0.052223265171051025,0.055023785680532455
ENPH,2019-01-28,Chronos-LoRA-V4,0.028573345190656425,0.06637805129464955,False,False,-0.04933413118124008,0.05337391421198845
ENPH,2019-05-06,Chronos-LoRA-V4,0.03290712068094508,0.14190215659605673,False,False,-0.04242129996418953,0.05056387931108475
ENPH,2019-08-09,Chronos-LoRA-V4,-0.030281222436842496,0.14869737900201524,False,False,-0.040703315287828445,0.05055796727538109
ENPH,2019-11-14,Chronos-LoRA-V4,0.01722830021708537,0.1334280172124478,False,False,-0.04588202387094498,0.052550338208675385
ENPH,2020-02-24,Chronos-LoRA-V4,-0.08218633558682682,0.2078924229558855,False,False,-0.04520026594400406,0.05649047717452049
ENPH,2020-06-01,Chronos-LoRA-V4,-0.04682325771919545,0.11544213153450389,False,False,-0.061651308089494705,0.0686178132891655
ENPH,2020-09-03,Chronos-LoRA-V4,-0.024486133889773443,0.08124705134339935,False,False,-0.055091384798288345,0.06539008766412735
ENPH,2020-12-10,Chronos-LoRA-V4,0.06420024063345366,0.05911325323987824,True,False,-0.04598218575119972,0.05755161866545677
ENPH,2021-03-19,Chronos-LoRA-V4,0.0389849007526666,0.13809811346681944,False,False,-0.06374156475067139,0.07298808544874191
ENPH,2021-06-25,Chronos-LoRA-V4,0.0711836906391635,0.052327496532058176,True,True,-0.04336896166205406,0.053710971027612686
ENPH,2021-09-30,Chronos-LoRA-V4,0.03530972623840489,0.04208983477830065,False,True,-0.0374707467854023,0.042626745998859406
ENPH,2022-01-06,Chronos-LoRA-V4,-0.042889726304457726,0.07248706151391021,False,False,-0.05033048242330551,0.05573571100831032
ENPH,2022-04-13,Chronos-LoRA-V4,-0.014176509322804974,0.059653724843409826,False,False,-0.04766127094626427,0.05154551565647125
ENPH,2022-07-22,Chronos-LoRA-V4,0.03260076111112715,0.08465923285998596,False,False,-0.052839744836091995,0.05530669167637825
ENPH,2022-10-26,Chronos-LoRA-V4,0.04753798089588888,0.08142274371998078,False,False,-0.04512341320514679,0.050583355128765106
ENPH,2023-02-03,Chronos-LoRA-V4,0.0002691640562952529,0.06943124737288041,False,False,-0.04485877603292465,0.043392471969127655
ENPH,2023-05-11,Chronos-LoRA-V4,0.04118270839651467,0.1268996669810854,False,False,-0.044092778116464615,0.043626587837934494
ENPH,2023-08-18,Chronos-LoRA-V4,-0.0013819017614193848,0.04985466032684889,False,False,-0.03825736418366432,0.03526289388537407
ENPH,2023-11-22,Chronos-LoRA-V4,0.00019962351771399394,0.11353029440741016,False,False,-0.04525233060121536,0.03973180800676346
ENPH,2024-03-04,Chronos-LoRA-V4,0.008993838254035302,0.10531530308765066,False,False,-0.046744994819164276,0.044797107577323914
ENPH,2024-06-07,Chronos-LoRA-V4,0.06252528031360849,0.07674852514599058,False,False,-0.04437173157930374,0.0420585498213768
ENPH,2024-09-16,Chronos-LoRA-V4,0.06123120117398043,0.06903918739001408,False,False,-0.04610355570912361,0.041720982640981674
ENPH,2024-12-19,Chronos-LoRA-V4,0.08237797695351112,0.07717643351293026,True,False,-0.05043946951627731,0.04293487221002579
ENPH,2025-04-01,Chronos-LoRA-V4,0.0020815165352994487,0.06450848593173622,False,False,-0.044286277145147324,0.03803066164255142
ENPH,2025-07-09,Chronos-LoRA-V4,0.0027966167611559838,0.1458865742840226,False,False,-0.05692581832408905,0.04927894100546837
ENPH,2025-10-14,Chronos-LoRA-V4,0.029740020841016006,0.0672734896298396,False,False,-0.04984875023365021,0.04346051812171936
ENPH,2026-01-21,Chronos-LoRA-V4,0.11812272202658629,0.047227355559039265,True,False,-0.04375724494457245,0.03753724694252014
ENPH,2026-04-29,Chronos-LoRA-V4,0.05519712952191759,0.07525869464572564,False,False,-0.05278509110212326,0.04737495630979538
ENPH,2026-08-06,Chronos-LoRA-V4,0.05397436615170218,0.08486661052106255,False,False,-0.059976380318403244,0.05391579121351242
SMCI,2011-03-11,Chronos-LoRA-V4,-0.012295241028665756,0.043013848592295525,False,False,-0.032439664006233215,0.03499436751008034
SMCI,2011-07-05,Chronos-LoRA-V4,-0.011871463102031665,0.03153657854256318,False,False,-0.02678089588880539,0.02830933965742588
SMCI,2011-10-25,Chronos-LoRA-V4,0.09882952456724234,0.08930981634524011,True,False,-0.04342405125498772,0.043060045689344406
SMCI,2012-02-17,Chronos-LoRA-V4,-0.013072082453035094,0.03287698196410106,False,False,-0.027184154838323593,0.027856003493070602
SMCI,2012-06-12,Chronos-LoRA-V4,-0.03383407254354266,0.055216227530658586,False,False,-0.03017972595989704,0.03073512203991413
SMCI,2012-10-03,Chronos-LoRA-V4,-0.03471646784952302,0.03595607687977983,False,False,-0.026644812896847725,0.026135843247175217
SMCI,2013-01-30,Chronos-LoRA-V4,0.010556339305355327,0.08953555890592714,False,False,-0.02955148182809353,0.02913927659392357
SMCI,2013-05-23,Chronos-LoRA-V4,-0.0009760152152560126,0.03927249294193282,False,False,-0.026309752836823463,0.02399294450879097
SMCI,2013-09-16,Chronos-LoRA-V4,-0.003016554758329793,0.029411505184356798,False,False,-0.02097996138036251,0.020693790167570114
SMCI,2014-01-08,Chronos-LoRA-V4,-0.009603934767890832,0.02995768998684258,False,False,-0.019861603155732155,0.020331881940364838
SMCI,2014-05-02,Chronos-LoRA-V4,-0.022932212728172585,0.05168387732632361,False,False,-0.024447329342365265,0.02536770887672901
SMCI,2014-08-25,Chronos-LoRA-V4,0.005277061697307429,0.05571094661920018,False,False,-0.025522369891405106,0.027600575238466263
SMCI,2014-12-16,Chronos-LoRA-V4,0.042239970174044655,0.036924377403208676,True,False,-0.025293726474046707,0.02878866344690323
SMCI,2015-04-13,Chronos-LoRA-V4,0.0036738804032809876,0.04425077576476291,False,False,-0.025862710550427437,0.029129551723599434
SMCI,2015-08-04,Chronos-LoRA-V4,0.07822295944812868,0.04321477331880777,True,False,-0.027271030470728874,0.02984624169766903
SMCI,2015-11-24,Chronos-LoRA-V4,0.009155317554224357,0.06558830106189431,False,False,-0.034091562032699585,0.036045417189598083
SMCI,2016-03-21,Chronos-LoRA-V4,0.0,0.03510057232581904,False,False,-0.030874649062752724,0.031649842858314514
SMCI,2016-07-13,Chronos-LoRA-V4,0.0030639230465345185,0.051240618151808186,False,False,-0.02999335341155529,0.029187697917222977
SMCI,2016-11-02,Chronos-LoRA-V4,-0.011123627935856547,0.05899934683192977,False,False,-0.02989184483885765,0.028709672391414642
SMCI,2017-02-28,Chronos-LoRA-V4,0.022814746713129042,0.030700295733723803,False,False,-0.026683839038014412,0.024588892236351967
SMCI,2017-06-21,Chronos-LoRA-V4,0.00828161306447926,0.02518171954634252,False,False,-0.021920226514339447,0.02041812427341938
SMCI,2017-10-12,Chronos-LoRA-V4,0.004434592848067803,0.06676013713323309,False,False,-0.023205552250146866,0.02269051969051361
SMCI,2018-02-06,Chronos-LoRA-V4,0.012706638950606286,0.07454162869196877,False,False,-0.03602275252342224,0.03545476868748665
SMCI,2018-05-31,Chronos-LoRA-V4,0.012371279639161452,0.08786914800364982,False,False,-0.023868322372436523,0.024053314700722694
SMCI,2018-09-21,Chronos-LoRA-V4,-0.038911521684797265,0.07317898217534796,False,False,-0.026633532717823982,0.026549968868494034
SMCI,2019-01-17,Chronos-LoRA-V4,0.013423007444649979,0.05873682459930594,False,False,-0.03556901589035988,0.03306099772453308
SMCI,2019-05-13,Chronos-LoRA-V4,0.013144791034834076,0.030764286667236865,False,True,-0.03191188722848892,0.02887081354856491
SMCI,2019-09-04,Chronos-LoRA-V4,0.016043109499092628,0.09218023842940623,False,False,-0.031383708119392395,0.030909547582268715
SMCI,2019-12-26,Chronos-LoRA-V4,0.012526247349154982,0.04412681331781077,False,False,-0.0233396477997303,0.023723328486084938
SMCI,2020-04-21,Chronos-LoRA-V4,0.02262106793505798,0.08731259301651961,False,False,-0.03974008560180664,0.038909975439310074
SMCI,2020-08-12,Chronos-LoRA-V4,-0.0007692667462982661,0.07772349308973467,False,False,-0.0404701791703701,0.04063230752944946
SMCI,2020-12-03,Chronos-LoRA-V4,0.03184347213912126,0.03770956760957125,False,False,-0.026215095072984695,0.0277561005204916
SMCI,2021-03-30,Chronos-LoRA-V4,0.02909295868930078,0.04200527420907593,False,False,-0.025880998000502586,0.02659641206264496
SMCI,2021-07-22,Chronos-LoRA-V4,0.019563362461829614,0.0390094458536866,False,False,-0.027158642187714577,0.02829671837389469
SMCI,2021-11-11,Chronos-LoRA-V4,-0.014091204368042507,0.08317777036174097,False,False,-0.02664891816675663,0.02852109633386135
SMCI,2022-03-08,Chronos-LoRA-V4,0.027292140475765284,0.041412243582079504,False,False,-0.027890628203749657,0.029016856104135513
SMCI,2022-06-30,Chronos-LoRA-V4,-0.030701893380973004,0.07765424695072572,False,False,-0.04127773270010948,0.04252932220697403
SMCI,2022-10-21,Chronos-LoRA-V4,-0.02383677986674845,0.08170690022531536,False,False,-0.043780241161584854,0.045715462416410446
SMCI,2023-02-15,Chronos-LoRA-V4,0.03049792693700929,0.08147125302369583,False,False,-0.04276427999138832,0.04424590617418289
SMCI,2023-06-09,Chronos-LoRA-V4,-0.011570177477979709,0.11630187015990262,False,False,-0.05133878439664841,0.05561356246471405
SMCI,2023-10-03,Chronos-LoRA-V4,0.03790635570568232,0.07757713279191264,False,False,-0.050072476267814636,0.055122531950473785
SMCI,2024-01-26,Chronos-LoRA-V4,0.04438666317051559,0.17061269206378912,False,False,-0.04318375885486603,0.050365760922431946
SMCI,2024-05-20,Chronos-LoRA-V4,-0.005535577218814193,0.12156726592353993,False,False,-0.05430115386843681,0.0640905424952507
SMCI,2024-09-12,Chronos-LoRA-V4,0.03342944557080886,0.11982058704036616,False,False,-0.057233501225709915,0.06391581147909164
SMCI,2025-01-06,Chronos-LoRA-V4,-0.05846644836316354,0.1081493688321439,False,False,-0.07592206448316574,0.08349774777889252
SMCI,2025-05-01,Chronos-LoRA-V4,0.02950242756001331,0.1409761250439799,False,False,-0.07932019233703613,0.08072779327630997
SMCI,2025-08-25,Chronos-LoRA-V4,0.006558904312119387,0.09496809819955616,False,False,-0.057334721088409424,0.05619250610470772
SMCI,2025-12-16,Chronos-LoRA-V4,-0.05920426918419112,0.05594794874168798,True,False,-0.051390547305345535,0.048178188502788544
SMCI,2026-04-13,Chronos-LoRA-V4,0.04627500211648954,0.17900171624826994,False,False,-0.06739389151334763,0.05841420963406563
SMCI,2026-08-06,Chronos-LoRA-V4,0.057857815313579815,0.1352480828244276,False,False,-0.0739424079656601,0.06917168945074081
CVNA,2018-07-06,Chronos-LoRA-V4,-0.051103658627608524,0.09369505099987833,False,False,-0.04468775913119316,0.052493732422590256
CVNA,2018-09-04,Chronos-LoRA-V4,-0.08020360181474506,0.05817287254322222,True,False,-0.03986611217260361,0.0489906445145607
CVNA,2018-10-31,Chronos-LoRA-V4,0.1358834922648138,0.09010999949413306,True,False,-0.04780926927924156,0.05196535214781761
CVNA,2019-01-03,Chronos-LoRA-V4,0.019354389310272155,0.10415194138994296,False,False,-0.06030641496181488,0.06152039021253586
CVNA,2019-03-05,Chronos-LoRA-V4,0.05316733699069577,0.10950833769872094,False,False,-0.05314779281616211,0.06256865710020065
CVNA,2019-05-03,Chronos-LoRA-V4,-0.0019414704519490561,0.046774641644885546,False,False,-0.040108878165483475,0.04583914577960968
CVNA,2019-07-02,Chronos-LoRA-V4,-0.008225385850990979,0.07546337674797475,False,False,-0.04608466476202011,0.049353308975696564
CVNA,2019-08-30,Chronos-LoRA-V4,-0.01915723242161001,0.12917031213602007,False,False,-0.04100067913532257,0.04566362500190735
CVNA,2019-10-29,Chronos-LoRA-V4,-0.02644165743431196,0.05850481857115416,False,False,-0.038623370230197906,0.04433365911245346
CVNA,2019-12-30,Chronos-LoRA-V4,-0.002495500017384529,0.05925819258147331,False,False,-0.039011407643556595,0.042434848845005035
CVNA,2020-02-28,Chronos-LoRA-V4,-0.006655836727455652,0.11113575995456951,False,False,-0.05382489785552025,0.05522841587662697
CVNA,2020-04-28,Chronos-LoRA-V4,0.02299783159377595,0.1771357986422858,False,False,-0.08198912441730499,0.08305137604475021
CVNA,2020-06-26,Chronos-LoRA-V4,0.02489821008462683,0.1348981575412342,False,False,-0.053155384957790375,0.05348783731460571
CVNA,2020-08-25,Chronos-LoRA-V4,0.023811244703727027,0.1462630214238306,False,False,-0.03852351754903793,0.044246215373277664
CVNA,2020-10-23,Chronos-LoRA-V4,-0.0062373079471919725,0.08251355824497948,False,False,-0.050306741148233414,0.0536251962184906
CVNA,2020-12-22,Chronos-LoRA-V4,-0.07668666972902587,0.07755853650850192,False,False,-0.04259020835161209,0.05037399381399155
CVNA,2021-02-24,Chronos-LoRA-V4,-0.07761824876717899,0.07511496365365418,True,False,-0.04125840589404106,0.047885216772556305
CVNA,2021-04-23,Chronos-LoRA-V4,0.057248285225138515,0.05682687133258685,True,False,-0.04483344033360481,0.04817035794258118
CVNA,2021-06-23,Chronos-LoRA-V4,-0.03301118048799236,0.04720992276550522,False,False,-0.0414622463285923,0.04596034437417984
CVNA,2021-08-20,Chronos-LoRA-V4,0.022111842385838347,0.03275137596553132,False,True,-0.02828347124159336,0.03398579731583595
CVNA,2021-10-19,Chronos-LoRA-V4,-0.006277154149259377,0.027793037378395752,False,False,-0.020938493311405182,0.024853486567735672
CVNA,2021-12-17,Chronos-LoRA-V4,-0.08383277351675741,0.08489852484330226,False,False,-0.06675821542739868,0.07159323990345001
CVNA,2022-02-16,Chronos-LoRA-V4,-0.024759395067421825,0.13867996593376355,False,False,-0.05734001100063324,0.057433001697063446
CVNA,2022-04-19,Chronos-LoRA-V4,-0.09550672518348217,0.12321279235707991,False,False,-0.073651023209095,0.07150803506374359
CVNA,2022-06-16,Chronos-LoRA-V4,0.1258500675513595,0.19057632638433358,False,False,-0.11038250476121902,0.10284341126680374
CVNA,2022-08-17,Chronos-LoRA-V4,-0.03611392128367342,0.22163789430845057,False,False,-0.10033534467220306,0.09360693395137787
CVNA,2022-10-14,Chronos-LoRA-V4,0.06110500110762415,0.14111554843365162,False,False,-0.09385372698307037,0.08440283685922623
CVNA,2022-12-14,Chronos-LoRA-V4,0.039147529607715725,0.2810952631175327,False,False,-0.12928546965122223,0.1146451085805893
CVNA,2023-02-14,Chronos-LoRA-V4,0.1687031432591547,0.24691162917120252,False,False,-0.1210424154996872,0.10647451877593994
CVNA,2023-04-17,Chronos-LoRA-V4,-0.02911742398912355,0.13489361735351285,False,False,-0.08894228935241699,0.0735800564289093
CVNA,2023-06-14,Chronos-LoRA-V4,0.11987016594346468,0.3105376657311972,False,False,-0.12818001210689545,0.11361438781023026
CVNA,2023-08-14,Chronos-LoRA-V4,-0.044031557637086015,0.22598068741692434,False,False,-0.10352550446987152,0.08950337022542953
CVNA,2023-10-12,Chronos-LoRA-V4,0.0,0.0854427422777791,False,False,-0.08418820798397064,0.07317761331796646
CVNA,2023-12-11,Chronos-LoRA-V4,-0.008319723270969625,0.12182163201158855,False,False,-0.08099266141653061,0.0669608786702156
CVNA,2024-02-12,Chronos-LoRA-V4,-0.061744523218746315,0.09403324021805638,False,False,-0.07078832387924194,0.06457137316465378
CVNA,2024-04-11,Chronos-LoRA-V4,-0.0701567431422787,0.0648414336988304,True,False,-0.06469035893678665,0.05965496972203255
CVNA,2024-06-11,Chronos-LoRA-V4,0.0646166132273041,0.046613059207346465,True,True,-0.04970156028866768,0.050092607736587524
CVNA,2024-08-09,Chronos-LoRA-V4,-0.018114856050066973,0.0949874283579495,False,False,-0.055538877844810486,0.05771738663315773
CVNA,2024-10-09,Chronos-LoRA-V4,0.007860831814023559,0.05282615834446083,False,False,-0.04255196452140808,0.04805774241685867
CVNA,2024-12-06,Chronos-LoRA-V4,-0.028998090706934373,0.038192780813530225,False,True,-0.032496653497219086,0.04064163193106651
CVNA,2025-02-07,Chronos-LoRA-V4,0.014063575073661688,0.05819866045906689,False,False,-0.034822117537260056,0.04317308962345123
CVNA,2025-04-09,Chronos-LoRA-V4,-0.07917367886224642,0.18915628864513168,False,False,-0.09849011898040771,0.10958443582057953
CVNA,2025-06-09,Chronos-LoRA-V4,-0.004156862631501338,0.04526123929264819,False,True,-0.03807476535439491,0.04608505591750145
CVNA,2025-08-08,Chronos-LoRA-V4,-0.006668490412142271,0.08942309552519256,False,False,-0.04050002247095108,0.04729849845170975
CVNA,2025-10-07,Chronos-LoRA-V4,-0.025711836108659566,0.05899970411980671,False,False,-0.0380190908908844,0.04433761164546013
CVNA,2025-12-05,Chronos-LoRA-V4,0.11385918455096826,0.06284111273676421,True,False,-0.03632427006959915,0.043366432189941406
CVNA,2026-02-05,Chronos-LoRA-V4,0.05076280548890461,0.0864806616944795,False,False,-0.0442289374768734,0.05031808093190193
CVNA,2026-04-08,Chronos-LoRA-V4,-0.03569338862006982,0.07957738655449229,False,False,-0.040126871317625046,0.0442470982670784
CVNA,2026-06-05,Chronos-LoRA-V4,0.043254680843288845,0.06864083374262568,False,False,-0.043711233884096146,0.04592930153012276
CVNA,2026-08-06,Chronos-LoRA-V4,0.036069751499409115,0.08110856959946162,False,False,-0.04633462429046631,0.048342958092689514
PLUG,2011-03-11,Chronos-LoRA-V4,-0.04725291561423363,0.0368250190745519,True,True,-0.04753563180565834,0.04143059626221657
PLUG,2011-07-05,Chronos-LoRA-V4,-0.008810621353606442,0.07954304252832375,False,False,-0.05624525249004364,0.047766681760549545
PLUG,2011-10-25,Chronos-LoRA-V4,-0.06669142375088091,0.09512577717624648,False,False,-0.06024786829948425,0.05210181698203087
PLUG,2012-02-17,Chronos-LoRA-V4,0.008620735070485726,0.08330063263340795,False,False,-0.04892001301050186,0.04305090010166168
PLUG,2012-06-12,Chronos-LoRA-V4,0.008510681896768206,0.0393536018302039,False,True,-0.04291824996471405,0.036787956953048706
PLUG,2012-10-03,Chronos-LoRA-V4,0.011834516917728159,0.07467608199921769,False,False,-0.04150444641709328,0.03391861543059349
PLUG,2013-01-30,Chronos-LoRA-V4,-0.021978951350272766,0.12839361641582217,False,False,-0.06158920377492905,0.051143866032361984
PLUG,2013-05-23,Chronos-LoRA-V4,0.1643030867702306,0.27622736815165777,False,False,-0.10133779793977737,0.08899903297424316
PLUG,2013-09-16,Chronos-LoRA-V4,-0.04959699328121652,0.16796416282267218,False,False,-0.10118924826383591,0.08932501822710037
PLUG,2014-01-08,Chronos-LoRA-V4,-0.3151625120618024,0.30208662400424713,True,False,-0.11757403612136841,0.12011781334877014
PLUG,2014-05-02,Chronos-LoRA-V4,-0.10289443725634206,0.09943455236461794,True,True,-0.10726786404848099,0.10346655547618866
PLUG,2014-08-25,Chronos-LoRA-V4,-0.04422493182135657,0.05439981229798637,False,True,-0.05579330772161484,0.054077550768852234
PLUG,2014-12-16,Chronos-LoRA-V4,0.07410798462983786,0.07682211100977382,False,False,-0.06208737567067146,0.060193080455064774
PLUG,2015-04-13,Chronos-LoRA-V4,0.0304206584144852,0.05029478653132077,False,False,-0.04108310490846634,0.04166208952665329
PLUG,2015-08-04,Chronos-LoRA-V4,0.021819026584723785,0.08197075204353814,False,False,-0.05078801140189171,0.04997657984495163
PLUG,2015-11-24,Chronos-LoRA-V4,0.06486057245710282,0.13350024053662216,False,False,-0.05623219162225723,0.05236281082034111
PLUG,2016-03-21,Chronos-LoRA-V4,0.004819282006023543,0.0704382496623687,False,False,-0.05040304735302925,0.04188103228807449
PLUG,2016-07-13,Chronos-LoRA-V4,-0.005763699172500427,0.05828661708544164,False,False,-0.0357024259865284,0.02978411130607128
PLUG,2016-11-02,Chronos-LoRA-V4,0.0,0.04434201308217582,False,False,-0.03600076958537102,0.030055822804570198
PLUG,2017-02-28,Chronos-LoRA-V4,-0.009302383378101402,0.19519666258920929,False,False,-0.05145195126533508,0.045679688453674316
PLUG,2017-06-21,Chronos-LoRA-V4,0.027524646294219378,0.08141890799243018,False,False,-0.05203719064593315,0.04811325669288635
PLUG,2017-10-12,Chronos-LoRA-V4,-0.02469258974538504,0.09920262622201537,False,False,-0.04253251478075981,0.03891310095787048
PLUG,2018-02-06,Chronos-LoRA-V4,0.07333126457807959,0.04783347675699684,True,False,-0.039896681904792786,0.036849621683359146
PLUG,2018-05-31,Chronos-LoRA-V4,0.010638388086280471,0.07618656708670185,False,False,-0.04448780044913292,0.041020385921001434
PLUG,2018-09-21,Chronos-LoRA-V4,-0.010582099318558446,0.05276537264915838,False,False,-0.035441912710666656,0.033361636102199554
PLUG,2019-01-17,Chronos-LoRA-V4,-0.014388723877542694,0.17437060296941606,False,False,-0.05171775072813034,0.04869575798511505
PLUG,2019-05-13,Chronos-LoRA-V4,0.02217383639284286,0.04956623138686814,False,False,-0.040264248847961426,0.03935089707374573
PLUG,2019-09-04,Chronos-LoRA-V4,0.00925931621435205,0.050667147631876845,False,False,-0.030169762670993805,0.027896594256162643
PLUG,2019-12-26,Chronos-LoRA-V4,-0.02247291089819518,0.08067048477966032,False,False,-0.03948802128434181,0.03603638336062431
PLUG,2020-04-21,Chronos-LoRA-V4,0.02573244606424871,0.0944113411095105,False,False,-0.05873053893446922,0.058133747428655624
PLUG,2020-08-12,Chronos-LoRA-V4,0.06641817995123118,0.13133527841391446,False,False,-0.07210725545883179,0.0757562667131424
PLUG,2020-12-03,Chronos-LoRA-V4,0.041073534564644056,0.11967815777726291,False,False,-0.05569631606340408,0.059930793941020966
PLUG,2021-03-30,Chronos-LoRA-V4,0.05152826176339849,0.14359577848365523,False,False,-0.08697134256362915,0.09490787237882614
PLUG,2021-07-22,Chronos-LoRA-V4,-0.019210064820616622,0.06805441347698608,False,False,-0.052572570741176605,0.05900055915117264
PLUG,2021-11-11,Chronos-LoRA-V4,-0.006930017199314488,0.08362622497388962,False,False,-0.054928217083215714,0.06266319751739502
PLUG,2022-03-08,Chronos-LoRA-V4,0.023566885743147727,0.1173591333721997,False,False,-0.05828985944390297,0.0644867941737175
PLUG,2022-06-30,Chronos-LoRA-V4,0.036152121298438616,0.11122472734617567,False,False,-0.06747332215309143,0.06893206387758255
PLUG,2022-10-21,Chronos-LoRA-V4,-0.047184434722597014,0.0914479577595835,False,False,-0.06082984060049057,0.05734983831644058
PLUG,2023-02-15,Chronos-LoRA-V4,-0.057053207112345024,0.0947989589405166,False,False,-0.054804034531116486,0.048718106001615524
PLUG,2023-06-09,Chronos-LoRA-V4,0.12297971661734391,0.10378408586455858,True,False,-0.0561559721827507,0.049716074019670486
PLUG,2023-10-03,Chronos-LoRA-V4,0.0,0.07229778078032,False,False,-0.05816440284252167,0.050669051706790924
PLUG,2024-01-26,Chronos-LoRA-V4,0.10859054935781051,0.18907392705970144,False,False,-0.08469607681035995,0.07805072516202927
PLUG,2024-05-20,Chronos-LoRA-V4,-0.03822125249212061,0.14245905123923722,False,False,-0.06990011036396027,0.0604231059551239
PLUG,2024-09-12,Chronos-LoRA-V4,0.01025649013484875,0.09662461168141326,False,False,-0.06679002940654755,0.05309809371829033
PLUG,2025-01-06,Chronos-LoRA-V4,-0.06559729659721675,0.1545443518288309,False,False,-0.08066202700138092,0.07332395017147064
PLUG,2025-05-01,Chronos-LoRA-V4,-0.011834516917728074,0.17557283466677526,False,False,-0.08065257966518402,0.0725274384021759
PLUG,2025-08-25,Chronos-LoRA-V4,-0.012048327267974208,0.0991714023977059,False,False,-0.07454868406057358,0.06140643730759621
PLUG,2025-12-16,Chronos-LoRA-V4,-0.05844353947557896,0.0883996522704485,False,False,-0.07300574332475662,0.06510993093252182
PLUG,2026-04-13,Chronos-LoRA-V4,0.05956228749981924,0.08980637466943688,False,False,-0.06725363433361053,0.06078967824578285
PLUG,2026-08-06,Chronos-LoRA-V4,0.051776332396145784,0.08105571959581954,False,False,-0.060223665088415146,0.0548383928835392
RKLB,2022-02-02,Chronos-LoRA-V4,-0.04228275882981947,0.09142644484302015,False,False,-0.049537815153598785,0.04691525176167488
RKLB,2022-03-08,Chronos-LoRA-V4,0.03691303649464238,0.10785585988003792,False,False,-0.050610970705747604,0.04638189449906349
RKLB,2022-04-08,Chronos-LoRA-V4,0.0038387421101794728,0.08719603572369572,False,False,-0.04055464640259743,0.03801923990249634
RKLB,2022-05-12,Chronos-LoRA-V4,0.12141591817001528,0.08589070760366267,True,False,-0.0549621619284153,0.0486309789121151
RKLB,2022-06-15,Chronos-LoRA-V4,-0.04487176880718317,0.11287556987040107,False,False,-0.05833492428064346,0.052125170826911926
RKLB,2022-07-20,Chronos-LoRA-V4,-0.002290894936133112,0.06664785878237954,False,False,-0.04881458356976509,0.04324405640363693
RKLB,2022-08-22,Chronos-LoRA-V4,-0.025831670748531058,0.12951042318820605,False,False,-0.05932153761386871,0.05365642160177231
RKLB,2022-09-23,Chronos-LoRA-V4,0.02634886198277228,0.09234872130363772,False,False,-0.059659503400325775,0.051032647490501404
RKLB,2022-10-26,Chronos-LoRA-V4,0.021097808800234128,0.08564151856692966,False,False,-0.04844791442155838,0.04228952154517174
RKLB,2022-11-29,Chronos-LoRA-V4,0.05645671269101732,0.10762679012816868,False,False,-0.05677415430545807,0.05086936056613922
RKLB,2023-01-03,Chronos-LoRA-V4,0.042990205060345274,0.05284368248189258,False,False,-0.04617713764309883,0.039478980004787445
RKLB,2023-02-06,Chronos-LoRA-V4,-0.0040733214317941755,0.08712872082946876,False,False,-0.0527740977704525,0.048343218863010406
RKLB,2023-03-10,Chronos-LoRA-V4,0.007643341883944361,0.0764951181429714,False,False,-0.05164633318781853,0.045351792126894
RKLB,2023-04-13,Chronos-LoRA-V4,-0.022141163107117872,0.055251493741913744,False,False,-0.04486135393381119,0.04014313966035843
RKLB,2023-05-16,Chronos-LoRA-V4,0.05012433816192752,0.04855861034677461,True,False,-0.03866429999470711,0.03351869434118271
RKLB,2023-06-20,Chronos-LoRA-V4,0.015371806060441228,0.08578705520213575,False,False,-0.044099852442741394,0.03997213765978813
RKLB,2023-07-24,Chronos-LoRA-V4,0.030648637786853276,0.10032719102458439,False,False,-0.04951833561062813,0.04603581503033638
RKLB,2023-08-25,Chronos-LoRA-V4,0.023891899065197873,0.060430904164795345,False,False,-0.0477471724152565,0.043987009674310684
RKLB,2023-09-28,Chronos-LoRA-V4,0.009174367245604971,0.06855681627677682,False,False,-0.047942567616701126,0.042704131454229355
RKLB,2023-10-31,Chronos-LoRA-V4,0.0023612176950147377,0.06841385694251378,False,False,-0.04513157904148102,0.041578736156225204
RKLB,2023-12-04,Chronos-LoRA-V4,-0.028794928151645877,0.05209398889366413,False,False,-0.042136065661907196,0.037347931414842606
RKLB,2024-01-08,Chronos-LoRA-V4,-0.018182388447055147,0.13754290568208488,False,False,-0.05031204968690872,0.045678284019231796
RKLB,2024-02-09,Chronos-LoRA-V4,0.0839343718757284,0.09184656418043356,False,False,-0.04627329483628273,0.043339863419532776
RKLB,2024-03-14,Chronos-LoRA-V4,-0.012062918522107302,0.051054071424843535,False,False,-0.046787161380052567,0.04332854226231575
RKLB,2024-04-17,Chronos-LoRA-V4,-0.005617987036759381,0.04525771212784048,False,False,-0.042457666248083115,0.03858257457613945
RKLB,2024-05-20,Chronos-LoRA-V4,0.013544211986473934,0.06354993046845174,False,False,-0.04236398637294769,0.04000668227672577
RKLB,2024-06-24,Chronos-LoRA-V4,-0.0188093644489565,0.07968221561553063,False,False,-0.042554132640361786,0.04121413826942444
RKLB,2024-07-26,Chronos-LoRA-V4,-0.014925635610135437,0.060915289938231004,False,False,-0.03982784226536751,0.040100716054439545
RKLB,2024-08-28,Chronos-LoRA-V4,0.022728229083628256,0.13122094548871951,False,False,-0.05225079879164696,0.049494847655296326
RKLB,2024-10-01,Chronos-LoRA-V4,0.05069728731229883,0.10702808508307485,False,False,-0.05003830045461655,0.05018014460802078
RKLB,2024-11-01,Chronos-LoRA-V4,-0.014998082258165563,0.07884596489911076,False,False,-0.04617704451084137,0.047519050538539886
RKLB,2024-12-05,Chronos-LoRA-V4,0.03127827913051707,0.1630692630563698,False,False,-0.054547686129808426,0.05701156333088875
RKLB,2025-01-10,Chronos-LoRA-V4,-0.11820118398003714,0.12023302012137906,False,False,-0.052450425922870636,0.05621371418237686
RKLB,2025-02-14,Chronos-LoRA-V4,-0.010043150610175989,0.16126461969425637,False,False,-0.053727298974990845,0.056802891194820404
RKLB,2025-03-20,Chronos-LoRA-V4,0.02188503860212124,0.11724571104761372,False,False,-0.06323590129613876,0.06607333570718765
RKLB,2025-04-23,Chronos-LoRA-V4,0.07544474023777228,0.13905328398207098,False,False,-0.06662458181381226,0.0689166709780693
RKLB,2025-05-27,Chronos-LoRA-V4,0.005893588725623785,0.1008765449762346,False,False,-0.0567668117582798,0.06100551784038544
RKLB,2025-06-30,Chronos-LoRA-V4,-0.04108990526187762,0.10228826245649657,False,False,-0.05830357223749161,0.06103378161787987
RKLB,2025-08-01,Chronos-LoRA-V4,-0.006043677060634698,0.09793970496002338,False,False,-0.05633998289704323,0.05952686816453934
RKLB,2025-09-04,Chronos-LoRA-V4,0.0641895061838094,0.08924011388383325,False,False,-0.05540674924850464,0.058808937668800354
RKLB,2025-10-07,Chronos-LoRA-V4,0.059945390600180976,0.1104687661387328,False,False,-0.05523733049631119,0.060244664549827576
RKLB,2025-11-07,Chronos-LoRA-V4,0.0050222654131213944,0.0959406105650685,False,False,-0.05990901589393616,0.06633219867944717
RKLB,2025-12-11,Chronos-LoRA-V4,-0.03263762880188879,0.11244847514349417,False,False,-0.05980086326599121,0.06701137125492096
RKLB,2026-01-15,Chronos-LoRA-V4,0.0592496670454145,0.1237317535275086,False,False,-0.05801941454410553,0.06471297144889832
RKLB,2026-02-19,Chronos-LoRA-V4,-0.07762986190868812,0.12811432559832978,False,False,-0.06438334286212921,0.07118915021419525
RKLB,2026-03-24,Chronos-LoRA-V4,0.09809943384252276,0.09620362188706663,True,False,-0.06316164135932922,0.06967674195766449
RKLB,2026-04-27,Chronos-LoRA-V4,-0.046005186462810724,0.10260376756159975,False,False,-0.059835270047187805,0.0680980533361435
RKLB,2026-05-29,Chronos-LoRA-V4,-0.15898296047937707,0.18275712365966865,False,False,-0.061917372047901154,0.07096085697412491
RKLB,2026-07-02,Chronos-LoRA-V4,-0.0761929014195986,0.13755934146665946,False,False,-0.06552520394325256,0.07668952643871307
RKLB,2026-08-06,Chronos-LoRA-V4,0.0904085802078148,0.11419302119226235,False,False,-0.06593058258295059,0.07515557110309601
IONQ,2022-03-11,Chronos-LoRA-V4,-0.07754516048777285,0.1293993848544868,False,False,-0.06809081137180328,0.06650707870721817
IONQ,2022-04-12,Chronos-LoRA-V4,0.03399255010812331,0.0928169758111837,False,False,-0.06438706070184708,0.06004302203655243
IONQ,2022-05-16,Chronos-LoRA-V4,0.16118056496414795,0.14660302858369983,True,False,-0.09019055217504501,0.08575507253408432
IONQ,2022-06-16,Chronos-LoRA-V4,0.05715835818668655,0.1195457349864154,False,False,-0.08395419269800186,0.0809759795665741
IONQ,2022-07-21,Chronos-LoRA-V4,-0.07498582694721129,0.0878001324928163,False,False,-0.06009914353489876,0.05627677962183952
IONQ,2022-08-22,Chronos-LoRA-V4,0.0015563819669177138,0.18432341375518824,False,False,-0.08827757090330124,0.08152070641517639
IONQ,2022-09-23,Chronos-LoRA-V4,0.0041841025573310054,0.08219957744901515,False,False,-0.05908147618174553,0.05392272397875786
IONQ,2022-10-25,Chronos-LoRA-V4,0.023788882243405772,0.09759116225919809,False,False,-0.05728640407323837,0.050511546432971954
IONQ,2022-11-28,Chronos-LoRA-V4,-0.02251889091428668,0.12566210323411275,False,False,-0.05833421275019646,0.051588576287031174
IONQ,2022-12-29,Chronos-LoRA-V4,-0.02575247150506701,0.0992077101334063,False,False,-0.06962348520755768,0.06670727580785751
IONQ,2023-02-02,Chronos-LoRA-V4,0.0018198784076674348,0.09442935934788367,False,False,-0.06401941180229187,0.06585274636745453
IONQ,2023-03-07,Chronos-LoRA-V4,0.024001129208062993,0.10185703531601473,False,False,-0.05827852711081505,0.05240410938858986
IONQ,2023-04-10,Chronos-LoRA-V4,-0.010271505454393025,0.1355637815232327,False,False,-0.06551763415336609,0.06066442281007767
IONQ,2023-05-10,Chronos-LoRA-V4,0.010021583187863769,0.0792591599862848,False,False,-0.054999940097332,0.05449068546295166
IONQ,2023-06-13,Chronos-LoRA-V4,-0.06711322466617804,0.16593193849174143,False,False,-0.06801965832710266,0.06430704891681671
IONQ,2023-07-17,Chronos-LoRA-V4,0.052936267346308664,0.13592389224386056,False,False,-0.06550884246826172,0.06673052161931992
IONQ,2023-08-17,Chronos-LoRA-V4,0.03102782711145243,0.14233794764111532,False,False,-0.07895997166633606,0.07641371339559555
IONQ,2023-09-20,Chronos-LoRA-V4,-0.0897177712109174,0.119838157710751,False,False,-0.07241814583539963,0.06765685230493546
IONQ,2023-10-20,Chronos-LoRA-V4,0.003963555704296674,0.09962886886035506,False,False,-0.06784974038600922,0.0661872923374176
IONQ,2023-11-22,Chronos-LoRA-V4,-0.004842658395539763,0.09977395149951383,False,False,-0.06676748394966125,0.061114393174648285
IONQ,2023-12-26,Chronos-LoRA-V4,-0.0231959830511088,0.0908528580127625,False,False,-0.06181063503026962,0.05909576639533043
IONQ,2024-01-30,Chronos-LoRA-V4,-0.04008161727038914,0.06837975221259236,False,False,-0.05855279415845871,0.05448199063539505
IONQ,2024-03-01,Chronos-LoRA-V4,-0.05495355493543494,0.08444101990386589,False,False,-0.059799350798130035,0.056455694139003754
IONQ,2024-04-04,Chronos-LoRA-V4,0.009820062871229898,0.08690571818374129,False,False,-0.05824091285467148,0.054148416966199875
IONQ,2024-05-06,Chronos-LoRA-V4,-0.07261699966729143,0.0816615213986192,False,False,-0.057328030467033386,0.0541708879172802
IONQ,2024-06-07,Chronos-LoRA-V4,0.04478361812566412,0.056772455714597894,False,False,-0.05362170189619064,0.05139930918812752
IONQ,2024-07-11,Chronos-LoRA-V4,0.05222793984072294,0.07104688827084044,False,False,-0.05315282940864563,0.051480866968631744
IONQ,2024-08-13,Chronos-LoRA-V4,0.004112374905568538,0.12395989010166633,False,False,-0.0622362419962883,0.060928069055080414
IONQ,2024-09-13,Chronos-LoRA-V4,0.007702212818593349,0.07627622571415915,False,False,-0.055110421031713486,0.054855164140462875
IONQ,2024-10-16,Chronos-LoRA-V4,0.01612936642298423,0.1557566950083895,False,False,-0.06349296867847443,0.06673789769411087
IONQ,2024-11-15,Chronos-LoRA-V4,-0.1440780353122285,0.19968685982441037,False,False,-0.07429672032594681,0.08317133784294128
IONQ,2024-12-19,Chronos-LoRA-V4,0.1624394804185008,0.19155965464227773,False,False,-0.09080938249826431,0.0959082692861557
IONQ,2025-01-24,Chronos-LoRA-V4,-0.05600448043378899,0.27846550802267395,False,False,-0.10969465970993042,0.11613434553146362
IONQ,2025-02-27,Chronos-LoRA-V4,-0.013743149036100365,0.09888289765338892,False,False,-0.07397592812776566,0.08648304641246796
IONQ,2025-04-01,Chronos-LoRA-V4,0.07715262277711707,0.17007134262285659,False,False,-0.07643904536962509,0.07583526521921158
IONQ,2025-05-02,Chronos-LoRA-V4,-0.03622392708402123,0.15541888220499572,False,False,-0.07646384835243225,0.07420123368501663
IONQ,2025-06-05,Chronos-LoRA-V4,0.0623881086771647,0.1897228788849197,False,False,-0.07742201536893845,0.07537433505058289
IONQ,2025-07-09,Chronos-LoRA-V4,0.00808833626061652,0.08855001340201858,False,False,-0.062267005443573,0.05837066471576691
IONQ,2025-08-11,Chronos-LoRA-V4,-0.044128120505297484,0.07718927162090053,False,False,-0.05972152575850487,0.05702599510550499
IONQ,2025-09-11,Chronos-LoRA-V4,0.16715220235915992,0.08178086139635264,True,False,-0.05967067927122116,0.05552320182323456
IONQ,2025-10-14,Chronos-LoRA-V4,-0.06857846699931491,0.12714067524078612,False,False,-0.07003738731145859,0.07286204397678375
IONQ,2025-11-13,Chronos-LoRA-V4,0.0384579417908891,0.1123456057884368,False,False,-0.07837171107530594,0.08590461313724518
IONQ,2025-12-17,Chronos-LoRA-V4,0.012785961835722115,0.13320499004108904,False,False,-0.07791243493556976,0.07901614904403687
IONQ,2026-01-21,Chronos-LoRA-V4,0.020479928620632713,0.09500963405816845,False,False,-0.06381557881832123,0.0653604045510292
IONQ,2026-02-24,Chronos-LoRA-V4,0.06043854984431327,0.1273291981669404,False,False,-0.07108753174543381,0.07208321243524551
IONQ,2026-03-26,Chronos-LoRA-V4,-0.08130019719266161,0.05416780516283042,True,True,-0.06388068199157715,0.06688472628593445
IONQ,2026-04-29,Chronos-LoRA-V4,0.06904032684898123,0.14386662360966862,False,False,-0.0683291107416153,0.06991682201623917
IONQ,2026-06-01,Chronos-LoRA-V4,0.03014164408206085,0.13463026617980256,False,False,-0.07179256528615952,0.07579518109560013
IONQ,2026-07-06,Chronos-LoRA-V4,-0.07453301655058833,0.12186652814673359,False,False,-0.06879198551177979,0.07134047150611877
IONQ,2026-08-06,Chronos-LoRA-V4,0.11206005390682601,0.11364073570962493,False,False,-0.06787422299385071,0.07091482728719711
AAPL,2011-03-11,Chronos-LoRA-V5,0.0044502413825216495,0.02885882011001267,False,False,,
AAPL,2011-07-05,Chronos-LoRA-V5,0.006645443727850954,0.032177449317118245,False,False,,
AAPL,2011-10-25,Chronos-LoRA-V5,0.007089639963324946,0.049160836161456604,False,False,,
AAPL,2012-02-17,Chronos-LoRA-V5,0.025036972759730772,0.035584133733980505,False,False,,
AAPL,2012-06-12,Chronos-LoRA-V5,-0.006967055531725894,0.03929342052266589,False,False,,
AAPL,2012-10-03,Chronos-LoRA-V5,-0.006949313461034188,0.02930300755163749,False,False,,
AAPL,2013-01-30,Chronos-LoRA-V5,-0.0029372222698239234,0.06900682738796965,False,False,,
AAPL,2013-05-23,Chronos-LoRA-V5,0.006784685215479068,0.03436672094761819,False,False,,
AAPL,2013-09-16,Chronos-LoRA-V5,0.011486485063267946,0.036533530044340075,False,False,,
AAPL,2014-01-08,Chronos-LoRA-V5,-0.012852087608966464,0.025244626316059476,False,False,,
AAPL,2014-05-02,Chronos-LoRA-V5,0.014042189814749726,0.04384350883042597,False,False,,
AAPL,2014-08-25,Chronos-LoRA-V5,-0.006421884446149109,0.018046368175844228,False,False,,
AAPL,2014-12-16,Chronos-LoRA-V5,0.024612692981759606,0.028236830508079586,False,False,,
AAPL,2015-04-13,Chronos-LoRA-V5,-0.004345546377145041,0.025301045108785017,False,False,,
AAPL,2015-08-04,Chronos-LoRA-V5,0.006607322554794695,0.03630499270474385,False,False,,
AAPL,2015-11-24,Chronos-LoRA-V5,-0.00717587330635183,0.03492737916885329,False,False,,
AAPL,2016-03-21,Chronos-LoRA-V5,0.00761875631624091,0.025676942299089334,False,False,,
AAPL,2016-07-13,Chronos-LoRA-V5,0.01962658372589728,0.02276684138375036,False,False,,
AAPL,2016-11-02,Chronos-LoRA-V5,-0.01077664088712817,0.01825842281181891,False,False,,
AAPL,2017-02-28,Chronos-LoRA-V5,0.020232968695445108,0.027389205272767014,False,False,,
AAPL,2017-06-21,Chronos-LoRA-V5,-0.00164641020601484,0.02793663806100878,False,False,,
AAPL,2017-10-12,Chronos-LoRA-V5,0.006326314905951087,0.01821537406870928,False,False,,
AAPL,2018-02-06,Chronos-LoRA-V5,-0.021639620925453212,0.03441424703035487,False,False,,
AAPL,2018-05-31,Chronos-LoRA-V5,0.01787337241776974,0.02081419383406024,False,False,,
AAPL,2018-09-21,Chronos-LoRA-V5,0.014277957583209747,0.0273090721707684,False,False,,
AAPL,2019-01-17,Chronos-LoRA-V5,0.006140199346842176,0.06819397608010681,False,False,,
AAPL,2019-05-13,Chronos-LoRA-V5,0.015706111059241534,0.04147145332141114,False,False,,
AAPL,2019-09-04,Chronos-LoRA-V5,0.019362791548437282,0.04006074807744136,False,False,,
AAPL,2019-12-26,Chronos-LoRA-V5,-0.0003796856312069616,0.022124974430602365,False,False,,
AAPL,2020-04-21,Chronos-LoRA-V5,0.02839660991249939,0.07929357388154565,False,False,,
AAPL,2020-08-12,Chronos-LoRA-V5,0.0175426559658522,0.06254374021310118,False,False,,
AAPL,2020-12-03,Chronos-LoRA-V5,-0.005628064229194861,0.03325324391036956,False,False,,
AAPL,2021-03-30,Chronos-LoRA-V5,0.018591975034542484,0.041323913460440474,False,False,,
AAPL,2021-07-22,Chronos-LoRA-V5,0.011917983742510418,0.026934522770551778,False,False,,
AAPL,2021-11-11,Chronos-LoRA-V5,0.014235196079960127,0.020571554189529776,False,False,,
AAPL,2022-03-08,Chronos-LoRA-V5,0.03439875595462113,0.03289848603709963,True,False,,
AAPL,2022-06-30,Chronos-LoRA-V5,0.016035169836734538,0.049775836015079226,False,False,,
AAPL,2022-10-21,Chronos-LoRA-V5,0.014694080989188452,0.04699504326924561,False,False,,
AAPL,2023-02-15,Chronos-LoRA-V5,-0.010484095724303154,0.031007762469612756,False,False,,
AAPL,2023-06-09,Chronos-LoRA-V5,0.015517778735450129,0.01723665275684881,False,False,,
AAPL,2023-10-03,Chronos-LoRA-V5,0.007281968363713714,0.02932136906241544,False,False,,
AAPL,2024-01-26,Chronos-LoRA-V5,-0.0035923363983041017,0.028846921644196735,False,False,,
AAPL,2024-05-20,Chronos-LoRA-V5,0.006833838608701723,0.032487030129917764,False,False,,
AAPL,2024-09-12,Chronos-LoRA-V5,-0.001212683334389152,0.01916237887056088,False,False,,
AAPL,2025-01-06,Chronos-LoRA-V5,-0.011453086901282222,0.02392768102009191,False,False,,
AAPL,2025-05-01,Chronos-LoRA-V5,-0.03807747848377128,0.10196754422079546,False,False,,
AAPL,2025-08-25,Chronos-LoRA-V5,0.009420196768850203,0.039045681744688525,False,False,,
AAPL,2025-12-16,Chronos-LoRA-V5,-0.010138255944275731,0.018531925152240517,False,False,,
AAPL,2026-04-13,Chronos-LoRA-V5,-0.0014285405616683605,0.02479581757465648,False,False,,
AAPL,2026-08-06,Chronos-LoRA-V5,0.0029404636305595897,0.04714774899941368,False,False,,
MSFT,2011-03-11,Chronos-LoRA-V5,0.0003893248311432288,0.01699216002400379,False,False,,
MSFT,2011-07-05,Chronos-LoRA-V5,0.01145968845659617,0.02636190169441356,False,False,,
MSFT,2011-10-25,Chronos-LoRA-V5,-0.00823965332939845,0.02833153164098282,False,False,,
MSFT,2012-02-17,Chronos-LoRA-V5,0.006061769091307979,0.02322671477928609,False,False,,
MSFT,2012-06-12,Chronos-LoRA-V5,-0.005477940175513536,0.029285797289682832,False,False,,
MSFT,2012-10-03,Chronos-LoRA-V5,0.005677222539120568,0.021938772765380168,False,False,,
MSFT,2013-01-30,Chronos-LoRA-V5,-0.014467343556985295,0.0234509760308416,False,False,,
MSFT,2013-05-23,Chronos-LoRA-V5,0.0035073643940008647,0.025316433219765986,False,False,,
MSFT,2013-09-16,Chronos-LoRA-V5,0.0039558062642522825,0.04809534324354191,False,False,,
MSFT,2014-01-08,Chronos-LoRA-V5,-0.006452864890475546,0.02092676123131707,False,False,,
MSFT,2014-05-02,Chronos-LoRA-V5,-0.006572302765448421,0.026102328692710123,False,False,,
MSFT,2014-08-25,Chronos-LoRA-V5,-0.0035488253505163428,0.015756447062779528,False,False,,
MSFT,2014-12-16,Chronos-LoRA-V5,0.012761093928868573,0.02303657524480972,False,False,,
MSFT,2015-04-13,Chronos-LoRA-V5,-0.0026373952729416453,0.025126819354865826,False,False,,
MSFT,2015-08-04,Chronos-LoRA-V5,0.0008411265387977357,0.026252744466876244,False,False,,
MSFT,2015-11-24,Chronos-LoRA-V5,-0.010376239576350772,0.020567005281044826,False,False,,
MSFT,2016-03-21,Chronos-LoRA-V5,0.0038911259559960055,0.03264835685764351,False,False,,
MSFT,2016-07-13,Chronos-LoRA-V5,0.004288914264517961,0.03186292848229578,False,False,,
MSFT,2016-11-02,Chronos-LoRA-V5,-0.003708589503374955,0.024367081089664705,False,False,,
MSFT,2017-02-28,Chronos-LoRA-V5,0.014893375152559623,0.012906359568683962,True,False,,
MSFT,2017-06-21,Chronos-LoRA-V5,-0.0001423064077827881,0.02095464301137146,False,False,,
MSFT,2017-10-12,Chronos-LoRA-V5,0.004786580518383869,0.014467120913778343,False,False,,
MSFT,2018-02-06,Chronos-LoRA-V5,-0.01901256212319852,0.036186355482616936,False,False,,
MSFT,2018-05-31,Chronos-LoRA-V5,0.019536805881802878,0.01432559665557468,True,False,,
MSFT,2018-09-21,Chronos-LoRA-V5,0.0035822224216122854,0.022692453813010202,False,False,,
MSFT,2019-01-17,Chronos-LoRA-V5,0.014872077089352008,0.05222364168256083,False,False,,
MSFT,2019-05-13,Chronos-LoRA-V5,0.01112565587120525,0.0296197974668137,False,False,,
MSFT,2019-09-04,Chronos-LoRA-V5,0.017430312022127442,0.032747935758096924,False,False,,
MSFT,2019-12-26,Chronos-LoRA-V5,0.0018255614250268955,0.012913019714996858,False,False,,
MSFT,2020-04-21,Chronos-LoRA-V5,0.03340075741545557,0.07915426421554306,False,False,,
MSFT,2020-08-12,Chronos-LoRA-V5,-0.002345154083999388,0.0474107502875576,False,False,,
MSFT,2020-12-03,Chronos-LoRA-V5,0.000559921216435259,0.030712302842185724,False,False,,
MSFT,2021-03-30,Chronos-LoRA-V5,0.01676600861552437,0.03290125159977762,False,False,,
MSFT,2021-07-22,Chronos-LoRA-V5,0.012260860771018369,0.01805819605153792,False,False,,
MSFT,2021-11-11,Chronos-LoRA-V5,0.01282237424869702,0.023804444959101938,False,False,,
MSFT,2022-03-08,Chronos-LoRA-V5,0.044837786210020054,0.043598762317416176,True,False,,
MSFT,2022-06-30,Chronos-LoRA-V5,0.010650488199254016,0.0465691435232946,False,False,,
MSFT,2022-10-21,Chronos-LoRA-V5,0.020966481408816462,0.048004484864539995,False,False,,
MSFT,2023-02-15,Chronos-LoRA-V5,-0.026983409230140285,0.04286169418295984,False,False,,
MSFT,2023-06-09,Chronos-LoRA-V5,0.015364992951105693,0.028916426723550714,False,False,,
MSFT,2023-10-03,Chronos-LoRA-V5,0.01761730727036663,0.026949648333060884,False,False,,
MSFT,2024-01-26,Chronos-LoRA-V5,0.014232405242177879,0.016402696840657597,False,False,,
MSFT,2024-05-20,Chronos-LoRA-V5,0.008661348971833563,0.028625633222993982,False,False,,
MSFT,2024-09-12,Chronos-LoRA-V5,0.008372369035759542,0.02350628156823535,False,False,,
MSFT,2025-01-06,Chronos-LoRA-V5,-0.012890818317096082,0.023785328350633475,False,False,,
MSFT,2025-05-01,Chronos-LoRA-V5,0.022959569991071918,0.06886670186951155,False,False,,
MSFT,2025-08-25,Chronos-LoRA-V5,-0.004412251907813678,0.02727238110017713,False,False,,
MSFT,2025-12-16,Chronos-LoRA-V5,-0.0005670144578096566,0.028540408020713767,False,False,,
MSFT,2026-04-13,Chronos-LoRA-V5,0.02248380906043869,0.032298569969164026,False,False,,
MSFT,2026-08-06,Chronos-LoRA-V5,0.00026004905973253683,0.07701573395003532,False,False,,
NVDA,2011-03-11,Chronos-LoRA-V5,0.00827598558737279,0.08392890430901953,False,False,,
NVDA,2011-07-05,Chronos-LoRA-V5,-0.013312519933267774,0.036946031477589,False,False,,
NVDA,2011-10-25,Chronos-LoRA-V5,0.011696028239942665,0.08392580167127314,False,False,,
NVDA,2012-02-17,Chronos-LoRA-V5,0.005034642417659065,0.03806956471099442,False,False,,
NVDA,2012-06-12,Chronos-LoRA-V5,-0.026732885599628345,0.04941210736675583,False,False,,
NVDA,2012-10-03,Chronos-LoRA-V5,0.0435177862960771,0.02952085485556574,True,False,,
NVDA,2013-01-30,Chronos-LoRA-V5,-0.004881825497204813,0.03566967180308187,False,False,,
NVDA,2013-05-23,Chronos-LoRA-V5,-0.006170403794204494,0.03428714029033653,False,False,,
NVDA,2013-09-16,Chronos-LoRA-V5,0.0031573573969845585,0.018118175482849132,False,False,,
NVDA,2014-01-08,Chronos-LoRA-V5,-0.0379990975096173,0.023508970474077247,True,False,,
NVDA,2014-05-02,Chronos-LoRA-V5,0.01079342559350671,0.031056518154309414,False,False,,
NVDA,2014-08-25,Chronos-LoRA-V5,0.017635378202866755,0.045192048942629265,False,False,,
NVDA,2014-12-16,Chronos-LoRA-V5,0.040015391645696306,0.029405132124624523,True,False,,
NVDA,2015-04-13,Chronos-LoRA-V5,-0.008461429552937943,0.04251867350884823,False,False,,
NVDA,2015-08-04,Chronos-LoRA-V5,0.010256727479017291,0.02547023149292882,False,False,,
NVDA,2015-11-24,Chronos-LoRA-V5,-0.0012842160047085726,0.07013750947108263,False,False,,
NVDA,2016-03-21,Chronos-LoRA-V5,-0.0017708263013237458,0.030774977874197192,False,False,,
NVDA,2016-07-13,Chronos-LoRA-V5,0.010179186870717278,0.041013039802495016,False,False,,
NVDA,2016-11-02,Chronos-LoRA-V5,-0.011703072171413564,0.03352781756263682,False,False,,
NVDA,2017-02-28,Chronos-LoRA-V5,0.012826612056207068,0.06121472688215743,False,False,,
NVDA,2017-06-21,Chronos-LoRA-V5,-0.006921918044237774,0.05102460841742252,False,False,,
NVDA,2017-10-12,Chronos-LoRA-V5,0.018464118678240462,0.045228907734187626,False,False,,
NVDA,2018-02-06,Chronos-LoRA-V5,0.014173319436734728,0.056836444205440616,False,False,,
NVDA,2018-05-31,Chronos-LoRA-V5,0.02130278613553754,0.03633053753226069,False,False,,
NVDA,2018-09-21,Chronos-LoRA-V5,0.008504472807048727,0.02734895076821342,False,False,,
NVDA,2019-01-17,Chronos-LoRA-V5,0.03376332568652156,0.0682941372894323,False,False,,
NVDA,2019-05-13,Chronos-LoRA-V5,0.022403874688212623,0.04362070354214918,False,False,,
NVDA,2019-09-04,Chronos-LoRA-V5,0.06303354828704191,0.06600401761533907,False,False,,
NVDA,2019-12-26,Chronos-LoRA-V5,-0.009746877770510405,0.027830927615931405,False,False,,
NVDA,2020-04-21,Chronos-LoRA-V5,0.059910765647263005,0.11651275839819637,False,False,,
NVDA,2020-08-12,Chronos-LoRA-V5,0.00024032638280527854,0.043800628386052004,False,False,,
NVDA,2020-12-03,Chronos-LoRA-V5,0.012039512836406502,0.05490950086781845,False,False,,
NVDA,2021-03-30,Chronos-LoRA-V5,0.036350293352078365,0.06805918438433195,False,False,,
NVDA,2021-07-22,Chronos-LoRA-V5,-0.0018387614159525105,0.04996830387511289,False,False,,
NVDA,2021-11-11,Chronos-LoRA-V5,0.0,0.06493782059249706,False,False,,
NVDA,2022-03-08,Chronos-LoRA-V5,0.06739893026302975,0.09208585002719777,False,False,,
NVDA,2022-06-30,Chronos-LoRA-V5,-0.04286075320440339,0.08119550039153942,False,False,,
NVDA,2022-10-21,Chronos-LoRA-V5,0.010612367350244277,0.07120565303442254,False,False,,
NVDA,2023-02-15,Chronos-LoRA-V5,-0.03404700541518224,0.07713114567091621,False,False,,
NVDA,2023-06-09,Chronos-LoRA-V5,0.018198253263206197,0.11942160737020799,False,False,,
NVDA,2023-10-03,Chronos-LoRA-V5,0.011969293744044434,0.03838967632730832,False,False,,
NVDA,2024-01-26,Chronos-LoRA-V5,0.02322443767939612,0.04105561806031558,False,False,,
NVDA,2024-05-20,Chronos-LoRA-V5,0.006373286765853213,0.055621393595403495,False,False,,
NVDA,2024-09-12,Chronos-LoRA-V5,-0.00033587920159958205,0.08302911561318294,False,False,,
NVDA,2025-01-06,Chronos-LoRA-V5,-0.06418618211945995,0.04910341235803364,True,False,,
NVDA,2025-05-01,Chronos-LoRA-V5,0.02556424074860387,0.11810725405509022,False,False,,
NVDA,2025-08-25,Chronos-LoRA-V5,0.010841438539146327,0.03117924306542168,False,False,,
NVDA,2025-12-16,Chronos-LoRA-V5,-0.038896680515676234,0.0380944494402619,True,False,,
NVDA,2026-04-13,Chronos-LoRA-V5,0.037327446488877807,0.04370416458926145,False,False,,
NVDA,2026-08-06,Chronos-LoRA-V5,0.02244140270108172,0.055272168220090054,False,False,,
AMZN,2011-03-11,Chronos-LoRA-V5,-0.008004754372241726,0.028712906747746122,False,False,,
AMZN,2011-07-05,Chronos-LoRA-V5,0.00467970246301004,0.03374324904405169,False,False,,
AMZN,2011-10-25,Chronos-LoRA-V5,-0.1353253963812126,0.05123217451536922,True,False,,
AMZN,2012-02-17,Chronos-LoRA-V5,-0.001315943163754481,0.05232318132336524,False,False,,
AMZN,2012-06-12,Chronos-LoRA-V5,-0.007839568227068319,0.032369705324580424,False,False,,
AMZN,2012-10-03,Chronos-LoRA-V5,0.01762286671643012,0.028789376142595427,False,False,,
AMZN,2013-01-30,Chronos-LoRA-V5,-0.026977441581677992,0.04711788111365021,False,False,,
AMZN,2013-05-23,Chronos-LoRA-V5,-0.0002292286669446575,0.043179888722985345,False,False,,
AMZN,2013-09-16,Chronos-LoRA-V5,0.027024582719098463,0.022445539237543846,True,False,,
AMZN,2014-01-08,Chronos-LoRA-V5,-0.00226668921924171,0.021977510751698792,False,False,,
AMZN,2014-05-02,Chronos-LoRA-V5,0.006601278428657596,0.061550639534693835,False,False,,
AMZN,2014-08-25,Chronos-LoRA-V5,0.02311261395955904,0.025861446816036807,False,False,,
AMZN,2014-12-16,Chronos-LoRA-V5,0.012863428305265249,0.03309981541293613,False,False,,
AMZN,2015-04-13,Chronos-LoRA-V5,0.007166474179881528,0.01746235762132719,False,False,,
AMZN,2015-08-04,Chronos-LoRA-V5,0.009561244357738523,0.0492773391890814,False,False,,
AMZN,2015-11-24,Chronos-LoRA-V5,0.006223590044783705,0.030994100477834442,False,False,,
AMZN,2016-03-21,Chronos-LoRA-V5,0.011665001910245174,0.03015774279783713,False,False,,
AMZN,2016-07-13,Chronos-LoRA-V5,-0.0019274146344341009,0.026316447115941027,False,False,,
AMZN,2016-11-02,Chronos-LoRA-V5,0.0019183632456770188,0.03123718325935572,False,False,,
AMZN,2017-02-28,Chronos-LoRA-V5,0.009469376476098914,0.02137201252079136,False,False,,
AMZN,2017-06-21,Chronos-LoRA-V5,-0.0009283846759379751,0.024563703531101082,False,False,,
AMZN,2017-10-12,Chronos-LoRA-V5,0.002006082882542097,0.017288215574747,False,False,,
AMZN,2018-02-06,Chronos-LoRA-V5,-0.018226722717437444,0.038077311872179484,False,False,,
AMZN,2018-05-31,Chronos-LoRA-V5,0.007287974742940334,0.013699143950387196,False,False,,
AMZN,2018-09-21,Chronos-LoRA-V5,0.010053664875920762,0.031596780437823886,False,False,,
AMZN,2019-01-17,Chronos-LoRA-V5,0.0017583478423892555,0.06710966251580212,False,False,,
AMZN,2019-05-13,Chronos-LoRA-V5,0.009522776139087656,0.030122448117694118,False,False,,
AMZN,2019-09-04,Chronos-LoRA-V5,0.02202580287152902,0.03060555924498794,False,False,,
AMZN,2019-12-26,Chronos-LoRA-V5,0.0005509958634310166,0.024419504872338592,False,False,,
AMZN,2020-04-21,Chronos-LoRA-V5,0.015078276370104332,0.05623748538120904,False,False,,
AMZN,2020-08-12,Chronos-LoRA-V5,-0.0003859062604570367,0.051536110354246406,False,False,,
AMZN,2020-12-03,Chronos-LoRA-V5,-0.007607189417695092,0.03750163538171917,False,False,,
AMZN,2021-03-30,Chronos-LoRA-V5,0.012616087083554913,0.033827508129492645,False,False,,
AMZN,2021-07-22,Chronos-LoRA-V5,0.005102345801164657,0.02992600601726164,False,False,,
AMZN,2021-11-11,Chronos-LoRA-V5,0.015048234458080111,0.0357839653248157,False,False,,
AMZN,2022-03-08,Chronos-LoRA-V5,0.023717698424230754,0.046479490298601364,False,False,,
AMZN,2022-06-30,Chronos-LoRA-V5,0.031054064397665036,0.06726728382500183,False,False,,
AMZN,2022-10-21,Chronos-LoRA-V5,0.0041816570199037775,0.0576740287926608,False,False,,
AMZN,2023-02-15,Chronos-LoRA-V5,-0.03020652173405669,0.06252555931450908,False,False,,
AMZN,2023-06-09,Chronos-LoRA-V5,0.025121316164936732,0.03922572948770367,False,False,,
AMZN,2023-10-03,Chronos-LoRA-V5,0.018115851921521226,0.04419120026292831,False,False,,
AMZN,2024-01-26,Chronos-LoRA-V5,0.013359331333490848,0.024937698331817047,False,False,,
AMZN,2024-05-20,Chronos-LoRA-V5,-0.002127134911413819,0.033201814189365714,False,False,,
AMZN,2024-09-12,Chronos-LoRA-V5,-0.0027309690556897217,0.04220913242417309,False,False,,
AMZN,2025-01-06,Chronos-LoRA-V5,-0.02446088330127337,0.03490366635566539,False,False,,
AMZN,2025-05-01,Chronos-LoRA-V5,-0.0011573530932638618,0.0875651401775387,False,False,,
AMZN,2025-08-25,Chronos-LoRA-V5,0.0033724076943096397,0.04981149086461627,False,False,,
AMZN,2025-12-16,Chronos-LoRA-V5,-0.005813022613826566,0.0333875344200916,False,False,,
AMZN,2026-04-13,Chronos-LoRA-V5,0.03735274928383268,0.046227933661375425,False,False,,
AMZN,2026-08-06,Chronos-LoRA-V5,0.008120910623089925,0.08163270284597263,False,False,,
ENPH,2013-06-11,Chronos-LoRA-V5,-0.0972237899487017,0.066978902013286,True,False,,
ENPH,2013-09-16,Chronos-LoRA-V5,-0.007398359101006512,0.0764482184679313,False,False,,
ENPH,2013-12-20,Chronos-LoRA-V5,-0.015915398044283505,0.10378418939080811,False,False,,
ENPH,2014-03-31,Chronos-LoRA-V5,0.07080282066347386,0.05877606416088332,True,False,,
ENPH,2014-07-08,Chronos-LoRA-V5,0.010857911347376573,0.03733097399245795,False,False,,
ENPH,2014-10-10,Chronos-LoRA-V5,-0.03963784597991297,0.09914892694353988,False,False,,
ENPH,2015-01-20,Chronos-LoRA-V5,-0.016167738833627637,0.07929953489557338,False,False,,
ENPH,2015-04-27,Chronos-LoRA-V5,0.01602476396043174,0.050491129999175106,False,False,,
ENPH,2015-08-03,Chronos-LoRA-V5,0.03060546375949964,0.11038569590490642,False,False,,
ENPH,2015-11-05,Chronos-LoRA-V5,-0.049007532246580825,0.21459873417414907,False,False,,
ENPH,2016-02-16,Chronos-LoRA-V5,0.05035383667496035,0.13600722705748017,False,False,,
ENPH,2016-05-20,Chronos-LoRA-V5,0.06791120236179353,0.08731703863679559,False,False,,
ENPH,2016-08-26,Chronos-LoRA-V5,0.01643877609721746,0.06415521408075024,False,False,,
ENPH,2016-12-01,Chronos-LoRA-V5,0.026668221646324243,0.06769360809497689,False,False,,
ENPH,2017-03-13,Chronos-LoRA-V5,0.039845870688558355,0.13509920097309744,False,False,,
ENPH,2017-06-16,Chronos-LoRA-V5,0.03822125249212064,0.07295634088109539,False,False,,
ENPH,2017-09-22,Chronos-LoRA-V5,-0.03610497045088264,0.1315483118648176,False,False,,
ENPH,2017-12-28,Chronos-LoRA-V5,-0.032655931189676975,0.07207837259179166,False,False,,
ENPH,2018-04-09,Chronos-LoRA-V5,-0.03681399610282008,0.08294850586265144,False,False,,
ENPH,2018-07-13,Chronos-LoRA-V5,-0.045033018260611506,0.09623329844621761,False,False,,
ENPH,2018-10-18,Chronos-LoRA-V5,-0.02705682617565956,0.08586244444632302,False,False,,
ENPH,2019-01-28,Chronos-LoRA-V5,0.028573345190656425,0.06637805129464955,False,False,,
ENPH,2019-05-06,Chronos-LoRA-V5,0.03290712068094508,0.14190215659605673,False,False,,
ENPH,2019-08-09,Chronos-LoRA-V5,-0.030281222436842496,0.14869737900201524,False,False,,
ENPH,2019-11-14,Chronos-LoRA-V5,0.01722830021708537,0.1334280172124478,False,False,,
ENPH,2020-02-24,Chronos-LoRA-V5,-0.08218633558682682,0.2078924229558855,False,False,,
ENPH,2020-06-01,Chronos-LoRA-V5,-0.04682325771919545,0.11544213153450389,False,False,,
ENPH,2020-09-03,Chronos-LoRA-V5,-0.024486133889773443,0.08124705134339935,False,False,,
ENPH,2020-12-10,Chronos-LoRA-V5,0.06420024063345366,0.05911325323987824,True,False,,
ENPH,2021-03-19,Chronos-LoRA-V5,0.0389849007526666,0.13809811346681944,False,False,,
ENPH,2021-06-25,Chronos-LoRA-V5,0.0711836906391635,0.052327496532058176,True,False,,
ENPH,2021-09-30,Chronos-LoRA-V5,0.03530972623840489,0.04208983477830065,False,False,,
ENPH,2022-01-06,Chronos-LoRA-V5,-0.042889726304457726,0.07248706151391021,False,False,,
ENPH,2022-04-13,Chronos-LoRA-V5,-0.014176509322804974,0.059653724843409826,False,False,,
ENPH,2022-07-22,Chronos-LoRA-V5,0.03260076111112715,0.08465923285998596,False,False,,
ENPH,2022-10-26,Chronos-LoRA-V5,0.04753798089588888,0.08142274371998078,False,False,,
ENPH,2023-02-03,Chronos-LoRA-V5,0.0002691640562952529,0.06943124737288041,False,False,,
ENPH,2023-05-11,Chronos-LoRA-V5,0.04118270839651467,0.1268996669810854,False,False,,
ENPH,2023-08-18,Chronos-LoRA-V5,-0.0013819017614193848,0.04985466032684889,False,False,,
ENPH,2023-11-22,Chronos-LoRA-V5,0.00019962351771399394,0.11353029440741016,False,False,,
ENPH,2024-03-04,Chronos-LoRA-V5,0.008993838254035302,0.10531530308765066,False,False,,
ENPH,2024-06-07,Chronos-LoRA-V5,0.06252528031360849,0.07674852514599058,False,False,,
ENPH,2024-09-16,Chronos-LoRA-V5,0.06123120117398043,0.06903918739001408,False,False,,
ENPH,2024-12-19,Chronos-LoRA-V5,0.08237797695351112,0.07717643351293026,True,False,,
ENPH,2025-04-01,Chronos-LoRA-V5,0.0020815165352994487,0.06450848593173622,False,False,,
ENPH,2025-07-09,Chronos-LoRA-V5,0.0027966167611559838,0.1458865742840226,False,False,,
ENPH,2025-10-14,Chronos-LoRA-V5,0.029740020841016006,0.0672734896298396,False,False,,
ENPH,2026-01-21,Chronos-LoRA-V5,0.11812272202658629,0.047227355559039265,True,False,,
ENPH,2026-04-29,Chronos-LoRA-V5,0.05519712952191759,0.07525869464572564,False,False,,
ENPH,2026-08-06,Chronos-LoRA-V5,0.05397436615170218,0.08486661052106255,False,False,,
SMCI,2011-03-11,Chronos-LoRA-V5,-0.012295241028665756,0.043013848592295525,False,False,,
SMCI,2011-07-05,Chronos-LoRA-V5,-0.011871463102031665,0.03153657854256318,False,False,,
SMCI,2011-10-25,Chronos-LoRA-V5,0.09882952456724234,0.08930981634524011,True,False,,
SMCI,2012-02-17,Chronos-LoRA-V5,-0.013072082453035094,0.03287698196410106,False,False,,
SMCI,2012-06-12,Chronos-LoRA-V5,-0.03383407254354266,0.055216227530658586,False,False,,
SMCI,2012-10-03,Chronos-LoRA-V5,-0.03471646784952302,0.03595607687977983,False,False,,
SMCI,2013-01-30,Chronos-LoRA-V5,0.010556339305355327,0.08953555890592714,False,False,,
SMCI,2013-05-23,Chronos-LoRA-V5,-0.0009760152152560126,0.03927249294193282,False,False,,
SMCI,2013-09-16,Chronos-LoRA-V5,-0.003016554758329793,0.029411505184356798,False,False,,
SMCI,2014-01-08,Chronos-LoRA-V5,-0.009603934767890832,0.02995768998684258,False,False,,
SMCI,2014-05-02,Chronos-LoRA-V5,-0.022932212728172585,0.05168387732632361,False,False,,
SMCI,2014-08-25,Chronos-LoRA-V5,0.005277061697307429,0.05571094661920018,False,False,,
SMCI,2014-12-16,Chronos-LoRA-V5,0.042239970174044655,0.036924377403208676,True,False,,
SMCI,2015-04-13,Chronos-LoRA-V5,0.0036738804032809876,0.04425077576476291,False,False,,
SMCI,2015-08-04,Chronos-LoRA-V5,0.07822295944812868,0.04321477331880777,True,False,,
SMCI,2015-11-24,Chronos-LoRA-V5,0.009155317554224357,0.06558830106189431,False,False,,
SMCI,2016-03-21,Chronos-LoRA-V5,0.0,0.03510057232581904,False,False,,
SMCI,2016-07-13,Chronos-LoRA-V5,0.0030639230465345185,0.051240618151808186,False,False,,
SMCI,2016-11-02,Chronos-LoRA-V5,-0.011123627935856547,0.05899934683192977,False,False,,
SMCI,2017-02-28,Chronos-LoRA-V5,0.022814746713129042,0.030700295733723803,False,False,,
SMCI,2017-06-21,Chronos-LoRA-V5,0.00828161306447926,0.02518171954634252,False,False,,
SMCI,2017-10-12,Chronos-LoRA-V5,0.004434592848067803,0.06676013713323309,False,False,,
SMCI,2018-02-06,Chronos-LoRA-V5,0.012706638950606286,0.07454162869196877,False,False,,
SMCI,2018-05-31,Chronos-LoRA-V5,0.012371279639161452,0.08786914800364982,False,False,,
SMCI,2018-09-21,Chronos-LoRA-V5,-0.038911521684797265,0.07317898217534796,False,False,,
SMCI,2019-01-17,Chronos-LoRA-V5,0.013423007444649979,0.05873682459930594,False,False,,
SMCI,2019-05-13,Chronos-LoRA-V5,0.013144791034834076,0.030764286667236865,False,False,,
SMCI,2019-09-04,Chronos-LoRA-V5,0.016043109499092628,0.09218023842940623,False,False,,
SMCI,2019-12-26,Chronos-LoRA-V5,0.012526247349154982,0.04412681331781077,False,False,,
SMCI,2020-04-21,Chronos-LoRA-V5,0.02262106793505798,0.08731259301651961,False,False,,
SMCI,2020-08-12,Chronos-LoRA-V5,-0.0007692667462982661,0.07772349308973467,False,False,,
SMCI,2020-12-03,Chronos-LoRA-V5,0.03184347213912126,0.03770956760957125,False,False,,
SMCI,2021-03-30,Chronos-LoRA-V5,0.02909295868930078,0.04200527420907593,False,False,,
SMCI,2021-07-22,Chronos-LoRA-V5,0.019563362461829614,0.0390094458536866,False,False,,
SMCI,2021-11-11,Chronos-LoRA-V5,-0.014091204368042507,0.08317777036174097,False,False,,
SMCI,2022-03-08,Chronos-LoRA-V5,0.027292140475765284,0.041412243582079504,False,False,,
SMCI,2022-06-30,Chronos-LoRA-V5,-0.030701893380973004,0.07765424695072572,False,False,,
SMCI,2022-10-21,Chronos-LoRA-V5,-0.02383677986674845,0.08170690022531536,False,False,,
SMCI,2023-02-15,Chronos-LoRA-V5,0.03049792693700929,0.08147125302369583,False,False,,
SMCI,2023-06-09,Chronos-LoRA-V5,-0.011570177477979709,0.11630187015990262,False,False,,
SMCI,2023-10-03,Chronos-LoRA-V5,0.03790635570568232,0.07757713279191264,False,False,,
SMCI,2024-01-26,Chronos-LoRA-V5,0.04438666317051559,0.17061269206378912,False,False,,
SMCI,2024-05-20,Chronos-LoRA-V5,-0.005535577218814193,0.12156726592353993,False,False,,
SMCI,2024-09-12,Chronos-LoRA-V5,0.03342944557080886,0.11982058704036616,False,False,,
SMCI,2025-01-06,Chronos-LoRA-V5,-0.05846644836316354,0.1081493688321439,False,False,,
SMCI,2025-05-01,Chronos-LoRA-V5,0.02950242756001331,0.1409761250439799,False,False,,
SMCI,2025-08-25,Chronos-LoRA-V5,0.006558904312119387,0.09496809819955616,False,False,,
SMCI,2025-12-16,Chronos-LoRA-V5,-0.05920426918419112,0.05594794874168798,True,False,,
SMCI,2026-04-13,Chronos-LoRA-V5,0.04627500211648954,0.17900171624826994,False,False,,
SMCI,2026-08-06,Chronos-LoRA-V5,0.057857815313579815,0.1352480828244276,False,False,,
CVNA,2018-07-06,Chronos-LoRA-V5,-0.051103658627608524,0.09369505099987833,False,False,,
CVNA,2018-09-04,Chronos-LoRA-V5,-0.08020360181474506,0.05817287254322222,True,False,,
CVNA,2018-10-31,Chronos-LoRA-V5,0.1358834922648138,0.09010999949413306,True,False,,
CVNA,2019-01-03,Chronos-LoRA-V5,0.019354389310272155,0.10415194138994296,False,False,,
CVNA,2019-03-05,Chronos-LoRA-V5,0.05316733699069577,0.10950833769872094,False,False,,
CVNA,2019-05-03,Chronos-LoRA-V5,-0.0019414704519490561,0.046774641644885546,False,False,,
CVNA,2019-07-02,Chronos-LoRA-V5,-0.008225385850990979,0.07546337674797475,False,False,,
CVNA,2019-08-30,Chronos-LoRA-V5,-0.01915723242161001,0.12917031213602007,False,False,,
CVNA,2019-10-29,Chronos-LoRA-V5,-0.02644165743431196,0.05850481857115416,False,False,,
CVNA,2019-12-30,Chronos-LoRA-V5,-0.002495500017384529,0.05925819258147331,False,False,,
CVNA,2020-02-28,Chronos-LoRA-V5,-0.006655836727455652,0.11113575995456951,False,False,,
CVNA,2020-04-28,Chronos-LoRA-V5,0.02299783159377595,0.1771357986422858,False,False,,
CVNA,2020-06-26,Chronos-LoRA-V5,0.02489821008462683,0.1348981575412342,False,False,,
CVNA,2020-08-25,Chronos-LoRA-V5,0.023811244703727027,0.1462630214238306,False,False,,
CVNA,2020-10-23,Chronos-LoRA-V5,-0.0062373079471919725,0.08251355824497948,False,False,,
CVNA,2020-12-22,Chronos-LoRA-V5,-0.07668666972902587,0.07755853650850192,False,False,,
CVNA,2021-02-24,Chronos-LoRA-V5,-0.07761824876717899,0.07511496365365418,True,False,,
CVNA,2021-04-23,Chronos-LoRA-V5,0.057248285225138515,0.05682687133258685,True,False,,
CVNA,2021-06-23,Chronos-LoRA-V5,-0.03301118048799236,0.04720992276550522,False,False,,
CVNA,2021-08-20,Chronos-LoRA-V5,0.022111842385838347,0.03275137596553132,False,False,,
CVNA,2021-10-19,Chronos-LoRA-V5,-0.006277154149259377,0.027793037378395752,False,False,,
CVNA,2021-12-17,Chronos-LoRA-V5,-0.08383277351675741,0.08489852484330226,False,False,,
CVNA,2022-02-16,Chronos-LoRA-V5,-0.024759395067421825,0.13867996593376355,False,False,,
CVNA,2022-04-19,Chronos-LoRA-V5,-0.09550672518348217,0.12321279235707991,False,False,,
CVNA,2022-06-16,Chronos-LoRA-V5,0.1258500675513595,0.19057632638433358,False,False,,
CVNA,2022-08-17,Chronos-LoRA-V5,-0.03611392128367342,0.22163789430845057,False,False,,
CVNA,2022-10-14,Chronos-LoRA-V5,0.06110500110762415,0.14111554843365162,False,False,,
CVNA,2022-12-14,Chronos-LoRA-V5,0.039147529607715725,0.2810952631175327,False,False,,
CVNA,2023-02-14,Chronos-LoRA-V5,0.1687031432591547,0.24691162917120252,False,False,,
CVNA,2023-04-17,Chronos-LoRA-V5,-0.02911742398912355,0.13489361735351285,False,False,,
CVNA,2023-06-14,Chronos-LoRA-V5,0.11987016594346468,0.3105376657311972,False,False,,
CVNA,2023-08-14,Chronos-LoRA-V5,-0.044031557637086015,0.22598068741692434,False,False,,
CVNA,2023-10-12,Chronos-LoRA-V5,0.0,0.0854427422777791,False,False,,
CVNA,2023-12-11,Chronos-LoRA-V5,-0.008319723270969625,0.12182163201158855,False,False,,
CVNA,2024-02-12,Chronos-LoRA-V5,-0.061744523218746315,0.09403324021805638,False,False,,
CVNA,2024-04-11,Chronos-LoRA-V5,-0.0701567431422787,0.0648414336988304,True,False,,
CVNA,2024-06-11,Chronos-LoRA-V5,0.0646166132273041,0.046613059207346465,True,False,,
CVNA,2024-08-09,Chronos-LoRA-V5,-0.018114856050066973,0.0949874283579495,False,False,,
CVNA,2024-10-09,Chronos-LoRA-V5,0.007860831814023559,0.05282615834446083,False,False,,
CVNA,2024-12-06,Chronos-LoRA-V5,-0.028998090706934373,0.038192780813530225,False,False,,
CVNA,2025-02-07,Chronos-LoRA-V5,0.014063575073661688,0.05819866045906689,False,False,,
CVNA,2025-04-09,Chronos-LoRA-V5,-0.07917367886224642,0.18915628864513168,False,False,,
CVNA,2025-06-09,Chronos-LoRA-V5,-0.004156862631501338,0.04526123929264819,False,False,,
CVNA,2025-08-08,Chronos-LoRA-V5,-0.006668490412142271,0.08942309552519256,False,False,,
CVNA,2025-10-07,Chronos-LoRA-V5,-0.025711836108659566,0.05899970411980671,False,False,,
CVNA,2025-12-05,Chronos-LoRA-V5,0.11385918455096826,0.06284111273676421,True,False,,
CVNA,2026-02-05,Chronos-LoRA-V5,0.05076280548890461,0.0864806616944795,False,False,,
CVNA,2026-04-08,Chronos-LoRA-V5,-0.03569338862006982,0.07957738655449229,False,False,,
CVNA,2026-06-05,Chronos-LoRA-V5,0.043254680843288845,0.06864083374262568,False,False,,
CVNA,2026-08-06,Chronos-LoRA-V5,0.036069751499409115,0.08110856959946162,False,False,,
PLUG,2011-03-11,Chronos-LoRA-V5,-0.04725291561423363,0.0368250190745519,True,False,,
PLUG,2011-07-05,Chronos-LoRA-V5,-0.008810621353606442,0.07954304252832375,False,False,,
PLUG,2011-10-25,Chronos-LoRA-V5,-0.06669142375088091,0.09512577717624648,False,False,,
PLUG,2012-02-17,Chronos-LoRA-V5,0.008620735070485726,0.08330063263340795,False,False,,
PLUG,2012-06-12,Chronos-LoRA-V5,0.008510681896768206,0.0393536018302039,False,False,,
PLUG,2012-10-03,Chronos-LoRA-V5,0.011834516917728159,0.07467608199921769,False,False,,
PLUG,2013-01-30,Chronos-LoRA-V5,-0.021978951350272766,0.12839361641582217,False,False,,
PLUG,2013-05-23,Chronos-LoRA-V5,0.1643030867702306,0.27622736815165777,False,False,,
PLUG,2013-09-16,Chronos-LoRA-V5,-0.04959699328121652,0.16796416282267218,False,False,,
PLUG,2014-01-08,Chronos-LoRA-V5,-0.3151625120618024,0.30208662400424713,True,False,,
PLUG,2014-05-02,Chronos-LoRA-V5,-0.10289443725634206,0.09943455236461794,True,False,,
PLUG,2014-08-25,Chronos-LoRA-V5,-0.04422493182135657,0.05439981229798637,False,False,,
PLUG,2014-12-16,Chronos-LoRA-V5,0.07410798462983786,0.07682211100977382,False,False,,
PLUG,2015-04-13,Chronos-LoRA-V5,0.0304206584144852,0.05029478653132077,False,False,,
PLUG,2015-08-04,Chronos-LoRA-V5,0.021819026584723785,0.08197075204353814,False,False,,
PLUG,2015-11-24,Chronos-LoRA-V5,0.06486057245710282,0.13350024053662216,False,False,,
PLUG,2016-03-21,Chronos-LoRA-V5,0.004819282006023543,0.0704382496623687,False,False,,
PLUG,2016-07-13,Chronos-LoRA-V5,-0.005763699172500427,0.05828661708544164,False,False,,
PLUG,2016-11-02,Chronos-LoRA-V5,0.0,0.04434201308217582,False,False,,
PLUG,2017-02-28,Chronos-LoRA-V5,-0.009302383378101402,0.19519666258920929,False,False,,
PLUG,2017-06-21,Chronos-LoRA-V5,0.027524646294219378,0.08141890799243018,False,False,,
PLUG,2017-10-12,Chronos-LoRA-V5,-0.02469258974538504,0.09920262622201537,False,False,,
PLUG,2018-02-06,Chronos-LoRA-V5,0.07333126457807959,0.04783347675699684,True,False,,
PLUG,2018-05-31,Chronos-LoRA-V5,0.010638388086280471,0.07618656708670185,False,False,,
PLUG,2018-09-21,Chronos-LoRA-V5,-0.010582099318558446,0.05276537264915838,False,False,,
PLUG,2019-01-17,Chronos-LoRA-V5,-0.014388723877542694,0.17437060296941606,False,False,,
PLUG,2019-05-13,Chronos-LoRA-V5,0.02217383639284286,0.04956623138686814,False,False,,
PLUG,2019-09-04,Chronos-LoRA-V5,0.00925931621435205,0.050667147631876845,False,False,,
PLUG,2019-12-26,Chronos-LoRA-V5,-0.02247291089819518,0.08067048477966032,False,False,,
PLUG,2020-04-21,Chronos-LoRA-V5,0.02573244606424871,0.0944113411095105,False,False,,
PLUG,2020-08-12,Chronos-LoRA-V5,0.06641817995123118,0.13133527841391446,False,False,,
PLUG,2020-12-03,Chronos-LoRA-V5,0.041073534564644056,0.11967815777726291,False,False,,
PLUG,2021-03-30,Chronos-LoRA-V5,0.05152826176339849,0.14359577848365523,False,False,,
PLUG,2021-07-22,Chronos-LoRA-V5,-0.019210064820616622,0.06805441347698608,False,False,,
PLUG,2021-11-11,Chronos-LoRA-V5,-0.006930017199314488,0.08362622497388962,False,False,,
PLUG,2022-03-08,Chronos-LoRA-V5,0.023566885743147727,0.1173591333721997,False,False,,
PLUG,2022-06-30,Chronos-LoRA-V5,0.036152121298438616,0.11122472734617567,False,False,,
PLUG,2022-10-21,Chronos-LoRA-V5,-0.047184434722597014,0.0914479577595835,False,False,,
PLUG,2023-02-15,Chronos-LoRA-V5,-0.057053207112345024,0.0947989589405166,False,False,,
PLUG,2023-06-09,Chronos-LoRA-V5,0.12297971661734391,0.10378408586455858,True,False,,
PLUG,2023-10-03,Chronos-LoRA-V5,0.0,0.07229778078032,False,False,,
PLUG,2024-01-26,Chronos-LoRA-V5,0.10859054935781051,0.18907392705970144,False,False,,
PLUG,2024-05-20,Chronos-LoRA-V5,-0.03822125249212061,0.14245905123923722,False,False,,
PLUG,2024-09-12,Chronos-LoRA-V5,0.01025649013484875,0.09662461168141326,False,False,,
PLUG,2025-01-06,Chronos-LoRA-V5,-0.06559729659721675,0.1545443518288309,False,False,,
PLUG,2025-05-01,Chronos-LoRA-V5,-0.011834516917728074,0.17557283466677526,False,False,,
PLUG,2025-08-25,Chronos-LoRA-V5,-0.012048327267974208,0.0991714023977059,False,False,,
PLUG,2025-12-16,Chronos-LoRA-V5,-0.05844353947557896,0.0883996522704485,False,False,,
PLUG,2026-04-13,Chronos-LoRA-V5,0.05956228749981924,0.08980637466943688,False,False,,
PLUG,2026-08-06,Chronos-LoRA-V5,0.051776332396145784,0.08105571959581954,False,False,,
RKLB,2022-02-02,Chronos-LoRA-V5,-0.04228275882981947,0.09142644484302015,False,False,,
RKLB,2022-03-08,Chronos-LoRA-V5,0.03691303649464238,0.10785585988003792,False,False,,
RKLB,2022-04-08,Chronos-LoRA-V5,0.0038387421101794728,0.08719603572369572,False,False,,
RKLB,2022-05-12,Chronos-LoRA-V5,0.12141591817001528,0.08589070760366267,True,False,,
RKLB,2022-06-15,Chronos-LoRA-V5,-0.04487176880718317,0.11287556987040107,False,False,,
RKLB,2022-07-20,Chronos-LoRA-V5,-0.002290894936133112,0.06664785878237954,False,False,,
RKLB,2022-08-22,Chronos-LoRA-V5,-0.025831670748531058,0.12951042318820605,False,False,,
RKLB,2022-09-23,Chronos-LoRA-V5,0.02634886198277228,0.09234872130363772,False,False,,
RKLB,2022-10-26,Chronos-LoRA-V5,0.021097808800234128,0.08564151856692966,False,False,,
RKLB,2022-11-29,Chronos-LoRA-V5,0.05645671269101732,0.10762679012816868,False,False,,
RKLB,2023-01-03,Chronos-LoRA-V5,0.042990205060345274,0.05284368248189258,False,False,,
RKLB,2023-02-06,Chronos-LoRA-V5,-0.0040733214317941755,0.08712872082946876,False,False,,
RKLB,2023-03-10,Chronos-LoRA-V5,0.007643341883944361,0.0764951181429714,False,False,,
RKLB,2023-04-13,Chronos-LoRA-V5,-0.022141163107117872,0.055251493741913744,False,False,,
RKLB,2023-05-16,Chronos-LoRA-V5,0.05012433816192752,0.04855861034677461,True,False,,
RKLB,2023-06-20,Chronos-LoRA-V5,0.015371806060441228,0.08578705520213575,False,False,,
RKLB,2023-07-24,Chronos-LoRA-V5,0.030648637786853276,0.10032719102458439,False,False,,
RKLB,2023-08-25,Chronos-LoRA-V5,0.023891899065197873,0.060430904164795345,False,False,,
RKLB,2023-09-28,Chronos-LoRA-V5,0.009174367245604971,0.06855681627677682,False,False,,
RKLB,2023-10-31,Chronos-LoRA-V5,0.0023612176950147377,0.06841385694251378,False,False,,
RKLB,2023-12-04,Chronos-LoRA-V5,-0.028794928151645877,0.05209398889366413,False,False,,
RKLB,2024-01-08,Chronos-LoRA-V5,-0.018182388447055147,0.13754290568208488,False,False,,
RKLB,2024-02-09,Chronos-LoRA-V5,0.0839343718757284,0.09184656418043356,False,False,,
RKLB,2024-03-14,Chronos-LoRA-V5,-0.012062918522107302,0.051054071424843535,False,False,,
RKLB,2024-04-17,Chronos-LoRA-V5,-0.005617987036759381,0.04525771212784048,False,False,,
RKLB,2024-05-20,Chronos-LoRA-V5,0.013544211986473934,0.06354993046845174,False,False,,
RKLB,2024-06-24,Chronos-LoRA-V5,-0.0188093644489565,0.07968221561553063,False,False,,
RKLB,2024-07-26,Chronos-LoRA-V5,-0.014925635610135437,0.060915289938231004,False,False,,
RKLB,2024-08-28,Chronos-LoRA-V5,0.022728229083628256,0.13122094548871951,False,False,,
RKLB,2024-10-01,Chronos-LoRA-V5,0.05069728731229883,0.10702808508307485,False,False,,
RKLB,2024-11-01,Chronos-LoRA-V5,-0.014998082258165563,0.07884596489911076,False,False,,
RKLB,2024-12-05,Chronos-LoRA-V5,0.03127827913051707,0.1630692630563698,False,False,,
RKLB,2025-01-10,Chronos-LoRA-V5,-0.11820118398003714,0.12023302012137906,False,False,,
RKLB,2025-02-14,Chronos-LoRA-V5,-0.010043150610175989,0.16126461969425637,False,False,,
RKLB,2025-03-20,Chronos-LoRA-V5,0.02188503860212124,0.11724571104761372,False,False,,
RKLB,2025-04-23,Chronos-LoRA-V5,0.07544474023777228,0.13905328398207098,False,False,,
RKLB,2025-05-27,Chronos-LoRA-V5,0.005893588725623785,0.1008765449762346,False,False,,
RKLB,2025-06-30,Chronos-LoRA-V5,-0.04108990526187762,0.10228826245649657,False,False,,
RKLB,2025-08-01,Chronos-LoRA-V5,-0.006043677060634698,0.09793970496002338,False,False,,
RKLB,2025-09-04,Chronos-LoRA-V5,0.0641895061838094,0.08924011388383325,False,False,,
RKLB,2025-10-07,Chronos-LoRA-V5,0.059945390600180976,0.1104687661387328,False,False,,
RKLB,2025-11-07,Chronos-LoRA-V5,0.0050222654131213944,0.0959406105650685,False,False,,
RKLB,2025-12-11,Chronos-LoRA-V5,-0.03263762880188879,0.11244847514349417,False,False,,
RKLB,2026-01-15,Chronos-LoRA-V5,0.0592496670454145,0.1237317535275086,False,False,,
RKLB,2026-02-19,Chronos-LoRA-V5,-0.07762986190868812,0.12811432559832978,False,False,,
RKLB,2026-03-24,Chronos-LoRA-V5,0.09809943384252276,0.09620362188706663,True,False,,
RKLB,2026-04-27,Chronos-LoRA-V5,-0.046005186462810724,0.10260376756159975,False,False,,
RKLB,2026-05-29,Chronos-LoRA-V5,-0.15898296047937707,0.18275712365966865,False,False,,
RKLB,2026-07-02,Chronos-LoRA-V5,-0.0761929014195986,0.13755934146665946,False,False,,
RKLB,2026-08-06,Chronos-LoRA-V5,0.0904085802078148,0.11419302119226235,False,False,,
IONQ,2022-03-11,Chronos-LoRA-V5,-0.07754516048777285,0.1293993848544868,False,False,,
IONQ,2022-04-12,Chronos-LoRA-V5,0.03399255010812331,0.0928169758111837,False,False,,
IONQ,2022-05-16,Chronos-LoRA-V5,0.16118056496414795,0.14660302858369983,True,False,,
IONQ,2022-06-16,Chronos-LoRA-V5,0.05715835818668655,0.1195457349864154,False,False,,
IONQ,2022-07-21,Chronos-LoRA-V5,-0.07498582694721129,0.0878001324928163,False,False,,
IONQ,2022-08-22,Chronos-LoRA-V5,0.0015563819669177138,0.18432341375518824,False,False,,
IONQ,2022-09-23,Chronos-LoRA-V5,0.0041841025573310054,0.08219957744901515,False,False,,
IONQ,2022-10-25,Chronos-LoRA-V5,0.023788882243405772,0.09759116225919809,False,False,,
IONQ,2022-11-28,Chronos-LoRA-V5,-0.02251889091428668,0.12566210323411275,False,False,,
IONQ,2022-12-29,Chronos-LoRA-V5,-0.02575247150506701,0.0992077101334063,False,False,,
IONQ,2023-02-02,Chronos-LoRA-V5,0.0018198784076674348,0.09442935934788367,False,False,,
IONQ,2023-03-07,Chronos-LoRA-V5,0.024001129208062993,0.10185703531601473,False,False,,
IONQ,2023-04-10,Chronos-LoRA-V5,-0.010271505454393025,0.1355637815232327,False,False,,
IONQ,2023-05-10,Chronos-LoRA-V5,0.010021583187863769,0.0792591599862848,False,False,,
IONQ,2023-06-13,Chronos-LoRA-V5,-0.06711322466617804,0.16593193849174143,False,False,,
IONQ,2023-07-17,Chronos-LoRA-V5,0.052936267346308664,0.13592389224386056,False,False,,
IONQ,2023-08-17,Chronos-LoRA-V5,0.03102782711145243,0.14233794764111532,False,False,,
IONQ,2023-09-20,Chronos-LoRA-V5,-0.0897177712109174,0.119838157710751,False,False,,
IONQ,2023-10-20,Chronos-LoRA-V5,0.003963555704296674,0.09962886886035506,False,False,,
IONQ,2023-11-22,Chronos-LoRA-V5,-0.004842658395539763,0.09977395149951383,False,False,,
IONQ,2023-12-26,Chronos-LoRA-V5,-0.0231959830511088,0.0908528580127625,False,False,,
IONQ,2024-01-30,Chronos-LoRA-V5,-0.04008161727038914,0.06837975221259236,False,False,,
IONQ,2024-03-01,Chronos-LoRA-V5,-0.05495355493543494,0.08444101990386589,False,False,,
IONQ,2024-04-04,Chronos-LoRA-V5,0.009820062871229898,0.08690571818374129,False,False,,
IONQ,2024-05-06,Chronos-LoRA-V5,-0.07261699966729143,0.0816615213986192,False,False,,
IONQ,2024-06-07,Chronos-LoRA-V5,0.04478361812566412,0.056772455714597894,False,False,,
IONQ,2024-07-11,Chronos-LoRA-V5,0.05222793984072294,0.07104688827084044,False,False,,
IONQ,2024-08-13,Chronos-LoRA-V5,0.004112374905568538,0.12395989010166633,False,False,,
IONQ,2024-09-13,Chronos-LoRA-V5,0.007702212818593349,0.07627622571415915,False,False,,
IONQ,2024-10-16,Chronos-LoRA-V5,0.01612936642298423,0.1557566950083895,False,False,,
IONQ,2024-11-15,Chronos-LoRA-V5,-0.1440780353122285,0.19968685982441037,False,False,,
IONQ,2024-12-19,Chronos-LoRA-V5,0.1624394804185008,0.19155965464227773,False,False,,
IONQ,2025-01-24,Chronos-LoRA-V5,-0.05600448043378899,0.27846550802267395,False,False,,
IONQ,2025-02-27,Chronos-LoRA-V5,-0.013743149036100365,0.09888289765338892,False,False,,
IONQ,2025-04-01,Chronos-LoRA-V5,0.07715262277711707,0.17007134262285659,False,False,,
IONQ,2025-05-02,Chronos-LoRA-V5,-0.03622392708402123,0.15541888220499572,False,False,,
IONQ,2025-06-05,Chronos-LoRA-V5,0.0623881086771647,0.1897228788849197,False,False,,
IONQ,2025-07-09,Chronos-LoRA-V5,0.00808833626061652,0.08855001340201858,False,False,,
IONQ,2025-08-11,Chronos-LoRA-V5,-0.044128120505297484,0.07718927162090053,False,False,,
IONQ,2025-09-11,Chronos-LoRA-V5,0.16715220235915992,0.08178086139635264,True,False,,
IONQ,2025-10-14,Chronos-LoRA-V5,-0.06857846699931491,0.12714067524078612,False,False,,
IONQ,2025-11-13,Chronos-LoRA-V5,0.0384579417908891,0.1123456057884368,False,False,,
IONQ,2025-12-17,Chronos-LoRA-V5,0.012785961835722115,0.13320499004108904,False,False,,
IONQ,2026-01-21,Chronos-LoRA-V5,0.020479928620632713,0.09500963405816845,False,False,,
IONQ,2026-02-24,Chronos-LoRA-V5,0.06043854984431327,0.1273291981669404,False,False,,
IONQ,2026-03-26,Chronos-LoRA-V5,-0.08130019719266161,0.05416780516283042,True,False,,
IONQ,2026-04-29,Chronos-LoRA-V5,0.06904032684898123,0.14386662360966862,False,False,,
IONQ,2026-06-01,Chronos-LoRA-V5,0.03014164408206085,0.13463026617980256,False,False,,
IONQ,2026-07-06,Chronos-LoRA-V5,-0.07453301655058833,0.12186652814673359,False,False,,
IONQ,2026-08-06,Chronos-LoRA-V5,0.11206005390682601,0.11364073570962493,False,False,,
