ticker,cutoff_date,horizon,model,last_price,prediction,actual,price_mae,return_abs_error,direction_hit
AAPL,2011-03-11,1,Chronos-LoRA-V5,10.527891159057615,10.553244878593361,10.574847221374512,0.021602342781150696,0.0020519154743128265,1.0
AAPL,2011-03-11,5,Chronos-LoRA-V5,10.527891159057615,10.649475917850681,9.890216827392578,0.7592590904581034,0.07211882028290906,0.0
AAPL,2011-03-11,10,Chronos-LoRA-V5,10.527891159057615,10.762486989890945,10.514430046081545,0.24805694380940047,0.02356188338782228,0.0
AAPL,2011-03-11,20,Chronos-LoRA-V5,10.527891159057615,11.001664803214082,10.021523475646973,0.9801413275671091,0.09309949283849206,0.0
AAPL,2011-07-05,1,Chronos-LoRA-V5,10.45132541656494,10.471072891479329,10.521010398864746,0.049937507385417135,0.004778102814239071,1.0
AAPL,2011-07-05,5,Chronos-LoRA-V5,10.45132541656494,10.537047025380792,10.58053493499756,0.043487909616768405,0.004160994695260545,1.0
AAPL,2011-07-05,10,Chronos-LoRA-V5,10.45132541656494,10.609869106602826,11.271445274353027,0.6615761677502014,0.06330069549854689,1.0
AAPL,2011-07-05,20,Chronos-LoRA-V5,10.45132541656494,10.773190501815417,11.63215160369873,0.8589611018833132,0.08218681053810584,1.0
AAPL,2011-10-25,1,Chronos-LoRA-V5,11.897151947021484,11.926350969313171,11.98179817199707,0.05544720268389902,0.004660544215187468,1.0
AAPL,2011-10-25,5,Chronos-LoRA-V5,11.897151947021484,12.014949444248037,11.859468460083008,0.1554809841650293,0.013068756695500894,0.0
AAPL,2011-10-25,10,Chronos-LoRA-V5,11.897151947021484,12.115710349108967,12.150190353393556,0.03448000428458897,0.002898172977711777,1.0
AAPL,2011-10-25,20,Chronos-LoRA-V5,11.897151947021484,12.321449643629427,11.261275291442873,1.0601743521865536,0.08911160897226111,0.0
AAPL,2012-02-17,1,Chronos-LoRA-V5,15.018218040466309,15.055938403749865,15.398975372314451,0.34303696856458643,0.022841389547034074,1.0
AAPL,2012-02-17,5,Chronos-LoRA-V5,15.018218040466309,15.198256310993022,15.72528839111328,0.5270320801202573,0.03509285047667965,1.0
AAPL,2012-02-17,10,Chronos-LoRA-V5,15.018218040466309,15.361842180628424,15.946621894836426,0.5847797142080022,0.038938022649047,1.0
AAPL,2012-02-17,20,Chronos-LoRA-V5,15.018218040466309,15.704663061871237,17.978675842285156,2.274012780413919,0.15141695068527006,1.0
AAPL,2012-06-12,1,Chronos-LoRA-V5,17.232736587524414,17.26738998782794,17.11309242248535,0.15429756534258843,0.008953747105627463,0.0
AAPL,2012-06-12,5,Chronos-LoRA-V5,17.232736587524414,17.394945433206058,17.569217681884766,0.17427224867870805,0.0101128597767155,1.0
AAPL,2012-06-12,10,Chronos-LoRA-V5,17.232736587524414,17.541249169495597,17.10921287536621,0.4320362941293858,0.025070672434124974,0.0
AAPL,2012-06-12,20,Chronos-LoRA-V5,17.232736587524414,17.840913274021283,18.078277587890625,0.23736431386934242,0.013774034823997638,1.0
AAPL,2012-10-03,1,Chronos-LoRA-V5,20.16904640197754,20.20594941652487,20.02937126159668,0.1765781549281904,0.00875490845768867,0.0
AAPL,2012-10-03,5,Chronos-LoRA-V5,20.16904640197754,20.340491383062336,19.25168800354004,1.0888033795222967,0.053983879942660185,0.0
AAPL,2012-10-03,10,Chronos-LoRA-V5,20.16904640197754,20.509647955876584,19.362823486328125,1.1468244695484593,0.0568606193218939,0.0
AAPL,2012-10-03,20,Chronos-LoRA-V5,20.16904640197754,20.830663507480626,17.32594108581543,3.504722421665196,0.17376738353487875,0.0
AAPL,2013-01-30,1,Chronos-LoRA-V5,13.784954071044922,13.795476283902682,13.744524002075195,0.050952281827486345,0.0036962242721222394,0.0
AAPL,2013-01-30,5,Chronos-LoRA-V5,13.784954071044922,13.81618523688481,13.800649642944336,0.015535593940473547,0.0011269964238114216,1.0
AAPL,2013-01-30,10,Chronos-LoRA-V5,13.784954071044922,13.848351077228761,14.174271583557127,0.3259205063283659,0.02364320582053714,1.0
AAPL,2013-01-30,20,Chronos-LoRA-V5,13.784954071044922,13.954394449274487,13.396982192993164,0.5574122562813226,0.040436279541341325,0.0
AAPL,2013-05-23,1,Chronos-LoRA-V5,13.508260726928713,13.523405169414906,13.600221633911133,0.07681646449622725,0.005686628800634086,1.0
AAPL,2013-05-23,5,Chronos-LoRA-V5,13.508260726928713,13.568455441786963,13.740154266357422,0.17169882457045915,0.01271065372821667,1.0
AAPL,2013-05-23,10,Chronos-LoRA-V5,13.508260726928713,13.617465792195816,13.498183250427246,0.11928254176856967,0.008830340499038525,0.0
AAPL,2013-05-23,20,Chronos-LoRA-V5,13.508260726928713,13.7118952372385,12.63325023651123,1.0786450007272688,0.07985076854320627,0.0
AAPL,2013-09-16,1,Chronos-LoRA-V5,13.842866897583008,13.853065416659293,14.002789497375488,0.14972408071619547,0.010815973441335114,1.0
AAPL,2013-09-16,5,Chronos-LoRA-V5,13.842866897583008,13.878959172801093,15.089012145996094,1.2100529731950012,0.08741346587723675,1.0
AAPL,2013-09-16,10,Chronos-LoRA-V5,13.842866897583008,13.908563229582011,14.66183853149414,0.7532753019121294,0.054416134135021776,1.0
AAPL,2013-09-16,20,Chronos-LoRA-V5,13.842866897583008,13.979587776777628,15.255081176757812,1.275493399980185,0.09214084115790255,1.0
AAPL,2014-01-08,1,Chronos-LoRA-V5,16.81100082397461,16.831134747331852,16.59632682800293,0.2348079193289223,0.013967515782526085,0.0
AAPL,2014-01-08,5,Chronos-LoRA-V5,16.81100082397461,16.898727141695726,17.240978240966797,0.34225109927107056,0.02035875810457277,1.0
AAPL,2014-01-08,10,Chronos-LoRA-V5,16.81100082397461,16.976729216691243,17.20447540283203,0.2277461861407879,0.013547449585273652,1.0
AAPL,2014-01-08,20,Chronos-LoRA-V5,16.81100082397461,17.145543122621653,15.948516845703123,1.19702627691853,0.07120493832891972,0.0
AAPL,2014-05-02,1,Chronos-LoRA-V5,18.44017219543457,18.44791361790905,18.7009391784668,0.2530255605577487,0.013721431550427265,1.0
AAPL,2014-05-02,5,Chronos-LoRA-V5,18.44017219543457,18.46488350844597,18.32286834716797,0.14201516127799962,0.007701401037521705,0.0
AAPL,2014-05-02,10,Chronos-LoRA-V5,18.44017219543457,18.488676312445747,18.69743156433105,0.20875525188530375,0.01132067801064185,1.0
AAPL,2014-05-02,20,Chronos-LoRA-V5,18.44017219543457,18.534927355146205,19.671876907348636,1.1369495522024309,0.06165612447393065,1.0
AAPL,2014-08-25,1,Chronos-LoRA-V5,22.352537155151367,22.387608256657565,22.20945167541504,0.17815658124252565,0.00797030690547218,0.0
AAPL,2014-08-25,5,Chronos-LoRA-V5,22.352537155151367,22.50446193782464,22.739978790283203,0.2355168524585629,0.010536470684460397,1.0
AAPL,2014-08-25,10,Chronos-LoRA-V5,22.352537155151367,22.636590569151096,21.57106208801269,1.0655284811384043,0.04766924102362324,0.0
AAPL,2014-08-25,20,Chronos-LoRA-V5,22.352537155151367,22.928490448945425,22.594688415527344,0.3338020334180811,0.014933518781385935,1.0
AAPL,2014-12-16,1,Chronos-LoRA-V5,23.601348876953125,23.636459114299402,24.18944931030273,0.5529901960033285,0.02343044878012579,1.0
AAPL,2014-12-16,5,Chronos-LoRA-V5,23.601348876953125,23.776306637740646,24.881458282470703,1.1051516447300571,0.04682578315721786,1.0
AAPL,2014-12-16,10,Chronos-LoRA-V5,23.601348876953125,23.945761850508372,24.403905868530277,0.45814401802190474,0.019411772624118306,1.0
AAPL,2014-12-16,20,Chronos-LoRA-V5,23.601348876953125,24.271547654853066,23.616817474365234,0.6547301804878316,0.027741218686325952,1.0
AAPL,2015-04-13,1,Chronos-LoRA-V5,28.15593910217285,28.210619338132236,28.03385162353516,0.17676771459707652,0.0062781679543920665,0.0
AAPL,2015-04-13,5,Chronos-LoRA-V5,28.15593910217285,28.400858566079226,28.322404861450195,0.07845370462903034,0.0027863998549058078,1.0
AAPL,2015-04-13,10,Chronos-LoRA-V5,28.15593910217285,28.626316369563234,29.443321228027344,0.8170048584641094,0.02901714112604603,1.0
AAPL,2015-04-13,20,Chronos-LoRA-V5,28.15593910217285,29.0689853555872,28.155412673950195,0.9135726816370031,0.03244689080771945,0.0
AAPL,2015-08-04,1,Chronos-LoRA-V5,25.552064895629883,25.60596207202235,25.721454620361328,0.11549254833897749,0.004519891007271681,1.0
AAPL,2015-08-04,5,Chronos-LoRA-V5,25.552064895629883,25.801252739877715,25.41024780273437,0.39100493714334306,0.01530228334737116,0.0
AAPL,2015-08-04,10,Chronos-LoRA-V5,25.552064895629883,26.036814227977356,26.08417510986328,0.047360881885925465,0.0018535050720704938,1.0
AAPL,2015-08-04,20,Chronos-LoRA-V5,25.552064895629883,26.426068798195505,24.118350982666016,2.3077178155294895,0.09031433760659302,0.0
AAPL,2015-11-24,1,Chronos-LoRA-V5,26.730987548828125,26.76411145145234,26.53985595703125,0.22425549442109016,0.008389345661526937,0.0
AAPL,2015-11-24,5,Chronos-LoRA-V5,26.730987548828125,26.87981262841004,26.146358489990234,0.7334541384198054,0.027438347987706835,0.0
AAPL,2015-11-24,10,Chronos-LoRA-V5,26.730987548828125,27.017452023542234,25.997947692871094,1.0195043306711398,0.03813941886018468,0.0
AAPL,2015-11-24,20,Chronos-LoRA-V5,26.730987548828125,27.30974827163997,24.421710968017575,2.888037303622397,0.1080408008999656,0.0
AAPL,2016-03-21,1,Chronos-LoRA-V5,23.94382095336914,23.967953138334796,24.12693977355957,0.15898663522477463,0.0066399859710946085,1.0
AAPL,2016-03-21,5,Chronos-LoRA-V5,23.94382095336914,24.04751322111757,24.343969345092773,0.2964561239752044,0.012381320615141522,1.0
AAPL,2016-03-21,10,Chronos-LoRA-V5,23.94382095336914,24.135127942479965,24.825519561767575,0.6903916192876096,0.02883381147195152,1.0
AAPL,2016-03-21,20,Chronos-LoRA-V5,23.94382095336914,24.312294302389866,24.169897079467773,0.14239722292209223,0.005947138645891803,1.0
AAPL,2016-07-13,1,Chronos-LoRA-V5,22.033416748046875,22.05254154797843,22.470129013061523,0.41758746508309486,0.01895246070358625,1.0
AAPL,2016-07-13,5,Chronos-LoRA-V5,22.033416748046875,22.112646699707984,22.736248016357425,0.6236013166494416,0.028302524469098644,1.0
AAPL,2016-07-13,10,Chronos-LoRA-V5,22.033416748046875,22.178300861864685,23.41634178161621,1.2380409197515263,0.056189239004943214,1.0
AAPL,2016-07-13,20,Chronos-LoRA-V5,22.033416748046875,22.308419063175155,24.69804573059082,2.3896266674156657,0.10845465752049055,1.0
AAPL,2016-11-02,1,Chronos-LoRA-V5,25.519027709960938,25.541214203498008,25.245494842529297,0.295719360968711,0.011588190754355465,0.0
AAPL,2016-11-02,5,Chronos-LoRA-V5,25.519027709960938,25.608772412363916,25.48684310913086,0.12192930323305617,0.004777976050610366,0.0
AAPL,2016-11-02,10,Chronos-LoRA-V5,25.519027709960938,25.68829048111388,25.282276153564453,0.40601432754942834,0.015910258500599017,0.0
AAPL,2016-11-02,20,Chronos-LoRA-V5,25.519027709960938,25.85940703868553,25.167341232299805,0.6920658063857239,0.027119599314341714,0.0
AAPL,2017-02-28,1,Chronos-LoRA-V5,31.625022888183597,31.670771594052017,32.27140808105469,0.6006364870026708,0.01899244434150571,1.0
AAPL,2017-02-28,5,Chronos-LoRA-V5,31.625022888183597,31.839612049477424,32.20907974243164,0.3694676929542169,0.011682764444488791,1.0
AAPL,2017-02-28,10,Chronos-LoRA-V5,31.625022888183597,32.03686428647905,32.08672332763672,0.04985904115766715,0.0015765693303670947,1.0
AAPL,2017-02-28,20,Chronos-LoRA-V5,31.625022888183597,32.44131316176801,33.19712829589844,0.7558151341304296,0.023899275482037075,1.0
AAPL,2017-06-21,1,Chronos-LoRA-V5,33.814002990722656,33.842652283938946,33.75837707519531,0.08427520874363381,0.002492316830005503,0.0
AAPL,2017-06-21,5,Chronos-LoRA-V5,33.814002990722656,33.953502431531405,33.80473327636719,0.14876915516421718,0.004399631572903018,0.0
AAPL,2017-06-21,10,Chronos-LoRA-V5,33.814002990722656,34.08308235096076,33.08612823486328,0.9969541160974771,0.029483469211586844,0.0
AAPL,2017-06-21,20,Chronos-LoRA-V5,33.814002990722656,34.34476479311044,34.850196838378906,0.5054320452684635,0.014947418245841337,1.0
AAPL,2017-10-12,1,Chronos-LoRA-V5,36.30424118041992,36.345985459701396,36.53464126586914,0.1886558061677448,0.005196522500778622,1.0
AAPL,2017-10-12,5,Chronos-LoRA-V5,36.30424118041992,36.48433206450709,36.29957962036133,0.18475244414576508,0.0050890044286454605,0.0
AAPL,2017-10-12,10,Chronos-LoRA-V5,36.30424118041992,36.642924170033254,36.63238143920898,0.010542730824276703,0.00029039942666431173,1.0
AAPL,2017-10-12,20,Chronos-LoRA-V5,36.30424118041992,36.958945615292215,40.93071746826172,3.9717718529695034,0.1094024203186379,1.0
AAPL,2018-02-06,1,Chronos-LoRA-V5,38.0766487121582,38.14088384073851,37.26153564453125,0.8793481962072605,0.023094159437578754,0.0
AAPL,2018-02-06,5,Chronos-LoRA-V5,38.0766487121582,38.32619481574068,38.53910827636719,0.21291346062650973,0.005591706933980367,1.0
AAPL,2018-02-06,10,Chronos-LoRA-V5,38.0766487121582,38.58172216045307,40.11734390258789,1.535621742134822,0.04032975049205123,1.0
AAPL,2018-02-06,20,Chronos-LoRA-V5,38.0766487121582,39.026481832276374,41.045997619628906,2.019515787352532,0.05303817052333404,1.0
AAPL,2018-05-31,1,Chronos-LoRA-V5,43.9915657043457,44.04645216704071,44.784912109375,0.7384599423342877,0.016786398267732983,1.0
AAPL,2018-05-31,5,Chronos-LoRA-V5,43.9915657043457,44.24169168112744,45.54291534423828,1.3012236631108394,0.0295789350134974,1.0
AAPL,2018-05-31,10,Chronos-LoRA-V5,43.9915657043457,44.47359537105015,44.91673278808594,0.4431374170357856,0.010073235856481677,1.0
AAPL,2018-05-31,20,Chronos-LoRA-V5,43.9915657043457,45.01042161113416,43.669044494628906,1.3413771165052566,0.030491688464108324,0.0
AAPL,2018-09-21,1,Chronos-LoRA-V5,51.41961288452149,51.496219002912134,52.1590461730957,0.6628271701835686,0.012890551542504847,1.0
AAPL,2018-09-21,5,Chronos-LoRA-V5,51.41961288452149,51.77920170267685,53.32841873168945,1.5492170290126026,0.030128912726197443,1.0
AAPL,2018-09-21,10,Chronos-LoRA-V5,51.41961288452149,52.14587570806767,52.985877990722656,0.8400022826549858,0.01633622338895213,1.0
AAPL,2018-09-21,20,Chronos-LoRA-V5,51.41961288452149,52.86972118301355,51.80940628051758,1.0603149024959748,0.020620826237592205,1.0
AAPL,2019-01-17,1,Chronos-LoRA-V5,36.948577880859375,36.997228352335014,37.1761474609375,0.17891910860248572,0.004842381462675238,1.0
AAPL,2019-01-17,5,Chronos-LoRA-V5,36.948577880859375,37.173997756954456,37.39898300170898,0.22498524475452086,0.0060891449051161395,1.0
AAPL,2019-01-17,10,Chronos-LoRA-V5,36.948577880859375,37.35507434841448,39.47565460205078,2.120580253636298,0.057392743517060474,1.0
AAPL,2019-01-17,20,Chronos-LoRA-V5,36.948577880859375,37.78844960237238,40.573463439941406,2.785013837569025,0.07537540000996246,1.0
AAPL,2019-05-13,1,Chronos-LoRA-V5,44.38636016845703,44.445465987356776,45.0890007019043,0.6435347145475205,0.014498479084681604,1.0
AAPL,2019-05-13,5,Chronos-LoRA-V5,44.38636016845703,44.630750314308344,43.75779342651367,0.8729568877946718,0.019667233007653384,0.0
AAPL,2019-05-13,10,Chronos-LoRA-V5,44.38636016845703,44.883004710507585,42.59627532958984,2.2867293809177482,0.051518740717622635,0.0
AAPL,2019-05-13,20,Chronos-LoRA-V5,44.38636016845703,45.32925881148518,46.55883026123047,1.2295714497452863,0.027701560683929927,1.0
AAPL,2019-09-04,1,Chronos-LoRA-V5,50.18555450439453,50.26010863012114,51.16675567626953,0.9066470461483931,0.018065896752600397,1.0
AAPL,2019-09-04,5,Chronos-LoRA-V5,50.18555450439453,50.536942507247076,53.640167236328125,3.103224729081049,0.06183501925458068,1.0
AAPL,2019-09-04,10,Chronos-LoRA-V5,50.18555450439453,50.86801675387575,53.44345474243164,2.5754379885558905,0.05131831288882882,1.0
AAPL,2019-09-04,20,Chronos-LoRA-V5,50.18555450439453,51.483091942409374,52.529415130615234,1.0463231882058608,0.020849090909501378,1.0
AAPL,2019-12-26,1,Chronos-LoRA-V5,69.75943756103516,69.94234618252666,69.73295593261719,0.2093902499094753,0.0030016046176729594,0.0
AAPL,2019-12-26,5,Chronos-LoRA-V5,69.75943756103516,70.59978929933831,71.56892395019531,0.9691346508570007,0.01389252386114892,1.0
AAPL,2019-12-26,10,Chronos-LoRA-V5,69.75943756103516,71.39792983387282,74.6729736328125,3.2750437989396772,0.04694768067867838,1.0
AAPL,2019-12-26,20,Chronos-LoRA-V5,69.75943756103516,72.92635856860652,74.3409194946289,1.4145609260223893,0.020277699698836305,1.0
AAPL,2020-04-21,1,Chronos-LoRA-V5,64.72962188720703,64.89215169214638,66.59407043457031,1.7019187424239277,0.026292734188831712,1.0
AAPL,2020-04-21,5,Chronos-LoRA-V5,64.72962188720703,65.38320594862219,67.1922378540039,1.8090319053817154,0.027947512323399648,1.0
AAPL,2020-04-21,10,Chronos-LoRA-V5,64.72962188720703,65.93406718804029,71.77012634277344,5.8360591547331495,0.09016056304025111,1.0
AAPL,2020-04-21,20,Chronos-LoRA-V5,64.72962188720703,67.04396373315356,75.73241424560547,8.688450512451908,0.13422680774486428,1.0
AAPL,2020-08-12,1,Chronos-LoRA-V5,109.52227020263672,109.93183470226354,111.46053314208984,1.5286984398263002,0.013957877580494937,1.0
AAPL,2020-08-12,5,Chronos-LoRA-V5,109.52227020263672,111.5282948297561,112.1364974975586,0.6082026678024874,0.005553232841843059,1.0
AAPL,2020-08-12,10,Chronos-LoRA-V5,109.52227020263672,113.3753340546085,122.61774444580078,9.24241039119228,0.0843884113622928,1.0
AAPL,2020-08-12,20,Chronos-LoRA-V5,109.52227020263672,117.04930663446243,109.9874496459961,7.061856988466332,0.06447873090468792,1.0
AAPL,2020-12-03,1,Chronos-LoRA-V5,119.3513412475586,119.79874751041417,118.68151092529295,1.1172365851212192,0.009360905151487464,0.0
AAPL,2020-12-03,5,Chronos-LoRA-V5,119.3513412475586,121.42756169697928,119.64259338378906,1.7849683131902196,0.014955578165542605,1.0
AAPL,2020-12-03,10,Chronos-LoRA-V5,119.3513412475586,123.30308258113101,124.94320678710938,1.640124205978367,0.013741983867415541,1.0
AAPL,2020-12-03,20,Chronos-LoRA-V5,119.3513412475586,126.94698690587452,125.63253021240234,1.3144566934721809,0.011013338264425077,1.0
AAPL,2021-03-30,1,Chronos-LoRA-V5,116.57402801513672,116.89204342641668,118.76164245605467,1.869599029637996,0.01603786933908835,1.0
AAPL,2021-03-30,5,Chronos-LoRA-V5,116.57402801513672,118.08502268490653,124.35212707519533,6.267104390288793,0.05376072609822691,1.0
AAPL,2021-03-30,10,Chronos-LoRA-V5,116.57402801513672,119.48299187231989,128.3675537109375,8.884561838617614,0.07621390450250187,1.0
AAPL,2021-03-30,20,Chronos-LoRA-V5,116.57402801513672,122.23846420283004,129.8745880126953,7.636123809865268,0.06550450336050617,1.0
AAPL,2021-07-22,1,Chronos-LoRA-V5,142.9702606201172,143.38587845971318,144.6843719482422,1.2984934885290045,0.009082262862898371,1.0
AAPL,2021-07-22,5,Chronos-LoRA-V5,142.9702606201172,144.88451734136638,141.8405303955078,3.0439869458585633,0.02129104984949759,0.0
AAPL,2021-07-22,10,Chronos-LoRA-V5,142.9702606201172,146.70827237793108,143.2234649658203,3.4848074121107686,0.024374351679823603,1.0
AAPL,2021-07-22,20,Chronos-LoRA-V5,142.9702606201172,150.42675018823203,143.08692932128906,7.339820866942972,0.051338095315119014,1.0
AAPL,2021-11-11,1,Chronos-LoRA-V5,144.4385986328125,144.68676458633334,146.50941467285156,1.8226500865182231,0.012618857450643839,1.0
AAPL,2021-11-11,5,Chronos-LoRA-V5,144.4385986328125,145.62251925932287,154.20655822753906,8.584038968216191,0.059430367294259545,1.0
AAPL,2021-11-11,10,Chronos-LoRA-V5,144.4385986328125,146.71906462452677,153.17117309570312,6.452108471176359,0.04467025111188394,1.0
AAPL,2021-11-11,20,Chronos-LoRA-V5,144.4385986328125,148.86892037958663,175.28582763671875,26.416907257132124,0.18289368290181485,1.0
AAPL,2022-03-08,1,Chronos-LoRA-V5,153.9824981689453,154.21848149851152,159.3714599609375,5.152978462425978,0.03346470231163723,1.0
AAPL,2022-03-08,5,Chronos-LoRA-V5,153.9824981689453,155.01341018885017,151.68409729003906,3.3293128988111107,0.021621372158531105,0.0
AAPL,2022-03-08,10,Chronos-LoRA-V5,153.9824981689453,155.88020294693936,165.11257934570312,9.232376398763762,0.0599573101394566,1.0
AAPL,2022-03-08,20,Chronos-LoRA-V5,153.9824981689453,157.80764772581725,171.21554565429688,13.407897928479628,0.08707416808999202,1.0
AAPL,2022-06-30,1,Chronos-LoRA-V5,133.9139862060547,134.069234433726,136.07862854003906,2.009394106313067,0.015005110095230645,1.0
AAPL,2022-06-30,5,Chronos-LoRA-V5,133.9139862060547,134.5638485636054,144.02215576171875,9.458307198113346,0.0706297188671523,1.0
AAPL,2022-06-30,10,Chronos-LoRA-V5,133.9139862060547,135.15670406776235,147.08792114257812,11.931217074815777,0.0890961236599821,1.0
AAPL,2022-06-30,20,Chronos-LoRA-V5,133.9139862060547,136.32839182925179,159.1746368408203,22.846245011568527,0.17060387535932797,1.0
AAPL,2022-10-21,1,Chronos-LoRA-V5,144.44781494140625,144.53851976828693,146.5860137939453,2.0474940256583807,0.014174627885433333,1.0
AAPL,2022-10-21,5,Chronos-LoRA-V5,144.44781494140625,144.7334467841115,152.7555389404297,8.022092156318195,0.055536265187343004,1.0
AAPL,2022-10-21,10,Chronos-LoRA-V5,144.44781494140625,144.91519253689512,135.95333862304688,8.961853913848245,0.062042156314261576,0.0
AAPL,2022-10-21,20,Chronos-LoRA-V5,144.44781494140625,145.56622921673898,148.636962890625,3.070733673886025,0.021258429385945687,1.0
AAPL,2023-02-15,1,Chronos-LoRA-V5,152.839111328125,152.97654398947145,151.24510192871094,1.7314420607605143,0.011328527401885613,0.0
AAPL,2023-02-15,5,Chronos-LoRA-V5,152.839111328125,153.328022581849,147.0041961669922,6.323826414856825,0.04137570782703914,0.0
AAPL,2023-02-15,10,Chronos-LoRA-V5,152.839111328125,153.6080773326398,143.57015991210938,10.03791742053042,0.06567636603814286,0.0
AAPL,2023-02-15,20,Chronos-LoRA-V5,152.839111328125,154.20767901943486,153.3507537841797,0.8569252352551757,0.0056067143272997555,1.0
AAPL,2023-06-09,1,Chronos-LoRA-V5,178.30438232421875,178.55754064507192,181.0928497314453,2.5353090863733883,0.014218994807224217,1.0
AAPL,2023-06-09,5,Chronos-LoRA-V5,178.30438232421875,179.41464398192707,182.20628356933597,2.791639587408895,0.015656595485873837,1.0
AAPL,2023-06-09,10,Chronos-LoRA-V5,178.30438232421875,180.4178620273375,182.55111694335935,2.133254916021855,0.011964119379538563,1.0
AAPL,2023-06-09,20,Chronos-LoRA-V5,178.30438232421875,182.27282593194613,185.31988525390625,3.04705932196012,0.017089088233510186,1.0
AAPL,2023-10-03,1,Chronos-LoRA-V5,170.09939575195312,170.2512893272676,171.3425750732422,1.0912857459745737,0.0064155768522888845,1.0
AAPL,2023-10-03,5,Chronos-LoRA-V5,170.09939575195312,170.80533970141158,176.0094451904297,5.204105489018104,0.03059449721154195,1.0
AAPL,2023-10-03,10,Chronos-LoRA-V5,170.09939575195312,171.4194196852522,174.78599548339844,3.3665757981462434,0.01979181515174533,1.0
AAPL,2023-10-03,20,Chronos-LoRA-V5,170.09939575195312,172.78618589250127,168.4911651611328,4.295020731368453,0.025250064601238464,0.0
AAPL,2024-01-26,1,Chronos-LoRA-V5,190.1023406982422,190.20713509442368,189.420654296875,0.786480797548677,0.004137144206956878,0.0
AAPL,2024-01-26,5,Chronos-LoRA-V5,190.1023406982422,190.51057873254072,183.61148071289065,6.899098019650069,0.036291494330421226,0.0
AAPL,2024-01-26,10,Chronos-LoRA-V5,190.1023406982422,190.8326907420354,186.81344604492188,4.019244697113521,0.021142531345752502,0.0
AAPL,2024-01-26,20,Chronos-LoRA-V5,190.1023406982422,191.19762299432128,179.20635986328125,11.991263131040029,0.06307793521634897,0.0
AAPL,2024-05-20,1,Chronos-LoRA-V5,189.23611450195312,189.3930401719051,190.53375244140625,1.1407122695011367,0.00602798399503901,1.0
AAPL,2024-05-20,5,Chronos-LoRA-V5,189.23611450195312,189.7910173666655,188.19602966308597,1.594987703579534,0.008428558722933799,0.0
AAPL,2024-05-20,10,Chronos-LoRA-V5,189.23611450195312,190.186363359577,192.514892578125,2.328529218547999,0.012304888127070202,1.0
AAPL,2024-05-20,20,Chronos-LoRA-V5,189.23611450195312,190.85854542197217,212.2666015625,21.408056140527833,0.11312880840357176,1.0
AAPL,2024-09-12,1,Chronos-LoRA-V5,220.92193603515625,221.11159182412072,220.65419006347656,0.45740176064416005,0.002070422561258778,0.0
AAPL,2024-09-12,5,Chronos-LoRA-V5,220.92193603515625,221.674584268049,226.9713287353516,5.296744467302602,0.023975638464709625,1.0
AAPL,2024-09-12,10,Chronos-LoRA-V5,220.92193603515625,222.37138527818206,225.6325225830078,3.261137304825752,0.01476149160808915,1.0
AAPL,2024-09-12,20,Chronos-LoRA-V5,220.92193603515625,223.74610793548348,227.13992309570312,3.3938151602196456,0.015362056032677485,1.0
AAPL,2025-01-06,1,Chronos-LoRA-V5,243.23483276367188,243.61941254901586,240.4649353027344,3.154477246281459,0.012968854873456226,0.0
AAPL,2025-01-06,5,Chronos-LoRA-V5,243.23483276367188,245.02552701563812,231.5992889404297,13.426238075208431,0.05519866510342053,0.0
AAPL,2025-01-06,10,Chronos-LoRA-V5,243.23483276367188,246.6381202459726,222.2173614501953,24.42075879577729,0.1003999242966348,0.0
AAPL,2025-01-06,20,Chronos-LoRA-V5,243.23483276367188,249.82508621153676,230.79510498046875,19.029981231068007,0.07823707244084421,0.0
AAPL,2025-05-01,1,Chronos-LoRA-V5,212.0159454345703,212.3397894578506,204.0946807861328,8.245108671717787,0.03888909701964982,0.0
AAPL,2025-05-01,5,Chronos-LoRA-V5,212.0159454345703,213.48812180369472,196.28271484375,17.205406959944725,0.08115147624712238,0.0
AAPL,2025-05-01,10,Chronos-LoRA-V5,212.0159454345703,214.7144291090624,210.43296813964844,4.281460969413956,0.020194051728695372,0.0
AAPL,2025-05-01,20,Chronos-LoRA-V5,212.0159454345703,217.36696762717338,199.8839569091797,17.483010717993693,0.08246082945392941,0.0
AAPL,2025-08-25,1,Chronos-LoRA-V5,226.32395935058597,226.59284127766685,228.46604919433597,1.8732079166691165,0.008276666430032886,1.0
AAPL,2025-08-25,5,Chronos-LoRA-V5,226.32395935058597,227.45936406968568,228.8745574951172,1.4151934254315108,0.006252954523649601,1.0
AAPL,2025-08-25,10,Chronos-LoRA-V5,226.32395935058597,228.41279510299333,233.4875030517578,5.074707948764484,0.02242231871219391,1.0
AAPL,2025-08-25,20,Chronos-LoRA-V5,226.32395935058597,230.46021883535826,253.49359130859372,23.03337247323546,0.10177169283944765,1.0
AAPL,2025-12-16,1,Chronos-LoRA-V5,273.8645324707031,274.32353161855974,271.10205078125,3.221480837309741,0.011763045065553923,0.0
AAPL,2025-12-16,5,Chronos-LoRA-V5,273.8645324707031,275.9163118147932,271.62066650390625,4.2956453108869255,0.015685292550054797,0.0
AAPL,2025-12-16,10,Chronos-LoRA-V5,273.8645324707031,277.72115406810565,271.1220092773437,6.5991447907619545,0.02409638346092835,0.0
AAPL,2025-12-16,20,Chronos-LoRA-V5,273.8645324707031,281.09596827647687,257.5090637207031,23.586904555773742,0.08612617465643146,0.0
AAPL,2026-04-13,1,Chronos-LoRA-V5,258.73828125,259.027574124262,258.3689270019531,0.6586471223088779,0.0025456114152373477,0.0
AAPL,2026-04-13,5,Chronos-LoRA-V5,258.73828125,260.0547460328482,272.5635681152344,12.508822082386189,0.04834546330737921,1.0
AAPL,2026-04-13,10,Chronos-LoRA-V5,258.73828125,261.28301709913563,267.1332702636719,5.850253164536241,0.02261069810108074,1.0
AAPL,2026-04-13,20,Chronos-LoRA-V5,258.73828125,263.58033861092804,292.42779541015625,28.847456799228212,0.11149280523880045,1.0
AAPL,2026-08-06,1,Chronos-LoRA-V5,312.14080810546875,312.4898098500697,313.0599975585937,0.5701877085239744,0.0018267003022922612,1.0
AAPL,2026-08-06,5,Chronos-LoRA-V5,312.14080810546875,313.72898585471944,305.260009765625,8.46897608909444,0.02713190928317477,0.0
AAPL,2026-08-06,10,Chronos-LoRA-V5,312.14080810546875,315.210767063713,311.29998779296875,3.9107792707442286,0.012528894553969439,0.0
AAPL,2026-08-06,20,Chronos-LoRA-V5,312.14080810546875,317.9822463736342,328.2099914550781,10.227745081443913,0.03276644647497706,1.0
MSFT,2011-03-11,1,Chronos-LoRA-V5,19.58286476135254,19.584429902809802,19.590490341186523,0.006060438376721322,0.00030947659857627485,1.0
MSFT,2011-03-11,5,Chronos-LoRA-V5,19.58286476135254,19.586416850304033,18.911794662475582,0.6746221878284508,0.034449616848697295,0.0
MSFT,2011-03-11,10,Chronos-LoRA-V5,19.58286476135254,19.58379672468218,19.537097930908203,0.04669879377397734,0.00238467631488426,0.0
MSFT,2011-03-11,20,Chronos-LoRA-V5,19.58286476135254,19.586943797011717,19.88025665283203,0.2933128558203144,0.014978036124682736,1.0
MSFT,2011-07-05,1,Chronos-LoRA-V5,19.979860305786133,19.986158204352602,20.210140228271484,0.22398202391888233,0.011210389887161387,1.0
MSFT,2011-07-05,5,Chronos-LoRA-V5,19.979860305786133,19.994814182939237,20.37133407592773,0.37651989298849387,0.01884497124734419,1.0
MSFT,2011-07-05,10,Chronos-LoRA-V5,19.979860305786133,19.991404998245365,21.13890266418457,1.1474976659392055,0.05743271716503906,1.0
MSFT,2011-07-05,20,Chronos-LoRA-V5,19.979860305786133,19.985450198794062,20.570898056030277,0.5854478572362147,0.0293018994265275,1.0
MSFT,2011-10-25,1,Chronos-LoRA-V5,20.70846176147461,20.718307790594555,20.53853225708008,0.17977553351447284,0.008681259650531903,0.0
MSFT,2011-10-25,5,Chronos-LoRA-V5,20.70846176147461,20.719703854062523,20.07507705688477,0.6446267971777537,0.031128666368498648,0.0
MSFT,2011-10-25,10,Chronos-LoRA-V5,20.70846176147461,20.7081208735316,20.97880744934082,0.27068657580922206,0.013071302877396662,0.0
MSFT,2011-10-25,20,Chronos-LoRA-V5,20.70846176147461,20.688591428196105,19.292377471923828,1.3962139562722768,0.06742238860395466,1.0
MSFT,2012-02-17,1,Chronos-LoRA-V5,24.479848861694336,24.504830574769993,24.62869071960449,0.12386014483449515,0.005059677677516472,1.0
MSFT,2012-02-17,5,Chronos-LoRA-V5,24.479848861694336,24.576365755431976,24.55818748474121,0.01817827069076472,0.0007425810017647194,1.0
MSFT,2012-02-17,10,Chronos-LoRA-V5,24.479848861694336,24.64270847161899,24.910694122314453,0.26798565069546143,0.010947193841331249,1.0
MSFT,2012-02-17,20,Chronos-LoRA-V5,24.479848861694336,24.818954653104488,25.22403907775879,0.4050844246543015,0.016547668531081916,1.0
MSFT,2012-06-12,1,Chronos-LoRA-V5,23.095027923583984,23.102138485931846,22.968860626220703,0.1332778597111428,0.005770846441585986,0.0
MSFT,2012-06-12,5,Chronos-LoRA-V5,23.095027923583984,23.12395875810214,24.20680427551269,1.0828455174105507,0.046886521245760315,1.0
MSFT,2012-06-12,10,Chronos-LoRA-V5,23.095027923583984,23.134376303160327,23.670625686645508,0.5362493834851811,0.023219256770743213,1.0
MSFT,2012-06-12,20,Chronos-LoRA-V5,23.095027923583984,23.16669616914836,23.10291290283203,0.06378326631632802,0.002761774808299533,1.0
MSFT,2012-10-03,1,Chronos-LoRA-V5,23.70044708251953,23.703754629641963,23.83538246154785,0.13162783190588812,0.005553812189600826,1.0
MSFT,2012-10-03,5,Chronos-LoRA-V5,23.70044708251953,23.703642087957554,23.00197982788086,0.7016622600766951,0.029605444050640473,0.0
MSFT,2012-10-03,10,Chronos-LoRA-V5,23.70044708251953,23.699428718920945,23.486143112182617,0.21328560673832797,0.008999222925867856,1.0
MSFT,2012-10-03,20,Chronos-LoRA-V5,23.70044708251953,23.710151124676162,23.414709091186523,0.29544203348963904,0.012465673430588797,0.0
MSFT,2013-01-30,1,Chronos-LoRA-V5,22.286714553833008,22.284607400006326,21.96660614013672,0.31800125986960737,0.014268646870380208,1.0
MSFT,2013-01-30,5,Chronos-LoRA-V5,22.286714553833008,22.25372285018926,21.878591537475582,0.37513131271367683,0.016832059826833445,1.0
MSFT,2013-01-30,10,Chronos-LoRA-V5,22.286714553833008,22.2067914173484,22.430753707885746,0.22396229053734729,0.010049138916208178,0.0
MSFT,2013-01-30,20,Chronos-LoRA-V5,22.286714553833008,22.124866656811605,22.43088150024414,0.3060148434325356,0.01373081899054096,0.0
MSFT,2013-05-23,1,Chronos-LoRA-V5,27.74771499633789,27.762651606840468,27.84520721435547,0.08255560751500113,0.0029752218345149295,1.0
MSFT,2013-05-23,5,Chronos-LoRA-V5,27.74771499633789,27.80954501117476,28.35710334777832,0.5475583366035615,0.019733456851341646,1.0
MSFT,2013-05-23,10,Chronos-LoRA-V5,27.74771499633789,27.846607466566432,28.98274803161621,1.1361405650497787,0.04094537388753361,1.0
MSFT,2013-05-23,20,Chronos-LoRA-V5,27.74771499633789,27.902329100704403,27.032690048217773,0.8696390524866295,0.031340924923057845,0.0
MSFT,2013-09-16,1,Chronos-LoRA-V5,26.83859634399414,26.858857448354996,26.944974899291992,0.08611745093699597,0.0032087166494556563,1.0
MSFT,2013-09-16,5,Chronos-LoRA-V5,26.83859634399414,26.896285943490764,26.78950881958008,0.10677712391068184,0.003978491369000969,0.0
MSFT,2013-09-16,10,Chronos-LoRA-V5,26.83859634399414,26.937955624044097,27.231353759765625,0.29339813572152806,0.01093194785453755,1.0
MSFT,2013-09-16,20,Chronos-LoRA-V5,26.83859634399414,27.018366172164658,28.18869972229004,1.170333550125381,0.0436063620885776,1.0
MSFT,2014-01-08,1,Chronos-LoRA-V5,29.48253631591797,29.50786785723293,29.29290199279785,0.21496586443507937,0.007291294823879024,0.0
MSFT,2014-01-08,5,Chronos-LoRA-V5,29.48253631591797,29.566921129475894,30.306995391845703,0.7400742623698093,0.025102123319364233,1.0
MSFT,2014-01-08,10,Chronos-LoRA-V5,29.48253631591797,29.63733885793997,29.729867935180664,0.09252907724069459,0.0031384368104971916,1.0
MSFT,2014-01-08,20,Chronos-LoRA-V5,29.48253631591797,29.741841765024695,29.82880401611328,0.08696225108858613,0.002949619061153541,1.0
MSFT,2014-05-02,1,Chronos-LoRA-V5,32.96800994873047,32.99411235234074,32.752044677734375,0.2420676746063677,0.0073425018671984255,0.0
MSFT,2014-05-02,5,Chronos-LoRA-V5,32.96800994873047,33.07093974413372,32.84342193603516,0.22751780809855404,0.006901168995410267,0.0
MSFT,2014-05-02,10,Chronos-LoRA-V5,32.96800994873047,33.15696496063856,33.317710876464844,0.16074591582628273,0.004875814951410984,1.0
MSFT,2014-05-02,20,Chronos-LoRA-V5,32.96800994873047,33.31086172116792,34.120750427246094,0.8098887060781763,0.02456589607130244,1.0
MSFT,2014-08-25,1,Chronos-LoRA-V5,38.020599365234375,38.065489138853216,37.88591003417969,0.1795791046735289,0.004723205516789841,0.0
MSFT,2014-08-25,5,Chronos-LoRA-V5,38.020599365234375,38.22222094970668,37.953250885009766,0.26897006469691576,0.007074324686813238,0.0
MSFT,2014-08-25,10,Chronos-LoRA-V5,38.020599365234375,38.40252101566349,39.35892868041992,0.9564076647564335,0.025154986526355616,1.0
MSFT,2014-08-25,20,Chronos-LoRA-V5,38.020599365234375,38.77049865878787,39.19059753417969,0.42009887539181534,0.011049243894243999,1.0
MSFT,2014-12-16,1,Chronos-LoRA-V5,38.251930236816406,38.31628243035161,38.743194580078125,0.4269121497265118,0.01116053875146994,1.0
MSFT,2014-12-16,5,Chronos-LoRA-V5,38.251930236816406,38.5530165491211,41.03867721557617,2.4856606664550753,0.06498131338906132,1.0
MSFT,2014-12-16,10,Chronos-LoRA-V5,38.251930236816406,38.84524938760218,39.3446044921875,0.4993551045853195,0.013054376641749244,1.0
MSFT,2014-12-16,20,Chronos-LoRA-V5,38.251930236816406,39.35543078089082,38.522979736328125,0.8324510445626956,0.02176232779389231,1.0
MSFT,2015-04-13,1,Chronos-LoRA-V5,35.62374496459961,35.66051352076261,35.52991485595703,0.13059866480558213,0.003666056584880839,0.0
MSFT,2015-04-13,5,Chronos-LoRA-V5,35.62374496459961,35.784702093098325,36.604766845703125,0.8200647526048002,0.02302017245575172,1.0
MSFT,2015-04-13,10,Chronos-LoRA-V5,35.62374496459961,35.92802803935524,40.97243118286133,5.044403143506088,0.14160226973662837,1.0
MSFT,2015-04-13,20,Chronos-LoRA-V5,35.62374496459961,36.22130290389405,40.40942001342773,4.188117109533678,0.11756532373829698,1.0
MSFT,2015-08-04,1,Chronos-LoRA-V5,40.81798553466797,40.857711635667314,40.852333068847656,0.005378566819658204,0.00013176953123017476,1.0
MSFT,2015-08-04,5,Chronos-LoRA-V5,40.81798553466797,40.988400186815646,39.84778594970703,1.1406142371086148,0.02794391301206811,0.0
MSFT,2015-08-04,10,Chronos-LoRA-V5,40.81798553466797,41.13516010669449,40.85380935668945,0.2813507500050392,0.006892813212599158,1.0
MSFT,2015-08-04,20,Chronos-LoRA-V5,40.81798553466797,41.44015664186783,36.14356994628906,5.2965866955787675,0.1297610998240033,0.0
MSFT,2015-11-24,1,Chronos-LoRA-V5,47.202415466308594,47.242687310768794,46.71516418457031,0.5275231261984814,0.011175765498166235,0.0
MSFT,2015-11-24,5,Chronos-LoRA-V5,47.202415466308594,47.3830408937387,48.03770065307617,0.6546597593374699,0.013869200397270909,1.0
MSFT,2015-11-24,10,Chronos-LoRA-V5,47.202415466308594,47.53693252328583,47.83757019042969,0.3006376671438602,0.006369116160134691,1.0
MSFT,2015-11-24,20,Chronos-LoRA-V5,47.202415466308594,47.902565568937206,48.56844711303711,0.6658815440999035,0.014106937908192174,1.0
MSFT,2016-03-21,1,Chronos-LoRA-V5,47.19955062866211,47.231218097728316,47.383567810058594,0.1523497123302775,0.0032277788729149215,1.0
MSFT,2016-03-21,5,Chronos-LoRA-V5,47.19955062866211,47.31624641829324,47.94443893432617,0.6281925160329322,0.013309290187425216,1.0
MSFT,2016-03-21,10,Chronos-LoRA-V5,47.19955062866211,47.40601157242109,47.81298065185547,0.40696907943437566,0.00862230834857236,1.0
MSFT,2016-03-21,20,Chronos-LoRA-V5,47.19955062866211,47.60615390419739,49.41668319702149,1.8105292928241,0.03835903665838414,1.0
MSFT,2016-07-13,1,Chronos-LoRA-V5,47.22081756591797,47.267960165157476,47.42377853393555,0.1558183687780712,0.003299781257716461,1.0
MSFT,2016-07-13,5,Chronos-LoRA-V5,47.22081756591797,47.39961814379559,49.33873748779297,1.9391193439973762,0.04106492525866301,1.0
MSFT,2016-07-13,10,Chronos-LoRA-V5,47.22081756591797,47.55989424825027,49.58582305908203,2.025928810831765,0.04290329806347937,1.0
MSFT,2016-07-13,20,Chronos-LoRA-V5,47.22081756591797,47.89546304842348,51.20074462890625,3.30528158048277,0.06999628026068705,1.0
MSFT,2016-11-02,1,Chronos-LoRA-V5,52.77189254760742,52.824155043631066,52.57654571533203,0.24760932829903481,0.0046920683785530715,0.0
MSFT,2016-11-02,5,Chronos-LoRA-V5,52.77189254760742,53.00351402450348,53.428993225097656,0.4254792005941752,0.00806261022779009,1.0
MSFT,2016-11-02,10,Chronos-LoRA-V5,52.77189254760742,53.20745609228941,53.3250846862793,0.11762859398988468,0.0022290008622254387,1.0
MSFT,2016-11-02,20,Chronos-LoRA-V5,52.77189254760742,53.62568512435119,52.922794342041016,0.7028907823101775,0.013319415855250538,1.0
MSFT,2017-02-28,1,Chronos-LoRA-V5,57.54269409179688,57.58264400244546,58.40611267089844,0.8234686684529748,0.014310568551748837,1.0
MSFT,2017-02-28,5,Chronos-LoRA-V5,57.54269409179688,57.695900931030366,57.920440673828125,0.22453974279775935,0.0039021416418139054,1.0
MSFT,2017-02-28,10,Chronos-LoRA-V5,57.54269409179688,57.818320582081405,57.92943572998047,0.11111514789906352,0.001931003573134804,1.0
MSFT,2017-02-28,20,Chronos-LoRA-V5,57.54269409179688,58.12712264642883,58.72088623046875,0.5937635840399196,0.010318661533168738,1.0
MSFT,2017-06-21,1,Chronos-LoRA-V5,63.56207656860352,63.62339738605098,63.55303192138672,0.0703654646642633,0.0011070353340063566,0.0
MSFT,2017-06-21,5,Chronos-LoRA-V5,63.56207656860352,63.829580872348274,63.13693237304688,0.6926484993013915,0.01089719745946005,0.0
MSFT,2017-06-21,10,Chronos-LoRA-V5,63.56207656860352,64.07480548598225,62.024375915527344,2.0504295704549094,0.0322586938808056,0.0
MSFT,2017-06-21,20,Chronos-LoRA-V5,63.56207656860352,64.55573918809203,67.13504028320312,2.5793010951110915,0.04057924527256773,1.0
MSFT,2017-10-12,1,Chronos-LoRA-V5,70.12984466552734,70.22045503888818,70.4663314819336,0.2458764430454181,0.0035060172201732964,1.0
MSFT,2017-10-12,5,Chronos-LoRA-V5,70.12984466552734,70.53497478716905,70.84825134277344,0.3132765556043893,0.004467093248224252,1.0
MSFT,2017-10-12,10,Chronos-LoRA-V5,70.12984466552734,70.8977726614484,71.62122344970703,0.7234507882586314,0.010315876096817389,1.0
MSFT,2017-10-12,20,Chronos-LoRA-V5,70.12984466552734,71.6623418207303,76.46809387207031,4.805752051340008,0.06852648931792515,1.0
MSFT,2018-02-06,1,Chronos-LoRA-V5,83.4689712524414,83.54066317298759,81.89700317382812,1.6436599991594676,0.019691868421241487,0.0
MSFT,2018-02-06,5,Chronos-LoRA-V5,83.4689712524414,84.01559182358315,82.09807586669922,1.917515956883932,0.022972799689655155,0.0
MSFT,2018-02-06,10,Chronos-LoRA-V5,83.4689712524414,84.5703191557584,84.00796508789062,0.5623540678677728,0.006737282842111503,1.0
MSFT,2018-02-06,20,Chronos-LoRA-V5,83.4689712524414,85.45224556955546,86.18415832519531,0.7319127556398541,0.008768680680468321,1.0
MSFT,2018-05-31,1,Chronos-LoRA-V5,91.15025329589844,91.28503134812141,92.94854736328124,1.6635160151598285,0.018250262122252225,1.0
MSFT,2018-05-31,5,Chronos-LoRA-V5,91.15025329589844,91.73172193602576,93.03154754638672,1.299825610360955,0.014260252312644495,1.0
MSFT,2018-05-31,10,Chronos-LoRA-V5,91.15025329589844,92.29534991983108,93.52954864501952,1.2341987251884348,0.013540266544097124,1.0
MSFT,2018-05-31,20,Chronos-LoRA-V5,91.15025329589844,93.36213227137117,90.9565887451172,2.4055435262539646,0.026390969188477498,0.0
MSFT,2018-09-21,1,Chronos-LoRA-V5,105.77606964111328,105.95786111196124,106.1556625366211,0.19780142465985762,0.0018700016490589277,1.0
MSFT,2018-09-21,5,Chronos-LoRA-V5,105.77606964111328,106.55091326487688,105.87792205810548,0.6729912067713997,0.006362414571223773,1.0
MSFT,2018-09-21,10,Chronos-LoRA-V5,105.77606964111328,107.26880570882359,103.80425262451172,3.4645530843118735,0.032753656815447174,0.0
MSFT,2018-09-21,20,Chronos-LoRA-V5,105.77606964111328,108.69961148755479,100.59188842773438,8.107723059820415,0.07664988014140661,0.0
MSFT,2019-01-17,1,Chronos-LoRA-V5,98.66487884521484,98.8107677876843,100.14319610595705,1.332428318272747,0.013504585764130494,1.0
MSFT,2019-01-17,5,Chronos-LoRA-V5,98.66487884521484,99.3368884542985,99.64112091064452,0.30423245634601415,0.0030834929298730884,1.0
MSFT,2019-01-17,10,Chronos-LoRA-V5,98.66487884521484,99.95546166481924,95.55953979492188,4.395921869897364,0.04455406950626961,0.0
MSFT,2019-01-17,20,Chronos-LoRA-V5,98.66487884521484,101.27883138506414,100.61737060546876,0.6614607795953731,0.006704115865110216,1.0
MSFT,2019-05-13,1,Chronos-LoRA-V5,115.17424774169922,115.59069898451153,116.4627914428711,0.8720924583595604,0.0075719396953684015,1.0
MSFT,2019-05-13,5,Chronos-LoRA-V5,115.17424774169922,116.58734751529786,118.2902603149414,1.702912799643542,0.014785534379722298,1.0
MSFT,2019-05-13,10,Chronos-LoRA-V5,115.17424774169922,117.77747839409443,118.23404693603516,0.45656854194072594,0.003964154755884852,1.0
MSFT,2019-05-13,20,Chronos-LoRA-V5,115.17424774169922,119.73117906557404,123.8008804321289,4.069701366554867,0.03533516776842305,1.0
MSFT,2019-09-04,1,Chronos-LoRA-V5,129.41297912597656,129.68115840475826,131.68846130371094,2.0073028989526733,0.015510831390402213,1.0
MSFT,2019-09-04,5,Chronos-LoRA-V5,129.41297912597656,130.6862487743151,127.99308013916016,2.693168635154933,0.020810653253977573,0.0
MSFT,2019-09-04,10,Chronos-LoRA-V5,129.41297912597656,131.9481552822351,130.24981689453125,1.698338387703842,0.013123400752953929,1.0
MSFT,2019-09-04,20,Chronos-LoRA-V5,129.41297912597656,134.4753300482538,126.61085510253906,7.864474945714733,0.06077037248372963,0.0
MSFT,2019-12-26,1,Chronos-LoRA-V5,149.7044677734375,150.04055320735873,149.97801208496094,0.0625411223977892,0.00041776390062353563,1.0
MSFT,2019-12-26,5,Chronos-LoRA-V5,149.7044677734375,151.24443481863392,149.65728759765625,1.5871472209776698,0.010601869433714328,0.0
MSFT,2019-12-26,10,Chronos-LoRA-V5,149.7044677734375,152.7539227636263,152.22360229492188,0.5303204687044172,0.0035424491773150546,1.0
MSFT,2019-12-26,20,Chronos-LoRA-V5,149.7044677734375,155.6840701538861,153.11048889160156,2.5735812622845344,0.01719107853333668,1.0
MSFT,2020-04-21,1,Chronos-LoRA-V5,158.7699432373047,159.35352582808028,164.16253662109375,4.809010793013471,0.030289176244307825,1.0
MSFT,2020-04-21,5,Chronos-LoRA-V5,158.7699432373047,160.9140737934658,160.65261840820312,0.2614553852626784,0.001646756180241793,1.0
MSFT,2020-04-21,10,Chronos-LoRA-V5,158.7699432373047,162.70404775259672,171.01206970214844,8.308021949551716,0.05232742281159708,1.0
MSFT,2020-04-21,20,Chronos-LoRA-V5,158.7699432373047,165.83526203493815,173.72735595703125,7.892093922093096,0.04970773284397545,1.0
MSFT,2020-08-12,1,Chronos-LoRA-V5,198.4601287841797,198.91415376503653,197.9952545166016,0.9188992484349399,0.004630145380154604,0.0
MSFT,2020-08-12,5,Chronos-LoRA-V5,198.4601287841797,200.71512337689288,199.42491149902344,1.2902118778694387,0.0065011137792443385,1.0
MSFT,2020-08-12,10,Chronos-LoRA-V5,198.4601287841797,202.7089156881596,210.3138427734375,7.604927085277893,0.03831967222770505,1.0
MSFT,2020-08-12,20,Chronos-LoRA-V5,198.4601287841797,206.76909536193313,195.3070831298828,11.462012232050313,0.057754735433609206,0.0
MSFT,2020-12-03,1,Chronos-LoRA-V5,204.2758331298828,204.7735307016291,204.39024353027344,0.3832871713556756,0.001876321665088998,1.0
MSFT,2020-12-03,5,Chronos-LoRA-V5,204.2758331298828,206.56597098118547,200.7289123535156,5.837058627669876,0.02857439638470871,0.0
MSFT,2020-12-03,10,Chronos-LoRA-V5,204.2758331298828,208.6272927633403,209.21490478515625,0.5876120218159429,0.0028765616216692713,1.0
MSFT,2020-12-03,20,Chronos-LoRA-V5,204.2758331298828,212.7549796663385,207.5653533935547,5.189626272783812,0.025404993793290087,1.0
MSFT,2021-03-30,1,Chronos-LoRA-V5,221.57595825195312,222.0475278532312,225.3222198486328,3.2746919954016107,0.014779094362205036,1.0
MSFT,2021-03-30,5,Chronos-LoRA-V5,221.57595825195312,223.7152323709152,238.8261260986328,15.11089372771761,0.06819735248774195,1.0
MSFT,2021-03-30,10,Chronos-LoRA-V5,221.57595825195312,225.7206082894024,244.2639617919922,18.54335350258978,0.08368847256210077,1.0
MSFT,2021-03-30,20,Chronos-LoRA-V5,221.57595825195312,229.43056948638392,243.2795867919922,13.849017305608271,0.06250234644076591,1.0
MSFT,2021-07-22,1,Chronos-LoRA-V5,274.0917053222656,274.714003206352,277.4729919433594,2.758988737007371,0.01006593298313585,1.0
MSFT,2021-07-22,5,Chronos-LoRA-V5,274.0917053222656,276.9596667345008,274.4364624023437,2.5232043321570927,0.009205693872386345,1.0
MSFT,2021-07-22,10,Chronos-LoRA-V5,274.0917053222656,279.74944249355,277.3293151855469,2.4201273080031456,0.008829626220018927,1.0
MSFT,2021-07-22,20,Chronos-LoRA-V5,274.0917053222656,285.39940362125367,284.8182067871094,0.5811968341442935,0.002120446634680029,1.0
MSFT,2021-11-11,1,Chronos-LoRA-V5,319.04217529296875,319.750074124574,323.1593933105469,3.4093191859728904,0.01068610813865667,1.0
MSFT,2021-11-11,5,Chronos-LoRA-V5,319.04217529296875,322.2547084859029,328.1253356933594,5.870627207456494,0.018400787300505428,1.0
MSFT,2021-11-11,10,Chronos-LoRA-V5,319.04217529296875,325.3204105813634,316.98175048828125,8.338660093082126,0.026136544754388424,0.0
MSFT,2021-11-11,20,Chronos-LoRA-V5,319.04217529296875,331.8771638962095,329.3464660644531,2.530697831756356,0.007932173322954705,1.0
MSFT,2022-03-08,1,Chronos-LoRA-V5,265.7735900878906,266.17250998952437,277.96148681640625,11.788976826881878,0.04435721706954876,1.0
MSFT,2022-03-08,5,Chronos-LoRA-V5,265.7735900878906,267.58111407481454,276.66070556640625,9.079591491591714,0.03416288085128816,1.0
MSFT,2022-03-08,10,Chronos-LoRA-V5,265.7735900878906,269.270324162931,292.9530029296875,23.68267876675651,0.08910847296349012,1.0
MSFT,2022-03-08,20,Chronos-LoRA-V5,265.7735900878906,272.7289716555083,299.5238342285156,26.79486257300732,0.10081837914800462,1.0
MSFT,2022-06-30,1,Chronos-LoRA-V5,248.02464294433597,248.30014276869838,250.6803436279297,2.3802008592313086,0.009596630524191463,1.0
MSFT,2022-06-30,5,Chronos-LoRA-V5,248.02464294433597,249.2250950632002,258.4833374023437,9.258242339143493,0.037327913183293315,1.0
MSFT,2022-06-30,10,Chronos-LoRA-V5,248.02464294433597,250.33937233515968,247.9183807373047,2.420991597854993,0.009761092966872442,0.0
MSFT,2022-06-30,20,Chronos-LoRA-V5,248.02464294433597,252.53548386142197,271.1148376464844,18.57935378506241,0.07490930564198872,1.0
MSFT,2022-10-21,1,Chronos-LoRA-V5,234.3152618408203,234.46854104878855,239.27989196777344,4.8113509189848855,0.02053366426576786,1.0
MSFT,2022-10-21,5,Chronos-LoRA-V5,234.3152618408203,234.78201163522888,228.2667388916016,6.515272743627293,0.027805584204981804,0.0
MSFT,2022-10-21,10,Chronos-LoRA-V5,234.3152618408203,235.13253136751356,214.2535095214844,20.87902184602916,0.08910653826814363,0.0
MSFT,2022-10-21,20,Chronos-LoRA-V5,234.3152618408203,235.98691379507892,234.1021728515625,1.8847409435164195,0.008043611537334683,0.0
MSFT,2023-02-15,1,Chronos-LoRA-V5,262.0276794433594,262.13415221119993,255.05181884765625,7.0823333635436825,0.027028951210761765,0.0
MSFT,2023-02-15,5,Chronos-LoRA-V5,262.0276794433594,262.2448321724792,247.8716278076172,14.373204364862033,0.05485376352374638,0.0
MSFT,2023-02-15,10,Chronos-LoRA-V5,262.0276794433594,262.31361938448936,244.3107147216797,18.00290466280967,0.06870611799888582,0.0
MSFT,2023-02-15,20,Chronos-LoRA-V5,262.0276794433594,262.6335407213267,268.7213439941406,6.087803272813915,0.02323343581772197,1.0
MSFT,2023-06-09,1,Chronos-LoRA-V5,318.6365966796875,319.0304766697834,323.5702514648437,4.539774795060282,0.014247499635529737,1.0
MSFT,2023-06-09,5,Chronos-LoRA-V5,318.6365966796875,320.3221261629168,333.7888488769531,13.466722714036337,0.042263578177662575,1.0
MSFT,2023-06-09,10,Chronos-LoRA-V5,318.6365966796875,321.75489218746304,320.40142822265625,1.3534639648067923,0.004247672674483782,1.0
MSFT,2023-06-09,20,Chronos-LoRA-V5,318.6365966796875,324.2297719245264,324.1748962402344,0.05487568429202838,0.00017222028123531352,1.0
MSFT,2023-10-03,1,Chronos-LoRA-V5,306.2178955078125,306.5398021964355,311.6604309082031,5.120628711767608,0.016722173285385278,1.0
MSFT,2023-10-03,5,Chronos-LoRA-V5,306.2178955078125,307.5934060725647,320.8746337890625,13.281227716497824,0.043371820887453394,1.0
MSFT,2023-10-03,10,Chronos-LoRA-V5,306.2178955078125,308.67876065424855,324.46063232421875,15.7818716699702,0.05153804497218717,1.0
MSFT,2023-10-03,20,Chronos-LoRA-V5,306.2178955078125,310.5373949033207,330.37213134765625,19.834736444335533,0.06477327659587906,1.0
MSFT,2024-01-26,1,Chronos-LoRA-V5,395.4869079589844,396.22678373943,401.1558837890625,4.9291000496324955,0.012463370974959531,1.0
MSFT,2024-01-26,5,Chronos-LoRA-V5,395.4869079589844,398.99440453259416,402.6245422363281,3.630137703733965,0.009178907394098657,1.0
MSFT,2024-01-26,10,Chronos-LoRA-V5,395.4869079589844,402.3350998201525,411.7594909667969,9.424391146644382,0.023829843559882935,1.0
MSFT,2024-01-26,20,Chronos-LoRA-V5,395.4869079589844,408.7054249124924,399.7593078613281,8.946117051164265,0.02262051377966734,1.0
MSFT,2024-05-20,1,Chronos-LoRA-V5,417.9720764160156,418.65013914411315,421.6080017089844,2.9578625648712205,0.007076698975285511,1.0
MSFT,2024-05-20,5,Chronos-LoRA-V5,417.9720764160156,420.9268308403755,422.8657836914063,1.9389528510308196,0.004638953079489694,1.0
MSFT,2024-05-20,10,Chronos-LoRA-V5,417.9720764160156,423.6082005645465,408.8626098632813,14.7455907012652,0.03527888950789293,0.0
MSFT,2024-05-20,20,Chronos-LoRA-V5,417.9720764160156,428.75305609781566,438.6082763671875,9.855220269371841,0.023578657105224332,1.0
MSFT,2024-09-12,1,Chronos-LoRA-V5,420.3595886230469,420.9268568324874,423.8937683105469,2.966911478059501,0.0070580321190676365,1.0
MSFT,2024-09-12,5,Chronos-LoRA-V5,420.3595886230469,422.89396832551205,431.8677978515625,8.973829526050451,0.021347983414499172,1.0
MSFT,2024-09-12,10,Chronos-LoRA-V5,420.3595886230469,425.0345674978913,424.6025695800781,0.43199791781319163,0.001027686603339406,1.0
MSFT,2024-09-12,20,Chronos-LoRA-V5,420.3595886230469,429.64310005020053,409.3731384277344,20.269961622466155,0.04822052873556082,0.0
MSFT,2025-01-06,1,Chronos-LoRA-V5,422.0393981933594,422.68271087422886,416.6338806152344,6.048830258994485,0.014332382912325081,0.0
MSFT,2025-01-06,5,Chronos-LoRA-V5,422.0393981933594,425.1184536391179,410.02490234375,15.093551295367888,0.03576337033930821,0.0
MSFT,2025-01-06,10,Chronos-LoRA-V5,422.0393981933594,428.03621506063604,440.1402587890625,12.104043728426461,0.02867989050368447,1.0
MSFT,2025-01-06,20,Chronos-LoRA-V5,422.0393981933594,434.1409996046743,407.67718505859375,26.463814546080528,0.06270460686695423,0.0
MSFT,2025-05-01,1,Chronos-LoRA-V5,420.464111328125,421.06217264089236,430.2294616699219,9.167289029029519,0.021802785973986438,1.0
MSFT,2025-05-01,5,Chronos-LoRA-V5,420.464111328125,422.4961871010363,433.08599853515625,10.589811434119952,0.025186005532481293,1.0
MSFT,2025-05-01,10,Chronos-LoRA-V5,420.464111328125,423.9683770375926,448.6946105957031,24.72623355811055,0.058807001339561404,1.0
MSFT,2025-05-01,20,Chronos-LoRA-V5,420.464111328125,427.6164773897081,455.8538208007813,28.237343411073198,0.06715755911219046,1.0
MSFT,2025-08-25,1,Chronos-LoRA-V5,500.14495849609375,500.8917147358513,497.9430541992188,2.948660536632474,0.005895611835214587,0.0
MSFT,2025-08-25,5,Chronos-LoRA-V5,500.14495849609375,503.3487396546464,500.9979248046875,2.3508148499589083,0.0047002670126430335,1.0
MSFT,2025-08-25,10,Chronos-LoRA-V5,500.14495849609375,506.1674116752064,494.3426818847656,11.824729790440756,0.023642605187897958,0.0
MSFT,2025-08-25,20,Chronos-LoRA-V5,500.14495849609375,512.3535640155242,505.0744323730469,7.279131642477296,0.014554043820346196,1.0
MSFT,2025-12-16,1,Chronos-LoRA-V5,473.38677978515625,473.93066472780356,473.1184387207031,0.8122260071004348,0.0017157767005430147,0.0
MSFT,2025-12-16,5,Chronos-LoRA-V5,473.38677978515625,475.8794769910763,483.7807922363281,7.901315245251851,0.016691034863368648,1.0
MSFT,2025-12-16,10,Chronos-LoRA-V5,473.38677978515625,478.1564374606846,480.5711669921875,2.4147295315029282,0.005100965288043824,1.0
MSFT,2025-12-16,20,Chronos-LoRA-V5,473.38677978515625,482.81026420164795,453.7811279296875,29.029136271960454,0.0613222369351657,0.0
MSFT,2026-04-13,1,Chronos-LoRA-V5,382.8186340332031,383.34800061382197,391.5233459472656,8.175345333443659,0.021355661941823145,1.0
MSFT,2026-04-13,5,Chronos-LoRA-V5,382.8186340332031,385.2635902266139,416.3826293945313,31.11903916791738,0.08128924874962684,1.0
MSFT,2026-04-13,10,Chronos-LoRA-V5,382.8186340332031,387.5378715178091,423.1053771972656,35.56750567945653,0.0929095464991696,1.0
MSFT,2026-04-13,20,Chronos-LoRA-V5,382.8186340332031,392.21191096550547,410.9944458007813,18.78253483527584,0.049063794615720635,1.0
MSFT,2026-08-06,1,Chronos-LoRA-V5,498.9207458496094,499.6106599388157,499.0505065917969,0.5601533470187974,0.001122730116313253,1.0
MSFT,2026-08-06,5,Chronos-LoRA-V5,498.9207458496094,502.10721395523547,495.9463806152344,6.160833340001091,0.012348320632588283,0.0
MSFT,2026-08-06,10,Chronos-LoRA-V5,498.9207458496094,505.07124448353125,481.1499938964844,23.92125058704687,0.04794599299796909,0.0
MSFT,2026-08-06,20,Chronos-LoRA-V5,498.9207458496094,511.16283731642585,510.1199951171875,1.0428421992383505,0.0020901961041177586,1.0
NVDA,2011-03-11,1,Chronos-LoRA-V5,0.413217544555664,0.413192385881929,0.4166515171527862,0.003459131270857174,0.008371211039881699,0.0
NVDA,2011-03-11,5,Chronos-LoRA-V5,0.413217544555664,0.41326898688458136,0.4033735692501068,0.009895417634474546,0.023947234973082265,0.0
NVDA,2011-03-11,10,Chronos-LoRA-V5,0.413217544555664,0.41328953878974906,0.4264954626560211,0.013205923866272062,0.03195876854762414,1.0
NVDA,2011-03-11,20,Chronos-LoRA-V5,0.413217544555664,0.41433892142312195,0.4017709791660309,0.01256794225709107,0.03041483214514884,0.0
NVDA,2011-07-05,1,Chronos-LoRA-V5,0.3635399639606476,0.36386337898902144,0.3587324023246765,0.005130976664344922,0.014113927416520178,0.0
NVDA,2011-07-05,5,Chronos-LoRA-V5,0.3635399639606476,0.36474588256142115,0.3362972736358642,0.02844860892555695,0.07825441972216418,0.0
NVDA,2011-07-05,10,Chronos-LoRA-V5,0.3635399639606476,0.36523031165953573,0.3255376517772674,0.03969265988226833,0.10918375919343215,0.0
NVDA,2011-07-05,20,Chronos-LoRA-V5,0.3635399639606476,0.366018470823499,0.3301161825656891,0.03590228825780989,0.09875747322705963,0.0
NVDA,2011-10-25,1,Chronos-LoRA-V5,0.3308029770851135,0.33110128494677055,0.3346947729587555,0.0035934880119849466,0.010862925248282806,1.0
NVDA,2011-10-25,5,Chronos-LoRA-V5,0.3308029770851135,0.33108337429566387,0.3218745589256286,0.009208815370035262,0.027837764494078043,0.0
NVDA,2011-10-25,10,Chronos-LoRA-V5,0.3308029770851135,0.33048587610452795,0.3452255129814148,0.014739636876886841,0.044557146996577424,0.0
NVDA,2011-10-25,20,Chronos-LoRA-V5,0.3308029770851135,0.3290725697952752,0.3452255129814148,0.01615294318613958,0.048829497631708185,0.0
NVDA,2012-02-17,1,Chronos-LoRA-V5,0.3628531098365783,0.3630705656200848,0.3646845519542694,0.001613986334184636,0.00444804327269388,1.0
NVDA,2012-02-17,5,Chronos-LoRA-V5,0.3628531098365783,0.36316302110090365,0.3541538119316101,0.009009209169293542,0.024828805169538448,0.0
NVDA,2012-02-17,10,Chronos-LoRA-V5,0.3628531098365783,0.3634788628284876,0.3401890397071838,0.023289823121303843,0.06418526530416979,0.0
NVDA,2012-02-17,20,Chronos-LoRA-V5,0.3628531098365783,0.36327171125000013,0.3351526856422424,0.028119025607757753,0.07749423897847252,0.0
NVDA,2012-06-12,1,Chronos-LoRA-V5,0.2863906621932983,0.28647303591813134,0.278836041688919,0.007636994229212324,0.026666352075605526,0.0
NVDA,2012-06-12,5,Chronos-LoRA-V5,0.2863906621932983,0.2858666720875488,0.3031026124954223,0.017235940407873518,0.06018331839408997,0.0
NVDA,2012-06-12,10,Chronos-LoRA-V5,0.2863906621932983,0.28484832675737015,0.2914271056652069,0.0065787789078367576,0.022971345704688062,0.0
NVDA,2012-06-12,20,Chronos-LoRA-V5,0.2863906621932983,0.2828977321951513,0.2886799275875091,0.005782195392357803,0.020189887994515487,0.0
NVDA,2012-10-03,1,Chronos-LoRA-V5,0.2985239326953888,0.29842680259939514,0.3118018507957458,0.013375048196350658,0.044803939421494965,0.0
NVDA,2012-10-03,5,Chronos-LoRA-V5,0.2985239326953888,0.2975841129039608,0.2900535762310028,0.007530536672957999,0.02522590602691166,1.0
NVDA,2012-10-03,10,Chronos-LoRA-V5,0.2985239326953888,0.29651440545848223,0.2989817559719085,0.0024673505134262808,0.008265168193211325,0.0
NVDA,2012-10-03,20,Chronos-LoRA-V5,0.2985239326953888,0.2945581607173652,0.2859327793121338,0.008625381405231392,0.028893433525923218,1.0
NVDA,2013-01-30,1,Chronos-LoRA-V5,0.2838605642318725,0.2835346346264067,0.2824781835079193,0.0010564511184874004,0.0037217255639090396,1.0
NVDA,2013-01-30,5,Chronos-LoRA-V5,0.2838605642318725,0.28187188620652903,0.2843214273452759,0.002449541138746847,0.008629381630996469,0.0
NVDA,2013-01-30,10,Chronos-LoRA-V5,0.2838605642318725,0.2796687878813218,0.2850126326084137,0.005343844727091873,0.01882559749556023,0.0
NVDA,2013-01-30,20,Chronos-LoRA-V5,0.2838605642318725,0.2752990772705719,0.2934839725494385,0.018184895278866575,0.06406277436978591,0.0
NVDA,2013-05-23,1,Chronos-LoRA-V5,0.3408751785755157,0.3408117532740027,0.3387783169746399,0.002033436299362812,0.005965339887346266,1.0
NVDA,2013-05-23,5,Chronos-LoRA-V5,0.3408751785755157,0.3401572280899326,0.3371471464633941,0.0030100816265384855,0.008830451190718347,1.0
NVDA,2013-05-23,10,Chronos-LoRA-V5,0.3408751785755157,0.33902913229734527,0.3366813361644745,0.002347796132870783,0.006887553803952562,1.0
NVDA,2013-05-23,20,Chronos-LoRA-V5,0.3408751785755157,0.3367351881413567,0.3359822928905487,0.0007528952508080167,0.0022087124499774458,1.0
NVDA,2013-09-16,1,Chronos-LoRA-V5,0.3702263534069061,0.3705583316916533,0.3713971376419067,0.000838805950253374,0.002265657056917947,1.0
NVDA,2013-09-16,5,Chronos-LoRA-V5,0.3702263534069061,0.3715358326698832,0.3662452399730682,0.005290592696815033,0.014290156948930877,0.0
NVDA,2013-09-16,10,Chronos-LoRA-V5,0.3702263534069061,0.3726146503524351,0.3643720149993896,0.00824263535304548,0.022263772627731382,0.0
NVDA,2013-09-16,20,Chronos-LoRA-V5,0.3702263534069061,0.3748965649899925,0.3627327382564544,0.012163826733538108,0.032855107751255,0.0
NVDA,2014-01-08,1,Chronos-LoRA-V5,0.3851806223392486,0.38538800007655455,0.3708187043666839,0.014569295709870644,0.03782458115724918,0.0
NVDA,2014-01-08,5,Chronos-LoRA-V5,0.3851806223392486,0.3856524826484684,0.3769401311874389,0.0087123514610295,0.022618872694369574,0.0
NVDA,2014-01-08,10,Chronos-LoRA-V5,0.3851806223392486,0.38591859863756867,0.3759984374046325,0.009920161232936153,0.025754569824125162,0.0
NVDA,2014-01-08,20,Chronos-LoRA-V5,0.3851806223392486,0.386652000606014,0.3682287037372589,0.0184232968687551,0.04783027961497177,0.0
NVDA,2014-05-02,1,Chronos-LoRA-V5,0.4358759522438049,0.43617368856590855,0.440606027841568,0.004432339275659447,0.010168808930253403,1.0
NVDA,2014-05-02,5,Chronos-LoRA-V5,0.4358759522438049,0.43717431594821116,0.4268887341022491,0.010285581845962066,0.02359749785005083,0.0
NVDA,2014-05-02,10,Chronos-LoRA-V5,0.4358759522438049,0.43843087600204766,0.4247604310512543,0.013670444950793392,0.03136315477011431,0.0
NVDA,2014-05-02,20,Chronos-LoRA-V5,0.4358759522438049,0.44047381702941546,0.4500007331371307,0.009526916107715222,0.021856943606713086,1.0
NVDA,2014-08-25,1,Chronos-LoRA-V5,0.4560483396053314,0.45637022158959517,0.4641622602939605,0.007792038704365345,0.017085992925900406,1.0
NVDA,2014-08-25,5,Chronos-LoRA-V5,0.4560483396053314,0.45738517779055776,0.4653553664684295,0.007970188677871748,0.01747663128160748,1.0
NVDA,2014-08-25,10,Chronos-LoRA-V5,0.4560483396053314,0.45847627806968405,0.4663101136684418,0.007833835598757721,0.017177643066384585,1.0
NVDA,2014-08-25,20,Chronos-LoRA-V5,0.4560483396053314,0.4605108569315999,0.4488891065120697,0.011621750419530175,0.02548359331729566,0.0
NVDA,2014-12-16,1,Chronos-LoRA-V5,0.4637300372123718,0.46423370622921134,0.4826626479625702,0.01842894173335885,0.03974066860999792,1.0
NVDA,2014-12-16,5,Chronos-LoRA-V5,0.4637300372123718,0.4659651400581066,0.4948850870132446,0.028919946955138,0.062363756139207416,1.0
NVDA,2014-12-16,10,Chronos-LoRA-V5,0.4637300372123718,0.46819876886654166,0.4805059134960174,0.012307144629475741,0.026539459689645994,1.0
NVDA,2014-12-16,20,Chronos-LoRA-V5,0.4637300372123718,0.4721044340601115,0.4697214365005493,0.002382997559562172,0.005138760417347843,1.0
NVDA,2015-04-13,1,Chronos-LoRA-V5,0.5425001382827759,0.5432714530335214,0.5379291772842407,0.0053422757492807005,0.009847510391778114,0.0
NVDA,2015-04-13,5,Chronos-LoRA-V5,0.5425001382827759,0.5459084785765568,0.531433641910553,0.014474836666003799,0.02668171977213185,0.0
NVDA,2015-04-13,10,Chronos-LoRA-V5,0.5425001382827759,0.5490491177308395,0.5340797901153564,0.014969327615483086,0.027593223594129968,0.0
NVDA,2015-04-13,20,Chronos-LoRA-V5,0.5425001382827759,0.5560764901747761,0.4963095486164093,0.059766941558366815,0.11016944944484708,0.0
NVDA,2015-08-04,1,Chronos-LoRA-V5,0.4923225939273834,0.49277793660165514,0.4973981976509094,0.004620261049254282,0.009384621193996523,1.0
NVDA,2015-08-04,5,Chronos-LoRA-V5,0.4923225939273834,0.4941883716467913,0.5718387961387634,0.07765042449197213,0.15772265065581248,1.0
NVDA,2015-08-04,10,Chronos-LoRA-V5,0.4923225939273834,0.49570910774007027,0.5601677894592285,0.06445868171915825,0.13092773420158288,1.0
NVDA,2015-08-04,20,Chronos-LoRA-V5,0.4923225939273834,0.49904070020125946,0.5232763886451721,0.024235688443912662,0.04922725209618828,1.0
NVDA,2015-11-24,1,Chronos-LoRA-V5,0.7593905329704285,0.7605613575872648,0.758415937423706,0.0021454201635587866,0.002825186870801133,0.0
NVDA,2015-11-24,5,Chronos-LoRA-V5,0.7593905329704285,0.7647783579022843,0.7917929291725159,0.027014571270231547,0.0355740163951761,1.0
NVDA,2015-11-24,10,Chronos-LoRA-V5,0.7593905329704285,0.7697773098475962,0.7969090938568115,0.027131784009215343,0.0357283674621105,1.0
NVDA,2015-11-24,20,Chronos-LoRA-V5,0.7593905329704285,0.7809984490985871,0.8054361939430237,0.024437744844436615,0.03218073413273426,1.0
NVDA,2016-03-21,1,Chronos-LoRA-V5,0.8291546106338501,0.8303038368696007,0.8276876211166382,0.0026162157529625585,0.0031552809565427165,0.0
NVDA,2016-03-21,5,Chronos-LoRA-V5,0.8291546106338501,0.8341146693088155,0.8653429746627808,0.031228305353965258,0.03766282542901456,1.0
NVDA,2016-03-21,10,Chronos-LoRA-V5,0.8291546106338501,0.8382585304299044,0.8741456270217896,0.03588709659188516,0.04328154982392385,1.0
NVDA,2016-03-21,20,Chronos-LoRA-V5,0.8291546106338501,0.8476484607178887,0.88783860206604,0.040190141348151354,0.04847122699761375,1.0
NVDA,2016-07-13,1,Chronos-LoRA-V5,1.2939077615737915,1.2979457671080181,1.3071459531784058,0.00920018607038764,0.007110387883597857,1.0
NVDA,2016-07-13,5,Chronos-LoRA-V5,1.2939077615737915,1.3118629749625819,1.3292102813720703,0.01734730640948845,0.013406911160644741,1.0
NVDA,2016-07-13,10,Chronos-LoRA-V5,1.2939077615737915,1.3289037404100754,1.374317288398743,0.04541354798866748,0.035097979421215175,1.0
NVDA,2016-07-13,20,Chronos-LoRA-V5,1.2939077615737915,1.3656817959955934,1.4343795776367188,0.06869778164112539,0.05309326033995476,1.0
NVDA,2016-11-02,1,Chronos-LoRA-V5,1.6887660026550293,1.6941744623286266,1.669117450714111,0.025057011614515456,0.014837468053668479,0.0
NVDA,2016-11-02,5,Chronos-LoRA-V5,1.6887660026550293,1.7152598485395938,1.7182387113571167,0.0029788628175229093,0.0017639286987300995,1.0
NVDA,2016-11-02,10,Chronos-LoRA-V5,1.6887660026550293,1.740661086582012,2.250459909439087,0.5097988228570749,0.30187653118050917,1.0
NVDA,2016-11-02,20,Chronos-LoRA-V5,1.6887660026550293,1.7902040816322509,2.155686616897583,0.36548253526533214,0.21641987977655353,1.0
NVDA,2017-02-28,1,Chronos-LoRA-V5,2.499260425567627,2.5085057627689813,2.531523942947388,0.023018180178406844,0.009209996662584263,1.0
NVDA,2017-02-28,5,Chronos-LoRA-V5,2.499260425567627,2.5418840072862903,2.431779623031616,0.11010438425467406,0.04405478641933347,0.0
NVDA,2017-02-28,10,Chronos-LoRA-V5,2.499260425567627,2.581060723764321,2.5066490173339844,0.07441170643033646,0.02977349045705635,1.0
NVDA,2017-02-28,20,Chronos-LoRA-V5,2.499260425567627,2.656005262593208,2.6522018909454346,0.003803371647773446,0.0015217988525182413,1.0
NVDA,2017-06-21,1,Chronos-LoRA-V5,3.931581258773804,3.9480053116176745,3.904461145401001,0.04354416621667356,0.01107548422647997,0.0
NVDA,2017-06-21,5,Chronos-LoRA-V5,3.931581258773804,4.009326305837055,3.741252183914185,0.26807412192286995,0.06818481020190781,0.0
NVDA,2017-06-21,10,Chronos-LoRA-V5,3.931581258773804,4.081984898525359,3.5373623371124268,0.5446225614129325,0.13852506804928433,0.0
NVDA,2017-06-21,20,Chronos-LoRA-V5,3.931581258773804,4.238921173673257,4.129552841186523,0.10936833248673317,0.02781789953919045,1.0
NVDA,2017-10-12,1,Chronos-LoRA-V5,4.713810443878174,4.733659599189185,4.801655292510986,0.06799569332180155,0.014424783120014384,1.0
NVDA,2017-10-12,5,Chronos-LoRA-V5,4.713810443878174,4.809244814870464,4.880865097045898,0.07162028217543437,0.015193712820685823,1.0
NVDA,2017-10-12,10,Chronos-LoRA-V5,4.713810443878174,4.901945898762181,4.828798770904541,0.07314712785763966,0.015517621832383144,1.0
NVDA,2017-10-12,20,Chronos-LoRA-V5,4.713810443878174,5.090978428062014,5.06642484664917,0.02455358141284414,0.005208860582150088,1.0
NVDA,2018-02-06,1,Chronos-LoRA-V5,5.570223331451416,5.594242271883915,5.649734020233154,0.05549174834923942,0.009962212472866883,1.0
NVDA,2018-02-06,5,Chronos-LoRA-V5,5.570223331451416,5.692993169569822,5.744311332702637,0.05131816313281501,0.00921294534871775,1.0
NVDA,2018-02-06,10,Chronos-LoRA-V5,5.570223331451416,5.806007102512037,5.963582515716553,0.1575754132045155,0.02828888606939506,1.0
NVDA,2018-02-06,20,Chronos-LoRA-V5,5.570223331451416,6.026743372692142,5.975440979003906,0.051302393688235526,0.009210114323166207,1.0
NVDA,2018-05-31,1,Chronos-LoRA-V5,6.235024929046631,6.258484459749851,6.3692731857299805,0.11078872598012968,0.017768770332257544,1.0
NVDA,2018-05-31,5,Chronos-LoRA-V5,6.235024929046631,6.346505707312009,6.499814510345459,0.1533088030334504,0.024588322384926142,1.0
NVDA,2018-05-31,10,Chronos-LoRA-V5,6.235024929046631,6.45438172661559,6.598957538604736,0.1445758119891467,0.02318768788166703,1.0
NVDA,2018-05-31,20,Chronos-LoRA-V5,6.235024929046631,6.680163822261888,5.9549078941345215,0.7252559281273667,0.11631965170639058,0.0
NVDA,2018-09-21,1,Chronos-LoRA-V5,6.516973972320557,6.536802094859244,6.572633743286133,0.03583164842688902,0.005498203396097079,1.0
NVDA,2018-09-21,5,Chronos-LoRA-V5,6.516973972320557,6.612866441510021,6.951604843139648,0.33873840162962754,0.05197786627173073,1.0
NVDA,2018-09-21,10,Chronos-LoRA-V5,6.516973972320557,6.704837605862484,6.675538539886475,0.02929906597600951,0.00449580834608998,1.0
NVDA,2018-09-21,20,Chronos-LoRA-V5,6.516973972320557,6.888473555762789,5.6689887046813965,1.2194848510813925,0.18712440102736205,0.0
NVDA,2019-01-17,1,Chronos-LoRA-V5,3.75685977935791,3.7655717966194526,3.88586950302124,0.12029770640178716,0.032020813516321134,1.0
NVDA,2019-01-17,5,Chronos-LoRA-V5,3.75685977935791,3.798414692533038,3.965602159500122,0.16718746696708386,0.0445019183004105,1.0
NVDA,2019-01-17,10,Chronos-LoRA-V5,3.75685977935791,3.836623086706605,3.5837748050689697,0.2528482816376352,0.06730309260593426,0.0
NVDA,2019-01-17,20,Chronos-LoRA-V5,3.75685977935791,3.921072024169161,3.896021842956543,0.02505018121261804,0.006667850993602897,1.0
NVDA,2019-05-13,1,Chronos-LoRA-V5,3.927550792694092,3.942906182844831,4.016536235809326,0.0736300529644951,0.01874706575442886,1.0
NVDA,2019-05-13,5,Chronos-LoRA-V5,3.927550792694092,3.9896806205823316,3.761475563049317,0.2282050575330148,0.058103655325734915,0.0
NVDA,2019-05-13,10,Chronos-LoRA-V5,3.927550792694092,4.046530819750029,3.5527663230896,0.4937644966604293,0.12571816959793747,0.0
NVDA,2019-05-13,20,Chronos-LoRA-V5,3.927550792694092,4.137334419495121,3.7409534454345694,0.39638097406055195,0.10092319488213564,0.0
NVDA,2019-09-04,1,Chronos-LoRA-V5,4.192028999328613,4.198607384651387,4.464773178100586,0.2661657934491988,0.06349330920464236,1.0
NVDA,2019-09-04,5,Chronos-LoRA-V5,4.192028999328613,4.224162518581262,4.578790664672852,0.35462814609158944,0.08459582368070118,1.0
NVDA,2019-09-04,10,Chronos-LoRA-V5,4.192028999328613,4.25685879145317,4.470734119415283,0.21387532796211328,0.051019524911771086,1.0
NVDA,2019-09-04,20,Chronos-LoRA-V5,4.192028999328613,4.311442874336113,4.298345565795898,0.013097308540214847,0.0031243363398278934,1.0
NVDA,2019-12-26,1,Chronos-LoRA-V5,5.945906162261963,5.957472468706146,5.888233661651611,0.06923880705453467,0.011644786373183225,0.0
NVDA,2019-12-26,5,Chronos-LoRA-V5,5.945906162261963,5.997017625121005,5.868346691131592,0.12867093398941343,0.0216402564181174,0.0
NVDA,2019-12-26,10,Chronos-LoRA-V5,5.945906162261963,6.045005669651401,6.073429107666016,0.028423438014614888,0.004780337468999418,1.0
NVDA,2019-12-26,20,Chronos-LoRA-V5,5.945906162261963,6.130357559101367,5.971012115478516,0.1593454436228514,0.026799185737945264,1.0
NVDA,2020-04-21,1,Chronos-LoRA-V5,6.703622341156006,6.721255252761511,7.117516040802002,0.39626078804049136,0.05911144272070645,1.0
NVDA,2020-04-21,5,Chronos-LoRA-V5,6.703622341156006,6.769022095558056,7.247105598449707,0.4780835028916508,0.07131718920926078,1.0
NVDA,2020-04-21,10,Chronos-LoRA-V5,6.703622341156006,6.82040561702574,7.306305408477783,0.4858997914520433,0.07248316905755936,1.0
NVDA,2020-04-21,20,Chronos-LoRA-V5,6.703622341156006,6.915967296556919,8.760899543762207,1.8449322472052883,0.27521422796725425,1.0
NVDA,2020-08-12,1,Chronos-LoRA-V5,11.38749885559082,11.428847838305225,11.390235900878906,0.03861193742631919,0.003390730301356948,1.0
NVDA,2020-08-12,5,Chronos-LoRA-V5,11.38749885559082,11.587941190357617,12.08253002166748,0.49458883130986386,0.043432613041892054,1.0
NVDA,2020-08-12,10,Chronos-LoRA-V5,11.38749885559082,11.771726624149048,12.714101791381836,0.9423751672327878,0.08275523705278953,1.0
NVDA,2020-08-12,20,Chronos-LoRA-V5,11.38749885559082,12.12225683050044,12.25864601135254,0.13638918085210072,0.011977097217018784,1.0
NVDA,2020-12-03,1,Chronos-LoRA-V5,13.342156410217283,13.398781854688059,13.50376033782959,0.10497848314153124,0.007868179619086035,1.0
NVDA,2020-12-03,5,Chronos-LoRA-V5,13.342156410217283,13.59775011927276,12.920114517211914,0.677635602060846,0.05078906146999751,0.0
NVDA,2020-12-03,10,Chronos-LoRA-V5,13.342156410217283,13.82358973025069,13.287630081176758,0.5359596490739325,0.04017039169646519,0.0
NVDA,2020-12-03,20,Chronos-LoRA-V5,13.342156410217283,14.28137019136847,13.060794830322266,1.2205753610462047,0.09148261521739476,0.0
NVDA,2021-03-30,1,Chronos-LoRA-V5,12.824442863464355,12.862830813960148,13.29919147491455,0.43636066095440285,0.03402570120200332,1.0
NVDA,2021-03-30,5,Chronos-LoRA-V5,12.824442863464355,13.003694574572535,14.09151840209961,1.0878238275270746,0.08482425623542555,1.0
NVDA,2021-03-30,10,Chronos-LoRA-V5,12.824442863464355,13.163096868531511,15.220852851867676,2.0577559833361647,0.16045578004784278,1.0
NVDA,2021-03-30,20,Chronos-LoRA-V5,12.824442863464355,13.508834780890309,15.220603942871094,1.7117691619807847,0.1334770781237955,1.0
NVDA,2021-07-22,1,Chronos-LoRA-V5,19.526456832885746,19.607727783545776,19.49058532714844,0.11714245639733534,0.005999166023814895,0.0
NVDA,2021-07-22,5,Chronos-LoRA-V5,19.526456832885746,19.87786880777033,19.59422492980957,0.28364387796075974,0.014526131411770393,1.0
NVDA,2021-07-22,10,Chronos-LoRA-V5,19.526456832885746,20.20378511209744,20.56585693359375,0.36207182149631123,0.018542627809799317,1.0
NVDA,2021-07-22,20,Chronos-LoRA-V5,19.526456832885746,20.891453706899807,19.72975730895996,1.1616963979398456,0.05949345587282173,1.0
NVDA,2021-11-11,1,Chronos-LoRA-V5,30.290584564208984,30.447878698474447,30.290584564208984,0.15729413426546301,0.005192839178525421,0.0
NVDA,2021-11-11,5,Chronos-LoRA-V5,30.290584564208984,31.002740393564352,31.571382522583008,0.5686421290186559,0.01877290046394675,1.0
NVDA,2021-11-11,10,Chronos-LoRA-V5,30.290584564208984,31.672906767908344,31.399948120117188,0.27295864779115675,0.009011336417511062,1.0
NVDA,2021-11-11,20,Chronos-LoRA-V5,30.290584564208984,33.15770223278091,30.102901458740234,3.054800774040679,0.10084984552098075,0.0
NVDA,2022-03-08,1,Chronos-LoRA-V5,21.449901580810547,21.516924964120502,22.9454345703125,1.428509606191998,0.06659749000759829,1.0
NVDA,2022-03-08,5,Chronos-LoRA-V5,21.449901580810547,21.73870038454372,22.90455436706543,1.1658539825217105,0.05435241640291277,1.0
NVDA,2022-03-08,10,Chronos-LoRA-V5,21.449901580810547,21.998494113317935,26.444976806640625,4.4464826933226895,0.20729618159649688,1.0
NVDA,2022-03-08,20,Chronos-LoRA-V5,21.449901580810547,22.591250453469936,25.853742599487305,3.262492146017369,0.15209823381828702,1.0
NVDA,2022-06-30,1,Chronos-LoRA-V5,15.117030143737791,15.133501500648128,14.482791900634766,0.6507096000133625,0.043044804027391415,0.0
NVDA,2022-06-30,5,Chronos-LoRA-V5,15.117030143737791,15.191135890999778,15.794151306152344,0.6030154151525657,0.03988980702022116,1.0
NVDA,2022-06-30,10,Chronos-LoRA-V5,15.117030143737791,15.259983242034568,15.718361854553224,0.45837861251865597,0.03032200162070442,1.0
NVDA,2022-06-30,20,Chronos-LoRA-V5,15.117030143737791,15.392451324461835,18.11271476745605,2.7202634429942165,0.1799469483839775,1.0
NVDA,2022-10-21,1,Chronos-LoRA-V5,12.435182571411133,12.438887684661182,12.567852020263672,0.12896433560248965,0.010370924179190055,1.0
NVDA,2022-10-21,5,Chronos-LoRA-V5,12.435182571411133,12.432808246452202,13.799798965454102,1.3669907190018993,0.10992928420244119,0.0
NVDA,2022-10-21,10,Chronos-LoRA-V5,12.435182571411133,12.402356279196525,14.121004104614258,1.718647825417733,0.13820849155596293,0.0
NVDA,2022-10-21,20,Chronos-LoRA-V5,12.435182571411133,12.410103427213006,15.370904922485352,2.960801495272346,0.23809875554857707,0.0
NVDA,2023-02-15,1,Chronos-LoRA-V5,22.713531494140625,22.746216973715754,21.95322036743164,0.7929966062841132,0.03491295954962714,0.0
NVDA,2023-02-15,5,Chronos-LoRA-V5,22.713531494140625,22.830212609710582,23.61153030395508,0.7813176942444997,0.034398776537503784,1.0
NVDA,2023-02-15,10,Chronos-LoRA-V5,22.713531494140625,22.89739020061658,23.26230812072754,0.36491792011095825,0.01606610227938776,1.0
NVDA,2023-02-15,20,Chronos-LoRA-V5,22.713531494140625,23.085213755990925,25.48870658874512,2.4034928327541962,0.10581766350927069,1.0
NVDA,2023-06-09,1,Chronos-LoRA-V5,38.694618225097656,38.80147363179762,39.40523910522461,0.6037654734269893,0.015603344886741422,1.0
NVDA,2023-06-09,5,Chronos-LoRA-V5,38.694618225097656,39.139106878498716,42.60898971557617,3.4698828370774564,0.0896735255764034,1.0
NVDA,2023-06-09,10,Chronos-LoRA-V5,38.694618225097656,39.50028129295736,40.553001403808594,1.052720110851233,0.027205853401298885,1.0
NVDA,2023-06-09,20,Chronos-LoRA-V5,38.694618225097656,40.18034970869073,42.322547912597656,2.142198203906929,0.055361657568118394,1.0
NVDA,2023-10-03,1,Chronos-LoRA-V5,43.43596649169922,43.55275962010196,43.95898818969727,0.4062285695953136,0.009352354797330209,1.0
NVDA,2023-10-03,5,Chronos-LoRA-V5,43.43596649169922,43.982264346019925,45.71272277832031,1.730458432300388,0.03983929844478262,1.0
NVDA,2023-10-03,10,Chronos-LoRA-V5,43.43596649169922,44.427845645710086,43.85618209838867,0.571663547321414,0.013161064285991175,1.0
NVDA,2023-10-03,20,Chronos-LoRA-V5,43.43596649169922,45.36472815162959,40.70405960083008,4.660668550799514,0.10729975472492792,0.0
NVDA,2024-01-26,1,Chronos-LoRA-V5,60.92271041870117,61.148916774937646,62.35416412353516,1.205247348597517,0.019783219431871224,1.0
NVDA,2024-01-26,5,Chronos-LoRA-V5,60.92271041870117,61.97359171911889,66.04261016845703,4.069018449338138,0.06678984604219274,1.0
NVDA,2024-01-26,10,Chronos-LoRA-V5,60.92271041870117,62.935969976952634,72.00502014160156,9.069050164648928,0.148861567424043,1.0
NVDA,2024-01-26,20,Chronos-LoRA-V5,60.92271041870117,64.78740187810348,78.95167541503906,14.164273536935582,0.23249578752470668,1.0
NVDA,2024-05-20,1,Chronos-LoRA-V5,94.61627197265624,95.02351748417746,95.2212142944336,0.19769681025613295,0.0020894588862396812,1.0
NVDA,2024-05-20,5,Chronos-LoRA-V5,94.61627197265624,96.36886175908651,113.70423889160156,17.33537713251505,0.18321771478720805,1.0
NVDA,2024-05-20,10,Chronos-LoRA-V5,94.61627197265624,97.97621915388211,116.23584747314452,18.259628319262404,0.19298613165121714,1.0
NVDA,2024-05-20,20,Chronos-LoRA-V5,94.61627197265624,101.27727150979028,135.35691833496094,34.079646825170656,0.3601880111596403,1.0
NVDA,2024-09-12,1,Chronos-LoRA-V5,118.95413208007812,119.44875674275575,118.9141845703125,0.534572172443248,0.004493935293339635,0.0
NVDA,2024-09-12,5,Chronos-LoRA-V5,118.95413208007812,121.13135240118058,117.68611907958984,3.4452333215907345,0.028962704038489773,0.0
NVDA,2024-09-12,10,Chronos-LoRA-V5,118.95413208007812,123.06570509165203,123.84648895263672,0.780783860984684,0.006563738874233227,1.0
NVDA,2024-09-12,20,Chronos-LoRA-V5,118.95413208007812,127.53516031651671,134.5996856689453,7.064525352428603,0.05938865030491636,1.0
NVDA,2025-01-06,1,Chronos-LoRA-V5,149.20716857910156,149.89594858761973,139.93101501464844,9.96493357297129,0.06678589016779324,0.0
NVDA,2025-01-06,5,Chronos-LoRA-V5,149.20716857910156,152.30981278788394,131.56349182128906,20.74632096659488,0.13904372802032172,0.0
NVDA,2025-01-06,10,Chronos-LoRA-V5,149.20716857910156,155.17896693092172,146.85067749023438,8.328289440687342,0.055816952496301475,0.0
NVDA,2025-01-06,20,Chronos-LoRA-V5,149.20716857910156,161.51701697210154,124.6438446044922,36.87317236760934,0.24712735131128216,0.0
NVDA,2025-05-01,1,Chronos-LoRA-V5,111.45380401611328,111.82310134627035,114.33976745605467,2.5166661097843246,0.02258035185071372,1.0
NVDA,2025-05-01,5,Chronos-LoRA-V5,111.45380401611328,113.21999910154422,117.20574951171876,3.9857504101745462,0.035761456913559586,1.0
NVDA,2025-05-01,10,Chronos-LoRA-V5,111.45380401611328,114.9051725966408,134.64129638671875,19.736123790077954,0.17707896077934349,1.0
NVDA,2025-05-01,20,Chronos-LoRA-V5,111.45380401611328,118.26385193738781,134.94088745117188,16.677035513784062,0.1496318197571167,1.0
NVDA,2025-08-25,1,Chronos-LoRA-V5,179.57083129882812,180.42116721517087,181.5282287597656,1.1070615445947283,0.0061650410402813716,1.0
NVDA,2025-08-25,5,Chronos-LoRA-V5,179.57083129882812,183.37465997730115,170.55284118652344,12.821818790777712,0.07140256966032876,0.0
NVDA,2025-08-25,10,Chronos-LoRA-V5,179.57083129882812,186.88949498858824,170.53286743164062,16.356627556947615,0.091087329933491,0.0
NVDA,2025-08-25,20,Chronos-LoRA-V5,179.57083129882812,194.3883892522094,178.2027130126953,16.185676239514095,0.09013533056813183,0.0
NVDA,2025-12-16,1,Chronos-LoRA-V5,177.5034942626953,178.1274016504886,170.73175048828125,7.3956511622073435,0.04166482013735573,0.0
NVDA,2025-12-16,5,Chronos-LoRA-V5,177.5034942626953,180.42910087287777,188.97952270507807,8.5504218322003,0.048170442321243234,1.0
NVDA,2025-12-16,10,Chronos-LoRA-V5,177.5034942626953,183.1702962898384,186.27279663085935,3.102500341020942,0.017478531078545467,1.0
NVDA,2025-12-16,20,Chronos-LoRA-V5,177.5034942626953,188.8524804147432,186.82212829589844,2.0303521188447746,0.011438378310682618,1.0
NVDA,2026-04-13,1,Chronos-LoRA-V5,189.0896148681641,189.78087227335897,196.2812347412109,6.500362467851943,0.03437715218989723,1.0
NVDA,2026-04-13,5,Chronos-LoRA-V5,189.0896148681641,192.3683111071965,201.82476806640625,9.45645695920976,0.05001045121279102,1.0
NVDA,2026-04-13,10,Chronos-LoRA-V5,189.0896148681641,195.46166802184982,216.3578338623047,20.89616584045487,0.11050932572380545,1.0
NVDA,2026-04-13,20,Chronos-LoRA-V5,189.0896148681641,202.18575739793852,219.18453979492188,16.99878239698336,0.0898980222093908,1.0
NVDA,2026-08-06,1,Chronos-LoRA-V5,218.9900054931641,219.79057015170633,223.9600067138672,4.169436562160854,0.019039392015956613,1.0
NVDA,2026-08-06,5,Chronos-LoRA-V5,218.9900054931641,222.78715589667368,225.3000030517578,2.512847155084131,0.011474711594372522,1.0
NVDA,2026-08-06,10,Chronos-LoRA-V5,218.9900054931641,226.3696596116691,216.8500061035156,9.51965350815351,0.043470721354224806,0.0
NVDA,2026-08-06,20,Chronos-LoRA-V5,218.9900054931641,234.15701678849155,228.4499969482422,5.707019840249359,0.026060640655253486,1.0
AMZN,2011-03-11,1,Chronos-LoRA-V5,8.403499603271484,8.414727625659143,8.33650016784668,0.07822745781246354,0.009308914322077144,0.0
AMZN,2011-03-11,5,Chronos-LoRA-V5,8.403499603271484,8.456853970845398,8.090999603271484,0.3658543675739132,0.04353595345342631,0.0
AMZN,2011-03-11,10,Chronos-LoRA-V5,8.403499603271484,8.502350437767202,8.548999786376953,0.04664934860975123,0.005551181152146478,1.0
AMZN,2011-03-11,20,Chronos-LoRA-V5,8.403499603271484,8.61503237487692,9.23550033569336,0.6204679608164394,0.07383447255413578,1.0
AMZN,2011-07-05,1,Chronos-LoRA-V5,10.659500122070312,10.683026912060917,10.709500312805176,0.026473400744258413,0.00248354992645905,1.0
AMZN,2011-07-05,5,Chronos-LoRA-V5,10.659500122070312,10.764375790315626,10.56149959564209,0.2028761946735358,0.019032430447041726,0.0
AMZN,2011-07-05,10,Chronos-LoRA-V5,10.659500122070312,10.855043954892912,10.902999877929688,0.04795592303677587,0.004498890425216562,1.0
AMZN,2011-07-05,20,Chronos-LoRA-V5,10.659500122070312,11.05198789456609,10.585000038146973,0.46698785641911655,0.04380954557636574,0.0
AMZN,2011-10-25,1,Chronos-LoRA-V5,11.357500076293944,11.384756932001363,9.920000076293944,1.464756855707419,0.1289682452888331,0.0
AMZN,2011-10-25,5,Chronos-LoRA-V5,11.357500076293944,11.464116437520381,10.604999542236328,0.8591168952840533,0.07564313356926611,0.0
AMZN,2011-10-25,10,Chronos-LoRA-V5,11.357500076293944,11.553630968555243,10.899499893188477,0.6541310753667666,0.057594635348681145,0.0
AMZN,2011-10-25,20,Chronos-LoRA-V5,11.357500076293944,11.73226929455055,9.616999626159668,2.115269668390882,0.18624430149078308,0.0
AMZN,2012-02-17,1,Chronos-LoRA-V5,9.125,9.138443143259998,9.11299991607666,0.025443227183338024,0.002788298869406902,0.0
AMZN,2012-02-17,5,Chronos-LoRA-V5,9.125,9.178885184755787,8.92650032043457,0.25238486432121654,0.027658615268078557,0.0
AMZN,2012-02-17,10,Chronos-LoRA-V5,9.125,9.22291843493686,9.012999534606934,0.20991890032992622,0.023004810995060465,0.0
AMZN,2012-02-17,20,Chronos-LoRA-V5,9.125,9.31659143204448,9.276000022888184,0.040591409156295555,0.004448373606169342,1.0
AMZN,2012-06-12,1,Chronos-LoRA-V5,10.821000099182127,10.835960559289498,10.736499786376951,0.09946077291254696,0.009191458460485968,0.0
AMZN,2012-06-12,5,Chronos-LoRA-V5,10.821000099182127,10.888480305964348,11.201499938964844,0.3130196330004953,0.028927052040610635,1.0
AMZN,2012-06-12,10,Chronos-LoRA-V5,10.821000099182127,10.94837358691909,11.280500411987305,0.3321268250682152,0.030692803070329733,1.0
AMZN,2012-06-12,20,Chronos-LoRA-V5,10.821000099182127,11.072950714475988,10.918499946594238,0.15445076788174994,0.014273243366241584,1.0
AMZN,2012-10-03,1,Chronos-LoRA-V5,12.79599952697754,12.805600461903829,13.023500442504885,0.21789998060105553,0.017028758100659624,1.0
AMZN,2012-10-03,5,Chronos-LoRA-V5,12.79599952697754,12.83082345782826,12.249500274658203,0.5813231831700563,0.045430072261605225,0.0
AMZN,2012-10-03,10,Chronos-LoRA-V5,12.79599952697754,12.86035384087159,12.374500274658203,0.48585356621338605,0.03796917663126442,0.0
AMZN,2012-10-03,20,Chronos-LoRA-V5,12.79599952697754,12.907577861611642,11.621000289916992,1.2865775716946501,0.10054529690956815,0.0
AMZN,2013-01-30,1,Chronos-LoRA-V5,13.637999534606934,13.664220234565935,13.274999618530272,0.38922061603566327,0.02853942141939525,0.0
AMZN,2013-01-30,5,Chronos-LoRA-V5,13.637999534606934,13.706269708980964,13.111000061035156,0.5952696479458073,0.043647871261125126,0.0
AMZN,2013-01-30,10,Chronos-LoRA-V5,13.637999534606934,13.753573804926447,13.47350025177002,0.2800735531564271,0.020536263580720138,0.0
AMZN,2013-01-30,20,Chronos-LoRA-V5,13.637999534606934,13.818802027853641,13.213500022888184,0.6053020049654574,0.044383489193519976,0.0
AMZN,2013-05-23,1,Chronos-LoRA-V5,13.09000015258789,13.104849981286515,13.086999893188477,0.01785008809803834,0.001363643077919252,0.0
AMZN,2013-05-23,5,Chronos-LoRA-V5,13.09000015258789,13.153450692515477,13.460000038146973,0.3065493456314954,0.02341858992040491,1.0
AMZN,2013-05-23,10,Chronos-LoRA-V5,13.09000015258789,13.19857836628411,13.843500137329102,0.6449217710449915,0.049268278344327676,1.0
AMZN,2013-05-23,20,Chronos-LoRA-V5,13.09000015258789,13.290442714338909,13.66800022125244,0.37755750691353107,0.028843201108663674,1.0
AMZN,2013-09-16,1,Chronos-LoRA-V5,14.803000450134276,14.815942067228734,15.208499908447266,0.3925578412185313,0.026518802221273452,1.0
AMZN,2013-09-16,5,Chronos-LoRA-V5,14.803000450134276,14.853394563898147,15.57450008392334,0.7211055200251923,0.04871347011400329,1.0
AMZN,2013-09-16,10,Chronos-LoRA-V5,14.803000450134276,14.894658757339453,15.631999969482422,0.7373412121429688,0.049810253983764596,1.0
AMZN,2013-09-16,20,Chronos-LoRA-V5,14.803000450134276,14.976869083516121,15.53499984741211,0.5581307638959885,0.03770389427306453,1.0
AMZN,2014-01-08,1,Chronos-LoRA-V5,20.09600067138672,20.130743886173136,20.050500869750977,0.08024301642215903,0.003992984362127805,0.0
AMZN,2014-01-08,5,Chronos-LoRA-V5,20.09600067138672,20.237209155267454,19.793500900268555,0.4437082549988993,0.02207943074119534,0.0
AMZN,2014-01-08,10,Chronos-LoRA-V5,20.09600067138672,20.35766793979282,19.99349975585937,0.3641681839334474,0.018121425744773267,0.0
AMZN,2014-01-08,20,Chronos-LoRA-V5,20.09600067138672,20.63662995788764,17.72949981689453,2.9071301409931074,0.1446621239982523,0.0
AMZN,2014-05-02,1,Chronos-LoRA-V5,15.400500297546388,15.421846090521354,15.5024995803833,0.08065348986194643,0.00523706946551572,1.0
AMZN,2014-05-02,5,Chronos-LoRA-V5,15.400500297546388,15.491994990439615,14.612000465393066,0.8799945250465484,0.057140645306617,0.0
AMZN,2014-05-02,10,Chronos-LoRA-V5,15.400500297546388,15.57440523921708,14.885000228881836,0.6894050103352445,0.0447651048352683,0.0
AMZN,2014-05-02,20,Chronos-LoRA-V5,15.400500297546388,15.731159129107727,15.44200038909912,0.28915874000860775,0.01877593158805868,1.0
AMZN,2014-08-25,1,Chronos-LoRA-V5,16.701000213623047,16.728080572836905,17.09149932861328,0.36341875577637595,0.02176029885203734,1.0
AMZN,2014-08-25,5,Chronos-LoRA-V5,16.701000213623047,16.811036662523644,17.118999481201172,0.3079628186775274,0.01843978293146309,1.0
AMZN,2014-08-25,10,Chronos-LoRA-V5,16.701000213623047,16.899926193348545,16.487499237060547,0.4124269562879981,0.02469474588423637,0.0
AMZN,2014-08-25,20,Chronos-LoRA-V5,16.701000213623047,17.070934270061613,16.181499481201172,0.8894347888604415,0.05325637850928988,0.0
AMZN,2014-12-16,1,Chronos-LoRA-V5,14.753000259399414,14.775753453533707,14.944000244140623,0.16824679060691672,0.011404242367563322,1.0
AMZN,2014-12-16,5,Chronos-LoRA-V5,14.753000259399414,14.865291492214624,15.314499855041504,0.44920836282688015,0.030448610786180996,1.0
AMZN,2014-12-16,10,Chronos-LoRA-V5,14.753000259399414,14.959793061347607,15.517499923706056,0.5577068623584491,0.037802945336703475,1.0
AMZN,2014-12-16,20,Chronos-LoRA-V5,14.753000259399414,15.131766488231971,14.34749984741211,0.7842666408198617,0.053159806617653294,0.0
AMZN,2015-04-13,1,Chronos-LoRA-V5,19.118000030517575,19.140069379042455,19.25550079345703,0.1154314144145765,0.0060378394303963745,1.0
AMZN,2015-04-13,5,Chronos-LoRA-V5,19.118000030517575,19.210908227743055,19.475500106811523,0.2645918790684689,0.013839935068841402,1.0
AMZN,2015-04-13,10,Chronos-LoRA-V5,19.118000030517575,19.289446949399252,21.92799949645996,2.6385525470607085,0.13801404659738759,1.0
AMZN,2015-04-13,20,Chronos-LoRA-V5,19.118000030517575,19.448324919398413,21.64249992370605,2.1941750043076382,0.11477011197850873,1.0
AMZN,2015-08-04,1,Chronos-LoRA-V5,26.59499931335449,26.650069792539014,26.850500106811523,0.20043031427250924,0.0075363910301688986,1.0
AMZN,2015-08-04,5,Chronos-LoRA-V5,26.59499931335449,26.82791191773302,26.37299919128418,0.45491272644883907,0.017105197901637337,0.0
AMZN,2015-08-04,10,Chronos-LoRA-V5,26.59499931335449,27.02337110187022,26.750999450683597,0.2723716511866243,0.010241461109940841,1.0
AMZN,2015-08-04,20,Chronos-LoRA-V5,26.59499931335449,27.38154112358619,24.82699966430664,2.554541459279548,0.09605345084543027,0.0
AMZN,2015-11-24,1,Chronos-LoRA-V5,33.557498931884766,33.6302464372617,33.766998291015625,0.1367518537539283,0.00407515035704864,1.0
AMZN,2015-11-24,5,Chronos-LoRA-V5,33.557498931884766,33.8893460443795,33.800498962402344,0.08884708197715696,0.002647607384492545,1.0
AMZN,2015-11-24,10,Chronos-LoRA-V5,33.557498931884766,34.20088749803853,33.239498138427734,0.9613893596107985,0.028649017066564864,0.0
AMZN,2015-11-24,20,Chronos-LoRA-V5,33.557498931884766,34.856903861401754,33.185001373291016,1.6719024881107387,0.049822023134214355,0.0
AMZN,2016-03-21,1,Chronos-LoRA-V5,27.698999404907227,27.72625331033705,28.02400016784668,0.2977468575096296,0.010749372320535189,1.0
AMZN,2016-03-21,5,Chronos-LoRA-V5,27.698999404907227,27.793481050595123,29.69300079345703,1.8995197428619086,0.06857719714327959,1.0
AMZN,2016-03-21,10,Chronos-LoRA-V5,27.698999404907227,27.87920285668607,29.30699920654297,1.427796349856898,0.0515468565844277,1.0
AMZN,2016-03-21,20,Chronos-LoRA-V5,27.698999404907227,28.04412002676716,31.395000457763672,3.3508804309965114,0.12097478259098637,1.0
AMZN,2016-07-13,1,Chronos-LoRA-V5,37.13150024414063,37.19654688850832,37.060001373291016,0.13654551521730696,0.0036773498059469167,0.0
AMZN,2016-07-13,5,Chronos-LoRA-V5,37.13150024414063,37.393547477054355,37.2859992980957,0.10754817895865187,0.0028964135101332555,1.0
AMZN,2016-07-13,10,Chronos-LoRA-V5,37.13150024414063,37.64713197370365,36.83349990844727,0.8136320652563782,0.021912178605947075,0.0
AMZN,2016-07-13,20,Chronos-LoRA-V5,37.13150024414063,38.17376262950618,38.428001403808594,0.25423877430241504,0.00684698362928482,1.0
AMZN,2016-11-02,1,Chronos-LoRA-V5,38.27799987792969,38.35175832090693,38.35150146484375,0.00025685606318148757,6.710279115917928e-06,1.0
AMZN,2016-11-02,5,Chronos-LoRA-V5,38.27799987792969,38.621928854836504,38.59400177001953,0.027927084816973036,0.0007295857909512815,1.0
AMZN,2016-11-02,10,Chronos-LoRA-V5,38.27799987792969,38.92797379611527,37.324501037597656,1.6034727585176114,0.041890191849918046,0.0
AMZN,2016-11-02,20,Chronos-LoRA-V5,38.27799987792969,39.501042289676604,37.182498931884766,2.318543357791839,0.06057117313302118,0.0
AMZN,2017-02-28,1,Chronos-LoRA-V5,42.25199890136719,42.31802882312303,42.65399932861328,0.335970505490252,0.007951588427201672,1.0
AMZN,2017-02-28,5,Chronos-LoRA-V5,42.25199890136719,42.53555102383447,42.30099868774414,0.23455233609033144,0.0055512719442663006,1.0
AMZN,2017-02-28,10,Chronos-LoRA-V5,42.25199890136719,42.78330832364417,42.62649917602539,0.1568091476187803,0.0037112835296817526,1.0
AMZN,2017-02-28,20,Chronos-LoRA-V5,42.25199890136719,43.276374117142325,42.79999923706055,0.476374880081778,0.011274611674439994,1.0
AMZN,2017-06-21,1,Chronos-LoRA-V5,50.11149978637695,50.19716103642736,50.06499862670898,0.1321624097183829,0.0026373668774989367,0.0
AMZN,2017-06-21,5,Chronos-LoRA-V5,50.11149978637695,50.48867657657691,49.51649856567383,0.9721780109030789,0.019400297637217512,0.0
AMZN,2017-06-21,10,Chronos-LoRA-V5,50.11149978637695,50.81788868635396,48.25699996948242,2.5608887168715384,0.05110381305266243,0.0
AMZN,2017-06-21,20,Chronos-LoRA-V5,50.11149978637695,51.497519844638184,51.435001373291016,0.06251847134716826,0.0012475873125665782,1.0
AMZN,2017-10-12,1,Chronos-LoRA-V5,50.04650115966797,50.13115881078898,50.14699935913086,0.015840548341877536,0.0003165165990592911,1.0
AMZN,2017-10-12,5,Chronos-LoRA-V5,50.04650115966797,50.415350361153465,49.33050155639648,1.0848488047569873,0.021676816153358924,0.0
AMZN,2017-10-12,10,Chronos-LoRA-V5,50.04650115966797,50.74279805823952,48.62149810791016,2.121299950329359,0.04238657850548988,0.0
AMZN,2017-10-12,20,Chronos-LoRA-V5,50.04650115966797,51.4126953593862,56.45650100708008,5.04380564769388,0.10078238300020526,1.0
AMZN,2018-02-06,1,Chronos-LoRA-V5,72.14199829101562,72.32754144486937,70.83899688720703,1.4885445576623368,0.020633536538004593,0.0
AMZN,2018-02-06,5,Chronos-LoRA-V5,72.14199829101562,73.15306445290953,70.72550201416016,2.4275624387493764,0.03364978093560378,0.0
AMZN,2018-02-06,10,Chronos-LoRA-V5,72.14199829101562,74.09624267635229,74.14600372314453,0.04976104679224136,0.0006897652958199885,1.0
AMZN,2018-02-06,20,Chronos-LoRA-V5,72.14199829101562,75.94042332105539,77.25,1.3095766789446088,0.018152764131399213,1.0
AMZN,2018-05-31,1,Chronos-LoRA-V5,81.48100280761719,81.68263251546708,82.0770034790039,0.3943709635368293,0.004840035713207458,1.0
AMZN,2018-05-31,5,Chronos-LoRA-V5,81.48100280761719,82.42462988228225,84.46499633789062,2.0403664556083783,0.02504100815285537,1.0
AMZN,2018-05-31,10,Chronos-LoRA-V5,81.48100280761719,83.3300527100185,86.19300079345703,2.862948083438525,0.035136387437427086,1.0
AMZN,2018-05-31,20,Chronos-LoRA-V5,81.48100280761719,85.14038226255744,85.07250213623047,0.06788012632696905,0.0008330791716841812,1.0
AMZN,2018-09-21,1,Chronos-LoRA-V5,95.75050354003906,95.98600905734585,96.71800231933594,0.731993261990084,0.007644798042069745,1.0
AMZN,2018-09-21,5,Chronos-LoRA-V5,95.75050354003906,96.8681924740089,100.1500015258789,3.281809051870013,0.034274587918983634,1.0
AMZN,2018-09-21,10,Chronos-LoRA-V5,95.75050354003906,97.95724976478728,94.48249816894533,3.4747515958419513,0.03628964305539084,0.0
AMZN,2018-09-21,20,Chronos-LoRA-V5,95.75050354003906,100.00401829020545,88.20149993896484,11.802518351240607,0.1232632510000875,0.0
AMZN,2019-01-17,1,Chronos-LoRA-V5,84.66100311279297,84.86100761765046,84.80999755859375,0.051010059056707746,0.0006025213165588017,1.0
AMZN,2019-01-17,5,Chronos-LoRA-V5,84.66100311279297,85.62009890687347,83.52850341796875,2.0915954889047157,0.024705536339064027,0.0
AMZN,2019-01-17,10,Chronos-LoRA-V5,84.66100311279297,86.4636253746139,81.3115005493164,5.152124825297491,0.060855938813214494,0.0
AMZN,2019-01-17,20,Chronos-LoRA-V5,84.66100311279297,88.19562037209944,80.39749908447266,7.798121287626785,0.0921099561888894,0.0
AMZN,2019-05-13,1,Chronos-LoRA-V5,91.13400268554688,91.38671179306937,92.00599670410156,0.6192849110321959,0.006795322193506648,1.0
AMZN,2019-05-13,5,Chronos-LoRA-V5,91.13400268554688,92.32648091760937,92.94850158691406,0.622020669304689,0.006825341266430973,1.0
AMZN,2019-05-13,10,Chronos-LoRA-V5,91.13400268554688,93.4845477524244,91.82150268554688,1.6630450668775296,0.018248348781692236,1.0
AMZN,2019-05-13,20,Chronos-LoRA-V5,91.13400268554688,95.43590342181936,93.18499755859376,2.250905863225597,0.024698858789207634,1.0
AMZN,2019-09-04,1,Chronos-LoRA-V5,90.03099822998047,90.21085688595737,92.03600311279295,1.8251462268355851,0.02027242019657849,1.0
AMZN,2019-09-04,5,Chronos-LoRA-V5,90.03099822998047,90.84416679242268,91.14949798583984,0.3053311934171603,0.0033914007333031293,1.0
AMZN,2019-09-04,10,Chronos-LoRA-V5,90.03099822998047,91.64069017282638,90.8730010986328,0.7676890741935836,0.008526941712148517,1.0
AMZN,2019-09-04,20,Chronos-LoRA-V5,90.03099822998047,93.25246909924022,85.6614990234375,7.590970075802716,0.0843150717535297,0.0
AMZN,2019-12-26,1,Chronos-LoRA-V5,93.4384994506836,93.59314997675506,93.48999786376952,0.10315211298554061,0.0011039572937490139,1.0
AMZN,2019-12-26,5,Chronos-LoRA-V5,93.4384994506836,94.0409290992775,93.74849700927734,0.2924320900001618,0.0031296745101787593,1.0
AMZN,2019-12-26,10,Chronos-LoRA-V5,93.4384994506836,94.55922899512821,94.15799713134766,0.4012318637805521,0.004294074349859622,1.0
AMZN,2019-12-26,20,Chronos-LoRA-V5,93.4384994506836,95.65105881922703,91.41699981689452,4.234059002332515,0.04531385913969255,0.0
AMZN,2020-04-21,1,Chronos-LoRA-V5,116.40599822998048,116.66926560641771,118.17449951171876,1.5052339053010542,0.01293089641589762,1.0
AMZN,2020-04-21,5,Chronos-LoRA-V5,116.40599822998048,117.47212963197855,115.7040023803711,1.7681272516074529,0.015189313939941607,0.0
AMZN,2020-04-21,10,Chronos-LoRA-V5,116.40599822998048,118.47059712518653,115.88999938964844,2.580597735538092,0.022168941246822005,0.0
AMZN,2020-04-21,20,Chronos-LoRA-V5,116.40599822998048,120.64805103336178,122.46649932861328,1.8184482952514998,0.01562160303508442,1.0
AMZN,2020-08-12,1,Chronos-LoRA-V5,158.11199951171875,158.40104462354293,158.05099487304688,0.3500497504960549,0.0022139353848985577,0.0
AMZN,2020-08-12,5,Chronos-LoRA-V5,158.11199951171875,159.4141792408093,163.0240020751953,3.609822834386023,0.022830796179504897,1.0
AMZN,2020-08-12,10,Chronos-LoRA-V5,158.11199951171875,160.5976474651255,172.09249877929688,11.49485131417137,0.07270068906641969,1.0
AMZN,2020-08-12,20,Chronos-LoRA-V5,158.11199951171875,162.75297021735147,158.7554931640625,3.997477053288975,0.02528256593828404,1.0
AMZN,2020-12-03,1,Chronos-LoRA-V5,159.3365020751953,159.6317276417971,158.12899780273438,1.502729839062738,0.00943117126013937,0.0
AMZN,2020-12-03,5,Chronos-LoRA-V5,159.3365020751953,160.66183508950164,155.07449340820312,5.587341681298511,0.035066300618684876,0.0
AMZN,2020-12-03,10,Chronos-LoRA-V5,159.3365020751953,161.82116736253434,161.8040008544922,0.017166508042151918,0.00010773744759395854,1.0
AMZN,2020-12-03,20,Chronos-LoRA-V5,159.3365020751953,163.9122462808442,159.3314971923828,4.580749088461374,0.02874889952271953,0.0
AMZN,2021-03-30,1,Chronos-LoRA-V5,152.76449584960938,152.9351879842915,154.70399475097656,1.76880676668506,0.011578650895600617,1.0
AMZN,2021-03-30,5,Chronos-LoRA-V5,152.76449584960938,153.50748586503076,163.96949768066406,10.462011815633304,0.06848457658599383,1.0
AMZN,2021-03-30,10,Chronos-LoRA-V5,152.76449584960938,154.18257955792407,166.64999389648438,12.467414338560303,0.08161198889324361,1.0
AMZN,2021-03-30,20,Chronos-LoRA-V5,152.76449584960938,155.24807381072978,172.9250030517578,17.676929241028034,0.1157135965573457,1.0
AMZN,2021-07-22,1,Chronos-LoRA-V5,181.9015045166016,182.10544997045872,182.83200073242188,0.7265507619631535,0.003994198749998956,1.0
AMZN,2021-07-22,5,Chronos-LoRA-V5,181.9015045166016,182.81321341269543,179.99600219726562,2.8172112154298077,0.015487564123872755,0.0
AMZN,2021-07-22,10,Chronos-LoRA-V5,181.9015045166016,183.69040219736888,168.79949951171875,14.890902685650133,0.08186244927012742,0.0
AMZN,2021-07-22,20,Chronos-LoRA-V5,181.9015045166016,185.34448603799365,159.3874969482422,25.95698908975146,0.14269804506967365,0.0
AMZN,2021-11-11,1,Chronos-LoRA-V5,173.625,173.8479846684109,176.25750732421875,2.409522655807848,0.013877740278230855,1.0
AMZN,2021-11-11,5,Chronos-LoRA-V5,173.625,174.62337226010445,184.8029937744141,10.179621514309645,0.05862992952806123,1.0
AMZN,2021-11-11,10,Chronos-LoRA-V5,173.625,175.58283368312493,175.22799682617188,0.35483685695305667,0.0020436968003056943,1.0
AMZN,2021-11-11,20,Chronos-LoRA-V5,173.625,177.48369220570498,172.21200561523438,5.271686590470608,0.030362485762249647,0.0
AMZN,2022-03-08,1,Chronos-LoRA-V5,136.01449584960938,136.21387591796304,139.2790069580078,3.0651310400447755,0.022535326259885302,1.0
AMZN,2022-03-08,5,Chronos-LoRA-V5,136.01449584960938,136.79250375849165,147.3665008544922,10.57399709600054,0.07774169238323081,1.0
AMZN,2022-03-08,10,Chronos-LoRA-V5,136.01449584960938,137.35792938150735,164.88900756835938,27.531078186852028,0.20241282383087333,1.0
AMZN,2022-03-08,20,Chronos-LoRA-V5,136.01449584960938,138.67183556225007,164.05499267578125,25.383157113531183,0.18662096973544062,1.0
AMZN,2022-06-30,1,Chronos-LoRA-V5,106.20999908447266,106.19498334734273,109.55999755859376,3.3650142112510366,0.0316826498470707,0.0
AMZN,2022-06-30,5,Chronos-LoRA-V5,106.20999908447266,105.97846035068385,115.54000091552734,9.561540564843497,0.0900248625107215,0.0
AMZN,2022-06-30,10,Chronos-LoRA-V5,106.20999908447266,105.69844469140455,113.5500030517578,7.851558360353252,0.07392485103129154,0.0
AMZN,2022-06-30,20,Chronos-LoRA-V5,106.20999908447266,105.26223570399524,134.9499969482422,29.687761244246943,0.27951945673810985,0.0
AMZN,2022-10-21,1,Chronos-LoRA-V5,119.31999969482422,119.30879827236696,119.81999969482422,0.5112014224572619,0.004284289505235628,0.0
AMZN,2022-10-21,5,Chronos-LoRA-V5,119.31999969482422,119.02414991475503,103.41000366210938,15.614146252645654,0.13085942249900084,1.0
AMZN,2022-10-21,10,Chronos-LoRA-V5,119.31999969482422,118.55018140040853,90.9800033569336,27.57017804347494,0.23106082898080038,1.0
AMZN,2022-10-21,20,Chronos-LoRA-V5,119.31999969482422,117.7987331131604,94.13999938964844,23.658733723511958,0.198279699832569,1.0
AMZN,2023-02-15,1,Chronos-LoRA-V5,101.16000366210938,101.08700864870768,98.1500015258789,2.937007122828774,0.029033284069846954,1.0
AMZN,2023-02-15,5,Chronos-LoRA-V5,101.16000366210938,100.66709152622695,95.81999969482422,4.847091831402736,0.047915101383277925,1.0
AMZN,2023-02-15,10,Chronos-LoRA-V5,101.16000366210938,100.04889847894069,92.12999725341795,7.918901225522731,0.07828095036426785,1.0
AMZN,2023-02-15,20,Chronos-LoRA-V5,101.16000366210938,98.90994090698115,100.04000091552734,1.1300600085461951,0.011171015892019631,1.0
AMZN,2023-06-09,1,Chronos-LoRA-V5,123.43000030517578,123.4779466790509,126.56999969482422,3.092053015773317,0.0250510654470415,1.0
AMZN,2023-06-09,5,Chronos-LoRA-V5,123.43000030517578,123.52106061533323,125.48999786376952,1.9689372484362906,0.015951853225051993,1.0
AMZN,2023-06-09,10,Chronos-LoRA-V5,123.43000030517578,123.48211873672092,127.33000183105467,3.8478830943337528,0.031174617879121902,1.0
AMZN,2023-06-09,20,Chronos-LoRA-V5,123.43000030517578,123.23764845923498,128.77999877929688,5.5423503200618995,0.04490278138506565,0.0
AMZN,2023-10-03,1,Chronos-LoRA-V5,124.72000122070312,124.75330870945997,127.0,2.246691290540028,0.018013881242386454,1.0
AMZN,2023-10-03,5,Chronos-LoRA-V5,124.72000122070312,124.79398468294276,129.47999572753906,4.686011044596299,0.03757224982947194,1.0
AMZN,2023-10-03,10,Chronos-LoRA-V5,124.72000122070312,124.66732874656665,131.47000122070312,6.802672474136472,0.05454355682773404,0.0
AMZN,2023-10-03,20,Chronos-LoRA-V5,124.72000122070312,124.2716866595911,133.08999633789062,8.818309678299528,0.07070485561249096,0.0
AMZN,2024-01-26,1,Chronos-LoRA-V5,159.1199951171875,159.37734459535278,161.25999450683594,1.8826499114831563,0.011831636307533921,1.0
AMZN,2024-01-26,5,Chronos-LoRA-V5,159.1199951171875,160.24404007286606,171.80999755859375,11.565957485727694,0.07268701508700826,1.0
AMZN,2024-01-26,10,Chronos-LoRA-V5,159.1199951171875,161.28840559822763,174.4499969482422,13.161591350014561,0.08271488030351803,1.0
AMZN,2024-01-26,20,Chronos-LoRA-V5,159.1199951171875,163.0983862238167,174.72999572753906,11.631609503722359,0.07309960948123462,1.0
AMZN,2024-05-20,1,Chronos-LoRA-V5,183.5399932861328,183.87396334689234,183.1499938964844,0.7239694504079353,0.003944477917024236,0.0
AMZN,2024-05-20,5,Chronos-LoRA-V5,183.5399932861328,184.93807361572533,182.1499938964844,2.788079719240926,0.015190584184529232,0.0
AMZN,2024-05-20,10,Chronos-LoRA-V5,183.5399932861328,186.17489452771287,179.33999633789062,6.8348981898222405,0.03723928538651988,0.0
AMZN,2024-05-20,20,Chronos-LoRA-V5,183.5399932861328,188.45254653600364,182.80999755859372,5.642548977409916,0.030742885386365715,0.0
AMZN,2024-09-12,1,Chronos-LoRA-V5,187.0,187.213624609414,186.4900054931641,0.723619116249921,0.0038696209425129746,0.0
AMZN,2024-09-12,5,Chronos-LoRA-V5,187.0,187.83310784822544,189.8699951171875,2.0368872689620616,0.010892445288567032,1.0
AMZN,2024-09-12,10,Chronos-LoRA-V5,187.0,188.48239107291616,191.16000366210935,2.6776125891931883,0.014318783899428755,1.0
AMZN,2024-09-12,20,Chronos-LoRA-V5,187.0,190.1278234057706,186.6499938964844,3.4778295092862095,0.018598018766236457,0.0
AMZN,2025-01-06,1,Chronos-LoRA-V5,227.6100006103516,228.12264888285475,222.1100006103516,6.0126482725031565,0.026416450315802642,0.0
AMZN,2025-01-06,5,Chronos-LoRA-V5,227.6100006103516,229.90656097836336,217.75999450683597,12.146566471527393,0.05336569763611243,0.0
AMZN,2025-01-06,10,Chronos-LoRA-V5,227.6100006103516,231.97640552726608,235.00999450683597,3.0335889795698847,0.01332801270346251,1.0
AMZN,2025-01-06,20,Chronos-LoRA-V5,227.6100006103516,236.73676540246205,236.1699981689453,0.5667672335167424,0.0024900805412630955,1.0
AMZN,2025-05-01,1,Chronos-LoRA-V5,190.1999969482422,190.4908644966302,189.97999572753903,0.5108687690911609,0.0026859557165512804,0.0
AMZN,2025-05-01,5,Chronos-LoRA-V5,190.1999969482422,191.47899134949387,192.0800018310547,0.6010104815608202,0.0031598869148476982,1.0
AMZN,2025-05-01,10,Chronos-LoRA-V5,190.1999969482422,192.58201251924797,205.1699981689453,12.587985649697345,0.06618289091309926,1.0
AMZN,2025-05-01,20,Chronos-LoRA-V5,190.1999969482422,194.97461992161843,205.00999450683597,10.03537458521754,0.05276222264056285,1.0
AMZN,2025-08-25,1,Chronos-LoRA-V5,227.94000244140625,228.35316650911395,228.7100067138672,0.3568402047532402,0.0015655005744108497,1.0
AMZN,2025-08-25,5,Chronos-LoRA-V5,227.94000244140625,229.65712881226239,225.33999633789065,4.317132474371732,0.018939775502904488,0.0
AMZN,2025-08-25,10,Chronos-LoRA-V5,227.94000244140625,231.1175554152978,238.2400054931641,7.12245007786629,0.03124703870132306,1.0
AMZN,2025-08-25,20,Chronos-LoRA-V5,227.94000244140625,234.2511185091757,220.7100067138672,13.541111795308524,0.0594064738539668,0.0
AMZN,2025-12-16,1,Chronos-LoRA-V5,222.55999755859372,222.8891858628086,221.2700042724609,1.6191815903476936,0.00727525884305158,0.0
AMZN,2025-12-16,5,Chronos-LoRA-V5,222.55999755859372,223.99942513773752,232.13999938964844,8.14057425191092,0.03657698751442395,1.0
AMZN,2025-12-16,10,Chronos-LoRA-V5,222.55999755859372,225.1969234136835,230.82000732421875,5.623083910535257,0.02526547435396531,1.0
AMZN,2025-12-16,20,Chronos-LoRA-V5,222.55999755859372,227.13925905734413,238.17999267578125,11.040733618437116,0.04960789782328434,1.0
AMZN,2026-04-13,1,Chronos-LoRA-V5,239.88999938964844,240.35852225241086,249.0200042724609,8.661482020050045,0.03610605711821013,1.0
AMZN,2026-04-13,5,Chronos-LoRA-V5,239.88999938964844,241.53508563701595,248.27999877929688,6.744913142280922,0.02811669164801356,1.0
AMZN,2026-04-13,10,Chronos-LoRA-V5,239.88999938964844,242.9221048501204,261.1199951171875,18.197890267067095,0.07585931182361882,1.0
AMZN,2026-04-13,20,Chronos-LoRA-V5,239.88999938964844,245.86338860860985,268.989990234375,23.126601625765147,0.09640502598943712,1.0
AMZN,2026-08-06,1,Chronos-LoRA-V5,272.260009765625,272.79175364621887,274.4800109863281,1.68825734010926,0.0062009009019083905,1.0
AMZN,2026-08-06,5,Chronos-LoRA-V5,272.260009765625,274.12707883441965,265.1300048828125,8.997073951607149,0.03304588859506863,0.0
AMZN,2026-08-06,10,Chronos-LoRA-V5,272.260009765625,275.70125810602633,260.1099853515625,15.59127275446383,0.05726611399112769,0.0
AMZN,2026-08-06,20,Chronos-LoRA-V5,272.260009765625,279.0394295464668,258.8999938964844,20.13943564998243,0.07397133228386898,0.0
ENPH,2013-06-11,1,Chronos-LoRA-V5,6.800000190734863,6.792355846888841,6.170000076293945,0.6223557705948961,0.09152290487327763,1.0
ENPH,2013-06-11,5,Chronos-LoRA-V5,6.800000190734863,6.7427261909112755,6.909999847412109,0.16727365650083392,0.024599066442490325,0.0
ENPH,2013-06-11,10,Chronos-LoRA-V5,6.800000190734863,6.6748538228242635,6.820000171661377,0.14514634883711341,0.02134505070086301,0.0
ENPH,2013-06-11,20,Chronos-LoRA-V5,6.800000190734863,6.5356366530504255,7.980000019073486,1.4443633660230608,0.21240637139849416,0.0
ENPH,2013-09-16,1,Chronos-LoRA-V5,8.140000343322754,8.140378249039395,8.079999923706055,0.060378325333340754,0.007417484371836647,0.0
ENPH,2013-09-16,5,Chronos-LoRA-V5,8.140000343322754,8.112781434406777,8.520000457763672,0.40721902335689464,0.050026904936304684,0.0
ENPH,2013-09-16,10,Chronos-LoRA-V5,8.140000343322754,8.069966168676242,8.119999885559082,0.050033716882840196,0.00614664800645659,1.0
ENPH,2013-09-16,20,Chronos-LoRA-V5,8.140000343322754,7.987560591178715,8.75,0.7624394088212849,0.09366577108890606,0.0
ENPH,2013-12-20,1,Chronos-LoRA-V5,5.699999809265137,5.69384781747799,5.610000133514404,0.08384768396358577,0.014710120485845413,1.0
ENPH,2013-12-20,5,Chronos-LoRA-V5,5.699999809265137,5.6482656689915824,6.389999866485596,0.7417341974940133,0.1301288109323009,0.0
ENPH,2013-12-20,10,Chronos-LoRA-V5,5.699999809265137,5.5894186235592676,7.539999961853027,1.9505813382937598,0.3422072637832658,0.0
ENPH,2013-12-20,20,Chronos-LoRA-V5,5.699999809265137,5.450471765817536,8.079999923706055,2.629528157888519,0.4613207448909592,0.0
ENPH,2014-03-31,1,Chronos-LoRA-V5,7.360000133514404,7.353247511216436,7.900000095367432,0.5467525841509957,0.07428703454247376,0.0
ENPH,2014-03-31,5,Chronos-LoRA-V5,7.360000133514404,7.317329397524551,7.739999771118164,0.42267037359361304,0.057428038848660656,0.0
ENPH,2014-03-31,10,Chronos-LoRA-V5,7.360000133514404,7.274014201187978,7.210000038146973,0.06401416304100493,0.008697576342357793,1.0
ENPH,2014-03-31,20,Chronos-LoRA-V5,7.360000133514404,7.159285471823195,7.320000171661377,0.16071469983818165,0.021836235994936004,1.0
ENPH,2014-07-08,1,Chronos-LoRA-V5,9.15999984741211,9.170411998547324,9.260000228881836,0.08958823033451147,0.009780374653589385,1.0
ENPH,2014-07-08,5,Chronos-LoRA-V5,9.15999984741211,9.201512074137996,9.539999961853027,0.338487887715031,0.036952826785325854,1.0
ENPH,2014-07-08,10,Chronos-LoRA-V5,9.15999984741211,9.220843462369062,11.59000015258789,2.369156690218828,0.25864156437602603,1.0
ENPH,2014-07-08,20,Chronos-LoRA-V5,9.15999984741211,9.237040325950261,9.699999809265137,0.4629594833148758,0.0505414291514068,1.0
ENPH,2014-10-10,1,Chronos-LoRA-V5,10.550000190734863,10.581655495470276,10.140000343322754,0.44165515214752205,0.041863046840073914,0.0
ENPH,2014-10-10,5,Chronos-LoRA-V5,10.550000190734863,10.683350399486086,12.020000457763672,1.336650058277586,0.12669668569783044,1.0
ENPH,2014-10-10,10,Chronos-LoRA-V5,10.550000190734863,10.811924286059075,13.399999618530272,2.588075332471197,0.2453151929555486,1.0
ENPH,2014-10-10,20,Chronos-LoRA-V5,10.550000190734863,10.9896591027488,11.800000190734863,0.810341087986064,0.0768095804109763,1.0
ENPH,2015-01-20,1,Chronos-LoRA-V5,10.600000381469728,10.62113538094823,10.43000030517578,0.1911350757724506,0.01803161027301292,0.0
ENPH,2015-01-20,5,Chronos-LoRA-V5,10.600000381469728,10.684180486432904,12.130000114440918,1.4458196280080138,0.13639807320530917,1.0
ENPH,2015-01-20,10,Chronos-LoRA-V5,10.600000381469728,10.761536302997728,13.65999984741211,2.8984635444143816,0.27343994717974707,1.0
ENPH,2015-01-20,20,Chronos-LoRA-V5,10.600000381469728,10.872228241239133,14.06999969482422,3.197771453585087,0.3016765413683602,1.0
ENPH,2015-04-27,1,Chronos-LoRA-V5,13.0,13.031242935819213,13.210000038146973,0.17875710232775965,0.013750546332904623,1.0
ENPH,2015-04-27,5,Chronos-LoRA-V5,13.0,13.135218923080329,12.18000030517578,0.9552186179045492,0.07347835522342683,0.0
ENPH,2015-04-27,10,Chronos-LoRA-V5,13.0,13.238695154869252,10.579999923706056,2.658695231163195,0.20451501778178416,0.0
ENPH,2015-04-27,20,Chronos-LoRA-V5,13.0,13.42112195556479,9.789999961853027,3.631121993711762,0.2793170764393663,0.0
ENPH,2015-08-03,1,Chronos-LoRA-V5,5.46999979019165,5.474655739160611,5.639999866485596,0.1653441273249845,0.030227446739845565,1.0
ENPH,2015-08-03,5,Chronos-LoRA-V5,5.46999979019165,5.479699595511483,6.139999866485596,0.6603002709741128,0.12071303405863154,1.0
ENPH,2015-08-03,10,Chronos-LoRA-V5,5.46999979019165,5.477027001757158,5.599999904632568,0.12297290287541074,0.022481335940069958,1.0
ENPH,2015-08-03,20,Chronos-LoRA-V5,5.46999979019165,5.465573854302057,4.599999904632568,0.8655739496694883,0.1582402162467289,1.0
ENPH,2015-11-05,1,Chronos-LoRA-V5,2.299999952316284,2.294829251656993,2.190000057220459,0.10482919443653405,0.045577911569503526,1.0
ENPH,2015-11-05,5,Chronos-LoRA-V5,2.299999952316284,2.2771088937404786,1.8600000143051147,0.4171088794353639,0.18135169047082011,1.0
ENPH,2015-11-05,10,Chronos-LoRA-V5,2.299999952316284,2.249942028107479,1.7300000190734863,0.5199420090339926,0.2260617477449811,1.0
ENPH,2015-11-05,20,Chronos-LoRA-V5,2.299999952316284,2.2139761417947543,2.0799999237060547,0.13397621808869964,0.058250530811435386,1.0
ENPH,2016-02-16,1,Chronos-LoRA-V5,2.130000114440918,2.1208239094173216,2.240000009536743,0.11917610011942159,0.05595121770718925,0.0
ENPH,2016-02-16,5,Chronos-LoRA-V5,2.130000114440918,2.071215631465778,2.3499999046325684,0.27878427316679044,0.13088462825738645,0.0
ENPH,2016-02-16,10,Chronos-LoRA-V5,2.130000114440918,2.0061363391888425,2.440000057220459,0.4338637180316165,0.20369187545583622,0.0
ENPH,2016-02-16,20,Chronos-LoRA-V5,2.130000114440918,1.9075547244421898,2.6700000762939453,0.7624453518517555,0.35795554501736826,0.0
ENPH,2016-05-20,1,Chronos-LoRA-V5,1.850000023841858,1.843021494646924,1.9800000190734863,0.13697852442656222,0.07404244468175813,0.0
ENPH,2016-05-20,5,Chronos-LoRA-V5,1.850000023841858,1.8112430902287049,2.109999895095825,0.2987568048671203,0.16149016271183492,0.0
ENPH,2016-05-20,10,Chronos-LoRA-V5,1.850000023841858,1.769783313313705,2.289999961853028,0.5202166485393227,0.2811981847756948,0.0
ENPH,2016-05-20,20,Chronos-LoRA-V5,1.850000023841858,1.6961036620693928,2.140000104904175,0.443896442834782,0.23994402006165982,0.0
ENPH,2016-08-26,1,Chronos-LoRA-V5,1.809999942779541,1.8059043263307233,1.840000033378601,0.03409570704787779,0.018837407804288886,0.0
ENPH,2016-08-26,5,Chronos-LoRA-V5,1.809999942779541,1.7871789807962415,1.8200000524520876,0.032821071655846135,0.0181331893333897,0.0
ENPH,2016-08-26,10,Chronos-LoRA-V5,1.809999942779541,1.762437473420642,1.7999999523162842,0.037562478895642126,0.02075275142714028,1.0
ENPH,2016-08-26,20,Chronos-LoRA-V5,1.809999942779541,1.7047239684908344,1.2000000476837158,0.5047239208071186,0.27885300373658317,1.0
ENPH,2016-12-01,1,Chronos-LoRA-V5,1.1100000143051147,1.1058438182502033,1.1399999856948853,0.03415616744468197,0.030771321625670867,0.0
ENPH,2016-12-01,5,Chronos-LoRA-V5,1.1100000143051147,1.0868495215088478,1.340000033378601,0.25315051186975324,0.22806352126781837,0.0
ENPH,2016-12-01,10,Chronos-LoRA-V5,1.1100000143051147,1.0624647691381146,1.1799999475479126,0.11753517840979799,0.10588754675231049,0.0
ENPH,2016-12-01,20,Chronos-LoRA-V5,1.1100000143051147,1.0170814855159986,1.0099999904632568,0.007081495052741804,0.006379725190521768,1.0
ENPH,2017-03-13,1,Chronos-LoRA-V5,1.2300000190734863,1.226171997754303,1.2799999713897705,0.05382797363546743,0.043762579512815036,0.0
ENPH,2017-03-13,5,Chronos-LoRA-V5,1.2300000190734863,1.2035162039835463,1.340000033378601,0.13648382939505477,0.11096246120212505,0.0
ENPH,2017-03-13,10,Chronos-LoRA-V5,1.2300000190734863,1.1739788269591165,1.2400000095367432,0.06602118257762668,0.05367575736084784,0.0
ENPH,2017-03-13,20,Chronos-LoRA-V5,1.2300000190734863,1.1176145654810064,1.350000023841858,0.23238545836085156,0.1889312640303037,0.0
ENPH,2017-06-16,1,Chronos-LoRA-V5,0.7699999809265137,0.7675122196552663,0.800000011920929,0.032487792265662674,0.04219193905248064,0.0
ENPH,2017-06-16,5,Chronos-LoRA-V5,0.7699999809265137,0.7550130557318306,0.8899999856948853,0.1349869299630546,0.17530770559322573,0.0
ENPH,2017-06-16,10,Chronos-LoRA-V5,0.7699999809265137,0.7381404751757552,0.8700000047683716,0.13185952959261638,0.17124614656997073,0.0
ENPH,2017-06-16,20,Chronos-LoRA-V5,0.7699999809265137,0.7028842179888432,0.800000011920929,0.0971157939320858,0.12612441082820525,0.0
ENPH,2017-09-22,1,Chronos-LoRA-V5,1.409999966621399,1.4043237697144837,1.3600000143051147,0.04432375540936895,0.03143528826853548,1.0
ENPH,2017-09-22,5,Chronos-LoRA-V5,1.409999966621399,1.3793093702686479,1.5199999809265137,0.1406906106578658,0.09978057729673895,0.0
ENPH,2017-09-22,10,Chronos-LoRA-V5,1.409999966621399,1.3487975167032202,1.4900000095367432,0.14120249283352293,0.10014361430934526,0.0
ENPH,2017-09-22,20,Chronos-LoRA-V5,1.409999966621399,1.2972536194609252,1.3700000047683716,0.07274638530744637,0.05159318229046428,1.0
ENPH,2017-12-28,1,Chronos-LoRA-V5,2.490000009536743,2.487040378115773,2.4100000858306885,0.07704029228508436,0.03093987630121231,1.0
ENPH,2017-12-28,5,Chronos-LoRA-V5,2.490000009536743,2.4685069094185907,2.470000028610229,0.0014931191916383035,0.0005996462594054508,1.0
ENPH,2017-12-28,10,Chronos-LoRA-V5,2.490000009536743,2.4408927034493684,2.240000009536743,0.2008926939126252,0.08067979644305323,1.0
ENPH,2017-12-28,20,Chronos-LoRA-V5,2.490000009536743,2.3885143401182805,2.0299999713897705,0.35851436872850995,0.14398167363670422,1.0
ENPH,2018-04-09,1,Chronos-LoRA-V5,4.150000095367432,4.154664469899585,4.0,0.15466446989958538,0.037268546107320555,0.0
ENPH,2018-04-09,5,Chronos-LoRA-V5,4.150000095367432,4.162287256781741,3.9600000381469727,0.20228721863476817,0.048743906984623275,0.0
ENPH,2018-04-09,10,Chronos-LoRA-V5,4.150000095367432,4.17419387436623,4.960000038146973,0.7858061637807428,0.18935087848743026,1.0
ENPH,2018-04-09,20,Chronos-LoRA-V5,4.150000095367432,4.1915876440432935,4.590000152587891,0.3984125085445971,0.09600301190097271,1.0
ENPH,2018-07-13,1,Chronos-LoRA-V5,7.039999961853027,7.051113797458985,6.730000019073486,0.3211137783854987,0.04561275285873401,0.0
ENPH,2018-07-13,5,Chronos-LoRA-V5,7.039999961853027,7.07946246513561,6.760000228881836,0.31946223625377446,0.04537815880466112,0.0
ENPH,2018-07-13,10,Chronos-LoRA-V5,7.039999961853027,7.114295827043389,5.590000152587891,1.524295674455498,0.21651927311293362,0.0
ENPH,2018-07-13,20,Chronos-LoRA-V5,7.039999961853027,7.189954814142734,5.710000038146973,1.4799547759957612,0.21022085000213786,0.0
ENPH,2018-10-18,1,Chronos-LoRA-V5,4.869999885559082,4.881291929495495,4.739999771118164,0.14129215837733078,0.029012764208948383,0.0
ENPH,2018-10-18,5,Chronos-LoRA-V5,4.869999885559082,4.90542138317058,4.400000095367432,0.5054212878031485,0.10378260773719206,0.0
ENPH,2018-10-18,10,Chronos-LoRA-V5,4.869999885559082,4.928458114704078,4.909999847412109,0.018458267291968866,0.003790198711647319,1.0
ENPH,2018-10-18,20,Chronos-LoRA-V5,4.869999885559082,4.974032620332937,5.539999961853027,0.5659673415200901,0.11621506259134473,1.0
ENPH,2019-01-28,1,Chronos-LoRA-V5,6.900000095367432,6.922612540310405,7.099999904632568,0.17738736432216307,0.025708313314554587,1.0
ENPH,2019-01-28,5,Chronos-LoRA-V5,6.900000095367432,6.985729796353444,7.0,0.01427020364655629,0.0020681454274380506,1.0
ENPH,2019-01-28,10,Chronos-LoRA-V5,6.900000095367432,7.046766215462926,7.730000019073486,0.6832338036105607,0.09901939045903418,1.0
ENPH,2019-01-28,20,Chronos-LoRA-V5,6.900000095367432,7.166500031471509,8.09000015258789,0.9235001211163816,0.1338405954133839,1.0
ENPH,2019-05-06,1,Chronos-LoRA-V5,13.75,13.821240766070806,14.210000038146973,0.38875927207616634,0.028273401605539483,1.0
ENPH,2019-05-06,5,Chronos-LoRA-V5,13.75,14.05595154282649,13.6899995803833,0.36595196244318906,0.02661468817768642,0.0
ENPH,2019-05-06,10,Chronos-LoRA-V5,13.75,14.315207183795447,14.3100004196167,0.005206764178748102,0.00037867375845457296,1.0
ENPH,2019-05-06,20,Chronos-LoRA-V5,13.75,14.76388807935805,15.970000267028809,1.2061121876707581,0.08771725001241881,1.0
ENPH,2019-08-09,1,Chronos-LoRA-V5,31.850000381469727,32.17615937869049,30.899999618530277,1.2761597601602155,0.04006780988620273,0.0
ENPH,2019-08-09,5,Chronos-LoRA-V5,31.850000381469727,33.431519404656726,32.029998779296875,1.4015206253598507,0.04400378676840622,1.0
ENPH,2019-08-09,10,Chronos-LoRA-V5,31.850000381469727,35.04355319089183,33.400001525878906,1.6435516650129216,0.051602877404332226,1.0
ENPH,2019-08-09,20,Chronos-LoRA-V5,31.850000381469727,38.03995331227364,23.799999237060547,14.239954075213092,0.4470943141180579,0.0
ENPH,2019-11-14,1,Chronos-LoRA-V5,18.989999771118164,19.067918353535646,19.31999969482422,0.25208134128857296,0.01327442571494708,1.0
ENPH,2019-11-14,5,Chronos-LoRA-V5,18.989999771118164,19.35059838556249,18.81999969482422,0.5305986907382696,0.02794095298227739,0.0
ENPH,2019-11-14,10,Chronos-LoRA-V5,18.989999771118164,19.68742365284565,21.8700008392334,2.18257718638775,0.11493297591857932,1.0
ENPH,2019-11-14,20,Chronos-LoRA-V5,18.989999771118164,20.40596831749519,24.6200008392334,4.214032521738208,0.22190798170241788,1.0
ENPH,2020-02-24,1,Chronos-LoRA-V5,55.2599983215332,55.7255420034104,50.900001525878906,4.825540477531497,0.08732429649117679,0.0
ENPH,2020-02-24,5,Chronos-LoRA-V5,55.2599983215332,57.37400276376264,51.400001525878906,5.9740012378837335,0.10810715561596096,0.0
ENPH,2020-02-24,10,Chronos-LoRA-V5,55.2599983215332,59.40252797137294,43.380001068115234,16.022526903257706,0.28994801646626545,0.0
ENPH,2020-02-24,20,Chronos-LoRA-V5,55.2599983215332,62.98252073738918,27.51000022888184,35.472520508507344,0.6419204051022336,0.0
ENPH,2020-06-01,1,Chronos-LoRA-V5,59.68000030517578,60.099054092900936,56.95000076293945,3.1490533299614825,0.05276563863704242,0.0
ENPH,2020-06-01,5,Chronos-LoRA-V5,59.68000030517578,61.59775929157952,52.900001525878906,8.697757765700615,0.14573990819745852,0.0
ENPH,2020-06-01,10,Chronos-LoRA-V5,59.68000030517578,63.31070174739847,50.45000076293945,12.860700984459015,0.2154943183427508,0.0
ENPH,2020-06-01,20,Chronos-LoRA-V5,59.68000030517578,67.17636779758439,47.45000076293945,19.726367034644937,0.330535638970735,0.0
ENPH,2020-09-03,1,Chronos-LoRA-V5,67.80000305175781,68.30099478506101,66.16000366210938,2.1409911229516325,0.03157803874016374,0.0
ENPH,2020-09-03,5,Chronos-LoRA-V5,67.80000305175781,70.11194352441724,65.0999984741211,5.0119450502961485,0.07392249003986151,0.0
ENPH,2020-09-03,10,Chronos-LoRA-V5,67.80000305175781,72.46346898562814,68.2699966430664,4.1934723425617335,0.06185062173759026,1.0
ENPH,2020-09-03,20,Chronos-LoRA-V5,67.80000305175781,76.93104075869739,90.43000030517578,13.498959546478389,0.19909968936392852,1.0
ENPH,2020-12-10,1,Chronos-LoRA-V5,131.2100067138672,132.3182926813436,139.91000366210938,7.591710980765782,0.057859237804333,1.0
ENPH,2020-12-10,5,Chronos-LoRA-V5,131.2100067138672,136.62215582482384,163.52000427246094,26.897848447637102,0.20499845340526424,1.0
ENPH,2020-12-10,10,Chronos-LoRA-V5,131.2100067138672,141.7690545765089,181.38999938964844,39.620944813139545,0.30196587749242254,1.0
ENPH,2020-12-10,20,Chronos-LoRA-V5,131.2100067138672,152.21356120474903,201.67999267578125,49.46643147103222,0.3770019734768011,1.0
ENPH,2021-03-19,1,Chronos-LoRA-V5,154.9499969482422,156.000447806668,161.11000061035156,5.109552803683556,0.03297549470356098,1.0
ENPH,2021-03-19,5,Chronos-LoRA-V5,154.9499969482422,160.18286185381507,152.07000732421875,8.11285452959632,0.05235788763717264,0.0
ENPH,2021-03-19,10,Chronos-LoRA-V5,154.9499969482422,165.49982342527414,149.4199981689453,16.07982525632883,0.10377428572457459,0.0
ENPH,2021-03-19,20,Chronos-LoRA-V5,154.9499969482422,175.60174485669035,141.13999938964844,34.46174546704191,0.2224055898403995,0.0
ENPH,2021-06-25,1,Chronos-LoRA-V5,175.38999938964844,176.7720111778203,188.3300018310547,11.557990653234384,0.06589880092055322,1.0
ENPH,2021-06-25,5,Chronos-LoRA-V5,175.38999938964844,181.8741378380114,186.41000366210935,4.535865824097954,0.025861598950240205,1.0
ENPH,2021-06-25,10,Chronos-LoRA-V5,175.38999938964844,188.36672450258624,185.72000122070312,2.646723281883112,0.015090502828517316,1.0
ENPH,2021-06-25,20,Chronos-LoRA-V5,175.38999938964844,201.48698661386567,176.67999267578125,24.806993938084418,0.14143904455448975,1.0
ENPH,2021-09-30,1,Chronos-LoRA-V5,149.97000122070312,150.6572833257485,155.36000061035156,4.702717284603068,0.031357719852801225,1.0
ENPH,2021-09-30,5,Chronos-LoRA-V5,149.97000122070312,153.07350362834867,157.22999572753906,4.1564920991903875,0.02771549020042685,1.0
ENPH,2021-09-30,10,Chronos-LoRA-V5,149.97000122070312,156.07317969187136,173.77999877929688,17.706819087425515,0.11806907343667561,1.0
ENPH,2021-09-30,20,Chronos-LoRA-V5,149.97000122070312,162.40020850244866,224.4600067138672,62.059798211418524,0.41381474765802206,1.0
ENPH,2022-01-06,1,Chronos-LoRA-V5,151.49000549316406,152.14317136375857,145.1300048828125,7.013166480946069,0.04629458199645076,0.0
ENPH,2022-01-06,5,Chronos-LoRA-V5,151.49000549316406,154.55803423108745,143.49000549316406,11.068028737923385,0.07306111516658975,0.0
ENPH,2022-01-06,10,Chronos-LoRA-V5,151.49000549316406,157.74791515746827,126.0199966430664,31.727918514401864,0.20943902147943072,0.0
ENPH,2022-01-06,20,Chronos-LoRA-V5,151.49000549316406,163.48461599098792,141.22999572753906,22.254620263448857,0.1469048746219307,0.0
ENPH,2022-04-13,1,Chronos-LoRA-V5,193.22999572753903,193.6993633474343,190.50999450683597,3.1893688405983482,0.01650555768316353,0.0
ENPH,2022-04-13,5,Chronos-LoRA-V5,193.22999572753903,195.17644356794077,156.55999755859375,38.616446009347015,0.19984705720222407,0.0
ENPH,2022-04-13,10,Chronos-LoRA-V5,193.22999572753903,196.89367874905997,164.47000122070312,32.42367752835685,0.16779836591248154,0.0
ENPH,2022-04-13,20,Chronos-LoRA-V5,193.22999572753903,200.32360365896426,140.94000244140625,59.38360121755801,0.30732082249430326,0.0
ENPH,2022-07-22,1,Chronos-LoRA-V5,211.5399932861328,212.0869041069659,218.5500030517578,6.463098944791909,0.030552610144266135,1.0
ENPH,2022-07-22,5,Chronos-LoRA-V5,211.5399932861328,213.58940942773117,284.17999267578125,70.59058324805008,0.333698522683453,1.0
ENPH,2022-07-22,10,Chronos-LoRA-V5,211.5399932861328,215.22998980027756,300.9100036621094,85.68001386183181,0.40502985998462937,1.0
ENPH,2022-07-22,20,Chronos-LoRA-V5,211.5399932861328,218.51378317303366,283.70001220703125,65.18622903399759,0.3081508513892479,1.0
ENPH,2022-10-26,1,Chronos-LoRA-V5,291.8699951171875,292.86210257893316,306.0799865722656,13.217883993332464,0.04528688873285991,1.0
ENPH,2022-10-26,5,Chronos-LoRA-V5,291.8699951171875,295.2263608703477,289.5,5.726360870347719,0.019619559962128164,0.0
ENPH,2022-10-26,10,Chronos-LoRA-V5,291.8699951171875,297.5785111340818,284.75,12.828511134081793,0.043952826082486185,0.0
ENPH,2022-10-26,20,Chronos-LoRA-V5,291.8699951171875,303.0868588584391,315.7799987792969,12.693139920857789,0.043489019540228435,1.0
ENPH,2023-02-03,1,Chronos-LoRA-V5,222.92999267578125,223.03367269533513,222.9900054931641,0.04366720217103648,0.00019587854306601926,1.0
ENPH,2023-02-03,5,Chronos-LoRA-V5,222.92999267578125,222.8129726614076,212.07000732421875,10.74296533718885,0.048189860898676384,1.0
ENPH,2023-02-03,10,Chronos-LoRA-V5,222.92999267578125,222.17547138775532,204.9900054931641,17.185465894591232,0.0770890703772863,1.0
ENPH,2023-02-03,20,Chronos-LoRA-V5,222.92999267578125,221.1923682196246,225.3500061035156,4.157637883890999,0.01864997093476639,0.0
ENPH,2023-05-11,1,Chronos-LoRA-V5,160.7899932861328,160.8447885406626,167.5500030517578,6.705214511095221,0.041701690348123766,1.0
ENPH,2023-05-11,5,Chronos-LoRA-V5,160.7899932861328,160.79422102997117,163.72000122070312,2.925780190731956,0.01819628280925034,1.0
ENPH,2023-05-11,10,Chronos-LoRA-V5,160.7899932861328,160.63468938401448,164.58999633789062,3.9553069538761463,0.02459921089017969,0.0
ENPH,2023-05-11,20,Chronos-LoRA-V5,160.7899932861328,160.27472775594063,174.5800018310547,14.305274075114056,0.08896868382634471,0.0
ENPH,2023-08-18,1,Chronos-LoRA-V5,130.33999633789062,130.15448825216896,130.16000366210938,0.005515409940414884,4.2315560038197475e-05,1.0
ENPH,2023-08-18,5,Chronos-LoRA-V5,130.33999633789062,129.28745799730746,124.08999633789062,5.197461659416831,0.039876183868710946,1.0
ENPH,2023-08-18,10,Chronos-LoRA-V5,130.33999633789062,128.12941956537944,128.72999572753906,0.6005761621596264,0.004607765682321352,1.0
ENPH,2023-08-18,20,Chronos-LoRA-V5,130.33999633789062,126.57234210781651,117.16000366210938,9.412338445707135,0.07221373876140669,1.0
ENPH,2023-11-22,1,Chronos-LoRA-V5,100.1999969482422,100.11627005667172,100.22000122070312,0.10373116403140159,0.0010352411895280245,0.0
ENPH,2023-11-22,5,Chronos-LoRA-V5,100.1999969482422,99.42880848486128,101.0199966430664,1.591188158205128,0.015880121823028115,0.0
ENPH,2023-11-22,10,Chronos-LoRA-V5,100.1999969482422,98.3909394018642,107.16999816894533,8.779058767081125,0.08761535962536915,0.0
ENPH,2023-11-22,20,Chronos-LoRA-V5,100.1999969482422,96.61954509391879,133.86000061035156,37.240455516432775,0.37166124401849177,0.0
ENPH,2024-03-04,1,Chronos-LoRA-V5,123.97000122070312,123.93730690420043,125.08999633789062,1.152689433690199,0.009298131986286484,0.0
ENPH,2024-03-04,5,Chronos-LoRA-V5,123.97000122070312,123.55763267852402,128.69000244140625,5.1323697628822345,0.04140009447725268,0.0
ENPH,2024-03-04,10,Chronos-LoRA-V5,123.97000122070312,122.93502483586501,111.19000244140624,11.745022394458772,0.09474084277493211,1.0
ENPH,2024-03-04,20,Chronos-LoRA-V5,123.97000122070312,121.38155065251594,113.5500030517578,7.831547600758142,0.0631729250918992,1.0
ENPH,2024-06-07,1,Chronos-LoRA-V5,122.75,122.75035752869415,130.6699981689453,7.91964064025116,0.06451845735438821,1.0
ENPH,2024-06-07,5,Chronos-LoRA-V5,122.75,122.40301635446112,124.61000061035156,2.206984255890447,0.017979505139636975,0.0
ENPH,2024-06-07,10,Chronos-LoRA-V5,122.75,121.70059975237466,108.0199966430664,13.680603109308251,0.11145094182735849,1.0
ENPH,2024-06-07,20,Chronos-LoRA-V5,122.75,120.1282390773254,103.58999633789062,16.53824273943478,0.13473110174692282,1.0
ENPH,2024-09-16,1,Chronos-LoRA-V5,111.48999786376952,111.29956161164452,118.52999877929688,7.2304371676523544,0.06485278774950998,0.0
ENPH,2024-09-16,5,Chronos-LoRA-V5,111.48999786376952,110.18300131245559,117.0,6.816998687544412,0.06114448666394423,0.0
ENPH,2024-09-16,10,Chronos-LoRA-V5,111.48999786376952,108.72647199984875,113.0199966430664,4.293524643217651,0.038510402058343884,0.0
ENPH,2024-09-16,20,Chronos-LoRA-V5,111.48999786376952,106.00239516223722,101.47000122070312,4.532393941534096,0.04065291979888874,1.0
ENPH,2024-12-19,1,Chronos-LoRA-V5,65.80000305175781,65.64671321588332,71.44999694824219,5.803283732358864,0.08819579731317095,0.0
ENPH,2024-12-19,5,Chronos-LoRA-V5,65.80000305175781,64.99069563061666,72.12999725341797,7.139301622801312,0.10850001963047917,0.0
ENPH,2024-12-19,10,Chronos-LoRA-V5,65.80000305175781,64.09750999024959,71.37999725341797,7.2824872631683775,0.11067609309136384,0.0
ENPH,2024-12-19,20,Chronos-LoRA-V5,65.80000305175781,62.249448425820276,60.9900016784668,1.2594467473534792,0.019140527187556655,1.0
ENPH,2025-04-01,1,Chronos-LoRA-V5,62.38999938964844,62.27430686566737,62.52000045776367,0.24569359209630193,0.003938028442056152,0.0
ENPH,2025-04-01,5,Chronos-LoRA-V5,62.38999938964844,61.68327989157787,49.52000045776367,12.163279433814196,0.19495559469154755,1.0
ENPH,2025-04-01,10,Chronos-LoRA-V5,62.38999938964844,60.93119308368109,53.06999969482422,7.861193388856869,0.1260008569604374,1.0
ENPH,2025-04-01,20,Chronos-LoRA-V5,62.38999938964844,59.54467254107089,44.59000015258789,14.954672388482997,0.23969662661936542,1.0
ENPH,2025-07-09,1,Chronos-LoRA-V5,42.84999847412109,42.80071235703911,42.970001220703125,0.16928886366401485,0.003950732081501873,0.0
ENPH,2025-07-09,5,Chronos-LoRA-V5,42.84999847412109,42.49772710661401,39.02999877929688,3.4677283273171255,0.08092715171066889,1.0
ENPH,2025-07-09,10,Chronos-LoRA-V5,42.84999847412109,42.044424575550785,36.47999954223633,5.564425033314457,0.12985823177275135,1.0
ENPH,2025-07-09,20,Chronos-LoRA-V5,42.84999847412109,41.2945546095935,30.11000061035156,11.184553999241938,0.2610164386819467,1.0
ENPH,2025-10-14,1,Chronos-LoRA-V5,36.43999862670898,36.370118754245425,37.540000915527344,1.1698821612819188,0.03210434153047548,0.0
ENPH,2025-10-14,5,Chronos-LoRA-V5,36.43999862670898,36.03187400608815,37.09000015258789,1.0581261464997382,0.029037491393432147,0.0
ENPH,2025-10-14,10,Chronos-LoRA-V5,36.43999862670898,35.588207523710565,36.70000076293945,1.1117932392288878,0.030510243719218844,0.0
ENPH,2025-10-14,20,Chronos-LoRA-V5,36.43999862670898,34.69529262438166,30.84000015258789,3.855292471793767,0.1057983703920341,1.0
ENPH,2026-01-21,1,Chronos-LoRA-V5,35.970001220703125,35.91149995730321,40.47999954223633,4.568499584933122,0.12700860244351753,0.0
ENPH,2026-01-21,5,Chronos-LoRA-V5,35.970001220703125,35.57732845169351,40.470001220703125,4.892672769009614,0.13602092307390745,0.0
ENPH,2026-01-21,10,Chronos-LoRA-V5,35.970001220703125,35.10180808221916,51.66999816894531,16.568190086726155,0.4606113295650949,0.0
ENPH,2026-01-21,20,Chronos-LoRA-V5,35.970001220703125,34.28532447499636,44.25,9.964675525003642,0.2770273891252556,0.0
ENPH,2026-04-29,1,Chronos-LoRA-V5,31.190000534057617,31.13927341771723,32.959999084472656,1.8207256667554255,0.05837530091630816,0.0
ENPH,2026-04-29,5,Chronos-LoRA-V5,31.190000534057617,30.84950947318797,35.79999923706055,4.950489763872575,0.1587204129242299,0.0
ENPH,2026-04-29,10,Chronos-LoRA-V5,31.190000534057617,30.43718030792445,42.0,11.56281969207555,0.37072201007017114,0.0
ENPH,2026-04-29,20,Chronos-LoRA-V5,31.190000534057617,29.729198009311933,69.5,39.77080199068807,1.2751138605227252,0.0
ENPH,2026-08-06,1,Chronos-LoRA-V5,39.66999816894531,39.60547926615973,41.869998931884766,2.2645196657250324,0.057083936734278806,0.0
ENPH,2026-08-06,5,Chronos-LoRA-V5,39.66999816894531,39.23693374028357,40.77999877929688,1.5430650390133138,0.038897532398205814,0.0
ENPH,2026-08-06,10,Chronos-LoRA-V5,39.66999816894531,38.71249972454363,38.36000061035156,0.3524991141920708,0.008885785996027962,1.0
ENPH,2026-08-06,20,Chronos-LoRA-V5,39.66999816894531,37.81202983006779,36.310001373291016,1.5020284567767774,0.03786308359229018,1.0
SMCI,2011-03-11,1,Chronos-LoRA-V5,1.4730000495910645,1.4747984146999984,1.4550000429153442,0.019798371784654156,0.013440849367351126,0.0
SMCI,2011-03-11,5,Chronos-LoRA-V5,1.4730000495910645,1.4827446825155406,1.4800000190734863,0.0027446634420542626,0.001863315240767438,1.0
SMCI,2011-03-11,10,Chronos-LoRA-V5,1.4730000495910645,1.4904835060692603,1.569000005722046,0.07851649965278562,0.053303799734822466,1.0
SMCI,2011-03-11,20,Chronos-LoRA-V5,1.4730000495910645,1.5058685207658435,1.6109999418258667,0.10513142106002316,0.07137231332015892,1.0
SMCI,2011-07-05,1,Chronos-LoRA-V5,1.6100000143051147,1.6120580941818285,1.590999960899353,0.021058133282475522,0.013079585773522084,0.0
SMCI,2011-07-05,5,Chronos-LoRA-V5,1.6100000143051147,1.6180172358823182,1.5709999799728394,0.047017255909478806,0.029203264280573182,0.0
SMCI,2011-07-05,10,Chronos-LoRA-V5,1.6100000143051147,1.6242022310874504,1.5230000019073486,0.1012022291801018,0.06285852688254856,0.0
SMCI,2011-07-05,20,Chronos-LoRA-V5,1.6100000143051147,1.6339369136583595,1.2690000534057615,0.36493686025259797,0.2266688552857603,0.0
SMCI,2011-10-25,1,Chronos-LoRA-V5,1.444000005722046,1.4461582452415909,1.593999981880188,0.14784173663859712,0.10238347372074386,1.0
SMCI,2011-10-25,5,Chronos-LoRA-V5,1.444000005722046,1.4499770016639202,1.5410000085830688,0.09102300691914866,0.06303532310142512,1.0
SMCI,2011-10-25,10,Chronos-LoRA-V5,1.444000005722046,1.452231730215844,1.5980000495910645,0.1457683193752204,0.10094758919500935,1.0
SMCI,2011-10-25,20,Chronos-LoRA-V5,1.444000005722046,1.454451034355932,1.4199999570846558,0.034451077271276276,0.023858086658420596,0.0
SMCI,2012-02-17,1,Chronos-LoRA-V5,1.7710000276565552,1.7732498889466346,1.7480000257492063,0.02524986319742828,0.014257404180190614,0.0
SMCI,2012-02-17,5,Chronos-LoRA-V5,1.7710000276565552,1.7804462124670577,1.753000020980835,0.027446191486222737,0.015497566943881158,0.0
SMCI,2012-02-17,10,Chronos-LoRA-V5,1.7710000276565552,1.7883603300617872,1.656999945640564,0.13136038442122322,0.074172999644186,0.0
SMCI,2012-02-17,20,Chronos-LoRA-V5,1.7710000276565552,1.8069241374663823,1.6979999542236328,0.10892418324274944,0.061504337403586296,0.0
SMCI,2012-06-12,1,Chronos-LoRA-V5,1.5329999923706057,1.5342534469250784,1.4819999933242798,0.05225345360079858,0.03408574941999498,0.0
SMCI,2012-06-12,5,Chronos-LoRA-V5,1.5329999923706057,1.537494637014676,1.4800000190734863,0.05749461794118971,0.03750464333158998,0.0
SMCI,2012-06-12,10,Chronos-LoRA-V5,1.5329999923706057,1.5398204580871977,1.52400004863739,0.015820409449807782,0.010319901845102564,0.0
SMCI,2012-06-12,20,Chronos-LoRA-V5,1.5329999923706057,1.54301067959854,1.4869999885559082,0.0560106910426319,0.036536654482312025,0.0
SMCI,2012-10-03,1,Chronos-LoRA-V5,1.1430000066757202,1.1427929258973812,1.1039999723434448,0.038792953553936416,0.03393959171248051,1.0
SMCI,2012-10-03,5,Chronos-LoRA-V5,1.1430000066757202,1.1408276743186778,0.9020000100135804,0.2388276643050974,0.20894808653562424,1.0
SMCI,2012-10-03,10,Chronos-LoRA-V5,1.1430000066757202,1.1373117695563624,0.9210000038146972,0.21631176574166522,0.1892491377762825,1.0
SMCI,2012-10-03,20,Chronos-LoRA-V5,1.1430000066757202,1.1317615288770968,0.7990000247955322,0.3327615040815646,0.2911299231304135,1.0
SMCI,2013-01-30,1,Chronos-LoRA-V5,1.225000023841858,1.2258613633449167,1.2380000352859497,0.012138671941033019,0.009909119759005103,1.0
SMCI,2013-01-30,5,Chronos-LoRA-V5,1.225000023841858,1.226015031943175,1.2699999809265137,0.0439849489833386,0.03590608010389462,1.0
SMCI,2013-01-30,10,Chronos-LoRA-V5,1.225000023841858,1.2248222897337404,1.25,0.02517771026625959,0.020553232470393645,0.0
SMCI,2013-01-30,20,Chronos-LoRA-V5,1.225000023841858,1.222499693403036,1.1699999570846558,0.05249973631838034,0.0428569267727279,1.0
SMCI,2013-05-23,1,Chronos-LoRA-V5,1.024999976158142,1.0245571598301062,1.02400004863739,0.0005571111927162864,0.0005435231274876218,1.0
SMCI,2013-05-23,5,Chronos-LoRA-V5,1.024999976158142,1.0217614852982133,1.031000018119812,0.0092385328215987,0.009013202962429467,0.0
SMCI,2013-05-23,10,Chronos-LoRA-V5,1.024999976158142,1.0173258621972867,1.087000012397766,0.06967415020047918,0.06797478226451159,0.0
SMCI,2013-05-23,20,Chronos-LoRA-V5,1.024999976158142,1.0074845890643713,1.0959999561309814,0.08851536706661012,0.08635645768342304,0.0
SMCI,2013-09-16,1,Chronos-LoRA-V5,1.3279999494552612,1.3287953483488562,1.3240000009536743,0.004795347395181837,0.0036109545012775746,0.0
SMCI,2013-09-16,5,Chronos-LoRA-V5,1.3279999494552612,1.3300073956198228,1.3420000076293943,0.011992612009571468,0.009030581676219729,1.0
SMCI,2013-09-16,10,Chronos-LoRA-V5,1.3279999494552612,1.3308659126879758,1.3539999723434448,0.023134059655468997,0.017420226307206077,1.0
SMCI,2013-09-16,20,Chronos-LoRA-V5,1.3279999494552612,1.3312699797311238,1.437999963760376,0.10672998402925216,0.08036896693635587,1.0
SMCI,2014-01-08,1,Chronos-LoRA-V5,1.6740000247955322,1.6759156945222162,1.6579999923706057,0.017915702151610535,0.010702330875890342,0.0
SMCI,2014-01-08,5,Chronos-LoRA-V5,1.6740000247955322,1.6816085875972038,1.7300000190734863,0.048391431476282554,0.02890766473088502,1.0
SMCI,2014-01-08,10,Chronos-LoRA-V5,1.6740000247955322,1.6886579330230749,2.197999954223633,0.5093420212005579,0.30426643587581226,1.0
SMCI,2014-01-08,20,Chronos-LoRA-V5,1.6740000247955322,1.7027140681585957,2.075000047683716,0.3722859795251201,0.22239305496461514,1.0
SMCI,2014-05-02,1,Chronos-LoRA-V5,2.0290000438690186,2.032642591698464,1.9830000400543213,0.049642551644142774,0.024466510877684033,0.0
SMCI,2014-05-02,5,Chronos-LoRA-V5,2.0290000438690186,2.043069361223875,1.8459999561309812,0.1970694050928936,0.09712636807888386,0.0
SMCI,2014-05-02,10,Chronos-LoRA-V5,2.0290000438690186,2.0553049592734554,1.9759999513626096,0.07930500791084572,0.03908575958412619,0.0
SMCI,2014-05-02,20,Chronos-LoRA-V5,2.0290000438690186,2.076007591307382,2.117000102996826,0.04099251168944429,0.02020330744363963,1.0
SMCI,2014-08-25,1,Chronos-LoRA-V5,2.4570000171661377,2.461000258853963,2.470000028610229,0.00899976975626604,0.003662909928118907,1.0
SMCI,2014-08-25,5,Chronos-LoRA-V5,2.4570000171661377,2.477189849554511,2.700000047683716,0.222810198129205,0.09068384068885371,1.0
SMCI,2014-08-25,10,Chronos-LoRA-V5,2.4570000171661377,2.4953575262597734,2.561000108718872,0.06564258245909871,0.02671655759075242,1.0
SMCI,2014-08-25,20,Chronos-LoRA-V5,2.4570000171661377,2.5289712542080727,2.7799999713897705,0.25102871718169784,0.10216878934792617,1.0
SMCI,2014-12-16,1,Chronos-LoRA-V5,3.128999948501587,3.1375951091156953,3.263999938964844,0.12640482984914891,0.040397836986121316,1.0
SMCI,2014-12-16,5,Chronos-LoRA-V5,3.128999948501587,3.170281180621975,3.5910000801086426,0.42071889948666774,0.13445794388336174,1.0
SMCI,2014-12-16,10,Chronos-LoRA-V5,3.128999948501587,3.2093376216580247,3.48799991607666,0.27866229441863544,0.08905794151645186,1.0
SMCI,2014-12-16,20,Chronos-LoRA-V5,3.128999948501587,3.290565823661928,3.315000057220459,0.024434233558531027,0.007808959399386417,1.0
SMCI,2015-04-13,1,Chronos-LoRA-V5,3.532000064849853,3.5395610920031086,3.5450000762939453,0.005438984290836668,0.0015399162488600737,1.0
SMCI,2015-04-13,5,Chronos-LoRA-V5,3.532000064849853,3.5656213939888697,3.7060000896453857,0.14037869565651606,0.03974481684005404,1.0
SMCI,2015-04-13,10,Chronos-LoRA-V5,3.532000064849853,3.5962826225959588,3.0789999961853027,0.517282626410656,0.14645600705351225,0.0
SMCI,2015-04-13,20,Chronos-LoRA-V5,3.532000064849853,3.6616471251288307,3.0929999351501465,0.5686471899786842,0.16099863520326907,0.0
SMCI,2015-08-04,1,Chronos-LoRA-V5,2.5810000896453857,2.58553343468856,2.7909998893737797,0.20546645468521962,0.07960730242107417,1.0
SMCI,2015-08-04,5,Chronos-LoRA-V5,2.5810000896453857,2.600141229534628,2.614000082015991,0.013858852481363204,0.005369566834562578,1.0
SMCI,2015-08-04,10,Chronos-LoRA-V5,2.5810000896453857,2.6162220342645233,2.75,0.13377796573547673,0.05183183304494077,1.0
SMCI,2015-08-04,20,Chronos-LoRA-V5,2.5810000896453857,2.646559756844774,2.476999998092652,0.16955975875212204,0.06569537112081958,0.0
SMCI,2015-11-24,1,Chronos-LoRA-V5,2.3919999599456787,2.395028984922995,2.4140000343322754,0.018971049409280294,0.007931040855749583,1.0
SMCI,2015-11-24,5,Chronos-LoRA-V5,2.3919999599456787,2.405286253722596,2.6559998989105225,0.2507136451879264,0.10481339857280769,1.0
SMCI,2015-11-24,10,Chronos-LoRA-V5,2.3919999599456787,2.4171196795435708,2.3940000534057617,0.023119626137809046,0.009665395704410606,1.0
SMCI,2015-11-24,20,Chronos-LoRA-V5,2.3919999599456787,2.441279887572984,2.476999998092652,0.035720110519667614,0.014933156821824944,1.0
SMCI,2016-03-21,1,Chronos-LoRA-V5,3.299000024795532,3.3014184767815866,3.299000024795532,0.002418451986054837,0.000733086380078074,0.0
SMCI,2016-03-21,5,Chronos-LoRA-V5,3.299000024795532,3.3061718106884426,3.372999906539917,0.06682809585147442,0.020257076492630866,1.0
SMCI,2016-03-21,10,Chronos-LoRA-V5,3.299000024795532,3.3116117213359377,3.4179999828338623,0.10638826149792457,0.03224863919318044,1.0
SMCI,2016-03-21,20,Chronos-LoRA-V5,3.299000024795532,3.326221592504353,2.7890000343322754,0.5372215581720776,0.16284375693673236,0.0
SMCI,2016-07-13,1,Chronos-LoRA-V5,2.6070001125335693,2.6087431503301213,2.615000009536743,0.00625685920662189,0.0024000226070344244,1.0
SMCI,2016-07-13,5,Chronos-LoRA-V5,2.6070001125335693,2.610376353234073,1.955999970436096,0.6543763827979772,0.25100742407027843,0.0
SMCI,2016-07-13,10,Chronos-LoRA-V5,2.6070001125335693,2.6114892252501467,2.130000114440918,0.48148911080922874,0.18469086690652325,0.0
SMCI,2016-07-13,20,Chronos-LoRA-V5,2.6070001125335693,2.6129750638948126,2.130000114440918,0.48297494945389463,0.18526080882463924,0.0
SMCI,2016-11-02,1,Chronos-LoRA-V5,2.259999990463257,2.2629983874612005,2.234999895095825,0.027998492365375327,0.01238871348828463,0.0
SMCI,2016-11-02,5,Chronos-LoRA-V5,2.259999990463257,2.270326359746083,2.345000028610229,0.07467366886414606,0.033041446539492814,1.0
SMCI,2016-11-02,10,Chronos-LoRA-V5,2.259999990463257,2.279168581803238,2.549999952316284,0.2708313705130463,0.11983689011323007,1.0
SMCI,2016-11-02,20,Chronos-LoRA-V5,2.259999990463257,2.291657406581512,2.619999885559082,0.3283424789775702,0.14528428334650845,1.0
SMCI,2017-02-28,1,Chronos-LoRA-V5,2.5999999046325684,2.6011579230661495,2.6600000858306885,0.05884216276453902,0.022631601893406517,1.0
SMCI,2017-02-28,5,Chronos-LoRA-V5,2.5999999046325684,2.601058806153649,2.5199999809265137,0.08105882522713515,0.031176472384751963,0.0
SMCI,2017-02-28,10,Chronos-LoRA-V5,2.5999999046325684,2.6003692763789443,2.505000114440918,0.09536916193802636,0.03668044824467176,0.0
SMCI,2017-02-28,20,Chronos-LoRA-V5,2.5999999046325684,2.603581311708237,2.494999885559082,0.10858142614915511,0.04176208851226848,0.0
SMCI,2017-06-21,1,Chronos-LoRA-V5,2.4049999713897705,2.4057496817420794,2.424999952316284,0.01925027057420481,0.008004270604244912,1.0
SMCI,2017-06-21,5,Chronos-LoRA-V5,2.4049999713897705,2.405179276596262,2.430000066757202,0.024820790160940298,0.010320494992188012,1.0
SMCI,2017-06-21,10,Chronos-LoRA-V5,2.4049999713897705,2.4032550885981983,2.3949999809265137,0.00825510767168458,0.003432477243196952,1.0
SMCI,2017-06-21,20,Chronos-LoRA-V5,2.4049999713897705,2.3950538096737812,2.7100000381469727,0.3149462284731914,0.13095477431178282,0.0
SMCI,2017-10-12,1,Chronos-LoRA-V5,2.25,2.2510475789680067,2.259999990463257,0.008952411495250168,0.003978849553444519,1.0
SMCI,2017-10-12,5,Chronos-LoRA-V5,2.25,2.254428256267191,2.180000066757202,0.07442818950998875,0.033079195337772815,0.0
SMCI,2017-10-12,10,Chronos-LoRA-V5,2.25,2.2577560278778,2.1700000762939453,0.08775595158385485,0.03900264514837992,0.0
SMCI,2017-10-12,20,Chronos-LoRA-V5,2.25,2.2679329741217558,1.955000042915344,0.31293293120641175,0.13908130275840525,0.0
SMCI,2018-02-06,1,Chronos-LoRA-V5,1.955000042915344,1.9550635741946778,1.9800000190734863,0.024936444878808528,0.012755214491771971,1.0
SMCI,2018-02-06,5,Chronos-LoRA-V5,1.955000042915344,1.9655530080994361,1.840000033378601,0.12555297472083504,0.06422146903567705,0.0
SMCI,2018-02-06,10,Chronos-LoRA-V5,1.955000042915344,1.9737119161751215,1.815000057220459,0.15871185895466255,0.08118253476761439,0.0
SMCI,2018-02-06,20,Chronos-LoRA-V5,1.955000042915344,1.9863930269471262,1.9600000381469729,0.026392988800153283,0.013500249729301972,1.0
SMCI,2018-05-31,1,Chronos-LoRA-V5,2.4100000858306885,2.413231964599047,2.440000057220459,0.026768092621412,0.011107091978457495,1.0
SMCI,2018-05-31,5,Chronos-LoRA-V5,2.4100000858306885,2.4214294532496345,2.559999942779541,0.13857048952990647,0.057498126387884874,1.0
SMCI,2018-05-31,10,Chronos-LoRA-V5,2.4100000858306885,2.431128293391101,2.619999885559082,0.1888715921679811,0.07836995246532541,1.0
SMCI,2018-05-31,20,Chronos-LoRA-V5,2.4100000858306885,2.4489794643110385,2.375,0.07397946431103852,0.030696872064856717,0.0
SMCI,2018-09-21,1,Chronos-LoRA-V5,2.069999933242798,2.0714725584793263,1.991000056266785,0.08047250221254143,0.03887560618732766,0.0
SMCI,2018-09-21,5,Chronos-LoRA-V5,2.069999933242798,2.0745680195932152,2.061000108718872,0.01356791087434317,0.00655454652749099,0.0
SMCI,2018-09-21,10,Chronos-LoRA-V5,2.069999933242798,2.0774593065481364,1.2400000095367432,0.8374592970113932,0.4045697217484714,0.0
SMCI,2018-09-21,20,Chronos-LoRA-V5,2.069999933242798,2.0798007859955034,1.409999966621399,0.6698008193741045,0.3235752854952103,0.0
SMCI,2019-01-17,1,Chronos-LoRA-V5,1.4800000190734863,1.4808539515203623,1.5,0.019146048479637745,0.01293651907627913,1.0
SMCI,2019-01-17,5,Chronos-LoRA-V5,1.4800000190734863,1.4804129661385514,1.4950000047683716,0.014587038629820137,0.009856107055290497,1.0
SMCI,2019-01-17,10,Chronos-LoRA-V5,1.4800000190734863,1.4789992360039306,1.5260000228881836,0.04700078688425302,0.0317572880260345,0.0
SMCI,2019-01-17,20,Chronos-LoRA-V5,1.4800000190734863,1.4771793647598626,1.9759999513626096,0.4988205866027471,0.337040932550136,0.0
SMCI,2019-05-13,1,Chronos-LoRA-V5,1.965000033378601,1.9656883339481313,1.991000056266785,0.02531172231865364,0.01288128340391581,1.0
SMCI,2019-05-13,5,Chronos-LoRA-V5,1.965000033378601,1.965769844932835,1.995000004768372,0.029230159835537117,0.01487539915471614,1.0
SMCI,2019-05-13,10,Chronos-LoRA-V5,1.965000033378601,1.9683005327099767,1.968000054359436,0.0003004783505407005,0.0001529151885173441,1.0
SMCI,2019-05-13,20,Chronos-LoRA-V5,1.965000033378601,1.982150028579301,1.837000012397766,0.1451500161815351,0.07386769145849104,0.0
SMCI,2019-09-04,1,Chronos-LoRA-V5,1.8550000190734863,1.857045959916161,1.8849999904632568,0.027954030547095776,0.015069558091464597,1.0
SMCI,2019-09-04,5,Chronos-LoRA-V5,1.8550000190734863,1.861837625780867,1.909999966621399,0.048162340840531837,0.02596352579262362,1.0
SMCI,2019-09-04,10,Chronos-LoRA-V5,1.8550000190734863,1.8655287728272272,1.968000054359436,0.10247128153220886,0.055240582468236266,1.0
SMCI,2019-09-04,20,Chronos-LoRA-V5,1.8550000190734863,1.8726358866594508,1.924999952316284,0.05236406565683316,0.02822860653283832,1.0
SMCI,2019-12-26,1,Chronos-LoRA-V5,2.380000114440918,2.381986817928272,2.4100000858306885,0.028013267902416317,0.01177028006530012,1.0
SMCI,2019-12-26,5,Chronos-LoRA-V5,2.380000114440918,2.3854939921755878,2.344000101089477,0.04149389108611068,0.017434407181050937,0.0
SMCI,2019-12-26,10,Chronos-LoRA-V5,2.380000114440918,2.3885080826724208,2.608999967575073,0.22049188490265204,0.09264364466404551,1.0
SMCI,2019-12-26,20,Chronos-LoRA-V5,2.380000114440918,2.3917907756809065,2.871000051498413,0.4792092758175066,0.20134842553571763,1.0
SMCI,2020-04-21,1,Chronos-LoRA-V5,2.0980000495910645,2.1014431486497163,2.1459999084472656,0.04455675979754936,0.021237730574045655,1.0
SMCI,2020-04-21,5,Chronos-LoRA-V5,2.0980000495910645,2.1085538454224806,2.2769999504089355,0.16844610498645496,0.08028889466389089,1.0
SMCI,2020-04-21,10,Chronos-LoRA-V5,2.0980000495910645,2.116460129017903,2.246999979019165,0.130539850001262,0.062221090045591954,1.0
SMCI,2020-04-21,20,Chronos-LoRA-V5,2.0980000495910645,2.138917514762732,2.4790000915527344,0.3400825767900022,0.16209845984335902,1.0
SMCI,2020-08-12,1,Chronos-LoRA-V5,2.6010000705718994,2.610328264362726,2.5989999771118164,0.011328287250909508,0.004355358302016055,0.0
SMCI,2020-08-12,5,Chronos-LoRA-V5,2.6010000705718994,2.6312543973969684,2.5910000801086426,0.04025431728832585,0.015476476815117879,0.0
SMCI,2020-08-12,10,Chronos-LoRA-V5,2.6010000705718994,2.655691804801092,2.5989999771118164,0.05669182768927561,0.02179616537911533,0.0
SMCI,2020-08-12,20,Chronos-LoRA-V5,2.6010000705718994,2.6868169932198906,2.5439999103546143,0.1428170828652764,0.05490852710122163,0.0
SMCI,2020-12-03,1,Chronos-LoRA-V5,2.9670000076293945,2.973839834123214,3.062999963760376,0.08916012963716202,0.03005059973302804,1.0
SMCI,2020-12-03,5,Chronos-LoRA-V5,2.9670000076293945,2.997310769756288,3.0429999828338623,0.04568921307757412,0.015399128062045131,1.0
SMCI,2020-12-03,10,Chronos-LoRA-V5,2.9670000076293945,3.021923047340304,2.994999885559082,0.026923161781221783,0.009074203475561538,1.0
SMCI,2020-12-03,20,Chronos-LoRA-V5,2.9670000076293945,3.076076106612922,3.1050000190734863,0.02892391246056425,0.009748538047249289,1.0
SMCI,2021-03-30,1,Chronos-LoRA-V5,3.7939999103546143,3.8028711488580953,3.9059998989105225,0.10312875005242716,0.027182064441005238,1.0
SMCI,2021-03-30,5,Chronos-LoRA-V5,3.7939999103546143,3.8349118584140682,3.934000015258789,0.09908815684472083,0.026117068841854385,1.0
SMCI,2021-03-30,10,Chronos-LoRA-V5,3.7939999103546143,3.870466849727056,3.927999973297119,0.05753312357006335,0.015164239570233828,1.0
SMCI,2021-03-30,20,Chronos-LoRA-V5,3.7939999103546143,3.933909712497423,3.813999891281128,0.11990982121629523,0.0316051196756848,1.0
SMCI,2021-07-22,1,Chronos-LoRA-V5,3.441999912261963,3.4454146716302443,3.509999990463257,0.06458531883301255,0.018763893224671646,1.0
SMCI,2021-07-22,5,Chronos-LoRA-V5,3.441999912261963,3.4549400974844127,3.734999895095825,0.28005979761141253,0.0813654284573666,1.0
SMCI,2021-07-22,10,Chronos-LoRA-V5,3.441999912261963,3.4643613198862404,3.859999895095825,0.3956385752095848,0.11494438852253919,1.0
SMCI,2021-07-22,20,Chronos-LoRA-V5,3.441999912261963,3.4817039339763642,3.4760000705718994,0.005703863404464826,0.0016571364177393466,1.0
SMCI,2021-11-11,1,Chronos-LoRA-V5,4.431000232696533,4.4367652173268874,4.36899995803833,0.06776525928855737,0.015293445210974088,0.0
SMCI,2021-11-11,5,Chronos-LoRA-V5,4.431000232696533,4.455414473960709,4.285999774932861,0.16941469902784778,0.03823396301758908,0.0
SMCI,2021-11-11,10,Chronos-LoRA-V5,4.431000232696533,4.477081455109904,4.043000221252441,0.4340812338574622,0.09796461545056101,0.0
SMCI,2021-11-11,20,Chronos-LoRA-V5,4.431000232696533,4.513893154598206,4.287000179290772,0.22689297530743335,0.05120581435161764,0.0
SMCI,2022-03-08,1,Chronos-LoRA-V5,4.047999858856201,4.05358546116369,4.159999847412109,0.10641438624841904,0.026288139811963207,1.0
SMCI,2022-03-08,5,Chronos-LoRA-V5,4.047999858856201,4.069065017290728,4.182000160217285,0.11293514292655704,0.02789899873130608,1.0
SMCI,2022-03-08,10,Chronos-LoRA-V5,4.047999858856201,4.089013545909964,4.295000076293945,0.2059865303839814,0.050886002363197846,1.0
SMCI,2022-03-08,20,Chronos-LoRA-V5,4.047999858856201,4.125065615299924,3.640000104904175,0.4850655103957493,0.11982844054070918,0.0
SMCI,2022-06-30,1,Chronos-LoRA-V5,4.034999847412109,4.038159658244958,3.913000106811523,0.12515955143343538,0.031018477364678887,0.0
SMCI,2022-06-30,5,Chronos-LoRA-V5,4.034999847412109,4.046958831757642,4.046000003814697,0.0009588279429451063,0.00023762775197133656,1.0
SMCI,2022-06-30,10,Chronos-LoRA-V5,4.034999847412109,4.058744116482556,4.216000080108643,0.15725596362608663,0.038972978828473614,1.0
SMCI,2022-06-30,20,Chronos-LoRA-V5,4.034999847412109,4.085118521730797,5.401000022888184,1.3158815011573868,0.3261168651595716,1.0
SMCI,2022-10-21,1,Chronos-LoRA-V5,6.453000068664551,6.466197630352958,6.301000118255615,0.16519751209734235,0.025600110078959015,0.0
SMCI,2022-10-21,5,Chronos-LoRA-V5,6.453000068664551,6.505765943263527,6.872000217437744,0.36623427417421706,0.05675410975937112,1.0
SMCI,2022-10-21,10,Chronos-LoRA-V5,6.453000068664551,6.547701595428136,7.663000106811523,1.1152985113833873,0.17283410809171107,1.0
SMCI,2022-10-21,20,Chronos-LoRA-V5,6.453000068664551,6.63302146537046,8.64900016784668,2.01597870247622,0.31240952751042306,1.0
SMCI,2023-02-15,1,Chronos-LoRA-V5,9.300000190734863,9.322604805730041,9.588000297546388,0.2653954918163475,0.028537149072399792,1.0
SMCI,2023-02-15,5,Chronos-LoRA-V5,9.300000190734863,9.39347924911266,9.427000045776367,0.033520796663706776,0.003604386664110004,1.0
SMCI,2023-02-15,10,Chronos-LoRA-V5,9.300000190734863,9.465676429281165,9.836999893188477,0.3713234639073111,0.039927253364708815,1.0
SMCI,2023-02-15,20,Chronos-LoRA-V5,9.300000190734863,9.596922322505886,9.722999572753906,0.12607725024802008,0.013556693297019917,1.0
SMCI,2023-06-09,1,Chronos-LoRA-V5,26.166000366210938,26.36215310750914,25.864999771118164,0.49715333639097636,0.01899997437258183,0.0
SMCI,2023-06-09,5,Chronos-LoRA-V5,26.166000366210938,27.14472448915041,23.07699966430664,4.0677248248437685,0.15545841045300002,0.0
SMCI,2023-06-09,10,Chronos-LoRA-V5,26.166000366210938,28.119041260641893,21.649999618530277,6.469041642111616,0.24723081676882164,0.0
SMCI,2023-06-09,20,Chronos-LoRA-V5,26.166000366210938,30.22543264138798,27.09499931335449,3.13043332803349,0.1196374411152239,1.0
SMCI,2023-10-03,1,Chronos-LoRA-V5,26.996999740600582,27.16766458051264,28.040000915527344,0.8723363350147046,0.03231234371954317,1.0
SMCI,2023-10-03,5,Chronos-LoRA-V5,26.996999740600582,27.8592793962399,31.0310001373291,3.171720741089203,0.11748419348685157,1.0
SMCI,2023-10-03,10,Chronos-LoRA-V5,26.996999740600582,28.68486929050204,29.85400009155273,1.1691308010506916,0.04330595296826423,1.0
SMCI,2023-10-03,20,Chronos-LoRA-V5,26.996999740600582,30.30001352392833,23.94700050354004,6.353013020388293,0.23532292778571406,0.0
SMCI,2024-01-26,1,Chronos-LoRA-V5,47.415000915527344,47.68570320037667,49.56700134277344,1.8812981423967656,0.0396772773609857,1.0
SMCI,2024-01-26,5,Chronos-LoRA-V5,47.415000915527344,48.59764917326964,57.9630012512207,9.365352077951066,0.19751875771627625,1.0
SMCI,2024-01-26,10,Chronos-LoRA-V5,47.415000915527344,49.681511623925495,74.02899932861328,24.347487704687786,0.5134975690091053,1.0
SMCI,2024-01-26,20,Chronos-LoRA-V5,47.415000915527344,51.899321848213575,87.63400268554688,35.7346808373333,0.7536577063658982,1.0
SMCI,2024-05-20,1,Chronos-LoRA-V5,90.3939971923828,90.99956360595414,89.8949966430664,1.1045669628877306,0.012219472500335504,0.0
SMCI,2024-05-20,5,Chronos-LoRA-V5,90.3939971923828,93.16622880124922,87.47200012207031,5.694228679178906,0.0629934382374977,0.0
SMCI,2024-05-20,10,Chronos-LoRA-V5,90.3939971923828,95.75445021056962,77.16100311279297,18.593447097776647,0.20569338313698837,0.0
SMCI,2024-05-20,20,Chronos-LoRA-V5,90.3939971923828,100.82847403534636,92.0009994506836,8.827474584662767,0.09765553973540442,1.0
SMCI,2024-09-12,1,Chronos-LoRA-V5,44.2130012512207,44.32739792416194,45.71599960327149,1.3886016791095486,0.03140708931337732,1.0
SMCI,2024-09-12,5,Chronos-LoRA-V5,44.2130012512207,44.66212660408203,43.720001220703125,0.942125383378908,0.021308786029378468,0.0
SMCI,2024-09-12,10,Chronos-LoRA-V5,44.2130012512207,45.025736574417735,40.2400016784668,4.785734895950938,0.10824270600310826,0.0
SMCI,2024-09-12,20,Chronos-LoRA-V5,44.2130012512207,45.88539689707147,46.470001220703125,0.5846043236316518,0.013222452832593268,1.0
SMCI,2025-01-06,1,Chronos-LoRA-V5,36.45000076293945,36.54734564285402,34.380001068115234,2.1673445747387845,0.059460755264028164,0.0
SMCI,2025-01-06,5,Chronos-LoRA-V5,36.45000076293945,36.794582677526435,30.530000686645508,6.264581990880927,0.1718678150824744,0.0
SMCI,2025-01-06,10,Chronos-LoRA-V5,36.45000076293945,37.02913714458082,33.86000061035156,3.16913653422926,0.08694475906435317,0.0
SMCI,2025-01-06,20,Chronos-LoRA-V5,36.45000076293945,37.655772917929305,31.489999771118164,6.165773146811141,0.16915701008928896,0.0
SMCI,2025-05-01,1,Chronos-LoRA-V5,32.72999954223633,32.7918098523319,33.709999084472656,0.9181892321407545,0.028053444698521446,1.0
SMCI,2025-05-01,5,Chronos-LoRA-V5,32.72999954223633,32.94757819117077,32.11000061035156,0.8375775808192074,0.025590516117739548,0.0
SMCI,2025-05-01,10,Chronos-LoRA-V5,32.72999954223633,33.09935560633497,43.959999084472656,10.860643478137689,0.3318253476943256,1.0
SMCI,2025-05-01,20,Chronos-LoRA-V5,32.72999954223633,33.44961880078655,40.02000045776367,6.570381656977119,0.2007449358041813,1.0
SMCI,2025-08-25,1,Chronos-LoRA-V5,44.06999969482422,44.063237992613686,44.36000061035156,0.29676261773787616,0.006733891985316376,0.0
SMCI,2025-08-25,5,Chronos-LoRA-V5,44.06999969482422,43.99457580268719,40.77999877929688,3.214577023390305,0.07294252429431813,1.0
SMCI,2025-08-25,10,Chronos-LoRA-V5,44.06999969482422,43.86877646874158,42.91999816894531,0.9487782997962668,0.02152889281521131,1.0
SMCI,2025-08-25,20,Chronos-LoRA-V5,44.06999969482422,43.68635631147517,46.9900016784668,3.303645366991624,0.07496358951369864,0.0
SMCI,2025-12-16,1,Chronos-LoRA-V5,31.65999984741211,31.655091235744205,29.84000015258789,1.8150910831563145,0.057330735688701506,1.0
SMCI,2025-12-16,5,Chronos-LoRA-V5,31.65999984741211,31.608298208508593,30.76000022888184,0.8482979796267536,0.026793998222210846,1.0
SMCI,2025-12-16,10,Chronos-LoRA-V5,31.65999984741211,31.565878880979472,29.270000457763672,2.2958784232158003,0.07251669091222268,1.0
SMCI,2025-12-16,20,Chronos-LoRA-V5,31.65999984741211,31.22276228586468,29.420000076293945,1.8027622095707336,0.05694132085468373,1.0
SMCI,2026-04-13,1,Chronos-LoRA-V5,25.96999931335449,25.977591249917385,27.200000762939453,1.2224095130220682,0.04707006335550701,1.0
SMCI,2026-04-13,5,Chronos-LoRA-V5,25.96999931335449,25.88997993118983,28.809999465942383,2.9200195347525515,0.1124381829787342,0.0
SMCI,2026-04-13,10,Chronos-LoRA-V5,25.96999931335449,25.765845173259773,27.850000381469727,2.0841552082099533,0.08025241676222228,0.0
SMCI,2026-04-13,20,Chronos-LoRA-V5,25.96999931335449,25.500229495364724,33.52000045776367,8.019770962398947,0.30880905561961114,0.0
SMCI,2026-08-06,1,Chronos-LoRA-V5,29.3799991607666,29.388587959216505,31.1299991607666,1.7414112015500969,0.0592719962999706,1.0
SMCI,2026-08-06,5,Chronos-LoRA-V5,29.3799991607666,29.28947280562597,39.15999984741211,9.87052704178614,0.3359607666349773,0.0
SMCI,2026-08-06,10,Chronos-LoRA-V5,29.3799991607666,29.149038489867955,36.5,7.350961510132045,0.25020291763480906,0.0
SMCI,2026-08-06,20,Chronos-LoRA-V5,29.3799991607666,28.848546052441126,37.869998931884766,9.02145287944364,0.3070610325779276,0.0
CVNA,2018-07-06,1,Chronos-LoRA-V5,9.434000015258787,9.484039767757865,8.96399974822998,0.5200400195278849,0.05512402148471052,0.0
CVNA,2018-07-06,5,Chronos-LoRA-V5,9.434000015258787,9.659471006865544,8.819999694824219,0.8394713120413257,0.08898360299804364,0.0
CVNA,2018-07-06,10,Chronos-LoRA-V5,9.434000015258787,9.865849613339659,8.838000297546387,1.0278493157932722,0.10895159149149913,0.0
CVNA,2018-07-06,20,Chronos-LoRA-V5,9.434000015258787,10.301757189959979,9.015999794006348,1.285757395953631,0.13628973859169125,0.0
CVNA,2018-09-04,1,Chronos-LoRA-V5,13.468000411987305,13.585064772727886,12.43000030517578,1.1550644675521067,0.08576361985584968,0.0
CVNA,2018-09-04,5,Chronos-LoRA-V5,13.468000411987305,14.014679021949206,14.163999557495115,0.1493205355459093,0.011087060512190439,1.0
CVNA,2018-09-04,10,Chronos-LoRA-V5,13.468000411987305,14.53499329028812,11.854000091552734,2.6809931987353863,0.19906393798066313,0.0
CVNA,2018-09-04,20,Chronos-LoRA-V5,13.468000411987305,15.542908282026538,10.892000198364258,4.65090808366228,0.34533025997851186,0.0
CVNA,2018-10-31,1,Chronos-LoRA-V5,7.75,7.763662575874962,8.878000259399414,1.114337683524452,0.14378550755154218,1.0
CVNA,2018-10-31,5,Chronos-LoRA-V5,7.75,7.801222160459049,9.234000205993652,1.4327780455346035,0.18487458652059408,1.0
CVNA,2018-10-31,10,Chronos-LoRA-V5,7.75,7.837812280200007,9.050000190734863,1.2121879105348565,0.1564113432948202,1.0
CVNA,2018-10-31,20,Chronos-LoRA-V5,7.75,7.901317652753605,9.45199966430664,1.550682011553036,0.20008800149071426,1.0
CVNA,2019-01-03,1,Chronos-LoRA-V5,6.038000106811523,6.04991227828287,6.156000137329102,0.10608785904623197,0.01757003265477808,1.0
CVNA,2019-01-03,5,Chronos-LoRA-V5,6.038000106811523,6.088451541054736,6.829999923706055,0.7415483826513185,0.1228135756100388,1.0
CVNA,2019-01-03,10,Chronos-LoRA-V5,6.038000106811523,6.133408896440169,7.162000179290772,1.028591282850603,0.17035297526580684,1.0
CVNA,2019-01-03,20,Chronos-LoRA-V5,6.038000106811523,6.20767052466256,7.056000232696533,0.8483297080339733,0.14049845860005283,1.0
CVNA,2019-03-05,1,Chronos-LoRA-V5,9.595999717712402,9.64395006862449,10.119999885559082,0.4760498169345926,0.049609194553840386,1.0
CVNA,2019-03-05,5,Chronos-LoRA-V5,9.595999717712402,9.742477980543768,10.619999885559082,0.877521905015314,0.09144663722692425,1.0
CVNA,2019-03-05,10,Chronos-LoRA-V5,9.595999717712402,9.822351247138192,11.597999572753906,1.7756483256157143,0.18504047288978165,1.0
CVNA,2019-03-05,20,Chronos-LoRA-V5,9.595999717712402,9.946675323183385,12.564000129699709,2.617324806516324,0.2727516552220439,1.0
CVNA,2019-05-03,1,Chronos-LoRA-V5,14.435999870300291,14.50461775434441,14.407999992370604,0.09661776197380689,0.006692834777075718,0.0
CVNA,2019-05-03,5,Chronos-LoRA-V5,14.435999870300291,14.734525966026006,13.35200023651123,1.382525729514775,0.09576930880687351,0.0
CVNA,2019-05-03,10,Chronos-LoRA-V5,14.435999870300291,14.997001355344619,13.62600040435791,1.3710009509867085,0.09497097279747968,0.0
CVNA,2019-05-03,20,Chronos-LoRA-V5,14.435999870300291,15.452002007552151,11.663999557495115,3.7880024500570357,0.26239972873996975,0.0
CVNA,2019-07-02,1,Chronos-LoRA-V5,12.9399995803833,12.977053441952599,12.833999633789062,0.1430538081635362,0.011055163276852187,0.0
CVNA,2019-07-02,5,Chronos-LoRA-V5,12.9399995803833,13.105818155156838,13.529999732971191,0.4241815778143536,0.03278064849842832,1.0
CVNA,2019-07-02,10,Chronos-LoRA-V5,12.9399995803833,13.229578635170302,12.184000015258787,1.045578619911515,0.08080205980041799,0.0
CVNA,2019-07-02,20,Chronos-LoRA-V5,12.9399995803833,13.47365137784617,12.711999893188477,0.7616514846576941,0.05886024029029624,0.0
CVNA,2019-08-30,1,Chronos-LoRA-V5,16.23200035095215,16.2739643036023,15.923999786376951,0.34996451722534694,0.021560159540337853,0.0
CVNA,2019-08-30,5,Chronos-LoRA-V5,16.23200035095215,16.40557497502012,16.600000381469727,0.19442540644960715,0.0119779079747373,1.0
CVNA,2019-08-30,10,Chronos-LoRA-V5,16.23200035095215,16.534537810688242,16.305999755859375,0.22853805482886713,0.014079475720037316,1.0
CVNA,2019-08-30,20,Chronos-LoRA-V5,16.23200035095215,16.82693419492674,13.199999809265137,3.6269343856616025,0.22344346397508863,0.0
CVNA,2019-10-29,1,Chronos-LoRA-V5,16.937999725341797,17.009871737421555,16.496000289916992,0.5138714475045632,0.03033837854748178,0.0
CVNA,2019-10-29,5,Chronos-LoRA-V5,16.937999725341797,17.22851838768688,16.304000854492188,0.9245175331946918,0.05458245059547817,0.0
CVNA,2019-10-29,10,Chronos-LoRA-V5,16.937999725341797,17.486787466459354,15.640000343322754,1.8467871231366004,0.10903218520977598,0.0
CVNA,2019-10-29,20,Chronos-LoRA-V5,16.937999725341797,18.004602112435787,18.56800079345703,0.5633986810212441,0.03326240938464031,1.0
CVNA,2019-12-30,1,Chronos-LoRA-V5,18.45599937438965,18.52358562332004,18.40999984741211,0.11358577590793217,0.0061544093930533394,0.0
CVNA,2019-12-30,5,Chronos-LoRA-V5,18.45599937438965,18.746318788509615,18.18199920654297,0.5643195819666467,0.030576484671413717,0.0
CVNA,2019-12-30,10,Chronos-LoRA-V5,18.45599937438965,19.001791942214137,17.20400047302246,1.7977914691916759,0.097409597428052,0.0
CVNA,2019-12-30,20,Chronos-LoRA-V5,18.45599937438965,19.442909027130426,16.350000381469727,3.0929086456606996,0.16758283216852266,0.0
CVNA,2020-02-28,1,Chronos-LoRA-V5,16.582000732421875,16.609561437539387,16.472000122070312,0.13756131546907469,0.008295821335968845,0.0
CVNA,2020-02-28,5,Chronos-LoRA-V5,16.582000732421875,16.785757822738518,13.20400047302246,3.5817573497160584,0.2160027253353599,0.0
CVNA,2020-02-28,10,Chronos-LoRA-V5,16.582000732421875,17.01869418321587,10.184000015258787,6.834694167957084,0.4121754834200184,0.0
CVNA,2020-02-28,20,Chronos-LoRA-V5,16.582000732421875,17.46133176452636,9.80799961090088,7.653332153625479,0.4615445552756091,0.0
CVNA,2020-04-28,1,Chronos-LoRA-V5,16.591999053955078,16.6473443937586,16.97800064086914,0.3306562471105394,0.01992865633823193,1.0
CVNA,2020-04-28,5,Chronos-LoRA-V5,16.591999053955078,16.856132474920827,17.200000762939453,0.34386828801862634,0.020724946216571505,1.0
CVNA,2020-04-28,10,Chronos-LoRA-V5,16.591999053955078,17.074510116746456,18.74399948120117,1.6694893644547122,0.10062014583208123,1.0
CVNA,2020-04-28,20,Chronos-LoRA-V5,16.591999053955078,17.472146269148677,19.22800064086914,1.7558543717204635,0.10582536594961511,1.0
CVNA,2020-06-26,1,Chronos-LoRA-V5,23.48200035095215,23.5787486912324,24.073999404907227,0.4952507136748281,0.021090652681757138,1.0
CVNA,2020-06-26,5,Chronos-LoRA-V5,23.48200035095215,23.876937621058254,26.88800048828125,3.0110628672229964,0.12822855047359316,1.0
CVNA,2020-06-26,10,Chronos-LoRA-V5,23.48200035095215,24.24383898908411,25.309999465942383,1.066160476858272,0.0454033072533806,1.0
CVNA,2020-06-26,20,Chronos-LoRA-V5,23.48200035095215,25.000304375870062,30.166000366210938,5.1656959903408755,0.21998534678206916,1.0
CVNA,2020-08-25,1,Chronos-LoRA-V5,40.58599853515625,40.84039530187444,41.56399917602539,0.7236038741509532,0.017828904062176854,1.0
CVNA,2020-08-25,5,Chronos-LoRA-V5,40.58599853515625,41.7874295691601,45.4379997253418,3.6505701561816934,0.08994654038188843,1.0
CVNA,2020-08-25,10,Chronos-LoRA-V5,40.58599853515625,42.93510210743716,35.97200012207031,6.963101985366848,0.17156414124775798,0.0
CVNA,2020-08-25,20,Chronos-LoRA-V5,40.58599853515625,45.33896371906504,43.73400115966797,1.604962559397073,0.0395447350644047,1.0
CVNA,2020-10-23,1,Chronos-LoRA-V5,40.52799987792969,40.67891409950859,40.2760009765625,0.4029131229460887,0.00994159899722813,0.0
CVNA,2020-10-23,5,Chronos-LoRA-V5,40.52799987792969,41.302169322181314,37.06999969482422,4.232169627357095,0.10442582017628277,0.0
CVNA,2020-10-23,10,Chronos-LoRA-V5,40.52799987792969,42.006069840242695,42.0,0.006069840242695079,0.00014976905499852755,1.0
CVNA,2020-10-23,20,Chronos-LoRA-V5,40.52799987792969,43.57070220554805,46.86000061035156,3.2892984048035103,0.08116113340680209,1.0
CVNA,2020-12-22,1,Chronos-LoRA-V5,58.30400085449219,58.709600694418505,54.0,4.709600694418505,0.08077662982634992,0.0
CVNA,2020-12-22,5,Chronos-LoRA-V5,58.30400085449219,60.21751587543086,50.06800079345703,10.149515081973831,0.17407922154954192,0.0
CVNA,2020-12-22,10,Chronos-LoRA-V5,58.30400085449219,61.92956429554262,54.03200149536133,7.897562800181291,0.1354549033417285,0.0
CVNA,2020-12-22,20,Chronos-LoRA-V5,58.30400085449219,65.4518343297816,54.69400024414063,10.757834085640972,0.18451279377017404,0.0
CVNA,2021-02-24,1,Chronos-LoRA-V5,56.98799896240234,57.317229317053524,52.73199844360352,4.585230873450001,0.08045958722774404,0.0
CVNA,2021-02-24,5,Chronos-LoRA-V5,56.98799896240234,58.498683671246496,57.6259994506836,0.8726842205628955,0.015313473651507703,1.0
CVNA,2021-02-24,10,Chronos-LoRA-V5,56.98799896240234,59.95641732610364,52.09000015258789,7.8664171735157495,0.13803638163722143,0.0
CVNA,2021-02-24,20,Chronos-LoRA-V5,56.98799896240234,62.902383122035175,50.56999969482422,12.332383427210956,0.2164031664868108,0.0
CVNA,2021-04-23,1,Chronos-LoRA-V5,55.60200119018555,55.81468482561411,58.87799835205078,3.063313526436673,0.055093584059298095,1.0
CVNA,2021-04-23,5,Chronos-LoRA-V5,55.60200119018555,56.64900538057605,57.05199813842773,0.40299275785167765,0.00724781031663313,1.0
CVNA,2021-04-23,10,Chronos-LoRA-V5,55.60200119018555,57.637318261628536,49.5620002746582,8.075317986970333,0.14523430477527,0.0
CVNA,2021-04-23,20,Chronos-LoRA-V5,55.60200119018555,59.66811549238643,49.28400039672852,10.384115095657904,0.18675793808462482,0.0
CVNA,2021-06-23,1,Chronos-LoRA-V5,62.94599914550781,63.28463346681631,60.902000427246094,2.3826330395702158,0.0378520171562049,0.0
CVNA,2021-06-23,5,Chronos-LoRA-V5,62.94599914550781,64.42445129098216,60.36399841308594,4.060452877896225,0.06450692550784631,0.0
CVNA,2021-06-23,10,Chronos-LoRA-V5,62.94599914550781,65.82609190478036,64.50199890136719,1.324093003413168,0.021035379871441107,1.0
CVNA,2021-06-23,20,Chronos-LoRA-V5,62.94599914550781,68.85170984193469,67.0459976196289,1.805712222305786,0.028686687745342665,1.0
CVNA,2021-08-20,1,Chronos-LoRA-V5,69.9520034790039,70.30994405518679,71.51599884033203,1.2060547851452412,0.01724117573712136,1.0
CVNA,2021-08-20,5,Chronos-LoRA-V5,69.9520034790039,71.65631930437239,67.50399780273438,4.1523215016380135,0.059359579356212944,0.0
CVNA,2021-08-20,10,Chronos-LoRA-V5,69.9520034790039,73.25678607965736,65.73200225830078,7.5247838213565785,0.1075706691319448,0.0
CVNA,2021-08-20,20,Chronos-LoRA-V5,69.9520034790039,76.6613424262322,65.30000305175781,11.361339374474383,0.1624162112509684,0.0
CVNA,2021-10-19,1,Chronos-LoRA-V5,58.16999816894531,58.23267229061455,57.805999755859375,0.42667253475517697,0.007334924328448178,0.0
CVNA,2021-10-19,5,Chronos-LoRA-V5,58.16999816894531,58.4420572945645,58.3120002746582,0.13005701990629603,0.0022358092487568815,1.0
CVNA,2021-10-19,10,Chronos-LoRA-V5,58.16999816894531,58.58136696536297,60.060001373291016,1.4786344079280482,0.025419192959807102,1.0
CVNA,2021-10-19,20,Chronos-LoRA-V5,58.16999816894531,59.295124812845856,60.15800094604492,0.862876133199066,0.014833697100917531,1.0
CVNA,2021-12-17,1,Chronos-LoRA-V5,44.71799850463867,44.9043073389527,41.12200164794922,3.7823056910034794,0.0845812830959134,0.0
CVNA,2021-12-17,5,Chronos-LoRA-V5,44.71799850463867,45.33485161417998,46.43600082397461,1.1011492097946274,0.024624295510014882,1.0
CVNA,2021-12-17,10,Chronos-LoRA-V5,44.71799850463867,45.95656990522665,47.92599868774414,1.9694287825174897,0.0440410762640282,1.0
CVNA,2021-12-17,20,Chronos-LoRA-V5,44.71799850463867,47.095715452180556,32.417999267578125,14.677716184602431,0.3282283795210532,0.0
CVNA,2022-02-16,1,Chronos-LoRA-V5,27.724000930786133,27.735302058600837,27.04599952697754,0.6893025316232979,0.02486302512195704,0.0
CVNA,2022-02-16,5,Chronos-LoRA-V5,27.724000930786133,27.656771261671327,25.209999084472656,2.446772177198671,0.08825465643675012,1.0
CVNA,2022-02-16,10,Chronos-LoRA-V5,27.724000930786133,27.567339775562665,24.666000366210938,2.9013394093517277,0.10465081921599328,1.0
CVNA,2022-02-16,20,Chronos-LoRA-V5,27.724000930786133,27.370432240993516,26.972000122070312,0.3984321189232034,0.014371378789010403,1.0
CVNA,2022-04-19,1,Chronos-LoRA-V5,20.35400009155273,20.320984566094467,18.5,1.8209845660944666,0.0894656852659741,1.0
CVNA,2022-04-19,5,Chronos-LoRA-V5,20.35400009155273,20.122702533718194,14.097999572753906,6.024702960964287,0.2959960171890068,1.0
CVNA,2022-04-19,10,Chronos-LoRA-V5,20.35400009155273,19.863500800849017,11.465999603271484,8.397501197577533,0.4125725243099829,1.0
CVNA,2022-04-19,20,Chronos-LoRA-V5,20.35400009155273,19.546667963157855,8.319999694824219,11.226668268333636,0.5515706110757512,1.0
CVNA,2022-06-16,1,Chronos-LoRA-V5,4.28000020980835,4.230563868132289,4.854000091552734,0.6234362234204456,0.14566266188299126,0.0
CVNA,2022-06-16,5,Chronos-LoRA-V5,4.28000020980835,4.047770809032476,6.303999900817871,2.2562290917853947,0.5271563040148599,0.0
CVNA,2022-06-16,10,Chronos-LoRA-V5,4.28000020980835,3.816339286544581,4.374000072479248,0.557660785934667,0.13029456976583598,0.0
CVNA,2022-06-16,20,Chronos-LoRA-V5,4.28000020980835,3.475724577861135,4.449999809265137,0.9742752314040017,0.22763438870196406,0.0
CVNA,2022-08-17,1,Chronos-LoRA-V5,9.923999786376951,9.91617883968036,9.571999549865724,0.34417928981463497,0.03468150919220114,1.0
CVNA,2022-08-17,5,Chronos-LoRA-V5,9.923999786376951,9.84923029887138,7.217999935150146,2.631230363721234,0.2651380915317253,1.0
CVNA,2022-08-17,10,Chronos-LoRA-V5,9.923999786376951,9.727570567845056,6.5980000495910645,3.129570518253992,0.31535374703958285,1.0
CVNA,2022-08-17,20,Chronos-LoRA-V5,9.923999786376951,9.454218812051915,7.403999805450439,2.050219006601476,0.20659200430615576,1.0
CVNA,2022-10-14,1,Chronos-LoRA-V5,3.427999973297119,3.4127408431289115,3.6440000534057617,0.23125921027685026,0.06746184716402437,0.0
CVNA,2022-10-14,5,Chronos-LoRA-V5,3.427999973297119,3.345406672487756,2.8499999046325684,0.49540676785518745,0.14451772803798923,1.0
CVNA,2022-10-14,10,Chronos-LoRA-V5,3.427999973297119,3.259655941081726,2.8980000019073486,0.3616559391743772,0.10550056650861916,1.0
CVNA,2022-10-14,20,Chronos-LoRA-V5,3.427999973297119,3.1095593403865753,2.375999927520752,0.7335594128658234,0.2139904955017462,1.0
CVNA,2022-12-14,1,Chronos-LoRA-V5,1.0520000457763672,1.0442855556503226,1.093999981880188,0.04971442622986544,0.047257057097537136,0.0
CVNA,2022-12-14,5,Chronos-LoRA-V5,1.0520000457763672,1.0130963546822287,0.8640000224113464,0.14909633227088226,0.14172654542125085,1.0
CVNA,2022-12-14,10,Chronos-LoRA-V5,1.0520000457763672,0.9746380768548775,0.8899999856948853,0.08463809115999221,0.08045445577669152,1.0
CVNA,2022-12-14,20,Chronos-LoRA-V5,1.0520000457763672,0.906152449038742,1.4040000438690186,0.4978475948302765,0.4732391379915474,0.0
CVNA,2023-02-14,1,Chronos-LoRA-V5,2.1440000534057617,2.129279026708362,2.5380001068115234,0.4087210801031613,0.19063482738906878,0.0
CVNA,2023-02-14,5,Chronos-LoRA-V5,2.1440000534057617,2.060623482103834,2.013999938964844,0.04662354313898964,0.02174605502687732,1.0
CVNA,2023-02-14,10,Chronos-LoRA-V5,2.1440000534057617,1.96919801189248,1.781999945640564,0.18719806625191593,0.08731252872617712,1.0
CVNA,2023-02-14,20,Chronos-LoRA-V5,2.1440000534057617,1.794058402281573,1.409999966621399,0.38405843566017417,0.17913172858838977,1.0
CVNA,2023-04-17,1,Chronos-LoRA-V5,1.812000036239624,1.8002668893434635,1.7599999904632568,0.040266898880206625,0.022222349930947516,1.0
CVNA,2023-04-17,5,Chronos-LoRA-V5,1.812000036239624,1.749039279882462,1.6740000247955322,0.07503925508692988,0.04141239160384125,1.0
CVNA,2023-04-17,10,Chronos-LoRA-V5,1.812000036239624,1.6840499119431394,1.3860000371932983,0.298049874749841,0.16448668255458365,1.0
CVNA,2023-04-17,20,Chronos-LoRA-V5,1.812000036239624,1.5562987020688872,2.315999984741211,0.7597012826723237,0.41926118514263566,0.0
CVNA,2023-06-14,1,Chronos-LoRA-V5,4.679999828338623,4.652488082615124,5.276000022888184,0.62351194027306,0.1332290519537057,0.0
CVNA,2023-06-14,5,Chronos-LoRA-V5,4.679999828338623,4.52696964057889,5.107999801635742,0.5810301610568525,0.12415174836942566,0.0
CVNA,2023-06-14,10,Chronos-LoRA-V5,4.679999828338623,4.367322246869897,5.1479997634887695,0.7806775166188729,0.16681144129357994,0.0
CVNA,2023-06-14,20,Chronos-LoRA-V5,4.679999828338623,4.0567032302676855,7.539999961853027,3.483296731585342,0.74429420071622,0.0
CVNA,2023-08-14,1,Chronos-LoRA-V5,8.218000411987305,8.1750809816598,7.863999843597412,0.3110811380623879,0.03785362892031807,1.0
CVNA,2023-08-14,5,Chronos-LoRA-V5,8.218000411987305,7.959068166593823,8.067999839782715,0.10893167318889141,0.01325525282646578,1.0
CVNA,2023-08-14,10,Chronos-LoRA-V5,8.218000411987305,7.680182722471529,9.074000358581545,1.3938176361100156,0.16960544733934346,0.0
CVNA,2023-08-14,20,Chronos-LoRA-V5,8.218000411987305,7.17483659430665,10.15999984741211,2.9851632531054593,0.3632469096437507,0.0
CVNA,2023-10-12,1,Chronos-LoRA-V5,6.77400016784668,6.751123809717793,6.77400016784668,0.022876358128886665,0.0033770826043777458,0.0
CVNA,2023-10-12,5,Chronos-LoRA-V5,6.77400016784668,6.596485977903777,6.317999839782715,0.27848613812106215,0.041111032066830866,1.0
CVNA,2023-10-12,10,Chronos-LoRA-V5,6.77400016784668,6.384132938190989,5.820000171661377,0.5641327665296121,0.08327911906576446,1.0
CVNA,2023-10-12,20,Chronos-LoRA-V5,6.77400016784668,5.992921433127327,6.0879998207092285,0.09507838758190168,0.014035781698559568,1.0
CVNA,2023-12-11,1,Chronos-LoRA-V5,7.966000080108643,7.918730223507467,7.900000095367432,0.018730128140035163,0.002351258844047077,1.0
CVNA,2023-12-11,5,Chronos-LoRA-V5,7.966000080108643,7.709339740899774,11.13599967956543,3.4266599386656553,0.43016067087698573,0.0
CVNA,2023-12-11,10,Chronos-LoRA-V5,7.966000080108643,7.433061474692794,10.711999893188477,3.2789384184956827,0.4116166690335965,0.0
CVNA,2023-12-11,20,Chronos-LoRA-V5,7.966000080108643,6.901648723289227,9.347999572753906,2.446350849464679,0.3070990239597531,0.0
CVNA,2024-02-12,1,Chronos-LoRA-V5,11.055999755859377,11.037143322424537,10.394000053405762,0.6431432690187755,0.058171425761648354,1.0
CVNA,2024-02-12,5,Chronos-LoRA-V5,11.055999755859377,10.91250392133601,10.362000465393066,0.5505034559429429,0.049792281846894215,1.0
CVNA,2024-02-12,10,Chronos-LoRA-V5,11.055999755859377,10.70972192909991,16.083999633789062,5.374277704689153,0.48609604046354415,0.0
CVNA,2024-02-12,20,Chronos-LoRA-V5,11.055999755859377,10.312918026645386,15.255999565124512,4.943081538479126,0.4470949391853438,0.0
CVNA,2024-04-11,1,Chronos-LoRA-V5,16.08799934387207,16.049085867604468,14.998000144958496,1.051085722645972,0.06533352595183506,1.0
CVNA,2024-04-11,5,Chronos-LoRA-V5,16.08799934387207,15.86111258786612,14.229999542236328,1.6311130456297924,0.10138694133221016,1.0
CVNA,2024-04-11,10,Chronos-LoRA-V5,16.08799934387207,15.56344292691666,15.5,0.0634429269166592,0.003943493877678783,1.0
CVNA,2024-04-11,20,Chronos-LoRA-V5,16.08799934387207,14.90147466301191,24.082000732421875,9.180526069409964,0.5706443587658916,0.0
CVNA,2024-06-11,1,Chronos-LoRA-V5,20.823999404907227,20.816675282921857,22.214000701904297,1.3973254189824402,0.06710168358212487,0.0
CVNA,2024-06-11,5,Chronos-LoRA-V5,20.823999404907227,20.709104439316505,22.1560001373291,1.4468956980125967,0.06948212348064287,0.0
CVNA,2024-06-11,10,Chronos-LoRA-V5,20.823999404907227,20.551835586454544,25.31999969482422,4.768164108369675,0.22897446430228208,0.0
CVNA,2024-06-11,20,Chronos-LoRA-V5,20.823999404907227,20.36285221080692,25.98600006103516,5.623147850228239,0.2700320788956194,0.0
CVNA,2024-08-09,1,Chronos-LoRA-V5,27.18400001525879,27.188181280489577,26.69599914550781,0.49218213498176766,0.018105581765211043,0.0
CVNA,2024-08-09,5,Chronos-LoRA-V5,27.18400001525879,27.158245702330273,31.18600082397461,4.027755121644336,0.1481663890297048,0.0
CVNA,2024-08-09,10,Chronos-LoRA-V5,27.18400001525879,27.100413783249095,31.95599937438965,4.855585591140553,0.178619246189488,0.0
CVNA,2024-08-09,20,Chronos-LoRA-V5,27.18400001525879,26.933378331556614,27.09600067138672,0.16262233983010432,0.005982281479503415,1.0
CVNA,2024-10-09,1,Chronos-LoRA-V5,38.01399993896485,38.17333430358262,38.31399917602539,0.1406648724427697,0.003700343890898683,1.0
CVNA,2024-10-09,5,Chronos-LoRA-V5,38.01399993896485,38.627759283121364,38.68000030517578,0.052241022054417385,0.0013742574351105485,1.0
CVNA,2024-10-09,10,Chronos-LoRA-V5,38.01399993896485,39.089094145955926,39.46799850463867,0.3789043586827461,0.009967495114723945,1.0
CVNA,2024-10-09,20,Chronos-LoRA-V5,38.01399993896485,40.11102423818567,47.7859992980957,7.674975059910032,0.20189864450552286,1.0
CVNA,2024-12-06,1,Chronos-LoRA-V5,50.242000579833984,50.46866653253277,48.805999755859375,1.6626667766733974,0.03309316423480069,0.0
CVNA,2024-12-06,5,Chronos-LoRA-V5,50.242000579833984,51.30703464461617,49.650001525878906,1.6570331187372602,0.03298103378873729,0.0
CVNA,2024-12-06,10,Chronos-LoRA-V5,50.242000579833984,52.21226869180901,44.891998291015625,7.320270400793383,0.1457002172746198,0.0
CVNA,2024-12-06,20,Chronos-LoRA-V5,50.242000579833984,54.00100014434456,39.66999816894531,14.331001975399246,0.28523947713084086,0.0
CVNA,2025-02-07,1,Chronos-LoRA-V5,52.81399917602539,53.073157636158214,53.5620002746582,0.4888426384999889,0.009255929225709725,1.0
CVNA,2025-02-07,5,Chronos-LoRA-V5,52.81399917602539,54.03041231599819,57.06600189208984,3.0355895760916454,0.057476987606529084,1.0
CVNA,2025-02-07,10,Chronos-LoRA-V5,52.81399917602539,55.1296894024091,43.130001068115234,11.999688334293865,0.22720658388886128,0.0
CVNA,2025-02-07,20,Chronos-LoRA-V5,52.81399917602539,57.50415752181426,34.321998596191406,23.18215892562285,0.43893966159158526,0.0
CVNA,2025-04-09,1,Chronos-LoRA-V5,44.0880012512207,44.3363747440436,40.73199844360352,3.60437630044008,0.08175413260178765,0.0
CVNA,2025-04-09,5,Chronos-LoRA-V5,44.0880012512207,45.104790524709856,41.86000061035156,3.244789914358293,0.07359802717907182,0.0
CVNA,2025-04-09,10,Chronos-LoRA-V5,44.0880012512207,46.20750090530576,47.00400161743164,0.7965007121258836,0.018066156086035567,1.0
CVNA,2025-04-09,20,Chronos-LoRA-V5,44.0880012512207,48.39926654839571,57.10599899291992,8.706732444524214,0.1974853066010367,1.0
CVNA,2025-06-09,1,Chronos-LoRA-V5,67.98200225830078,68.40273283986527,67.69999694824219,0.7027358916230781,0.01033708729191285,0.0
CVNA,2025-06-09,5,Chronos-LoRA-V5,67.98200225830078,69.97597072095013,58.0099983215332,11.965972399416927,0.1760167691729887,0.0
CVNA,2025-06-09,10,Chronos-LoRA-V5,67.98200225830078,71.90765195881976,64.59400177001953,7.313650188800224,0.10758215330304155,0.0
CVNA,2025-06-09,20,Chronos-LoRA-V5,67.98200225830078,75.93614932881317,70.21800231933594,5.718147009477235,0.08411265952054303,1.0
CVNA,2025-08-08,1,Chronos-LoRA-V5,69.51200103759766,69.80371323326915,69.05000305175781,0.7537101815113374,0.010842878499551123,0.0
CVNA,2025-08-08,5,Chronos-LoRA-V5,69.51200103759766,70.91698217079094,69.99800109863281,0.9189810721581324,0.01322046637185803,1.0
CVNA,2025-08-08,10,Chronos-LoRA-V5,69.51200103759766,72.2731845240179,71.56199645996094,0.7111880640569694,0.010231155101869449,1.0
CVNA,2025-08-08,20,Chronos-LoRA-V5,69.51200103759766,74.96825985157558,74.44200134277344,0.5262585088021439,0.007570757580658727,1.0
CVNA,2025-10-07,1,Chronos-LoRA-V5,74.06199645996094,74.358903951688,72.18199920654297,2.1769047451450376,0.029393006524228715,0.0
CVNA,2025-10-07,5,Chronos-LoRA-V5,74.06199645996094,75.49889242918523,69.18199920654297,6.316893222642264,0.08529196517214166,0.0
CVNA,2025-10-07,10,Chronos-LoRA-V5,74.06199645996094,76.86800194326825,71.17400360107422,5.6939983421940354,0.07688151298044343,0.0
CVNA,2025-10-07,20,Chronos-LoRA-V5,74.06199645996094,79.56167101102096,61.95800018310547,17.603670827915494,0.23768831073075802,0.0
CVNA,2025-12-05,1,Chronos-LoRA-V5,79.9540023803711,80.30865441803273,89.59600067138672,9.287346253353988,0.11615861591481824,1.0
CVNA,2025-12-05,5,Chronos-LoRA-V5,79.9540023803711,81.57967152929551,91.13600158691406,9.556330057618553,0.11952284780135858,1.0
CVNA,2025-12-05,10,Chronos-LoRA-V5,79.9540023803711,83.12417144559751,90.04399871826172,6.919827272664207,0.0865476032049528,1.0
CVNA,2025-12-05,20,Chronos-LoRA-V5,79.9540023803711,86.31337302808743,88.08799743652344,1.7746244084360114,0.022195566895994112,1.0
CVNA,2026-02-05,1,Chronos-LoRA-V5,76.73799896240234,77.13023497971595,80.73400115966797,3.603766179952018,0.04696195142797088,1.0
CVNA,2026-02-05,5,Chronos-LoRA-V5,76.73799896240234,78.44150808435388,68.8280029296875,9.613505154666385,0.12527698512671026,0.0
CVNA,2026-02-05,10,Chronos-LoRA-V5,76.73799896240234,80.0149680311428,67.3239974975586,12.690970533584206,0.16538052470982623,0.0
CVNA,2026-02-05,20,Chronos-LoRA-V5,76.73799896240234,83.51972732591585,63.540000915527344,19.97972641038851,0.2603628799361519,0.0
CVNA,2026-04-08,1,Chronos-LoRA-V5,67.76200103759766,68.10835744213735,65.38600158691406,2.7223558552232845,0.04017525771874386,0.0
CVNA,2026-04-08,5,Chronos-LoRA-V5,67.76200103759766,69.26625171457705,74.21600341796875,4.949751703391698,0.07304612655469445,1.0
CVNA,2026-04-08,10,Chronos-LoRA-V5,67.76200103759766,70.65566499077111,83.35800170898438,12.70233671821326,0.1874551595836933,1.0
CVNA,2026-04-08,20,Chronos-LoRA-V5,67.76200103759766,73.7504746832326,77.8759994506836,4.125524767450997,0.06088256994007524,1.0
CVNA,2026-06-05,1,Chronos-LoRA-V5,66.51000213623047,66.84995911585169,69.44999694824219,2.6000378323904982,0.03909243345181257,1.0
CVNA,2026-06-05,5,Chronos-LoRA-V5,66.51000213623047,67.98645965235096,64.0999984741211,3.8864611782298653,0.05843423625621513,0.0
CVNA,2026-06-05,10,Chronos-LoRA-V5,66.51000213623047,69.35020155124354,66.66999816894531,2.680203382298231,0.04029774915370532,1.0
CVNA,2026-06-05,20,Chronos-LoRA-V5,66.51000213623047,72.38783025324472,67.48999786376953,4.897832389475184,0.0736405387484893,1.0
CVNA,2026-08-06,1,Chronos-LoRA-V5,68.33999633789062,68.6893070880958,70.8499984741211,2.1606913860252916,0.03161679107125326,1.0
CVNA,2026-08-06,5,Chronos-LoRA-V5,68.33999633789062,69.8570779497368,73.69999694824219,3.8429189985053824,0.05623235593260789,1.0
CVNA,2026-08-06,10,Chronos-LoRA-V5,68.33999633789062,71.25834262245854,71.5199966430664,0.2616540206078639,0.0038287099009222114,1.0
CVNA,2026-08-06,20,Chronos-LoRA-V5,68.33999633789062,74.37955037622508,73.43000030517578,0.9495500710493019,0.013894499881950129,1.0
PLUG,2011-03-11,1,Chronos-LoRA-V5,6.5,6.4808558545205655,6.199999809265137,0.28085604525542873,0.04320862234698897,1.0
PLUG,2011-03-11,5,Chronos-LoRA-V5,6.5,6.391357016779203,6.199999809265137,0.19135720751406637,0.029439570386779468,1.0
PLUG,2011-03-11,10,Chronos-LoRA-V5,6.5,6.2837237383427675,6.5,0.21627626165723246,0.03327327102418964,0.0
PLUG,2011-03-11,20,Chronos-LoRA-V5,6.5,6.071963186103597,6.800000190734863,0.7280370046312665,0.11200569302019492,0.0
PLUG,2011-07-05,1,Chronos-LoRA-V5,2.2799999713897705,2.2734497440886257,2.259999990463257,0.013449753625368821,0.005899014821991733,1.0
PLUG,2011-07-05,5,Chronos-LoRA-V5,2.2799999713897705,2.2398932071380595,2.0799999237060547,0.15989328343200482,0.07012863396421098,1.0
PLUG,2011-07-05,10,Chronos-LoRA-V5,2.2799999713897705,2.1957741342655104,2.2799999713897705,0.08422583712426013,0.036941157096997856,0.0
PLUG,2011-07-05,20,Chronos-LoRA-V5,2.2799999713897705,2.095549127310786,2.119999885559082,0.024450758248296012,0.010724016910137024,1.0
PLUG,2011-10-25,1,Chronos-LoRA-V5,2.1700000762939453,2.164986758786241,2.0299999713897705,0.1349867873964703,0.06220589062236748,1.0
PLUG,2011-10-25,5,Chronos-LoRA-V5,2.1700000762939453,2.136523671173936,2.119999885559082,0.016523785614853903,0.007614647481060999,1.0
PLUG,2011-10-25,10,Chronos-LoRA-V5,2.1700000762939453,2.1042880024458412,2.1700000762939453,0.06571207384810407,0.030282060616482087,0.0
PLUG,2011-10-25,20,Chronos-LoRA-V5,2.1700000762939453,2.03278001717083,2.140000104904175,0.1072200877333449,0.049410176941773076,1.0
PLUG,2012-02-17,1,Chronos-LoRA-V5,2.309999942779541,2.303112723390283,2.3299999237060547,0.026887200315771853,0.011639480944497071,0.0
PLUG,2012-02-17,5,Chronos-LoRA-V5,2.309999942779541,2.2725584563274106,2.4200000762939453,0.1474416199665347,0.06382754269211088,0.0
PLUG,2012-02-17,10,Chronos-LoRA-V5,2.309999942779541,2.230500265890472,2.059999942779541,0.170500323110931,0.0738096655127074,1.0
PLUG,2012-02-17,20,Chronos-LoRA-V5,2.309999942779541,2.1501862455432454,1.7699999809265137,0.3801862646167318,0.16458280261222302,1.0
PLUG,2012-06-12,1,Chronos-LoRA-V5,1.1699999570846558,1.1658604955729492,1.1799999475479126,0.014139451974963357,0.012085002131278166,0.0
PLUG,2012-06-12,5,Chronos-LoRA-V5,1.1699999570846558,1.1478661866864117,1.149999976158142,0.002133789471730374,0.0018237517521344504,1.0
PLUG,2012-06-12,10,Chronos-LoRA-V5,1.1699999570846558,1.1246771449836774,1.1200000047683716,0.004677140215305853,0.003997555886207205,1.0
PLUG,2012-06-12,20,Chronos-LoRA-V5,1.1699999570846558,1.077920248648165,1.100000023841858,0.022079775193692974,0.01887160342185834,1.0
PLUG,2012-10-03,1,Chronos-LoRA-V5,0.8399999737739563,0.8372060391441242,0.8500000238418579,0.01279398469773374,0.015230934639501092,0.0
PLUG,2012-10-03,5,Chronos-LoRA-V5,0.8399999737739563,0.8246293717003015,0.8600000143051147,0.03537064260481326,0.042107909177544256,0.0
PLUG,2012-10-03,10,Chronos-LoRA-V5,0.8399999737739563,0.8091925480701447,0.8100000023841858,0.0008074543140410562,0.0009612551657749435,1.0
PLUG,2012-10-03,20,Chronos-LoRA-V5,0.8399999737739563,0.7782914054447437,0.7900000214576721,0.011708616012928386,0.01393882902201038,1.0
PLUG,2013-01-30,1,Chronos-LoRA-V5,0.4600000083446502,0.4579713419251899,0.449999988079071,0.007971353846118912,0.017329029785900563,1.0
PLUG,2013-01-30,5,Chronos-LoRA-V5,0.4600000083446502,0.44881970324655046,0.3700000047683716,0.07881969847817888,0.17134716749640588,1.0
PLUG,2013-01-30,10,Chronos-LoRA-V5,0.4600000083446502,0.43736236963255054,0.25,0.18736236963255054,0.4073094918123811,1.0
PLUG,2013-01-30,20,Chronos-LoRA-V5,0.4600000083446502,0.41605704751701134,0.1700000017881393,0.24605704572887205,0.534906611446225,1.0
PLUG,2013-05-23,1,Chronos-LoRA-V5,0.2800000011920929,0.2787772171577958,0.3300000131130218,0.051222795955226,0.18293855620409372,0.0
PLUG,2013-05-23,5,Chronos-LoRA-V5,0.2800000011920929,0.2733867031131023,0.3799999952316284,0.1066132921185261,0.3807617559450811,0.0
PLUG,2013-05-23,10,Chronos-LoRA-V5,0.2800000011920929,0.2663272584835154,0.3799999952316284,0.11367273674811301,0.4059740580862651,0.0
PLUG,2013-05-23,20,Chronos-LoRA-V5,0.2800000011920929,0.2518430894805907,0.4199999868869781,0.1681568974063874,0.6005603453230846,0.0
PLUG,2013-09-16,1,Chronos-LoRA-V5,0.6200000047683716,0.619409902257267,0.5899999737739563,0.0294099284833107,0.04743536815664717,1.0
PLUG,2013-09-16,5,Chronos-LoRA-V5,0.6200000047683716,0.61134478642946,0.5799999833106995,0.031344803118760534,0.050556133673693715,1.0
PLUG,2013-09-16,10,Chronos-LoRA-V5,0.6200000047683716,0.6028684494229117,0.7400000095367432,0.13713156011383143,0.22117993396639235,0.0
PLUG,2013-09-16,20,Chronos-LoRA-V5,0.6200000047683716,0.5769281430290882,0.6399999856948853,0.06307184266579702,0.10172877771083289,0.0
PLUG,2014-01-08,1,Chronos-LoRA-V5,4.550000190734863,4.5791847427477,3.319999933242798,1.2591848095049025,0.27674390257586634,0.0
PLUG,2014-01-08,5,Chronos-LoRA-V5,4.550000190734863,4.62364242598174,3.799999952316284,0.8236424736654557,0.18102031629419124,0.0
PLUG,2014-01-08,10,Chronos-LoRA-V5,4.550000190734863,4.645098074860592,3.0799999237060547,1.5650981511545377,0.34397760121890486,0.0
PLUG,2014-01-08,20,Chronos-LoRA-V5,4.550000190734863,4.570381254415397,3.180000066757202,1.3903811876581953,0.3055782701920363,0.0
PLUG,2014-05-02,1,Chronos-LoRA-V5,4.5,4.495769871212472,4.059999942779541,0.43576992843293105,0.09683776187398474,1.0
PLUG,2014-05-02,5,Chronos-LoRA-V5,4.5,4.464690242648725,3.7200000286102295,0.7446902140384957,0.16548671423077677,1.0
PLUG,2014-05-02,10,Chronos-LoRA-V5,4.5,4.420698288554013,4.289999961853027,0.13069832670098602,0.029044072600219017,1.0
PLUG,2014-05-02,20,Chronos-LoRA-V5,4.5,4.338799797752604,4.380000114440918,0.0412003166883137,0.009155625930736377,1.0
PLUG,2014-08-25,1,Chronos-LoRA-V5,6.010000228881836,6.011249545723421,5.75,0.2612495457234214,0.04346914072780772,0.0
PLUG,2014-08-25,5,Chronos-LoRA-V5,6.010000228881836,5.99681205941472,5.420000076293945,0.5768119831207743,0.09597536791243866,1.0
PLUG,2014-08-25,10,Chronos-LoRA-V5,6.010000228881836,5.956909916433245,5.269999980926514,0.6869099355067316,0.11429449406768688,1.0
PLUG,2014-08-25,20,Chronos-LoRA-V5,6.010000228881836,5.9042788268939095,4.579999923706055,1.3242789031878548,0.22034589896084544,1.0
PLUG,2014-12-16,1,Chronos-LoRA-V5,2.7300000190734863,2.7242004279813568,2.940000057220459,0.21579962923910223,0.07904748268549133,0.0
PLUG,2014-12-16,5,Chronos-LoRA-V5,2.7300000190734863,2.6942151830027754,3.059999942779541,0.3657847597767656,0.13398709055720304,0.0
PLUG,2014-12-16,10,Chronos-LoRA-V5,2.7300000190734863,2.656841765262946,3.0,0.3431582347370541,0.12569898620495834,0.0
PLUG,2014-12-16,20,Chronos-LoRA-V5,2.7300000190734863,2.577792392287959,2.549999952316284,0.02779243997167491,0.010180380870878913,1.0
PLUG,2015-04-13,1,Chronos-LoRA-V5,2.5899999141693115,2.587785937698241,2.6700000762939453,0.08221413859570426,0.03174291170664867,0.0
PLUG,2015-04-13,5,Chronos-LoRA-V5,2.5899999141693115,2.575795517256281,2.720000028610229,0.14420451135394785,0.05567741935628545,0.0
PLUG,2015-04-13,10,Chronos-LoRA-V5,2.5899999141693115,2.5564978815411004,2.5899999141693115,0.033502032628211165,0.012935148161561272,0.0
PLUG,2015-04-13,20,Chronos-LoRA-V5,2.5899999141693115,2.5275282372362384,2.549999952316284,0.02247171508004575,0.00867633815627089,1.0
PLUG,2015-08-04,1,Chronos-LoRA-V5,2.720000028610229,2.7168661422675435,2.7799999713897705,0.06313382912222698,0.023210966344910267,0.0
PLUG,2015-08-04,5,Chronos-LoRA-V5,2.720000028610229,2.6930461601114595,2.3299999237060547,0.3630462364054048,0.1334728796274688,1.0
PLUG,2015-08-04,10,Chronos-LoRA-V5,2.720000028610229,2.6625846853216255,2.259999990463257,0.4025846948583687,0.14800907743521874,1.0
PLUG,2015-08-04,20,Chronos-LoRA-V5,2.720000028610229,2.593428984732565,1.659999966621399,0.9334290181111662,0.3431724295194575,1.0
PLUG,2015-11-24,1,Chronos-LoRA-V5,1.940000057220459,1.935723762985604,2.069999933242798,0.13427617025719396,0.06921451870964301,0.0
PLUG,2015-11-24,5,Chronos-LoRA-V5,1.940000057220459,1.914679227214729,2.109999895095825,0.19532066788109614,0.10068075367015317,0.0
PLUG,2015-11-24,10,Chronos-LoRA-V5,1.940000057220459,1.8879608517364819,1.9900000095367432,0.1020391578002613,0.05259750246938566,0.0
PLUG,2015-11-24,20,Chronos-LoRA-V5,1.940000057220459,1.8338881062837669,2.2699999809265137,0.4361118746427468,0.22479992875236687,0.0
PLUG,2016-03-21,1,Chronos-LoRA-V5,2.069999933242798,2.062454501528924,2.0799999237060547,0.01754542217713073,0.008476049634284166,0.0
PLUG,2016-03-21,5,Chronos-LoRA-V5,2.069999933242798,2.0285044030800283,2.0799999237060547,0.05149552062602636,0.02487706390664235,0.0
PLUG,2016-03-21,10,Chronos-LoRA-V5,2.069999933242798,1.9837738439130717,2.0,0.016226156086928345,0.007838723000106018,1.0
PLUG,2016-03-21,20,Chronos-LoRA-V5,2.069999933242798,1.8980501269955619,2.0999999046325684,0.2019497776370065,0.09756028219799906,0.0
PLUG,2016-07-13,1,Chronos-LoRA-V5,1.7400000095367432,1.736107986952457,1.7300000190734863,0.0061079678789706104,0.003510326347984871,1.0
PLUG,2016-07-13,5,Chronos-LoRA-V5,1.7400000095367432,1.717058315609329,1.7899999618530271,0.07294164624369803,0.04192048611719135,0.0
PLUG,2016-07-13,10,Chronos-LoRA-V5,1.7400000095367432,1.6921778677567967,1.7899999618530271,0.09782209409623044,0.05621959400004517,0.0
PLUG,2016-07-13,20,Chronos-LoRA-V5,1.7400000095367432,1.6388509790256582,1.7000000476837158,0.06114906865805758,0.03514314271431407,1.0
PLUG,2016-11-02,1,Chronos-LoRA-V5,1.4800000190734863,1.4770703186703107,1.4800000190734863,0.002929700403175639,0.0019795272739319136,0.0
PLUG,2016-11-02,5,Chronos-LoRA-V5,1.4800000190734863,1.4630914362396827,1.25,0.21309143623968274,0.14398069830639781,1.0
PLUG,2016-11-02,10,Chronos-LoRA-V5,1.4800000190734863,1.4443460457195774,1.4800000190734863,0.03565397335390896,0.024090522225958644,0.0
PLUG,2016-11-02,20,Chronos-LoRA-V5,1.4800000190734863,1.4056446866641845,1.4199999570846558,0.014355270420471244,0.009699506915856637,1.0
PLUG,2017-02-28,1,Chronos-LoRA-V5,1.0800000429153442,1.077509042172713,1.0700000524520874,0.007508989720625525,0.006952767983560371,1.0
PLUG,2017-02-28,5,Chronos-LoRA-V5,1.0800000429153442,1.064629679756927,1.0700000524520874,0.005370372695160386,0.004972567112741522,1.0
PLUG,2017-02-28,10,Chronos-LoRA-V5,1.0800000429153442,1.0488936919203544,1.0299999713897705,0.018893720530583913,0.017494184981310168,1.0
PLUG,2017-02-28,20,Chronos-LoRA-V5,1.0800000429153442,1.0160091230353898,1.5,0.4839908769646102,0.4481396830856865,0.0
PLUG,2017-06-21,1,Chronos-LoRA-V5,2.150000095367432,2.1454418633762073,2.2100000381469727,0.06455817477076531,0.030027056701005694,0.0
PLUG,2017-06-21,5,Chronos-LoRA-V5,2.150000095367432,2.1201286792869563,2.130000114440918,0.009871435153961716,0.004591364984230295,1.0
PLUG,2017-06-21,10,Chronos-LoRA-V5,2.150000095367432,2.087280160092048,2.069999933242798,0.017280226849250013,0.008037314457093991,1.0
PLUG,2017-06-21,20,Chronos-LoRA-V5,2.150000095367432,2.0217671050802504,2.119999885559082,0.09823278047883166,0.04568966331233759,1.0
PLUG,2017-10-12,1,Chronos-LoRA-V5,2.869999885559082,2.8708658432635175,2.799999952316284,0.07086589094723328,0.024691949049826634,0.0
PLUG,2017-10-12,5,Chronos-LoRA-V5,2.869999885559082,2.867860932126204,2.5299999713897705,0.33786096073643357,0.11772159380090619,1.0
PLUG,2017-10-12,10,Chronos-LoRA-V5,2.869999885559082,2.8587172728524926,2.690000057220459,0.16871721563203357,0.05878648862704294,1.0
PLUG,2017-10-12,20,Chronos-LoRA-V5,2.869999885559082,2.836784497993444,2.509999990463257,0.3267845075301872,0.11386220228595201,1.0
PLUG,2018-02-06,1,Chronos-LoRA-V5,1.840000033378601,1.8391027380483886,1.9800000190734863,0.1408972810250977,0.07657460786366543,0.0
PLUG,2018-02-06,5,Chronos-LoRA-V5,1.840000033378601,1.8315953426200375,1.7799999713897705,0.05159537123026703,0.028040962116466894,1.0
PLUG,2018-02-06,10,Chronos-LoRA-V5,1.840000033378601,1.816007123439284,1.9900000095367432,0.1739928860974591,0.0945613494245292,0.0
PLUG,2018-02-06,20,Chronos-LoRA-V5,1.840000033378601,1.7758805866691434,1.830000042915344,0.054119456246200626,0.02941274742632838,1.0
PLUG,2018-05-31,1,Chronos-LoRA-V5,1.870000004768372,1.8689164792262403,1.8899999856948853,0.021083506468644986,0.011274602360900388,0.0
PLUG,2018-05-31,5,Chronos-LoRA-V5,1.870000004768372,1.858205324935701,1.850000023841858,0.008205301093842987,0.0043878615363208695,1.0
PLUG,2018-05-31,10,Chronos-LoRA-V5,1.870000004768372,1.842521665812925,1.9900000095367432,0.14747834372381807,0.0788654242501382,0.0
PLUG,2018-05-31,20,Chronos-LoRA-V5,1.870000004768372,1.802060150678438,1.9900000095367432,0.18793985885830522,0.10050259806367468,0.0
PLUG,2018-09-21,1,Chronos-LoRA-V5,1.899999976158142,1.8976652911205805,1.8799999952316284,0.01766529588895205,0.009297524268748525,1.0
PLUG,2018-09-21,5,Chronos-LoRA-V5,1.899999976158142,1.8825616493114627,1.919999957084656,0.037438307773193236,0.01970437275946435,0.0
PLUG,2018-09-21,10,Chronos-LoRA-V5,1.899999976158142,1.8625546339040788,1.870000004768372,0.007445370864293199,0.003918616293536958,1.0
PLUG,2018-09-21,20,Chronos-LoRA-V5,1.899999976158142,1.8217549729133902,1.940000057220459,0.11824508430706882,0.062234255679394335,0.0
PLUG,2019-01-17,1,Chronos-LoRA-V5,1.399999976158142,1.3976731837151564,1.3799999952316284,0.017673188483527946,0.012623706274643265,1.0
PLUG,2019-01-17,5,Chronos-LoRA-V5,1.399999976158142,1.3873399696974034,1.3600000143051147,0.027339955392288617,0.01952853989848946,1.0
PLUG,2019-01-17,10,Chronos-LoRA-V5,1.399999976158142,1.371872419846066,1.340000033378601,0.03187238646746482,0.02276599072160601,1.0
PLUG,2019-01-17,20,Chronos-LoRA-V5,1.399999976158142,1.3437543937870904,1.6200000047683716,0.2762456109812812,0.19731829691836855,0.0
PLUG,2019-05-13,1,Chronos-LoRA-V5,2.2300000190734863,2.231216263628154,2.2799999713897705,0.04878370776161667,0.021876101948145044,1.0
PLUG,2019-05-13,5,Chronos-LoRA-V5,2.2300000190734863,2.2245909389584817,2.569999933242798,0.34540899428431615,0.15489192436322285,0.0
PLUG,2019-05-13,10,Chronos-LoRA-V5,2.2300000190734863,2.2160657408378115,2.6700000762939453,0.4539343354561338,0.2035579962213332,0.0
PLUG,2019-05-13,20,Chronos-LoRA-V5,2.2300000190734863,2.185911824501902,2.619999885559082,0.43408806105718023,0.19465832167908848,0.0
PLUG,2019-09-04,1,Chronos-LoRA-V5,2.150000095367432,2.1481498685619473,2.1700000762939453,0.021850207731997973,0.010162886866413645,0.0
PLUG,2019-09-04,5,Chronos-LoRA-V5,2.150000095367432,2.1368254162798785,2.5,0.36317458372012146,0.1689184035399104,0.0
PLUG,2019-09-04,10,Chronos-LoRA-V5,2.150000095367432,2.1228998656512075,2.819999933242798,0.6971000675915904,0.3242325751955173,0.0
PLUG,2019-09-04,20,Chronos-LoRA-V5,2.150000095367432,2.095895525073709,2.4100000858306885,0.31410456075697946,0.14609513805779595,0.0
PLUG,2019-12-26,1,Chronos-LoRA-V5,3.150000095367432,3.1524438409999154,3.0799999237060547,0.07244391729386068,0.022998068285902784,0.0
PLUG,2019-12-26,5,Chronos-LoRA-V5,3.150000095367432,3.1471580993500856,3.2300000190734863,0.08284191972340071,0.026299021338200168,0.0
PLUG,2019-12-26,10,Chronos-LoRA-V5,3.150000095367432,3.13844183884219,4.139999866485596,1.0015580276434055,0.31795491978440027,0.0
PLUG,2019-12-26,20,Chronos-LoRA-V5,3.150000095367432,3.1327719249544916,3.809999942779541,0.6772280178250494,0.21499301502276735,0.0
PLUG,2020-04-21,1,Chronos-LoRA-V5,4.21999979019165,4.230387867564867,4.329999923706055,0.09961205614118729,0.023604753813663892,1.0
PLUG,2020-04-21,5,Chronos-LoRA-V5,4.21999979019165,4.263137546013801,4.440000057220459,0.1768625112066582,0.041910549762995686,1.0
PLUG,2020-04-21,10,Chronos-LoRA-V5,4.21999979019165,4.304868092529318,4.170000076293945,0.13486801623537303,0.03195924714234355,0.0
PLUG,2020-04-21,20,Chronos-LoRA-V5,4.21999979019165,4.373614633377596,4.170000076293945,0.20361455708365028,0.048249897442389056,0.0
PLUG,2020-08-12,1,Chronos-LoRA-V5,10.630000114440918,10.678305539598409,11.359999656677246,0.6816941170788375,0.06412926714391576,1.0
PLUG,2020-08-12,5,Chronos-LoRA-V5,10.630000114440918,10.838539830231163,13.649999618530272,2.811459788299109,0.2644835143961781,1.0
PLUG,2020-08-12,10,Chronos-LoRA-V5,10.630000114440918,11.013241596314028,13.050000190734863,2.036758594420835,0.1916047575252504,1.0
PLUG,2020-08-12,20,Chronos-LoRA-V5,10.630000114440918,11.285174911783022,12.119999885559082,0.83482497377606,0.07853480383710854,1.0
PLUG,2020-12-03,1,Chronos-LoRA-V5,23.850000381469727,23.977578550354263,24.850000381469727,0.8724218311154637,0.03657953111788159,1.0
PLUG,2020-12-03,5,Chronos-LoRA-V5,23.850000381469727,24.423316717120205,27.190000534057617,2.7666838169374124,0.11600351248157592,1.0
PLUG,2020-12-03,10,Chronos-LoRA-V5,23.850000381469727,24.928272676978814,30.56999969482422,5.641727017845405,0.23655039528757205,1.0
PLUG,2020-12-03,20,Chronos-LoRA-V5,23.850000381469727,25.925806304309813,32.16999816894531,6.2441918646355,0.2618109754617417,1.0
PLUG,2021-03-30,1,Chronos-LoRA-V5,34.040000915527344,34.19966374831812,35.84000015258789,1.6403364042697675,0.04818849471656539,1.0
PLUG,2021-03-30,5,Chronos-LoRA-V5,34.040000915527344,34.76339575610954,31.959999084472656,2.8033966716368823,0.08235595171086241,0.0
PLUG,2021-03-30,10,Chronos-LoRA-V5,34.040000915527344,35.449939274392285,28.38999938964844,7.059939884743844,0.20740128363285248,0.0
PLUG,2021-03-30,20,Chronos-LoRA-V5,34.040000915527344,36.60790837057188,28.86000061035156,7.747907760220318,0.22761185522430794,0.0
PLUG,2021-07-22,1,Chronos-LoRA-V5,27.32999992370605,27.40579646135106,26.809999465942383,0.5957969954086764,0.021800109662345135,0.0
PLUG,2021-07-22,5,Chronos-LoRA-V5,27.32999992370605,27.620891477535768,27.200000762939453,0.42089071459631455,0.01540031890857163,0.0
PLUG,2021-07-22,10,Chronos-LoRA-V5,27.32999992370605,27.861999493289648,26.0,1.8619994932896482,0.06813024143752555,0.0
PLUG,2021-07-22,20,Chronos-LoRA-V5,27.32999992370605,28.450624047542878,23.76000022888184,4.690623818661038,0.1716291193470656,0.0
PLUG,2021-11-11,1,Chronos-LoRA-V5,43.43999862670898,43.57420570271855,43.13999938964844,0.4342063130701135,0.00999554159293059,0.0
PLUG,2021-11-11,5,Chronos-LoRA-V5,43.43999862670898,43.95795140236551,40.41999816894531,3.537953233420197,0.08144459818755367,0.0
PLUG,2021-11-11,10,Chronos-LoRA-V5,43.43999862670898,44.38063061329722,40.25,4.130630613297221,0.09508818471180869,0.0
PLUG,2021-11-11,20,Chronos-LoRA-V5,43.43999862670898,45.3368967832831,33.220001220703125,12.116895562579977,0.27893406873014803,0.0
PLUG,2022-03-08,1,Chronos-LoRA-V5,25.57999992370605,25.636248356440703,26.190000534057617,0.5537521776169143,0.02164785689087223,1.0
PLUG,2022-03-08,5,Chronos-LoRA-V5,25.57999992370605,25.69561631247575,23.09000015258789,2.605616159887859,0.10186146081545244,0.0
PLUG,2022-03-08,10,Chronos-LoRA-V5,25.57999992370605,25.6955010674662,27.25,1.5544989325338001,0.060770091367090995,1.0
PLUG,2022-03-08,20,Chronos-LoRA-V5,25.57999992370605,25.834256049622915,30.440000534057617,4.605744484434702,0.18005256052273744,1.0
PLUG,2022-06-30,1,Chronos-LoRA-V5,16.56999969482422,16.584236876099244,17.18000030517578,0.5957634290765377,0.03595434158412392,1.0
PLUG,2022-06-30,5,Chronos-LoRA-V5,16.56999969482422,16.589544584405136,19.770000457763672,3.180455873358536,0.19194061146253238,1.0
PLUG,2022-06-30,10,Chronos-LoRA-V5,16.56999969482422,16.562619413414204,15.460000038146973,1.1026193752672313,0.06654311379448263,1.0
PLUG,2022-06-30,20,Chronos-LoRA-V5,16.56999969482422,16.541379451454365,21.34000015258789,4.798620701133526,0.289596909445473,0.0
PLUG,2022-10-21,1,Chronos-LoRA-V5,16.489999771118164,16.44456320310955,15.729999542236328,0.7145636608732211,0.043333151655026825,1.0
PLUG,2022-10-21,5,Chronos-LoRA-V5,16.489999771118164,16.213078565837815,16.09000015258789,0.12307841324992452,0.007463821404381954,1.0
PLUG,2022-10-21,10,Chronos-LoRA-V5,16.489999771118164,15.921716369108196,14.789999961853027,1.131716407255169,0.06863046834223385,1.0
PLUG,2022-10-21,20,Chronos-LoRA-V5,16.489999771118164,15.490741760861646,15.84000015258789,0.34925839172624507,0.021180011920798436,1.0
PLUG,2023-02-15,1,Chronos-LoRA-V5,16.770000457763672,16.721163687045426,15.84000015258789,0.881163534457535,0.052544037591221504,1.0
PLUG,2023-02-15,5,Chronos-LoRA-V5,16.770000457763672,16.410316519165836,14.649999618530272,1.760316900635564,0.10496820826386,1.0
PLUG,2023-02-15,10,Chronos-LoRA-V5,16.770000457763672,15.985187526511092,13.329999923706056,2.655187602805036,0.15832960824850884,1.0
PLUG,2023-02-15,20,Chronos-LoRA-V5,16.770000457763672,15.262730666565764,11.800000190734863,3.4627304758309005,0.20648362440728674,1.0
PLUG,2023-06-09,1,Chronos-LoRA-V5,9.170000076293944,9.14448885590829,10.369999885559082,1.2255110296507912,0.13364351357193027,0.0
PLUG,2023-06-09,5,Chronos-LoRA-V5,9.170000076293944,8.994026374980816,10.56999969482422,1.5759733198434045,0.17186186551051097,0.0
PLUG,2023-06-09,10,Chronos-LoRA-V5,9.170000076293944,8.778917283300665,9.130000114440918,0.3510828311402534,0.038286022706571554,1.0
PLUG,2023-06-09,20,Chronos-LoRA-V5,9.170000076293944,8.35584905624181,11.18000030517578,2.824151248933969,0.30797723287210144,0.0
PLUG,2023-10-03,1,Chronos-LoRA-V5,6.53000020980835,6.512398488796072,6.53000020980835,0.017601721012277416,0.002695516148045307,0.0
PLUG,2023-10-03,5,Chronos-LoRA-V5,6.53000020980835,6.423519299450397,7.159999847412109,0.7364805479617127,0.11278415379765017,0.0
PLUG,2023-10-03,10,Chronos-LoRA-V5,6.53000020980835,6.292612892558587,7.71999979019165,1.4273868976330633,0.21858910440600976,0.0
PLUG,2023-10-03,20,Chronos-LoRA-V5,6.53000020980835,6.063048011696977,5.889999866485596,0.17304814521138123,0.026500480804189763,1.0
PLUG,2024-01-26,1,Chronos-LoRA-V5,3.400000095367432,3.389294635918898,3.7899999618530273,0.40070532593412933,0.11785450432195521,0.0
PLUG,2024-01-26,5,Chronos-LoRA-V5,3.400000095367432,3.332876920348952,4.659999847412109,1.3271229270631575,0.39033026171716556,0.0
PLUG,2024-01-26,10,Chronos-LoRA-V5,3.400000095367432,3.255557234408813,4.329999923706055,1.0744426892972418,0.3160125468117462,0.0
PLUG,2024-01-26,20,Chronos-LoRA-V5,3.400000095367432,3.1042616737270254,3.039999961853028,0.06426171187399765,0.018900502962207466,1.0
PLUG,2024-05-20,1,Chronos-LoRA-V5,3.200000047683716,3.184517669679308,3.0799999237060547,0.10451774597325336,0.03266179512994294,1.0
PLUG,2024-05-20,5,Chronos-LoRA-V5,3.200000047683716,3.1112917717121342,3.25,0.13870822828786578,0.043346320694047535,0.0
PLUG,2024-05-20,10,Chronos-LoRA-V5,3.200000047683716,3.0188761994398985,3.220000028610229,0.20112382917033056,0.06285119567917241,0.0
PLUG,2024-05-20,20,Chronos-LoRA-V5,3.200000047683716,2.841821986215347,2.640000104904175,0.2018218813111723,0.063069336969935,1.0
PLUG,2024-09-12,1,Chronos-LoRA-V5,1.940000057220459,1.9277843107608348,1.9600000381469729,0.03221572738613809,0.01660604455460457,0.0
PLUG,2024-09-12,5,Chronos-LoRA-V5,1.940000057220459,1.8708305406339552,2.059999942779541,0.18916940214558586,0.09750999822990658,0.0
PLUG,2024-09-12,10,Chronos-LoRA-V5,1.940000057220459,1.7985353924437424,2.059999942779541,0.26146455033579863,0.13477553743498993,0.0
PLUG,2024-09-12,20,Chronos-LoRA-V5,1.940000057220459,1.6668074864378448,1.9700000286102293,0.30319254217238445,0.15628481094314217,0.0
PLUG,2025-01-06,1,Chronos-LoRA-V5,3.150000095367432,3.142205975176785,2.950000047683716,0.19220592749306897,0.061017752912369105,1.0
PLUG,2025-01-06,5,Chronos-LoRA-V5,3.150000095367432,3.0828463065422604,2.6600000858306885,0.42284622071157196,0.1342368913999188,1.0
PLUG,2025-01-06,10,Chronos-LoRA-V5,3.150000095367432,3.000872640059215,2.0299999713897705,0.9708726686694447,0.308213536278067,1.0
PLUG,2025-01-06,20,Chronos-LoRA-V5,3.150000095367432,2.8587597511897256,1.850000023841858,1.0087597273478677,0.3202411735896157,1.0
PLUG,2025-05-01,1,Chronos-LoRA-V5,0.8500000238418579,0.8461139255857338,0.8399999737739563,0.0061139518117775404,0.00719288428268916,1.0
PLUG,2025-05-01,5,Chronos-LoRA-V5,0.8500000238418579,0.8254234178799771,0.8500000238418579,0.024576605961880826,0.028913653261794847,0.0
PLUG,2025-05-01,10,Chronos-LoRA-V5,0.8500000238418579,0.7973426505158239,0.699999988079071,0.09734266243675282,0.114520776125135,1.0
PLUG,2025-05-01,20,Chronos-LoRA-V5,0.8500000238418579,0.7467105561575318,0.8799999952316284,0.13328943907409663,0.15681110039462187,0.0
PLUG,2025-08-25,1,Chronos-LoRA-V5,1.6699999570846558,1.660918918980797,1.649999976158142,0.01091894282265482,0.0065382892833818484,1.0
PLUG,2025-08-25,5,Chronos-LoRA-V5,1.6699999570846558,1.6156080648622626,1.4800000190734863,0.13560804578877628,0.08120242471473427,1.0
PLUG,2025-08-25,10,Chronos-LoRA-V5,1.6699999570846558,1.5560849588178816,1.409999966621399,0.14608499219648263,0.0874760454793696,1.0
PLUG,2025-08-25,20,Chronos-LoRA-V5,1.6699999570846558,1.447612548808365,2.5299999713897705,1.0823874225814054,0.6481361978421517,0.0
PLUG,2025-12-16,1,Chronos-LoRA-V5,2.289999961853028,2.279757193063655,2.1600000858306885,0.1197571072329664,0.05229568088554071,1.0
PLUG,2025-12-16,5,Chronos-LoRA-V5,2.289999961853028,2.234512289406101,2.049999952316284,0.18451233708981674,0.0805730743071772,1.0
PLUG,2025-12-16,10,Chronos-LoRA-V5,2.289999961853028,2.1807364650111785,1.9700000286102293,0.2107364364009492,0.09202464624952444,1.0
PLUG,2025-12-16,20,Chronos-LoRA-V5,2.289999961853028,2.060981582660926,2.259999990463257,0.1990184078023307,0.08690760310811907,1.0
PLUG,2026-04-13,1,Chronos-LoRA-V5,2.7699999809265137,2.7596456662299795,2.940000057220459,0.18035439099047945,0.06510988889254588,0.0
PLUG,2026-04-13,5,Chronos-LoRA-V5,2.7699999809265137,2.699006921193741,3.220000028610229,0.520993107416488,0.18808415559707892,0.0
PLUG,2026-04-13,10,Chronos-LoRA-V5,2.7699999809265137,2.6249756468933567,3.0799999237060547,0.45502427681269797,0.16426869312125436,0.0
PLUG,2026-04-13,20,Chronos-LoRA-V5,2.7699999809265137,2.486929281223158,3.5199999809265137,1.0330706997033556,0.3729497136522768,0.0
PLUG,2026-08-06,1,Chronos-LoRA-V5,2.069999933242798,2.0622622325647524,2.180000066757202,0.11773783419244976,0.05687818260361255,0.0
PLUG,2026-08-06,5,Chronos-LoRA-V5,2.069999933242798,2.016947359264661,2.299999952316284,0.283052593051623,0.1367403875265839,0.0
PLUG,2026-08-06,10,Chronos-LoRA-V5,2.069999933242798,1.9616243506311313,2.200000047683716,0.23837569705258455,0.1151573452851048,0.0
PLUG,2026-08-06,20,Chronos-LoRA-V5,2.069999933242798,1.858463350743275,2.109999895095825,0.25153654435255013,0.12151524273650605,0.0
RKLB,2022-02-02,1,Chronos-LoRA-V5,9.420000076293944,9.416997646264722,9.029999732971191,0.3869979132935306,0.04108258069630344,1.0
RKLB,2022-02-02,5,Chronos-LoRA-V5,9.420000076293944,9.384748497863391,10.640000343322754,1.2552518454593624,0.13325391032833278,0.0
RKLB,2022-02-02,10,Chronos-LoRA-V5,9.420000076293944,9.334439696333952,9.9399995803833,0.6055598840493488,0.06428448823193533,0.0
RKLB,2022-02-02,20,Chronos-LoRA-V5,9.420000076293944,9.218205163551897,8.479999542236328,0.7382056213155685,0.07836577657502497,1.0
RKLB,2022-03-08,1,Chronos-LoRA-V5,8.510000228881836,8.503468634498663,8.829999923706055,0.3265312892073915,0.03837030322269397,0.0
RKLB,2022-03-08,5,Chronos-LoRA-V5,8.510000228881836,8.46686010334096,7.920000076293945,0.5468600270470141,0.0642608710151431,1.0
RKLB,2022-03-08,10,Chronos-LoRA-V5,8.510000228881836,8.420086147018528,9.0,0.5799138529814716,0.06814498676666525,0.0
RKLB,2022-03-08,20,Chronos-LoRA-V5,8.510000228881836,8.312683150889814,8.199999809265137,0.11268334162467752,0.013241285381197176,1.0
RKLB,2022-04-08,1,Chronos-LoRA-V5,7.800000190734863,7.780423911122227,7.829999923706055,0.04957601258382738,0.006355898893786627,0.0
RKLB,2022-04-08,5,Chronos-LoRA-V5,7.800000190734863,7.694668627808496,7.980000019073486,0.2853313912649904,0.03658094670355494,0.0
RKLB,2022-04-08,10,Chronos-LoRA-V5,7.800000190734863,7.590622828390998,7.829999923706055,0.23937709531505647,0.030689370443785058,0.0
RKLB,2022-04-08,20,Chronos-LoRA-V5,7.800000190734863,7.373288783469753,5.670000076293945,1.7032887071758074,0.21837034173397052,1.0
RKLB,2022-05-12,1,Chronos-LoRA-V5,5.190000057220459,5.172096418193002,5.860000133514404,0.6879037153214025,0.13254406700138155,0.0
RKLB,2022-05-12,5,Chronos-LoRA-V5,5.190000057220459,5.094366626033128,4.75,0.3443666260331284,0.06635195033457408,1.0
RKLB,2022-05-12,10,Chronos-LoRA-V5,5.190000057220459,5.004090549938013,4.659999847412109,0.3440907025259037,0.06629878588290117,1.0
RKLB,2022-05-12,20,Chronos-LoRA-V5,5.190000057220459,4.829903146208594,4.21999979019165,0.609903356016944,0.11751509620282785,1.0
RKLB,2022-06-15,1,Chronos-LoRA-V5,4.329999923706055,4.315024224437076,4.139999866485596,0.17502435795148052,0.0404213304931601,1.0
RKLB,2022-06-15,5,Chronos-LoRA-V5,4.329999923706055,4.238579383922947,4.070000171661377,0.16857921226157035,0.03893284416441356,1.0
RKLB,2022-06-15,10,Chronos-LoRA-V5,4.329999923706055,4.1574606584510985,3.7899999618530273,0.3674606965980711,0.08486390371193375,1.0
RKLB,2022-06-15,20,Chronos-LoRA-V5,4.329999923706055,4.016416197266606,3.950000047683716,0.06641614958289033,0.01533860294529632,1.0
RKLB,2022-07-20,1,Chronos-LoRA-V5,4.369999885559082,4.358637437477785,4.360000133514404,0.0013626960366188712,0.00031182976482946323,1.0
RKLB,2022-07-20,5,Chronos-LoRA-V5,4.369999885559082,4.297936932927761,4.28000020980835,0.01793672311941119,0.00410451340712481,1.0
RKLB,2022-07-20,10,Chronos-LoRA-V5,4.369999885559082,4.227102469970899,5.150000095367432,0.9228976253965326,0.2111893934931901,0.0
RKLB,2022-07-20,20,Chronos-LoRA-V5,4.369999885559082,4.094610806688072,6.019999980926514,1.9253891742384415,0.44059249992225424,0.0
RKLB,2022-08-22,1,Chronos-LoRA-V5,5.489999771118164,5.481547626179275,5.349999904632568,0.13154772154670624,0.023961334614029273,1.0
RKLB,2022-08-22,5,Chronos-LoRA-V5,5.489999771118164,5.443893113484381,5.130000114440918,0.31389299904346313,0.057175412045514795,1.0
RKLB,2022-08-22,10,Chronos-LoRA-V5,5.489999771118164,5.391222601171839,5.260000228881836,0.13122237229000344,0.023902072451867706,1.0
RKLB,2022-08-22,20,Chronos-LoRA-V5,5.489999771118164,5.264624462858653,5.050000190734863,0.21462427212378987,0.03909367596933011,1.0
RKLB,2022-09-23,1,Chronos-LoRA-V5,4.119999885559082,4.11395321940825,4.230000019073486,0.11604679966523612,0.028166699730257094,0.0
RKLB,2022-09-23,5,Chronos-LoRA-V5,4.119999885559082,4.075966015550772,4.070000171661377,0.005965843889395472,0.001448020401725314,1.0
RKLB,2022-09-23,10,Chronos-LoRA-V5,4.119999885559082,4.026723809574673,4.360000133514404,0.3332763239397316,0.08089231388279672,0.0
RKLB,2022-09-23,20,Chronos-LoRA-V5,4.119999885559082,3.9285991250727093,4.239999771118164,0.3114006460454548,0.0755826831784483,0.0
RKLB,2022-10-26,1,Chronos-LoRA-V5,4.690000057220459,4.682073298769468,4.789999961853027,0.10792666308355958,0.02301208140016997,0.0
RKLB,2022-10-26,5,Chronos-LoRA-V5,4.690000057220459,4.639664898418609,4.889999866485596,0.2503349680669871,0.05337632516263735,0.0
RKLB,2022-10-26,10,Chronos-LoRA-V5,4.690000057220459,4.583673154327366,4.739999771118164,0.15632661679079796,0.03333190082804505,0.0
RKLB,2022-10-26,20,Chronos-LoRA-V5,4.690000057220459,4.471646293758113,4.400000095367432,0.07164619839068109,0.015276374737006382,1.0
RKLB,2022-11-29,1,Chronos-LoRA-V5,3.9600000381469727,3.9508549247874396,4.190000057220459,0.23914513243301938,0.060390184376090006,0.0
RKLB,2022-11-29,5,Chronos-LoRA-V5,3.9600000381469727,3.907055742385964,4.0,0.09294425761403602,0.02347077189866098,0.0
RKLB,2022-11-29,10,Chronos-LoRA-V5,3.9600000381469727,3.8525922716051864,4.170000076293945,0.31740780468875895,0.08015348526039034,0.0
RKLB,2022-11-29,20,Chronos-LoRA-V5,3.9600000381469727,3.7558472024554974,3.5799999237060547,0.17584727874944273,0.044405878044316394,1.0
RKLB,2023-01-03,1,Chronos-LoRA-V5,3.869999885559082,3.8680953362375177,4.039999961853027,0.17190462561550968,0.04441980121419953,0.0
RKLB,2023-01-03,5,Chronos-LoRA-V5,3.869999885559082,3.846638653014029,4.380000114440918,0.5333614614268889,0.13781950315221692,0.0
RKLB,2023-01-03,10,Chronos-LoRA-V5,3.869999885559082,3.8166342007905234,5.170000076293945,1.353365875503422,0.3497069549158157,0.0
RKLB,2023-01-03,20,Chronos-LoRA-V5,3.869999885559082,3.7715694957621135,4.980000019073486,1.2084305233113728,0.31225595840987885,0.0
RKLB,2023-02-06,1,Chronos-LoRA-V5,4.920000076293945,4.920664227096549,4.900000095367432,0.020664131729117408,0.004200026709081484,0.0
RKLB,2023-02-06,5,Chronos-LoRA-V5,4.920000076293945,4.901078020021353,4.710000038146973,0.19107798187437997,0.03883698758360843,1.0
RKLB,2023-02-06,10,Chronos-LoRA-V5,4.920000076293945,4.864414739873258,4.579999923706055,0.2844148161672031,0.05780788856845753,1.0
RKLB,2023-02-06,20,Chronos-LoRA-V5,4.920000076293945,4.777056286727676,4.400000095367432,0.3770561913602446,0.07663743607993345,1.0
RKLB,2023-03-10,1,Chronos-LoRA-V5,3.910000085830689,3.9070530381425392,3.940000057220459,0.03294701907791975,0.008426347405289025,0.0
RKLB,2023-03-10,5,Chronos-LoRA-V5,3.910000085830689,3.8857131495721706,3.880000114440918,0.005713035131252653,0.001461134272593978,1.0
RKLB,2023-03-10,10,Chronos-LoRA-V5,3.910000085830689,3.8484397692911627,3.930000066757202,0.08156029746603943,0.020859410658737088,0.0
RKLB,2023-03-10,20,Chronos-LoRA-V5,3.910000085830689,3.7708073245057228,4.0,0.22919267549427724,0.05861705126934402,0.0
RKLB,2023-04-13,1,Chronos-LoRA-V5,4.110000133514404,4.105772819669192,4.019999980926514,0.08577283874267838,0.02086930315239066,1.0
RKLB,2023-04-13,5,Chronos-LoRA-V5,4.110000133514404,4.078370257349575,3.950000047683716,0.12837020966585921,0.031233626641294476,1.0
RKLB,2023-04-13,10,Chronos-LoRA-V5,4.110000133514404,4.03477669120361,3.900000095367432,0.13477659583617774,0.032792358018959966,1.0
RKLB,2023-04-13,20,Chronos-LoRA-V5,4.110000133514404,3.9438455475157355,4.099999904632568,0.1561543571168329,0.037993759621440026,1.0
RKLB,2023-05-16,1,Chronos-LoRA-V5,4.28000020980835,4.278282391020298,4.5,0.22171760897970216,0.05180317712872984,0.0
RKLB,2023-05-16,5,Chronos-LoRA-V5,4.28000020980835,4.258347761576324,4.519999980926514,0.26165221935018934,0.061133693113044396,0.0
RKLB,2023-05-16,10,Chronos-LoRA-V5,4.28000020980835,4.225608703096771,4.579999923706055,0.3543912206092834,0.08280168299925206,0.0
RKLB,2023-05-16,20,Chronos-LoRA-V5,4.28000020980835,4.16594899029032,5.690000057220459,1.5240510669301388,0.3560866804252756,0.0
RKLB,2023-06-20,1,Chronos-LoRA-V5,5.809999942779541,5.809619021986227,5.900000095367432,0.09038107338120493,0.015556122938267358,0.0
RKLB,2023-06-20,5,Chronos-LoRA-V5,5.809999942779541,5.791963728363965,5.5,0.29196372836396467,0.05025193308767706,1.0
RKLB,2023-06-20,10,Chronos-LoRA-V5,5.809999942779541,5.758975692804167,5.860000133514404,0.10102444071023697,0.017388027832218267,0.0
RKLB,2023-06-20,20,Chronos-LoRA-V5,5.809999942779541,5.705369202023405,7.929999828338623,2.224630626315218,0.38289684134677293,0.0
RKLB,2023-07-24,1,Chronos-LoRA-V5,7.389999866485596,7.381371896830358,7.619999885559082,0.23862798872872393,0.03229066211637255,0.0
RKLB,2023-07-24,5,Chronos-LoRA-V5,7.389999866485596,7.325552478965581,7.369999885559082,0.04444740659350099,0.006014534153792717,1.0
RKLB,2023-07-24,10,Chronos-LoRA-V5,7.389999866485596,7.247973674651101,6.590000152587891,0.6579735220632106,0.08903566088643489,1.0
RKLB,2023-07-24,20,Chronos-LoRA-V5,7.389999866485596,7.058893060225912,5.880000114440918,1.1788929457849937,0.1595254353293556,1.0
RKLB,2023-08-25,1,Chronos-LoRA-V5,5.789999961853027,5.7781915523026,5.929999828338623,0.15180827603602332,0.02621904612024195,0.0
RKLB,2023-08-25,5,Chronos-LoRA-V5,5.789999961853027,5.726598825993057,6.340000152587891,0.6134013265948335,0.10594150788189649,0.0
RKLB,2023-08-25,10,Chronos-LoRA-V5,5.789999961853027,5.65538364864127,6.039999961853027,0.38461631321175727,0.0664276883844166,0.0
RKLB,2023-08-25,20,Chronos-LoRA-V5,5.789999961853027,5.525313353136633,4.349999904632568,1.175313448504065,0.20299023423964224,1.0
RKLB,2023-09-28,1,Chronos-LoRA-V5,4.340000152587891,4.330883483135392,4.380000114440918,0.04911663130552579,0.011317195755451426,0.0
RKLB,2023-09-28,5,Chronos-LoRA-V5,4.340000152587891,4.2879794852320225,4.449999809265137,0.16202032403311417,0.03733187058449838,0.0
RKLB,2023-09-28,10,Chronos-LoRA-V5,4.340000152587891,4.2308040783633105,4.420000076293945,0.1891959979306348,0.04359354637760082,0.0
RKLB,2023-09-28,20,Chronos-LoRA-V5,4.340000152587891,4.1345593647701175,4.28000020980835,0.14544084503823207,0.033511714268375625,1.0
RKLB,2023-10-31,1,Chronos-LoRA-V5,4.230000019073486,4.223875251100345,4.239999771118164,0.0161245200178195,0.0038119432494354566,0.0
RKLB,2023-10-31,5,Chronos-LoRA-V5,4.230000019073486,4.193283261184264,4.5,0.30671673881573636,0.07250986700537132,0.0
RKLB,2023-10-31,10,Chronos-LoRA-V5,4.230000019073486,4.1511832736205765,4.320000171661377,0.16881689804080047,0.03990943198099017,0.0
RKLB,2023-10-31,20,Chronos-LoRA-V5,4.230000019073486,4.077402296880564,4.389999866485596,0.3125975696050318,0.07390013432517706,0.0
RKLB,2023-12-04,1,Chronos-LoRA-V5,4.579999923706055,4.577351868787233,4.449999809265137,0.12735205952209672,0.027806126996405167,1.0
RKLB,2023-12-04,5,Chronos-LoRA-V5,4.579999923706055,4.555365853966125,4.659999847412109,0.10463399344598479,0.022845850477944296,0.0
RKLB,2023-12-04,10,Chronos-LoRA-V5,4.579999923706055,4.518938088293895,4.489999771118164,0.028938317175731143,0.006318409968949168,1.0
RKLB,2023-12-04,20,Chronos-LoRA-V5,4.579999923706055,4.445020554031109,5.099999904632568,0.654979350601459,0.14300859421662637,0.0
RKLB,2024-01-08,1,Chronos-LoRA-V5,5.550000190734863,5.540995174576331,5.449999809265137,0.09099536531119412,0.01639556075387194,1.0
RKLB,2024-01-08,5,Chronos-LoRA-V5,5.550000190734863,5.494040116383033,4.940000057220459,0.554040059162574,0.09982703425623041,1.0
RKLB,2024-01-08,10,Chronos-LoRA-V5,5.550000190734863,5.425221364883873,5.079999923706055,0.3452214411778183,0.062202059335804916,1.0
RKLB,2024-01-08,20,Chronos-LoRA-V5,5.550000190734863,5.302787581857332,4.260000228881836,1.0427873529754956,0.18788960669160315,1.0
RKLB,2024-02-09,1,Chronos-LoRA-V5,4.340000152587891,4.3398842883844,4.71999979019165,0.38011550180724996,0.08758421392694915,0.0
RKLB,2024-02-09,5,Chronos-LoRA-V5,4.340000152587891,4.325031550420042,4.889999866485596,0.5649683160655536,0.13017702677468102,0.0
RKLB,2024-02-09,10,Chronos-LoRA-V5,4.340000152587891,4.299021151243338,4.570000171661377,0.27097902041803934,0.06243756011309298,0.0
RKLB,2024-02-09,20,Chronos-LoRA-V5,4.340000152587891,4.248699733187224,4.480000019073486,0.23130028588626228,0.05329499487421452,0.0
RKLB,2024-03-14,1,Chronos-LoRA-V5,4.170000076293945,4.169487277895014,4.119999885559082,0.0494873923359318,0.011867479959356109,1.0
RKLB,2024-03-14,5,Chronos-LoRA-V5,4.170000076293945,4.1584068441045225,4.090000152587891,0.06840669151663192,0.016404482077954308,1.0
RKLB,2024-03-14,10,Chronos-LoRA-V5,4.170000076293945,4.137749461588618,4.110000133514404,0.02774932807421404,0.006654515003960415,1.0
RKLB,2024-03-14,20,Chronos-LoRA-V5,4.170000076293945,4.092963129578,3.7300000190734863,0.3629631105045137,0.08704151171793129,1.0
RKLB,2024-04-17,1,Chronos-LoRA-V5,3.569999933242798,3.5688011324385607,3.549999952316284,0.018801180122276495,0.005266437107520727,1.0
RKLB,2024-04-17,5,Chronos-LoRA-V5,3.569999933242798,3.556466521569315,3.690000057220459,0.1335335356511438,0.0374043524224521,0.0
RKLB,2024-04-17,10,Chronos-LoRA-V5,3.569999933242798,3.54259127532893,3.849999904632568,0.30740862930363777,0.08610886135911056,0.0
RKLB,2024-04-17,20,Chronos-LoRA-V5,3.569999933242798,3.513154198045179,4.340000152587891,0.8268459545427116,0.23160951540737118,0.0
RKLB,2024-05-20,1,Chronos-LoRA-V5,4.400000095367432,4.401039103604378,4.460000038146973,0.05896093454259432,0.013400212105602272,1.0
RKLB,2024-05-20,5,Chronos-LoRA-V5,4.400000095367432,4.390755952543818,4.389999866485596,0.0007560860582218609,0.00017183773678042247,1.0
RKLB,2024-05-20,10,Chronos-LoRA-V5,4.400000095367432,4.371356611876599,4.28000020980835,0.09135640206824913,0.020762818201852884,1.0
RKLB,2024-05-20,20,Chronos-LoRA-V5,4.400000095367432,4.322193970481241,4.909999847412109,0.5878058769308687,0.13359224186148178,0.0
RKLB,2024-06-24,1,Chronos-LoRA-V5,4.829999923706055,4.834898812536788,4.739999771118164,0.09489904141862393,0.019647834972595257,0.0
RKLB,2024-06-24,5,Chronos-LoRA-V5,4.829999923706055,4.835074680468038,4.539999961853027,0.29507471861501067,0.06109207521241533,0.0
RKLB,2024-06-24,10,Chronos-LoRA-V5,4.829999923706055,4.822594509848842,5.079999923706055,0.25740541385721283,0.05329304718905803,0.0
RKLB,2024-06-24,20,Chronos-LoRA-V5,4.829999923706055,4.796425453312613,5.400000095367432,0.6035746420548183,0.12496369598111612,0.0
RKLB,2024-07-26,1,Chronos-LoRA-V5,5.400000095367432,5.40396075929406,5.320000171661377,0.08396058763268321,0.01554825669442328,0.0
RKLB,2024-07-26,5,Chronos-LoRA-V5,5.400000095367432,5.402626840708184,4.809999942779541,0.5926268979286426,0.10974571990045834,0.0
RKLB,2024-07-26,10,Chronos-LoRA-V5,5.400000095367432,5.393608958336977,5.369999885559082,0.023609072777895257,0.004372050437211894,1.0
RKLB,2024-07-26,20,Chronos-LoRA-V5,5.400000095367432,5.38423569002476,6.960000038146973,1.5757643481222123,0.2918082074617062,0.0
RKLB,2024-08-28,1,Chronos-LoRA-V5,6.090000152587891,6.093991818532862,6.230000019073486,0.13600820054062446,0.022333037296038194,1.0
RKLB,2024-08-28,5,Chronos-LoRA-V5,6.090000152587891,6.079515094034078,6.079999923706055,0.0004848296719766054,7.961078158114088e-05,1.0
RKLB,2024-08-28,10,Chronos-LoRA-V5,6.090000152587891,6.050421588292943,6.860000133514404,0.809578545221461,0.1329357183804729,0.0
RKLB,2024-08-28,20,Chronos-LoRA-V5,6.090000152587891,6.004980781067478,8.6899995803833,2.6850187993158228,0.4408897753762533,0.0
RKLB,2024-10-01,1,Chronos-LoRA-V5,9.229999542236328,9.24617268074459,9.710000038146973,0.46382735740238346,0.05025215389014015,1.0
RKLB,2024-10-01,5,Chronos-LoRA-V5,9.229999542236328,9.280688663072517,9.40999984741211,0.129311184339592,0.014009879821539117,1.0
RKLB,2024-10-01,10,Chronos-LoRA-V5,9.229999542236328,9.303434299710762,9.9399995803833,0.6365652806725386,0.06896698940878876,1.0
RKLB,2024-10-01,20,Chronos-LoRA-V5,9.229999542236328,9.28850629106365,11.470000267028809,2.181493975965159,0.23634822146877443,1.0
RKLB,2024-11-01,1,Chronos-LoRA-V5,11.420000076293944,11.44518484563297,11.25,0.19518484563296923,0.017091492498160443,0.0
RKLB,2024-11-01,5,Chronos-LoRA-V5,11.420000076293944,11.537772300649872,13.510000228881836,1.9722279282319644,0.1726994671677795,1.0
RKLB,2024-11-01,10,Chronos-LoRA-V5,11.420000076293944,11.637210015983841,19.0,7.362789984016159,0.6447276650461771,1.0
RKLB,2024-11-01,20,Chronos-LoRA-V5,11.420000076293944,11.833816713230377,24.155000686645508,12.321183973415131,1.0789127750525935,1.0
RKLB,2024-12-05,1,Chronos-LoRA-V5,23.920000076293945,24.112969490251135,24.68000030517578,0.5670308149246459,0.023705301551675495,1.0
RKLB,2024-12-05,5,Chronos-LoRA-V5,23.920000076293945,24.857734051955305,22.57999992370605,2.2777341282492536,0.09522299836890957,0.0
RKLB,2024-12-05,10,Chronos-LoRA-V5,23.920000076293945,25.816853214474335,23.21999931335449,2.5968539011198466,0.10856412595472664,0.0
RKLB,2024-12-05,20,Chronos-LoRA-V5,23.920000076293945,27.65352280100449,28.799999237060547,1.1464764360560586,0.0479296167391019,1.0
RKLB,2025-01-10,1,Chronos-LoRA-V5,26.90999984741211,27.09147257590144,23.90999984741211,3.1814727284893323,0.11822641198547945,0.0
RKLB,2025-01-10,5,Chronos-LoRA-V5,26.90999984741211,27.7322312759249,24.0,3.7322312759248994,0.1386930991114005,0.0
RKLB,2025-01-10,10,Chronos-LoRA-V5,26.90999984741211,28.518045643091277,29.43000030517578,0.9119546620845043,0.03388906232833766,1.0
RKLB,2025-01-10,20,Chronos-LoRA-V5,26.90999984741211,29.911606635683203,30.600000381469727,0.6883937457865237,0.0255813359230741,1.0
RKLB,2025-02-14,1,Chronos-LoRA-V5,28.020000457763672,28.13398716151013,27.739999771118164,0.39398739039196684,0.014060934473782427,0.0
RKLB,2025-02-14,5,Chronos-LoRA-V5,28.020000457763672,28.501712466722992,22.489999771118164,6.011712695604828,0.2145507707848422,0.0
RKLB,2025-02-14,10,Chronos-LoRA-V5,28.020000457763672,28.92592996636395,18.65999984741211,10.26593011895184,0.3663786563610636,0.0
RKLB,2025-02-14,20,Chronos-LoRA-V5,28.020000457763672,29.582106732802668,19.100000381469727,10.482106351332941,0.3740937251993728,0.0
RKLB,2025-03-20,1,Chronos-LoRA-V5,18.530000686645508,18.571586072643395,18.940000534057617,0.36841446141422196,0.019882053306114367,1.0
RKLB,2025-03-20,5,Chronos-LoRA-V5,18.530000686645508,18.712326010680783,18.420000076293945,0.29232593438683807,0.015775818864244062,0.0
RKLB,2025-03-20,10,Chronos-LoRA-V5,18.530000686645508,18.876953722096278,17.889999389648438,0.9869543324478407,0.05326250922155307,0.0
RKLB,2025-03-20,20,Chronos-LoRA-V5,18.530000686645508,19.187094991646067,19.739999771118164,0.5529047794720974,0.029838357203654686,1.0
RKLB,2025-04-23,1,Chronos-LoRA-V5,20.290000915527344,20.349284376695106,21.8799991607666,1.5307147840714954,0.07544182922633991,1.0
RKLB,2025-04-23,5,Chronos-LoRA-V5,20.290000915527344,20.53634950506129,21.790000915527344,1.2536514104660554,0.061786661108855556,1.0
RKLB,2025-04-23,10,Chronos-LoRA-V5,20.290000915527344,20.712700567072645,22.290000915527344,1.577300348454699,0.0777378155388666,1.0
RKLB,2025-04-23,20,Chronos-LoRA-V5,20.290000915527344,21.098755767606008,25.170000076293945,4.0712443086879375,0.2006527414975292,1.0
RKLB,2025-05-27,1,Chronos-LoRA-V5,28.76000022888184,28.847084664535593,28.93000030517578,0.08291564064018786,0.002883019470803827,1.0
RKLB,2025-05-27,5,Chronos-LoRA-V5,28.76000022888184,29.121697947696067,26.71999931335449,2.401698634341578,0.0835082967742714,0.0
RKLB,2025-05-27,10,Chronos-LoRA-V5,28.76000022888184,29.363755713258175,27.170000076293945,2.19375563696423,0.07627801180478366,0.0
RKLB,2025-05-27,20,Chronos-LoRA-V5,28.76000022888184,29.913654612567164,32.349998474121094,2.4363438615539295,0.08471292914341721,1.0
RKLB,2025-06-30,1,Chronos-LoRA-V5,35.77000045776367,35.883688296914436,34.33000183105469,1.553686465859748,0.043435461167922074,0.0
RKLB,2025-06-30,5,Chronos-LoRA-V5,35.77000045776367,36.23529528424485,38.7400016784668,2.504706394221948,0.07002254297366983,1.0
RKLB,2025-06-30,10,Chronos-LoRA-V5,35.77000045776367,36.57590743703077,44.59999847412109,8.024091037090315,0.22432459978760577,1.0
RKLB,2025-06-30,20,Chronos-LoRA-V5,35.77000045776367,37.1892397617687,43.790000915527344,6.600761153758647,0.1845334377770742,1.0
RKLB,2025-08-01,1,Chronos-LoRA-V5,44.810001373291016,44.96627372041903,44.540000915527344,0.4262728048916884,0.009512894260828353,0.0
RKLB,2025-08-01,5,Chronos-LoRA-V5,44.810001373291016,45.5056657823416,44.68999862670898,0.8156671556326245,0.018202792471209484,0.0
RKLB,2025-08-01,10,Chronos-LoRA-V5,44.810001373291016,46.12116947924548,44.27000045776367,1.8511690214818088,0.04131151450009107,0.0
RKLB,2025-08-01,20,Chronos-LoRA-V5,44.810001373291016,47.038555502359564,48.59999847412109,1.5614429717615224,0.034845858600937696,1.0
RKLB,2025-09-04,1,Chronos-LoRA-V5,42.9900016784668,43.12610722690153,45.84000015258789,2.713892925686359,0.06312846754425028,1.0
RKLB,2025-09-04,5,Chronos-LoRA-V5,42.9900016784668,43.56096871144405,48.43000030517578,4.869031593731734,0.11325962790484323,1.0
RKLB,2025-09-04,10,Chronos-LoRA-V5,42.9900016784668,44.1115915563708,47.18000030517578,3.068408748804984,0.0713749390324383,1.0
RKLB,2025-09-04,20,Chronos-LoRA-V5,42.9900016784668,45.126513146154146,52.470001220703125,7.343488074548979,0.1708185109987388,1.0
RKLB,2025-10-07,1,Chronos-LoRA-V5,61.5099983215332,61.881908981661944,65.30999755859375,3.428088576931806,0.055732217045626475,1.0
RKLB,2025-10-07,5,Chronos-LoRA-V5,61.5099983215332,63.09569719735376,68.02999877929688,4.934301581943117,0.08021950441536152,1.0
RKLB,2025-10-07,10,Chronos-LoRA-V5,61.5099983215332,64.53527580694727,65.4000015258789,0.8647257189316377,0.014058295277646238,1.0
RKLB,2025-10-07,20,Chronos-LoRA-V5,61.5099983215332,67.41034878183224,56.56999969482422,10.840349087008022,0.1762371871698306,0.0
RKLB,2025-11-07,1,Chronos-LoRA-V5,51.63999938964844,51.896354467523025,51.900001525878906,0.003647058355880972,7.062467852403387e-05,1.0
RKLB,2025-11-07,5,Chronos-LoRA-V5,51.63999938964844,52.75061811510058,45.540000915527344,7.210617199573235,0.1396324028814503,0.0
RKLB,2025-11-07,10,Chronos-LoRA-V5,51.63999938964844,53.75229787618116,40.29999923706055,13.452298639120613,0.2605015259124347,0.0
RKLB,2025-11-07,20,Chronos-LoRA-V5,51.63999938964844,55.58795878448655,51.560001373291016,4.027957411195537,0.07800072538348957,0.0
RKLB,2025-12-11,1,Chronos-LoRA-V5,63.52999877929688,63.9081623581196,61.4900016784668,2.4181606796528,0.03806328862138786,0.0
RKLB,2025-12-11,5,Chronos-LoRA-V5,63.52999877929688,65.15402916546275,59.91999816894531,5.234030996517433,0.08238676368782005,0.0
RKLB,2025-12-11,10,Chronos-LoRA-V5,63.52999877929688,66.54155300245938,70.6500015258789,4.108448523419526,0.06466942550545718,1.0
RKLB,2025-12-11,20,Chronos-LoRA-V5,63.52999877929688,69.25593973090831,87.9000015258789,18.644061794970597,0.2934686314057715,1.0
RKLB,2026-01-15,1,Chronos-LoRA-V5,90.76000213623048,91.53380208362395,96.3000030517578,4.766200968133845,0.052514332921453466,1.0
RKLB,2026-01-15,5,Chronos-LoRA-V5,90.76000213623048,94.09479630205949,88.9000015258789,5.194794776180586,0.05723660923215079,0.0
RKLB,2026-01-15,10,Chronos-LoRA-V5,90.76000213623048,96.82874090080044,80.06999969482422,16.75874120597622,0.18464897324287632,0.0
RKLB,2026-01-15,20,Chronos-LoRA-V5,90.76000213623048,102.94142819175265,67.44000244140625,35.5014257503464,0.39115717182398113,0.0
RKLB,2026-02-19,1,Chronos-LoRA-V5,76.58000183105469,77.23290619413874,70.86000061035156,6.372905583787173,0.08321892702283573,0.0
RKLB,2026-02-19,5,Chronos-LoRA-V5,76.58000183105469,79.39378033826598,72.6500015258789,6.743778812387077,0.08806187844268687,0.0
RKLB,2026-02-19,10,Chronos-LoRA-V5,76.58000183105469,81.70058374780454,70.0,11.700583747804544,0.15278902413214268,0.0
RKLB,2026-02-19,20,Chronos-LoRA-V5,76.58000183105469,86.85824783898816,71.93000030517578,14.928247533812382,0.1949366306721435,0.0
RKLB,2026-03-24,1,Chronos-LoRA-V5,66.06999969482422,66.63329807610239,72.87999725341797,6.246699177315577,0.0945466808864679,1.0
RKLB,2026-03-24,5,Chronos-LoRA-V5,66.06999969482422,68.49760926217428,64.22000122070312,4.277608041471154,0.06474357592295021,0.0
RKLB,2026-03-24,10,Chronos-LoRA-V5,66.06999969482422,70.48782207126338,69.08000183105469,1.407820240208693,0.021308010393694232,1.0
RKLB,2026-03-24,20,Chronos-LoRA-V5,66.06999969482422,74.93763738574043,90.04000091552734,15.102363529786913,0.22858125623648218,1.0
RKLB,2026-04-27,1,Chronos-LoRA-V5,82.29000091552734,82.99158748318592,78.58999633789062,4.401591145295299,0.0534887725887091,0.0
RKLB,2026-04-27,5,Chronos-LoRA-V5,82.29000091552734,85.31358188181314,80.30999755859375,5.0035843232193855,0.06080428080631195,0.0
RKLB,2026-04-27,10,Chronos-LoRA-V5,82.29000091552734,87.79238640184505,117.3499984741211,29.557612072276044,0.3591883794316353,1.0
RKLB,2026-04-27,20,Chronos-LoRA-V5,82.29000091552734,93.33461900353416,143.1999969482422,49.86537794470803,0.605971289220133,1.0
RKLB,2026-05-29,1,Chronos-LoRA-V5,143.47999572753906,144.7032748211131,122.38999938964844,22.31327543146466,0.15551488776063527,0.0
RKLB,2026-05-29,5,Chronos-LoRA-V5,143.47999572753906,148.75188027363214,110.08000183105467,38.671878442577466,0.2695280150134193,0.0
RKLB,2026-05-29,10,Chronos-LoRA-V5,143.47999572753906,153.0738982343401,102.38999938964844,50.68389884469167,0.3532471449256084,0.0
RKLB,2026-05-29,20,Chronos-LoRA-V5,143.47999572753906,162.73727775997253,98.01000213623048,64.72727562374205,0.4511240420347915,0.0
RKLB,2026-07-02,1,Chronos-LoRA-V5,100.45999908447266,101.3164990864232,93.08999633789062,8.226502748532582,0.08188834186246863,0.0
RKLB,2026-07-02,5,Chronos-LoRA-V5,100.45999908447266,104.15120017482998,81.04000091552734,23.111199259302637,0.23005374746091123,0.0
RKLB,2026-07-02,10,Chronos-LoRA-V5,100.45999908447266,107.17733575682637,67.62000274658203,39.557333010244335,0.39376202837690855,0.0
RKLB,2026-07-02,20,Chronos-LoRA-V5,100.45999908447266,113.94331796483682,64.94999694824219,48.993321016594635,0.4876898413606213,0.0
RKLB,2026-08-06,1,Chronos-LoRA-V5,75.66999816894531,76.3151440396396,82.83000183105469,6.514857791415082,0.08609565150073917,1.0
RKLB,2026-08-06,5,Chronos-LoRA-V5,75.66999816894531,78.45034041754204,80.0999984741211,1.6496580565790566,0.021800688469635343,1.0
RKLB,2026-08-06,10,Chronos-LoRA-V5,75.66999816894531,80.72973197672472,72.94999694824219,7.779735028482534,0.10281135478704562,0.0
RKLB,2026-08-06,20,Chronos-LoRA-V5,75.66999816894531,85.82610730976413,63.810001373291016,22.01610593647311,0.2909489423710391,0.0
IONQ,2022-03-11,1,Chronos-LoRA-V5,12.329999923706056,12.342868508347113,11.40999984741211,0.9328686609350036,0.07565844823254553,0.0
IONQ,2022-03-11,5,Chronos-LoRA-V5,12.329999923706056,12.337395767565027,14.359999656677246,2.0226038891122187,0.16403924587408114,1.0
IONQ,2022-03-11,10,Chronos-LoRA-V5,12.329999923706056,12.332982797606567,13.18000030517578,0.8470175075692126,0.06869566202840849,1.0
IONQ,2022-03-11,20,Chronos-LoRA-V5,12.329999923706056,12.262249736288988,12.31999969482422,0.05774995853523279,0.004683694962900997,1.0
IONQ,2022-04-12,1,Chronos-LoRA-V5,10.989999771118164,10.971513325262425,11.369999885559082,0.3984865602966572,0.03625901443090884,0.0
IONQ,2022-04-12,5,Chronos-LoRA-V5,10.989999771118164,10.929514739468889,9.800000190734863,1.1295145487340257,0.10277657618359581,1.0
IONQ,2022-04-12,10,Chronos-LoRA-V5,10.989999771118164,10.86946929184478,8.199999809265137,2.6694694825796432,0.24289986698589727,1.0
IONQ,2022-04-12,20,Chronos-LoRA-V5,10.989999771118164,10.75106033579806,4.340000152587891,6.41106018321017,0.5833539869635397,1.0
IONQ,2022-05-16,1,Chronos-LoRA-V5,4.860000133514404,4.857382586721096,5.710000038146973,0.8526174514258766,0.17543568477421523,0.0
IONQ,2022-05-16,5,Chronos-LoRA-V5,4.860000133514404,4.838180077560475,5.760000228881836,0.9218201513213611,0.18967492304465572,0.0
IONQ,2022-05-16,10,Chronos-LoRA-V5,4.860000133514404,4.809469534106248,5.75,0.9405304658937519,0.19352478190440459,0.0
IONQ,2022-05-16,20,Chronos-LoRA-V5,4.860000133514404,4.693113301494803,4.610000133514404,0.08311316798039847,0.0171014744232727,1.0
IONQ,2022-06-16,1,Chronos-LoRA-V5,4.760000228881836,4.755242124356051,5.039999961853027,0.2847578374969766,0.059823072227849106,0.0
IONQ,2022-06-16,5,Chronos-LoRA-V5,4.760000228881836,4.71947135686549,5.110000133514404,0.3905287766489147,0.08204385669549707,0.0
IONQ,2022-06-16,10,Chronos-LoRA-V5,4.760000228881836,4.676588694999923,4.389999866485596,0.28658882851432743,0.06020773418778802,1.0
IONQ,2022-06-16,20,Chronos-LoRA-V5,4.760000228881836,4.559339299644872,4.590000152587891,0.03066085294301857,0.006441355350569222,1.0
IONQ,2022-07-21,1,Chronos-LoRA-V5,5.260000228881836,5.254728878232691,4.880000114440918,0.3747287637917731,0.07124120674637935,1.0
IONQ,2022-07-21,5,Chronos-LoRA-V5,5.260000228881836,5.211065998736084,5.289999961853027,0.07893396311694367,0.01500645621335317,0.0
IONQ,2022-07-21,10,Chronos-LoRA-V5,5.260000228881836,5.151011703242246,6.199999809265137,1.0489881060228905,0.19942738790448367,0.0
IONQ,2022-07-21,20,Chronos-LoRA-V5,5.260000228881836,5.0431787003519855,7.630000114440918,2.5868214140889325,0.4917911219632848,0.0
IONQ,2022-08-22,1,Chronos-LoRA-V5,6.420000076293945,6.410776830713681,6.429999828338623,0.01922299762494184,0.002994236354595059,0.0
IONQ,2022-08-22,5,Chronos-LoRA-V5,6.420000076293945,6.367633949460215,6.190000057220459,0.177633892239756,0.027668830238129605,1.0
IONQ,2022-08-22,10,Chronos-LoRA-V5,6.420000076293945,6.309561124711197,5.630000114440918,0.6795610102702794,0.10585062339478468,1.0
IONQ,2022-08-22,20,Chronos-LoRA-V5,6.420000076293945,6.149371646948551,5.269999980926514,0.8793716660220374,0.1369737781264435,1.0
IONQ,2022-09-23,1,Chronos-LoRA-V5,4.769999980926514,4.760100303868562,4.789999961853027,0.029899657984465478,0.00626827213920822,0.0
IONQ,2022-09-23,5,Chronos-LoRA-V5,4.769999980926514,4.710908446154257,5.070000171661377,0.35909172550711954,0.07528128447442262,0.0
IONQ,2022-09-23,10,Chronos-LoRA-V5,4.769999980926514,4.6518990214030715,5.28000020980835,0.6281011884052781,0.13167739851505778,0.0
IONQ,2022-09-23,20,Chronos-LoRA-V5,4.769999980926514,4.530136329108267,5.130000114440918,0.5998637853326514,0.12575760749083598,0.0
IONQ,2022-10-25,1,Chronos-LoRA-V5,5.400000095367432,5.3895830391419945,5.53000020980835,0.14041717066635506,0.02600317929379603,0.0
IONQ,2022-10-25,5,Chronos-LoRA-V5,5.400000095367432,5.341972719202984,5.610000133514404,0.26802741431141985,0.04963470547738613,0.0
IONQ,2022-10-25,10,Chronos-LoRA-V5,5.400000095367432,5.273400581547144,4.960000038146973,0.31340054340017165,0.05803713664172583,1.0
IONQ,2022-10-25,20,Chronos-LoRA-V5,5.400000095367432,5.160456725990647,4.849999904632568,0.3104568213580787,0.05749200293985446,1.0
IONQ,2022-11-28,1,Chronos-LoRA-V5,4.940000057220459,4.930001394974963,4.829999923706055,0.10000147126890813,0.02024321257299244,1.0
IONQ,2022-11-28,5,Chronos-LoRA-V5,4.940000057220459,4.881271901457899,4.650000095367432,0.2312718060904677,0.04681615453676635,1.0
IONQ,2022-11-28,10,Chronos-LoRA-V5,4.940000057220459,4.821710304236602,4.46999979019165,0.35171051404495124,0.07119645950831122,1.0
IONQ,2022-11-28,20,Chronos-LoRA-V5,4.940000057220459,4.699827298541981,3.0999999046325684,1.599827393909413,0.3238516954207429,1.0
IONQ,2022-12-29,1,Chronos-LoRA-V5,3.539999961853028,3.530568600863614,3.450000047683716,0.0805685531798983,0.022759478544662093,1.0
IONQ,2022-12-29,5,Chronos-LoRA-V5,3.539999961853028,3.469600192440561,3.7699999809265137,0.3003997884859526,0.08485869822685177,0.0
IONQ,2022-12-29,10,Chronos-LoRA-V5,3.539999961853028,3.3870437147991885,4.409999847412109,1.0229561326129208,0.2889706620441458,0.0
IONQ,2022-12-29,20,Chronos-LoRA-V5,3.539999961853028,3.2480263258447017,4.460000038146973,1.211973712302271,0.3423654591419425,0.0
IONQ,2023-02-02,1,Chronos-LoRA-V5,5.489999771118164,5.493023326347372,5.5,0.006976673652627774,0.0012707967110183738,1.0
IONQ,2023-02-02,5,Chronos-LoRA-V5,5.489999771118164,5.446372019726552,4.690000057220459,0.7563719625060932,0.13777267650997382,1.0
IONQ,2023-02-02,10,Chronos-LoRA-V5,5.489999771118164,5.369734283370275,5.28000020980835,0.08973407356192542,0.01634500497322411,1.0
IONQ,2023-02-02,20,Chronos-LoRA-V5,5.489999771118164,5.215926208172297,5.03000020980835,0.1859259983639472,0.03386630348184494,1.0
IONQ,2023-03-07,1,Chronos-LoRA-V5,4.940000057220459,4.9300889954857885,5.059999942779541,0.12991094729375252,0.02629776230546199,0.0
IONQ,2023-03-07,5,Chronos-LoRA-V5,4.940000057220459,4.86944080410454,4.789999961853027,0.07944084225151293,0.016081141969907398,1.0
IONQ,2023-03-07,10,Chronos-LoRA-V5,4.940000057220459,4.791229484954019,4.869999885559082,0.07877040060506335,0.01594542503899976,1.0
IONQ,2023-03-07,20,Chronos-LoRA-V5,4.940000057220459,4.662426478063863,7.070000171661377,2.407573693597514,0.4873630902247721,0.0
IONQ,2023-04-10,1,Chronos-LoRA-V5,6.849999904632568,6.854734077314918,6.78000020980835,0.07473386750656807,0.010910053802486441,0.0
IONQ,2023-04-10,5,Chronos-LoRA-V5,6.849999904632568,6.8156931516192065,6.550000190734863,0.26569296088434324,0.03878729409976467,1.0
IONQ,2023-04-10,10,Chronos-LoRA-V5,6.849999904632568,6.754409882029888,5.840000152587891,0.9144097294419975,0.1334904733098745,1.0
IONQ,2023-04-10,20,Chronos-LoRA-V5,6.849999904632568,6.628946317264898,6.150000095367432,0.4789462218974663,0.06991915745481414,1.0
IONQ,2023-05-10,1,Chronos-LoRA-V5,6.949999809265137,6.949476061214412,7.019999980926514,0.0705239197121017,0.010147326855762695,0.0
IONQ,2023-05-10,5,Chronos-LoRA-V5,6.949999809265137,6.904945007385591,8.960000038146973,2.0550550307613813,0.29569137944748736,0.0
IONQ,2023-05-10,10,Chronos-LoRA-V5,6.949999809265137,6.820306167450219,10.239999771118164,3.4196936036679455,0.4920422586356199,0.0
IONQ,2023-05-10,20,Chronos-LoRA-V5,6.949999809265137,6.675034258113136,10.649999618530272,3.9749653604171353,0.5719374776266981,0.0
IONQ,2023-06-13,1,Chronos-LoRA-V5,10.630000114440918,10.617994227264836,9.9399995803833,0.677994646881535,0.06378124549222486,1.0
IONQ,2023-06-13,5,Chronos-LoRA-V5,10.630000114440918,10.542212298435835,9.220000267028809,1.3222120314070267,0.12438494987509863,1.0
IONQ,2023-06-13,10,Chronos-LoRA-V5,10.630000114440918,10.419458756643623,13.350000381469728,2.9305416248261054,0.27568594480492514,0.0
IONQ,2023-06-13,20,Chronos-LoRA-V5,10.630000114440918,10.159235287045313,14.460000038146973,4.30076475110166,0.4045874604703952,0.0
IONQ,2023-07-17,1,Chronos-LoRA-V5,14.899999618530272,14.91812308257525,15.710000038146973,0.7918769555717233,0.05314610576143308,1.0
IONQ,2023-07-17,5,Chronos-LoRA-V5,14.899999618530272,14.905593685151162,14.390000343322754,0.5155933418284082,0.034603580874404516,0.0
IONQ,2023-07-17,10,Chronos-LoRA-V5,14.899999618530272,14.83874579089663,19.25,4.411254209103371,0.2960573370496834,0.0
IONQ,2023-07-17,20,Chronos-LoRA-V5,14.899999618530272,14.66532754122744,14.880000114440918,0.21467257321347866,0.014407555618088819,1.0
IONQ,2023-08-17,1,Chronos-LoRA-V5,13.010000228881836,13.00475546360183,13.420000076293944,0.41524461269211344,0.0319173409213539,0.0
IONQ,2023-08-17,5,Chronos-LoRA-V5,13.010000228881836,12.969998888488808,14.619999885559082,1.6500009970702738,0.12682559323921594,0.0
IONQ,2023-08-17,10,Chronos-LoRA-V5,13.010000228881836,12.936863561537638,17.190000534057617,4.253136972519979,0.32691290528021155,0.0
IONQ,2023-08-17,20,Chronos-LoRA-V5,13.010000228881836,12.799521959205174,17.079999923706055,4.28047796450088,0.32901444190587625,0.0
IONQ,2023-09-20,1,Chronos-LoRA-V5,14.800000190734863,14.809956609837544,13.529999732971191,1.2799568768663523,0.08648357164668374,0.0
IONQ,2023-09-20,5,Chronos-LoRA-V5,14.800000190734863,14.81603945420001,14.239999771118164,0.576039683081845,0.038921599706631005,0.0
IONQ,2023-09-20,10,Chronos-LoRA-V5,14.800000190734863,14.819673331705447,14.770000457763672,0.04967287394177511,0.003356275223082239,0.0
IONQ,2023-09-20,20,Chronos-LoRA-V5,14.800000190734863,14.74211606458494,13.6899995803833,1.0521164842016386,0.07108895071908772,1.0
IONQ,2023-10-20,1,Chronos-LoRA-V5,12.59000015258789,12.58508030659542,12.640000343322754,0.054920036727333255,0.004362195080358622,0.0
IONQ,2023-10-20,5,Chronos-LoRA-V5,12.59000015258789,12.531292470192007,10.140000343322754,2.391292126869253,0.1899358298560242,1.0
IONQ,2023-10-20,10,Chronos-LoRA-V5,12.59000015258789,12.454007221068643,11.579999923706056,0.8740072973625868,0.06942075351626853,1.0
IONQ,2023-10-20,20,Chronos-LoRA-V5,12.59000015258789,12.208360424442755,12.699999809265137,0.49163938482238123,0.03904999037838175,0.0
IONQ,2023-11-22,1,Chronos-LoRA-V5,12.420000076293944,12.395159106445906,12.359999656677246,0.03515944976865981,0.002830873554966251,1.0
IONQ,2023-11-22,5,Chronos-LoRA-V5,12.420000076293944,12.247124867976781,12.229999542236328,0.017125325740453334,0.0013788506952701063,1.0
IONQ,2023-11-22,10,Chronos-LoRA-V5,12.420000076293944,12.027923760939107,13.199999809265137,1.17207604832603,0.09437005162046419,0.0
IONQ,2023-11-22,20,Chronos-LoRA-V5,12.420000076293944,11.593732681311433,13.789999961853027,2.196267280541594,0.17683311328907403,0.0
IONQ,2023-12-26,1,Chronos-LoRA-V5,13.520000457763672,13.503456097144861,13.210000038146973,0.2934560589978883,0.021705329072631452,1.0
IONQ,2023-12-26,5,Chronos-LoRA-V5,13.520000457763672,13.396447081533232,11.93000030517578,1.4664467763574525,0.10846499457885483,1.0
IONQ,2023-12-26,10,Chronos-LoRA-V5,13.520000457763672,13.232100692548071,12.09000015258789,1.1421005399601807,0.08447488914871637,1.0
IONQ,2023-12-26,20,Chronos-LoRA-V5,13.520000457763672,12.897604260278612,11.279999732971191,1.6176045273074209,0.11964530122323591,1.0
IONQ,2024-01-30,1,Chronos-LoRA-V5,10.6899995803833,10.671095421866468,10.270000457763672,0.4010949641027963,0.03752057809607645,1.0
IONQ,2024-01-30,5,Chronos-LoRA-V5,10.6899995803833,10.542902272870933,10.4399995803833,0.10290269248763195,0.009626070769587658,1.0
IONQ,2024-01-30,10,Chronos-LoRA-V5,10.6899995803833,10.358981756247275,10.539999961853027,0.18101820560575277,0.01693341559506989,1.0
IONQ,2024-01-30,20,Chronos-LoRA-V5,10.6899995803833,9.972535356032378,11.260000228881836,1.2874648728494584,0.1204363819819061,0.0
IONQ,2024-03-01,1,Chronos-LoRA-V5,10.65999984741211,10.640221854010951,10.09000015258789,0.5502217014230606,0.051615544962379634,1.0
IONQ,2024-03-01,5,Chronos-LoRA-V5,10.65999984741211,10.52670011525572,10.8100004196167,0.28330030436097964,0.026576013922716468,0.0
IONQ,2024-03-01,10,Chronos-LoRA-V5,10.65999984741211,10.372496175454406,9.3100004196167,1.0624957558377073,0.09967127308126988,1.0
IONQ,2024-03-01,20,Chronos-LoRA-V5,10.65999984741211,10.054327096545123,9.989999771118164,0.06432732542695874,0.006034458381589447,1.0
IONQ,2024-04-04,1,Chronos-LoRA-V5,9.119999885559082,9.110356842495753,9.210000038146973,0.09964319565122004,0.01092578913394504,0.0
IONQ,2024-04-04,5,Chronos-LoRA-V5,9.119999885559082,9.024575164780053,8.239999771118164,0.7845753936618891,0.08602800477050576,1.0
IONQ,2024-04-04,10,Chronos-LoRA-V5,9.119999885559082,8.905964911777174,7.369999885559082,1.5359650262180917,0.16841721990042913,1.0
IONQ,2024-04-04,20,Chronos-LoRA-V5,9.119999885559082,8.687009276547192,9.0,0.312990723452808,0.034319158703982944,1.0
IONQ,2024-05-06,1,Chronos-LoRA-V5,9.279999732971191,9.2757212626237,8.630000114440918,0.6457211481827816,0.0695820222805158,1.0
IONQ,2024-05-06,5,Chronos-LoRA-V5,9.279999732971191,9.214051200040064,8.770000457763672,0.4440507422763922,0.04785029688079745,1.0
IONQ,2024-05-06,10,Chronos-LoRA-V5,9.279999732971191,9.111221401929912,8.880000114440918,0.23122128748899407,0.024916087730852077,1.0
IONQ,2024-05-06,20,Chronos-LoRA-V5,9.279999732971191,8.899732730436826,7.710000038146973,1.1897326922898532,0.12820395759956937,1.0
IONQ,2024-06-07,1,Chronos-LoRA-V5,7.860000133514404,7.8565012066393916,8.220000267028809,0.36349906038941704,0.04624669900951872,0.0
IONQ,2024-06-07,5,Chronos-LoRA-V5,7.860000133514404,7.825968938488305,7.699999809265137,0.1259691292231686,0.016026606499158547,1.0
IONQ,2024-06-07,10,Chronos-LoRA-V5,7.860000133514404,7.765680076005219,6.760000228881836,1.0056798471233828,0.12794908779139147,1.0
IONQ,2024-06-07,20,Chronos-LoRA-V5,7.860000133514404,7.6528195516872195,7.929999828338623,0.27718027665140355,0.035264665641611015,0.0
IONQ,2024-07-11,1,Chronos-LoRA-V5,8.020000457763672,8.023897636124943,8.449999809265137,0.42610217314019394,0.053129943743046804,1.0
IONQ,2024-07-11,5,Chronos-LoRA-V5,8.020000457763672,8.00107549084419,8.210000038146973,0.20892454730278232,0.026050440820179266,0.0
IONQ,2024-07-11,10,Chronos-LoRA-V5,8.020000457763672,7.939035405982305,7.929999828338623,0.009035577643682124,0.0011266305645825092,1.0
IONQ,2024-07-11,20,Chronos-LoRA-V5,8.020000457763672,7.826641153873116,7.110000133514404,0.7166410203587121,0.0893567306052927,1.0
IONQ,2024-08-13,1,Chronos-LoRA-V5,7.28000020980835,7.2743520982154015,7.309999942779541,0.0356478445641395,0.00489668180450209,0.0
IONQ,2024-08-13,5,Chronos-LoRA-V5,7.28000020980835,7.212074436705967,7.210000038146973,0.0020743985589941616,0.00028494484879260096,1.0
IONQ,2024-08-13,10,Chronos-LoRA-V5,7.28000020980835,7.13460692792279,7.28000020980835,0.14539328188555967,0.019971604079031646,0.0
IONQ,2024-08-13,20,Chronos-LoRA-V5,7.28000020980835,6.996743664785629,7.230000019073486,0.23325635428785763,0.0320407070831662,1.0
IONQ,2024-09-13,1,Chronos-LoRA-V5,7.760000228881836,7.760484115284778,7.820000171661377,0.05951605637659885,0.0076695946676763604,1.0
IONQ,2024-09-13,5,Chronos-LoRA-V5,7.760000228881836,7.7211630681702115,8.220000267028809,0.4988371988585971,0.06428314228677223,0.0
IONQ,2024-09-13,10,Chronos-LoRA-V5,7.760000228881836,7.663016238532748,9.710000038146973,2.0469837996142246,0.26378656433482883,0.0
IONQ,2024-09-13,20,Chronos-LoRA-V5,7.760000228881836,7.517756656554586,10.65999984741211,3.1422431908575232,0.4049282343011348,0.0
IONQ,2024-10-16,1,Chronos-LoRA-V5,12.300000190734863,12.31160024479666,12.5,0.1883997552033403,0.015317053031044248,1.0
IONQ,2024-10-16,5,Chronos-LoRA-V5,12.300000190734863,12.322293316590368,14.739999771118164,2.4177064545277958,0.196561497320054,1.0
IONQ,2024-10-16,10,Chronos-LoRA-V5,12.300000190734863,12.313782950454389,16.8700008392334,4.55621788877901,0.3704242128557884,1.0
IONQ,2024-10-16,20,Chronos-LoRA-V5,12.300000190734863,12.256642627760483,26.76000022888184,14.503357601121357,1.1791347460340855,0.0
IONQ,2024-11-15,1,Chronos-LoRA-V5,29.13999938964844,29.37447402258369,25.229999542236328,4.1444744803473625,0.1422263063539948,0.0
IONQ,2024-11-15,5,Chronos-LoRA-V5,29.13999938964844,30.276255322578837,31.799999237060547,1.5237439144817095,0.05229045800951515,1.0
IONQ,2024-11-15,10,Chronos-LoRA-V5,29.13999938964844,31.360291574263837,32.060001373291016,0.699709799027179,0.024012004587609548,1.0
IONQ,2024-11-15,20,Chronos-LoRA-V5,29.13999938964844,33.63153330004312,41.810001373291016,8.178468073247899,0.28066123008064237,1.0
IONQ,2024-12-19,1,Chronos-LoRA-V5,37.7599983215332,38.012983116713976,44.41999816894531,6.407015052231337,0.16967731295098165,1.0
IONQ,2024-12-19,5,Chronos-LoRA-V5,37.7599983215332,39.03472861840855,45.47999954223633,6.445270923827778,0.1706904451887188,1.0
IONQ,2024-12-19,10,Chronos-LoRA-V5,37.7599983215332,40.287724517861655,51.06999969482422,10.782275176962564,0.28554755445563185,1.0
IONQ,2024-12-19,20,Chronos-LoRA-V5,37.7599983215332,42.897719842985104,42.040000915527344,0.8577189274577606,0.02271501497839412,1.0
IONQ,2025-01-24,1,Chronos-LoRA-V5,40.7599983215332,41.03011894241781,38.540000915527344,2.490118026890464,0.06109220140902094,0.0
IONQ,2025-01-24,5,Chronos-LoRA-V5,40.7599983215332,41.96078722685644,39.4900016784668,2.4707855483896424,0.06061790113186394,0.0
IONQ,2025-01-24,10,Chronos-LoRA-V5,40.7599983215332,43.17188815361696,40.56999969482422,2.601888458792743,0.06383436128401865,0.0
IONQ,2025-01-24,20,Chronos-LoRA-V5,40.7599983215332,45.42530208778626,31.239999771118164,14.185302316668093,0.34802018893053055,0.0
IONQ,2025-02-27,1,Chronos-LoRA-V5,24.90999984741211,24.997329354340426,24.56999969482422,0.42732965951620727,0.017154944284778928,0.0
IONQ,2025-02-27,5,Chronos-LoRA-V5,24.90999984741211,25.109661287664267,20.479999542236328,4.6296617454279385,0.18585555093485528,0.0
IONQ,2025-02-27,10,Chronos-LoRA-V5,24.90999984741211,25.3039773397534,21.3700008392334,3.93397650052,0.1579276003459591,0.0
IONQ,2025-02-27,20,Chronos-LoRA-V5,24.90999984741211,25.44073488106589,23.649999618530277,1.7907352625356125,0.07188820849076216,0.0
IONQ,2025-04-01,1,Chronos-LoRA-V5,23.190000534057617,23.22075072292375,25.049999237060547,1.829248514136797,0.07888091729236058,1.0
IONQ,2025-04-01,5,Chronos-LoRA-V5,23.190000534057617,23.281147115420143,21.280000686645508,2.0011464287746357,0.08629350507498623,0.0
IONQ,2025-04-01,10,Chronos-LoRA-V5,23.190000534057617,23.35467051183639,25.399999618530277,2.045329106693888,0.08819875203064553,1.0
IONQ,2025-04-01,20,Chronos-LoRA-V5,23.190000534057617,23.45744713630712,27.459999084472656,4.002551948165536,0.1725981826644314,1.0
IONQ,2025-05-02,1,Chronos-LoRA-V5,30.920000076293945,30.948344714121404,29.81999969482422,1.1283450192971856,0.03649240027532463,0.0
IONQ,2025-05-02,5,Chronos-LoRA-V5,30.920000076293945,30.95183689097734,31.270000457763672,0.31816356678633184,0.010289895407544547,1.0
IONQ,2025-05-02,10,Chronos-LoRA-V5,30.920000076293945,30.904182365069996,34.9900016784668,4.085819313396801,0.13214163335430784,0.0
IONQ,2025-05-02,20,Chronos-LoRA-V5,30.920000076293945,30.78964544596329,40.56999969482422,9.780354248860927,0.3163115855345493,0.0
IONQ,2025-06-05,1,Chronos-LoRA-V5,36.65999984741211,36.66939420817579,39.02000045776367,2.3506062495878837,0.06411910145585598,1.0
IONQ,2025-06-05,5,Chronos-LoRA-V5,36.65999984741211,36.61161782745731,38.709999084472656,2.0983812570153475,0.05723898706353847,0.0
IONQ,2025-06-05,10,Chronos-LoRA-V5,36.65999984741211,36.530001954827625,40.36000061035156,3.829998655523937,0.10447350440440062,0.0
IONQ,2025-06-05,20,Chronos-LoRA-V5,36.65999984741211,36.40864077249988,45.20000076293945,8.791359990439574,0.23980796582191388,0.0
IONQ,2025-07-09,1,Chronos-LoRA-V5,45.560001373291016,45.545175383150294,45.93000030517578,0.3848249220254871,0.008446552028663734,0.0
IONQ,2025-07-09,5,Chronos-LoRA-V5,45.560001373291016,45.41318336687406,43.540000915527344,1.8731824513467146,0.04111462675338817,1.0
IONQ,2025-07-09,10,Chronos-LoRA-V5,45.560001373291016,45.26867633771539,43.27999877929688,1.9886775584185088,0.04364963780673514,1.0
IONQ,2025-07-09,20,Chronos-LoRA-V5,45.560001373291016,45.1727454904966,41.22999954223633,3.9427459482602742,0.08653963629096062,1.0
IONQ,2025-08-11,1,Chronos-LoRA-V5,44.93999862670898,44.9738506830282,43.0,1.9738506830282034,0.0439219124019975,0.0
IONQ,2025-08-11,5,Chronos-LoRA-V5,44.93999862670898,44.830028025478704,40.22999954223633,4.600028483242376,0.10235933742348768,1.0
IONQ,2025-08-11,10,Chronos-LoRA-V5,44.93999862670898,44.64082275452753,38.68000030517578,5.960822449351745,0.13263957791509762,1.0
IONQ,2025-08-11,20,Chronos-LoRA-V5,44.93999862670898,44.36466285517305,44.0,0.3646628551730515,0.00811443850281568,1.0
IONQ,2025-09-11,1,Chronos-LoRA-V5,47.04999923706055,47.07722862618987,55.61000061035156,8.532771984161691,0.1813554117433558,1.0
IONQ,2025-09-11,5,Chronos-LoRA-V5,47.04999923706055,46.95070504325313,66.80999755859375,19.85929251534062,0.42208911450306175,0.0
IONQ,2025-09-11,10,Chronos-LoRA-V5,47.04999923706055,46.77755027741749,69.43000030517578,22.65245002775829,0.48145484367862246,0.0
IONQ,2025-09-11,20,Chronos-LoRA-V5,47.04999923706055,46.64977449859376,77.5,30.850225501406243,0.6556902444560723,0.0
IONQ,2025-10-14,1,Chronos-LoRA-V5,77.55000305175781,78.04348644408444,72.41000366210938,5.6334827819750615,0.07264323095145742,0.0
IONQ,2025-10-14,5,Chronos-LoRA-V5,77.55000305175781,79.35845866376114,59.5,19.85845866376114,0.25607295786316564,0.0
IONQ,2025-10-14,10,Chronos-LoRA-V5,77.55000305175781,80.63329218502257,57.150001525878906,23.483290659143663,0.30281482572567575,0.0
IONQ,2025-10-14,20,Chronos-LoRA-V5,77.55000305175781,83.09447463997999,54.41999816894531,28.67447647103468,0.36975467882183044,0.0
IONQ,2025-11-13,1,Chronos-LoRA-V5,45.400001525878906,45.51828693668207,47.18000030517578,1.6617133684937144,0.036601614815948924,1.0
IONQ,2025-11-13,5,Chronos-LoRA-V5,45.400001525878906,45.87272983564135,41.0,4.872729835641351,0.10732884739802928,0.0
IONQ,2025-11-13,10,Chronos-LoRA-V5,45.400001525878906,46.29573627466901,49.29999923706055,3.004262962391536,0.06617319078015993,1.0
IONQ,2025-11-13,20,Chronos-LoRA-V5,45.400001525878906,46.880715225216605,50.34999847412109,3.469283248904482,0.07641592802429575,1.0
IONQ,2025-12-17,1,Chronos-LoRA-V5,45.84999847412109,45.90945953873077,46.43999862670898,0.5305390879782053,0.0115711909625833,1.0
IONQ,2025-12-17,5,Chronos-LoRA-V5,45.84999847412109,46.041902685836426,49.81999969482422,3.7780970089877925,0.08240124612261979,1.0
IONQ,2025-12-17,10,Chronos-LoRA-V5,45.84999847412109,46.21950574116302,46.77000045776367,0.5504947166006531,0.012006428242552047,1.0
IONQ,2025-12-17,20,Chronos-LoRA-V5,45.84999847412109,46.04863090467423,50.79999923706055,4.751368332386313,0.10362853850623588,1.0
IONQ,2026-01-21,1,Chronos-LoRA-V5,48.33000183105469,48.44574408341591,49.33000183105469,0.8842577476387774,0.01829624899932436,1.0
IONQ,2026-01-21,5,Chronos-LoRA-V5,48.33000183105469,48.574341168508774,45.79999923706055,2.7743419314482267,0.057404134623176395,0.0
IONQ,2026-01-21,10,Chronos-LoRA-V5,48.33000183105469,48.63458327440899,35.34000015258789,13.294583121821098,0.275079301016674,0.0
IONQ,2026-01-21,20,Chronos-LoRA-V5,48.33000183105469,49.03829534153284,33.43000030517578,15.608295036357056,0.3229525024832064,0.0
IONQ,2026-02-24,1,Chronos-LoRA-V5,31.6200008392334,31.695725440477776,33.59000015258789,1.8942747121101142,0.05990748456147221,1.0
IONQ,2026-02-24,5,Chronos-LoRA-V5,31.6200008392334,31.7798603418745,37.04999923706055,5.270138895186047,0.16667105488014333,1.0
IONQ,2026-02-24,10,Chronos-LoRA-V5,31.6200008392334,31.81927386074381,35.119998931884766,3.300725071140956,0.10438725438126784,1.0
IONQ,2026-02-24,20,Chronos-LoRA-V5,31.6200008392334,32.08340329210382,32.70000076293945,0.6165974708356359,0.019500235751751527,1.0
IONQ,2026-03-26,1,Chronos-LoRA-V5,29.84000015258789,29.91146195058643,27.51000022888184,2.401461721704589,0.0804779393238817,0.0
IONQ,2026-03-26,5,Chronos-LoRA-V5,29.84000015258789,29.99086060346063,29.299999237060547,0.6908613664000818,0.023152190444615806,0.0
IONQ,2026-03-26,10,Chronos-LoRA-V5,29.84000015258789,30.02805539719431,28.790000915527344,1.2380544816669676,0.04148976123780601,0.0
IONQ,2026-03-26,20,Chronos-LoRA-V5,29.84000015258789,30.277316056995,42.68999862670898,12.412682569713976,0.4159746148204184,1.0
IONQ,2026-04-29,1,Chronos-LoRA-V5,42.11000061035156,42.210847002507975,45.119998931884766,2.9091519293767902,0.06908458530541228,1.0
IONQ,2026-04-29,5,Chronos-LoRA-V5,42.11000061035156,42.322893829046066,52.56999969482422,10.247105865778153,0.24334138487899226,1.0
IONQ,2026-04-29,10,Chronos-LoRA-V5,42.11000061035156,42.37538286318876,55.2599983215332,12.884615458344442,0.3059751904913799,1.0
IONQ,2026-04-29,20,Chronos-LoRA-V5,42.11000061035156,42.72713777212543,70.13999938964844,27.412861617523006,0.650982218480052,1.0
IONQ,2026-06-01,1,Chronos-LoRA-V5,69.27999877929688,69.44591276229917,71.4000015258789,1.9540887635797333,0.028205669717241477,1.0
IONQ,2026-06-01,5,Chronos-LoRA-V5,69.27999877929688,69.63025386639013,62.79999923706055,6.830254629329588,0.0985891274491576,0.0
IONQ,2026-06-01,10,Chronos-LoRA-V5,69.27999877929688,69.71660960537434,61.18000030517578,8.536609300198563,0.12321895858274146,0.0
IONQ,2026-06-01,20,Chronos-LoRA-V5,69.27999877929688,70.29532200880645,53.2599983215332,17.035323687273248,0.24589093515347982,0.0
IONQ,2026-07-06,1,Chronos-LoRA-V5,48.869998931884766,48.98703438677756,45.36000061035156,3.6270337764259963,0.07421800400448897,0.0
IONQ,2026-07-06,5,Chronos-LoRA-V5,48.869998931884766,49.11706830304142,38.880001068115234,10.237067234926187,0.20947549536873644,0.0
IONQ,2026-07-06,10,Chronos-LoRA-V5,48.869998931884766,49.1779835014577,34.2400016784668,14.937981822990906,0.30566773377285184,0.0
IONQ,2026-07-06,20,Chronos-LoRA-V5,48.869998931884766,49.58620629354654,38.84999847412109,10.736207819425452,0.21968913554488978,0.0
IONQ,2026-08-06,1,Chronos-LoRA-V5,39.720001220703125,39.81512396497997,44.43000030517578,4.6148763401958135,0.11618520136878585,1.0
IONQ,2026-08-06,5,Chronos-LoRA-V5,39.720001220703125,39.920811450668936,44.97999954223633,5.059188091567393,0.12737129748451292,1.0
IONQ,2026-08-06,10,Chronos-LoRA-V5,39.720001220703125,39.97032141196086,41.52999877929688,1.5596773673360218,0.03926680058919718,1.0
IONQ,2026-08-06,20,Chronos-LoRA-V5,39.720001220703125,40.30211208424402,39.02000045776367,1.2821116264803507,0.03227874086298055,0.0
AAPL,2011-03-11,1,Chronos-LoRA-V6,10.527891159057615,10.551489516415671,10.574847221374512,0.023357704958840486,0.002218649927696603,1.0
AAPL,2011-03-11,5,Chronos-LoRA-V6,10.527891159057615,10.645901918892347,9.890216827392578,0.7556850914997693,0.07177934118834606,0.0
AAPL,2011-03-11,10,Chronos-LoRA-V6,10.527891159057615,10.761524323034731,10.514430046081545,0.2470942769531863,0.02347044372135254,0.0
AAPL,2011-03-11,20,Chronos-LoRA-V6,10.527891159057615,11.001299722841102,10.021523475646973,0.9797762471941294,0.09306481539288947,0.0
AAPL,2011-07-05,1,Chronos-LoRA-V6,10.45132541656494,10.469217356773788,10.521010398864746,0.05179304209095825,0.004955643425748502,1.0
AAPL,2011-07-05,5,Chronos-LoRA-V6,10.45132541656494,10.53263794321863,10.58053493499756,0.0478969917789307,0.004582862925980313,1.0
AAPL,2011-07-05,10,Chronos-LoRA-V6,10.45132541656494,10.607522631704862,11.271445274353027,0.6639226426481653,0.06352521007487466,1.0
AAPL,2011-07-05,20,Chronos-LoRA-V6,10.45132541656494,10.776488217286957,11.63215160369873,0.8556633864117735,0.0818712796996619,1.0
AAPL,2011-10-25,1,Chronos-LoRA-V6,11.897151947021484,11.925495881034688,11.98179817199707,0.05630229096238182,0.00473241757465126,1.0
AAPL,2011-10-25,5,Chronos-LoRA-V6,11.897151947021484,12.009582735512232,11.859468460083008,0.15011427542922462,0.012617664807316076,0.0
AAPL,2011-10-25,10,Chronos-LoRA-V6,11.897151947021484,12.115107109993714,12.150190353393556,0.0350832433998427,0.0029488774755563885,1.0
AAPL,2011-10-25,20,Chronos-LoRA-V6,11.897151947021484,12.340275207628807,11.261275291442873,1.0789999161859338,0.09069396784968087,0.0
AAPL,2012-02-17,1,Chronos-LoRA-V6,15.018218040466309,15.056169925209458,15.398975372314451,0.3428054471049933,0.022825973506398034,1.0
AAPL,2012-02-17,5,Chronos-LoRA-V6,15.018218040466309,15.206865223669025,15.72528839111328,0.5184231674442543,0.034519619175016114,1.0
AAPL,2012-02-17,10,Chronos-LoRA-V6,15.018218040466309,15.388984061847095,15.946621894836426,0.5576378329893306,0.03713075888809092,1.0
AAPL,2012-02-17,20,Chronos-LoRA-V6,15.018218040466309,15.771703309120658,17.978675842285156,2.206972533164498,0.1469530224702993,1.0
AAPL,2012-06-12,1,Chronos-LoRA-V6,17.232736587524414,17.266048387703815,17.11309242248535,0.15295596521846377,0.008875895273023349,0.0
AAPL,2012-06-12,5,Chronos-LoRA-V6,17.232736587524414,17.402468808810934,17.569217681884766,0.16674887307383202,0.009676285146408503,1.0
AAPL,2012-06-12,10,Chronos-LoRA-V6,17.232736587524414,17.563287097943878,17.10921287536621,0.45407422257766683,0.026349513338838726,0.0
AAPL,2012-06-12,20,Chronos-LoRA-V6,17.232736587524414,17.89080787864329,18.078277587890625,0.18746970924733475,0.010878696386681375,1.0
AAPL,2012-10-03,1,Chronos-LoRA-V6,20.16904640197754,20.204256399479718,20.02937126159668,0.17488513788303806,0.0086709671046169,0.0
AAPL,2012-10-03,5,Chronos-LoRA-V6,20.16904640197754,20.338191052355548,19.25168800354004,1.0865030488155085,0.053869827415786053,0.0
AAPL,2012-10-03,10,Chronos-LoRA-V6,20.16904640197754,20.510839003618724,19.362823486328125,1.1480155172905988,0.05691967257202779,0.0
AAPL,2012-10-03,20,Chronos-LoRA-V6,20.16904640197754,20.850138764179395,17.32594108581543,3.524197678363965,0.17473298479884614,0.0
AAPL,2013-01-30,1,Chronos-LoRA-V6,13.784954071044922,13.794855848410007,13.744524002075195,0.050331846334811914,0.0036512161067357995,0.0
AAPL,2013-01-30,5,Chronos-LoRA-V6,13.784954071044922,13.825671530206181,13.800649642944336,0.025021887261845066,0.0018151592767654545,1.0
AAPL,2013-01-30,10,Chronos-LoRA-V6,13.784954071044922,13.87392517346811,14.174271583557127,0.3003464100890163,0.021787987724956492,1.0
AAPL,2013-01-30,20,Chronos-LoRA-V6,13.784954071044922,14.01250651823426,13.396982192993164,0.6155243252410951,0.04465189525251989,0.0
AAPL,2013-05-23,1,Chronos-LoRA-V6,13.508260726928713,13.521494311505613,13.600221633911133,0.07872732240551983,0.005828087271707583,1.0
AAPL,2013-05-23,5,Chronos-LoRA-V6,13.508260726928713,13.567996301531899,13.740154266357422,0.17215796482552292,0.012744643319056337,1.0
AAPL,2013-05-23,10,Chronos-LoRA-V6,13.508260726928713,13.623162765022396,13.498183250427246,0.12497951459515022,0.009252080421131015,0.0
AAPL,2013-05-23,20,Chronos-LoRA-V6,13.508260726928713,13.734915334720935,12.63325023651123,1.101665098209704,0.0815549181704448,0.0
AAPL,2013-09-16,1,Chronos-LoRA-V6,13.842866897583008,13.851316866577328,14.002789497375488,0.15147263079816042,0.010942287599731815,1.0
AAPL,2013-09-16,5,Chronos-LoRA-V6,13.842866897583008,13.88789058429662,15.089012145996094,1.2011215616994733,0.08676826632705636,1.0
AAPL,2013-09-16,10,Chronos-LoRA-V6,13.842866897583008,13.936424126351856,14.66183853149414,0.7254144051422848,0.05240348047187715,1.0
AAPL,2013-09-16,20,Chronos-LoRA-V6,13.842866897583008,14.0405103157343,15.255081176757812,1.2145708610235122,0.08773983525302675,1.0
AAPL,2014-01-08,1,Chronos-LoRA-V6,16.81100082397461,16.829812426321183,16.59632682800293,0.23348559831825355,0.013888857704728252,0.0
AAPL,2014-01-08,5,Chronos-LoRA-V6,16.81100082397461,16.89689550041014,17.240978240966797,0.344082740556658,0.020467713026695922,1.0
AAPL,2014-01-08,10,Chronos-LoRA-V6,16.81100082397461,16.97673676141437,17.20447540283203,0.22773864141766254,0.013547000788488361,1.0
AAPL,2014-01-08,20,Chronos-LoRA-V6,16.81100082397461,17.153570779408383,15.948516845703123,1.2050539337052601,0.0716824623544543,0.0
AAPL,2014-05-02,1,Chronos-LoRA-V6,18.44017219543457,18.447415523414712,18.7009391784668,0.2535236550520885,0.013748442930205051,1.0
AAPL,2014-05-02,5,Chronos-LoRA-V6,18.44017219543457,18.466067904683985,18.32286834716797,0.14319955751601654,0.007765630168652726,0.0
AAPL,2014-05-02,10,Chronos-LoRA-V6,18.44017219543457,18.4991345801475,18.69743156433105,0.1982969841835498,0.010753532129848864,1.0
AAPL,2014-05-02,20,Chronos-LoRA-V6,18.44017219543457,18.555816946055998,19.671876907348636,1.1160599612926383,0.060523293896840746,1.0
AAPL,2014-08-25,1,Chronos-LoRA-V6,22.352537155151367,22.384347957792446,22.20945167541504,0.17489628237740718,0.007824448793594785,0.0
AAPL,2014-08-25,5,Chronos-LoRA-V6,22.352537155151367,22.504555184223687,22.739978790283203,0.2354236060595163,0.010532299059628825,1.0
AAPL,2014-08-25,10,Chronos-LoRA-V6,22.352537155151367,22.647323172820407,21.57106208801269,1.0762610848077152,0.04814939249791972,0.0
AAPL,2014-08-25,20,Chronos-LoRA-V6,22.352537155151367,22.936252784731685,22.594688415527344,0.34156436920434174,0.015280787448579414,1.0
AAPL,2014-12-16,1,Chronos-LoRA-V6,23.601348876953125,23.63175425145487,24.18944931030273,0.5576950588478624,0.023629795981383817,1.0
AAPL,2014-12-16,5,Chronos-LoRA-V6,23.601348876953125,23.76297382990853,24.881458282470703,1.1184844525621749,0.04739070035333359,1.0
AAPL,2014-12-16,10,Chronos-LoRA-V6,23.601348876953125,23.931046272456964,24.403905868530277,0.47285959607331307,0.020035278429999526,1.0
AAPL,2014-12-16,20,Chronos-LoRA-V6,23.601348876953125,24.24449154481859,23.616817474365234,0.6276740704533559,0.02659483886814118,1.0
AAPL,2015-04-13,1,Chronos-LoRA-V6,28.15593910217285,28.204726306524,28.03385162353516,0.1708746829888419,0.0060688681833259706,0.0
AAPL,2015-04-13,5,Chronos-LoRA-V6,28.15593910217285,28.389369068633584,28.322404861450195,0.06696420718338914,0.002378333286642942,1.0
AAPL,2015-04-13,10,Chronos-LoRA-V6,28.15593910217285,28.61585389399282,29.443321228027344,0.8274673340345231,0.029388731486873487,1.0
AAPL,2015-04-13,20,Chronos-LoRA-V6,28.15593910217285,29.06476786180461,28.155412673950195,0.9093551878544162,0.032297100251372446,0.0
AAPL,2015-08-04,1,Chronos-LoRA-V6,25.552064895629883,25.599550380728598,25.721454620361328,0.12190423963273034,0.0047708175496055105,1.0
AAPL,2015-08-04,5,Chronos-LoRA-V6,25.552064895629883,25.790180380438887,25.41024780273437,0.3799325777045155,0.014868957920089465,0.0
AAPL,2015-08-04,10,Chronos-LoRA-V6,25.552064895629883,26.033523187868955,26.08417510986328,0.05065192199432644,0.0019823024949732204,1.0
AAPL,2015-08-04,20,Chronos-LoRA-V6,25.552064895629883,26.469909589049724,24.118350982666016,2.3515586063837084,0.09203008116913047,0.0
AAPL,2015-11-24,1,Chronos-LoRA-V6,26.730987548828125,26.763020608176205,26.53985595703125,0.22316465114495543,0.008348537469381245,0.0
AAPL,2015-11-24,5,Chronos-LoRA-V6,26.730987548828125,26.891676190987763,26.146358489990234,0.7453177009975285,0.027882161092480984,0.0
AAPL,2015-11-24,10,Chronos-LoRA-V6,26.730987548828125,27.05410787802749,25.997947692871094,1.056160185156397,0.03951070581388594,0.0
AAPL,2015-11-24,20,Chronos-LoRA-V6,26.730987548828125,27.395268221517263,24.421710968017575,2.9735572534996884,0.11124008224791715,0.0
AAPL,2016-03-21,1,Chronos-LoRA-V6,23.94382095336914,23.967746460792455,24.12693977355957,0.15919331276711546,0.006648617740549589,1.0
AAPL,2016-03-21,5,Chronos-LoRA-V6,23.94382095336914,24.06204435833526,24.343969345092773,0.2819249867575131,0.011774435972711661,1.0
AAPL,2016-03-21,10,Chronos-LoRA-V6,23.94382095336914,24.179356475055545,24.825519561767575,0.6461630867120292,0.026986632082257822,1.0
AAPL,2016-03-21,20,Chronos-LoRA-V6,23.94382095336914,24.414873856030752,24.169897079467773,0.24497677656297867,0.01023131508709807,1.0
AAPL,2016-07-13,1,Chronos-LoRA-V6,22.033416748046875,22.051262705051805,22.470129013061523,0.4188663080097186,0.019010501766452137,1.0
AAPL,2016-07-13,5,Chronos-LoRA-V6,22.033416748046875,22.113962260842644,22.736248016357425,0.6222857555147812,0.028242816928061965,1.0
AAPL,2016-07-13,10,Chronos-LoRA-V6,22.033416748046875,22.190017820599333,23.41634178161621,1.2263239610168775,0.05565745771706432,1.0
AAPL,2016-07-13,20,Chronos-LoRA-V6,22.033416748046875,22.347881808703008,24.69804573059082,2.3501639218878125,0.10666361684899095,1.0
AAPL,2016-11-02,1,Chronos-LoRA-V6,25.519027709960938,25.53752634684561,25.245494842529297,0.29203150431631286,0.011443676758982613,0.0
AAPL,2016-11-02,5,Chronos-LoRA-V6,25.519027709960938,25.602973317671598,25.48684310913086,0.11613020854073852,0.004550730139903036,0.0
AAPL,2016-11-02,10,Chronos-LoRA-V6,25.519027709960938,25.689830568466952,25.282276153564453,0.4075544149024992,0.015970609050415252,0.0
AAPL,2016-11-02,20,Chronos-LoRA-V6,25.519027709960938,25.87171521953901,25.167341232299805,0.7043739872392045,0.027601913178073922,0.0
AAPL,2017-02-28,1,Chronos-LoRA-V6,31.625022888183597,31.66730096199829,32.27140808105469,0.6041071190563976,0.019102187568127205,1.0
AAPL,2017-02-28,5,Chronos-LoRA-V6,31.625022888183597,31.832564141929886,32.20907974243164,0.3765156005017545,0.011905623019878853,1.0
AAPL,2017-02-28,10,Chronos-LoRA-V6,31.625022888183597,32.03260299675246,32.08672332763672,0.054120330884259715,0.0017113135720285833,1.0
AAPL,2017-02-28,20,Chronos-LoRA-V6,31.625022888183597,32.445422906658024,33.19712829589844,0.7517053892404135,0.023769323168499,1.0
AAPL,2017-06-21,1,Chronos-LoRA-V6,33.814002990722656,33.84520928920729,33.75837707519531,0.08683221401197727,0.0025679365449811087,0.0
AAPL,2017-06-21,5,Chronos-LoRA-V6,33.814002990722656,33.96959770529566,33.80473327636719,0.16486442892847464,0.004875625904856906,0.0
AAPL,2017-06-21,10,Chronos-LoRA-V6,33.814002990722656,34.12876551842901,33.08612823486328,1.0426372835657318,0.03083448250276044,0.0
AAPL,2017-06-21,20,Chronos-LoRA-V6,33.814002990722656,34.445450669128256,34.850196838378906,0.4047461692506502,0.011969779779155365,1.0
AAPL,2017-10-12,1,Chronos-LoRA-V6,36.30424118041992,36.34503664423689,36.53464126586914,0.1896046216322489,0.005222657614298409,1.0
AAPL,2017-10-12,5,Chronos-LoRA-V6,36.30424118041992,36.49027414775573,36.29957962036133,0.19069452739439896,0.005252679058810661,0.0
AAPL,2017-10-12,10,Chronos-LoRA-V6,36.30424118041992,36.667668547319025,36.63238143920898,0.03528710811004743,0.000971983078634775,1.0
AAPL,2017-10-12,20,Chronos-LoRA-V6,36.30424118041992,37.03166502646649,40.93071746826172,3.8990524417952273,0.10739936478545986,1.0
AAPL,2018-02-06,1,Chronos-LoRA-V6,38.0766487121582,38.13338215186493,37.26153564453125,0.8718465073336787,0.0228971439667508,0.0
AAPL,2018-02-06,5,Chronos-LoRA-V6,38.0766487121582,38.317904707351104,38.53910827636719,0.22120356901608318,0.005809428521093896,1.0
AAPL,2018-02-06,10,Chronos-LoRA-V6,38.0766487121582,38.5647163966079,40.11734390258789,1.5526275059799914,0.04077636973035981,1.0
AAPL,2018-02-06,20,Chronos-LoRA-V6,38.0766487121582,39.041205603219446,41.045997619628906,2.0047920164094606,0.05265148284358645,1.0
AAPL,2018-05-31,1,Chronos-LoRA-V6,43.9915657043457,44.04866090473858,44.784912109375,0.7362512046364174,0.01673619005935234,1.0
AAPL,2018-05-31,5,Chronos-LoRA-V6,43.9915657043457,44.27220121366375,45.54291534423828,1.2707141305745324,0.028885403604741677,1.0
AAPL,2018-05-31,10,Chronos-LoRA-V6,43.9915657043457,44.553718816664585,44.91673278808594,0.3630139714213527,0.008251899326817691,1.0
AAPL,2018-05-31,20,Chronos-LoRA-V6,43.9915657043457,45.16582499879518,43.669044494628906,1.4967805041662743,0.03402426079184584,0.0
AAPL,2018-09-21,1,Chronos-LoRA-V6,51.41961288452149,51.49820288961834,52.1590461730957,0.6608432834773623,0.01285196924686094,1.0
AAPL,2018-09-21,5,Chronos-LoRA-V6,51.41961288452149,51.792414105076354,53.32841873168945,1.5360046266130993,0.02987196014218685,1.0
AAPL,2018-09-21,10,Chronos-LoRA-V6,51.41961288452149,52.17512823178199,52.985877990722656,0.8107497589406663,0.01576732521813118,1.0
AAPL,2018-09-21,20,Chronos-LoRA-V6,51.41961288452149,52.948005577415366,51.80940628051758,1.1385992968977874,0.02214328799897536,1.0
AAPL,2019-01-17,1,Chronos-LoRA-V6,36.948577880859375,37.000280238709614,37.1761474609375,0.1758672222278861,0.0047597832532275675,1.0
AAPL,2019-01-17,5,Chronos-LoRA-V6,36.948577880859375,37.2129407596512,37.39898300170898,0.18604224205778053,0.005035166513246425,1.0
AAPL,2019-01-17,10,Chronos-LoRA-V6,36.948577880859375,37.44219007930128,39.47565460205078,2.0334645227495045,0.055034987525268475,1.0
AAPL,2019-01-17,20,Chronos-LoRA-V6,36.948577880859375,37.98433899549632,40.573463439941406,2.5891244444450834,0.07007372388711985,1.0
AAPL,2019-05-13,1,Chronos-LoRA-V6,44.38636016845703,44.43752068290884,45.0890007019043,0.651480018995457,0.014677482373479878,1.0
AAPL,2019-05-13,5,Chronos-LoRA-V6,44.38636016845703,44.62597272351209,43.75779342651367,0.8681792969984201,0.019559596545052682,0.0
AAPL,2019-05-13,10,Chronos-LoRA-V6,44.38636016845703,44.92355179594312,42.59627532958984,2.3272764663532826,0.05243224399389146,0.0
AAPL,2019-05-13,20,Chronos-LoRA-V6,44.38636016845703,45.47905463330578,46.55883026123047,1.0797756279246897,0.02432674415804037,1.0
AAPL,2019-09-04,1,Chronos-LoRA-V6,50.18555450439453,50.24650740154659,51.16675567626953,0.9202482747229439,0.018336915548922805,1.0
AAPL,2019-09-04,5,Chronos-LoRA-V6,50.18555450439453,50.508334878235274,53.640167236328125,3.1318323580928507,0.06240505637570681,1.0
AAPL,2019-09-04,10,Chronos-LoRA-V6,50.18555450439453,50.854406539424,53.44345474243164,2.5890482030076427,0.05158951073821316,1.0
AAPL,2019-09-04,20,Chronos-LoRA-V6,50.18555450439453,51.515285288538536,52.529415130615234,1.0141298420766987,0.020207604600401385,1.0
AAPL,2019-12-26,1,Chronos-LoRA-V6,69.75943756103516,69.92516955560797,69.73295593261719,0.19221362299077782,0.0027553780493513313,0.0
AAPL,2019-12-26,5,Chronos-LoRA-V6,69.75943756103516,70.55121849169885,71.56892395019531,1.017705458496465,0.014588785318202069,1.0
AAPL,2019-12-26,10,Chronos-LoRA-V6,69.75943756103516,71.3331099953986,74.6729736328125,3.339863637413899,0.04787687163463339,1.0
AAPL,2019-12-26,20,Chronos-LoRA-V6,69.75943756103516,72.83151985993518,74.3409194946289,1.5093996346937217,0.021637210497477133,1.0
AAPL,2020-04-21,1,Chronos-LoRA-V6,64.72962188720703,64.87814875076587,66.59407043457031,1.7159216838044387,0.026509063915041375,1.0
AAPL,2020-04-21,5,Chronos-LoRA-V6,64.72962188720703,65.38234024823547,67.1922378540039,1.809897605768441,0.027960886422637055,1.0
AAPL,2020-04-21,10,Chronos-LoRA-V6,64.72962188720703,66.02124230170428,71.77012634277344,5.748884041069161,0.08881380538707195,1.0
AAPL,2020-04-21,20,Chronos-LoRA-V6,64.72962188720703,67.35302851051914,75.73241424560547,8.37938573508633,0.12945210385575256,1.0
AAPL,2020-08-12,1,Chronos-LoRA-V6,109.52227020263672,109.88526531523051,111.46053314208984,1.5752678268593314,0.01438308230777885,1.0
AAPL,2020-08-12,5,Chronos-LoRA-V6,109.52227020263672,111.60721180616538,112.1364974975586,0.5292856913932127,0.00483267640831353,1.0
AAPL,2020-08-12,10,Chronos-LoRA-V6,109.52227020263672,113.64146881428184,122.61774444580078,8.976275631518945,0.08195845114341727,1.0
AAPL,2020-08-12,20,Chronos-LoRA-V6,109.52227020263672,117.66186592976604,109.9874496459961,7.6744162837699434,0.07007174220887524,1.0
AAPL,2020-12-03,1,Chronos-LoRA-V6,119.3513412475586,119.81742156267819,118.68151092529295,1.135910637385237,0.009517368012053828,0.0
AAPL,2020-12-03,5,Chronos-LoRA-V6,119.3513412475586,121.60203079951546,119.64259338378906,1.9594374157263985,0.01641738915746349,1.0
AAPL,2020-12-03,10,Chronos-LoRA-V6,119.3513412475586,123.78078552179147,124.94320678710938,1.162421265317903,0.009739490592793665,1.0
AAPL,2020-12-03,20,Chronos-LoRA-V6,119.3513412475586,128.0026299408478,125.63253021240234,2.3700997284454672,0.0198581742246986,1.0
AAPL,2021-03-30,1,Chronos-LoRA-V6,116.57402801513672,116.89623548085639,118.76164245605467,1.8654069751982831,0.016001908889654803,1.0
AAPL,2021-03-30,5,Chronos-LoRA-V6,116.57402801513672,118.17848538486177,124.35212707519533,6.173641690333554,0.052958980619010054,1.0
AAPL,2021-03-30,10,Chronos-LoRA-V6,116.57402801513672,119.7576009908589,128.3675537109375,8.609952720078596,0.07385824155411891,1.0
AAPL,2021-03-30,20,Chronos-LoRA-V6,116.57402801513672,122.85651467644699,129.8745880126953,7.018073336248321,0.06020271801311572,1.0
AAPL,2021-07-22,1,Chronos-LoRA-V6,142.9702606201172,143.37819579470406,144.6843719482422,1.3061761535381322,0.00913599896840589,1.0
AAPL,2021-07-22,5,Chronos-LoRA-V6,142.9702606201172,144.94045621333825,141.8405303955078,3.0999258178304387,0.021682312142293547,0.0
AAPL,2021-07-22,10,Chronos-LoRA-V6,142.9702606201172,146.91966487269553,143.2234649658203,3.696199906875222,0.02585292837016162,1.0
AAPL,2021-07-22,20,Chronos-LoRA-V6,142.9702606201172,151.05649567586408,143.08692932128906,7.969566354575022,0.05574282595560742,1.0
AAPL,2021-11-11,1,Chronos-LoRA-V6,144.4385986328125,144.66212231575193,146.50941467285156,1.847292357099633,0.012789464690084351,1.0
AAPL,2021-11-11,5,Chronos-LoRA-V6,144.4385986328125,145.61646386653248,154.20655822753906,8.590094361006578,0.05947229094103901,1.0
AAPL,2021-11-11,10,Chronos-LoRA-V6,144.4385986328125,146.79404928634386,153.17117309570312,6.3771238093592615,0.044151105519730116,1.0
AAPL,2021-11-11,20,Chronos-LoRA-V6,144.4385986328125,149.18237790986913,175.28582763671875,26.103449726849618,0.1807235044782527,1.0
AAPL,2022-03-08,1,Chronos-LoRA-V6,153.9824981689453,154.17717090442997,159.3714599609375,5.194289056507529,0.03373298341223485,1.0
AAPL,2022-03-08,5,Chronos-LoRA-V6,153.9824981689453,154.97481192277897,151.68409729003906,3.290714632739906,0.021370705579340732,0.0
AAPL,2022-03-08,10,Chronos-LoRA-V6,153.9824981689453,155.8824788046252,165.11257934570312,9.230100541077917,0.05994253016307671,1.0
AAPL,2022-03-08,20,Chronos-LoRA-V6,153.9824981689453,158.0423326603278,171.21554565429688,13.173212993969088,0.0855500667323621,1.0
AAPL,2022-06-30,1,Chronos-LoRA-V6,133.9139862060547,134.04441803999666,136.07862854003906,2.0342105000424056,0.015190426016535197,1.0
AAPL,2022-06-30,5,Chronos-LoRA-V6,133.9139862060547,134.51912612405442,144.02215576171875,9.503029637664326,0.0709636827854705,1.0
AAPL,2022-06-30,10,Chronos-LoRA-V6,133.9139862060547,135.20809580249366,147.08792114257812,11.879825340084466,0.08871235691397361,1.0
AAPL,2022-06-30,20,Chronos-LoRA-V6,133.9139862060547,136.60002859847384,159.1746368408203,22.57460824234647,0.16857543324571567,1.0
AAPL,2022-10-21,1,Chronos-LoRA-V6,144.44781494140625,144.51719995898742,146.5860137939453,2.0688138349578935,0.014322223121181032,1.0
AAPL,2022-10-21,5,Chronos-LoRA-V6,144.44781494140625,144.734459588301,152.7555389404297,8.02107935212868,0.05552925362964012,1.0
AAPL,2022-10-21,10,Chronos-LoRA-V6,144.44781494140625,145.0381291762073,135.95333862304688,9.084790553160417,0.06289323626560617,0.0
AAPL,2022-10-21,20,Chronos-LoRA-V6,144.44781494140625,145.9072898233815,148.636962890625,2.7296730672435103,0.01889729566591769,1.0
AAPL,2023-02-15,1,Chronos-LoRA-V6,152.839111328125,152.93499103110435,151.24510192871094,1.6898891023934084,0.011056653547045658,0.0
AAPL,2023-02-15,5,Chronos-LoRA-V6,152.839111328125,153.2650779866752,147.0041961669922,6.260881819683021,0.04096387217432684,0.0
AAPL,2023-02-15,10,Chronos-LoRA-V6,152.839111328125,153.60732488164285,143.57015991210938,10.037164969533478,0.06567144288077575,0.0
AAPL,2023-02-15,20,Chronos-LoRA-V6,152.839111328125,154.41296014300028,153.3507537841797,1.062206358820589,0.006949833387477344,1.0
AAPL,2023-06-09,1,Chronos-LoRA-V6,178.30438232421875,178.5497414707338,181.0928497314453,2.543108260711506,0.014262735596073384,1.0
AAPL,2023-06-09,5,Chronos-LoRA-V6,178.30438232421875,179.48304664150083,182.20628356933597,2.7232369278351314,0.015272966891432649,1.0
AAPL,2023-06-09,10,Chronos-LoRA-V6,178.30438232421875,180.61125839646846,182.55111694335935,1.939858546890889,0.010879477675223681,1.0
AAPL,2023-06-09,20,Chronos-LoRA-V6,178.30438232421875,182.86539064227188,185.31988525390625,2.4544946116343738,0.013765755948562441,1.0
AAPL,2023-10-03,1,Chronos-LoRA-V6,170.09939575195312,170.2480004913314,171.3425750732422,1.0945745819107913,0.006434911641349572,1.0
AAPL,2023-10-03,5,Chronos-LoRA-V6,170.09939575195312,170.8616578288172,176.0094451904297,5.147787361612501,0.03026340769087299,1.0
AAPL,2023-10-03,10,Chronos-LoRA-V6,170.09939575195312,171.61266522632494,174.78599548339844,3.173330257073502,0.01865574091574662,1.0
AAPL,2023-10-03,20,Chronos-LoRA-V6,170.09939575195312,173.35229410514867,168.4911651611328,4.86112894401586,0.028578167033024626,0.0
AAPL,2024-01-26,1,Chronos-LoRA-V6,190.1023406982422,190.2065814642507,189.420654296875,0.7859271673756894,0.004134231932594767,0.0
AAPL,2024-01-26,5,Chronos-LoRA-V6,190.1023406982422,190.58754537784117,183.61148071289065,6.976064664950513,0.03669636386026365,0.0
AAPL,2024-01-26,10,Chronos-LoRA-V6,190.1023406982422,191.06883021745517,186.81344604492188,4.255384172533297,0.022384701613369584,0.0
AAPL,2024-01-26,20,Chronos-LoRA-V6,190.1023406982422,191.78517310586858,179.20635986328125,12.57881324258733,0.0661686394622264,0.0
AAPL,2024-05-20,1,Chronos-LoRA-V6,189.23611450195312,189.37354745585841,190.53375244140625,1.1602049855478356,0.006130991373403338,1.0
AAPL,2024-05-20,5,Chronos-LoRA-V6,189.23611450195312,189.8190163553192,188.19602966308597,1.6229866922332405,0.008576516678672874,0.0
AAPL,2024-05-20,10,Chronos-LoRA-V6,189.23611450195312,190.3226351343864,192.514892578125,2.1922574437386118,0.011584773073091137,1.0
AAPL,2024-05-20,20,Chronos-LoRA-V6,189.23611450195312,191.08016228440633,212.2666015625,21.186439278093673,0.11195769546343648,1.0
AAPL,2024-09-12,1,Chronos-LoRA-V6,220.92193603515625,221.11410249081197,220.65419006347656,0.4599124273354107,0.002081787058312856,0.0
AAPL,2024-09-12,5,Chronos-LoRA-V6,220.92193603515625,221.8116111703515,226.9713287353516,5.159717565000079,0.02335538814117122,1.0
AAPL,2024-09-12,10,Chronos-LoRA-V6,220.92193603515625,222.68410442293612,225.6325225830078,2.9484181600716965,0.013345972848990861,1.0
AAPL,2024-09-12,20,Chronos-LoRA-V6,220.92193603515625,224.40932143714866,227.13992309570312,2.7306016585544626,0.012360029554149499,1.0
AAPL,2025-01-06,1,Chronos-LoRA-V6,243.23483276367188,243.61440829626136,240.4649353027344,3.149472993526956,0.012948281122987848,0.0
AAPL,2025-01-06,5,Chronos-LoRA-V6,243.23483276367188,245.10072958777644,231.5992889404297,13.501440647346755,0.05550784192354896,0.0
AAPL,2025-01-06,10,Chronos-LoRA-V6,243.23483276367188,246.8862527825795,222.2173614501953,24.66889133238419,0.101420059997544,0.0
AAPL,2025-01-06,20,Chronos-LoRA-V6,243.23483276367188,250.28713646908577,230.79510498046875,19.492031488617016,0.08013667807010016,0.0
AAPL,2025-05-01,1,Chronos-LoRA-V6,212.0159454345703,212.31678068276702,204.0946807861328,8.222099896634205,0.038780573224251214,0.0
AAPL,2025-05-01,5,Chronos-LoRA-V6,212.0159454345703,213.5520495076449,196.28271484375,17.26933466389491,0.08145299934161954,0.0
AAPL,2025-05-01,10,Chronos-LoRA-V6,212.0159454345703,215.01993016516434,210.43296813964844,4.586962025515902,0.021634986067269546,0.0
AAPL,2025-05-01,20,Chronos-LoRA-V6,212.0159454345703,217.92686515764458,199.8839569091797,18.042908248464897,0.08510165691303195,0.0
AAPL,2025-08-25,1,Chronos-LoRA-V6,226.32395935058597,226.58765453727943,228.46604919433597,1.878394657056532,0.008299583757930051,1.0
AAPL,2025-08-25,5,Chronos-LoRA-V6,226.32395935058597,227.55582235441204,228.8745574951172,1.3187351407051437,0.005826758883545224,1.0
AAPL,2025-08-25,10,Chronos-LoRA-V6,226.32395935058597,228.7793210040906,233.4875030517578,4.708182047667208,0.02080284412298572,1.0
AAPL,2025-08-25,20,Chronos-LoRA-V6,226.32395935058597,231.263504508774,253.49359130859372,22.23008679981973,0.09822241915352992,1.0
AAPL,2025-12-16,1,Chronos-LoRA-V6,273.8645324707031,274.27366324304757,271.10205078125,3.171612461797565,0.01158095366780243,0.0
AAPL,2025-12-16,5,Chronos-LoRA-V6,273.8645324707031,275.84320691207074,271.62066650390625,4.222540408164491,0.015418354359618247,0.0
AAPL,2025-12-16,10,Chronos-LoRA-V6,273.8645324707031,277.72998037669737,271.1220092773437,6.607971099353676,0.0241286122001233,0.0
AAPL,2025-12-16,20,Chronos-LoRA-V6,273.8645324707031,281.5723832800308,257.5090637207031,24.06331955932768,0.08786577561627795,0.0
AAPL,2026-04-13,1,Chronos-LoRA-V6,258.73828125,259.03376156667747,258.3689270019531,0.6648345647243445,0.002569525319223942,0.0
AAPL,2026-04-13,5,Chronos-LoRA-V6,258.73828125,260.18611579693993,272.5635681152344,12.377452318294445,0.0478377310790552,1.0
AAPL,2026-04-13,10,Chronos-LoRA-V6,258.73828125,261.63147680109734,267.1332702636719,5.50179346257454,0.021263932944111108,1.0
AAPL,2026-04-13,20,Chronos-LoRA-V6,258.73828125,264.50941712227916,292.42779541015625,27.91837828787709,0.10790200102203507,1.0
AAPL,2026-08-06,1,Chronos-LoRA-V6,312.14080810546875,312.49727435538506,313.0599975585937,0.562723203208634,0.001802786398305667,1.0
AAPL,2026-08-06,5,Chronos-LoRA-V6,312.14080810546875,313.88746980276966,305.260009765625,8.627460037144658,0.02763964151149878,0.0
AAPL,2026-08-06,10,Chronos-LoRA-V6,312.14080810546875,315.63114742813775,311.29998779296875,4.331159635169001,0.01387565971093907,0.0
AAPL,2026-08-06,20,Chronos-LoRA-V6,312.14080810546875,319.1030829036039,328.2099914550781,9.106908551474248,0.029175642258211676,1.0
MSFT,2011-03-11,1,Chronos-LoRA-V6,19.58286476135254,19.58192329839064,19.590490341186523,0.008567042795881719,0.00043747648264358396,0.0
MSFT,2011-03-11,5,Chronos-LoRA-V6,19.58286476135254,19.584868337245958,18.911794662475582,0.6730736747703752,0.034370541949445,0.0
MSFT,2011-03-11,10,Chronos-LoRA-V6,19.58286476135254,19.585485770353923,19.537097930908203,0.048387839445720005,0.0024709275193084412,0.0
MSFT,2011-03-11,20,Chronos-LoRA-V6,19.58286476135254,19.585278614599506,19.88025665283203,0.2949780382325251,0.015063068750526876,1.0
MSFT,2011-07-05,1,Chronos-LoRA-V6,19.979860305786133,19.981199480178972,20.210140228271484,0.22894074809251208,0.011458576015479505,1.0
MSFT,2011-07-05,5,Chronos-LoRA-V6,19.979860305786133,19.982563031079742,20.37133407592773,0.38877104484798863,0.01945814629822018,1.0
MSFT,2011-07-05,10,Chronos-LoRA-V6,19.979860305786133,19.97955258616283,21.13890266418457,1.1593500780217418,0.05802593513058729,0.0
MSFT,2011-07-05,20,Chronos-LoRA-V6,19.979860305786133,19.973181570764957,20.570898056030277,0.5977164852653196,0.02991594916668272,0.0
MSFT,2011-10-25,1,Chronos-LoRA-V6,20.70846176147461,20.71788791789948,20.53853225708008,0.1793556608193967,0.0086609842336558,0.0
MSFT,2011-10-25,5,Chronos-LoRA-V6,20.70846176147461,20.719823610429838,20.07507705688477,0.6447465535450689,0.031134449336287062,0.0
MSFT,2011-10-25,10,Chronos-LoRA-V6,20.70846176147461,20.720890482284283,20.97880744934082,0.25791696705653777,0.012454665635105666,1.0
MSFT,2011-10-25,20,Chronos-LoRA-V6,20.70846176147461,20.744189121573847,19.292377471923828,1.4518116496500184,0.07010717002413602,0.0
MSFT,2012-02-17,1,Chronos-LoRA-V6,24.479848861694336,24.502667496273,24.62869071960449,0.1260232233314902,0.0051480392727705215,1.0
MSFT,2012-02-17,5,Chronos-LoRA-V6,24.479848861694336,24.582843703749173,24.55818748474121,0.02465621900796222,0.001007204707319298,1.0
MSFT,2012-02-17,10,Chronos-LoRA-V6,24.479848861694336,24.671017835748508,24.910694122314453,0.23967628656594542,0.009790758428291912,1.0
MSFT,2012-02-17,20,Chronos-LoRA-V6,24.479848861694336,24.8945276079808,25.22403907775879,0.3295114697779873,0.01346051896152023,1.0
MSFT,2012-06-12,1,Chronos-LoRA-V6,23.095027923583984,23.09787918332485,22.968860626220703,0.12901855710414623,0.0055864213514285055,0.0
MSFT,2012-06-12,5,Chronos-LoRA-V6,23.095027923583984,23.115236336461237,24.20680427551269,1.0915679390514548,0.047264196547551096,1.0
MSFT,2012-06-12,10,Chronos-LoRA-V6,23.095027923583984,23.12694775343069,23.670625686645508,0.5436779332148163,0.0235409082428355,1.0
MSFT,2012-06-12,20,Chronos-LoRA-V6,23.095027923583984,23.168136645584312,23.10291290283203,0.0652237427522806,0.00282414652054519,1.0
MSFT,2012-10-03,1,Chronos-LoRA-V6,23.70044708251953,23.703719372479238,23.83538246154785,0.13166308906861346,0.005555299805535041,1.0
MSFT,2012-10-03,5,Chronos-LoRA-V6,23.70044708251953,23.708274054921684,23.00197982788086,0.706294227040825,0.02980088200790776,0.0
MSFT,2012-10-03,10,Chronos-LoRA-V6,23.70044708251953,23.715743105971477,23.486143112182617,0.22959999378885954,0.009687580702146481,0.0
MSFT,2012-10-03,20,Chronos-LoRA-V6,23.70044708251953,23.74078547672817,23.414709091186523,0.3260763855416471,0.013758237741521295,0.0
MSFT,2013-01-30,1,Chronos-LoRA-V6,22.286714553833008,22.282031919254884,21.96660614013672,0.31542577911816494,0.014153085613236582,1.0
MSFT,2013-01-30,5,Chronos-LoRA-V6,22.286714553833008,22.253394817863985,21.878591537475582,0.37480328038840227,0.01681734108825561,1.0
MSFT,2013-01-30,10,Chronos-LoRA-V6,22.286714553833008,22.215755090767665,22.430753707885746,0.21499861711808066,0.009646940853428876,0.0
MSFT,2013-01-30,20,Chronos-LoRA-V6,22.286714553833008,22.141645465062844,22.43088150024414,0.2892360351812968,0.012977957539800355,0.0
MSFT,2013-05-23,1,Chronos-LoRA-V6,27.74771499633789,27.759565095881978,27.84520721435547,0.08564211847349057,0.0030864566139876537,1.0
MSFT,2013-05-23,5,Chronos-LoRA-V6,27.74771499633789,27.801949819956313,28.35710334777832,0.5551535278220072,0.02000717997482937,1.0
MSFT,2013-05-23,10,Chronos-LoRA-V6,27.74771499633789,27.84869838006528,28.98274803161621,1.1340496515509315,0.04087001944846991,1.0
MSFT,2013-05-23,20,Chronos-LoRA-V6,27.74771499633789,27.92163690384725,27.032690048217773,0.8889468556294773,0.03203675890958224,0.0
MSFT,2013-09-16,1,Chronos-LoRA-V6,26.83859634399414,26.855151985155402,26.944974899291992,0.08982291413659027,0.0033467813661085533,1.0
MSFT,2013-09-16,5,Chronos-LoRA-V6,26.83859634399414,26.89988951306073,26.78950881958008,0.11038069348064994,0.004112759552172052,0.0
MSFT,2013-09-16,10,Chronos-LoRA-V6,26.83859634399414,26.954929185045483,27.231353759765625,0.27642457472014215,0.010299516829314292,1.0
MSFT,2013-09-16,20,Chronos-LoRA-V6,26.83859634399414,27.06303470780519,28.18869972229004,1.1256650144848486,0.041942022602711404,1.0
MSFT,2014-01-08,1,Chronos-LoRA-V6,29.48253631591797,29.503600670423005,29.29290199279785,0.21069867762515315,0.007146558741331743,0.0
MSFT,2014-01-08,5,Chronos-LoRA-V6,29.48253631591797,29.553941823118056,30.306995391845703,0.7530535687276476,0.025542360421720645,1.0
MSFT,2014-01-08,10,Chronos-LoRA-V6,29.48253631591797,29.622607064999016,29.729867935180664,0.10726087018164776,0.0036381154264444326,1.0
MSFT,2014-01-08,20,Chronos-LoRA-V6,29.48253631591797,29.735222404682954,29.82880401611328,0.09358161143032717,0.003174137069740457,1.0
MSFT,2014-05-02,1,Chronos-LoRA-V6,32.96800994873047,32.99096330201271,32.752044677734375,0.23891862427833388,0.007246983504612059,0.0
MSFT,2014-05-02,5,Chronos-LoRA-V6,32.96800994873047,33.066825941864224,32.84342193603516,0.22340400582906028,0.006776387357820046,0.0
MSFT,2014-05-02,10,Chronos-LoRA-V6,32.96800994873047,33.16029359799703,33.317710876464844,0.15741727846781117,0.004774849276999671,1.0
MSFT,2014-05-02,20,Chronos-LoRA-V6,32.96800994873047,33.31567659849245,34.120750427246094,0.8050738287536419,0.024419849120576043,1.0
MSFT,2014-08-25,1,Chronos-LoRA-V6,38.020599365234375,38.06091390719786,37.88591003417969,0.17500387301817,0.004602869916306318,0.0
MSFT,2014-08-25,5,Chronos-LoRA-V6,38.020599365234375,38.217280853566905,37.953250885009766,0.2640299685571392,0.006944392591521353,0.0
MSFT,2014-08-25,10,Chronos-LoRA-V6,38.020599365234375,38.40698082926124,39.35892868041992,0.9519478511586854,0.02503768659757477,1.0
MSFT,2014-08-25,20,Chronos-LoRA-V6,38.020599365234375,38.8007658586328,39.19059753417969,0.3898316755468869,0.01025317017762073,1.0
MSFT,2014-12-16,1,Chronos-LoRA-V6,38.251930236816406,38.31513740637667,38.743194580078125,0.428057173701454,0.011190472508220362,1.0
MSFT,2014-12-16,5,Chronos-LoRA-V6,38.251930236816406,38.54865981347401,41.03867721557617,2.4900174021021613,0.06509520922699985,1.0
MSFT,2014-12-16,10,Chronos-LoRA-V6,38.251930236816406,38.84266464399317,39.3446044921875,0.5019398481943327,0.013121948228150604,1.0
MSFT,2014-12-16,20,Chronos-LoRA-V6,38.251930236816406,39.399227611400214,38.522979736328125,0.8762478750720888,0.022907285191813065,1.0
MSFT,2015-04-13,1,Chronos-LoRA-V6,35.62374496459961,35.65779084696514,35.52991485595703,0.12787599100811065,0.0035896279612147586,0.0
MSFT,2015-04-13,5,Chronos-LoRA-V6,35.62374496459961,35.784313647016404,36.604766845703125,0.820453198686721,0.02303107658956227,1.0
MSFT,2015-04-13,10,Chronos-LoRA-V6,35.62374496459961,35.936276007618524,40.97243118286133,5.036155175242804,0.14137073966387836,1.0
MSFT,2015-04-13,20,Chronos-LoRA-V6,35.62374496459961,36.269231853622415,40.40942001342773,4.140188159805312,0.1162199023128967,1.0
MSFT,2015-08-04,1,Chronos-LoRA-V6,40.81798553466797,40.85542755291825,40.852333068847656,0.0030944840705942056,7.581177831439412e-05,1.0
MSFT,2015-08-04,5,Chronos-LoRA-V6,40.81798553466797,40.991431306798106,39.84778594970703,1.1436453570910743,0.02801817243331961,0.0
MSFT,2015-08-04,10,Chronos-LoRA-V6,40.81798553466797,41.155295249167466,40.85380935668945,0.30148589247801283,0.007386104153080941,1.0
MSFT,2015-08-04,20,Chronos-LoRA-V6,40.81798553466797,41.50856760360057,36.14356994628906,5.3649976573115055,0.1314371002644128,0.0
MSFT,2015-11-24,1,Chronos-LoRA-V6,47.202415466308594,47.24196391471169,46.71516418457031,0.5267997301413772,0.011160440094795221,0.0
MSFT,2015-11-24,5,Chronos-LoRA-V6,47.202415466308594,47.40608072890443,48.03770065307617,0.6316199241717442,0.01338109327524939,1.0
MSFT,2015-11-24,10,Chronos-LoRA-V6,47.202415466308594,47.61786860359964,47.83757019042969,0.21970158683004826,0.004654456443799138,1.0
MSFT,2015-11-24,20,Chronos-LoRA-V6,47.202415466308594,48.08195388169018,48.56844711303711,0.4864932313469268,0.010306532547982972,1.0
MSFT,2016-03-21,1,Chronos-LoRA-V6,47.19955062866211,47.22756549225876,47.383567810058594,0.15600231779983176,0.003305165318779446,1.0
MSFT,2016-03-21,5,Chronos-LoRA-V6,47.19955062866211,47.33240648196159,47.94443893432617,0.6120324523645806,0.012966912697531585,1.0
MSFT,2016-03-21,10,Chronos-LoRA-V6,47.19955062866211,47.483131372889254,47.81298065185547,0.32984927896621485,0.006988398715090938,1.0
MSFT,2016-03-21,20,Chronos-LoRA-V6,47.19955062866211,47.78231882793591,49.41668319702149,1.6343643690855814,0.034626693417990184,1.0
MSFT,2016-07-13,1,Chronos-LoRA-V6,47.22081756591797,47.26320392383104,47.42377853393555,0.16057461010450425,0.0034005046583605036,1.0
MSFT,2016-07-13,5,Chronos-LoRA-V6,47.22081756591797,47.40067044052954,49.33873748779297,1.9380670472634307,0.04104264066495644,1.0
MSFT,2016-07-13,10,Chronos-LoRA-V6,47.22081756591797,47.58682726622389,49.58582305908203,1.998995792858139,0.04233293483467615,1.0
MSFT,2016-07-13,20,Chronos-LoRA-V6,47.22081756591797,47.98751148542638,51.20074462890625,3.2132331434798687,0.06804696125801613,1.0
MSFT,2016-11-02,1,Chronos-LoRA-V6,52.77189254760742,52.81644620641662,52.57654571533203,0.23990049108459033,0.0045459899105980695,0.0
MSFT,2016-11-02,5,Chronos-LoRA-V6,52.77189254760742,52.97694776580545,53.428993225097656,0.45204545929220785,0.008566027054731862,1.0
MSFT,2016-11-02,10,Chronos-LoRA-V6,52.77189254760742,53.1725618754178,53.3250846862793,0.15252281086149821,0.0028902281782656747,1.0
MSFT,2016-11-02,20,Chronos-LoRA-V6,52.77189254760742,53.574396926976156,52.922794342041016,0.6516025849351408,0.012347531109431209,1.0
MSFT,2017-02-28,1,Chronos-LoRA-V6,57.54269409179688,57.57863945282552,58.40611267089844,0.8274732180729174,0.014380161219995413,1.0
MSFT,2017-02-28,5,Chronos-LoRA-V6,57.54269409179688,57.690655937393416,57.920440673828125,0.2297847364347092,0.003993291243335584,1.0
MSFT,2017-02-28,10,Chronos-LoRA-V6,57.54269409179688,57.818655849412316,57.92943572998047,0.11077988056815258,0.0019251771630890424,1.0
MSFT,2017-02-28,20,Chronos-LoRA-V6,57.54269409179688,58.147459333750504,58.72088623046875,0.5734268967182459,0.009965242430315602,1.0
MSFT,2017-06-21,1,Chronos-LoRA-V6,63.56207656860352,63.624252310857734,63.55303192138672,0.07122038947101572,0.0011204855680595482,0.0
MSFT,2017-06-21,5,Chronos-LoRA-V6,63.56207656860352,63.85554466939813,63.13693237304688,0.718612296351246,0.011305676830360323,0.0
MSFT,2017-06-21,10,Chronos-LoRA-V6,63.56207656860352,64.14620753906817,62.024375915527344,2.121831623540828,0.03338203749921065,0.0
MSFT,2017-06-21,20,Chronos-LoRA-V6,63.56207656860352,64.7360809157589,67.13504028320312,2.3989593674442204,0.03774199171820625,1.0
MSFT,2017-10-12,1,Chronos-LoRA-V6,70.12984466552734,70.21600976586072,70.4663314819336,0.25032171607287523,0.00356940354376567,1.0
MSFT,2017-10-12,5,Chronos-LoRA-V6,70.12984466552734,70.52908613067405,70.84825134277344,0.3191652120993922,0.0045510611583641225,1.0
MSFT,2017-10-12,10,Chronos-LoRA-V6,70.12984466552734,70.89775464387021,71.62122344970703,0.7234688058368164,0.010316133014229178,1.0
MSFT,2017-10-12,20,Chronos-LoRA-V6,70.12984466552734,71.69001746404624,76.46809387207031,4.778076408024077,0.06813185500142382,1.0
MSFT,2018-02-06,1,Chronos-LoRA-V6,83.4689712524414,83.54695565990023,81.89700317382812,1.6499524860721095,0.019767255559937746,0.0
MSFT,2018-02-06,5,Chronos-LoRA-V6,83.4689712524414,83.92653229583651,82.09807586669922,1.8284564291372902,0.021905822028252198,0.0
MSFT,2018-02-06,10,Chronos-LoRA-V6,83.4689712524414,84.45838890644856,84.00796508789062,0.4504238185579368,0.005396302503785311,1.0
MSFT,2018-02-06,20,Chronos-LoRA-V6,83.4689712524414,85.38813217106197,86.18415832519531,0.7960261541333438,0.00953679124336948,1.0
MSFT,2018-05-31,1,Chronos-LoRA-V6,91.15025329589844,91.27291281937771,92.94854736328124,1.6756345439035272,0.01838321324751524,1.0
MSFT,2018-05-31,5,Chronos-LoRA-V6,91.15025329589844,91.71472545059375,93.03154754638672,1.316822095792972,0.014446718996141694,1.0
MSFT,2018-05-31,10,Chronos-LoRA-V6,91.15025329589844,92.2975317319015,93.52954864501952,1.2320169131180165,0.013516330109567098,1.0
MSFT,2018-05-31,20,Chronos-LoRA-V6,91.15025329589844,93.3997377228548,90.9565887451172,2.443148977737593,0.026803534706661414,0.0
MSFT,2018-09-21,1,Chronos-LoRA-V6,105.77606964111328,105.94620100833689,106.1556625366211,0.2094615282842085,0.00198023550123283,1.0
MSFT,2018-09-21,5,Chronos-LoRA-V6,105.77606964111328,106.50901472394587,105.87792205810548,0.6310926658403844,0.005966308523105646,1.0
MSFT,2018-09-21,10,Chronos-LoRA-V6,105.77606964111328,107.22111979145839,103.80425262451172,3.4168671669466733,0.032302837291456665,0.0
MSFT,2018-09-21,20,Chronos-LoRA-V6,105.77606964111328,108.67604604084259,100.59188842773438,8.084157613108218,0.07642709395931324,0.0
MSFT,2019-01-17,1,Chronos-LoRA-V6,98.66487884521484,98.81476494981315,100.14319610595705,1.3284311561438926,0.01346407325171839,1.0
MSFT,2019-01-17,5,Chronos-LoRA-V6,98.66487884521484,99.40883529804172,99.64112091064452,0.23228561260279434,0.002354288732946186,1.0
MSFT,2019-01-17,10,Chronos-LoRA-V6,98.66487884521484,100.13976373998544,95.55953979492188,4.580223945063565,0.04642202979085397,0.0
MSFT,2019-01-17,20,Chronos-LoRA-V6,98.66487884521484,101.65756443307951,100.61737060546876,1.04019382761075,0.01054269604123892,1.0
MSFT,2019-05-13,1,Chronos-LoRA-V6,115.17424774169922,115.5743209123578,116.4627914428711,0.8884705305132883,0.007714142249106493,1.0
MSFT,2019-05-13,5,Chronos-LoRA-V6,115.17424774169922,116.49416059311594,118.2902603149414,1.7960997218254704,0.015594629503060231,1.0
MSFT,2019-05-13,10,Chronos-LoRA-V6,115.17424774169922,117.71468934535227,118.23404693603516,0.5193575906828869,0.004509320450241994,1.0
MSFT,2019-05-13,20,Chronos-LoRA-V6,115.17424774169922,119.92390194272977,123.8008804321289,3.8769784893991357,0.03366185206691363,1.0
MSFT,2019-09-04,1,Chronos-LoRA-V6,129.41297912597656,129.6587817262316,131.68846130371094,2.029679577479328,0.015683740465502582,1.0
MSFT,2019-09-04,5,Chronos-LoRA-V6,129.41297912597656,130.69824598796328,127.99308013916016,2.7051658488031194,0.020903358125847538,0.0
MSFT,2019-09-04,10,Chronos-LoRA-V6,129.41297912597656,132.06330082960585,130.24981689453125,1.8134839350746006,0.014013153451241323,1.0
MSFT,2019-09-04,20,Chronos-LoRA-V6,129.41297912597656,134.74721812237536,126.61085510253906,8.136363019836296,0.06287130606827307,0.0
MSFT,2019-12-26,1,Chronos-LoRA-V6,149.7044677734375,150.02707947421806,149.97801208496094,0.049067389257118066,0.0003277616893262447,1.0
MSFT,2019-12-26,5,Chronos-LoRA-V6,149.7044677734375,151.2592963343838,149.65728759765625,1.602008736727555,0.01070114179325643,0.0
MSFT,2019-12-26,10,Chronos-LoRA-V6,149.7044677734375,152.82568581611994,152.22360229492188,0.6020835211980682,0.004021813978920541,1.0
MSFT,2019-12-26,20,Chronos-LoRA-V6,149.7044677734375,155.89570603882004,153.11048889160156,2.785217147218475,0.018604769708233437,1.0
MSFT,2020-04-21,1,Chronos-LoRA-V6,158.7699432373047,159.32750322787075,164.16253662109375,4.835033393223,0.030453077545013363,1.0
MSFT,2020-04-21,5,Chronos-LoRA-V6,158.7699432373047,160.85197419719907,160.65261840820312,0.19935578899594475,0.001255626757376671,1.0
MSFT,2020-04-21,10,Chronos-LoRA-V6,158.7699432373047,162.78105834100057,171.01206970214844,8.231011361147864,0.051842377677526974,1.0
MSFT,2020-04-21,20,Chronos-LoRA-V6,158.7699432373047,166.4966898458917,173.72735595703125,7.230666111139556,0.04554178179891566,1.0
MSFT,2020-08-12,1,Chronos-LoRA-V6,198.4601287841797,198.7690706968692,197.9952545166016,0.7738161802676018,0.0038991014719592654,0.0
MSFT,2020-08-12,5,Chronos-LoRA-V6,198.4601287841797,200.52206008817333,199.42491149902344,1.0971485891498958,0.005528307352571593,1.0
MSFT,2020-08-12,10,Chronos-LoRA-V6,198.4601287841797,202.66742092783102,210.3138427734375,7.646421845606483,0.03852875583851789,1.0
MSFT,2020-08-12,20,Chronos-LoRA-V6,198.4601287841797,207.10130474871133,195.3070831298828,11.794221618828516,0.05942867059032508,0.0
MSFT,2020-12-03,1,Chronos-LoRA-V6,204.2758331298828,204.79366353800594,204.39024353027344,0.40342000773250675,0.00197487877812752,1.0
MSFT,2020-12-03,5,Chronos-LoRA-V6,204.2758331298828,206.76797746512028,200.7289123535156,6.039065111604685,0.02956328714500911,0.0
MSFT,2020-12-03,10,Chronos-LoRA-V6,204.2758331298828,209.16853836236348,209.21490478515625,0.046366422792772255,0.00022697948201866325,1.0
MSFT,2020-12-03,20,Chronos-LoRA-V6,204.2758331298828,214.19156789382916,207.5653533935547,6.626214500274472,0.032437584019355814,1.0
MSFT,2021-03-30,1,Chronos-LoRA-V6,221.57595825195312,222.060067396457,225.3222198486328,3.262152452175826,0.014722501835990887,1.0
MSFT,2021-03-30,5,Chronos-LoRA-V6,221.57595825195312,223.9121025738729,238.8261260986328,14.914023524759926,0.06730885264998498,1.0
MSFT,2021-03-30,10,Chronos-LoRA-V6,221.57595825195312,226.26764009447183,244.2639617919922,17.996321697520358,0.08121964963841788,1.0
MSFT,2021-03-30,20,Chronos-LoRA-V6,221.57595825195312,230.66117597586398,243.2795867919922,12.618410816128204,0.05694846550896937,1.0
MSFT,2021-07-22,1,Chronos-LoRA-V6,274.0917053222656,274.75448443796705,277.4729919433594,2.718507505392324,0.00991824069318703,1.0
MSFT,2021-07-22,5,Chronos-LoRA-V6,274.0917053222656,277.2559089941525,274.4364624023437,2.8194465918087985,0.010286508263698924,1.0
MSFT,2021-07-22,10,Chronos-LoRA-V6,274.0917053222656,280.5148538923921,277.3293151855469,3.18553870684525,0.011622163841477295,1.0
MSFT,2021-07-22,20,Chronos-LoRA-V6,274.0917053222656,287.17469510717655,284.8182067871094,2.3564883200671716,0.008597444848965852,1.0
MSFT,2021-11-11,1,Chronos-LoRA-V6,319.04217529296875,319.74002050438656,323.1593933105469,3.419372806160311,0.01071762002318466,1.0
MSFT,2021-11-11,5,Chronos-LoRA-V6,319.04217529296875,322.44482116185503,328.1253356933594,5.680514531504343,0.01780490158170478,1.0
MSFT,2021-11-11,10,Chronos-LoRA-V6,319.04217529296875,325.80901437790214,316.98175048828125,8.827263889620895,0.027668015620552433,0.0
MSFT,2021-11-11,20,Chronos-LoRA-V6,319.04217529296875,332.9601479783479,329.3464660644531,3.613681913894766,0.011326658961550828,1.0
MSFT,2022-03-08,1,Chronos-LoRA-V6,265.7735900878906,266.1023212424441,277.96148681640625,11.859165573962173,0.04462130932588271,1.0
MSFT,2022-03-08,5,Chronos-LoRA-V6,265.7735900878906,267.5808216336907,276.66070556640625,9.079883932715575,0.03416398119057984,1.0
MSFT,2022-03-08,10,Chronos-LoRA-V6,265.7735900878906,269.53063065101287,292.9530029296875,23.42237227867463,0.08812904348746198,1.0
MSFT,2022-03-08,20,Chronos-LoRA-V6,265.7735900878906,273.5694579235813,299.5238342285156,25.95437630493433,0.09765596459885773,1.0
MSFT,2022-06-30,1,Chronos-LoRA-V6,248.02464294433597,248.28951610266063,250.6803436279297,2.39082752526906,0.009639475726634261,1.0
MSFT,2022-06-30,5,Chronos-LoRA-V6,248.02464294433597,249.27012345186486,258.4833374023437,9.213213950478831,0.037146365139800075,1.0
MSFT,2022-06-30,10,Chronos-LoRA-V6,248.02464294433597,250.66738008645046,247.9183807373047,2.7489993491457767,0.011083573456701745,0.0
MSFT,2022-06-30,20,Chronos-LoRA-V6,248.02464294433597,253.45059991698864,271.1148376464844,17.66423772949574,0.07121968817211477,1.0
MSFT,2022-10-21,1,Chronos-LoRA-V6,234.3152618408203,234.47419923542057,239.27989196777344,4.805692732352867,0.020509516514624515,1.0
MSFT,2022-10-21,5,Chronos-LoRA-V6,234.3152618408203,234.94908065138412,228.2667388916016,6.682341759782531,0.02851859374112009,0.0
MSFT,2022-10-21,10,Chronos-LoRA-V6,234.3152618408203,235.65276693632842,214.2535095214844,21.399257414844016,0.09132677592883975,0.0
MSFT,2022-10-21,20,Chronos-LoRA-V6,234.3152618408203,237.25657083428004,234.1021728515625,3.1543979827175406,0.013462196008642624,0.0
MSFT,2023-02-15,1,Chronos-LoRA-V6,262.0276794433594,262.15557658298025,255.05181884765625,7.103757735323995,0.0271107149840617,0.0
MSFT,2023-02-15,5,Chronos-LoRA-V6,262.0276794433594,262.52820876660144,247.8716278076172,14.65658095898425,0.055935239323265606,0.0
MSFT,2023-02-15,10,Chronos-LoRA-V6,262.0276794433594,263.03085114498026,244.3107147216797,18.720136423300573,0.07144335462218676,0.0
MSFT,2023-02-15,20,Chronos-LoRA-V6,262.0276794433594,264.1509915673145,268.7213439941406,4.570352426826105,0.017442250515423252,1.0
MSFT,2023-06-09,1,Chronos-LoRA-V6,318.6365966796875,319.0610193486323,323.5702514648437,4.509232116211365,0.014151645364026688,1.0
MSFT,2023-06-09,5,Chronos-LoRA-V6,318.6365966796875,320.5682739206651,333.7888488769531,13.220574956288033,0.041491075080676065,1.0
MSFT,2023-06-09,10,Chronos-LoRA-V6,318.6365966796875,322.39466532676363,320.40142822265625,1.9932371041073793,0.006255518433468277,1.0
MSFT,2023-06-09,20,Chronos-LoRA-V6,318.6365966796875,325.9306750125776,324.1748962402344,1.7557787723432057,0.0055102859829632145,1.0
MSFT,2023-10-03,1,Chronos-LoRA-V6,306.2178955078125,306.53227894536604,311.6604309082031,5.12815196283708,0.016746741578681723,1.0
MSFT,2023-10-03,5,Chronos-LoRA-V6,306.2178955078125,307.6246657628154,320.8746337890625,13.249968026247075,0.04326973772801268,1.0
MSFT,2023-10-03,10,Chronos-LoRA-V6,306.2178955078125,308.8450555806983,324.46063232421875,15.615576743520478,0.05099498420111792,1.0
MSFT,2023-10-03,20,Chronos-LoRA-V6,306.2178955078125,311.31720602956096,330.37213134765625,19.054925318095286,0.06222668758955385,1.0
MSFT,2024-01-26,1,Chronos-LoRA-V6,395.4869079589844,396.12933057514505,401.1558837890625,5.0265532139174525,0.012709784098437815,1.0
MSFT,2024-01-26,5,Chronos-LoRA-V6,395.4869079589844,398.6584397628048,402.6245422363281,3.9661024735233354,0.010028403959037258,1.0
MSFT,2024-01-26,10,Chronos-LoRA-V6,395.4869079589844,401.84932427249794,411.7594909667969,9.910166694298937,0.02505814097726522,1.0
MSFT,2024-01-26,20,Chronos-LoRA-V6,395.4869079589844,407.9487893332122,399.7593078613281,8.18948147188405,0.020707338996752256,1.0
MSFT,2024-05-20,1,Chronos-LoRA-V6,417.9720764160156,418.57458537285913,421.6080017089844,3.033416336125242,0.007257461699680556,1.0
MSFT,2024-05-20,5,Chronos-LoRA-V6,417.9720764160156,420.85283152408414,422.8657836914063,2.012952167322169,0.00481599676366562,1.0
MSFT,2024-05-20,10,Chronos-LoRA-V6,417.9720764160156,423.6684340571336,408.8626098632813,14.805824193852288,0.0354229983993376,0.0
MSFT,2024-05-20,20,Chronos-LoRA-V6,417.9720764160156,429.1853659345124,438.6082763671875,9.42291043267511,0.02254435395176091,1.0
MSFT,2024-09-12,1,Chronos-LoRA-V6,420.3595886230469,420.9125952383599,423.8937683105469,2.981173072186948,0.007091959248395563,1.0
MSFT,2024-09-12,5,Chronos-LoRA-V6,420.3595886230469,423.0104662055049,431.8677978515625,8.857331646057617,0.02107084478570176,1.0
MSFT,2024-09-12,10,Chronos-LoRA-V6,420.3595886230469,425.4624415818803,424.6025695800781,0.8598720018021595,0.0020455629538957965,1.0
MSFT,2024-09-12,20,Chronos-LoRA-V6,420.3595886230469,430.6749835132405,409.3731384277344,21.301845085506102,0.050675292444936515,0.0
MSFT,2025-01-06,1,Chronos-LoRA-V6,422.0393981933594,422.65938102623517,416.6338806152344,6.025500411000792,0.014277104073208258,0.0
MSFT,2025-01-06,5,Chronos-LoRA-V6,422.0393981933594,425.15308182970404,410.02490234375,15.128179485954035,0.03584542000276236,0.0
MSFT,2025-01-06,10,Chronos-LoRA-V6,422.0393981933594,428.28651057183447,440.1402587890625,11.85374821722803,0.028086828547218223,1.0
MSFT,2025-01-06,20,Chronos-LoRA-V6,422.0393981933594,435.0838176894114,407.67718505859375,27.406632630817626,0.0649385643808097,0.0
MSFT,2025-05-01,1,Chronos-LoRA-V6,420.464111328125,421.13693999998566,430.2294616699219,9.092521669936218,0.021624964949364056,1.0
MSFT,2025-05-01,5,Chronos-LoRA-V6,420.464111328125,422.9831432958926,433.08599853515625,10.102855239263647,0.024027865796563797,1.0
MSFT,2025-05-01,10,Chronos-LoRA-V6,420.464111328125,425.1722199548833,448.6946105957031,23.522390640819822,0.05594387251392119,1.0
MSFT,2025-05-01,20,Chronos-LoRA-V6,420.464111328125,429.8636933295671,455.8538208007813,25.99012747121418,0.06181295090589023,1.0
MSFT,2025-08-25,1,Chronos-LoRA-V6,500.14495849609375,500.82882579839946,497.9430541992188,2.885771599180657,0.005769870414885303,0.0
MSFT,2025-08-25,5,Chronos-LoRA-V6,500.14495849609375,503.28587425847076,500.9979248046875,2.2879494537832556,0.004574572661220078,1.0
MSFT,2025-08-25,10,Chronos-LoRA-V6,500.14495849609375,506.3133770372902,494.3426818847656,11.97069515252457,0.023934451300918314,0.0
MSFT,2025-08-25,20,Chronos-LoRA-V6,500.14495849609375,512.8256424916211,505.0744323730469,7.7512101185742495,0.015497927124731303,1.0
MSFT,2025-12-16,1,Chronos-LoRA-V6,473.38677978515625,473.94902658829574,473.1184387207031,0.8305878675926124,0.0017545649837741317,0.0
MSFT,2025-12-16,5,Chronos-LoRA-V6,473.38677978515625,476.11408251314765,483.7807922363281,7.666709723180475,0.016195445353712534,1.0
MSFT,2025-12-16,10,Chronos-LoRA-V6,473.38677978515625,478.778913324277,480.5711669921875,1.7922536679104724,0.003786023912040637,1.0
MSFT,2025-12-16,20,Chronos-LoRA-V6,473.38677978515625,484.3328624858406,453.7811279296875,30.55173455615312,0.06453863069437393,0.0
MSFT,2026-04-13,1,Chronos-LoRA-V6,382.8186340332031,383.34689063823777,391.5233459472656,8.176455309027858,0.021358561423419742,1.0
MSFT,2026-04-13,5,Chronos-LoRA-V6,382.8186340332031,385.2969041696576,416.3826293945313,31.085725224873727,0.08120222596629811,1.0
MSFT,2026-04-13,10,Chronos-LoRA-V6,382.8186340332031,387.71474814561617,423.1053771972656,35.390629051649455,0.09244750883411768,1.0
MSFT,2026-04-13,20,Chronos-LoRA-V6,382.8186340332031,392.6767147582909,410.9944458007813,18.31773104249038,0.04784963273470533,1.0
MSFT,2026-08-06,1,Chronos-LoRA-V6,498.9207458496094,499.6092133272949,499.0505065917969,0.5587067354980491,0.0011198306347166564,1.0
MSFT,2026-08-06,5,Chronos-LoRA-V6,498.9207458496094,502.1506314271997,495.9463806152344,6.2042508119653235,0.01243534341591701,0.0
MSFT,2026-08-06,10,Chronos-LoRA-V6,498.9207458496094,505.30176465998954,481.1499938964844,24.15177076350517,0.04840803066302102,0.0
MSFT,2026-08-06,20,Chronos-LoRA-V6,498.9207458496094,511.7686078676842,510.1199951171875,1.6486127504966817,0.0033043579851330662,1.0
NVDA,2011-03-11,1,Chronos-LoRA-V6,0.413217544555664,0.4129959301051092,0.4166515171527862,0.003655587047676989,0.008846640458134214,0.0
NVDA,2011-03-11,5,Chronos-LoRA-V6,0.413217544555664,0.41283918677226994,0.4033735692501068,0.009465617522163128,0.022907104615660923,1.0
NVDA,2011-03-11,10,Chronos-LoRA-V6,0.413217544555664,0.41304949515323425,0.4264954626560211,0.01344596750278687,0.032539682014821936,0.0
NVDA,2011-03-11,20,Chronos-LoRA-V6,0.413217544555664,0.41405395728567357,0.4017709791660309,0.012282978119642685,0.029725209593534196,0.0
NVDA,2011-07-05,1,Chronos-LoRA-V6,0.3635399639606476,0.3637215371794979,0.3587324023246765,0.0049891348548213865,0.013723759007033043,0.0
NVDA,2011-07-05,5,Chronos-LoRA-V6,0.3635399639606476,0.3646778568900496,0.3362972736358642,0.02838058325418541,0.07806729952049385,0.0
NVDA,2011-07-05,10,Chronos-LoRA-V6,0.3635399639606476,0.3655144478091188,0.3255376517772674,0.03997679603185139,0.10996534080137277,0.0
NVDA,2011-07-05,20,Chronos-LoRA-V6,0.3635399639606476,0.3675110785927864,0.3301161825656891,0.037394896027097335,0.10286323302586131,0.0
NVDA,2011-10-25,1,Chronos-LoRA-V6,0.3308029770851135,0.3309687117828427,0.3346947729587555,0.003726061175912787,0.01126368694969182,1.0
NVDA,2011-10-25,5,Chronos-LoRA-V6,0.3308029770851135,0.3308520339831809,0.3218745589256286,0.008977475057552309,0.02713843489758705,0.0
NVDA,2011-10-25,10,Chronos-LoRA-V6,0.3308029770851135,0.33025596907470917,0.3452255129814148,0.014969543906705629,0.04525214385496312,0.0
NVDA,2011-10-25,20,Chronos-LoRA-V6,0.3308029770851135,0.329817740469952,0.3452255129814148,0.015407772511462803,0.04657688587699271,0.0
NVDA,2012-02-17,1,Chronos-LoRA-V6,0.3628531098365783,0.36306883570024845,0.3646845519542694,0.0016157162540209602,0.004452810821295339,1.0
NVDA,2012-02-17,5,Chronos-LoRA-V6,0.3628531098365783,0.36352279393998144,0.3541538119316101,0.00936898200837133,0.025820316140024113,0.0
NVDA,2012-02-17,10,Chronos-LoRA-V6,0.3628531098365783,0.3645280164291387,0.3401890397071838,0.024338976721954897,0.06707666563176684,0.0
NVDA,2012-02-17,20,Chronos-LoRA-V6,0.3628531098365783,0.3659433241647266,0.3351526856422424,0.030790638522484204,0.08485703357028318,0.0
NVDA,2012-06-12,1,Chronos-LoRA-V6,0.2863906621932983,0.2863581252283829,0.278836041688919,0.007522083539463875,0.02626511451824809,1.0
NVDA,2012-06-12,5,Chronos-LoRA-V6,0.2863906621932983,0.2854522284191255,0.3031026124954223,0.01765038407629682,0.061630445424173064,0.0
NVDA,2012-06-12,10,Chronos-LoRA-V6,0.2863906621932983,0.28443214342711953,0.2914271056652069,0.006994962238087377,0.02442454717104625,0.0
NVDA,2012-06-12,20,Chronos-LoRA-V6,0.2863906621932983,0.2827384336147721,0.2886799275875091,0.005941493972737022,0.020746116256845193,0.0
NVDA,2012-10-03,1,Chronos-LoRA-V6,0.2985239326953888,0.29836017957961697,0.3118018507957458,0.013441671216128825,0.04502711422418704,0.0
NVDA,2012-10-03,5,Chronos-LoRA-V6,0.2985239326953888,0.2973562605834496,0.2900535762310028,0.007302684352446798,0.024462642865884954,1.0
NVDA,2012-10-03,10,Chronos-LoRA-V6,0.2985239326953888,0.296255022917664,0.2989817559719085,0.0027267330542445345,0.00913405176471016,0.0
NVDA,2012-10-03,20,Chronos-LoRA-V6,0.2985239326953888,0.2944534347736151,0.2859327793121338,0.008520655461481286,0.028542620970278043,1.0
NVDA,2013-01-30,1,Chronos-LoRA-V6,0.2838605642318725,0.2834105597738518,0.2824781835079193,0.0009323762659325108,0.0032846276778725203,1.0
NVDA,2013-01-30,5,Chronos-LoRA-V6,0.2838605642318725,0.28142707313461435,0.2843214273452759,0.0028943542106615316,0.010196394199714298,0.0
NVDA,2013-01-30,10,Chronos-LoRA-V6,0.2838605642318725,0.27893880743643795,0.2850126326084137,0.006073825171975744,0.021397213763777012,0.0
NVDA,2013-01-30,20,Chronos-LoRA-V6,0.2838605642318725,0.27410699476839745,0.2934839725494385,0.019376977781041027,0.06826230981917181,0.0
NVDA,2013-05-23,1,Chronos-LoRA-V6,0.3408751785755157,0.34061324219563094,0.3387783169746399,0.001834925220991046,0.005382982793464275,1.0
NVDA,2013-05-23,5,Chronos-LoRA-V6,0.3408751785755157,0.3394870423372508,0.3371471464633941,0.00233989587385669,0.006864377405344846,1.0
NVDA,2013-05-23,10,Chronos-LoRA-V6,0.3408751785755157,0.33793976451315366,0.3366813361644745,0.0012584283486791747,0.003691757064676948,1.0
NVDA,2013-05-23,20,Chronos-LoRA-V6,0.3408751785755157,0.33518563565750964,0.3359822928905487,0.0007966572330390664,0.0023370937020649185,1.0
NVDA,2013-09-16,1,Chronos-LoRA-V6,0.3702263534069061,0.370498984691314,0.3713971376419067,0.0008981529505927011,0.0024259562895176945,1.0
NVDA,2013-09-16,5,Chronos-LoRA-V6,0.3702263534069061,0.3714052232445054,0.3662452399730682,0.005159983271437241,0.013937374322367635,0.0
NVDA,2013-09-16,10,Chronos-LoRA-V6,0.3702263534069061,0.37248494818107725,0.3643720149993896,0.008112933181687654,0.02191344053990385,0.0
NVDA,2013-09-16,20,Chronos-LoRA-V6,0.3702263534069061,0.3746346801597618,0.3627327382564544,0.0119019419033074,0.0321477436540728,0.0
NVDA,2014-01-08,1,Chronos-LoRA-V6,0.3851806223392486,0.3853386929208251,0.3708187043666839,0.014519988554141217,0.03769657067886645,0.0
NVDA,2014-01-08,5,Chronos-LoRA-V6,0.3851806223392486,0.3856800813835582,0.3769401311874389,0.008739950196119284,0.02269052410539374,0.0
NVDA,2014-01-08,10,Chronos-LoRA-V6,0.3851806223392486,0.38610508624525214,0.3759984374046325,0.010106648840619625,0.02623872607931499,0.0
NVDA,2014-01-08,20,Chronos-LoRA-V6,0.3851806223392486,0.3870041281159107,0.3682287037372589,0.01877542437865176,0.04874446763346063,0.0
NVDA,2014-05-02,1,Chronos-LoRA-V6,0.4358759522438049,0.43616835903841544,0.440606027841568,0.00443766880315255,0.010181036095954221,1.0
NVDA,2014-05-02,5,Chronos-LoRA-V6,0.4358759522438049,0.437266570596506,0.4268887341022491,0.010377836494256887,0.023809151298285203,0.0
NVDA,2014-05-02,10,Chronos-LoRA-V6,0.4358759522438049,0.438739935947883,0.4247604310512543,0.013979504896628747,0.03207220959235069,0.0
NVDA,2014-05-02,20,Chronos-LoRA-V6,0.4358759522438049,0.44110312544696645,0.4500007331371307,0.008897607690164233,0.02041316490244771,1.0
NVDA,2014-08-25,1,Chronos-LoRA-V6,0.4560483396053314,0.4563526127582035,0.4641622602939605,0.007809647535757025,0.01712460469106314,1.0
NVDA,2014-08-25,5,Chronos-LoRA-V6,0.4560483396053314,0.4573929437462032,0.4653553664684295,0.007962422722226303,0.017459602482309267,1.0
NVDA,2014-08-25,10,Chronos-LoRA-V6,0.4560483396053314,0.4586312650582167,0.4663101136684418,0.007678848610225053,0.01683779534614782,1.0
NVDA,2014-08-25,20,Chronos-LoRA-V6,0.4560483396053314,0.4610698362465449,0.4488891065120697,0.012180729734475204,0.026709295214223383,0.0
NVDA,2014-12-16,1,Chronos-LoRA-V6,0.4637300372123718,0.4642699665734057,0.4826626479625702,0.0183926813891645,0.03966247582263338,1.0
NVDA,2014-12-16,5,Chronos-LoRA-V6,0.4637300372123718,0.4660517551143797,0.4948850870132446,0.02883333189886489,0.062176977088202356,1.0
NVDA,2014-12-16,10,Chronos-LoRA-V6,0.4637300372123718,0.46842776347163634,0.4805059134960174,0.012078150024381062,0.026045649527010717,1.0
NVDA,2014-12-16,20,Chronos-LoRA-V6,0.4637300372123718,0.4729829221884831,0.4697214365005493,0.003261485687933774,0.007033155987780315,1.0
NVDA,2015-04-13,1,Chronos-LoRA-V6,0.5425001382827759,0.5432477594613047,0.5379291772842407,0.005318582177063935,0.009803835615414425,0.0
NVDA,2015-04-13,5,Chronos-LoRA-V6,0.5425001382827759,0.5460947114118042,0.531433641910553,0.014661069501251234,0.027025006016881736,0.0
NVDA,2015-04-13,10,Chronos-LoRA-V6,0.5425001382827759,0.5495666734576757,0.5340797901153564,0.015486883342319291,0.028547243123921207,0.0
NVDA,2015-04-13,20,Chronos-LoRA-V6,0.5425001382827759,0.557024425630589,0.4963095486164093,0.06071487701417966,0.11191679546177791,0.0
NVDA,2015-08-04,1,Chronos-LoRA-V6,0.4923225939273834,0.4927495871530843,0.4973981976509094,0.004648610497825112,0.009442204268428789,1.0
NVDA,2015-08-04,5,Chronos-LoRA-V6,0.4923225939273834,0.4941506359088346,0.5718387961387634,0.0776881602299288,0.15779929905347312,1.0
NVDA,2015-08-04,10,Chronos-LoRA-V6,0.4923225939273834,0.49575535044461966,0.5601677894592285,0.06441243901460886,0.13083380655105503,1.0
NVDA,2015-08-04,20,Chronos-LoRA-V6,0.4923225939273834,0.49942141831484765,0.5232763886451721,0.023854970330324465,0.04845394183522478,1.0
NVDA,2015-11-24,1,Chronos-LoRA-V6,0.7593905329704285,0.7605086050981185,0.758415937423706,0.0020926676744124073,0.0027557199932777277,0.0
NVDA,2015-11-24,5,Chronos-LoRA-V6,0.7593905329704285,0.7648742967910964,0.7917929291725159,0.02691863238141945,0.03544767970193763,1.0
NVDA,2015-11-24,10,Chronos-LoRA-V6,0.7593905329704285,0.7703417231915428,0.7969090938568115,0.026567370665268708,0.03498512229451678,1.0
NVDA,2015-11-24,20,Chronos-LoRA-V6,0.7593905329704285,0.7817694432626638,0.8054361939430237,0.023666750680359838,0.031165453943421184,1.0
NVDA,2016-03-21,1,Chronos-LoRA-V6,0.8291546106338501,0.8302221349868268,0.8276876211166382,0.0025345138701886594,0.003056744589831295,0.0
NVDA,2016-03-21,5,Chronos-LoRA-V6,0.8291546106338501,0.8339547387814797,0.8653429746627808,0.03138823588130102,0.037855709271526816,1.0
NVDA,2016-03-21,10,Chronos-LoRA-V6,0.8291546106338501,0.8386275272279017,0.8741456270217896,0.03551809979388787,0.04283652208933142,1.0
NVDA,2016-03-21,20,Chronos-LoRA-V6,0.8291546106338501,0.8483708131726975,0.88783860206604,0.03946778889334257,0.0476000354905719,1.0
NVDA,2016-07-13,1,Chronos-LoRA-V6,1.2939077615737915,1.2975417082737362,1.3071459531784058,0.009604244904669601,0.007422665811191775,1.0
NVDA,2016-07-13,5,Chronos-LoRA-V6,1.2939077615737915,1.3105302851289071,1.3292102813720703,0.01867999624316319,0.01443688398657006,1.0
NVDA,2016-07-13,10,Chronos-LoRA-V6,1.2939077615737915,1.32715849782795,1.374317288398743,0.04715879057079286,0.03644679471853007,1.0
NVDA,2016-07-13,20,Chronos-LoRA-V6,1.2939077615737915,1.3623125615111131,1.4343795776367188,0.07206701612560562,0.0556971820293819,1.0
NVDA,2016-11-02,1,Chronos-LoRA-V6,1.6887660026550293,1.693914891688192,1.669117450714111,0.024797440974080986,0.014683763727535437,0.0
NVDA,2016-11-02,5,Chronos-LoRA-V6,1.6887660026550293,1.7145192701516496,1.7182387113571167,0.003719441205467078,0.002202460968316222,1.0
NVDA,2016-11-02,10,Chronos-LoRA-V6,1.6887660026550293,1.7400921205236242,2.250459909439087,0.5103677889154628,0.302213443492513,1.0
NVDA,2016-11-02,20,Chronos-LoRA-V6,1.6887660026550293,1.788474817210148,2.155686616897583,0.3672117996874351,0.217443860848759,1.0
NVDA,2017-02-28,1,Chronos-LoRA-V6,2.499260425567627,2.5077769695954224,2.531523942947388,0.02374697335196574,0.009501600197015181,1.0
NVDA,2017-02-28,5,Chronos-LoRA-V6,2.499260425567627,2.539620710480232,2.431779623031616,0.10784108744861598,0.043149199797425375,0.0
NVDA,2017-02-28,10,Chronos-LoRA-V6,2.499260425567627,2.579319724966977,2.5066490173339844,0.07267070763299266,0.029076884861443553,1.0
NVDA,2017-02-28,20,Chronos-LoRA-V6,2.499260425567627,2.65828919842044,2.6522018909454346,0.00608730747500541,0.002435643525873221,1.0
NVDA,2017-06-21,1,Chronos-LoRA-V6,3.931581258773804,3.9476040443196654,3.904461145401001,0.04314289891866441,0.010973421653790227,0.0
NVDA,2017-06-21,5,Chronos-LoRA-V6,3.931581258773804,4.008184588666199,3.741252183914185,0.2669324047520143,0.06789441376960537,0.0
NVDA,2017-06-21,10,Chronos-LoRA-V6,3.931581258773804,4.082779656482989,3.5373623371124268,0.5454173193705625,0.13872721520212694,0.0
NVDA,2017-06-21,20,Chronos-LoRA-V6,3.931581258773804,4.241038991196698,4.129552841186523,0.11148615001017426,0.02835656766889394,1.0
NVDA,2017-10-12,1,Chronos-LoRA-V6,4.713810443878174,4.733598928919596,4.801655292510986,0.06805636359139022,0.014437653868702993,1.0
NVDA,2017-10-12,5,Chronos-LoRA-V6,4.713810443878174,4.812972280498456,4.880865097045898,0.06789281654744261,0.014402958573698221,1.0
NVDA,2017-10-12,10,Chronos-LoRA-V6,4.713810443878174,4.913325143969396,4.828798770904541,0.08452637306485489,0.017931644488299092,1.0
NVDA,2017-10-12,20,Chronos-LoRA-V6,4.713810443878174,5.11937545037913,5.06642484664917,0.0529506037299603,0.011233078707848287,1.0
NVDA,2018-02-06,1,Chronos-LoRA-V6,5.570223331451416,5.589547955689993,5.649734020233154,0.06018606454316089,0.010804964354540258,1.0
NVDA,2018-02-06,5,Chronos-LoRA-V6,5.570223331451416,5.685368614155852,5.744311332702637,0.05894271854678479,0.010581751401954165,1.0
NVDA,2018-02-06,10,Chronos-LoRA-V6,5.570223331451416,5.801853594725344,5.963582515716553,0.16172892099120872,0.02903454877258338,1.0
NVDA,2018-02-06,20,Chronos-LoRA-V6,5.570223331451416,6.033958437653513,5.975440979003906,0.058517458649606446,0.01050540618707263,1.0
NVDA,2018-05-31,1,Chronos-LoRA-V6,6.235024929046631,6.25818803383714,6.3692731857299805,0.11108515189284063,0.017816312389600464,1.0
NVDA,2018-05-31,5,Chronos-LoRA-V6,6.235024929046631,6.351092445603917,6.499814510345459,0.14872206474154215,0.023852681654679797,1.0
NVDA,2018-05-31,10,Chronos-LoRA-V6,6.235024929046631,6.470397704935215,6.598957538604736,0.12855983366952106,0.020618976689348756,1.0
NVDA,2018-05-31,20,Chronos-LoRA-V6,6.235024929046631,6.720352624615486,5.9549078941345215,0.7654447304809642,0.12276530393888974,0.0
NVDA,2018-09-21,1,Chronos-LoRA-V6,6.516973972320557,6.5357227480747415,6.572633743286133,0.036910995211391295,0.005663824248518301,1.0
NVDA,2018-09-21,5,Chronos-LoRA-V6,6.516973972320557,6.613582171820884,6.951604843139648,0.3380226713187646,0.05186804071252138,1.0
NVDA,2018-09-21,10,Chronos-LoRA-V6,6.516973972320557,6.713138459128388,6.675538539886475,0.03759991924191297,0.005769536505993544,1.0
NVDA,2018-09-21,20,Chronos-LoRA-V6,6.516973972320557,6.9128471955030015,5.6689887046813965,1.243858490821605,0.1908644251311462,0.0
NVDA,2019-01-17,1,Chronos-LoRA-V6,3.75685977935791,3.766294248362882,3.88586950302124,0.11957525465835772,0.03182851149126309,1.0
NVDA,2019-01-17,5,Chronos-LoRA-V6,3.75685977935791,3.8039570955487,3.965602159500122,0.16164506395142197,0.04302664284666191,1.0
NVDA,2019-01-17,10,Chronos-LoRA-V6,3.75685977935791,3.848833922818666,3.5837748050689697,0.26505911774969615,0.07055336991975725,0.0
NVDA,2019-01-17,20,Chronos-LoRA-V6,3.75685977935791,3.951755345017626,3.896021842956543,0.05573350206108296,0.014835129691906923,1.0
NVDA,2019-05-13,1,Chronos-LoRA-V6,3.927550792694092,3.9425845735472893,4.016536235809326,0.07395166226203687,0.018828951212954248,1.0
NVDA,2019-05-13,5,Chronos-LoRA-V6,3.927550792694092,3.9881368194432683,3.761475563049317,0.2266612563939514,0.05771058564425935,0.0
NVDA,2019-05-13,10,Chronos-LoRA-V6,3.927550792694092,4.050130009654182,3.5527663230896,0.49736368656458163,0.12663456510601012,0.0
NVDA,2019-05-13,20,Chronos-LoRA-V6,3.927550792694092,4.165328928777493,3.7409534454345694,0.4243754833429234,0.1080509217429686,0.0
NVDA,2019-09-04,1,Chronos-LoRA-V6,4.192028999328613,4.198142252499147,4.464773178100586,0.2666309256014392,0.06360426553445664,1.0
NVDA,2019-09-04,5,Chronos-LoRA-V6,4.192028999328613,4.227560125457122,4.578790664672852,0.35123053921573,0.08378533146406708,1.0
NVDA,2019-09-04,10,Chronos-LoRA-V6,4.192028999328613,4.268330312744779,4.470734119415283,0.20240380667050406,0.048283016816658586,1.0
NVDA,2019-09-04,20,Chronos-LoRA-V6,4.192028999328613,4.345612475477808,4.298345565795898,0.04726690968190983,0.011275425262916805,1.0
NVDA,2019-12-26,1,Chronos-LoRA-V6,5.945906162261963,5.95842143746783,5.888233661651611,0.07018777581621904,0.01180438673278994,0.0
NVDA,2019-12-26,5,Chronos-LoRA-V6,5.945906162261963,6.00580655517154,5.868346691131592,0.1374598640399478,0.023118404544019033,0.0
NVDA,2019-12-26,10,Chronos-LoRA-V6,5.945906162261963,6.065929139197132,6.073429107666016,0.0074999684688839,0.0012613667730725364,1.0
NVDA,2019-12-26,20,Chronos-LoRA-V6,5.945906162261963,6.177324384756598,5.971012115478516,0.2063122692780821,0.03469820472235585,1.0
NVDA,2020-04-21,1,Chronos-LoRA-V6,6.703622341156006,6.7204158069713955,7.117516040802002,0.39710023383060644,0.059236665435739466,1.0
NVDA,2020-04-21,5,Chronos-LoRA-V6,6.703622341156006,6.772021785090513,7.247105598449707,0.4750838133591939,0.0708697162789853,1.0
NVDA,2020-04-21,10,Chronos-LoRA-V6,6.703622341156006,6.839476065772037,7.306305408477783,0.46682934270574616,0.069638371457728,1.0
NVDA,2020-04-21,20,Chronos-LoRA-V6,6.703622341156006,6.976133352403233,8.760899543762207,1.7847661913589743,0.2662390720314951,1.0
NVDA,2020-08-12,1,Chronos-LoRA-V6,11.38749885559082,11.423018596831556,11.390235900878906,0.03278269595264938,0.002878831986582675,1.0
NVDA,2020-08-12,5,Chronos-LoRA-V6,11.38749885559082,11.586772652496153,12.08253002166748,0.4957573691713275,0.04353522889075245,1.0
NVDA,2020-08-12,10,Chronos-LoRA-V6,11.38749885559082,11.784010792319114,12.714101791381836,0.9300909990627222,0.0816764955024416,1.0
NVDA,2020-08-12,20,Chronos-LoRA-V6,11.38749885559082,12.167298536595512,12.25864601135254,0.09134747475702909,0.008021732947282034,1.0
NVDA,2020-12-03,1,Chronos-LoRA-V6,13.342156410217283,13.394989250193268,13.50376033782959,0.10877108763632215,0.008152436854437228,1.0
NVDA,2020-12-03,5,Chronos-LoRA-V6,13.342156410217283,13.599527609466005,12.920114517211914,0.6794130922540909,0.050922285076331786,0.0
NVDA,2020-12-03,10,Chronos-LoRA-V6,13.342156410217283,13.843378775017301,13.287630081176758,0.5557486938405436,0.04165358857695278,0.0
NVDA,2020-12-03,20,Chronos-LoRA-V6,13.342156410217283,14.329702625839946,13.060794830322266,1.2689077955176806,0.09510515065960135,0.0
NVDA,2021-03-30,1,Chronos-LoRA-V6,12.824442863464355,12.859009887803635,13.29919147491455,0.4401815871109154,0.03432364211040717,1.0
NVDA,2021-03-30,5,Chronos-LoRA-V6,12.824442863464355,12.997769113810794,14.09151840209961,1.0937492882888158,0.08528630053823294,1.0
NVDA,2021-03-30,10,Chronos-LoRA-V6,12.824442863464355,13.167208856755684,15.220852851867676,2.053643995111992,0.16013514325543388,1.0
NVDA,2021-03-30,20,Chronos-LoRA-V6,12.824442863464355,13.53482673147717,15.220603942871094,1.6857772113939244,0.1314503272650187,1.0
NVDA,2021-07-22,1,Chronos-LoRA-V6,19.526456832885746,19.601062270497966,19.49058532714844,0.11047694334952496,0.005657807983036833,0.0
NVDA,2021-07-22,5,Chronos-LoRA-V6,19.526456832885746,19.87541734880159,19.59422492980957,0.2811924189920205,0.014400585902427876,1.0
NVDA,2021-07-22,10,Chronos-LoRA-V6,19.526456832885746,20.234601217716275,20.56585693359375,0.33125571587747515,0.01696445590270046,1.0
NVDA,2021-07-22,20,Chronos-LoRA-V6,19.526456832885746,20.977576726303745,19.72975730895996,1.2478194173437842,0.06390403686767443,1.0
NVDA,2021-11-11,1,Chronos-LoRA-V6,30.290584564208984,30.444657352460073,30.290584564208984,0.1540727882510886,0.005086491081890188,0.0
NVDA,2021-11-11,5,Chronos-LoRA-V6,30.290584564208984,31.024592795757457,31.571382522583008,0.5467897268255513,0.018051474895325548,1.0
NVDA,2021-11-11,10,Chronos-LoRA-V6,30.290584564208984,31.751257875441247,31.399948120117188,0.35130975532405984,0.011597985327069571,1.0
NVDA,2021-11-11,20,Chronos-LoRA-V6,30.290584564208984,33.33212557778361,30.102901458740234,3.229224119043373,0.10660818090843271,0.0
NVDA,2022-03-08,1,Chronos-LoRA-V6,21.449901580810547,21.503993023498037,22.9454345703125,1.4414415468144632,0.06720038044855192,1.0
NVDA,2022-03-08,5,Chronos-LoRA-V6,21.449901580810547,21.72608051989631,22.90455436706543,1.1784738471691192,0.0549407577806047,1.0
NVDA,2022-03-08,10,Chronos-LoRA-V6,21.449901580810547,22.03484900711163,26.444976806640625,4.410127799528993,0.20560130697636247,1.0
NVDA,2022-03-08,20,Chronos-LoRA-V6,21.449901580810547,22.733683920899338,25.853742599487305,3.1200586785879665,0.14545794845880433,1.0
NVDA,2022-06-30,1,Chronos-LoRA-V6,15.117030143737791,15.122818609646298,14.482791900634766,0.6400267090115328,0.042338124811946765,0.0
NVDA,2022-06-30,5,Chronos-LoRA-V6,15.117030143737791,15.162451100597247,15.794151306152344,0.6317002055550969,0.041787321950719214,1.0
NVDA,2022-06-30,10,Chronos-LoRA-V6,15.117030143737791,15.231332381389842,15.718361854553224,0.48702947316338197,0.03221727207874436,1.0
NVDA,2022-06-30,20,Chronos-LoRA-V6,15.117030143737791,15.404235152628827,18.11271476745605,2.7084796148272243,0.1791674415592277,1.0
NVDA,2022-10-21,1,Chronos-LoRA-V6,12.435182571411133,12.437982837716952,12.567852020263672,0.1298691825467202,0.010443689250312582,1.0
NVDA,2022-10-21,5,Chronos-LoRA-V6,12.435182571411133,12.445852489238515,13.799798965454102,1.3539464762155866,0.10888030541090332,1.0
NVDA,2022-10-21,10,Chronos-LoRA-V6,12.435182571411133,12.448113424829243,14.121004104614258,1.6728906797850147,0.13452883945838012,1.0
NVDA,2022-10-21,20,Chronos-LoRA-V6,12.435182571411133,12.5136553217291,15.370904922485352,2.8572496007562513,0.22977142348719148,1.0
NVDA,2023-02-15,1,Chronos-LoRA-V6,22.713531494140625,22.73743202340877,21.95322036743164,0.7842116559771277,0.03452618788845885,0.0
NVDA,2023-02-15,5,Chronos-LoRA-V6,22.713531494140625,22.805449758788374,23.61153030395508,0.8060805451667079,0.035489001143421905,1.0
NVDA,2023-02-15,10,Chronos-LoRA-V6,22.713531494140625,22.878971659730663,23.26230812072754,0.3833364609968761,0.01687700836374839,1.0
NVDA,2023-02-15,20,Chronos-LoRA-V6,22.713531494140625,23.06960731992189,25.48870658874512,2.4190992688232313,0.1065047621259283,1.0
NVDA,2023-06-09,1,Chronos-LoRA-V6,38.694618225097656,38.782531673678726,39.40523910522461,0.6227074315458836,0.016092869244074715,1.0
NVDA,2023-06-09,5,Chronos-LoRA-V6,38.694618225097656,39.07509385025519,42.60898971557617,3.5338958653209787,0.09132783904891628,1.0
NVDA,2023-06-09,10,Chronos-LoRA-V6,38.694618225097656,39.423597571231795,40.553001403808594,1.1294038325767985,0.02918762051111945,1.0
NVDA,2023-06-09,20,Chronos-LoRA-V6,38.694618225097656,40.105918689280536,42.322547912597656,2.2166292233171205,0.05728520721983488,1.0
NVDA,2023-10-03,1,Chronos-LoRA-V6,43.43596649169922,43.52697631092681,43.95898818969727,0.4320118787704601,0.00994594833875806,1.0
NVDA,2023-10-03,5,Chronos-LoRA-V6,43.43596649169922,43.88326206766203,45.71272277832031,1.8294607106582816,0.04211856805368641,1.0
NVDA,2023-10-03,10,Chronos-LoRA-V6,43.43596649169922,44.278708053225095,43.85618209838867,0.4225259548364235,0.009727559646155681,1.0
NVDA,2023-10-03,20,Chronos-LoRA-V6,43.43596649169922,45.08590280167766,40.70405960083008,4.381843200847584,0.10088052723967755,0.0
NVDA,2024-01-26,1,Chronos-LoRA-V6,60.92271041870117,61.11233819306038,62.35416412353516,1.241825930474782,0.020383629059510522,1.0
NVDA,2024-01-26,5,Chronos-LoRA-V6,60.92271041870117,61.85169877121224,66.04261016845703,4.19091139724479,0.06879062616292142,1.0
NVDA,2024-01-26,10,Chronos-LoRA-V6,60.92271041870117,62.76282162387327,72.00502014160156,9.24219851772829,0.1517036660747657,1.0
NVDA,2024-01-26,20,Chronos-LoRA-V6,60.92271041870117,64.49992859458746,78.95167541503906,14.451746820451604,0.23721444303987194,1.0
NVDA,2024-05-20,1,Chronos-LoRA-V6,94.61627197265624,95.00502077514729,95.2212142944336,0.21619351928630692,0.002284950725481849,1.0
NVDA,2024-05-20,5,Chronos-LoRA-V6,94.61627197265624,96.40986698154971,113.70423889160156,17.29437191005185,0.182784330321637,1.0
NVDA,2024-05-20,10,Chronos-LoRA-V6,94.61627197265624,98.15835134735973,116.23584747314452,18.07749612578479,0.19106117530195155,1.0
NVDA,2024-05-20,20,Chronos-LoRA-V6,94.61627197265624,101.71010822750517,135.35691833496094,33.646810107455764,0.35561335704686803,1.0
NVDA,2024-09-12,1,Chronos-LoRA-V6,118.95413208007812,119.43001804800541,118.9141845703125,0.5158334776929081,0.004336406551608163,0.0
NVDA,2024-09-12,5,Chronos-LoRA-V6,118.95413208007812,121.26024810927498,117.68611907958984,3.574129029685139,0.030046278907563173,0.0
NVDA,2024-09-12,10,Chronos-LoRA-V6,118.95413208007812,123.50830247424388,123.84648895263672,0.3381864783928421,0.0028429989986826776,1.0
NVDA,2024-09-12,20,Chronos-LoRA-V6,118.95413208007812,128.53429498263472,134.5996856689453,6.065390686310593,0.050989323197511593,1.0
NVDA,2025-01-06,1,Chronos-LoRA-V6,149.20716857910156,149.87386847059008,139.93101501464844,9.942853455941645,0.06663790721737672,0.0
NVDA,2025-01-06,5,Chronos-LoRA-V6,149.20716857910156,152.29312208660767,131.56349182128906,20.729630265318605,0.13893186542393832,0.0
NVDA,2025-01-06,10,Chronos-LoRA-V6,149.20716857910156,155.27914974161104,146.85067749023438,8.428472251376661,0.0564883867956274,0.0
NVDA,2025-01-06,20,Chronos-LoRA-V6,149.20716857910156,161.8885943125634,124.6438446044922,37.24474970807121,0.24961769640663123,0.0
NVDA,2025-05-01,1,Chronos-LoRA-V6,111.45380401611328,111.80307621159295,114.33976745605467,2.5366912444617213,0.022760023911745364,1.0
NVDA,2025-05-01,5,Chronos-LoRA-V6,111.45380401611328,113.31721156802875,117.20574951171876,3.888537943690011,0.034889234854001305,1.0
NVDA,2025-05-01,10,Chronos-LoRA-V6,111.45380401611328,115.23306675263501,134.64129638671875,19.40822963408374,0.17413698711690295,1.0
NVDA,2025-05-01,20,Chronos-LoRA-V6,111.45380401611328,119.02711859528537,134.94088745117188,15.913768855886502,0.14278354154323702,1.0
NVDA,2025-08-25,1,Chronos-LoRA-V6,179.57083129882812,180.38590303302303,181.5282287597656,1.1423257267425697,0.006361421387205191,1.0
NVDA,2025-08-25,5,Chronos-LoRA-V6,179.57083129882812,183.46317908993052,170.55284118652344,12.910337903407083,0.07189551783007941,0.0
NVDA,2025-08-25,10,Chronos-LoRA-V6,179.57083129882812,187.22799270496787,170.53286743164062,16.69512527332725,0.09297236724122804,0.0
NVDA,2025-08-25,20,Chronos-LoRA-V6,179.57083129882812,195.3207210832755,178.2027130126953,17.118008070580174,0.09532733098558577,0.0
NVDA,2025-12-16,1,Chronos-LoRA-V6,177.5034942626953,178.13615178224208,170.73175048828125,7.404401293960831,0.0417141156838452,0.0
NVDA,2025-12-16,5,Chronos-LoRA-V6,177.5034942626953,180.53966110627772,188.97952270507807,8.439861598800348,0.04754758002853632,1.0
NVDA,2025-12-16,10,Chronos-LoRA-V6,177.5034942626953,183.49660837243053,186.27279663085935,2.7761882584288173,0.015640189338020694,1.0
NVDA,2025-12-16,20,Chronos-LoRA-V6,177.5034942626953,189.80131019492933,186.82212829589844,2.979181899030891,0.016783792969291556,1.0
NVDA,2026-04-13,1,Chronos-LoRA-V6,189.0896148681641,189.75985006406063,196.2812347412109,6.52138467715028,0.034488328096162535,1.0
NVDA,2026-04-13,5,Chronos-LoRA-V6,189.0896148681641,192.38187578211367,201.82476806640625,9.442892284292583,0.049938714460211475,1.0
NVDA,2026-04-13,10,Chronos-LoRA-V6,189.0896148681641,195.583564436958,216.3578338623047,20.774269425346688,0.10986467680856404,1.0
NVDA,2026-04-13,20,Chronos-LoRA-V6,189.0896148681641,202.46839865523535,219.18453979492188,16.716141139686528,0.08840327456027275,1.0
NVDA,2026-08-06,1,Chronos-LoRA-V6,218.9900054931641,219.76622373938258,223.9600067138672,4.193782974484606,0.019150567922221917,1.0
NVDA,2026-08-06,5,Chronos-LoRA-V6,218.9900054931641,222.80286552851516,225.3000030517578,2.4971375232426567,0.011402974841792979,1.0
NVDA,2026-08-06,10,Chronos-LoRA-V6,218.9900054931641,226.51083128115897,216.8500061035156,9.660825177643375,0.044115370269466214,0.0
NVDA,2026-08-06,20,Chronos-LoRA-V6,218.9900054931641,234.4843515843828,228.4499969482422,6.03435463614062,0.027555388304371542,1.0
AMZN,2011-03-11,1,Chronos-LoRA-V6,8.403499603271484,8.413735994523762,8.33650016784668,0.07723582667708229,0.009190912158431597,0.0
AMZN,2011-03-11,5,Chronos-LoRA-V6,8.403499603271484,8.458327103320695,8.090999603271484,0.36732750004921044,0.04371125333381465,0.0
AMZN,2011-03-11,10,Chronos-LoRA-V6,8.403499603271484,8.509648281879189,8.548999786376953,0.03935150449776437,0.004682751990902068,1.0
AMZN,2011-03-11,20,Chronos-LoRA-V6,8.403499603271484,8.624322447045197,9.23550033569336,0.6111778886481627,0.072728972154676,1.0
AMZN,2011-07-05,1,Chronos-LoRA-V6,10.659500122070312,10.682897683298995,10.709500312805176,0.026602629506180975,0.002495673268120724,1.0
AMZN,2011-07-05,5,Chronos-LoRA-V6,10.659500122070312,10.769967347800838,10.56149959564209,0.20846775215874835,0.019556991394663825,0.0
AMZN,2011-07-05,10,Chronos-LoRA-V6,10.659500122070312,10.871666696386201,10.902999877929688,0.03133318154348608,0.0029394606862109818,1.0
AMZN,2011-07-05,20,Chronos-LoRA-V6,10.659500122070312,11.088271425224793,10.585000038146973,0.5032713870778203,0.04721341351043329,0.0
AMZN,2011-10-25,1,Chronos-LoRA-V6,11.357500076293944,11.38363087689371,9.920000076293944,1.4636308005997662,0.12886909890097586,0.0
AMZN,2011-10-25,5,Chronos-LoRA-V6,11.357500076293944,11.463969133458301,10.604999542236328,0.8589695912219728,0.07563016380821919,0.0
AMZN,2011-10-25,10,Chronos-LoRA-V6,11.357500076293944,11.562537369974851,10.899499893188477,0.6630374767863749,0.0583788221292032,0.0
AMZN,2011-10-25,20,Chronos-LoRA-V6,11.357500076293944,11.765044503454584,9.616999626159668,2.1480448772949163,0.18913007817437255,0.0
AMZN,2012-02-17,1,Chronos-LoRA-V6,9.125,9.138417912914402,9.11299991607666,0.02541799683774215,0.00278553390002656,0.0
AMZN,2012-02-17,5,Chronos-LoRA-V6,9.125,9.18746711574373,8.92650032043457,0.26096679530916056,0.02859910085579831,0.0
AMZN,2012-02-17,10,Chronos-LoRA-V6,9.125,9.248065169229388,9.012999534606934,0.23506563462245467,0.02576061749287173,0.0
AMZN,2012-02-17,20,Chronos-LoRA-V6,9.125,9.375689584320584,9.276000022888184,0.09968956143240071,0.010924883444646705,1.0
AMZN,2012-06-12,1,Chronos-LoRA-V6,10.821000099182127,10.83645854430804,10.736499786376951,0.09995875793108944,0.009237478700202972,0.0
AMZN,2012-06-12,5,Chronos-LoRA-V6,10.821000099182127,10.89837553557754,11.201499938964844,0.3031244033873044,0.028012605175949945,1.0
AMZN,2012-06-12,10,Chronos-LoRA-V6,10.821000099182127,10.977282792478519,11.280500411987305,0.3032176195087857,0.02802121954806225,1.0
AMZN,2012-06-12,20,Chronos-LoRA-V6,10.821000099182127,11.139449074676294,10.918499946594238,0.22094912808205613,0.0204185496771927,1.0
AMZN,2012-10-03,1,Chronos-LoRA-V6,12.79599952697754,12.806497859712925,13.023500442504885,0.2170025827919595,0.016958626978256452,1.0
AMZN,2012-10-03,5,Chronos-LoRA-V6,12.79599952697754,12.840749451062486,12.249500274658203,0.5912491764042827,0.04620578292127653,0.0
AMZN,2012-10-03,10,Chronos-LoRA-V6,12.79599952697754,12.88888877335375,12.374500274658203,0.5143884986955474,0.04019916518526534,0.0
AMZN,2012-10-03,20,Chronos-LoRA-V6,12.79599952697754,12.966561902114433,11.621000289916992,1.3455616121974412,0.10515486573445254,0.0
AMZN,2013-01-30,1,Chronos-LoRA-V6,13.637999534606934,13.663398067842431,13.274999618530272,0.3883984493121595,0.028479136425146878,0.0
AMZN,2013-01-30,5,Chronos-LoRA-V6,13.637999534606934,13.708340604143025,13.111000061035156,0.5973405431078689,0.0437997186898339,0.0
AMZN,2013-01-30,10,Chronos-LoRA-V6,13.637999534606934,13.76628555291774,13.47350025177002,0.2927853011477204,0.021468346615261757,0.0
AMZN,2013-01-30,20,Chronos-LoRA-V6,13.637999534606934,13.864472119184473,13.213500022888184,0.6509720962962895,0.04773222749014061,0.0
AMZN,2013-05-23,1,Chronos-LoRA-V6,13.09000015258789,13.100815915525917,13.086999893188477,0.013816022337440614,0.0010554638790213344,0.0
AMZN,2013-05-23,5,Chronos-LoRA-V6,13.09000015258789,13.143035593416238,13.460000038146973,0.3169644447307345,0.024214243012676384,1.0
AMZN,2013-05-23,10,Chronos-LoRA-V6,13.09000015258789,13.18646284602621,13.843500137329102,0.6570372913028919,0.0501938337390313,1.0
AMZN,2013-05-23,20,Chronos-LoRA-V6,13.09000015258789,13.2806297504484,13.66800022125244,0.38737047080403997,0.029592854567496385,1.0
AMZN,2013-09-16,1,Chronos-LoRA-V6,14.803000450134276,14.814904472629202,15.208499908447266,0.3935954358180638,0.026588895754204644,1.0
AMZN,2013-09-16,5,Chronos-LoRA-V6,14.803000450134276,14.853924614465056,15.57450008392334,0.720575469458284,0.04867766314576771,1.0
AMZN,2013-09-16,10,Chronos-LoRA-V6,14.803000450134276,14.899867073429602,15.631999969482422,0.7321328960528195,0.04945841206443924,1.0
AMZN,2013-09-16,20,Chronos-LoRA-V6,14.803000450134276,14.998911946254966,15.53499984741211,0.5360879011571438,0.036214813541553426,1.0
AMZN,2014-01-08,1,Chronos-LoRA-V6,20.09600067138672,20.12753677886033,20.050500869750977,0.07703590910935176,0.0038333950306359554,0.0
AMZN,2014-01-08,5,Chronos-LoRA-V6,20.09600067138672,20.235263429867505,19.793500900268555,0.44176252959895024,0.02198260921776063,0.0
AMZN,2014-01-08,10,Chronos-LoRA-V6,20.09600067138672,20.363734000512824,19.99349975585937,0.370234244653453,0.018423279870835474,0.0
AMZN,2014-01-08,20,Chronos-LoRA-V6,20.09600067138672,20.642594743110195,17.72949981689453,2.9130949262156633,0.1449589385396176,0.0
AMZN,2014-05-02,1,Chronos-LoRA-V6,15.400500297546388,15.417875340263496,15.5024995803833,0.08462424011980474,0.005494902015182435,1.0
AMZN,2014-05-02,5,Chronos-LoRA-V6,15.400500297546388,15.482519097152029,14.612000465393066,0.8705186317589622,0.05652534754975802,0.0
AMZN,2014-05-02,10,Chronos-LoRA-V6,15.400500297546388,15.56525492023466,14.885000228881836,0.6802546913528236,0.04417094758026796,0.0
AMZN,2014-05-02,20,Chronos-LoRA-V6,15.400500297546388,15.719839854501815,15.44200038909912,0.2778394654026961,0.018040937634147047,1.0
AMZN,2014-08-25,1,Chronos-LoRA-V6,16.701000213623047,16.72575230270463,17.09149932861328,0.36574702590865016,0.021899707875598473,1.0
AMZN,2014-08-25,5,Chronos-LoRA-V6,16.701000213623047,16.808902611825324,17.118999481201172,0.31009686937584746,0.01856756274530791,1.0
AMZN,2014-08-25,10,Chronos-LoRA-V6,16.701000213623047,16.90471114531627,16.487499237060547,0.4172119082557231,0.024981252794392672,0.0
AMZN,2014-08-25,20,Chronos-LoRA-V6,16.701000213623047,17.103203397880787,16.181499481201172,0.9217039166796148,0.05518854588887301,0.0
AMZN,2014-12-16,1,Chronos-LoRA-V6,14.753000259399414,14.775076280277732,14.944000244140623,0.1689239638628912,0.011450143082269992,1.0
AMZN,2014-12-16,5,Chronos-LoRA-V6,14.753000259399414,14.863011867721914,15.314499855041504,0.45148798731958983,0.03060313016885763,1.0
AMZN,2014-12-16,10,Chronos-LoRA-V6,14.753000259399414,14.971165061264301,15.517499923706056,0.5463348624417552,0.03703211908328097,1.0
AMZN,2014-12-16,20,Chronos-LoRA-V6,14.753000259399414,15.165335425240976,14.34749984741211,0.8178355778288662,0.05543520392116896,0.0
AMZN,2015-04-13,1,Chronos-LoRA-V6,19.118000030517575,19.13887788983219,19.25550079345703,0.11662290362484029,0.006100162330718639,1.0
AMZN,2015-04-13,5,Chronos-LoRA-V6,19.118000030517575,19.22026515090497,19.475500106811523,0.2552349559065519,0.01335050504755353,1.0
AMZN,2015-04-13,10,Chronos-LoRA-V6,19.118000030517575,19.320428525948017,21.92799949645996,2.6075709705119436,0.13639350174440557,1.0
AMZN,2015-04-13,20,Chronos-LoRA-V6,19.118000030517575,19.51966690381256,21.64249992370605,2.1228330198934913,0.11103844630739967,1.0
AMZN,2015-08-04,1,Chronos-LoRA-V6,26.59499931335449,26.644410412336892,26.850500106811523,0.2060896944746311,0.0077491896896251244,1.0
AMZN,2015-08-04,5,Chronos-LoRA-V6,26.59499931335449,26.818396354866838,26.37299919128418,0.44539716358265835,0.01674740271036612,0.0
AMZN,2015-08-04,10,Chronos-LoRA-V6,26.59499931335449,27.024927125842797,26.750999450683597,0.27392767515920013,0.010299969251048147,1.0
AMZN,2015-08-04,20,Chronos-LoRA-V6,26.59499931335449,27.40840735399817,24.82699966430664,2.581407689691531,0.09706364942056211,0.0
AMZN,2015-11-24,1,Chronos-LoRA-V6,33.557498931884766,33.62566218795535,33.766998291015625,0.14133610306027578,0.004211759146507399,1.0
AMZN,2015-11-24,5,Chronos-LoRA-V6,33.557498931884766,33.881731830883766,33.800498962402344,0.08123286848142186,0.002420706878254242,1.0
AMZN,2015-11-24,10,Chronos-LoRA-V6,33.557498931884766,34.20378635331092,33.239498138427734,0.9642882148831831,0.028735401790237813,0.0
AMZN,2015-11-24,20,Chronos-LoRA-V6,33.557498931884766,34.8768492340015,33.185001373291016,1.6918478607104817,0.05041638723268993,0.0
AMZN,2016-03-21,1,Chronos-LoRA-V6,27.698999404907227,27.725333237890226,28.02400016784668,0.29866692995645394,0.010782589132210418,1.0
AMZN,2016-03-21,5,Chronos-LoRA-V6,27.698999404907227,27.810735883604735,29.69300079345703,1.8822649098522959,0.06795425648187225,1.0
AMZN,2016-03-21,10,Chronos-LoRA-V6,27.698999404907227,27.932549945715717,29.30699920654297,1.3744492608272516,0.04962089932330738,1.0
AMZN,2016-03-21,20,Chronos-LoRA-V6,27.698999404907227,28.130489268618724,31.395000457763672,3.2645111891449474,0.11785664678438157,1.0
AMZN,2016-07-13,1,Chronos-LoRA-V6,37.13150024414063,37.19520303331576,37.060001373291016,0.135201660024741,0.0036411580231282548,0.0
AMZN,2016-07-13,5,Chronos-LoRA-V6,37.13150024414063,37.40738287204231,37.2859992980957,0.12138357394660915,0.0032690188424520095,1.0
AMZN,2016-07-13,10,Chronos-LoRA-V6,37.13150024414063,37.69534053976848,36.83349990844727,0.8618406313212077,0.023210498516208045,0.0
AMZN,2016-07-13,20,Chronos-LoRA-V6,37.13150024414063,38.29178562699292,38.428001403808594,0.13621577681567487,0.0036684695183348826,1.0
AMZN,2016-11-02,1,Chronos-LoRA-V6,38.27799987792969,38.34935299502977,38.35150146484375,0.002148469813981535,5.612805843657753e-05,1.0
AMZN,2016-11-02,5,Chronos-LoRA-V6,38.27799987792969,38.628631174334586,38.59400177001953,0.03462940431505501,0.0009046816559248327,1.0
AMZN,2016-11-02,10,Chronos-LoRA-V6,38.27799987792969,38.97411304505668,37.324501037597656,1.6496120074590266,0.043095564363856975,0.0
AMZN,2016-11-02,20,Chronos-LoRA-V6,38.27799987792969,39.62130830278096,37.182498931884766,2.4388093708961947,0.06371308267604547,0.0
AMZN,2017-02-28,1,Chronos-LoRA-V6,42.25199890136719,42.31832992985391,42.65399932861328,0.3356693987593715,0.007944461977833273,1.0
AMZN,2017-02-28,5,Chronos-LoRA-V6,42.25199890136719,42.550570953347204,42.30099868774414,0.24957226560306367,0.005906756416084846,1.0
AMZN,2017-02-28,10,Chronos-LoRA-V6,42.25199890136719,42.825064560663506,42.62649917602539,0.19856538463811546,0.0046995500757642805,1.0
AMZN,2017-02-28,20,Chronos-LoRA-V6,42.25199890136719,43.37587973761903,42.79999923706055,0.5758805005584833,0.013629662868798631,1.0
AMZN,2017-06-21,1,Chronos-LoRA-V6,50.11149978637695,50.20162024309494,50.06499862670898,0.13662161638596615,0.0027263525731294758,0.0
AMZN,2017-06-21,5,Chronos-LoRA-V6,50.11149978637695,50.532555709502155,49.51649856567383,1.016057143828327,0.02027592764454733,0.0
AMZN,2017-06-21,10,Chronos-LoRA-V6,50.11149978637695,50.93198764915664,48.25699996948242,2.674987679674217,0.053380714827486075,0.0
AMZN,2017-06-21,20,Chronos-LoRA-V6,50.11149978637695,51.740082661484955,51.435001373291016,0.3050812881939393,0.006088049439639365,1.0
AMZN,2017-10-12,1,Chronos-LoRA-V6,50.04650115966797,50.12764599097113,50.14699935913086,0.019353368159727324,0.00038670771604953913,1.0
AMZN,2017-10-12,5,Chronos-LoRA-V6,50.04650115966797,50.42000241033481,49.33050155639648,1.0895008539383326,0.02176977068711361,0.0
AMZN,2017-10-12,10,Chronos-LoRA-V6,50.04650115966797,50.77041646824827,48.62149810791016,2.148918360338108,0.042938433467750614,0.0
AMZN,2017-10-12,20,Chronos-LoRA-V6,50.04650115966797,51.497038914062074,56.45650100708008,4.959462093018004,0.09909707927823708,1.0
AMZN,2018-02-06,1,Chronos-LoRA-V6,72.14199829101562,72.21757543226101,70.83899688720703,1.3785785450539834,0.01910923702851841,0.0
AMZN,2018-02-06,5,Chronos-LoRA-V6,72.14199829101562,72.9570512719365,70.72550201416016,2.2315492577763507,0.030932734199771383,0.0
AMZN,2018-02-06,10,Chronos-LoRA-V6,72.14199829101562,73.84939048171728,74.14600372314453,0.2966132414272522,0.004111519620384474,1.0
AMZN,2018-02-06,20,Chronos-LoRA-V6,72.14199829101562,75.52991232284617,77.25,1.7200876771538276,0.023843083334275317,1.0
AMZN,2018-05-31,1,Chronos-LoRA-V6,81.48100280761719,81.65706864998877,82.0770034790039,0.41993482901513346,0.005153775905368141,1.0
AMZN,2018-05-31,5,Chronos-LoRA-V6,81.48100280761719,82.35281108273453,84.46499633789062,2.112185255156092,0.025922425870765542,1.0
AMZN,2018-05-31,10,Chronos-LoRA-V6,81.48100280761719,83.22661654068953,86.19300079345703,2.9663842527674973,0.036405838791299105,1.0
AMZN,2018-05-31,20,Chronos-LoRA-V6,81.48100280761719,85.01343248991238,85.07250213623047,0.059069646318093305,0.000724949918173845,1.0
AMZN,2018-09-21,1,Chronos-LoRA-V6,95.75050354003906,95.97021918541576,96.71800231933594,0.7477831339201799,0.007809704453486166,1.0
AMZN,2018-09-21,5,Chronos-LoRA-V6,95.75050354003906,96.81302535390313,100.1500015258789,3.3369761719757776,0.034850742801372236,1.0
AMZN,2018-09-21,10,Chronos-LoRA-V6,95.75050354003906,97.88620802720224,94.48249816894533,3.403709858256917,0.035547696695230724,0.0
AMZN,2018-09-21,20,Chronos-LoRA-V6,95.75050354003906,99.9227688959826,88.20149993896484,11.721268957017756,0.12241469782053294,0.0
AMZN,2019-01-17,1,Chronos-LoRA-V6,84.66100311279297,84.87781341036774,84.80999755859375,0.06781585177398597,0.0008010282099260024,1.0
AMZN,2019-01-17,5,Chronos-LoRA-V6,84.66100311279297,85.76870287124852,83.52850341796875,2.2401994532797715,0.0264608186876214,0.0
AMZN,2019-01-17,10,Chronos-LoRA-V6,84.66100311279297,86.8039268464561,81.3115005493164,5.492426297139687,0.06487551641482658,0.0
AMZN,2019-01-17,20,Chronos-LoRA-V6,84.66100311279297,88.99971916177472,80.39749908447266,8.602220077302064,0.10160782132289903,0.0
AMZN,2019-05-13,1,Chronos-LoRA-V6,91.13400268554688,91.39088736741323,92.00599670410156,0.6151093366883345,0.006749504230717518,1.0
AMZN,2019-05-13,5,Chronos-LoRA-V6,91.13400268554688,92.32614647669529,92.94850158691406,0.622355110218777,0.00682901103736433,1.0
AMZN,2019-05-13,10,Chronos-LoRA-V6,91.13400268554688,93.52314547576111,91.82150268554688,1.7016427902142368,0.018671875919745062,1.0
AMZN,2019-05-13,20,Chronos-LoRA-V6,91.13400268554688,95.7083436076362,93.18499755859376,2.5233460490424306,0.02768830485531404,1.0
AMZN,2019-09-04,1,Chronos-LoRA-V6,90.03099822998047,90.22408961095121,92.03600311279295,1.8119135018417438,0.02012544054230392,1.0
AMZN,2019-09-04,5,Chronos-LoRA-V6,90.03099822998047,90.9518342601536,91.14949798583984,0.19766372568624035,0.0021955074315773704,1.0
AMZN,2019-09-04,10,Chronos-LoRA-V6,90.03099822998047,91.90924924169902,90.8730010986328,1.0362481430662172,0.011509903960180035,1.0
AMZN,2019-09-04,20,Chronos-LoRA-V6,90.03099822998047,93.80796500020801,85.6614990234375,8.146465976770514,0.09048512331231406,0.0
AMZN,2019-12-26,1,Chronos-LoRA-V6,93.4384994506836,93.56484100409575,93.48999786376952,0.07484314032623729,0.0008009882518045242,1.0
AMZN,2019-12-26,5,Chronos-LoRA-V6,93.4384994506836,93.98637679815646,93.74849700927734,0.23787978887911265,0.00254584341869335,1.0
AMZN,2019-12-26,10,Chronos-LoRA-V6,93.4384994506836,94.51035734953922,94.15799713134766,0.3523602181915635,0.003771038921462244,1.0
AMZN,2019-12-26,20,Chronos-LoRA-V6,93.4384994506836,95.70744111310717,91.41699981689452,4.290441296212649,0.045917275228473886,0.0
AMZN,2020-04-21,1,Chronos-LoRA-V6,116.40599822998048,116.65213262324595,118.17449951171876,1.522366888472817,0.013078079408460619,1.0
AMZN,2020-04-21,5,Chronos-LoRA-V6,116.40599822998048,117.4298888825311,115.7040023803711,1.7258865021600087,0.014826439602796282,0.0
AMZN,2020-04-21,10,Chronos-LoRA-V6,116.40599822998048,118.47174270460974,115.88999938964844,2.581743314961301,0.022178782487313198,0.0
AMZN,2020-04-21,20,Chronos-LoRA-V6,116.40599822998048,120.71859177064977,122.46649932861328,1.747907557963515,0.015015614182614545,1.0
AMZN,2020-08-12,1,Chronos-LoRA-V6,158.11199951171875,158.33865326874525,158.05099487304688,0.28765839569837226,0.001819333109357335,0.0
AMZN,2020-08-12,5,Chronos-LoRA-V6,158.11199951171875,159.28790171328194,163.0240020751953,3.7361003619133726,0.023629454901912483,1.0
AMZN,2020-08-12,10,Chronos-LoRA-V6,158.11199951171875,160.42161528571103,172.09249877929688,11.670883493585848,0.07381402758568512,1.0
AMZN,2020-08-12,20,Chronos-LoRA-V6,158.11199951171875,162.56632298844664,158.7554931640625,3.810829824384143,0.024102091151542826,1.0
AMZN,2020-12-03,1,Chronos-LoRA-V6,159.3365020751953,159.6153876026716,158.12899780273438,1.4863897999372284,0.009328620752800054,0.0
AMZN,2020-12-03,5,Chronos-LoRA-V6,159.3365020751953,160.67378699523942,155.07449340820312,5.5992935870363,0.03514131108761154,0.0
AMZN,2020-12-03,10,Chronos-LoRA-V6,159.3365020751953,161.98608154375307,161.8040008544922,0.18208068926088572,0.0011427431058763649,1.0
AMZN,2020-12-03,20,Chronos-LoRA-V6,159.3365020751953,164.48013138902311,159.3314971923828,5.148634196640302,0.03231296112055049,0.0
AMZN,2021-03-30,1,Chronos-LoRA-V6,152.76449584960938,152.95952910960935,154.70399475097656,1.7444656413672135,0.011419313314034563,1.0
AMZN,2021-03-30,5,Chronos-LoRA-V6,152.76449584960938,153.66023976440997,163.96949768066406,10.309257916254097,0.06748464595073944,1.0
AMZN,2021-03-30,10,Chronos-LoRA-V6,152.76449584960938,154.54875581408368,166.64999389648438,12.101238082400698,0.07921499046685487,1.0
AMZN,2021-03-30,20,Chronos-LoRA-V6,152.76449584960938,156.03001010723824,172.9250030517578,16.894992944519572,0.11059502308148894,1.0
AMZN,2021-07-22,1,Chronos-LoRA-V6,181.9015045166016,182.11407485199945,182.83200073242188,0.7179258804224276,0.003946783630681239,1.0
AMZN,2021-07-22,5,Chronos-LoRA-V6,181.9015045166016,182.9574011090552,179.99600219726562,2.961398911789587,0.016280233193559424,0.0
AMZN,2021-07-22,10,Chronos-LoRA-V6,181.9015045166016,184.05070883287726,168.79949951171875,15.251209321158512,0.08384322802435418,0.0
AMZN,2021-07-22,20,Chronos-LoRA-V6,181.9015045166016,186.1861243699191,159.3874969482422,26.798627421676912,0.14732493550778225,0.0
AMZN,2021-11-11,1,Chronos-LoRA-V6,173.625,173.84583902903464,176.25750732421875,2.411668295184114,0.013890098172406606,1.0
AMZN,2021-11-11,5,Chronos-LoRA-V6,173.625,174.73386517345335,184.8029937744141,10.069128600960738,0.05799354125823308,1.0
AMZN,2021-11-11,10,Chronos-LoRA-V6,173.625,175.92305452233046,175.22799682617188,0.6950576961585853,0.004003212072907658,1.0
AMZN,2021-11-11,20,Chronos-LoRA-V6,173.625,178.27990404713518,172.21200561523438,6.067898431900801,0.034948299103820246,0.0
AMZN,2022-03-08,1,Chronos-LoRA-V6,136.01449584960938,136.12606131621826,139.2790069580078,3.1529456417895574,0.023180953045444097,1.0
AMZN,2022-03-08,5,Chronos-LoRA-V6,136.01449584960938,136.4095325415058,147.3665008544922,10.95696831298639,0.08055735710038925,1.0
AMZN,2022-03-08,10,Chronos-LoRA-V6,136.01449584960938,136.7783336247153,164.88900756835938,28.110673943644088,0.2066741031391679,1.0
AMZN,2022-03-08,20,Chronos-LoRA-V6,136.01449584960938,137.41355964736417,164.05499267578125,26.641433028417083,0.19587201247927566,1.0
AMZN,2022-06-30,1,Chronos-LoRA-V6,106.20999908447266,106.16686925172695,109.55999755859376,3.3931283068668137,0.03194735275506544,0.0
AMZN,2022-06-30,5,Chronos-LoRA-V6,106.20999908447266,105.91784423477118,115.54000091552734,9.622156680756163,0.09059558199509365,0.0
AMZN,2022-06-30,10,Chronos-LoRA-V6,106.20999908447266,105.719346511056,113.5500030517578,7.830656540701796,0.07372805393279203,0.0
AMZN,2022-06-30,20,Chronos-LoRA-V6,106.20999908447266,105.47073254161918,134.9499969482422,29.479264406623003,0.2775563945083652,0.0
AMZN,2022-10-21,1,Chronos-LoRA-V6,119.31999969482422,119.2808677334694,119.81999969482422,0.539131961354812,0.004518370455361187,0.0
AMZN,2022-10-21,5,Chronos-LoRA-V6,119.31999969482422,119.0198149840645,103.41000366210938,15.609811321955121,0.13082309220482036,1.0
AMZN,2022-10-21,10,Chronos-LoRA-V6,119.31999969482422,118.64580432655315,90.9800033569336,27.665800969619553,0.2318622279616015,1.0
AMZN,2022-10-21,20,Chronos-LoRA-V6,119.31999969482422,118.12634469889778,94.13999938964844,23.986345309249344,0.2010253551005483,1.0
AMZN,2023-02-15,1,Chronos-LoRA-V6,101.16000366210938,101.08580137481802,98.1500015258789,2.935799848939112,0.029021349769273952,1.0
AMZN,2023-02-15,5,Chronos-LoRA-V6,101.16000366210938,100.73897876220501,95.81999969482422,4.918979067380789,0.048625730420206015,1.0
AMZN,2023-02-15,10,Chronos-LoRA-V6,101.16000366210938,100.24320986470806,92.12999725341795,8.113212611290109,0.08020178249883758,1.0
AMZN,2023-02-15,20,Chronos-LoRA-V6,101.16000366210938,99.39612667312626,100.04000091552734,0.6438742424010826,0.006364909243694039,1.0
AMZN,2023-06-09,1,Chronos-LoRA-V6,123.43000030517578,123.43663712385083,126.56999969482422,3.1333625709733894,0.02538574546889949,1.0
AMZN,2023-06-09,5,Chronos-LoRA-V6,123.43000030517578,123.3388237378428,125.48999786376952,2.1511741259267154,0.017428292316357563,0.0
AMZN,2023-06-09,10,Chronos-LoRA-V6,123.43000030517578,123.16143851184148,127.33000183105467,4.168563319213192,0.03377269147619366,0.0
AMZN,2023-06-09,20,Chronos-LoRA-V6,123.43000030517578,122.86752658527094,128.77999877929688,5.912472194025938,0.047901419261180966,0.0
AMZN,2023-10-03,1,Chronos-LoRA-V6,124.72000122070312,124.75309335968693,127.0,2.246906640313071,0.018015607908285602,1.0
AMZN,2023-10-03,5,Chronos-LoRA-V6,124.72000122070312,124.82491972566568,129.47999572753906,4.6550760018733826,0.037324213889605495,1.0
AMZN,2023-10-03,10,Chronos-LoRA-V6,124.72000122070312,124.80345356002006,131.47000122070312,6.666547660683065,0.05345211349770618,1.0
AMZN,2023-10-03,20,Chronos-LoRA-V6,124.72000122070312,124.71840139801209,133.08999633789062,8.371594939878534,0.06712311464032339,0.0
AMZN,2024-01-26,1,Chronos-LoRA-V6,159.1199951171875,159.34905112318037,161.25999450683594,1.9109433836555638,0.012009448480991836,1.0
AMZN,2024-01-26,5,Chronos-LoRA-V6,159.1199951171875,160.2021217214588,171.80999755859375,11.60787583713494,0.0729504537037351,1.0
AMZN,2024-01-26,10,Chronos-LoRA-V6,159.1199951171875,161.25401977945396,174.4499969482422,13.195977168788232,0.08293098022702772,1.0
AMZN,2024-01-26,20,Chronos-LoRA-V6,159.1199951171875,163.17459081913938,174.72999572753906,11.55540490839968,0.07262069672569704,1.0
AMZN,2024-05-20,1,Chronos-LoRA-V6,183.5399932861328,183.8497133054981,183.1499938964844,0.69971940901371,0.0038123538989286443,0.0
AMZN,2024-05-20,5,Chronos-LoRA-V6,183.5399932861328,184.94506992899713,182.1499938964844,2.795076032512725,0.015228702924464432,0.0
AMZN,2024-05-20,10,Chronos-LoRA-V6,183.5399932861328,186.26231609051666,179.33999633789062,6.922319752626038,0.037715593362991906,0.0
AMZN,2024-05-20,20,Chronos-LoRA-V6,183.5399932861328,188.85347545381302,182.80999755859372,6.043477895219297,0.03292730803252086,0.0
AMZN,2024-09-12,1,Chronos-LoRA-V6,187.0,187.1850379860669,186.4900054931641,0.6950324929028113,0.003716751298945442,0.0
AMZN,2024-09-12,5,Chronos-LoRA-V6,187.0,187.82623724232192,189.8699951171875,2.0437578748655767,0.010929186496607235,1.0
AMZN,2024-09-12,10,Chronos-LoRA-V6,187.0,188.53768461485222,191.16000366210935,2.622319047257122,0.014023096509396371,1.0
AMZN,2024-09-12,20,Chronos-LoRA-V6,187.0,190.34948182283662,186.6499938964844,3.6994879263522193,0.019783357894931575,0.0
AMZN,2025-01-06,1,Chronos-LoRA-V6,227.6100006103516,228.08278509367238,222.1100006103516,5.972784483320794,0.026241309552762937,0.0
AMZN,2025-01-06,5,Chronos-LoRA-V6,227.6100006103516,229.86609056090424,217.75999450683597,12.106096054068274,0.053187891663832754,0.0
AMZN,2025-01-06,10,Chronos-LoRA-V6,227.6100006103516,232.02851329808428,235.00999450683597,2.9814812087516884,0.013099078251204377,1.0
AMZN,2025-01-06,20,Chronos-LoRA-V6,227.6100006103516,236.90610183940663,236.1699981689453,0.7361036704613184,0.003234056801051821,1.0
AMZN,2025-05-01,1,Chronos-LoRA-V6,190.1999969482422,190.47477538355494,189.97999572753903,0.4947796560159077,0.0026013652153240585,0.0
AMZN,2025-05-01,5,Chronos-LoRA-V6,190.1999969482422,191.571192630391,192.0800018310547,0.5088092006636771,0.002675127280901801,1.0
AMZN,2025-05-01,10,Chronos-LoRA-V6,190.1999969482422,192.88071590495707,205.1699981689453,12.289282263988241,0.06461242093149155,1.0
AMZN,2025-05-01,20,Chronos-LoRA-V6,190.1999969482422,195.90292713417077,205.00999450683597,9.107067372665199,0.04788153269604645,1.0
AMZN,2025-08-25,1,Chronos-LoRA-V6,227.94000244140625,228.29884616930386,228.7100067138672,0.4111605445633302,0.0018038103893984747,1.0
AMZN,2025-08-25,5,Chronos-LoRA-V6,227.94000244140625,229.57915719546418,225.33999633789065,4.239160857573523,0.018597704712507546,0.0
AMZN,2025-08-25,10,Chronos-LoRA-V6,227.94000244140625,231.14072947671812,238.2400054931641,7.09927601644597,0.03114537132757511,1.0
AMZN,2025-08-25,20,Chronos-LoRA-V6,227.94000244140625,234.62039760054316,220.7100067138672,13.91039088667597,0.06102654530878904,0.0
AMZN,2025-12-16,1,Chronos-LoRA-V6,222.55999755859372,222.88656829850575,221.2700042724609,1.6165640260448413,0.007263497680526587,0.0
AMZN,2025-12-16,5,Chronos-LoRA-V6,222.55999755859372,224.1126423198407,232.13999938964844,8.02735706980775,0.036068283419595115,1.0
AMZN,2025-12-16,10,Chronos-LoRA-V6,222.55999755859372,225.52543820835103,230.82000732421875,5.294569115867716,0.02378940139264607,1.0
AMZN,2025-12-16,20,Chronos-LoRA-V6,222.55999755859372,228.05491616200632,238.17999267578125,10.125076513774928,0.045493694396313566,1.0
AMZN,2026-04-13,1,Chronos-LoRA-V6,239.88999938964844,240.33454611808065,249.0200042724609,8.685458154380257,0.03620600348692582,1.0
AMZN,2026-04-13,5,Chronos-LoRA-V6,239.88999938964844,241.50866291468583,248.27999877929688,6.771335864611046,0.028226836807867528,1.0
AMZN,2026-04-13,10,Chronos-LoRA-V6,239.88999938964844,242.9906272689067,261.1199951171875,18.129367848280793,0.07557367082582545,1.0
AMZN,2026-04-13,20,Chronos-LoRA-V6,239.88999938964844,246.34833732962647,268.989990234375,22.641652904748526,0.09438347977137695,1.0
AMZN,2026-08-06,1,Chronos-LoRA-V6,272.260009765625,272.7645422468963,274.4800109863281,1.715468739431799,0.006300847270624077,1.0
AMZN,2026-08-06,5,Chronos-LoRA-V6,272.260009765625,274.09709071212217,265.1300048828125,8.967085829309667,0.03293574343521466,0.0
AMZN,2026-08-06,10,Chronos-LoRA-V6,272.260009765625,275.77902672687503,260.1099853515625,15.669041375312531,0.05755175498892107,0.0
AMZN,2026-08-06,20,Chronos-LoRA-V6,272.260009765625,279.5898157395375,258.8999938964844,20.689821843053153,0.07599287850192915,0.0
ENPH,2013-06-11,1,Chronos-LoRA-V6,6.800000190734863,6.791220414146793,6.170000076293945,0.621220337852848,0.09135592947471871,1.0
ENPH,2013-06-11,5,Chronos-LoRA-V6,6.800000190734863,6.748673899126381,6.909999847412109,0.16132594828572877,0.023724403494214452,0.0
ENPH,2013-06-11,10,Chronos-LoRA-V6,6.800000190734863,6.6999126259847035,6.820000171661377,0.12008754567667346,0.017659932692398406,0.0
ENPH,2013-06-11,20,Chronos-LoRA-V6,6.800000190734863,6.600988878217178,7.980000019073486,1.3790111408563082,0.20279575032001307,0.0
ENPH,2013-09-16,1,Chronos-LoRA-V6,8.140000343322754,8.137641645312453,8.079999923706055,0.05764172160639802,0.007081292281969187,1.0
ENPH,2013-09-16,5,Chronos-LoRA-V6,8.140000343322754,8.109148780307232,8.520000457763672,0.41085167745644036,0.05047317691988329,0.0
ENPH,2013-09-16,10,Chronos-LoRA-V6,8.140000343322754,8.074077869901876,8.119999885559082,0.04592201565720622,0.00564152502706905,1.0
ENPH,2013-09-16,20,Chronos-LoRA-V6,8.140000343322754,8.013406475645322,8.75,0.736593524354678,0.09049060114093321,0.0
ENPH,2013-12-20,1,Chronos-LoRA-V6,5.699999809265137,5.693300157109316,5.610000133514404,0.08330002359491129,0.014614039716196237,1.0
ENPH,2013-12-20,5,Chronos-LoRA-V6,5.699999809265137,5.657633064862784,6.389999866485596,0.7323668016228115,0.12848540809288755,0.0
ENPH,2013-12-20,10,Chronos-LoRA-V6,5.699999809265137,5.617092020606355,7.539999961853027,1.922907941246672,0.3373522816827216,0.0
ENPH,2013-12-20,20,Chronos-LoRA-V6,5.699999809265137,5.52445430756538,8.079999923706055,2.555545616140675,0.4483413511675439,0.0
ENPH,2014-03-31,1,Chronos-LoRA-V6,7.360000133514404,7.351172682056504,7.900000095367432,0.5488274133109279,0.07456894067322029,0.0
ENPH,2014-03-31,5,Chronos-LoRA-V6,7.360000133514404,7.320051831403334,7.739999771118164,0.41994793971483,0.05705814294792744,0.0
ENPH,2014-03-31,10,Chronos-LoRA-V6,7.360000133514404,7.287541444733206,7.210000038146973,0.07754140658623321,0.010535517008096407,1.0
ENPH,2014-03-31,20,Chronos-LoRA-V6,7.360000133514404,7.219971654790902,7.320000171661377,0.10002851687047531,0.013590830849986801,1.0
ENPH,2014-07-08,1,Chronos-LoRA-V6,9.15999984741211,9.167187925097883,9.260000228881836,0.092812303783953,0.01013234774345273,1.0
ENPH,2014-07-08,5,Chronos-LoRA-V6,9.15999984741211,9.193242926397524,9.539999961853027,0.3467570354555036,0.037855572186878295,1.0
ENPH,2014-07-08,10,Chronos-LoRA-V6,9.15999984741211,9.215423501899107,11.59000015258789,2.374576650688784,0.2592332631271441,1.0
ENPH,2014-07-08,20,Chronos-LoRA-V6,9.15999984741211,9.245412150450125,9.699999809265137,0.4545876588150115,0.04962747449645888,1.0
ENPH,2014-10-10,1,Chronos-LoRA-V6,10.550000190734863,10.577334626884758,10.140000343322754,0.437334283562004,0.04145348584411168,0.0
ENPH,2014-10-10,5,Chronos-LoRA-V6,10.550000190734863,10.689492015701585,12.020000457763672,1.3305084420620865,0.12611454199124617,1.0
ENPH,2014-10-10,10,Chronos-LoRA-V6,10.550000190734863,10.839875171890903,13.399999618530272,2.560124446639369,0.24266581993881875,1.0
ENPH,2014-10-10,20,Chronos-LoRA-V6,10.550000190734863,11.089344366048982,11.800000190734863,0.7106558246858814,0.067360740458563,1.0
ENPH,2015-01-20,1,Chronos-LoRA-V6,10.600000381469728,10.619206102831711,10.43000030517578,0.18920579765593182,0.017849602910080087,0.0
ENPH,2015-01-20,5,Chronos-LoRA-V6,10.600000381469728,10.689351945188596,12.130000114440918,1.4406481692523219,0.13591019975534846,1.0
ENPH,2015-01-20,10,Chronos-LoRA-V6,10.600000381469728,10.775294422935639,13.65999984741211,2.8847054244764703,0.27214201138325755,1.0
ENPH,2015-01-20,20,Chronos-LoRA-V6,10.600000381469728,10.934381299184867,14.06999969482422,3.1356183956393533,0.2958130455467576,1.0
ENPH,2015-04-27,1,Chronos-LoRA-V6,13.0,13.029356452614428,13.210000038146973,0.180643585532545,0.013895660425580436,1.0
ENPH,2015-04-27,5,Chronos-LoRA-V6,13.0,13.137871228540051,12.18000030517578,0.9578709233642719,0.07368237872032868,0.0
ENPH,2015-04-27,10,Chronos-LoRA-V6,13.0,13.263325495734001,10.579999923706056,2.683325572027945,0.20640965938676492,0.0
ENPH,2015-04-27,20,Chronos-LoRA-V6,13.0,13.477393374443485,9.789999961853027,3.687393412590458,0.28364564712234286,0.0
ENPH,2015-08-03,1,Chronos-LoRA-V6,5.46999979019165,5.47428245209101,5.639999866485596,0.1657174143945861,0.030295689351165445,1.0
ENPH,2015-08-03,5,Chronos-LoRA-V6,5.46999979019165,5.486725630353056,6.139999866485596,0.6532742361325399,0.11942856694509141,1.0
ENPH,2015-08-03,10,Chronos-LoRA-V6,5.46999979019165,5.500147228045169,5.599999904632568,0.09985267658739971,0.018254603366977706,1.0
ENPH,2015-08-03,20,Chronos-LoRA-V6,5.46999979019165,5.520942275421512,4.599999904632568,0.9209423707889437,0.16836241428021648,0.0
ENPH,2015-11-05,1,Chronos-LoRA-V6,2.299999952316284,2.293602595333628,2.190000057220459,0.10360253811316911,0.04504458272220091,1.0
ENPH,2015-11-05,5,Chronos-LoRA-V6,2.299999952316284,2.2758624760364454,1.8600000143051147,0.4158624617313307,0.180809769718701,1.0
ENPH,2015-11-05,10,Chronos-LoRA-V6,2.299999952316284,2.255255300465894,1.7300000190734863,0.5252552813924076,0.22837186620957683,1.0
ENPH,2015-11-05,20,Chronos-LoRA-V6,2.299999952316284,2.2261148438988116,2.0799999237060547,0.14611492019275696,0.06352822748783438,1.0
ENPH,2016-02-16,1,Chronos-LoRA-V6,2.130000114440918,2.1200932308653746,2.240000009536743,0.11990677867136856,0.05629425926244225,0.0
ENPH,2016-02-16,5,Chronos-LoRA-V6,2.130000114440918,2.0717566711101947,2.3499999046325684,0.2782432335223737,0.1306306190483031,0.0
ENPH,2016-02-16,10,Chronos-LoRA-V6,2.130000114440918,2.0105412962644635,2.440000057220459,0.42945876095599544,0.20162382060186868,0.0
ENPH,2016-02-16,20,Chronos-LoRA-V6,2.130000114440918,1.9045797233210504,2.6700000762939453,0.7654203529728949,0.3593522590837054,0.0
ENPH,2016-05-20,1,Chronos-LoRA-V6,1.850000023841858,1.8428830653493442,1.9800000190734863,0.13711695372414212,0.0741172713281344,0.0
ENPH,2016-05-20,5,Chronos-LoRA-V6,1.850000023841858,1.8144331165780805,2.109999895095825,0.2955667785177447,0.15976582416682727,0.0
ENPH,2016-05-20,10,Chronos-LoRA-V6,1.850000023841858,1.7783536562702105,2.289999961853028,0.5116463055828173,0.2765655670210704,0.0
ENPH,2016-05-20,20,Chronos-LoRA-V6,1.850000023841858,1.7153433715685091,2.140000104904175,0.42465673333566567,0.2295441772231923,0.0
ENPH,2016-08-26,1,Chronos-LoRA-V6,1.809999942779541,1.8048593503642645,1.840000033378601,0.03514068301433659,0.019414742610639246,0.0
ENPH,2016-08-26,5,Chronos-LoRA-V6,1.809999942779541,1.7829642585828371,1.8200000524520876,0.03703579386925049,0.020461765215514904,0.0
ENPH,2016-08-26,10,Chronos-LoRA-V6,1.809999942779541,1.754414264927268,1.7999999523162842,0.04558568738901614,0.02518546344206618,1.0
ENPH,2016-08-26,20,Chronos-LoRA-V6,1.809999942779541,1.6972817672345082,1.2000000476837158,0.49728171955079237,0.27474129020531224,1.0
ENPH,2016-12-01,1,Chronos-LoRA-V6,1.1100000143051147,1.1056284156108747,1.1399999856948853,0.034371570084010594,0.03096537805499755,0.0
ENPH,2016-12-01,5,Chronos-LoRA-V6,1.1100000143051147,1.085972642015202,1.340000033378601,0.254027391363399,0.22885350278344452,0.0
ENPH,2016-12-01,10,Chronos-LoRA-V6,1.1100000143051147,1.0610046451072215,1.1799999475479126,0.11899530244069112,0.1072029737902166,0.0
ENPH,2016-12-01,20,Chronos-LoRA-V6,1.1100000143051147,1.0152744650456271,1.0099999904632568,0.005274474582370292,0.004751778841797782,1.0
ENPH,2017-03-13,1,Chronos-LoRA-V6,1.2300000190734863,1.2257717926695846,1.2799999713897705,0.05422817872018593,0.04408794949534556,0.0
ENPH,2017-03-13,5,Chronos-LoRA-V6,1.2300000190734863,1.2035624860981984,1.340000033378601,0.1364375472804027,0.11092483346721904,0.0
ENPH,2017-03-13,10,Chronos-LoRA-V6,1.2300000190734863,1.1767356855805224,1.2400000095367432,0.06326432395622072,0.0514344089229164,0.0
ENPH,2017-03-13,20,Chronos-LoRA-V6,1.2300000190734863,1.122200249257449,1.350000023841858,0.22779977458440892,0.18520306589588675,0.0
ENPH,2017-06-16,1,Chronos-LoRA-V6,0.7699999809265137,0.7665944954952257,0.800000011920929,0.03340551642570322,0.043383788640497856,0.0
ENPH,2017-06-16,5,Chronos-LoRA-V6,0.7699999809265137,0.751247543500692,0.8899999856948853,0.13875244219419325,0.18019798133921694,0.0
ENPH,2017-06-16,10,Chronos-LoRA-V6,0.7699999809265137,0.7320134803208859,0.8700000047683716,0.13798652444748571,0.1792032829422301,0.0
ENPH,2017-06-16,20,Chronos-LoRA-V6,0.7699999809265137,0.691968730537903,0.800000011920929,0.10803128138302598,0.14030036890784825,0.0
ENPH,2017-09-22,1,Chronos-LoRA-V6,1.409999966621399,1.4042405976488632,1.3600000143051147,0.044240583343748474,0.03137630098655708,1.0
ENPH,2017-09-22,5,Chronos-LoRA-V6,1.409999966621399,1.379943261821143,1.5199999809265137,0.14005671910537076,0.09933100880914958,0.0
ENPH,2017-09-22,10,Chronos-LoRA-V6,1.409999966621399,1.351177725516639,1.4900000095367432,0.1388222840201041,0.09845552291234883,0.0
ENPH,2017-09-22,20,Chronos-LoRA-V6,1.409999966621399,1.299727472761273,1.3700000047683716,0.07027253200709849,0.04983867636215866,1.0
ENPH,2017-12-28,1,Chronos-LoRA-V6,2.490000009536743,2.4848296830732775,2.4100000858306885,0.07482959724258897,0.03005204697027719,1.0
ENPH,2017-12-28,5,Chronos-LoRA-V6,2.490000009536743,2.460474901914704,2.470000028610229,0.009525126695525188,0.0038253520719051526,1.0
ENPH,2017-12-28,10,Chronos-LoRA-V6,2.490000009536743,2.427427987759,2.240000009536743,0.18742797822225699,0.07527228012225085,1.0
ENPH,2017-12-28,20,Chronos-LoRA-V6,2.490000009536743,2.3676049237149,2.0299999713897705,0.33760495232512966,0.13558431768357293,1.0
ENPH,2018-04-09,1,Chronos-LoRA-V6,4.150000095367432,4.153814689787031,4.0,0.15381468978703072,0.0370637798198441,0.0
ENPH,2018-04-09,5,Chronos-LoRA-V6,4.150000095367432,4.163195750529766,3.9600000381469727,0.20319571238279366,0.04896282113574346,0.0
ENPH,2018-04-09,10,Chronos-LoRA-V6,4.150000095367432,4.1828995506702675,4.960000038146973,0.7771004874767051,0.18725312520936277,1.0
ENPH,2018-04-09,20,Chronos-LoRA-V6,4.150000095367432,4.207744178709046,4.590000152587891,0.3822559738788449,0.09210987110712354,1.0
ENPH,2018-07-13,1,Chronos-LoRA-V6,7.039999961853027,7.048610387166958,6.730000019073486,0.31861036809347176,0.04525715480396242,0.0
ENPH,2018-07-13,5,Chronos-LoRA-V6,7.039999961853027,7.074637569406963,6.760000228881836,0.3146373405251275,0.044692804294037325,0.0
ENPH,2018-07-13,10,Chronos-LoRA-V6,7.039999961853027,7.11152216642755,5.590000152587891,1.5215220138396592,0.21612528722786706,0.0
ENPH,2018-07-13,20,Chronos-LoRA-V6,7.039999961853027,7.185687140673677,5.710000038146973,1.4756871025267042,0.2096146463810893,0.0
ENPH,2018-10-18,1,Chronos-LoRA-V6,4.869999885559082,4.8795564408676775,4.739999771118164,0.13955666974951342,0.02865640103264444,0.0
ENPH,2018-10-18,5,Chronos-LoRA-V6,4.869999885559082,4.904868824931824,4.400000095367432,0.5048687295643921,0.10366914608385713,0.0
ENPH,2018-10-18,10,Chronos-LoRA-V6,4.869999885559082,4.936544810215268,4.909999847412109,0.026544962803158434,0.0054507111759636295,1.0
ENPH,2018-10-18,20,Chronos-LoRA-V6,4.869999885559082,5.0073939195581545,5.539999961853027,0.5326060422948729,0.1093646929796035,1.0
ENPH,2019-01-28,1,Chronos-LoRA-V6,6.900000095367432,6.9170945719158174,7.099999904632568,0.1829053327167509,0.026508018867934524,1.0
ENPH,2019-01-28,5,Chronos-LoRA-V6,6.900000095367432,6.968759117121684,7.0,0.031240882878315723,0.0045276641226845715,1.0
ENPH,2019-01-28,10,Chronos-LoRA-V6,6.900000095367432,7.030266977891103,7.730000019073486,0.699733041182383,0.10141058427697347,1.0
ENPH,2019-01-28,20,Chronos-LoRA-V6,6.900000095367432,7.155904098924491,8.09000015258789,0.9340960536633993,0.13537623779027763,1.0
ENPH,2019-05-06,1,Chronos-LoRA-V6,13.75,13.818132693263374,14.210000038146973,0.39186734488359853,0.028499443264261792,1.0
ENPH,2019-05-06,5,Chronos-LoRA-V6,13.75,14.06876571907427,13.6899995803833,0.37876613869096865,0.027546628268434126,0.0
ENPH,2019-05-06,10,Chronos-LoRA-V6,13.75,14.372653683344891,14.3100004196167,0.06265326372819224,0.004556600998414151,1.0
ENPH,2019-05-06,20,Chronos-LoRA-V6,13.75,14.951903572421985,15.970000267028809,1.0180966946068235,0.0740433959714053,1.0
ENPH,2019-08-09,1,Chronos-LoRA-V6,31.850000381469727,32.1343564523682,30.899999618530277,1.234356833837925,0.03875531613984118,0.0
ENPH,2019-08-09,5,Chronos-LoRA-V6,31.850000381469727,33.32180911414291,32.029998779296875,1.2918103348460335,0.040559193700908436,1.0
ENPH,2019-08-09,10,Chronos-LoRA-V6,31.850000381469727,34.88195071285167,33.400001525878906,1.4819491869727628,0.0465290163021459,1.0
ENPH,2019-08-09,20,Chronos-LoRA-V6,31.850000381469727,37.8606487627042,23.799999237060547,14.060649525643655,0.4414646579980612,0.0
ENPH,2019-11-14,1,Chronos-LoRA-V6,18.989999771118164,19.066479827846994,19.31999969482422,0.25351986697722495,0.01335017746355116,1.0
ENPH,2019-11-14,5,Chronos-LoRA-V6,18.989999771118164,19.36229096561601,18.81999969482422,0.5422912707917895,0.028556676004628523,0.0
ENPH,2019-11-14,10,Chronos-LoRA-V6,18.989999771118164,19.734270778737166,21.8700008392334,2.1357300604962326,0.1124660392963488,1.0
ENPH,2019-11-14,20,Chronos-LoRA-V6,18.989999771118164,20.5394716060615,24.6200008392334,4.080529233171898,0.214877792646315,1.0
ENPH,2020-02-24,1,Chronos-LoRA-V6,55.2599983215332,55.70556914154677,50.900001525878906,4.8055676156678615,0.08696286213594162,0.0
ENPH,2020-02-24,5,Chronos-LoRA-V6,55.2599983215332,57.33791377400602,51.400001525878906,5.9379122481271125,0.10745407941522278,0.0
ENPH,2020-02-24,10,Chronos-LoRA-V6,55.2599983215332,59.475360889133036,43.380001068115234,16.0953598210178,0.2912660208088699,0.0
ENPH,2020-02-24,20,Chronos-LoRA-V6,55.2599983215332,63.51157184018644,27.51000022888184,36.0015716113046,0.6514942581399943,0.0
ENPH,2020-06-01,1,Chronos-LoRA-V6,59.68000030517578,60.08715710649731,56.95000076293945,3.137156343557855,0.052566292351137744,0.0
ENPH,2020-06-01,5,Chronos-LoRA-V6,59.68000030517578,61.67035304436054,52.900001525878906,8.770351518481633,0.14695629144829303,0.0
ENPH,2020-06-01,10,Chronos-LoRA-V6,59.68000030517578,63.62759264438134,50.45000076293945,13.177591881441884,0.22080415238032514,0.0
ENPH,2020-06-01,20,Chronos-LoRA-V6,59.68000030517578,67.7879512714418,47.45000076293945,20.337950508502345,0.3407833512818954,0.0
ENPH,2020-09-03,1,Chronos-LoRA-V6,67.80000305175781,68.31203192933886,66.16000366210938,2.1520282672294826,0.03174082847144788,0.0
ENPH,2020-09-03,5,Chronos-LoRA-V6,67.80000305175781,70.26156937178192,65.0999984741211,5.161570897660823,0.0761293608456114,0.0
ENPH,2020-09-03,10,Chronos-LoRA-V6,67.80000305175781,72.89373872995061,68.2699966430664,4.6237420868842065,0.06819678287262754,1.0
ENPH,2020-09-03,20,Chronos-LoRA-V6,67.80000305175781,77.8160165982474,90.43000030517578,12.61398370692838,0.18604694895513485,1.0
ENPH,2020-12-10,1,Chronos-LoRA-V6,131.2100067138672,132.28953023898325,139.91000366210938,7.620473423126128,0.05807844701772069,1.0
ENPH,2020-12-10,5,Chronos-LoRA-V6,131.2100067138672,136.76162588649598,163.52000427246094,26.75837838596496,0.20393550047076503,1.0
ENPH,2020-12-10,10,Chronos-LoRA-V6,131.2100067138672,142.21732101985518,181.38999938964844,39.17267836979326,0.29854947309939606,1.0
ENPH,2020-12-10,20,Chronos-LoRA-V6,131.2100067138672,153.32316389763113,201.67999267578125,48.35682877815012,0.3685452808763514,1.0
ENPH,2021-03-19,1,Chronos-LoRA-V6,154.9499969482422,155.9121590206602,161.11000061035156,5.197841589691365,0.0335452835886636,1.0
ENPH,2021-03-19,5,Chronos-LoRA-V6,154.9499969482422,160.0747842575588,152.07000732421875,8.004776933340054,0.05166038780893856,0.0
ENPH,2021-03-19,10,Chronos-LoRA-V6,154.9499969482422,165.59830138853465,149.4199981689453,16.17830321958934,0.10440983245061541,0.0
ENPH,2021-03-19,20,Chronos-LoRA-V6,154.9499969482422,176.5972863917564,141.13999938964844,35.45728700210796,0.22883051113548414,0.0
ENPH,2021-06-25,1,Chronos-LoRA-V6,175.38999938964844,176.76467369236045,188.3300018310547,11.565328138694241,0.06594063617618562,1.0
ENPH,2021-06-25,5,Chronos-LoRA-V6,175.38999938964844,182.07318097847326,186.41000366210935,4.336822683636086,0.024726738689367034,1.0
ENPH,2021-06-25,10,Chronos-LoRA-V6,175.38999938964844,189.05214677035275,185.72000122070312,3.332145549649624,0.018998492281460777,1.0
ENPH,2021-06-25,20,Chronos-LoRA-V6,175.38999938964844,203.51754017980772,176.67999267578125,26.837547504026475,0.15301640684999307,1.0
ENPH,2021-09-30,1,Chronos-LoRA-V6,149.97000122070312,150.6202336253092,155.36000061035156,4.739766985042365,0.031604767263201605,1.0
ENPH,2021-09-30,5,Chronos-LoRA-V6,149.97000122070312,153.03744298552266,157.22999572753906,4.192552742016403,0.027955942574451553,1.0
ENPH,2021-09-30,10,Chronos-LoRA-V6,149.97000122070312,156.03381590578914,173.77999877929688,17.746182873507735,0.11833155117063443,1.0
ENPH,2021-09-30,20,Chronos-LoRA-V6,149.97000122070312,162.81326426223472,224.4600067138672,61.64674245163246,0.41106049176401704,1.0
ENPH,2022-01-06,1,Chronos-LoRA-V6,151.49000549316406,152.08802300187827,145.1300048828125,6.95801811906577,0.04593054239066452,0.0
ENPH,2022-01-06,5,Chronos-LoRA-V6,151.49000549316406,154.4915798561237,143.49000549316406,11.001574362959644,0.07262244348823443,0.0
ENPH,2022-01-06,10,Chronos-LoRA-V6,151.49000549316406,157.78788661131293,126.0199966430664,31.76788996824652,0.20970287686523348,0.0
ENPH,2022-01-06,20,Chronos-LoRA-V6,151.49000549316406,163.68918810393018,141.22999572753906,22.459192376391115,0.14825527468480149,0.0
ENPH,2022-04-13,1,Chronos-LoRA-V6,193.22999572753903,193.667747862654,190.50999450683597,3.157753355818045,0.016341941860158138,0.0
ENPH,2022-04-13,5,Chronos-LoRA-V6,193.22999572753903,195.4449691884558,156.55999755859375,38.88497162986204,0.2012367256100921,0.0
ENPH,2022-04-13,10,Chronos-LoRA-V6,193.22999572753903,197.65779192441664,164.47000122070312,33.18779070371352,0.17175278909859037,0.0
ENPH,2022-04-13,20,Chronos-LoRA-V6,193.22999572753903,202.2328856796553,140.94000244140625,61.29288323824906,0.31720170053035723,0.0
ENPH,2022-07-22,1,Chronos-LoRA-V6,211.5399932861328,212.08435994884314,218.5500030517578,6.465643102914669,0.030564636986487592,1.0
ENPH,2022-07-22,5,Chronos-LoRA-V6,211.5399932861328,213.86559387718722,284.17999267578125,70.31439879859403,0.33239293292160377,1.0
ENPH,2022-07-22,10,Chronos-LoRA-V6,211.5399932861328,216.3702815862953,300.9100036621094,84.53972207581407,0.39963942875550784,1.0
ENPH,2022-07-22,20,Chronos-LoRA-V6,211.5399932861328,221.254323256665,283.70001220703125,62.44568895036625,0.2951956648022631,1.0
ENPH,2022-10-26,1,Chronos-LoRA-V6,291.8699951171875,292.7873409610368,306.0799865722656,13.292645611228807,0.04554303571318363,1.0
ENPH,2022-10-26,5,Chronos-LoRA-V6,291.8699951171875,295.0820892484696,289.5,5.582089248469572,0.019125258991518845,0.0
ENPH,2022-10-26,10,Chronos-LoRA-V6,291.8699951171875,297.8525270991715,284.75,13.102527099171482,0.04489165490927127,0.0
ENPH,2022-10-26,20,Chronos-LoRA-V6,291.8699951171875,304.2792518675819,315.7799987792969,11.500746911714998,0.039403662946228435,1.0
ENPH,2023-02-03,1,Chronos-LoRA-V6,222.92999267578125,222.974474194313,222.9900054931641,0.015531298851101383,6.966895151561125e-05,1.0
ENPH,2023-02-03,5,Chronos-LoRA-V6,222.92999267578125,222.83324427450003,212.07000732421875,10.763236950281282,0.04828079354012638,1.0
ENPH,2023-02-03,10,Chronos-LoRA-V6,222.92999267578125,222.4881128231376,204.9900054931641,17.49810732997352,0.07849149017567114,1.0
ENPH,2023-02-03,20,Chronos-LoRA-V6,222.92999267578125,222.34082344442507,225.3500061035156,3.009182659090527,0.01349833022901925,0.0
ENPH,2023-05-11,1,Chronos-LoRA-V6,160.7899932861328,160.78132670928943,167.5500030517578,6.768676342468382,0.04209637804028776,0.0
ENPH,2023-05-11,5,Chronos-LoRA-V6,160.7899932861328,160.65247506189013,163.72000122070312,3.0675261588129956,0.019077842446041937,0.0
ENPH,2023-05-11,10,Chronos-LoRA-V6,160.7899932861328,160.49199298092233,164.58999633789062,4.098003356968292,0.02548668156031164,0.0
ENPH,2023-05-11,20,Chronos-LoRA-V6,160.7899932861328,160.14494110730723,174.5800018310547,14.435060723747455,0.08977586495733991,0.0
ENPH,2023-08-18,1,Chronos-LoRA-V6,130.33999633789062,130.1109855320888,130.16000366210938,0.04901813002058475,0.0003760789580928847,1.0
ENPH,2023-08-18,5,Chronos-LoRA-V6,130.33999633789062,129.1502818687851,124.08999633789062,5.060285530894475,0.038823735407942705,1.0
ENPH,2023-08-18,10,Chronos-LoRA-V6,130.33999633789062,127.96962706861537,128.72999572753906,0.7603686589236958,0.005833732394410429,1.0
ENPH,2023-08-18,20,Chronos-LoRA-V6,130.33999633789062,126.01127236808821,117.16000366210938,8.851268705978839,0.06790907591429574,1.0
ENPH,2023-11-22,1,Chronos-LoRA-V6,100.1999969482422,100.06808751228733,100.22000122070312,0.15191370841579044,0.0015161049205846266,0.0
ENPH,2023-11-22,5,Chronos-LoRA-V6,100.1999969482422,99.40520560250096,101.0199966430664,1.61479104056545,0.016115679538389216,0.0
ENPH,2023-11-22,10,Chronos-LoRA-V6,100.1999969482422,98.5634312970884,107.16999816894533,8.606566871856927,0.08589388357269723,0.0
ENPH,2023-11-22,20,Chronos-LoRA-V6,100.1999969482422,97.1145812796351,133.86000061035156,36.74541933071646,0.3667207629726488,0.0
ENPH,2024-03-04,1,Chronos-LoRA-V6,123.97000122070312,123.96311317359762,125.08999633789062,1.1268831642930053,0.009089966549946316,0.0
ENPH,2024-03-04,5,Chronos-LoRA-V6,123.97000122070312,123.87196295498065,128.69000244140625,4.818039486425604,0.03886455948199985,0.0
ENPH,2024-03-04,10,Chronos-LoRA-V6,123.97000122070312,123.64108747103691,111.19000244140624,12.451085029630676,0.1004362741552618,1.0
ENPH,2024-03-04,20,Chronos-LoRA-V6,123.97000122070312,122.71839380208185,113.5500030517578,9.16839075032405,0.07395652706336275,1.0
ENPH,2024-06-07,1,Chronos-LoRA-V6,122.75,122.76780877269002,130.6699981689453,7.902189396255295,0.06437628836053189,1.0
ENPH,2024-06-07,5,Chronos-LoRA-V6,122.75,122.63773195527608,124.61000061035156,1.9722686550754815,0.016067361752142406,0.0
ENPH,2024-06-07,10,Chronos-LoRA-V6,122.75,122.44475785868077,108.0199966430664,14.424761215614367,0.11751332965877281,1.0
ENPH,2024-06-07,20,Chronos-LoRA-V6,122.75,121.69946695587166,103.58999633789062,18.10947061798103,0.14753132886338927,1.0
ENPH,2024-09-16,1,Chronos-LoRA-V6,111.48999786376952,111.28983697214687,118.52999877929688,7.2401618071500025,0.06494001207172695,0.0
ENPH,2024-09-16,5,Chronos-LoRA-V6,111.48999786376952,110.26381279889007,117.0,6.736187201109928,0.060419654948248636,0.0
ENPH,2024-09-16,10,Chronos-LoRA-V6,111.48999786376952,108.97382089604423,113.0199966430664,4.0461757470221755,0.036291827289890444,0.0
ENPH,2024-09-16,20,Chronos-LoRA-V6,111.48999786376952,106.66127202580385,101.47000122070312,5.191270805100729,0.046562659472323076,1.0
ENPH,2024-12-19,1,Chronos-LoRA-V6,65.80000305175781,65.62440215242933,71.44999694824219,5.8255947958128615,0.08853487121011971,0.0
ENPH,2024-12-19,5,Chronos-LoRA-V6,65.80000305175781,64.97578639477163,72.12999725341797,7.154210858646337,0.10872660375135379,0.0
ENPH,2024-12-19,10,Chronos-LoRA-V6,65.80000305175781,64.19434547638852,71.37999725341797,7.185651777029449,0.1092044292365345,0.0
ENPH,2024-12-19,20,Chronos-LoRA-V6,65.80000305175781,62.63118246476889,60.9900016784668,1.641180786302094,0.024941956081843242,1.0
ENPH,2025-04-01,1,Chronos-LoRA-V6,62.38999938964844,62.2534938425659,62.52000045776367,0.26650661519776975,0.004271623943019054,0.0
ENPH,2025-04-01,5,Chronos-LoRA-V6,62.38999938964844,61.67205594969851,49.52000045776367,12.152055491934838,0.19477569499625724,1.0
ENPH,2025-04-01,10,Chronos-LoRA-V6,62.38999938964844,60.97299637628805,53.06999969482422,7.902996681463833,0.1266708889049144,1.0
ENPH,2025-04-01,20,Chronos-LoRA-V6,62.38999938964844,59.68791517284329,44.59000015258789,15.0979150202554,0.24199254957454608,1.0
ENPH,2025-07-09,1,Chronos-LoRA-V6,42.84999847412109,42.78605050572439,42.970001220703125,0.18395071497873516,0.004292898985511773,0.0
ENPH,2025-07-09,5,Chronos-LoRA-V6,42.84999847412109,42.47582848349,39.02999877929688,3.445829704193116,0.08041609864406873,1.0
ENPH,2025-07-09,10,Chronos-LoRA-V6,42.84999847412109,42.05498942209273,36.47999954223633,5.574989879856403,0.13010478595987296,1.0
ENPH,2025-07-09,20,Chronos-LoRA-V6,42.84999847412109,41.41766311734029,30.11000061035156,11.30766250698873,0.26388944946679294,1.0
ENPH,2025-10-14,1,Chronos-LoRA-V6,36.43999862670898,36.36775956491276,37.540000915527344,1.1722413506145841,0.03216908328189072,0.0
ENPH,2025-10-14,5,Chronos-LoRA-V6,36.43999862670898,36.03111805618965,37.09000015258789,1.0588820963982428,0.029058236451801833,0.0
ENPH,2025-10-14,10,Chronos-LoRA-V6,36.43999862670898,35.626487040441184,36.70000076293945,1.0735137224982694,0.02945976297900932,0.0
ENPH,2025-10-14,20,Chronos-LoRA-V6,36.43999862670898,34.808255714022046,30.84000015258789,3.9682555614341553,0.10889834552643463,1.0
ENPH,2026-01-21,1,Chronos-LoRA-V6,35.970001220703125,35.904351420767824,40.47999954223633,4.575648121468504,0.12720733850948318,0.0
ENPH,2026-01-21,5,Chronos-LoRA-V6,35.970001220703125,35.55615225135524,40.470001220703125,4.913848969347882,0.13660964143975718,0.0
ENPH,2026-01-21,10,Chronos-LoRA-V6,35.970001220703125,35.101464189811246,51.66999816894531,16.568533979134067,0.4606208900987686,0.0
ENPH,2026-01-21,20,Chronos-LoRA-V6,35.970001220703125,34.29585344649489,44.25,9.954146553505112,0.276734673775208,0.0
ENPH,2026-04-29,1,Chronos-LoRA-V6,31.190000534057617,31.133074839713625,32.959999084472656,1.8269242447590308,0.058574036982273814,0.0
ENPH,2026-04-29,5,Chronos-LoRA-V6,31.190000534057617,30.831147347042705,35.79999923706055,4.9688518900178416,0.15930913129007973,0.0
ENPH,2026-04-29,10,Chronos-LoRA-V6,31.190000534057617,30.436882114874063,42.0,11.563117885125937,0.37073157060384476,0.0
ENPH,2026-04-29,20,Chronos-LoRA-V6,31.190000534057617,29.738327801236245,69.5,39.761672198763755,1.2748211451726776,0.0
ENPH,2026-08-06,1,Chronos-LoRA-V6,39.66999816894531,39.59759540678677,41.869998931884766,2.2724035250979924,0.05728267280024446,0.0
ENPH,2026-08-06,5,Chronos-LoRA-V6,39.66999816894531,39.213579283788285,40.77999877929688,1.5664194955085975,0.03948625076405554,0.0
ENPH,2026-08-06,10,Chronos-LoRA-V6,39.66999816894531,38.712120458190306,38.36000061035156,0.3521198478387433,0.008876225462354337,1.0
ENPH,2026-08-06,20,Chronos-LoRA-V6,39.66999816894531,37.8236418474682,36.310001373291016,1.513640474177187,0.03815579894233778,1.0
SMCI,2011-03-11,1,Chronos-LoRA-V6,1.4730000495910645,1.4745922675461818,1.4550000429153442,0.01959222463083754,0.013300898826362428,0.0
SMCI,2011-03-11,5,Chronos-LoRA-V6,1.4730000495910645,1.4822961776691352,1.4800000190734863,0.0022961585956489117,0.0015588313091274841,1.0
SMCI,2011-03-11,10,Chronos-LoRA-V6,1.4730000495910645,1.4905229442346661,1.569000005722046,0.07847706148737976,0.05327702569267845,1.0
SMCI,2011-03-11,20,Chronos-LoRA-V6,1.4730000495910645,1.5087527826222853,1.6109999418258667,0.1022471592035814,0.0694142265860529,1.0
SMCI,2011-07-05,1,Chronos-LoRA-V6,1.6100000143051147,1.6123188902713754,1.590999960899353,0.0213189293720224,0.013241570920869639,0.0
SMCI,2011-07-05,5,Chronos-LoRA-V6,1.6100000143051147,1.6200170782822638,1.5709999799728394,0.04901709830942447,0.03044540240614879,0.0
SMCI,2011-07-05,10,Chronos-LoRA-V6,1.6100000143051147,1.6286985189152308,1.5230000019073486,0.10569851700788213,0.06565125221660462,0.0
SMCI,2011-07-05,20,Chronos-LoRA-V6,1.6100000143051147,1.6439239571309792,1.2690000534057615,0.37492390372521767,0.23287198782233376,0.0
SMCI,2011-10-25,1,Chronos-LoRA-V6,1.444000005722046,1.4466253243981415,1.593999981880188,0.14737465748204648,0.10206001170225365,1.0
SMCI,2011-10-25,5,Chronos-LoRA-V6,1.444000005722046,1.4512565509026514,1.5410000085830688,0.08974345768041747,0.06214920867368212,1.0
SMCI,2011-10-25,10,Chronos-LoRA-V6,1.444000005722046,1.455222520826777,1.5980000495910645,0.1427775287642874,0.09887640456960667,1.0
SMCI,2011-10-25,20,Chronos-LoRA-V6,1.444000005722046,1.462670516566973,1.4199999570846558,0.04267055948231713,0.02955024883187618,0.0
SMCI,2012-02-17,1,Chronos-LoRA-V6,1.7710000276565552,1.772994969591034,1.7480000257492063,0.024994943841827766,0.014113463270185145,0.0
SMCI,2012-02-17,5,Chronos-LoRA-V6,1.7710000276565552,1.781345687541019,1.753000020980835,0.028345666560184002,0.01600545799973363,0.0
SMCI,2012-02-17,10,Chronos-LoRA-V6,1.7710000276565552,1.7912516460262338,1.656999945640564,0.1342517003856698,0.07580558909607471,0.0
SMCI,2012-02-17,20,Chronos-LoRA-V6,1.7710000276565552,1.81532662363577,1.6979999542236328,0.1173266694121371,0.06624882415580069,0.0
SMCI,2012-06-12,1,Chronos-LoRA-V6,1.5329999923706057,1.533960306337457,1.4819999933242798,0.05196031301317716,0.03389452920533065,0.0
SMCI,2012-06-12,5,Chronos-LoRA-V6,1.5329999923706057,1.537716252306711,1.4800000190734863,0.05771623323322461,0.037649206471275454,0.0
SMCI,2012-06-12,10,Chronos-LoRA-V6,1.5329999923706057,1.5421782511010633,1.52400004863739,0.01817820246367341,0.011857927302114879,0.0
SMCI,2012-06-12,20,Chronos-LoRA-V6,1.5329999923706057,1.5511998333618189,1.4869999885559082,0.06419984480591068,0.041878568248805426,0.0
SMCI,2012-10-03,1,Chronos-LoRA-V6,1.1430000066757202,1.1421751677817757,1.1039999723434448,0.03817519543833092,0.033399120923331416,1.0
SMCI,2012-10-03,5,Chronos-LoRA-V6,1.1430000066757202,1.1389740365806271,0.9020000100135804,0.2369740265670467,0.2073263562405897,1.0
SMCI,2012-10-03,10,Chronos-LoRA-V6,1.1430000066757202,1.1354497554343408,0.9210000038146972,0.21444975161964364,0.1876200790613688,1.0
SMCI,2012-10-03,20,Chronos-LoRA-V6,1.1430000066757202,1.1294014550462224,0.7990000247955322,0.33040143025069013,0.28906511664127066,1.0
SMCI,2013-01-30,1,Chronos-LoRA-V6,1.225000023841858,1.225382907859009,1.2380000352859497,0.012617127426940655,0.010299695658266828,1.0
SMCI,2013-01-30,5,Chronos-LoRA-V6,1.225000023841858,1.2246579851557393,1.2699999809265137,0.04534199577077436,0.037013873378199724,0.0
SMCI,2013-01-30,10,Chronos-LoRA-V6,1.225000023841858,1.2234354015039979,1.25,0.026564598496002123,0.02168538610529147,0.0
SMCI,2013-01-30,20,Chronos-LoRA-V6,1.225000023841858,1.220662070603873,1.1699999570846558,0.050662113519217344,0.041356826557709225,1.0
SMCI,2013-05-23,1,Chronos-LoRA-V6,1.024999976158142,1.0242215630297895,1.02400004863739,0.00022151439239959103,0.00021611160736789703,1.0
SMCI,2013-05-23,5,Chronos-LoRA-V6,1.024999976158142,1.0207071901646518,1.031000018119812,0.010292827955160178,0.010041783604463395,0.0
SMCI,2013-05-23,10,Chronos-LoRA-V6,1.024999976158142,1.0160470736211342,1.087000012397766,0.07095293877663167,0.06922238090441168,0.0
SMCI,2013-05-23,20,Chronos-LoRA-V6,1.024999976158142,1.0067531327364567,1.0959999561309814,0.08924682339452472,0.08707007362969477,0.0
SMCI,2013-09-16,1,Chronos-LoRA-V6,1.3279999494552612,1.328443540003587,1.3240000009536743,0.0044435390499126814,0.00334603856855209,0.0
SMCI,2013-09-16,5,Chronos-LoRA-V6,1.3279999494552612,1.3292538167155807,1.3420000076293943,0.012746190913813571,0.009598035691975815,1.0
SMCI,2013-09-16,10,Chronos-LoRA-V6,1.3279999494552612,1.3303196303529967,1.3539999723434448,0.023680341990448106,0.017831583502816883,1.0
SMCI,2013-09-16,20,Chronos-LoRA-V6,1.3279999494552612,1.332609323555245,1.437999963760376,0.105390640205131,0.07936042486173411,1.0
SMCI,2014-01-08,1,Chronos-LoRA-V6,1.6740000247955322,1.6750798437794097,1.6579999923706057,0.01707985140880397,0.010203017416854698,0.0
SMCI,2014-01-08,5,Chronos-LoRA-V6,1.6740000247955322,1.6788202256227058,1.7300000190734863,0.0511797934507805,0.03057335286302143,1.0
SMCI,2014-01-08,10,Chronos-LoRA-V6,1.6740000247955322,1.6837542722744996,2.197999954223633,0.5142456819491332,0.307195743328585,1.0
SMCI,2014-01-08,20,Chronos-LoRA-V6,1.6740000247955322,1.6942498488928506,2.075000047683716,0.38075019879086525,0.22744933879996276,1.0
SMCI,2014-05-02,1,Chronos-LoRA-V6,2.0290000438690186,2.031557144766411,1.9830000400543213,0.04855710471208985,0.023931544436784913,0.0
SMCI,2014-05-02,5,Chronos-LoRA-V6,2.0290000438690186,2.0398194826502984,1.8459999561309812,0.19381952651931722,0.09552465368592622,0.0
SMCI,2014-05-02,10,Chronos-LoRA-V6,2.0290000438690186,2.0504582062291834,1.9759999513626096,0.07445825486657376,0.03669701984066609,0.0
SMCI,2014-05-02,20,Chronos-LoRA-V6,2.0290000438690186,2.0663693268464245,2.117000102996826,0.05063077615040168,0.02495356089488099,1.0
SMCI,2014-08-25,1,Chronos-LoRA-V6,2.4570000171661377,2.4609368438813526,2.470000028610229,0.009063184728876461,0.0036887198476009964,1.0
SMCI,2014-08-25,5,Chronos-LoRA-V6,2.4570000171661377,2.4785142744194366,2.700000047683716,0.2214857732642792,0.09014479923355356,1.0
SMCI,2014-08-25,10,Chronos-LoRA-V6,2.4570000171661377,2.5005823876023316,2.561000108718872,0.060417721116540424,0.0245900369126677,1.0
SMCI,2014-08-25,20,Chronos-LoRA-V6,2.4570000171661377,2.5401062526544123,2.7799999713897705,0.23989371873535825,0.09763684047998011,1.0
SMCI,2014-12-16,1,Chronos-LoRA-V6,3.128999948501587,3.1371376060319367,3.263999938964844,0.1268623329329075,0.040544050821624156,1.0
SMCI,2014-12-16,5,Chronos-LoRA-V6,3.128999948501587,3.1703368109262344,3.5910000801086426,0.42066326918240815,0.13444016494274957,1.0
SMCI,2014-12-16,10,Chronos-LoRA-V6,3.128999948501587,3.2127345540626813,3.48799991607666,0.2752653620139789,0.0879723127339127,1.0
SMCI,2014-12-16,20,Chronos-LoRA-V6,3.128999948501587,3.298933968447962,3.315000057220459,0.016066088772496823,0.0051345762342343,1.0
SMCI,2015-04-13,1,Chronos-LoRA-V6,3.532000064849853,3.5398429665145006,3.5450000762939453,0.005157109779444724,0.001460110329772668,1.0
SMCI,2015-04-13,5,Chronos-LoRA-V6,3.532000064849853,3.570151523884507,3.7060000896453857,0.13584856576087878,0.03846222063041038,1.0
SMCI,2015-04-13,10,Chronos-LoRA-V6,3.532000064849853,3.6073273911573427,3.0789999961853027,0.52832739497204,0.14958306491268403,0.0
SMCI,2015-04-13,20,Chronos-LoRA-V6,3.532000064849853,3.6863494400024877,3.0929999351501465,0.5933495048523412,0.16799249545811223,0.0
SMCI,2015-08-04,1,Chronos-LoRA-V6,2.5810000896453857,2.586069135816394,2.7909998893737797,0.20493075355738588,0.07939974678014927,1.0
SMCI,2015-08-04,5,Chronos-LoRA-V6,2.5810000896453857,2.6044797815333585,2.614000082015991,0.009520300482632749,0.003688609125132025,1.0
SMCI,2015-08-04,10,Chronos-LoRA-V6,2.5810000896453857,2.6274242089853703,2.75,0.12257579101462968,0.04749158727517555,1.0
SMCI,2015-08-04,20,Chronos-LoRA-V6,2.5810000896453857,2.6700048684838142,2.476999998092652,0.19300487039116243,0.07477910255232889,0.0
SMCI,2015-11-24,1,Chronos-LoRA-V6,2.3919999599456787,2.395311837741405,2.4140000343322754,0.018688196590870287,0.007812791347745263,1.0
SMCI,2015-11-24,5,Chronos-LoRA-V6,2.3919999599456787,2.407994061943051,2.6559998989105225,0.24800583696747136,0.10368137170583536,1.0
SMCI,2015-11-24,10,Chronos-LoRA-V6,2.3919999599456787,2.424729303397293,2.3940000534057617,0.030729249991531482,0.012846676632983556,1.0
SMCI,2015-11-24,20,Chronos-LoRA-V6,2.3919999599456787,2.4582685366790016,2.476999998092652,0.01873146141365023,0.007830878648541262,1.0
SMCI,2016-03-21,1,Chronos-LoRA-V6,3.299000024795532,3.3018155146222954,3.299000024795532,0.0028154898267636064,0.0008534373463480183,0.0
SMCI,2016-03-21,5,Chronos-LoRA-V6,3.299000024795532,3.3108305599697214,3.372999906539917,0.06216934657019557,0.018844906366452197,1.0
SMCI,2016-03-21,10,Chronos-LoRA-V6,3.299000024795532,3.32392906547037,3.4179999828338623,0.09407091736349216,0.028514979283555064,1.0
SMCI,2016-03-21,20,Chronos-LoRA-V6,3.299000024795532,3.3476516735109403,2.7890000343322754,0.5586516391786649,0.16933968929366394,0.0
SMCI,2016-07-13,1,Chronos-LoRA-V6,2.6070001125335693,2.6080485687790347,2.615000009536743,0.0069514407577084825,0.002666452035919864,1.0
SMCI,2016-07-13,5,Chronos-LoRA-V6,2.6070001125335693,2.6088594089119366,1.955999970436096,0.6528594384758406,0.250425550554108,0.0
SMCI,2016-07-13,10,Chronos-LoRA-V6,2.6070001125335693,2.610718107514141,2.130000114440918,0.48071799307322305,0.18439507952534973,0.0
SMCI,2016-07-13,20,Chronos-LoRA-V6,2.6070001125335693,2.6133578872084104,2.130000114440918,0.4833577727674925,0.18540765320403052,0.0
SMCI,2016-11-02,1,Chronos-LoRA-V6,2.259999990463257,2.262155930074079,2.234999895095825,0.027156034978253807,0.012015944731348038,0.0
SMCI,2016-11-02,5,Chronos-LoRA-V6,2.259999990463257,2.2677515388274325,2.345000028610229,0.07724848978279653,0.03418074783573877,1.0
SMCI,2016-11-02,10,Chronos-LoRA-V6,2.259999990463257,2.2755372139213716,2.549999952316284,0.27446273839491253,0.1214436900677387,1.0
SMCI,2016-11-02,20,Chronos-LoRA-V6,2.259999990463257,2.2878672668057836,2.619999885559082,0.33213261875329847,0.14696133635169528,1.0
SMCI,2017-02-28,1,Chronos-LoRA-V6,2.5999999046325684,2.6007497912393798,2.6600000858306885,0.059250294591308705,0.02278857567869097,1.0
SMCI,2017-02-28,5,Chronos-LoRA-V6,2.5999999046325684,2.602165988418999,2.5199999809265137,0.08216600749248526,0.03160231173319861,0.0
SMCI,2017-02-28,10,Chronos-LoRA-V6,2.5999999046325684,2.6043619178563544,2.505000114440918,0.09936180341543643,0.03821607963846374,0.0
SMCI,2017-02-28,20,Chronos-LoRA-V6,2.5999999046325684,2.6081928321369507,2.494999885559082,0.11319294657786871,0.043535750280677465,0.0
SMCI,2017-06-21,1,Chronos-LoRA-V6,2.4049999713897705,2.405607316581301,2.424999952316284,0.019392635734983177,0.00806346609799613,1.0
SMCI,2017-06-21,5,Chronos-LoRA-V6,2.4049999713897705,2.406216656099509,2.430000066757202,0.02378341065769307,0.009889152158263581,1.0
SMCI,2017-06-21,10,Chronos-LoRA-V6,2.4049999713897705,2.4068663752830743,2.3949999809265137,0.011866394356560672,0.004934051766205871,0.0
SMCI,2017-06-21,20,Chronos-LoRA-V6,2.4049999713897705,2.4046946643198135,2.7100000381469727,0.30530537382715917,0.12694610289360342,0.0
SMCI,2017-10-12,1,Chronos-LoRA-V6,2.25,2.2515758460740387,2.259999990463257,0.008424144389218124,0.0037440641729857838,1.0
SMCI,2017-10-12,5,Chronos-LoRA-V6,2.25,2.2573893940302705,2.180000066757202,0.07738932727306835,0.03439525656580822,0.0
SMCI,2017-10-12,10,Chronos-LoRA-V6,2.25,2.265080630024754,2.1700000762939453,0.09508055373080859,0.04225802388035926,0.0
SMCI,2017-10-12,20,Chronos-LoRA-V6,2.25,2.2810578596706756,1.955000042915344,0.32605781675533163,0.14491458522459189,0.0
SMCI,2018-02-06,1,Chronos-LoRA-V6,1.955000042915344,1.9547866167214645,1.9800000190734863,0.025213402352021852,0.012896880715369763,0.0
SMCI,2018-02-06,5,Chronos-LoRA-V6,1.955000042915344,1.9617494380275098,1.840000033378601,0.12174940464890871,0.06227590893929236,0.0
SMCI,2018-02-06,10,Chronos-LoRA-V6,1.955000042915344,1.9716623941406564,1.815000057220459,0.15666233692019738,0.08013418592389321,0.0
SMCI,2018-02-06,20,Chronos-LoRA-V6,1.955000042915344,1.9881404264217855,1.9600000381469729,0.028140388274812578,0.014394060182652879,1.0
SMCI,2018-05-31,1,Chronos-LoRA-V6,2.4100000858306885,2.4135024306691086,2.440000057220459,0.02649762655135035,0.010994865397366604,1.0
SMCI,2018-05-31,5,Chronos-LoRA-V6,2.4100000858306885,2.4245662341366367,2.559999942779541,0.13543370864290427,0.056196557601458474,1.0
SMCI,2018-05-31,10,Chronos-LoRA-V6,2.4100000858306885,2.439635928251636,2.619999885559082,0.18036395730744603,0.074839813644769,1.0
SMCI,2018-05-31,20,Chronos-LoRA-V6,2.4100000858306885,2.4677509896255407,2.375,0.09275098962554074,0.03848588644077611,0.0
SMCI,2018-09-21,1,Chronos-LoRA-V6,2.069999933242798,2.0719184324666298,1.991000056266785,0.08091837619984488,0.0390910042557735,0.0
SMCI,2018-09-21,5,Chronos-LoRA-V6,2.069999933242798,2.07667555839592,2.061000108718872,0.015675449677047926,0.00757268124762267,0.0
SMCI,2018-09-21,10,Chronos-LoRA-V6,2.069999933242798,2.0825197968971523,1.2400000095367432,0.8425197873604091,0.4070144031553391,0.0
SMCI,2018-09-21,20,Chronos-LoRA-V6,2.069999933242798,2.0920765757834747,1.409999966621399,0.6820766091620758,0.3295056189173666,0.0
SMCI,2019-01-17,1,Chronos-LoRA-V6,1.4800000190734863,1.4806067412762929,1.5,0.01939325872370712,0.013103553022822068,1.0
SMCI,2019-01-17,5,Chronos-LoRA-V6,1.4800000190734863,1.4801561629872144,1.4950000047683716,0.014843841781157163,0.010029622695849616,1.0
SMCI,2019-01-17,10,Chronos-LoRA-V6,1.4800000190734863,1.4792510002544201,1.5260000228881836,0.04674902263376346,0.03158717704816627,0.0
SMCI,2019-01-17,20,Chronos-LoRA-V6,1.4800000190734863,1.4801718724890414,1.9759999513626096,0.4958280788735683,0.3350189678943165,1.0
SMCI,2019-05-13,1,Chronos-LoRA-V6,1.965000033378601,1.9651553137862132,1.991000056266785,0.02584474248057167,0.013152540479164587,1.0
SMCI,2019-05-13,5,Chronos-LoRA-V6,1.965000033378601,1.9642607337424383,1.995000004768372,0.030739271025933768,0.015643394658411802,0.0
SMCI,2019-05-13,10,Chronos-LoRA-V6,1.965000033378601,1.965480954065006,1.968000054359436,0.0025191002944300322,0.0012819848608851547,1.0
SMCI,2019-05-13,20,Chronos-LoRA-V6,1.965000033378601,1.973128756051885,1.837000012397766,0.1361287436541192,0.06927671315102257,0.0
SMCI,2019-09-04,1,Chronos-LoRA-V6,1.8550000190734863,1.8563094992060607,1.8849999904632568,0.028690491257196138,0.015466571947274854,1.0
SMCI,2019-09-04,5,Chronos-LoRA-V6,1.8550000190734863,1.8607113793224561,1.909999966621399,0.04928858729894281,0.0265706667343113,1.0
SMCI,2019-09-04,10,Chronos-LoRA-V6,1.8550000190734863,1.8656906069040486,1.968000054359436,0.10230944745538739,0.05515334037920261,1.0
SMCI,2019-09-04,20,Chronos-LoRA-V6,1.8550000190734863,1.8790742163600263,1.924999952316284,0.04592573595625771,0.024757808886274768,1.0
SMCI,2019-12-26,1,Chronos-LoRA-V6,2.380000114440918,2.3815734999515863,2.4100000858306885,0.028426585879102184,0.011943943072364016,1.0
SMCI,2019-12-26,5,Chronos-LoRA-V6,2.380000114440918,2.3865330318404467,2.344000101089477,0.042532930750969644,0.01787097844781449,0.0
SMCI,2019-12-26,10,Chronos-LoRA-V6,2.380000114440918,2.392250130034737,2.608999967575073,0.21674983754033583,0.09107135593195226,1.0
SMCI,2019-12-26,20,Chronos-LoRA-V6,2.380000114440918,2.400339858957768,2.871000051498413,0.4706601925406453,0.19775637391143874,1.0
SMCI,2020-04-21,1,Chronos-LoRA-V6,2.0980000495910645,2.101140799787418,2.1459999084472656,0.044859108659847546,0.021381843469732598,1.0
SMCI,2020-04-21,5,Chronos-LoRA-V6,2.0980000495910645,2.109536916752932,2.2769999504089355,0.16746303365600346,0.0798203192076401,1.0
SMCI,2020-04-21,10,Chronos-LoRA-V6,2.0980000495910645,2.1220806464117445,2.246999979019165,0.1249193326074205,0.05954210183730435,1.0
SMCI,2020-04-21,20,Chronos-LoRA-V6,2.0980000495910645,2.151926696678302,2.4790000915527344,0.3270733948744322,0.15589770597869346,1.0
SMCI,2020-08-12,1,Chronos-LoRA-V6,2.6010000705718994,2.6074974930389714,2.5989999771118164,0.008497515927154975,0.0032670187222588742,0.0
SMCI,2020-08-12,5,Chronos-LoRA-V6,2.6010000705718994,2.622609057208607,2.5910000801086426,0.03160897709996435,0.01215262446840848,0.0
SMCI,2020-08-12,10,Chronos-LoRA-V6,2.6010000705718994,2.6418643932350183,2.5989999771118164,0.04286441612320191,0.01647997499430176,0.0
SMCI,2020-08-12,20,Chronos-LoRA-V6,2.6010000705718994,2.6671946761641463,2.5439999103546143,0.12319476580953204,0.047364383878099825,0.0
SMCI,2020-12-03,1,Chronos-LoRA-V6,2.9670000076293945,2.9734617836442028,3.062999963760376,0.0895381801161732,0.030178018161757025,1.0
SMCI,2020-12-03,5,Chronos-LoRA-V6,2.9670000076293945,2.9972460793419318,3.0429999828338623,0.045753903491930537,0.015420931369827473,1.0
SMCI,2020-12-03,10,Chronos-LoRA-V6,2.9670000076293945,3.024614360690547,2.994999885559082,0.029614475131464868,0.009981285829226083,1.0
SMCI,2020-12-03,20,Chronos-LoRA-V6,2.9670000076293945,3.084749686954721,3.1050000190734863,0.020250332118765257,0.006825187754193829,1.0
SMCI,2021-03-30,1,Chronos-LoRA-V6,3.7939999103546143,3.801561498904819,3.9059998989105225,0.10443840000570326,0.027527254210172547,1.0
SMCI,2021-03-30,5,Chronos-LoRA-V6,3.7939999103546143,3.8315846603706847,3.934000015258789,0.10241535488810438,0.026994031973641253,1.0
SMCI,2021-03-30,10,Chronos-LoRA-V6,3.7939999103546143,3.866597151892455,3.927999973297119,0.06140282140466402,0.016184191580258744,1.0
SMCI,2021-03-30,20,Chronos-LoRA-V6,3.7939999103546143,3.9364975288816098,3.813999891281128,0.12249763760048182,0.03228720097387461,1.0
SMCI,2021-07-22,1,Chronos-LoRA-V6,3.441999912261963,3.44515599731693,3.509999990463257,0.06484399314632672,0.01883904555468563,1.0
SMCI,2021-07-22,5,Chronos-LoRA-V6,3.441999912261963,3.457972098316018,3.734999895095825,0.2770277967798074,0.08048454498586977,1.0
SMCI,2021-07-22,10,Chronos-LoRA-V6,3.441999912261963,3.4730128449200732,3.859999895095825,0.38698705017575197,0.11243087159797094,1.0
SMCI,2021-07-22,20,Chronos-LoRA-V6,3.441999912261963,3.505285480922889,3.4760000705718994,0.029285410350989416,0.008508254240989777,1.0
SMCI,2021-11-11,1,Chronos-LoRA-V6,4.431000232696533,4.436288078939809,4.36899995803833,0.06728812090147862,0.015185763341865055,0.0
SMCI,2021-11-11,5,Chronos-LoRA-V6,4.431000232696533,4.454123284643164,4.285999774932861,0.16812350971030288,0.03794256395423157,0.0
SMCI,2021-11-11,10,Chronos-LoRA-V6,4.431000232696533,4.477867116831312,4.043000221252441,0.43486689557887104,0.09814192569207514,0.0
SMCI,2021-11-11,20,Chronos-LoRA-V6,4.431000232696533,4.517975357077245,4.287000179290772,0.23097517778647259,0.052127096740392176,0.0
SMCI,2022-03-08,1,Chronos-LoRA-V6,4.047999858856201,4.053214727007174,4.159999847412109,0.10678512040493526,0.026379724339987698,1.0
SMCI,2022-03-08,5,Chronos-LoRA-V6,4.047999858856201,4.070982938028828,4.182000160217285,0.11101722218845733,0.027425204066046094,1.0
SMCI,2022-03-08,10,Chronos-LoRA-V6,4.047999858856201,4.095871123961774,4.295000076293945,0.19912895233217132,0.049191936579868534,1.0
SMCI,2022-03-08,20,Chronos-LoRA-V6,4.047999858856201,4.136309709746505,3.640000104904175,0.4963096048423301,0.12260613195341541,0.0
SMCI,2022-06-30,1,Chronos-LoRA-V6,4.034999847412109,4.037427098943089,3.913000106811523,0.12442699213156638,0.030836926105801243,0.0
SMCI,2022-06-30,5,Chronos-LoRA-V6,4.034999847412109,4.05030124337235,4.046000003814697,0.004301239557652714,0.0010659825824803626,1.0
SMCI,2022-06-30,10,Chronos-LoRA-V6,4.034999847412109,4.071355278001594,4.216000080108643,0.14464480210704878,0.03584753595463397,1.0
SMCI,2022-06-30,20,Chronos-LoRA-V6,4.034999847412109,4.117772341995668,5.401000022888184,1.2832276808925158,0.31802422042606215,1.0
SMCI,2022-10-21,1,Chronos-LoRA-V6,6.453000068664551,6.46517223717593,6.301000118255615,0.16417211892031514,0.025441208302093066,0.0
SMCI,2022-10-21,5,Chronos-LoRA-V6,6.453000068664551,6.506247276293761,6.872000217437744,0.3657529411439828,0.05667951917745384,1.0
SMCI,2022-10-21,10,Chronos-LoRA-V6,6.453000068664551,6.552106007528883,7.663000106811523,1.1108940992826408,0.17215157096884104,1.0
SMCI,2022-10-21,20,Chronos-LoRA-V6,6.453000068664551,6.644711446335163,8.64900016784668,2.004288721511517,0.31059796996504674,1.0
SMCI,2023-02-15,1,Chronos-LoRA-V6,9.300000190734863,9.317088638469265,9.588000297546388,0.27091165907712345,0.029130285324834748,1.0
SMCI,2023-02-15,5,Chronos-LoRA-V6,9.300000190734863,9.37586962421574,9.427000045776367,0.05113042156062697,0.005497894678708093,1.0
SMCI,2023-02-15,10,Chronos-LoRA-V6,9.300000190734863,9.44644500232499,9.836999893188477,0.39055489086348594,0.04199514869392984,1.0
SMCI,2023-02-15,20,Chronos-LoRA-V6,9.300000190734863,9.58129847629998,9.722999572753906,0.14170109645392692,0.015236676725565612,1.0
SMCI,2023-06-09,1,Chronos-LoRA-V6,26.166000366210938,26.337348694422026,25.864999771118164,0.472348923303862,0.0180520108802652,0.0
SMCI,2023-06-09,5,Chronos-LoRA-V6,26.166000366210938,27.065167383793536,23.07699966430664,3.9881677194868956,0.15241793410035098,0.0
SMCI,2023-06-09,10,Chronos-LoRA-V6,26.166000366210938,27.980882598096787,21.649999618530277,6.3308829795665105,0.24195073343122775,0.0
SMCI,2023-06-09,20,Chronos-LoRA-V6,26.166000366210938,30.01414534505025,27.09499931335449,2.9191460316957603,0.11156256175343304,1.0
SMCI,2023-10-03,1,Chronos-LoRA-V6,26.996999740600582,27.147196587862343,28.040000915527344,0.8928043276650008,0.03307050176847315,1.0
SMCI,2023-10-03,5,Chronos-LoRA-V6,26.996999740600582,27.76882723973873,31.0310001373291,3.2621728975903714,0.12083464566191826,1.0
SMCI,2023-10-03,10,Chronos-LoRA-V6,26.996999740600582,28.546764776293294,29.85400009155273,1.3072353152594367,0.048421503419637135,1.0
SMCI,2023-10-03,20,Chronos-LoRA-V6,26.996999740600582,29.988665468142155,23.94700050354004,6.041664964602116,0.22379023679124255,0.0
SMCI,2024-01-26,1,Chronos-LoRA-V6,47.415000915527344,47.66045399212422,49.56700134277344,1.9065473506492197,0.04020979255164092,1.0
SMCI,2024-01-26,5,Chronos-LoRA-V6,47.415000915527344,48.53864631346726,57.9630012512207,9.424354937753442,0.19876314996900435,1.0
SMCI,2024-01-26,10,Chronos-LoRA-V6,47.415000915527344,49.64357622983221,74.02899932861328,24.385423098781068,0.5142976405763475,1.0
SMCI,2024-01-26,20,Chronos-LoRA-V6,47.415000915527344,51.77421104373664,87.63400268554688,35.85979164181023,0.7562963397532481,1.0
SMCI,2024-05-20,1,Chronos-LoRA-V6,90.3939971923828,91.01576889974261,89.8949966430664,1.1207722566762044,0.012398746504050484,0.0
SMCI,2024-05-20,5,Chronos-LoRA-V6,90.3939971923828,93.34285258670144,87.47200012207031,5.8708524646311275,0.06494737092039826,0.0
SMCI,2024-05-20,10,Chronos-LoRA-V6,90.3939971923828,96.29784826495157,77.16100311279297,19.1368451521586,0.21170482273762314,0.0
SMCI,2024-05-20,20,Chronos-LoRA-V6,90.3939971923828,102.25238066352603,92.0009994506836,10.251381212842432,0.11340776524158724,1.0
SMCI,2024-09-12,1,Chronos-LoRA-V6,44.2130012512207,44.347557703937795,45.71599960327149,1.3684418993336962,0.03095111982012111,1.0
SMCI,2024-09-12,5,Chronos-LoRA-V6,44.2130012512207,44.837219394815584,43.720001220703125,1.117218174112459,0.025268996505447894,0.0
SMCI,2024-09-12,10,Chronos-LoRA-V6,44.2130012512207,45.42158333147925,40.2400016784668,5.181581653012451,0.11719588144605753,0.0
SMCI,2024-09-12,20,Chronos-LoRA-V6,44.2130012512207,46.72530469881809,46.470001220703125,0.2553034781149677,0.005774398274035253,1.0
SMCI,2025-01-06,1,Chronos-LoRA-V6,36.45000076293945,36.56787919241629,34.380001068115234,2.187878124301058,0.060024089945303394,0.0
SMCI,2025-01-06,5,Chronos-LoRA-V6,36.45000076293945,36.89123690606979,30.530000686645508,6.361236219424285,0.1745195085398208,0.0
SMCI,2025-01-06,10,Chronos-LoRA-V6,36.45000076293945,37.241253731977075,33.86000061035156,3.3812531216255124,0.09276414405629863,0.0
SMCI,2025-01-06,20,Chronos-LoRA-V6,36.45000076293945,38.15980107176867,31.489999771118164,6.669801300650505,0.1829849426898238,0.0
SMCI,2025-05-01,1,Chronos-LoRA-V6,32.72999954223633,32.80836140524895,33.709999084472656,0.901637679223704,0.02754774493840695,1.0
SMCI,2025-05-01,5,Chronos-LoRA-V6,32.72999954223633,33.0647379185983,32.11000061035156,0.9547373082467345,0.029170098429567637,0.0
SMCI,2025-05-01,10,Chronos-LoRA-V6,32.72999954223633,33.40809132932115,43.959999084472656,10.551907755151504,0.32239254209383117,1.0
SMCI,2025-05-01,20,Chronos-LoRA-V6,32.72999954223633,34.121625196919084,40.02000045776367,5.898375260844588,0.18021311773112147,1.0
SMCI,2025-08-25,1,Chronos-LoRA-V6,44.06999969482422,44.0588816850337,44.36000061035156,0.30111892531786566,0.0068327417155219505,0.0
SMCI,2025-08-25,5,Chronos-LoRA-V6,44.06999969482422,44.03174730175509,40.77999877929688,3.2517485224582074,0.07378598922114599,1.0
SMCI,2025-08-25,10,Chronos-LoRA-V6,44.06999969482422,44.007720003436724,42.91999816894531,1.0877218344914112,0.024681684638612755,1.0
SMCI,2025-08-25,20,Chronos-LoRA-V6,44.06999969482422,44.00795865172323,46.9900016784668,2.9820430267435682,0.0676660550804088,0.0
SMCI,2025-12-16,1,Chronos-LoRA-V6,31.65999984741211,31.640800736640927,29.84000015258789,1.800800584053036,0.05687936174138142,1.0
SMCI,2025-12-16,5,Chronos-LoRA-V6,31.65999984741211,31.562114588495017,30.76000022888184,0.8021143596131779,0.025335261006918297,1.0
SMCI,2025-12-16,10,Chronos-LoRA-V6,31.65999984741211,31.492596613223927,29.270000457763672,2.2225961554602556,0.07020202672685516,1.0
SMCI,2025-12-16,20,Chronos-LoRA-V6,31.65999984741211,31.216631410356086,29.420000076293945,1.7966313340621411,0.056747673490876394,1.0
SMCI,2026-04-13,1,Chronos-LoRA-V6,25.96999931335449,25.967889630993987,27.200000762939453,1.2321111319454658,0.047443633597320956,0.0
SMCI,2026-04-13,5,Chronos-LoRA-V6,25.96999931335449,25.859280319706844,28.809999465942383,2.9507191462355387,0.11362030128041634,0.0
SMCI,2026-04-13,10,Chronos-LoRA-V6,25.96999931335449,25.728546596435862,27.850000381469727,2.1214537850338644,0.08168863462167875,0.0
SMCI,2026-04-13,20,Chronos-LoRA-V6,25.96999931335449,25.486385972186092,33.52000045776367,8.03361448557758,0.3093421139001138,0.0
SMCI,2026-08-06,1,Chronos-LoRA-V6,29.3799991607666,29.37761246582552,31.1299991607666,1.7523866949410802,0.059645566541784545,0.0
SMCI,2026-08-06,5,Chronos-LoRA-V6,29.3799991607666,29.254742170914625,39.15999984741211,9.905257676497484,0.33714288493665934,0.0
SMCI,2026-08-06,10,Chronos-LoRA-V6,29.3799991607666,29.106842410362447,36.5,7.393157589637553,0.25163913549426553,0.0
SMCI,2026-08-06,20,Chronos-LoRA-V6,29.3799991607666,28.832884800607314,37.869998931884766,9.037114131277452,0.30759409085843037,0.0
CVNA,2018-07-06,1,Chronos-LoRA-V6,9.434000015258787,9.487314968475498,8.96399974822998,0.523315220245518,0.05547119137153855,0.0
CVNA,2018-07-06,5,Chronos-LoRA-V6,9.434000015258787,9.692926549257276,8.819999694824219,0.8729268544330573,0.09252987630073817,0.0
CVNA,2018-07-06,10,Chronos-LoRA-V6,9.434000015258787,9.94375519686946,8.838000297546387,1.105754899323074,0.1172095503004662,0.0
CVNA,2018-07-06,20,Chronos-LoRA-V6,9.434000015258787,10.467931944513376,9.015999794006348,1.4519321505070284,0.15390419208804706,0.0
CVNA,2018-09-04,1,Chronos-LoRA-V6,13.468000411987305,13.594041868705675,12.43000030517578,1.1640415635298957,0.08643016987836083,0.0
CVNA,2018-09-04,5,Chronos-LoRA-V6,13.468000411987305,14.072384857795504,14.163999557495115,0.09161469969961189,0.00680239804700844,1.0
CVNA,2018-09-04,10,Chronos-LoRA-V6,13.468000411987305,14.665380236555315,11.854000091552734,2.8113801450025804,0.20874517812609272,0.0
CVNA,2018-09-04,20,Chronos-LoRA-V6,13.468000411987305,16.008393135515384,10.892000198364258,5.116392937151126,0.3798925438550803,0.0
CVNA,2018-10-31,1,Chronos-LoRA-V6,7.75,7.76202496034074,8.878000259399414,1.1159752990586744,0.14399681278176435,1.0
CVNA,2018-10-31,5,Chronos-LoRA-V6,7.75,7.8094136251616915,9.234000205993652,1.4245865808319609,0.18381762333315632,1.0
CVNA,2018-10-31,10,Chronos-LoRA-V6,7.75,7.863975676375035,9.050000190734863,1.1860245143598283,0.15303542120771985,1.0
CVNA,2018-10-31,20,Chronos-LoRA-V6,7.75,7.943845567614174,9.45199966430664,1.5081540966924667,0.1946005286054795,1.0
CVNA,2019-01-03,1,Chronos-LoRA-V6,6.038000106811523,6.045164283460066,6.156000137329102,0.11083585386903572,0.018356384880483967,1.0
CVNA,2019-01-03,5,Chronos-LoRA-V6,6.038000106811523,6.072853356041118,6.829999923706055,0.7571465676649369,0.12539691193625413,1.0
CVNA,2019-01-03,10,Chronos-LoRA-V6,6.038000106811523,6.115053822350249,7.162000179290772,1.0469463569405235,0.17339290136140506,1.0
CVNA,2019-01-03,20,Chronos-LoRA-V6,6.038000106811523,6.197381196221211,7.056000232696533,0.8586190364753223,0.1422025540388292,1.0
CVNA,2019-03-05,1,Chronos-LoRA-V6,9.595999717712402,9.64667199835174,10.119999885559082,0.47332788720734165,0.04932554201035111,1.0
CVNA,2019-03-05,5,Chronos-LoRA-V6,9.595999717712402,9.762729206739815,10.619999885559082,0.8572706788192672,0.08933625511023169,1.0
CVNA,2019-03-05,10,Chronos-LoRA-V6,9.595999717712402,9.884102833849997,11.597999572753906,1.7138967389039088,0.1786053344437244,1.0
CVNA,2019-03-05,20,Chronos-LoRA-V6,9.595999717712402,10.093882658807738,12.564000129699709,2.470117470891971,0.2574111654393445,1.0
CVNA,2019-05-03,1,Chronos-LoRA-V6,14.435999870300291,14.49020570971913,14.407999992370604,0.08220571734852555,0.005694494187247101,0.0
CVNA,2019-05-03,5,Chronos-LoRA-V6,14.435999870300291,14.677528230071669,13.35200023651123,1.3255279935604385,0.09182100342682153,0.0
CVNA,2019-05-03,10,Chronos-LoRA-V6,14.435999870300291,14.907551785442651,13.62600040435791,1.281551381084741,0.08877468776661068,0.0
CVNA,2019-05-03,20,Chronos-LoRA-V6,14.435999870300291,15.34375935699067,11.663999557495115,3.679759799495555,0.2549016232028416,0.0
CVNA,2019-07-02,1,Chronos-LoRA-V6,12.9399995803833,12.966951186933132,12.833999633789062,0.13295155314406948,0.010274463481870666,0.0
CVNA,2019-07-02,5,Chronos-LoRA-V6,12.9399995803833,13.081225646080828,13.529999732971191,0.4487740868903636,0.03468115157984197,1.0
CVNA,2019-07-02,10,Chronos-LoRA-V6,12.9399995803833,13.202781369120538,12.184000015258787,1.0187813538617512,0.07873117363977333,0.0
CVNA,2019-07-02,20,Chronos-LoRA-V6,12.9399995803833,13.467124070779269,12.711999893188477,0.7551241775907922,0.05835581159798031,0.0
CVNA,2019-08-30,1,Chronos-LoRA-V6,16.23200035095215,16.27536119942405,15.923999786376951,0.35136141304709945,0.021646217684223368,0.0
CVNA,2019-08-30,5,Chronos-LoRA-V6,16.23200035095215,16.427144818848785,16.600000381469727,0.17285556262094204,0.01064906104507335,1.0
CVNA,2019-08-30,10,Chronos-LoRA-V6,16.23200035095215,16.612222496918886,16.305999755859375,0.30622274105951064,0.018865372994003593,1.0
CVNA,2019-08-30,20,Chronos-LoRA-V6,16.23200035095215,16.98580890596951,13.199999809265137,3.785809096704373,0.23323121087058762,0.0
CVNA,2019-10-29,1,Chronos-LoRA-V6,16.937999725341797,17.005299184571538,16.496000289916992,0.5092988946545454,0.030068420292424403,0.0
CVNA,2019-10-29,5,Chronos-LoRA-V6,16.937999725341797,17.21692266114033,16.304000854492188,0.9129218066481428,0.05389785225242827,0.0
CVNA,2019-10-29,10,Chronos-LoRA-V6,16.937999725341797,17.482301134368186,15.640000343322754,1.8423007910454317,0.10876731732903933,0.0
CVNA,2019-10-29,20,Chronos-LoRA-V6,16.937999725341797,18.04657447289598,18.56800079345703,0.5214263205610514,0.030784409553444414,1.0
CVNA,2019-12-30,1,Chronos-LoRA-V6,18.45599937438965,18.518581425651387,18.40999984741211,0.10858157823927783,0.005883267334195419,0.0
CVNA,2019-12-30,5,Chronos-LoRA-V6,18.45599937438965,18.737270495515983,18.18199920654297,0.5552712889730138,0.030086221705421967,0.0
CVNA,2019-12-30,10,Chronos-LoRA-V6,18.45599937438965,19.00598323616658,17.20400047302246,1.8019827631441174,0.09763669398713937,0.0
CVNA,2019-12-30,20,Chronos-LoRA-V6,18.45599937438965,19.509901335225283,16.350000381469727,3.1599009537555567,0.17121267126506146,0.0
CVNA,2020-02-28,1,Chronos-LoRA-V6,16.582000732421875,16.606831986272617,16.472000122070312,0.13483186420230453,0.008131218082669256,0.0
CVNA,2020-02-28,5,Chronos-LoRA-V6,16.582000732421875,16.78478266927417,13.20400047302246,3.5807821962517092,0.21594391738569885,0.0
CVNA,2020-02-28,10,Chronos-LoRA-V6,16.582000732421875,17.04533971807909,10.184000015258787,6.861339702820304,0.4137823784680401,0.0
CVNA,2020-02-28,20,Chronos-LoRA-V6,16.582000732421875,17.566859672835086,9.80799961090088,7.758860061934206,0.4679085586315125,0.0
CVNA,2020-04-28,1,Chronos-LoRA-V6,16.591999053955078,16.654339537350257,16.97800064086914,0.32366110351888366,0.019507058942468625,1.0
CVNA,2020-04-28,5,Chronos-LoRA-V6,16.591999053955078,16.913956832243233,17.200000762939453,0.2860439306962199,0.017239871444425736,1.0
CVNA,2020-04-28,10,Chronos-LoRA-V6,16.591999053955078,17.218213212521505,18.74399948120117,1.5257862686796635,0.0919591583701278,1.0
CVNA,2020-04-28,20,Chronos-LoRA-V6,16.591999053955078,17.809611959187663,19.22800064086914,1.4183886816814777,0.08548630439702043,1.0
CVNA,2020-06-26,1,Chronos-LoRA-V6,23.48200035095215,23.57596475237081,24.073999404907227,0.4980346525364183,0.0212092089725322,1.0
CVNA,2020-06-26,5,Chronos-LoRA-V6,23.48200035095215,23.894775279867446,26.88800048828125,2.9932252084138042,0.1274689193287759,1.0
CVNA,2020-06-26,10,Chronos-LoRA-V6,23.48200035095215,24.317157607924536,25.309999465942383,0.9928418580178473,0.042280974498732915,1.0
CVNA,2020-06-26,20,Chronos-LoRA-V6,23.48200035095215,25.194643448668216,30.166000366210938,4.971356917542721,0.21170925999671675,1.0
CVNA,2020-08-25,1,Chronos-LoRA-V6,40.58599853515625,40.841598765423285,41.56399917602539,0.7224004106021056,0.01779925187688436,1.0
CVNA,2020-08-25,5,Chronos-LoRA-V6,40.58599853515625,41.83921223544677,45.4379997253418,3.598787489895024,0.08867066524869904,1.0
CVNA,2020-08-25,10,Chronos-LoRA-V6,40.58599853515625,43.07023872175479,35.97200012207031,7.098238599684478,0.174893777555722,0.0
CVNA,2020-08-25,20,Chronos-LoRA-V6,40.58599853515625,45.725003819740294,43.73400115966797,1.9910026600723256,0.04905639215326163,1.0
CVNA,2020-10-23,1,Chronos-LoRA-V6,40.52799987792969,40.695083245160205,40.2760009765625,0.41908226859770537,0.010340561336853127,0.0
CVNA,2020-10-23,5,Chronos-LoRA-V6,40.52799987792969,41.42529225564985,37.06999969482422,4.355292560825632,0.10746379229036152,0.0
CVNA,2020-10-23,10,Chronos-LoRA-V6,40.52799987792969,42.29876831087757,42.0,0.29876831087756983,0.007371898731184823,1.0
CVNA,2020-10-23,20,Chronos-LoRA-V6,40.52799987792969,44.27966806934466,46.86000061035156,2.5803325410069036,0.06366789747283019,1.0
CVNA,2020-12-22,1,Chronos-LoRA-V6,58.30400085449219,58.720744850680795,54.0,4.720744850680795,0.08096776861783872,0.0
CVNA,2020-12-22,5,Chronos-LoRA-V6,58.30400085449219,60.347466777624085,50.06800079345703,10.279465984167054,0.17630807206217725,0.0
CVNA,2020-12-22,10,Chronos-LoRA-V6,58.30400085449219,62.247050468313844,54.03200149536133,8.215048972952516,0.14090026160390967,0.0
CVNA,2020-12-22,20,Chronos-LoRA-V6,58.30400085449219,66.26854208143607,54.69400024414063,11.574541837295435,0.19852054177519873,0.0
CVNA,2021-02-24,1,Chronos-LoRA-V6,56.98799896240234,57.324333891653076,52.73199844360352,4.592335448049553,0.08058425513553003,0.0
CVNA,2021-02-24,5,Chronos-LoRA-V6,56.98799896240234,58.643603374199024,57.6259994506836,1.0176039235154235,0.017856459992336093,1.0
CVNA,2021-02-24,10,Chronos-LoRA-V6,56.98799896240234,60.25739712669916,52.09000015258789,8.16739697411127,0.14331784099841238,0.0
CVNA,2021-02-24,20,Chronos-LoRA-V6,56.98799896240234,63.52100124337666,50.56999969482422,12.95100154855244,0.2272584014942659,0.0
CVNA,2021-04-23,1,Chronos-LoRA-V6,55.60200119018555,55.79812420431774,58.87799835205078,3.079874147733044,0.05539142624018867,1.0
CVNA,2021-04-23,5,Chronos-LoRA-V6,55.60200119018555,56.663955140987575,57.05199813842773,0.38804299744015225,0.006978939411062868,1.0
CVNA,2021-04-23,10,Chronos-LoRA-V6,55.60200119018555,57.746462660535165,49.5620002746582,8.184462385876962,0.14719726288056023,0.0
CVNA,2021-04-23,20,Chronos-LoRA-V6,55.60200119018555,60.03867518663326,49.28400039672852,10.75467478990474,0.19342244091392657,0.0
CVNA,2021-06-23,1,Chronos-LoRA-V6,62.94599914550781,63.281296815763326,60.902000427246094,2.3792963885172327,0.03779900900480082,0.0
CVNA,2021-06-23,5,Chronos-LoRA-V6,62.94599914550781,64.50690784950812,60.36399841308594,4.142909436422187,0.06581688260830232,0.0
CVNA,2021-06-23,10,Chronos-LoRA-V6,62.94599914550781,66.0952432051805,64.50199890136719,1.5932443038133073,0.025311287856918607,1.0
CVNA,2021-06-23,20,Chronos-LoRA-V6,62.94599914550781,69.53839226084204,67.0459976196289,2.4923946412131386,0.03959575946124305,1.0
CVNA,2021-08-20,1,Chronos-LoRA-V6,69.9520034790039,70.28645334471435,71.51599884033203,1.2295454956176854,0.01757698756958015,1.0
CVNA,2021-08-20,5,Chronos-LoRA-V6,69.9520034790039,71.68197294883483,67.50399780273438,4.177975146100451,0.05972631144659735,0.0
CVNA,2021-08-20,10,Chronos-LoRA-V6,69.9520034790039,73.39749107980454,65.73200225830078,7.665488821503757,0.10958211974306853,0.0
CVNA,2021-08-20,20,Chronos-LoRA-V6,69.9520034790039,77.04396673626279,65.30000305175781,11.743963684504976,0.16788602327923208,0.0
CVNA,2021-10-19,1,Chronos-LoRA-V6,58.16999816894531,58.19503374717151,57.805999755859375,0.38903399131213234,0.006687880411861968,0.0
CVNA,2021-10-19,5,Chronos-LoRA-V6,58.16999816894531,58.3114981865316,58.3120002746582,0.0005020881266020183,8.63139319928763e-06,1.0
CVNA,2021-10-19,10,Chronos-LoRA-V6,58.16999816894531,58.37096621214229,60.060001373291016,1.6890351611487233,0.029036190722289357,1.0
CVNA,2021-10-19,20,Chronos-LoRA-V6,58.16999816894531,58.921773499954526,60.15800094604492,1.2362274460903961,0.021251976706273323,1.0
CVNA,2021-12-17,1,Chronos-LoRA-V6,44.71799850463867,44.81045828773566,41.12200164794922,3.6884566397864447,0.08248259678714898,0.0
CVNA,2021-12-17,5,Chronos-LoRA-V6,44.71799850463867,45.033047964442126,46.43600082397461,1.4029528595324834,0.031373337502727194,1.0
CVNA,2021-12-17,10,Chronos-LoRA-V6,44.71799850463867,45.502505092165364,47.92599868774414,2.423493595578776,0.05419503726955455,1.0
CVNA,2021-12-17,20,Chronos-LoRA-V6,44.71799850463867,46.46767539509836,32.417999267578125,14.049676127520236,0.3141839214038804,0.0
CVNA,2022-02-16,1,Chronos-LoRA-V6,27.724000930786133,27.70029504801132,27.04599952697754,0.6542955210337809,0.023600328201807907,1.0
CVNA,2022-02-16,5,Chronos-LoRA-V6,27.724000930786133,27.53832234458316,25.209999084472656,2.328323260110505,0.08398222413580347,1.0
CVNA,2022-02-16,10,Chronos-LoRA-V6,27.724000930786133,27.352829375063205,24.666000366210938,2.6868290088522677,0.09691346554056268,1.0
CVNA,2022-02-16,20,Chronos-LoRA-V6,27.724000930786133,26.99954966878444,26.972000122070312,0.027549546714126905,0.0009937074660654188,1.0
CVNA,2022-04-19,1,Chronos-LoRA-V6,20.35400009155273,20.291620883083894,18.5,1.791620883083894,0.08802303601381267,1.0
CVNA,2022-04-19,5,Chronos-LoRA-V6,20.35400009155273,20.032255892119796,14.097999572753906,5.93425631936589,0.2915523382467071,1.0
CVNA,2022-04-19,10,Chronos-LoRA-V6,20.35400009155273,19.73843756195144,11.465999603271484,8.272437958679955,0.406428118378223,1.0
CVNA,2022-04-19,20,Chronos-LoRA-V6,20.35400009155273,19.162450852481804,8.319999694824219,10.842451157657585,0.5326938738767814,1.0
CVNA,2022-06-16,1,Chronos-LoRA-V6,4.28000020980835,4.224918524641982,4.854000091552734,0.6290815669107523,0.14698166730672224,0.0
CVNA,2022-06-16,5,Chronos-LoRA-V6,4.28000020980835,4.024562000799315,6.303999900817871,2.2794379000185563,0.5325789224951055,0.0
CVNA,2022-06-16,10,Chronos-LoRA-V6,4.28000020980835,3.7904190762512995,4.374000072479248,0.5835809962279486,0.1363506933692603,0.0
CVNA,2022-06-16,20,Chronos-LoRA-V6,4.28000020980835,3.3859852312358454,4.449999809265137,1.0640145780292913,0.24860152473612518,0.0
CVNA,2022-08-17,1,Chronos-LoRA-V6,9.923999786376951,9.91296596054648,9.571999549865724,0.34096641068075506,0.03435776078399477,1.0
CVNA,2022-08-17,5,Chronos-LoRA-V6,9.923999786376951,9.85070438579937,7.217999935150146,2.632704450649224,0.26528662911331746,1.0
CVNA,2022-08-17,10,Chronos-LoRA-V6,9.923999786376951,9.76059930853008,6.5980000495910645,3.162599258939016,0.3186819152576399,1.0
CVNA,2022-08-17,20,Chronos-LoRA-V6,9.923999786376951,9.52115767120423,7.403999805450439,2.117157865753792,0.21333715349934756,1.0
CVNA,2022-10-14,1,Chronos-LoRA-V6,3.427999973297119,3.4134110905266346,3.6440000534057617,0.2305889628791271,0.06726632575126357,0.0
CVNA,2022-10-14,5,Chronos-LoRA-V6,3.427999973297119,3.35177782007502,2.8499999046325684,0.5017779154424518,0.14637628919227552,1.0
CVNA,2022-10-14,10,Chronos-LoRA-V6,3.427999973297119,3.277387178380656,2.8980000019073486,0.37938717647330744,0.11067303950659169,1.0
CVNA,2022-10-14,20,Chronos-LoRA-V6,3.427999973297119,3.1427797225046197,2.375999927520752,0.7667797949838677,0.22368138884387556,1.0
CVNA,2022-12-14,1,Chronos-LoRA-V6,1.0520000457763672,1.0445550210531038,1.093999981880188,0.04944496082708416,0.047000911288548664,0.0
CVNA,2022-12-14,5,Chronos-LoRA-V6,1.0520000457763672,1.0167311203520324,0.8640000224113464,0.15273109794068596,0.14518164571748826,1.0
CVNA,2022-12-14,10,Chronos-LoRA-V6,1.0520000457763672,0.9851057345048554,0.8899999856948853,0.09510574880997014,0.09040470025814773,1.0
CVNA,2022-12-14,20,Chronos-LoRA-V6,1.0520000457763672,0.9260829493925057,1.4040000438690186,0.47791709447651287,0.4542937962743281,0.0
CVNA,2023-02-14,1,Chronos-LoRA-V6,2.1440000534057617,2.1285445995847807,2.5380001068115234,0.40945550722674273,0.19097737734489306,0.0
CVNA,2023-02-14,5,Chronos-LoRA-V6,2.1440000534057617,2.064926906138914,2.013999938964844,0.05092696717406975,0.02375324902309206,1.0
CVNA,2023-02-14,10,Chronos-LoRA-V6,2.1440000534057617,1.9829543892607562,1.781999945640564,0.2009544436201922,0.09372874935379516,1.0
CVNA,2023-02-14,20,Chronos-LoRA-V6,2.1440000534057617,1.8216329715375248,1.409999966621399,0.41163300491612587,0.19199300124188123,1.0
CVNA,2023-04-17,1,Chronos-LoRA-V6,1.812000036239624,1.7983038680672525,1.7599999904632568,0.03830387760399567,0.02113900487744269,1.0
CVNA,2023-04-17,5,Chronos-LoRA-V6,1.812000036239624,1.7444993768967019,1.6740000247955322,0.07049935210116964,0.03890692643002058,1.0
CVNA,2023-04-17,10,Chronos-LoRA-V6,1.812000036239624,1.6805296376870216,1.3860000371932983,0.29452960049372323,0.16254392638145276,1.0
CVNA,2023-04-17,20,Chronos-LoRA-V6,1.812000036239624,1.5557174324501895,2.315999984741211,0.7602825522910215,0.4195819741090112,0.0
CVNA,2023-06-14,1,Chronos-LoRA-V6,4.679999828338623,4.647585992937188,5.276000022888184,0.6284140299509957,0.13427650705151417,0.0
CVNA,2023-06-14,5,Chronos-LoRA-V6,4.679999828338623,4.518945980800312,5.107999801635742,0.5890538208354306,0.12586620564995654,0.0
CVNA,2023-06-14,10,Chronos-LoRA-V6,4.679999828338623,4.363781063488331,5.1479997634887695,0.7842187000004381,0.16756810443705328,0.0
CVNA,2023-06-14,20,Chronos-LoRA-V6,4.679999828338623,4.052067917928066,7.539999961853027,3.4879320439249613,0.745284652107169,0.0
CVNA,2023-08-14,1,Chronos-LoRA-V6,8.218000411987305,8.16831368444483,7.863999843597412,0.3043138408474171,0.037030156436050565,1.0
CVNA,2023-08-14,5,Chronos-LoRA-V6,8.218000411987305,7.940023617320199,8.067999839782715,0.12797622246251628,0.015572671701967966,1.0
CVNA,2023-08-14,10,Chronos-LoRA-V6,8.218000411987305,7.658657936522697,9.074000358581545,1.4153424220588473,0.1722246715873046,0.0
CVNA,2023-08-14,20,Chronos-LoRA-V6,8.218000411987305,7.1627762328452995,10.15999984741211,2.99722361456681,0.3647144638974301,0.0
CVNA,2023-10-12,1,Chronos-LoRA-V6,6.77400016784668,6.7490460564779005,6.77400016784668,0.02495411136877923,0.003683807314801335,0.0
CVNA,2023-10-12,5,Chronos-LoRA-V6,6.77400016784668,6.607397504949878,6.317999839782715,0.28939766516716325,0.042721827280254865,1.0
CVNA,2023-10-12,10,Chronos-LoRA-V6,6.77400016784668,6.416262734365957,5.820000171661377,0.5962625627045801,0.0880222243770804,1.0
CVNA,2023-10-12,20,Chronos-LoRA-V6,6.77400016784668,6.047744783632371,6.0879998207092285,0.04025503707685729,0.00594257987591007,1.0
CVNA,2023-12-11,1,Chronos-LoRA-V6,7.966000080108643,7.905563864119414,7.900000095367432,0.005563768751982501,0.0006984394546863948,1.0
CVNA,2023-12-11,5,Chronos-LoRA-V6,7.966000080108643,7.669278123101283,11.13599967956543,3.4667215564641465,0.4351897466233602,0.0
CVNA,2023-12-11,10,Chronos-LoRA-V6,7.966000080108643,7.384039428048135,10.711999893188477,3.3279604651403414,0.4177705789195715,0.0
CVNA,2023-12-11,20,Chronos-LoRA-V6,7.966000080108643,6.834050243599421,9.347999572753906,2.513949329154485,0.31558489880409335,0.0
CVNA,2024-02-12,1,Chronos-LoRA-V6,11.055999755859377,11.021528301338012,10.394000053405762,0.6275282479322506,0.056759068541013424,1.0
CVNA,2024-02-12,5,Chronos-LoRA-V6,11.055999755859377,10.866932942976538,10.362000465393066,0.5049324775834716,0.04567044941511256,1.0
CVNA,2024-02-12,10,Chronos-LoRA-V6,11.055999755859377,10.658404464558744,16.083999633789062,5.425595169230318,0.4907376346815585,0.0
CVNA,2024-02-12,20,Chronos-LoRA-V6,11.055999755859377,10.245738960747063,15.255999565124512,5.010260604377448,0.453171193470961,0.0
CVNA,2024-04-11,1,Chronos-LoRA-V6,16.08799934387207,16.03975757005019,14.998000144958496,1.0417574250916957,0.06475369639348605,1.0
CVNA,2024-04-11,5,Chronos-LoRA-V6,16.08799934387207,15.841024763930418,14.229999542236328,1.6110252216940903,0.10013831970398057,1.0
CVNA,2024-04-11,10,Chronos-LoRA-V6,16.08799934387207,15.575410273238832,15.5,0.0754102732388322,0.00468736177985718,1.0
CVNA,2024-04-11,20,Chronos-LoRA-V6,16.08799934387207,14.985084149334638,24.082000732421875,9.096916583087237,0.5654473492101588,0.0
CVNA,2024-06-11,1,Chronos-LoRA-V6,20.823999404907227,20.81011469584966,22.214000701904297,1.4038860060546376,0.06741673291268968,0.0
CVNA,2024-06-11,5,Chronos-LoRA-V6,20.823999404907227,20.71506545164664,22.1560001373291,1.4409346856824605,0.06919586663755384,0.0
CVNA,2024-06-11,10,Chronos-LoRA-V6,20.823999404907227,20.597956619803778,25.31999969482422,4.722043075020441,0.22675966240700518,0.0
CVNA,2024-06-11,20,Chronos-LoRA-V6,20.823999404907227,20.43964173496335,25.98600006103516,5.546358326071811,0.2663445296086976,0.0
CVNA,2024-08-09,1,Chronos-LoRA-V6,27.18400001525879,27.17244171666316,26.69599914550781,0.4764425711553528,0.01752658074190394,1.0
CVNA,2024-08-09,5,Chronos-LoRA-V6,27.18400001525879,27.129380691107613,31.18600082397461,4.056620132866996,0.1492282272877411,0.0
CVNA,2024-08-09,10,Chronos-LoRA-V6,27.18400001525879,27.081498091179117,31.95599937438965,4.874501283210531,0.17931508536177165,0.0
CVNA,2024-08-09,20,Chronos-LoRA-V6,27.18400001525879,26.958934961874387,27.09600067138672,0.13706570951233132,0.005042146462455599,1.0
CVNA,2024-10-09,1,Chronos-LoRA-V6,38.01399993896485,38.14014486778119,38.31399917602539,0.17385430824420212,0.004573428434875071,1.0
CVNA,2024-10-09,5,Chronos-LoRA-V6,38.01399993896485,38.536055156717225,38.68000030517578,0.1439451484585561,0.0037866351525668307,1.0
CVNA,2024-10-09,10,Chronos-LoRA-V6,38.01399993896485,38.97356790814776,39.46799850463867,0.4944305964909148,0.013006539624474511,1.0
CVNA,2024-10-09,20,Chronos-LoRA-V6,38.01399993896485,39.95905165763378,47.7859992980957,7.826947640461924,0.20589645007178525,1.0
CVNA,2024-12-06,1,Chronos-LoRA-V6,50.242000579833984,50.432835139516094,48.805999755859375,1.6268353836567186,0.03237998815496401,0.0
CVNA,2024-12-06,5,Chronos-LoRA-V6,50.242000579833984,51.16908942170454,49.650001525878906,1.5190878958256349,0.030235418142074533,0.0
CVNA,2024-12-06,10,Chronos-LoRA-V6,50.242000579833984,52.008205372727396,44.891998291015625,7.116207081711771,0.14163860912353998,0.0
CVNA,2024-12-06,20,Chronos-LoRA-V6,50.242000579833984,53.76573242007737,39.66999816894531,14.095734251132058,0.2805567869204191,0.0
CVNA,2025-02-07,1,Chronos-LoRA-V6,52.81399917602539,53.04857355353444,53.5620002746582,0.5134267211237642,0.009721413434580883,1.0
CVNA,2025-02-07,5,Chronos-LoRA-V6,52.81399917602539,53.9641796293588,57.06600189208984,3.1018222627310337,0.05873106205028855,1.0
CVNA,2025-02-07,10,Chronos-LoRA-V6,52.81399917602539,55.02751074610872,43.130001068115234,11.897509677993483,0.22527189502048328,0.0
CVNA,2025-02-07,20,Chronos-LoRA-V6,52.81399917602539,57.367783801567356,34.321998596191406,23.04578520537595,0.43635751060179984,0.0
CVNA,2025-04-09,1,Chronos-LoRA-V6,44.0880012512207,44.29790540120453,40.73199844360352,3.5659069576010083,0.0808815744964686,0.0
CVNA,2025-04-09,5,Chronos-LoRA-V6,44.0880012512207,44.90983428741482,41.86000061035156,3.049833677063255,0.06917604768891195,0.0
CVNA,2025-04-09,10,Chronos-LoRA-V6,44.0880012512207,45.92309194528657,47.00400161743164,1.0809096721450686,0.02451709402714508,1.0
CVNA,2025-04-09,20,Chronos-LoRA-V6,44.0880012512207,48.1375358879158,57.10599899291992,8.968463105004119,0.2034218574323734,1.0
CVNA,2025-06-09,1,Chronos-LoRA-V6,67.98200225830078,68.37432566896773,67.69999694824219,0.6743287207255406,0.00991922418176805,0.0
CVNA,2025-06-09,5,Chronos-LoRA-V6,67.98200225830078,69.92550287735705,58.0099983215332,11.915504555823844,0.17527439851727722,0.0
CVNA,2025-06-09,10,Chronos-LoRA-V6,67.98200225830078,71.8842166856138,64.59400177001953,7.290214915594262,0.1072374256923877,0.0
CVNA,2025-06-09,20,Chronos-LoRA-V6,67.98200225830078,76.02148545012683,70.21800231933594,5.8034831307908945,0.08536793471807869,1.0
CVNA,2025-08-08,1,Chronos-LoRA-V6,69.51200103759766,69.7800984789103,69.05000305175781,0.7300954271524915,0.01050315652339795,0.0
CVNA,2025-08-08,5,Chronos-LoRA-V6,69.51200103759766,70.88059671832832,69.99800109863281,0.8825956196955076,0.0126970250679177,1.0
CVNA,2025-08-08,10,Chronos-LoRA-V6,69.51200103759766,72.28400105149166,71.56199645996094,0.7220045915307196,0.010386761721047355,1.0
CVNA,2025-08-08,20,Chronos-LoRA-V6,69.51200103759766,75.05856093815386,74.44200134277344,0.6165595953804228,0.00886982947084114,1.0
CVNA,2025-10-07,1,Chronos-LoRA-V6,74.06199645996094,74.3359437519459,72.18199920654297,2.1539445454029362,0.029082993280735936,0.0
CVNA,2025-10-07,5,Chronos-LoRA-V6,74.06199645996094,75.44392631742178,69.18199920654297,6.2619271108788155,0.08454980165521342,0.0
CVNA,2025-10-07,10,Chronos-LoRA-V6,74.06199645996094,76.82570325380007,71.17400360107422,5.651699652725853,0.07631038755188357,0.0
CVNA,2025-10-07,20,Chronos-LoRA-V6,74.06199645996094,79.56470199322649,61.95800018310547,17.606701810121024,0.23772923566325244,0.0
CVNA,2025-12-05,1,Chronos-LoRA-V6,79.9540023803711,80.29706304683423,89.59600067138672,9.298937624552494,0.11630359141139635,1.0
CVNA,2025-12-05,5,Chronos-LoRA-V6,79.9540023803711,81.61465516831157,91.13600158691406,9.52134641860249,0.11908530073711487,1.0
CVNA,2025-12-05,10,Chronos-LoRA-V6,79.9540023803711,83.32260243245263,90.04399871826172,6.721396285809092,0.08406578889988392,1.0
CVNA,2025-12-05,20,Chronos-LoRA-V6,79.9540023803711,86.89078060922745,88.08799743652344,1.197216827295989,0.014973819842068359,1.0
CVNA,2026-02-05,1,Chronos-LoRA-V6,76.73799896240234,77.14301202680501,80.73400115966797,3.5909891328629584,0.046795449209228845,1.0
CVNA,2026-02-05,5,Chronos-LoRA-V6,76.73799896240234,78.57653302385046,68.8280029296875,9.748530094162959,0.1270365428598058,0.0
CVNA,2026-02-05,10,Chronos-LoRA-V6,76.73799896240234,80.34764705518805,67.3239974975586,13.023649557629454,0.16971578271164411,0.0
CVNA,2026-02-05,20,Chronos-LoRA-V6,76.73799896240234,84.09450362375688,63.540000915527344,20.554502708229535,0.2678529931214415,0.0
CVNA,2026-04-08,1,Chronos-LoRA-V6,67.76200103759766,68.1196399656565,65.38600158691406,2.733638378742441,0.0403417599374859,0.0
CVNA,2026-04-08,5,Chronos-LoRA-V6,67.76200103759766,69.38548286751278,74.21600341796875,4.830520550455972,0.0712865688215989,1.0
CVNA,2026-04-08,10,Chronos-LoRA-V6,67.76200103759766,70.94943074798856,83.35800170898438,12.408570960995817,0.1831199015818754,1.0
CVNA,2026-04-08,20,Chronos-LoRA-V6,67.76200103759766,74.25801974066592,77.8759994506836,3.6179797100176785,0.053392456754785655,1.0
CVNA,2026-06-05,1,Chronos-LoRA-V6,66.51000213623047,66.86103317877591,69.44999694824219,2.5889637694662753,0.03892593123307053,1.0
CVNA,2026-06-05,5,Chronos-LoRA-V6,66.51000213623047,68.10348784093797,64.0999984741211,4.003489366816879,0.060193793989310684,0.0
CVNA,2026-06-05,10,Chronos-LoRA-V6,66.51000213623047,69.63853957020555,66.66999816894531,2.9685414012602394,0.04463300715552321,1.0
CVNA,2026-06-05,20,Chronos-LoRA-V6,66.51000213623047,72.88599769719893,67.48999786376953,5.3959998334294,0.08113065193377889,1.0
CVNA,2026-08-06,1,Chronos-LoRA-V6,68.33999633789062,68.70068584911488,70.8499984741211,2.1493126250062176,0.03145028885251122,1.0
CVNA,2026-08-06,5,Chronos-LoRA-V6,68.33999633789062,69.97732611877287,73.69999694824219,3.7226708294693225,0.05447279819951234,1.0
CVNA,2026-08-06,10,Chronos-LoRA-V6,68.33999633789062,71.55461413842659,71.5199966430664,0.03461749536018033,0.0005065481008956763,1.0
CVNA,2026-08-06,20,Chronos-LoRA-V6,68.33999633789062,74.89142468387816,73.43000030517578,1.4614243787023753,0.02138461306723971,1.0
PLUG,2011-03-11,1,Chronos-LoRA-V6,6.5,6.483146977977714,6.199999809265137,0.2831471687125777,0.04356110287885806,1.0
PLUG,2011-03-11,5,Chronos-LoRA-V6,6.5,6.413464716195041,6.199999809265137,0.2134649069299046,0.03284075491229299,1.0
PLUG,2011-03-11,10,Chronos-LoRA-V6,6.5,6.336210277572235,6.5,0.16378972242776513,0.025198418835040814,0.0
PLUG,2011-03-11,20,Chronos-LoRA-V6,6.5,6.17742572553593,6.800000190734863,0.6225744651989329,0.09578068695368203,0.0
PLUG,2011-07-05,1,Chronos-LoRA-V6,2.2799999713897705,2.272315000402699,2.259999990463257,0.012315009939442234,0.005401320216655847,1.0
PLUG,2011-07-05,5,Chronos-LoRA-V6,2.2799999713897705,2.23691612233894,2.0799999237060547,0.15691619863288553,0.06882289500084393,1.0
PLUG,2011-07-05,10,Chronos-LoRA-V6,2.2799999713897705,2.1938324806017073,2.2799999713897705,0.08616749078806318,0.03779275959180817,0.0
PLUG,2011-07-05,20,Chronos-LoRA-V6,2.2799999713897705,2.1034824105187524,2.119999885559082,0.016517475040329632,0.007244506687542396,1.0
PLUG,2011-10-25,1,Chronos-LoRA-V6,2.1700000762939453,2.164297911436759,2.0299999713897705,0.13429794004698836,0.061888449458651795,1.0
PLUG,2011-10-25,5,Chronos-LoRA-V6,2.1700000762939453,2.135250775674384,2.119999885559082,0.015250890115301896,0.007028059713872659,1.0
PLUG,2011-10-25,10,Chronos-LoRA-V6,2.1700000762939453,2.1050889515326183,2.1700000762939453,0.06491112476132699,0.029912959667810712,0.0
PLUG,2011-10-25,20,Chronos-LoRA-V6,2.1700000762939453,2.038728119728083,2.140000104904175,0.10127198517609193,0.04666911595185297,1.0
PLUG,2012-02-17,1,Chronos-LoRA-V6,2.309999942779541,2.303486369149412,2.3299999237060547,0.026513554556642838,0.011477729529612013,0.0
PLUG,2012-02-17,5,Chronos-LoRA-V6,2.309999942779541,2.2757547826468945,2.4200000762939453,0.14424529364705085,0.06244385161044019,0.0
PLUG,2012-02-17,10,Chronos-LoRA-V6,2.309999942779541,2.240235863123133,2.059999942779541,0.18023592034359215,0.0780242098736681,1.0
PLUG,2012-02-17,20,Chronos-LoRA-V6,2.309999942779541,2.167984378069388,1.7699999809265137,0.39798439714287426,0.1722876220784637,1.0
PLUG,2012-06-12,1,Chronos-LoRA-V6,1.1699999570846558,1.1651889368459323,1.1799999475479126,0.01481101070198032,0.012658983970294857,0.0
PLUG,2012-06-12,5,Chronos-LoRA-V6,1.1699999570846558,1.146421464812095,1.149999976158142,0.003578511346047142,0.003058556818210434,1.0
PLUG,2012-06-12,10,Chronos-LoRA-V6,1.1699999570846558,1.123225109387793,1.1200000047683716,0.0032251046194213817,0.002756499775826926,1.0
PLUG,2012-06-12,20,Chronos-LoRA-V6,1.1699999570846558,1.078475249818843,1.100000023841858,0.021524774023014892,0.018397243429520427,1.0
PLUG,2012-10-03,1,Chronos-LoRA-V6,0.8399999737739563,0.8370600525547647,0.8500000238418579,0.012939971287093233,0.015404728203688545,0.0
PLUG,2012-10-03,5,Chronos-LoRA-V6,0.8399999737739563,0.8239897640528496,0.8600000143051147,0.03601025025226512,0.042869346876855396,0.0
PLUG,2012-10-03,10,Chronos-LoRA-V6,0.8399999737739563,0.8084304021890911,0.8100000023841858,0.001569600195094667,0.0018685717191665452,1.0
PLUG,2012-10-03,20,Chronos-LoRA-V6,0.8399999737739563,0.7790161220072965,0.7900000214576721,0.01098389945037559,0.013076071182510973,1.0
PLUG,2013-01-30,1,Chronos-LoRA-V6,0.4600000083446502,0.4579234314140365,0.449999988079071,0.00792344333496553,0.017224876502673903,1.0
PLUG,2013-01-30,5,Chronos-LoRA-V6,0.4600000083446502,0.4490408376292416,0.3700000047683716,0.07904083286086999,0.17182789440657897,1.0
PLUG,2013-01-30,10,Chronos-LoRA-V6,0.4600000083446502,0.4384110596221183,0.25,0.1884110596221183,0.40958925261791146,1.0
PLUG,2013-01-30,20,Chronos-LoRA-V6,0.4600000083446502,0.4183709909076235,0.1700000017881393,0.2483709891194842,0.5399369230736943,1.0
PLUG,2013-05-23,1,Chronos-LoRA-V6,0.2800000011920929,0.27872584964139774,0.3300000131130218,0.05127416347162406,0.1831220116190201,0.0
PLUG,2013-05-23,5,Chronos-LoRA-V6,0.2800000011920929,0.27373560313315337,0.3799999952316284,0.10626439209847505,0.3795156844502039,0.0
PLUG,2013-05-23,10,Chronos-LoRA-V6,0.2800000011920929,0.26766587538448466,0.3799999952316284,0.11233411984714375,0.40119328346030025,0.0
PLUG,2013-05-23,20,Chronos-LoRA-V6,0.2800000011920929,0.25611160034995645,0.4199999868869781,0.16388838653702165,0.5853156637116822,0.0
PLUG,2013-09-16,1,Chronos-LoRA-V6,0.6200000047683716,0.619175136122833,0.5899999737739563,0.029175162348876738,0.04705671310402071,1.0
PLUG,2013-09-16,5,Chronos-LoRA-V6,0.6200000047683716,0.6109108517999899,0.5799999833106995,0.030910868489290477,0.04985623911541526,1.0
PLUG,2013-09-16,10,Chronos-LoRA-V6,0.6200000047683716,0.6027588066842489,0.7400000095367432,0.1372412028524943,0.22135677709190782,0.0
PLUG,2013-09-16,20,Chronos-LoRA-V6,0.6200000047683716,0.5823296731239508,0.6399999856948853,0.05767031257093447,0.09301663246354297,0.0
PLUG,2014-01-08,1,Chronos-LoRA-V6,4.550000190734863,4.574613184413348,3.319999933242798,1.2546132511705501,0.2757391645225228,0.0
PLUG,2014-01-08,5,Chronos-LoRA-V6,4.550000190734863,4.62140215627538,3.799999952316284,0.8214022039590958,0.18052794934640048,0.0
PLUG,2014-01-08,10,Chronos-LoRA-V6,4.550000190734863,4.657864721433656,3.0799999237060547,1.5778647977276012,0.3467834574909683,0.0
PLUG,2014-01-08,20,Chronos-LoRA-V6,4.550000190734863,4.640244249412083,3.180000066757202,1.4602441826548809,0.32093277394325537,0.0
PLUG,2014-05-02,1,Chronos-LoRA-V6,4.5,4.497393707601252,4.059999942779541,0.437393764821711,0.09719861440482469,1.0
PLUG,2014-05-02,5,Chronos-LoRA-V6,4.5,4.4874407550668485,3.7200000286102295,0.767440726456619,0.17054238365702645,1.0
PLUG,2014-05-02,10,Chronos-LoRA-V6,4.5,4.478147695514744,4.289999961853027,0.188147733661717,0.041810607480381456,1.0
PLUG,2014-05-02,20,Chronos-LoRA-V6,4.5,4.436074968819187,4.380000114440918,0.0560748543782692,0.01246107875072644,1.0
PLUG,2014-08-25,1,Chronos-LoRA-V6,6.010000228881836,6.00507485430277,5.75,0.2550748543027703,0.04244173786832406,1.0
PLUG,2014-08-25,5,Chronos-LoRA-V6,6.010000228881836,5.976501407224215,5.420000076293945,0.5565013309302698,0.09259589180312022,1.0
PLUG,2014-08-25,10,Chronos-LoRA-V6,6.010000228881836,5.928380397209285,5.269999980926514,0.6583804162827711,0.1095474860581267,1.0
PLUG,2014-08-25,20,Chronos-LoRA-V6,6.010000228881836,5.851775807818821,4.579999923706055,1.271775884112766,0.21160995601981547,1.0
PLUG,2014-12-16,1,Chronos-LoRA-V6,2.7300000190734863,2.722864627541797,2.940000057220459,0.21713542967866184,0.07953678687238763,0.0
PLUG,2014-12-16,5,Chronos-LoRA-V6,2.7300000190734863,2.6935362371112324,3.059999942779541,0.36646370566830866,0.1342357886842359,0.0
PLUG,2014-12-16,10,Chronos-LoRA-V6,2.7300000190734863,2.6605688026213064,3.0,0.33943119737869365,0.12433377106491406,0.0
PLUG,2014-12-16,20,Chronos-LoRA-V6,2.7300000190734863,2.5935416801633675,2.549999952316284,0.04354172784708332,0.01594935074830539,1.0
PLUG,2015-04-13,1,Chronos-LoRA-V6,2.5899999141693115,2.587302714485075,2.6700000762939453,0.08269736180887044,0.03192948438200771,0.0
PLUG,2015-04-13,5,Chronos-LoRA-V6,2.5899999141693115,2.575791670628595,2.720000028610229,0.144208357981634,0.055678904540769514,0.0
PLUG,2015-04-13,10,Chronos-LoRA-V6,2.5899999141693115,2.559546646453022,2.5899999141693115,0.030453267716289645,0.011758018812929927,0.0
PLUG,2015-04-13,20,Chronos-LoRA-V6,2.5899999141693115,2.5329570979999896,2.549999952316284,0.017042854316294598,0.0065802528498386526,1.0
PLUG,2015-08-04,1,Chronos-LoRA-V6,2.720000028610229,2.71552059246368,2.7799999713897705,0.06447937892609046,0.023705653767597923,0.0
PLUG,2015-08-04,5,Chronos-LoRA-V6,2.720000028610229,2.692585986630393,2.3299999237060547,0.3625860629243385,0.13330369820238563,1.0
PLUG,2015-08-04,10,Chronos-LoRA-V6,2.720000028610229,2.6680355478539393,2.259999990463257,0.4080355573906824,0.1500130709921964,1.0
PLUG,2015-08-04,20,Chronos-LoRA-V6,2.720000028610229,2.612776614544843,1.659999966621399,0.9527766479234439,0.3502855286403289,1.0
PLUG,2015-11-24,1,Chronos-LoRA-V6,1.940000057220459,1.9351260830007169,2.069999933242798,0.13487385024208098,0.06952260116699271,0.0
PLUG,2015-11-24,5,Chronos-LoRA-V6,1.940000057220459,1.9139460537166153,2.109999895095825,0.1960538413792099,0.10105867814257008,0.0
PLUG,2015-11-24,10,Chronos-LoRA-V6,1.940000057220459,1.8894100046362934,1.9900000095367432,0.10059000490044978,0.05185051646058747,0.0
PLUG,2015-11-24,20,Chronos-LoRA-V6,1.940000057220459,1.835504282072389,2.2699999809265137,0.43449569885412465,0.2239668484735251,0.0
PLUG,2016-03-21,1,Chronos-LoRA-V6,2.069999933242798,2.0624924417256265,2.0799999237060547,0.017507481980428174,0.008457721036252197,0.0
PLUG,2016-03-21,5,Chronos-LoRA-V6,2.069999933242798,2.031273046387065,2.0799999237060547,0.048726877318989725,0.02353955501952887,0.0
PLUG,2016-03-21,10,Chronos-LoRA-V6,2.069999933242798,1.9914091761631865,2.0,0.008590823836813533,0.0041501565767469994,1.0
PLUG,2016-03-21,20,Chronos-LoRA-V6,2.069999933242798,1.913145123657428,2.0999999046325684,0.1868547809751404,0.09026801304404852,0.0
PLUG,2016-07-13,1,Chronos-LoRA-V6,1.7400000095367432,1.7350000982383258,1.7300000190734863,0.005000079164839466,0.002873608699675123,1.0
PLUG,2016-07-13,5,Chronos-LoRA-V6,1.7400000095367432,1.7135653937009885,1.7899999618530271,0.07643456815203864,0.04392791249029271,0.0
PLUG,2016-07-13,10,Chronos-LoRA-V6,1.7400000095367432,1.686793918103655,1.7899999618530271,0.10320604374937203,0.05931381792167312,0.0
PLUG,2016-07-13,20,Chronos-LoRA-V6,1.7400000095367432,1.63364460711381,1.7000000476837158,0.06635544056990583,0.038135310463344396,1.0
PLUG,2016-11-02,1,Chronos-LoRA-V6,1.4800000190734863,1.476346427633883,1.4800000190734863,0.003653591439603421,0.002468642832782253,0.0
PLUG,2016-11-02,5,Chronos-LoRA-V6,1.4800000190734863,1.4602119664984183,1.25,0.21021196649841833,0.1420351106684551,1.0
PLUG,2016-11-02,10,Chronos-LoRA-V6,1.4800000190734863,1.4392651022029783,1.4800000190734863,0.04073491687050801,0.027523592125362928,0.0
PLUG,2016-11-02,20,Chronos-LoRA-V6,1.4800000190734863,1.3989228782563186,1.4199999570846558,0.021077078828337203,0.014241269295071968,1.0
PLUG,2017-02-28,1,Chronos-LoRA-V6,1.0800000429153442,1.077118238473505,1.0700000524520874,0.007118186021417561,0.006590912720894737,1.0
PLUG,2017-02-28,5,Chronos-LoRA-V6,1.0800000429153442,1.063325191785671,1.0700000524520874,0.006674860666416427,0.006180426297390018,1.0
PLUG,2017-02-28,10,Chronos-LoRA-V6,1.0800000429153442,1.0467703179883283,1.0299999713897705,0.016770346598557806,0.015528098085337172,1.0
PLUG,2017-02-28,20,Chronos-LoRA-V6,1.0800000429153442,1.0158650402987097,1.5,0.4841349597012903,0.4482730930217558,0.0
PLUG,2017-06-21,1,Chronos-LoRA-V6,2.150000095367432,2.14639815880023,2.2100000381469727,0.06360187934674277,0.029582268151422286,0.0
PLUG,2017-06-21,5,Chronos-LoRA-V6,2.150000095367432,2.1274539845030622,2.130000114440918,0.0025461299378557456,0.0011842464301941025,1.0
PLUG,2017-06-21,10,Chronos-LoRA-V6,2.150000095367432,2.1035963415907224,2.069999933242798,0.033596408347924545,0.015626235747763118,1.0
PLUG,2017-06-21,20,Chronos-LoRA-V6,2.150000095367432,2.0557288466698282,2.119999885559082,0.06427103888925378,0.02989350513413347,1.0
PLUG,2017-10-12,1,Chronos-LoRA-V6,2.869999885559082,2.870011250901084,2.799999952316284,0.07001129858480004,0.024394181664283088,0.0
PLUG,2017-10-12,5,Chronos-LoRA-V6,2.869999885559082,2.8687304116516446,2.5299999713897705,0.33873044026187404,0.11802454835146747,1.0
PLUG,2017-10-12,10,Chronos-LoRA-V6,2.869999885559082,2.8651051923351174,2.690000057220459,0.17510513511465842,0.06101224463308552,1.0
PLUG,2017-10-12,20,Chronos-LoRA-V6,2.869999885559082,2.8507070149759683,2.509999990463257,0.3407070245127115,0.11871325369281016,1.0
PLUG,2018-02-06,1,Chronos-LoRA-V6,1.840000033378601,1.8363655907786955,1.9800000190734863,0.14363442829479078,0.07806218787455665,0.0
PLUG,2018-02-06,5,Chronos-LoRA-V6,1.840000033378601,1.8262867580577689,1.7799999713897705,0.04628678666799835,0.025155861863223383,1.0
PLUG,2018-02-06,10,Chronos-LoRA-V6,1.840000033378601,1.8133690003595173,1.9900000095367432,0.17663100917722585,0.09599511194187138,0.0
PLUG,2018-02-06,20,Chronos-LoRA-V6,1.840000033378601,1.7798918195464453,1.830000042915344,0.05010822336889875,0.02723272959777623,1.0
PLUG,2018-05-31,1,Chronos-LoRA-V6,1.870000004768372,1.8685000016848725,1.8899999856948853,0.02149998401001274,0.011497317623095915,0.0
PLUG,2018-05-31,5,Chronos-LoRA-V6,1.870000004768372,1.8590388163799925,1.850000023841858,0.009038792538134555,0.004833578885072853,1.0
PLUG,2018-05-31,10,Chronos-LoRA-V6,1.870000004768372,1.8467417685299605,1.9900000095367432,0.14325824100678264,0.07660868483501826,0.0
PLUG,2018-05-31,20,Chronos-LoRA-V6,1.870000004768372,1.8155236818220126,1.9900000095367432,0.17447632771473054,0.0933028488073947,0.0
PLUG,2018-09-21,1,Chronos-LoRA-V6,1.899999976158142,1.896898868149424,1.8799999952316284,0.016898872917795682,0.00889414375255193,1.0
PLUG,2018-09-21,5,Chronos-LoRA-V6,1.899999976158142,1.8816619496549507,1.919999957084656,0.03833800742970528,0.02017789890041266,0.0
PLUG,2018-09-21,10,Chronos-LoRA-V6,1.899999976158142,1.8623026616508112,1.870000004768372,0.007697343117560873,0.004051233270605192,1.0
PLUG,2018-09-21,20,Chronos-LoRA-V6,1.899999976158142,1.8249863567591806,1.940000057220459,0.11501370046127835,0.060533527318163305,0.0
PLUG,2019-01-17,1,Chronos-LoRA-V6,1.399999976158142,1.3978650062842548,1.3799999952316284,0.01786501105262639,0.01276072239776127,1.0
PLUG,2019-01-17,5,Chronos-LoRA-V6,1.399999976158142,1.3894731314053081,1.3600000143051147,0.029473117100193402,0.021052226858655487,1.0
PLUG,2019-01-17,10,Chronos-LoRA-V6,1.399999976158142,1.3782421147271884,1.340000033378601,0.03824208134858731,0.027315772857032905,1.0
PLUG,2019-01-17,20,Chronos-LoRA-V6,1.399999976158142,1.3575946682099356,1.6200000047683716,0.262405336558436,0.18743238644798021,0.0
PLUG,2019-05-13,1,Chronos-LoRA-V6,2.2300000190734863,2.2323216627732476,2.2799999713897705,0.04767830861652289,0.021380407268486223,1.0
PLUG,2019-05-13,5,Chronos-LoRA-V6,2.2300000190734863,2.2244252844015877,2.569999933242798,0.34557464884121014,0.15496620891724855,0.0
PLUG,2019-05-13,10,Chronos-LoRA-V6,2.2300000190734863,2.2192525374786842,2.6700000762939453,0.4507475388152611,0.20212893944392707,0.0
PLUG,2019-05-13,20,Chronos-LoRA-V6,2.2300000190734863,2.1967227791268655,2.619999885559082,0.4232771064322165,0.18981036000532336,0.0
PLUG,2019-09-04,1,Chronos-LoRA-V6,2.150000095367432,2.1477563964356756,2.1700000762939453,0.022243679858269694,0.010345897149585115,0.0
PLUG,2019-09-04,5,Chronos-LoRA-V6,2.150000095367432,2.1385745711647273,2.5,0.36142542883527273,0.16810484316443985,0.0
PLUG,2019-09-04,10,Chronos-LoRA-V6,2.150000095367432,2.126834756303698,2.819999933242798,0.6931651769390998,0.3224023935778657,0.0
PLUG,2019-09-04,20,Chronos-LoRA-V6,2.150000095367432,2.107114901112212,2.4100000858306885,0.30288518471847636,0.14087682385275135,0.0
PLUG,2019-12-26,1,Chronos-LoRA-V6,3.150000095367432,3.151175903748337,3.0799999237060547,0.0711759800422822,0.022595548535683463,0.0
PLUG,2019-12-26,5,Chronos-LoRA-V6,3.150000095367432,3.148006720406949,3.2300000190734863,0.08199329866653748,0.026029617836241137,0.0
PLUG,2019-12-26,10,Chronos-LoRA-V6,3.150000095367432,3.143238897664517,4.139999866485596,0.9967609688210786,0.31643204401389424,0.0
PLUG,2019-12-26,20,Chronos-LoRA-V6,3.150000095367432,3.1364156335646447,3.809999942779541,0.6735843092148963,0.21383628216567585,0.0
PLUG,2020-04-21,1,Chronos-LoRA-V6,4.21999979019165,4.229428195075896,4.329999923706055,0.1005717286301584,0.02383216436738045,1.0
PLUG,2020-04-21,5,Chronos-LoRA-V6,4.21999979019165,4.261432182456968,4.440000057220459,0.17856787476349112,0.04231466437001452,1.0
PLUG,2020-04-21,10,Chronos-LoRA-V6,4.21999979019165,4.30399861091964,4.170000076293945,0.1339985346256949,0.03175320883596755,0.0
PLUG,2020-04-21,20,Chronos-LoRA-V6,4.21999979019165,4.381474148835767,4.170000076293945,0.21147407254182138,0.050112341956352946,0.0
PLUG,2020-08-12,1,Chronos-LoRA-V6,10.630000114440918,10.683052601614316,11.359999656677246,0.6769470550629304,0.06368269499294676,1.0
PLUG,2020-08-12,5,Chronos-LoRA-V6,10.630000114440918,10.87772631221357,13.649999618530272,2.772273306316702,0.2607971097338515,1.0
PLUG,2020-08-12,10,Chronos-LoRA-V6,10.630000114440918,11.119922883879097,13.050000190734863,1.9300773068557664,0.1815688886243516,1.0
PLUG,2020-08-12,20,Chronos-LoRA-V6,10.630000114440918,11.518283840152996,12.119999885559082,0.6017160454060857,0.05660545991797772,1.0
PLUG,2020-12-03,1,Chronos-LoRA-V6,23.850000381469727,23.969089882597444,24.850000381469727,0.8809104988722822,0.036935450095703315,1.0
PLUG,2020-12-03,5,Chronos-LoRA-V6,23.850000381469727,24.419593505745564,27.190000534057617,2.7704070283120537,0.1161596219706782,1.0
PLUG,2020-12-03,10,Chronos-LoRA-V6,23.850000381469727,24.995564785899617,30.56999969482422,5.5744349089246015,0.23372892326054906,1.0
PLUG,2020-12-03,20,Chronos-LoRA-V6,23.850000381469727,26.020155256261468,32.16999816894531,6.1498429126838445,0.2578550446255745,1.0
PLUG,2021-03-30,1,Chronos-LoRA-V6,34.040000915527344,34.18838632182677,35.84000015258789,1.6516138307611214,0.04851979395828221,1.0
PLUG,2021-03-30,5,Chronos-LoRA-V6,34.040000915527344,34.75918874172124,31.959999084472656,2.799189657248583,0.08223236139725654,0.0
PLUG,2021-03-30,10,Chronos-LoRA-V6,34.040000915527344,35.519334007017484,28.38999938964844,7.129334617369043,0.20943990674562518,0.0
PLUG,2021-03-30,20,Chronos-LoRA-V6,34.040000915527344,36.92915157576806,28.86000061035156,8.069150965416501,0.2370490819151464,0.0
PLUG,2021-07-22,1,Chronos-LoRA-V6,27.32999992370605,27.385941762455733,26.809999465942383,0.5759422965133503,0.02107362964219328,0.0
PLUG,2021-07-22,5,Chronos-LoRA-V6,27.32999992370605,27.62720876318858,27.200000762939453,0.4272080002491272,0.015631467304855873,0.0
PLUG,2021-07-22,10,Chronos-LoRA-V6,27.32999992370605,27.95163502196285,26.0,1.9516350219628507,0.07140999002601545,0.0
PLUG,2021-07-22,20,Chronos-LoRA-V6,27.32999992370605,28.709137626612183,23.76000022888184,4.949137397730343,0.1810880867744702,0.0
PLUG,2021-11-11,1,Chronos-LoRA-V6,43.43999862670898,43.57547926454679,43.13999938964844,0.4354798748983555,0.01002485931550201,0.0
PLUG,2021-11-11,5,Chronos-LoRA-V6,43.43999862670898,44.00953921302067,40.41999816894531,3.589541044075361,0.08263216292710329,0.0
PLUG,2021-11-11,10,Chronos-LoRA-V6,43.43999862670898,44.57328366191426,40.25,4.32328366191426,0.09952310770231232,0.0
PLUG,2021-11-11,20,Chronos-LoRA-V6,43.43999862670898,45.84529004403286,33.220001220703125,12.625288823329733,0.2906374130400433,0.0
PLUG,2022-03-08,1,Chronos-LoRA-V6,25.57999992370605,25.600028375324985,26.190000534057617,0.5899721587326319,0.02306380611775838,1.0
PLUG,2022-03-08,5,Chronos-LoRA-V6,25.57999992370605,25.61922730432976,23.09000015258789,2.5292271517418676,0.09887518214563906,0.0
PLUG,2022-03-08,10,Chronos-LoRA-V6,25.57999992370605,25.634685547982848,27.25,1.6153144520171523,0.06314755499745606,1.0
PLUG,2022-03-08,20,Chronos-LoRA-V6,25.57999992370605,25.778811305571313,30.440000534057617,4.661189228486304,0.18222006420596526,1.0
PLUG,2022-06-30,1,Chronos-LoRA-V6,16.56999969482422,16.567425310075215,17.18000030517578,0.6125749951005659,0.03696892011964914,0.0
PLUG,2022-06-30,5,Chronos-LoRA-V6,16.56999969482422,16.549945329180684,19.770000457763672,3.220055128582988,0.19433042775425047,0.0
PLUG,2022-06-30,10,Chronos-LoRA-V6,16.56999969482422,16.531983101175374,15.460000038146973,1.0719830630284015,0.0646942113923662,1.0
PLUG,2022-06-30,20,Chronos-LoRA-V6,16.56999969482422,16.51583890688134,21.34000015258789,4.824161245706552,0.2911382821095295,0.0
PLUG,2022-10-21,1,Chronos-LoRA-V6,16.489999771118164,16.436489905441867,15.729999542236328,0.706490363205539,0.042843564160803704,1.0
PLUG,2022-10-21,5,Chronos-LoRA-V6,16.489999771118164,16.215910951953006,16.09000015258789,0.12591079936511562,0.00763558527063446,1.0
PLUG,2022-10-21,10,Chronos-LoRA-V6,16.489999771118164,15.951450923662588,14.789999961853027,1.1614509618095603,0.07043365542331981,1.0
PLUG,2022-10-21,20,Chronos-LoRA-V6,16.489999771118164,15.521906090246151,15.84000015258789,0.3180940623417392,0.01929011926967239,1.0
PLUG,2023-02-15,1,Chronos-LoRA-V6,16.770000457763672,16.709548080749663,15.84000015258789,0.8695479281617722,0.05185139561276608,1.0
PLUG,2023-02-15,5,Chronos-LoRA-V6,16.770000457763672,16.391247085917126,14.649999618530272,1.741247467386854,0.10383109241841104,1.0
PLUG,2023-02-15,10,Chronos-LoRA-V6,16.770000457763672,15.980238448301815,13.329999923706056,2.6502385245957587,0.1580344932768819,1.0
PLUG,2023-02-15,20,Chronos-LoRA-V6,16.770000457763672,15.244539499596513,11.800000190734863,3.44453930886165,0.2053988798352716,1.0
PLUG,2023-06-09,1,Chronos-LoRA-V6,9.170000076293944,9.139673745797504,10.369999885559082,1.2303261397615781,0.1341686073637215,0.0
PLUG,2023-06-09,5,Chronos-LoRA-V6,9.170000076293944,8.984078397468561,10.56999969482422,1.5859212973556591,0.17294670492484998,0.0
PLUG,2023-06-09,10,Chronos-LoRA-V6,9.170000076293944,8.781197666582623,9.130000114440918,0.3488024478582954,0.03803734405193848,1.0
PLUG,2023-06-09,20,Chronos-LoRA-V6,9.170000076293944,8.378285138790686,11.18000030517578,2.801715166385094,0.30553054995364914,0.0
PLUG,2023-10-03,1,Chronos-LoRA-V6,6.53000020980835,6.507064044263566,6.53000020980835,0.022936165544783726,0.0035124295264696848,0.0
PLUG,2023-10-03,5,Chronos-LoRA-V6,6.53000020980835,6.407457843353218,7.159999847412109,0.752542004058891,0.11524379477485158,0.0
PLUG,2023-10-03,10,Chronos-LoRA-V6,6.53000020980835,6.273166401750393,7.71999979019165,1.4468333884412576,0.22156712740499607,0.0
PLUG,2023-10-03,20,Chronos-LoRA-V6,6.53000020980835,6.040767030616598,5.889999866485596,0.15076716413100222,0.023088385801970257,1.0
PLUG,2024-01-26,1,Chronos-LoRA-V6,3.400000095367432,3.3867016783703887,3.7899999618530273,0.40329828348263863,0.11861713887365477,0.0
PLUG,2024-01-26,5,Chronos-LoRA-V6,3.400000095367432,3.3306280246922855,4.659999847412109,1.329371822719824,0.3909917015976322,0.0
PLUG,2024-01-26,10,Chronos-LoRA-V6,3.400000095367432,3.256759653026021,4.329999923706055,1.0732402706800337,0.31565889428719285,0.0
PLUG,2024-01-26,20,Chronos-LoRA-V6,3.400000095367432,3.1121774342701567,3.039999961853028,0.07217747241712891,0.02122866776253096,1.0
PLUG,2024-05-20,1,Chronos-LoRA-V6,3.200000047683716,3.18304256681509,3.0799999237060547,0.10304264310903521,0.032200825491743856,1.0
PLUG,2024-05-20,5,Chronos-LoRA-V6,3.200000047683716,3.113648362013991,3.25,0.1363516379860088,0.04260988623569095,0.0
PLUG,2024-05-20,10,Chronos-LoRA-V6,3.200000047683716,3.0280640607958373,3.220000028610229,0.1919359678143917,0.05997998904822588,0.0
PLUG,2024-05-20,20,Chronos-LoRA-V6,3.200000047683716,2.857527293775631,2.640000104904175,0.21752718887145628,0.0679772455093901,1.0
PLUG,2024-09-12,1,Chronos-LoRA-V6,1.940000057220459,1.9268047432031126,1.9600000381469729,0.03319529494386031,0.01711097627049618,0.0
PLUG,2024-09-12,5,Chronos-LoRA-V6,1.940000057220459,1.871230734262456,2.059999942779541,0.18876920851708512,0.09730371286047523,0.0
PLUG,2024-09-12,10,Chronos-LoRA-V6,1.940000057220459,1.8035422490104822,2.059999942779541,0.2564576937690588,0.13219468361073106,0.0
PLUG,2024-09-12,20,Chronos-LoRA-V6,1.940000057220459,1.6791026303912289,1.9700000286102293,0.2908973982190004,0.1499471080613186,0.0
PLUG,2025-01-06,1,Chronos-LoRA-V6,3.150000095367432,3.1423698538725833,2.950000047683716,0.19236980618886745,0.06106977789358725,1.0
PLUG,2025-01-06,5,Chronos-LoRA-V6,3.150000095367432,3.0855649211094525,2.6600000858306885,0.425564835278764,0.13509994361734268,1.0
PLUG,2025-01-06,10,Chronos-LoRA-V6,3.150000095367432,3.0134356587773583,2.0299999713897705,0.9834356873875878,0.3122017960678426,1.0
PLUG,2025-01-06,20,Chronos-LoRA-V6,3.150000095367432,2.8916371580491322,1.850000023841858,1.0416371342072743,0.3306784452924826,1.0
PLUG,2025-05-01,1,Chronos-LoRA-V6,0.8500000238418579,0.8453521811703852,0.8399999737739563,0.005352207396428943,0.00629671440741586,1.0
PLUG,2025-05-01,5,Chronos-LoRA-V6,0.8500000238418579,0.8257840093372123,0.8500000238418579,0.02421601450464561,0.028489428029887853,0.0
PLUG,2025-05-01,10,Chronos-LoRA-V6,0.8500000238418579,0.7999149305352906,0.699999988079071,0.09991494245621957,0.11754698782786,1.0
PLUG,2025-05-01,20,Chronos-LoRA-V6,0.8500000238418579,0.7545701534821172,0.8799999952316284,0.12542984174951122,0.14756451556623407,0.0
PLUG,2025-08-25,1,Chronos-LoRA-V6,1.6699999570846558,1.6595626207416148,1.649999976158142,0.009562644583472668,0.0057261346282705405,1.0
PLUG,2025-08-25,5,Chronos-LoRA-V6,1.6699999570846558,1.6145626736614682,1.4800000190734863,0.1345626545879819,0.08057644194368119,1.0
PLUG,2025-08-25,10,Chronos-LoRA-V6,1.6699999570846558,1.558362403240923,1.409999966621399,0.14836243661952397,0.08883978468988862,1.0
PLUG,2025-08-25,20,Chronos-LoRA-V6,1.6699999570846558,1.4546084093784795,2.5299999713897705,1.075391562011291,0.6439470596685632,0.0
PLUG,2025-12-16,1,Chronos-LoRA-V6,2.289999961853028,2.2794872922274885,2.1600000858306885,0.1194872063968,0.052177820256430474,1.0
PLUG,2025-12-16,5,Chronos-LoRA-V6,2.289999961853028,2.2351578791153317,2.049999952316284,0.18515792679904752,0.08085499121546758,1.0
PLUG,2025-12-16,10,Chronos-LoRA-V6,2.289999961853028,2.183845108793649,1.9700000286102293,0.21384508018341974,0.09338213264002859,1.0
PLUG,2025-12-16,20,Chronos-LoRA-V6,2.289999961853028,2.072719258524348,2.259999990463257,0.18728073193890893,0.08178198037495366,1.0
PLUG,2026-04-13,1,Chronos-LoRA-V6,2.7699999809265137,2.75939967427401,2.940000057220459,0.18060038294644887,0.06519869465343509,0.0
PLUG,2026-04-13,5,Chronos-LoRA-V6,2.7699999809265137,2.705551892328715,3.220000028610229,0.5144481362815139,0.1857213501169197,0.0
PLUG,2026-04-13,10,Chronos-LoRA-V6,2.7699999809265137,2.6401134584286337,3.0799999237060547,0.43988646527742103,0.15880377917197208,0.0
PLUG,2026-04-13,20,Chronos-LoRA-V6,2.7699999809265137,2.5163546190794355,3.5199999809265137,1.0036453618470782,0.36232684792704495,0.0
PLUG,2026-08-06,1,Chronos-LoRA-V6,2.069999933242798,2.06207840464564,2.180000066757202,0.11792166211156196,0.05696698836450165,0.0
PLUG,2026-08-06,5,Chronos-LoRA-V6,2.069999933242798,2.0218383664508566,2.299999952316284,0.2781615858654276,0.1343775820464247,0.0
PLUG,2026-08-06,10,Chronos-LoRA-V6,2.069999933242798,1.9729367221413234,2.200000047683716,0.2270633255423924,0.1096924313358224,0.0
PLUG,2026-08-06,20,Chronos-LoRA-V6,2.069999933242798,1.8804526820853524,2.109999895095825,0.22954721301047276,0.11089237701127408,0.0
RKLB,2022-02-02,1,Chronos-LoRA-V6,9.420000076293944,9.408520409046513,9.029999732971191,0.3785206760753219,0.04018266167830453,1.0
RKLB,2022-02-02,5,Chronos-LoRA-V6,9.420000076293944,9.355453609545476,10.640000343322754,1.2845467337772778,0.13636377105876296,0.0
RKLB,2022-02-02,10,Chronos-LoRA-V6,9.420000076293944,9.292321302016218,9.9399995803833,0.6476782783670831,0.06875565532074757,0.0
RKLB,2022-02-02,20,Chronos-LoRA-V6,9.420000076293944,9.175078048151635,8.479999542236328,0.6950785059153066,0.07378752656961418,1.0
RKLB,2022-03-08,1,Chronos-LoRA-V6,8.510000228881836,8.496846632097256,8.829999923706055,0.3331532916087987,0.039148446844703866,0.0
RKLB,2022-03-08,5,Chronos-LoRA-V6,8.510000228881836,8.443320010864504,7.920000076293945,0.5233199345705586,0.06149470276093283,1.0
RKLB,2022-03-08,10,Chronos-LoRA-V6,8.510000228881836,8.385451619154804,9.0,0.6145483808451964,0.07221484892086116,0.0
RKLB,2022-03-08,20,Chronos-LoRA-V6,8.510000228881836,8.236211647756509,8.199999809265137,0.036211838491372106,0.0042552100490519384,1.0
RKLB,2022-04-08,1,Chronos-LoRA-V6,7.800000190734863,7.778637737176436,7.829999923706055,0.05136218652961855,0.006584895547903757,0.0
RKLB,2022-04-08,5,Chronos-LoRA-V6,7.800000190734863,7.700237812324163,7.980000019073486,0.2797622067493233,0.03586694870618534,0.0
RKLB,2022-04-08,10,Chronos-LoRA-V6,7.800000190734863,7.606281501473907,7.829999923706055,0.22371842223214777,0.028681848302758883,0.0
RKLB,2022-04-08,20,Chronos-LoRA-V6,7.800000190734863,7.431138431832324,5.670000076293945,1.761138355538379,0.22578696313755553,1.0
RKLB,2022-05-12,1,Chronos-LoRA-V6,5.190000057220459,5.166704139482563,5.860000133514404,0.6932959940318417,0.13358304169328694,0.0
RKLB,2022-05-12,5,Chronos-LoRA-V6,5.190000057220459,5.072279028838338,4.75,0.3222790288383379,0.06209615130735402,1.0
RKLB,2022-05-12,10,Chronos-LoRA-V6,5.190000057220459,4.966612744919059,4.659999847412109,0.30661289750695,0.05907762892610813,1.0
RKLB,2022-05-12,20,Chronos-LoRA-V6,5.190000057220459,4.775849156059975,4.21999979019165,0.5558493658683243,0.10710006931406735,1.0
RKLB,2022-06-15,1,Chronos-LoRA-V6,4.329999923706055,4.312614123083954,4.139999866485596,0.17261425659835794,0.039864725090022035,1.0
RKLB,2022-06-15,5,Chronos-LoRA-V6,4.329999923706055,4.230317845376306,4.070000171661377,0.16031767371492922,0.03702486756113221,1.0
RKLB,2022-06-15,10,Chronos-LoRA-V6,4.329999923706055,4.145723809132948,3.7899999618530273,0.35572384727992024,0.08215331490709488,1.0
RKLB,2022-06-15,20,Chronos-LoRA-V6,4.329999923706055,3.993330319400585,3.950000047683716,0.043330271716869095,0.010006991334951976,1.0
RKLB,2022-07-20,1,Chronos-LoRA-V6,4.369999885559082,4.3553268333529624,4.360000133514404,0.004673300161441851,0.001069405099273557,1.0
RKLB,2022-07-20,5,Chronos-LoRA-V6,4.369999885559082,4.291450557311076,4.28000020980835,0.01145034750272611,0.0026202168884637,1.0
RKLB,2022-07-20,10,Chronos-LoRA-V6,4.369999885559082,4.221122768663039,5.150000095367432,0.9288773267043924,0.21255774623105173,0.0
RKLB,2022-07-20,20,Chronos-LoRA-V6,4.369999885559082,4.098019395793298,6.019999980926514,1.9219805851332152,0.4398125023949111,0.0
RKLB,2022-08-22,1,Chronos-LoRA-V6,5.489999771118164,5.47831885117883,5.349999904632568,0.12831894654626197,0.02337321528159686,1.0
RKLB,2022-08-22,5,Chronos-LoRA-V6,5.489999771118164,5.433262363246337,5.130000114440918,0.3032622488054191,0.055239027586271305,1.0
RKLB,2022-08-22,10,Chronos-LoRA-V6,5.489999771118164,5.379169011201202,5.260000228881836,0.1191687823193659,0.021706518631619987,1.0
RKLB,2022-08-22,20,Chronos-LoRA-V6,5.489999771118164,5.248901038441432,5.050000190734863,0.19890084770656902,0.03622966411637174,1.0
RKLB,2022-09-23,1,Chronos-LoRA-V6,4.119999885559082,4.111172396356871,4.230000019073486,0.11882762271661562,0.028841656800311033,0.0
RKLB,2022-09-23,5,Chronos-LoRA-V6,4.119999885559082,4.068144265762659,4.070000171661377,0.001855905898717758,0.0004504626092886044,1.0
RKLB,2022-09-23,10,Chronos-LoRA-V6,4.119999885559082,4.020844994360783,4.360000133514404,0.33915513915362094,0.08231921081900662,0.0
RKLB,2022-09-23,20,Chronos-LoRA-V6,4.119999885559082,3.923255655346645,4.239999771118164,0.31674411577151895,0.07687964188584862,0.0
RKLB,2022-10-26,1,Chronos-LoRA-V6,4.690000057220459,4.678143584152234,4.789999961853027,0.11185637770079371,0.023849973632427912,0.0
RKLB,2022-10-26,5,Chronos-LoRA-V6,4.690000057220459,4.628606160120688,4.889999866485596,0.2613937063649079,0.05573426506946011,0.0
RKLB,2022-10-26,10,Chronos-LoRA-V6,4.690000057220459,4.569606125004512,4.739999771118164,0.17039364611365215,0.036331267384810295,0.0
RKLB,2022-10-26,20,Chronos-LoRA-V6,4.690000057220459,4.4591293887119114,4.400000095367432,0.059129293344479805,0.012607525079546211,1.0
RKLB,2022-11-29,1,Chronos-LoRA-V6,3.9600000381469727,3.950115658731273,4.190000057220459,0.23988439848918608,0.06057686772180848,0.0
RKLB,2022-11-29,5,Chronos-LoRA-V6,3.9600000381469727,3.906056930656168,4.0,0.0939430693438319,0.023722997080523056,0.0
RKLB,2022-11-29,10,Chronos-LoRA-V6,3.9600000381469727,3.8570868516921504,4.170000076293945,0.31291322460179494,0.0790184902998683,0.0
RKLB,2022-11-29,20,Chronos-LoRA-V6,3.9600000381469727,3.7768524377675767,3.5799999237060547,0.19685251406152204,0.0497102303447543,1.0
RKLB,2023-01-03,1,Chronos-LoRA-V6,3.869999885559082,3.8652977169069187,4.039999961853027,0.17470224494610864,0.045142700287410964,0.0
RKLB,2023-01-03,5,Chronos-LoRA-V6,3.869999885559082,3.838718665251856,4.380000114440918,0.5412814491890621,0.13986601167841273,0.0
RKLB,2023-01-03,10,Chronos-LoRA-V6,3.869999885559082,3.8064429226488183,5.170000076293945,1.363557153645127,0.35234036019826387,0.0
RKLB,2023-01-03,20,Chronos-LoRA-V6,3.869999885559082,3.759634154020166,4.980000019073486,1.2203658650533202,0.31534002613465695,0.0
RKLB,2023-02-06,1,Chronos-LoRA-V6,4.920000076293945,4.916977605050443,4.900000095367432,0.01697750968301115,0.003450713296695662,1.0
RKLB,2023-02-06,5,Chronos-LoRA-V6,4.920000076293945,4.8874881634179115,4.710000038146973,0.17748812527093882,0.03607482165013187,1.0
RKLB,2023-02-06,10,Chronos-LoRA-V6,4.920000076293945,4.848503352009371,4.579999923706055,0.2685034283033163,0.05457386669505293,1.0
RKLB,2023-02-06,20,Chronos-LoRA-V6,4.920000076293945,4.758535022645143,4.400000095367432,0.3585349272777112,0.07287295156868823,1.0
RKLB,2023-03-10,1,Chronos-LoRA-V6,3.910000085830689,3.9035704439726824,3.940000057220459,0.036429613247776604,0.009317036431736203,0.0
RKLB,2023-03-10,5,Chronos-LoRA-V6,3.910000085830689,3.869530179519253,3.880000114440918,0.010469934921665036,0.0026777326577579474,1.0
RKLB,2023-03-10,10,Chronos-LoRA-V6,3.910000085830689,3.8277745783856236,3.930000066757202,0.10222548837157852,0.026144625608073513,0.0
RKLB,2023-03-10,20,Chronos-LoRA-V6,3.910000085830689,3.7417461424364022,4.0,0.25825385756359776,0.06604957848964621,0.0
RKLB,2023-04-13,1,Chronos-LoRA-V6,4.110000133514404,4.102596633017642,4.019999980926514,0.08259665209112832,0.02009650837176513,1.0
RKLB,2023-04-13,5,Chronos-LoRA-V6,4.110000133514404,4.067239099077618,3.950000047683716,0.11723905139390212,0.028525315714199917,1.0
RKLB,2023-04-13,10,Chronos-LoRA-V6,4.110000133514404,4.021739084754963,3.900000095367432,0.12173898938753114,0.029620191102873283,1.0
RKLB,2023-04-13,20,Chronos-LoRA-V6,4.110000133514404,3.9377474110631785,4.099999904632568,0.16225249356938987,0.039477491070213144,1.0
RKLB,2023-05-16,1,Chronos-LoRA-V6,4.28000020980835,4.2750746343185915,4.5,0.22492536568140853,0.052552652956874724,0.0
RKLB,2023-05-16,5,Chronos-LoRA-V6,4.28000020980835,4.251703519764767,4.519999980926514,0.26829646116174644,0.0626860859835705,0.0
RKLB,2023-05-16,10,Chronos-LoRA-V6,4.28000020980835,4.220824194849176,4.579999923706055,0.35917572885687843,0.08391955870323697,0.0
RKLB,2023-05-16,20,Chronos-LoRA-V6,4.28000020980835,4.165524534369054,5.690000057220459,1.5244755228514046,0.3561858523646352,0.0
RKLB,2023-06-20,1,Chronos-LoRA-V6,5.809999942779541,5.8058048573680985,5.900000095367432,0.09419523799933316,0.016212605667302205,0.0
RKLB,2023-06-20,5,Chronos-LoRA-V6,5.809999942779541,5.78118693496151,5.5,0.2811869349615099,0.04839706329273874,1.0
RKLB,2023-06-20,10,Chronos-LoRA-V6,5.809999942779541,5.752400976285527,5.860000133514404,0.10759915722887747,0.018519648586674875,0.0
RKLB,2023-06-20,20,Chronos-LoRA-V6,5.809999942779541,5.705175605513422,7.929999828338623,2.224824222825201,0.3829301626052738,0.0
RKLB,2023-07-24,1,Chronos-LoRA-V6,7.389999866485596,7.3803234871220935,7.619999885559082,0.2396763984369885,0.03243253082100128,0.0
RKLB,2023-07-24,5,Chronos-LoRA-V6,7.389999866485596,7.328465556977001,7.369999885559082,0.04153432858208106,0.00562034226420538,1.0
RKLB,2023-07-24,10,Chronos-LoRA-V6,7.389999866485596,7.269259593921231,6.590000152587891,0.6792594413333406,0.09191602890466233,1.0
RKLB,2023-07-24,20,Chronos-LoRA-V6,7.389999866485596,7.114095161582902,5.880000114440918,1.2340950471419836,0.16699527326634078,1.0
RKLB,2023-08-25,1,Chronos-LoRA-V6,5.789999961853027,5.776748509560105,5.929999828338623,0.15325131877851828,0.026468276301934934,0.0
RKLB,2023-08-25,5,Chronos-LoRA-V6,5.789999961853027,5.729354503813034,6.340000152587891,0.6106456487748568,0.10546557043144189,0.0
RKLB,2023-08-25,10,Chronos-LoRA-V6,5.789999961853027,5.670818211861027,6.039999961853027,0.36918174999200026,0.06376196069504769,0.0
RKLB,2023-08-25,20,Chronos-LoRA-V6,5.789999961853027,5.563184363867141,4.349999904632568,1.213184459234573,0.20953099606693382,1.0
RKLB,2023-09-28,1,Chronos-LoRA-V6,4.340000152587891,4.330311637238079,4.380000114440918,0.049688477202838754,0.011448957478310318,0.0
RKLB,2023-09-28,5,Chronos-LoRA-V6,4.340000152587891,4.2884376091714085,4.449999809265137,0.16156220009372824,0.03722631207683047,0.0
RKLB,2023-09-28,10,Chronos-LoRA-V6,4.340000152587891,4.2364908122438685,4.420000076293945,0.18350926405007684,0.04228323907791853,0.0
RKLB,2023-09-28,20,Chronos-LoRA-V6,4.340000152587891,4.148974755355857,4.28000020980835,0.1310254544524927,0.030190195817012433,1.0
RKLB,2023-10-31,1,Chronos-LoRA-V6,4.230000019073486,4.220470705916977,4.239999771118164,0.019529065201187024,0.004616800263150811,0.0
RKLB,2023-10-31,5,Chronos-LoRA-V6,4.230000019073486,4.18477047102994,4.5,0.3152295289700602,0.07452234693821735,0.0
RKLB,2023-10-31,10,Chronos-LoRA-V6,4.230000019073486,4.1425259151960265,4.320000171661377,0.17747425646535042,0.041956088809716685,0.0
RKLB,2023-10-31,20,Chronos-LoRA-V6,4.230000019073486,4.067150942450015,4.389999866485596,0.32284892403558096,0.07632362235929635,0.0
RKLB,2023-12-04,1,Chronos-LoRA-V6,4.579999923706055,4.574954651082572,4.449999809265137,0.1249548418174351,0.02728271700850249,1.0
RKLB,2023-12-04,5,Chronos-LoRA-V6,4.579999923706055,4.551479654807954,4.659999847412109,0.10852019260415524,0.02369436559211613,0.0
RKLB,2023-12-04,10,Chronos-LoRA-V6,4.579999923706055,4.518233154639132,4.489999771118164,0.028233383520968047,0.0061644943212405545,1.0
RKLB,2023-12-04,20,Chronos-LoRA-V6,4.579999923706055,4.45195875889394,5.099999904632568,0.6480411457386284,0.1414937022999435,0.0
RKLB,2024-01-08,1,Chronos-LoRA-V6,5.550000190734863,5.536147051942166,5.449999809265137,0.08614724267702911,0.015522025174132925,1.0
RKLB,2024-01-08,5,Chronos-LoRA-V6,5.550000190734863,5.48614259698419,4.940000057220459,0.5461425397637312,0.09840405783687334,1.0
RKLB,2024-01-08,10,Chronos-LoRA-V6,5.550000190734863,5.421762260207498,5.079999923706055,0.3417623365014437,0.06157879725337301,1.0
RKLB,2024-01-08,20,Chronos-LoRA-V6,5.550000190734863,5.300037552881251,4.260000228881836,1.0400373239994147,0.18739410599222084,1.0
RKLB,2024-02-09,1,Chronos-LoRA-V6,4.340000152587891,4.340089912374995,4.71999979019165,0.3799098778166554,0.08753683512893873,1.0
RKLB,2024-02-09,5,Chronos-LoRA-V6,4.340000152587891,4.330774638085554,4.889999866485596,0.5592252284000416,0.12885373473237827,0.0
RKLB,2024-02-09,10,Chronos-LoRA-V6,4.340000152587891,4.315408865804992,4.570000171661377,0.2545913058563851,0.058661589148695126,0.0
RKLB,2024-02-09,20,Chronos-LoRA-V6,4.340000152587891,4.282300864109193,4.480000019073486,0.19769915496429302,0.045552799081448714,0.0
RKLB,2024-03-14,1,Chronos-LoRA-V6,4.170000076293945,4.169732065941579,4.119999885559082,0.04973218038249705,0.011926182127722229,1.0
RKLB,2024-03-14,5,Chronos-LoRA-V6,4.170000076293945,4.158676193776093,4.090000152587891,0.06867604118820214,0.016469074324151456,1.0
RKLB,2024-03-14,10,Chronos-LoRA-V6,4.170000076293945,4.141556124416895,4.110000133514404,0.03155599090249073,0.007567383771017955,1.0
RKLB,2024-03-14,20,Chronos-LoRA-V6,4.170000076293945,4.099391083577621,3.7300000190734863,0.3693910645041347,0.08858298746901427,1.0
RKLB,2024-04-17,1,Chronos-LoRA-V6,3.569999933242798,3.566915654905967,3.549999952316284,0.01691570258968289,0.004738292130531563,1.0
RKLB,2024-04-17,5,Chronos-LoRA-V6,3.569999933242798,3.5514440748734817,3.690000057220459,0.1385559823469773,0.03881120026271845,0.0
RKLB,2024-04-17,10,Chronos-LoRA-V6,3.569999933242798,3.5357716515296502,3.849999904632568,0.3142282531029177,0.08801912016213675,0.0
RKLB,2024-04-17,20,Chronos-LoRA-V6,3.569999933242798,3.495666748389494,4.340000152587891,0.8443334041983968,0.23650796078067415,0.0
RKLB,2024-05-20,1,Chronos-LoRA-V6,4.400000095367432,4.39941031013891,4.460000038146973,0.06058972800806295,0.013770392430639933,0.0
RKLB,2024-05-20,5,Chronos-LoRA-V6,4.400000095367432,4.3914623250790115,4.389999866485596,0.0014624585934157608,0.00033237694584487,1.0
RKLB,2024-05-20,10,Chronos-LoRA-V6,4.400000095367432,4.378885714676108,4.28000020980835,0.09888550486775838,0.022473977891925734,1.0
RKLB,2024-05-20,20,Chronos-LoRA-V6,4.400000095367432,4.34250485778538,4.909999847412109,0.567494989626729,0.12897613121059248,0.0
RKLB,2024-06-24,1,Chronos-LoRA-V6,4.829999923706055,4.8327030189985,4.739999771118164,0.09270324788033601,0.01919321932601714,0.0
RKLB,2024-06-24,5,Chronos-LoRA-V6,4.829999923706055,4.833058386140464,4.539999961853027,0.29305842428743656,0.06067462296408754,0.0
RKLB,2024-06-24,10,Chronos-LoRA-V6,4.829999923706055,4.828485856665734,5.079999923706055,0.2515140670403211,0.05207330662799159,0.0
RKLB,2024-06-24,20,Chronos-LoRA-V6,4.829999923706055,4.808522414629497,5.400000095367432,0.5914776807379347,0.12245914908505706,0.0
RKLB,2024-07-26,1,Chronos-LoRA-V6,5.400000095367432,5.402311562406156,5.320000171661377,0.08231139074477944,0.015242849868723707,0.0
RKLB,2024-07-26,5,Chronos-LoRA-V6,5.400000095367432,5.401502264750289,4.809999942779541,0.591502321970748,0.10953746509711881,0.0
RKLB,2024-07-26,10,Chronos-LoRA-V6,5.400000095367432,5.399680679332588,5.369999885559082,0.02968079377350641,0.005496443194319411,1.0
RKLB,2024-07-26,20,Chronos-LoRA-V6,5.400000095367432,5.407818731458926,6.960000038146973,1.5521813066880465,0.2874409776436184,1.0
RKLB,2024-08-28,1,Chronos-LoRA-V6,6.090000152587891,6.092440478862576,6.230000019073486,0.13755954021091021,0.022587772867699307,1.0
RKLB,2024-08-28,5,Chronos-LoRA-V6,6.090000152587891,6.069287197246401,6.079999923706055,0.010712726459654043,0.0017590683401053075,1.0
RKLB,2024-08-28,10,Chronos-LoRA-V6,6.090000152587891,6.041992469587491,6.860000133514404,0.8180076639269132,0.13431981008724747,0.0
RKLB,2024-08-28,20,Chronos-LoRA-V6,6.090000152587891,6.006698726493946,8.6899995803833,2.683300853889355,0.44060768253825267,0.0
RKLB,2024-10-01,1,Chronos-LoRA-V6,9.229999542236328,9.240143523162713,9.710000038146973,0.46985651498425973,0.05090536709500415,1.0
RKLB,2024-10-01,5,Chronos-LoRA-V6,9.229999542236328,9.265884451047393,9.40999984741211,0.14411539636471637,0.015613803197415788,1.0
RKLB,2024-10-01,10,Chronos-LoRA-V6,9.229999542236328,9.293338219504063,9.9399995803833,0.6466613608792375,0.07006082263819469,1.0
RKLB,2024-10-01,20,Chronos-LoRA-V6,9.229999542236328,9.34897420125621,11.470000267028809,2.1210260657725986,0.22979698493665324,1.0
RKLB,2024-11-01,1,Chronos-LoRA-V6,11.420000076293944,11.442349138527714,11.25,0.19234913852771385,0.01684318189515599,0.0
RKLB,2024-11-01,5,Chronos-LoRA-V6,11.420000076293944,11.534066587316,13.510000228881836,1.9759336415658364,0.17302396045229052,1.0
RKLB,2024-11-01,10,Chronos-LoRA-V6,11.420000076293944,11.643648379457897,19.0,7.356351620542103,0.6441638854112346,1.0
RKLB,2024-11-01,20,Chronos-LoRA-V6,11.420000076293944,11.86451483670621,24.155000686645508,12.290485849939298,1.0762246731900063,1.0
RKLB,2024-12-05,1,Chronos-LoRA-V6,23.920000076293945,24.059153696758777,24.68000030517578,0.6208466084170041,0.025955125687156633,1.0
RKLB,2024-12-05,5,Chronos-LoRA-V6,23.920000076293945,24.59562782373647,22.57999992370605,2.0156279000304202,0.08426538016728602,0.0
RKLB,2024-12-05,10,Chronos-LoRA-V6,23.920000076293945,25.296871091485716,23.21999931335449,2.0768717781312276,0.08682574295597612,0.0
RKLB,2024-12-05,20,Chronos-LoRA-V6,23.920000076293945,26.730121369688113,28.799999237060547,2.0698778673724334,0.08653335538338047,1.0
RKLB,2025-01-10,1,Chronos-LoRA-V6,26.90999984741211,27.08125661883653,23.90999984741211,3.171256771424421,0.1178467777557195,0.0
RKLB,2025-01-10,5,Chronos-LoRA-V6,26.90999984741211,27.706212301493363,24.0,3.7062123014933626,0.13772621042395816,0.0
RKLB,2025-01-10,10,Chronos-LoRA-V6,26.90999984741211,28.509804212954766,29.43000030517578,0.9201960922210155,0.03419532134666703,1.0
RKLB,2025-01-10,20,Chronos-LoRA-V6,26.90999984741211,29.801040023290128,30.600000381469727,0.798960358179599,0.029690091516534567,1.0
RKLB,2025-02-14,1,Chronos-LoRA-V6,28.020000457763672,28.117653630439516,27.739999771118164,0.3776538593213523,0.013478010462227297,0.0
RKLB,2025-02-14,5,Chronos-LoRA-V6,28.020000457763672,28.477802248909512,22.489999771118164,5.987802477791348,0.21369744396746682,0.0
RKLB,2025-02-14,10,Chronos-LoRA-V6,28.020000457763672,28.90942674093098,18.65999984741211,10.24942689351887,0.3657896761625141,0.0
RKLB,2025-02-14,20,Chronos-LoRA-V6,28.020000457763672,29.56407699396908,19.100000381469727,10.464076612499355,0.3734502655798497,0.0
RKLB,2025-03-20,1,Chronos-LoRA-V6,18.530000686645508,18.567665737527324,18.940000534057617,0.3723347965302928,0.020093620223049058,1.0
RKLB,2025-03-20,5,Chronos-LoRA-V6,18.530000686645508,18.721388387381257,18.420000076293945,0.3013883110873117,0.01626488396757164,0.0
RKLB,2025-03-20,10,Chronos-LoRA-V6,18.530000686645508,18.94991916669781,17.889999389648438,1.0599197770493731,0.05720020171468487,0.0
RKLB,2025-03-20,20,Chronos-LoRA-V6,18.530000686645508,19.31031614261483,19.739999771118164,0.42968362850333364,0.023188538185700436,1.0
RKLB,2025-04-23,1,Chronos-LoRA-V6,20.290000915527344,20.333670561977282,21.8799991607666,1.5463285987893194,0.07621136170604892,1.0
RKLB,2025-04-23,5,Chronos-LoRA-V6,20.290000915527344,20.49725950699336,21.790000915527344,1.2927414085339848,0.06371322573695348,1.0
RKLB,2025-04-23,10,Chronos-LoRA-V6,20.290000915527344,20.67105102046723,22.290000915527344,1.618949895060112,0.07979052843813217,1.0
RKLB,2025-04-23,20,Chronos-LoRA-V6,20.290000915527344,21.052534505532346,25.170000076293945,4.117465570761599,0.20293077303957263,1.0
RKLB,2025-05-27,1,Chronos-LoRA-V6,28.76000022888184,28.834714886569945,28.93000030517578,0.09528541860583672,0.0033131230127789735,1.0
RKLB,2025-05-27,5,Chronos-LoRA-V6,28.76000022888184,29.128670630905322,26.71999931335449,2.4086713175508336,0.08375074055569576,0.0
RKLB,2025-05-27,10,Chronos-LoRA-V6,28.76000022888184,29.451024657798516,27.170000076293945,2.281024581504571,0.07931239789121713,0.0
RKLB,2025-05-27,20,Chronos-LoRA-V6,28.76000022888184,30.101147866795817,32.349998474121094,2.248850607325277,0.07819369226106265,1.0
RKLB,2025-06-30,1,Chronos-LoRA-V6,35.77000045776367,35.88539575407421,34.33000183105469,1.5553939230195226,0.04348319550222246,0.0
RKLB,2025-06-30,5,Chronos-LoRA-V6,35.77000045776367,36.27232067808594,38.7400016784668,2.467681000380857,0.06898744670955859,1.0
RKLB,2025-06-30,10,Chronos-LoRA-V6,35.77000045776367,36.7260620275541,44.59999847412109,7.8739364465669865,0.22012681984347005,1.0
RKLB,2025-06-30,20,Chronos-LoRA-V6,35.77000045776367,37.51522485106765,43.790000915527344,6.274776064459694,0.1754200722437449,1.0
RKLB,2025-08-01,1,Chronos-LoRA-V6,44.810001373291016,44.96116061067075,44.540000915527344,0.4211596951434089,0.00939878782048964,0.0
RKLB,2025-08-01,5,Chronos-LoRA-V6,44.810001373291016,45.51662327510958,44.68999862670898,0.8266246484006032,0.018447324772752904,0.0
RKLB,2025-08-01,10,Chronos-LoRA-V6,44.810001373291016,46.22450562467152,44.27000045776367,1.9545051669078504,0.04361761006490017,0.0
RKLB,2025-08-01,20,Chronos-LoRA-V6,44.810001373291016,47.19892906971667,48.59999847412109,1.4010694044044172,0.03126689045895725,1.0
RKLB,2025-09-04,1,Chronos-LoRA-V6,42.9900016784668,43.10664137618492,45.84000015258789,2.733358776402973,0.06358126703149392,1.0
RKLB,2025-09-04,5,Chronos-LoRA-V6,42.9900016784668,43.57954289829417,48.43000030517578,4.85045740688161,0.11282756960931106,1.0
RKLB,2025-09-04,10,Chronos-LoRA-V6,42.9900016784668,44.21760534387071,47.18000030517578,2.9623949613050726,0.06890892871932364,1.0
RKLB,2025-09-04,20,Chronos-LoRA-V6,42.9900016784668,45.3637557493173,52.470001220703125,7.106245471385826,0.165299957988726,1.0
RKLB,2025-10-07,1,Chronos-LoRA-V6,61.5099983215332,61.889724578630435,65.30999755859375,3.4202729799633147,0.05560515482514594,1.0
RKLB,2025-10-07,5,Chronos-LoRA-V6,61.5099983215332,63.19141109833309,68.02999877929688,4.8385876809637836,0.07866343379934548,1.0
RKLB,2025-10-07,10,Chronos-LoRA-V6,61.5099983215332,64.7881994711067,65.4000015258789,0.6118020547722125,0.009946383863873809,1.0
RKLB,2025-10-07,20,Chronos-LoRA-V6,61.5099983215332,67.79313136915603,56.56999969482422,11.22313167433181,0.18246028256519808,0.0
RKLB,2025-11-07,1,Chronos-LoRA-V6,51.63999938964844,51.87436478970578,51.900001525878906,0.02563673617312645,0.0004964511323806153,1.0
RKLB,2025-11-07,5,Chronos-LoRA-V6,51.63999938964844,52.670642265657406,45.540000915527344,7.1306413501300625,0.1380836838576619,0.0
RKLB,2025-11-07,10,Chronos-LoRA-V6,51.63999938964844,53.66652964763966,40.29999923706055,13.366530410579117,0.25884063843073013,0.0
RKLB,2025-11-07,20,Chronos-LoRA-V6,51.63999938964844,55.44081412227771,51.560001373291016,3.880812748986692,0.07515129347125105,0.0
RKLB,2025-12-11,1,Chronos-LoRA-V6,63.52999877929688,63.88646709843675,61.4900016784668,2.3964654199699567,0.037721792318858194,0.0
RKLB,2025-12-11,5,Chronos-LoRA-V6,63.52999877929688,65.11023996127035,59.91999816894531,5.19024179232504,0.0816974955462525,0.0
RKLB,2025-12-11,10,Chronos-LoRA-V6,63.52999877929688,66.54714348297533,70.6500015258789,4.102858042903577,0.06458142801414013,1.0
RKLB,2025-12-11,20,Chronos-LoRA-V6,63.52999877929688,69.33610661862657,87.9000015258789,18.563894907252333,0.2922067568699831,1.0
RKLB,2026-01-15,1,Chronos-LoRA-V6,90.76000213623048,91.52869879928218,96.3000030517578,4.771304252475616,0.05257056126237081,1.0
RKLB,2026-01-15,5,Chronos-LoRA-V6,90.76000213623048,94.1468197108647,88.9000015258789,5.246818184985798,0.05780980675948366,0.0
RKLB,2026-01-15,10,Chronos-LoRA-V6,90.76000213623048,97.13050877493073,80.06999969482422,17.060509080106513,0.18797387261514975,0.0
RKLB,2026-01-15,20,Chronos-LoRA-V6,90.76000213623048,103.87540974952043,67.44000244140625,36.43540730811418,0.40144784542231216,0.0
RKLB,2026-02-19,1,Chronos-LoRA-V6,76.58000183105469,77.22860022768832,70.86000061035156,6.368599617336756,0.08316269868191839,0.0
RKLB,2026-02-19,5,Chronos-LoRA-V6,76.58000183105469,79.43767580595869,72.6500015258789,6.787674280079784,0.08863507597001974,0.0
RKLB,2026-02-19,10,Chronos-LoRA-V6,76.58000183105469,81.95520454782131,70.0,11.95520454782131,0.1561139235044161,0.0
RKLB,2026-02-19,20,Chronos-LoRA-V6,76.58000183105469,87.64630764199114,71.93000030517578,15.716307336815362,0.20522730427047453,0.0
RKLB,2026-03-24,1,Chronos-LoRA-V6,66.06999969482422,66.62958306963513,72.87999725341797,6.250414183782837,0.09460290922738523,1.0
RKLB,2026-03-24,5,Chronos-LoRA-V6,66.06999969482422,68.53548042263023,64.22000122070312,4.315479201927104,0.06531677345028308,0.0
RKLB,2026-03-24,10,Chronos-LoRA-V6,66.06999969482422,70.7074981717748,69.08000183105469,1.6274963407201142,0.02463290976596766,1.0
RKLB,2026-03-24,20,Chronos-LoRA-V6,66.06999969482422,75.6175421872417,90.04000091552734,14.422458728285648,0.21829058263815115,1.0
RKLB,2026-04-27,1,Chronos-LoRA-V6,82.29000091552734,82.98696045296036,78.58999633789062,4.396964115069736,0.05343254424779176,0.0
RKLB,2026-04-27,5,Chronos-LoRA-V6,82.29000091552734,85.36075030686214,80.30999755859375,5.050752748268394,0.06137747833364482,0.0
RKLB,2026-04-27,10,Chronos-LoRA-V6,82.29000091552734,88.06599237423346,117.3499984741211,29.284006099887634,0.35586348005936186,1.0
RKLB,2026-04-27,20,Chronos-LoRA-V6,82.29000091552734,94.1814385433622,143.1999969482422,49.01855840487998,0.595680615621802,1.0
RKLB,2026-05-29,1,Chronos-LoRA-V6,143.47999572753906,144.69520717899852,122.38999938964844,22.305207789350078,0.15545865941971793,0.0
RKLB,2026-05-29,5,Chronos-LoRA-V6,143.47999572753906,148.83412265240491,110.08000183105467,38.75412082135024,0.27010121254075214,0.0
RKLB,2026-05-29,10,Chronos-LoRA-V6,143.47999572753906,153.55095478206837,102.38999938964844,51.160955392419936,0.3565720442978818,0.0
RKLB,2026-05-29,20,Chronos-LoRA-V6,143.47999572753906,164.21378356389457,98.01000213623048,66.20378142766408,0.46141471563312253,0.0
RKLB,2026-07-02,1,Chronos-LoRA-V6,100.45999908447266,101.31085038734612,93.08999633789062,8.220854049455497,0.08183211352155129,0.0
RKLB,2026-07-02,5,Chronos-LoRA-V6,100.45999908447266,104.20878359790106,81.04000091552734,23.168782682373717,0.2306269449882441,0.0
RKLB,2026-07-02,10,Chronos-LoRA-V6,100.45999908447266,107.51135514472092,67.62000274658203,39.89135239813889,0.397086927749182,0.0
RKLB,2026-07-02,20,Chronos-LoRA-V6,100.45999908447266,114.97711902510376,64.94999694824219,50.02712207686157,0.49798051495895235,0.0
RKLB,2026-08-06,1,Chronos-LoRA-V6,75.66999816894531,76.31088924118535,82.83000183105469,6.519112589869337,0.08615187984165651,1.0
RKLB,2026-08-06,5,Chronos-LoRA-V6,75.66999816894531,78.49371427338576,80.0999984741211,1.606284200735331,0.021227490942302474,1.0
RKLB,2026-08-06,10,Chronos-LoRA-V6,75.66999816894531,80.98132710613658,72.94999694824219,8.031330157894388,0.10613625415931904,0.0
RKLB,2026-08-06,20,Chronos-LoRA-V6,75.66999816894531,86.60480256210704,63.810001373291016,22.794801188816024,0.3012396159693701,0.0
IONQ,2022-03-11,1,Chronos-LoRA-V6,12.329999923706056,12.34177026201507,11.40999984741211,0.9317704146029602,0.07556937715883594,0.0
IONQ,2022-03-11,5,Chronos-LoRA-V6,12.329999923706056,12.344113053872977,14.359999656677246,2.015886602804269,0.16349445379382854,1.0
IONQ,2022-03-11,10,Chronos-LoRA-V6,12.329999923706056,12.35661576678175,13.18000030517578,0.8233845383940288,0.06677895729836658,1.0
IONQ,2022-03-11,20,Chronos-LoRA-V6,12.329999923706056,12.279866698746924,12.31999969482422,0.04013299607729692,0.003254906433546312,1.0
IONQ,2022-04-12,1,Chronos-LoRA-V6,10.989999771118164,10.964460600819288,11.369999885559082,0.4055392847397936,0.03690075461198428,0.0
IONQ,2022-04-12,5,Chronos-LoRA-V6,10.989999771118164,10.933129920691345,9.800000190734863,1.1331297299564813,0.10310552807602036,1.0
IONQ,2022-04-12,10,Chronos-LoRA-V6,10.989999771118164,10.909002889065611,8.199999809265137,2.7090030798004747,0.24649710065688657,1.0
IONQ,2022-04-12,20,Chronos-LoRA-V6,10.989999771118164,10.842838133039587,4.340000152587891,6.502837980451696,0.5917050150939241,1.0
IONQ,2022-05-16,1,Chronos-LoRA-V6,4.860000133514404,4.854622010438241,5.710000038146973,0.8553780277087313,0.17600370456989745,0.0
IONQ,2022-05-16,5,Chronos-LoRA-V6,4.860000133514404,4.84028567307877,5.760000228881836,0.9197145558030657,0.1892416729499129,0.0
IONQ,2022-05-16,10,Chronos-LoRA-V6,4.860000133514404,4.826976803385523,5.75,0.9230231966144773,0.1899224632216241,0.0
IONQ,2022-05-16,20,Chronos-LoRA-V6,4.860000133514404,4.719400266191325,4.610000133514404,0.10940013267692095,0.022510314747215987,1.0
IONQ,2022-06-16,1,Chronos-LoRA-V6,4.760000228881836,4.750039016081435,5.039999961853027,0.28996094577159237,0.06091616214894724,0.0
IONQ,2022-06-16,5,Chronos-LoRA-V6,4.760000228881836,4.701720800886841,5.110000133514404,0.4082793326275631,0.08577296491506081,0.0
IONQ,2022-06-16,10,Chronos-LoRA-V6,4.760000228881836,4.647868053354415,4.389999866485596,0.2578681868688193,0.05417398623306258,1.0
IONQ,2022-06-16,20,Chronos-LoRA-V6,4.760000228881836,4.519419210370712,4.590000152587891,0.07058094221717859,0.014827928324230077,1.0
IONQ,2022-07-21,1,Chronos-LoRA-V6,5.260000228881836,5.253684340736922,4.880000114440918,0.37368422629600406,0.07104262548206042,1.0
IONQ,2022-07-21,5,Chronos-LoRA-V6,5.260000228881836,5.21689822751082,5.289999961853027,0.0731017343422069,0.013897667521156398,0.0
IONQ,2022-07-21,10,Chronos-LoRA-V6,5.260000228881836,5.172761194042823,6.199999809265137,1.0272386152223136,0.19529250390178843,0.0
IONQ,2022-07-21,20,Chronos-LoRA-V6,5.260000228881836,5.104881035426959,7.630000114440918,2.525119079013959,0.48006064052030395,0.0
IONQ,2022-08-22,1,Chronos-LoRA-V6,6.420000076293945,6.406133155212369,6.429999828338623,0.023866673126254234,0.0037175502870137045,0.0
IONQ,2022-08-22,5,Chronos-LoRA-V6,6.420000076293945,6.361690477106953,6.190000057220459,0.17169041988649436,0.026743055739277377,1.0
IONQ,2022-08-22,10,Chronos-LoRA-V6,6.420000076293945,6.316913333406005,5.630000114440918,0.6869132189650866,0.1069958272277185,1.0
IONQ,2022-08-22,20,Chronos-LoRA-V6,6.420000076293945,6.209768977294636,5.269999980926514,0.9397689963681222,0.1463814618691749,1.0
IONQ,2022-09-23,1,Chronos-LoRA-V6,4.769999980926514,4.758331536411677,4.789999961853027,0.0316684254413504,0.006639082928297846,0.0
IONQ,2022-09-23,5,Chronos-LoRA-V6,4.769999980926514,4.706516045116393,5.070000171661377,0.36348412654498397,0.07620212327010978,0.0
IONQ,2022-09-23,10,Chronos-LoRA-V6,4.769999980926514,4.65122092601552,5.28000020980835,0.6287792837928299,0.13181955687779634,0.0
IONQ,2022-09-23,20,Chronos-LoRA-V6,4.769999980926514,4.532109643415876,5.130000114440918,0.5978904710250417,0.1253439147622195,0.0
IONQ,2022-10-25,1,Chronos-LoRA-V6,5.400000095367432,5.387245547959976,5.53000020980835,0.1427546618483735,0.026436048023562142,0.0
IONQ,2022-10-25,5,Chronos-LoRA-V6,5.400000095367432,5.3428235321229405,5.610000133514404,0.2671766013914638,0.0494771475320287,0.0
IONQ,2022-10-25,10,Chronos-LoRA-V6,5.400000095367432,5.286746178317924,4.960000038146973,0.32674614017095127,0.060508543407482795,1.0
IONQ,2022-10-25,20,Chronos-LoRA-V6,5.400000095367432,5.189174467943902,4.849999904632568,0.33917456331133344,0.06281010320764735,1.0
IONQ,2022-11-28,1,Chronos-LoRA-V6,4.940000057220459,4.929575166481836,4.829999923706055,0.09957524277578145,0.020156931502508635,1.0
IONQ,2022-11-28,5,Chronos-LoRA-V6,4.940000057220459,4.88039093365951,4.650000095367432,0.2303908382920783,0.04663782097640501,1.0
IONQ,2022-11-28,10,Chronos-LoRA-V6,4.940000057220459,4.824223649452416,4.46999979019165,0.3542238592607658,0.07170523383760319,1.0
IONQ,2022-11-28,20,Chronos-LoRA-V6,4.940000057220459,4.722927837813459,3.0999999046325684,1.6229279331808906,0.3285279178911684,1.0
IONQ,2022-12-29,1,Chronos-LoRA-V6,3.539999961853028,3.529320716898795,3.450000047683716,0.07932066921507896,0.02240696894628169,1.0
IONQ,2022-12-29,5,Chronos-LoRA-V6,3.539999961853028,3.467301901835303,3.7699999809265137,0.3026980790912108,0.08550793286810154,0.0
IONQ,2022-12-29,10,Chronos-LoRA-V6,3.539999961853028,3.3896115524895896,4.409999847412109,1.0203882949225198,0.2882452841576848,0.0
IONQ,2022-12-29,20,Chronos-LoRA-V6,3.539999961853028,3.2548873787379615,4.460000038146973,1.2051126594090111,0.3404273085862378,0.0
IONQ,2023-02-02,1,Chronos-LoRA-V6,5.489999771118164,5.486336753304745,5.5,0.01366324669525465,0.002488751778667586,0.0
IONQ,2023-02-02,5,Chronos-LoRA-V6,5.489999771118164,5.434008785992763,4.690000057220459,0.7440087287723038,0.1355207212733215,1.0
IONQ,2023-02-02,10,Chronos-LoRA-V6,5.489999771118164,5.367618078881397,5.28000020980835,0.08761786907304714,0.01595953965863317,1.0
IONQ,2023-02-02,20,Chronos-LoRA-V6,5.489999771118164,5.237987100662694,5.03000020980835,0.20798689085434408,0.03788468115217836,1.0
IONQ,2023-03-07,1,Chronos-LoRA-V6,4.940000057220459,4.927102384992424,5.059999942779541,0.13289755778711676,0.026902339321407287,0.0
IONQ,2023-03-07,5,Chronos-LoRA-V6,4.940000057220459,4.860289821263373,4.789999961853027,0.07028985941034538,0.014228716315014434,1.0
IONQ,2023-03-07,10,Chronos-LoRA-V6,4.940000057220459,4.781216102720513,4.869999885559082,0.08878378283856936,0.017972425467647546,1.0
IONQ,2023-03-07,20,Chronos-LoRA-V6,4.940000057220459,4.645707151124468,7.070000171661377,2.4242930205369086,0.4907475693230987,0.0
IONQ,2023-04-10,1,Chronos-LoRA-V6,6.849999904632568,6.851831560736412,6.78000020980835,0.07183135092806214,0.010486328748630092,0.0
IONQ,2023-04-10,5,Chronos-LoRA-V6,6.849999904632568,6.807288702063823,6.550000190734863,0.2572885113289596,0.037560367140291206,1.0
IONQ,2023-04-10,10,Chronos-LoRA-V6,6.849999904632568,6.750852702106158,5.840000152587891,0.9108525495182676,0.1329711769634141,1.0
IONQ,2023-04-10,20,Chronos-LoRA-V6,6.849999904632568,6.614422742699838,6.150000095367432,0.46442264733240624,0.0677989275617833,1.0
IONQ,2023-05-10,1,Chronos-LoRA-V6,6.949999809265137,6.943806474631423,7.019999980926514,0.07619350629509025,0.010963094731818002,0.0
IONQ,2023-05-10,5,Chronos-LoRA-V6,6.949999809265137,6.896767761040998,8.960000038146973,2.063232277105975,0.2968679616876324,0.0
IONQ,2023-05-10,10,Chronos-LoRA-V6,6.949999809265137,6.822014304186639,10.239999771118164,3.4179854669315253,0.4917964835588864,0.0
IONQ,2023-05-10,20,Chronos-LoRA-V6,6.949999809265137,6.672459424265808,10.649999618530272,3.9775401942644635,0.5723079573271286,0.0
IONQ,2023-06-13,1,Chronos-LoRA-V6,10.630000114440918,10.61150257851238,9.9399995803833,0.6715029981290801,0.06317055417683759,1.0
IONQ,2023-06-13,5,Chronos-LoRA-V6,10.630000114440918,10.534156836938779,9.220000267028809,1.3141565699099704,0.1236271454150486,1.0
IONQ,2023-06-13,10,Chronos-LoRA-V6,10.630000114440918,10.425078282647974,13.350000381469728,2.924922098821755,0.2751572970209315,0.0
IONQ,2023-06-13,20,Chronos-LoRA-V6,10.630000114440918,10.186539759739803,14.460000038146973,4.273460278407169,0.4020188365380777,0.0
IONQ,2023-07-17,1,Chronos-LoRA-V6,14.899999618530272,14.912200425633774,15.710000038146973,0.7977996125131988,0.05354359952607113,1.0
IONQ,2023-07-17,5,Chronos-LoRA-V6,14.899999618530272,14.902573445057383,14.390000343322754,0.5125731017346293,0.034400880191780114,0.0
IONQ,2023-07-17,10,Chronos-LoRA-V6,14.899999618530272,14.876199137788122,19.25,4.373800862211878,0.29354368954294696,0.0
IONQ,2023-07-17,20,Chronos-LoRA-V6,14.899999618530272,14.76668179691972,14.880000114440918,0.11331831752119825,0.007605256404186078,1.0
IONQ,2023-08-17,1,Chronos-LoRA-V6,13.010000228881836,12.998956886086996,13.420000076293944,0.421043190206948,0.032363042490363925,0.0
IONQ,2023-08-17,5,Chronos-LoRA-V6,13.010000228881836,12.957922614423783,14.619999885559082,1.6620772711352991,0.12775382335855268,0.0
IONQ,2023-08-17,10,Chronos-LoRA-V6,13.010000228881836,12.929579421068006,17.190000534057617,4.2604211129896115,0.32747279308509114,0.0
IONQ,2023-08-17,20,Chronos-LoRA-V6,13.010000228881836,12.813828687298848,17.079999923706055,4.266171236407207,0.3279147702808203,0.0
IONQ,2023-09-20,1,Chronos-LoRA-V6,14.800000190734863,14.80143154802245,13.529999732971191,1.2714318150512582,0.08590755396389815,0.0
IONQ,2023-09-20,5,Chronos-LoRA-V6,14.800000190734863,14.783422387542796,14.239999771118164,0.5434226164246319,0.03671774387981608,1.0
IONQ,2023-09-20,10,Chronos-LoRA-V6,14.800000190734863,14.779014641972413,14.770000457763672,0.009014184208741227,0.0006090664927412837,1.0
IONQ,2023-09-20,20,Chronos-LoRA-V6,14.800000190734863,14.732915825994723,13.6899995803833,1.0429162456114227,0.0704673129845168,1.0
IONQ,2023-10-20,1,Chronos-LoRA-V6,12.59000015258789,12.58600688070954,12.640000343322754,0.053993462613213694,0.004288599043592245,0.0
IONQ,2023-10-20,5,Chronos-LoRA-V6,12.59000015258789,12.539525888570441,10.140000343322754,2.3995255452476876,0.19058979477092874,1.0
IONQ,2023-10-20,10,Chronos-LoRA-V6,12.59000015258789,12.494459755574836,11.579999923706056,0.9144598318687791,0.0726338221434264,1.0
IONQ,2023-10-20,20,Chronos-LoRA-V6,12.59000015258789,12.311561495466051,12.699999809265137,0.3884383137990852,0.030852923676831123,0.0
IONQ,2023-11-22,1,Chronos-LoRA-V6,12.420000076293944,12.381034868121425,12.359999656677246,0.02103521144417897,0.0016936563055525156,1.0
IONQ,2023-11-22,5,Chronos-LoRA-V6,12.420000076293944,12.22426220318903,12.229999542236328,0.005737339047298562,0.00046194355974682466,1.0
IONQ,2023-11-22,10,Chronos-LoRA-V6,12.420000076293944,12.028301127287182,13.199999809265137,1.1716986819779542,0.09433966785671566,0.0
IONQ,2023-11-22,20,Chronos-LoRA-V6,12.420000076293944,11.635576948531602,13.789999961853027,2.1544230133214253,0.17346400966885445,0.0
IONQ,2023-12-26,1,Chronos-LoRA-V6,13.520000457763672,13.502153415534249,13.210000038146973,0.292153377387276,0.0216089768857598,1.0
IONQ,2023-12-26,5,Chronos-LoRA-V6,13.520000457763672,13.419470099022755,11.93000030517578,1.4894697938469754,0.11016788043018655,1.0
IONQ,2023-12-26,10,Chronos-LoRA-V6,13.520000457763672,13.300914302263797,12.09000015258789,1.2109141496759062,0.08956465300861394,1.0
IONQ,2023-12-26,20,Chronos-LoRA-V6,13.520000457763672,13.042655848990055,11.279999732971191,1.7626561160188636,0.13037396866408268,1.0
IONQ,2024-01-30,1,Chronos-LoRA-V6,10.6899995803833,10.667312719332395,10.270000457763672,0.39731226156872346,0.037166723775912236,1.0
IONQ,2024-01-30,5,Chronos-LoRA-V6,10.6899995803833,10.527748322344703,10.4399995803833,0.08774874196140203,0.008208488812518344,1.0
IONQ,2024-01-30,10,Chronos-LoRA-V6,10.6899995803833,10.342946490085819,10.539999961853027,0.19705347176720878,0.01843344055212237,1.0
IONQ,2024-01-30,20,Chronos-LoRA-V6,10.6899995803833,9.97256904702988,11.260000228881836,1.2874311818519555,0.120433230344972,0.0
IONQ,2024-03-01,1,Chronos-LoRA-V6,10.65999984741211,10.640591008319253,10.09000015258789,0.5505908557313628,0.05165017482294121,1.0
IONQ,2024-03-01,5,Chronos-LoRA-V6,10.65999984741211,10.55304995048929,10.8100004196167,0.2569504691274087,0.024104171932965546,0.0
IONQ,2024-03-01,10,Chronos-LoRA-V6,10.65999984741211,10.436737219075845,9.3100004196167,1.1267367994591453,0.1056976374847397,1.0
IONQ,2024-03-01,20,Chronos-LoRA-V6,10.65999984741211,10.19356013319728,9.989999771118164,0.20356036207911643,0.019095719042485193,1.0
IONQ,2024-04-04,1,Chronos-LoRA-V6,9.119999885559082,9.107321866543717,9.210000038146973,0.10267817160325521,0.011258571589001898,0.0
IONQ,2024-04-04,5,Chronos-LoRA-V6,9.119999885559082,9.012272583258756,8.239999771118164,0.7722728121405922,0.08467903748150651,1.0
IONQ,2024-04-04,10,Chronos-LoRA-V6,9.119999885559082,8.89387788807769,7.369999885559082,1.5238780025186074,0.1670918883378023,1.0
IONQ,2024-04-04,20,Chronos-LoRA-V6,9.119999885559082,8.653994019424754,9.0,0.3460059805752458,0.0379392527321325,1.0
IONQ,2024-05-06,1,Chronos-LoRA-V6,9.279999732971191,9.26845605181352,8.630000114440918,0.6384559373726013,0.06879913316206376,1.0
IONQ,2024-05-06,5,Chronos-LoRA-V6,9.279999732971191,9.199226899386552,8.770000457763672,0.4292264416228804,0.04625285064372031,1.0
IONQ,2024-05-06,10,Chronos-LoRA-V6,9.279999732971191,9.104267384490619,8.880000114440918,0.22426727004970104,0.024166732381779576,1.0
IONQ,2024-05-06,20,Chronos-LoRA-V6,9.279999732971191,8.934702172042842,7.710000038146973,1.2247021338958692,0.1319722165017514,1.0
IONQ,2024-06-07,1,Chronos-LoRA-V6,7.860000133514404,7.850239306971776,8.220000267028809,0.3697609600570324,0.047043378343010755,0.0
IONQ,2024-06-07,5,Chronos-LoRA-V6,7.860000133514404,7.814121880490491,7.699999809265137,0.11412207122535456,0.014519347237507918,1.0
IONQ,2024-06-07,10,Chronos-LoRA-V6,7.860000133514404,7.755210883185354,6.760000228881836,0.9952106543035182,0.12661712943998826,1.0
IONQ,2024-06-07,20,Chronos-LoRA-V6,7.860000133514404,7.659220606819708,7.929999828338623,0.2707792215189153,0.03445028205080225,0.0
IONQ,2024-07-11,1,Chronos-LoRA-V6,8.020000457763672,8.014273008312994,8.449999809265137,0.43572680095214267,0.054330021955340646,0.0
IONQ,2024-07-11,5,Chronos-LoRA-V6,8.020000457763672,7.976060613509606,8.210000038146973,0.2339394246373665,0.02916950265394369,0.0
IONQ,2024-07-11,10,Chronos-LoRA-V6,8.020000457763672,7.918546467174694,7.929999828338623,0.011453361163929365,0.00142809981423897,1.0
IONQ,2024-07-11,20,Chronos-LoRA-V6,8.020000457763672,7.7924091065035785,7.110000133514404,0.6824089729891742,0.08508839576543614,1.0
IONQ,2024-08-13,1,Chronos-LoRA-V6,7.28000020980835,7.271446619723523,7.309999942779541,0.038553323056017774,0.005295785981444756,0.0
IONQ,2024-08-13,5,Chronos-LoRA-V6,7.28000020980835,7.218226690033999,7.210000038146973,0.008226651887026648,0.0011300345672988765,1.0
IONQ,2024-08-13,10,Chronos-LoRA-V6,7.28000020980835,7.170733336235447,7.28000020980835,0.10926687357290277,0.01500918549778163,0.0
IONQ,2024-08-13,20,Chronos-LoRA-V6,7.28000020980835,7.076021613303823,7.230000019073486,0.1539784057696636,0.021150879303850623,1.0
IONQ,2024-09-13,1,Chronos-LoRA-V6,7.760000228881836,7.751986026376911,7.820000171661377,0.06801414528446603,0.008764709185358766,0.0
IONQ,2024-09-13,5,Chronos-LoRA-V6,7.760000228881836,7.688183095001686,8.220000267028809,0.5318171720271225,0.06853313870375399,0.0
IONQ,2024-09-13,10,Chronos-LoRA-V6,7.760000228881836,7.621510315260371,9.710000038146973,2.0884897228866013,0.26913526562969425,0.0
IONQ,2024-09-13,20,Chronos-LoRA-V6,7.760000228881836,7.480710093322352,10.65999984741211,3.1792897540897576,0.40970227581396246,0.0
IONQ,2024-10-16,1,Chronos-LoRA-V6,12.300000190734863,12.295154101070711,12.5,0.20484589892928895,0.016654137866078278,0.0
IONQ,2024-10-16,5,Chronos-LoRA-V6,12.300000190734863,12.282624466965483,14.739999771118164,2.4573753041526807,0.199786606995643,0.0
IONQ,2024-10-16,10,Chronos-LoRA-V6,12.300000190734863,12.2762169808502,16.8700008392334,4.593783858383198,0.37347835667868723,0.0
IONQ,2024-10-16,20,Chronos-LoRA-V6,12.300000190734863,12.227984079185154,26.76000022888184,14.532016149696686,1.1814647092967623,0.0
IONQ,2024-11-15,1,Chronos-LoRA-V6,29.13999938964844,29.325407802718036,25.229999542236328,4.095408260481708,0.14054249644001504,0.0
IONQ,2024-11-15,5,Chronos-LoRA-V6,29.13999938964844,30.101902630751496,31.799999237060547,1.6980966063090506,0.05827373513646239,1.0
IONQ,2024-11-15,10,Chronos-LoRA-V6,29.13999938964844,31.035415704330987,32.060001373291016,1.0245856689600288,0.03516079925945359,1.0
IONQ,2024-11-15,20,Chronos-LoRA-V6,29.13999938964844,32.895597162503925,41.810001373291016,8.91440421078709,0.30591641721014606,1.0
IONQ,2024-12-19,1,Chronos-LoRA-V6,37.7599983215332,37.97934527882718,44.41999816894531,6.44065289011813,0.1705681455617345,1.0
IONQ,2024-12-19,5,Chronos-LoRA-V6,37.7599983215332,38.876401149714326,45.47999954223633,6.603598392522002,0.17488343977907972,1.0
IONQ,2024-12-19,10,Chronos-LoRA-V6,37.7599983215332,40.06883758049897,51.06999969482422,11.001162114325247,0.2913443486053249,1.0
IONQ,2024-12-19,20,Chronos-LoRA-V6,37.7599983215332,42.47780005014174,42.040000915527344,0.43779913461439435,0.0115942572583414,1.0
IONQ,2025-01-24,1,Chronos-LoRA-V6,40.7599983215332,41.01959126362872,38.540000915527344,2.4795903481013752,0.06083391683535533,0.0
IONQ,2025-01-24,5,Chronos-LoRA-V6,40.7599983215332,41.980216482297294,39.4900016784668,2.490214803830497,0.06109457572069954,0.0
IONQ,2025-01-24,10,Chronos-LoRA-V6,40.7599983215332,43.24848320258833,40.56999969482422,2.6784835077641134,0.06571353331850083,0.0
IONQ,2025-01-24,20,Chronos-LoRA-V6,40.7599983215332,45.811392687353425,31.239999771118164,14.571392916235261,0.3574924807721913,0.0
IONQ,2025-02-27,1,Chronos-LoRA-V6,24.90999984741211,24.98283496181798,24.56999969482422,0.41283526699375983,0.01657307384675266,0.0
IONQ,2025-02-27,5,Chronos-LoRA-V6,24.90999984741211,25.083594714041872,20.479999542236328,4.603595171805544,0.18480912083521395,0.0
IONQ,2025-02-27,10,Chronos-LoRA-V6,24.90999984741211,25.32345481799017,21.3700008392334,3.953453978756773,0.15870951437069136,0.0
IONQ,2025-02-27,20,Chronos-LoRA-V6,24.90999984741211,25.541782017943145,23.649999618530277,1.8917823994128682,0.07594469735050624,0.0
IONQ,2025-04-01,1,Chronos-LoRA-V6,23.190000534057617,23.229061528124884,25.049999237060547,1.8209377089356629,0.07852253846486001,1.0
IONQ,2025-04-01,5,Chronos-LoRA-V6,23.190000534057617,23.346689754093763,21.280000686645508,2.066689067448255,0.08911983699237291,0.0
IONQ,2025-04-01,10,Chronos-LoRA-V6,23.190000534057617,23.486597425675647,25.399999618530277,1.9134021928546296,0.08250979511813905,1.0
IONQ,2025-04-01,20,Chronos-LoRA-V6,23.190000534057617,23.69733381775814,27.459999084472656,3.7626652667145173,0.16225378094271892,1.0
IONQ,2025-05-02,1,Chronos-LoRA-V6,30.920000076293945,30.932501649193984,29.81999969482422,1.1125019543697654,0.035980011372079845,0.0
IONQ,2025-05-02,5,Chronos-LoRA-V6,30.920000076293945,30.99709568976228,31.270000457763672,0.27290476800139274,0.008826156769987437,1.0
IONQ,2025-05-02,10,Chronos-LoRA-V6,30.920000076293945,31.027130819268695,34.9900016784668,3.9628708591981017,0.12816529267205268,1.0
IONQ,2025-05-02,20,Chronos-LoRA-V6,30.920000076293945,30.963625922580565,40.56999969482422,9.606373772243654,0.3106847913499444,1.0
IONQ,2025-06-05,1,Chronos-LoRA-V6,36.65999984741211,36.681643489133634,39.02000045776367,2.3383569686300376,0.06378496940433309,1.0
IONQ,2025-06-05,5,Chronos-LoRA-V6,36.65999984741211,36.723383763857825,38.709999084472656,1.9866153206148311,0.054190270836977916,1.0
IONQ,2025-06-05,10,Chronos-LoRA-V6,36.65999984741211,36.784247222572496,40.36000061035156,3.5757533877790664,0.09753828157834765,1.0
IONQ,2025-06-05,20,Chronos-LoRA-V6,36.65999984741211,36.890083086640495,45.20000076293945,8.309917676298959,0.2266753330847482,1.0
IONQ,2025-07-09,1,Chronos-LoRA-V6,45.560001373291016,45.530168162292775,45.93000030517578,0.3998321428830067,0.008775946681981672,0.0
IONQ,2025-07-09,5,Chronos-LoRA-V6,45.560001373291016,45.493677708758916,43.540000915527344,1.9536767932315726,0.042881403299888654,1.0
IONQ,2025-07-09,10,Chronos-LoRA-V6,45.560001373291016,45.485852763503885,43.27999877929688,2.2058539842070033,0.048416460002570494,1.0
IONQ,2025-07-09,20,Chronos-LoRA-V6,45.560001373291016,45.55708352531807,41.22999954223633,4.327083983081742,0.09497550159466062,1.0
IONQ,2025-08-11,1,Chronos-LoRA-V6,44.93999862670898,44.97231785880401,43.0,1.9723178588040113,0.04388780416276672,0.0
IONQ,2025-08-11,5,Chronos-LoRA-V6,44.93999862670898,44.89420583485163,40.22999954223633,4.6642062926153045,0.10378741511227485,1.0
IONQ,2025-08-11,10,Chronos-LoRA-V6,44.93999862670898,44.8195719638203,38.68000030517578,6.13957165864452,0.1366170860315874,1.0
IONQ,2025-08-11,20,Chronos-LoRA-V6,44.93999862670898,44.6555440170645,44.0,0.6555440170644999,0.014587094728456318,1.0
IONQ,2025-09-11,1,Chronos-LoRA-V6,47.04999923706055,47.072365658497105,55.61000061035156,8.537634951854457,0.18145876918802362,1.0
IONQ,2025-09-11,5,Chronos-LoRA-V6,47.04999923706055,47.04145871824913,66.80999755859375,19.76853884034462,0.42016023721363316,0.0
IONQ,2025-09-11,10,Chronos-LoRA-V6,47.04999923706055,47.0173653620557,69.43000030517578,22.412634943120082,0.4763578173549895,0.0
IONQ,2025-09-11,20,Chronos-LoRA-V6,47.04999923706055,47.024660418461984,77.5,30.475339581538016,0.6477224245634645,0.0
IONQ,2025-10-14,1,Chronos-LoRA-V6,77.55000305175781,78.06426601606772,72.41000366210938,5.6542623539583445,0.07291118157899523,0.0
IONQ,2025-10-14,5,Chronos-LoRA-V6,77.55000305175781,79.57377160301066,59.5,20.073771603010655,0.25884939797633766,0.0
IONQ,2025-10-14,10,Chronos-LoRA-V6,77.55000305175781,81.24826674348515,57.150001525878906,24.09826521760624,0.3107448648522009,0.0
IONQ,2025-10-14,20,Chronos-LoRA-V6,77.55000305175781,84.70649259917971,54.41999816894531,30.2864944302344,0.39054149888325385,0.0
IONQ,2025-11-13,1,Chronos-LoRA-V6,45.400001525878906,45.53398923841284,47.18000030517578,1.646011066762938,0.03625574915068408,1.0
IONQ,2025-11-13,5,Chronos-LoRA-V6,45.400001525878906,45.986037997980546,41.0,4.986037997980546,0.1098246218150104,0.0
IONQ,2025-11-13,10,Chronos-LoRA-V6,45.400001525878906,46.62593556056185,49.29999923706055,2.6740636764986974,0.0589000790005354,1.0
IONQ,2025-11-13,20,Chronos-LoRA-V6,45.400001525878906,47.579500867711786,50.34999847412109,2.7704976064093003,0.061024174301625544,1.0
IONQ,2025-12-17,1,Chronos-LoRA-V6,45.84999847412109,45.96913446838646,46.43999862670898,0.47086415832252015,0.010269665735938682,1.0
IONQ,2025-12-17,5,Chronos-LoRA-V6,45.84999847412109,46.29907635235195,49.81999969482422,3.5209233424722655,0.0767922237654941,1.0
IONQ,2025-12-17,10,Chronos-LoRA-V6,45.84999847412109,46.743417695971424,46.77000045776367,0.026582761792248277,0.0005797767214159588,1.0
IONQ,2025-12-17,20,Chronos-LoRA-V6,45.84999847412109,47.11986684059599,50.79999923706055,3.6801323964645576,0.08026461328110446,1.0
IONQ,2026-01-21,1,Chronos-LoRA-V6,48.33000183105469,48.44553449662244,49.33000183105469,0.8844673344322445,0.018300585576719985,1.0
IONQ,2026-01-21,5,Chronos-LoRA-V6,48.33000183105469,48.70524885237245,45.79999923706055,2.9052496153119023,0.060112756160607406,0.0
IONQ,2026-01-21,10,Chronos-LoRA-V6,48.33000183105469,48.94394812038862,35.34000015258789,13.603947967800728,0.28148039421466453,0.0
IONQ,2026-01-21,20,Chronos-LoRA-V6,48.33000183105469,49.695535144698056,33.43000030517578,16.265534839522275,0.3365515047233202,0.0
IONQ,2026-02-24,1,Chronos-LoRA-V6,31.6200008392334,31.69558831789689,33.59000015258789,1.8944118346910024,0.05991182113886784,1.0
IONQ,2026-02-24,5,Chronos-LoRA-V6,31.6200008392334,31.865506957161234,37.04999923706055,5.184492279899313,0.16396243334271232,1.0
IONQ,2026-02-24,10,Chronos-LoRA-V6,31.6200008392334,32.021676433036276,35.119998931884766,3.098322498848489,0.0979861611832773,1.0
IONQ,2026-02-24,20,Chronos-LoRA-V6,31.6200008392334,32.51340375434896,32.70000076293945,0.18659700859049622,0.005901233511637738,1.0
IONQ,2026-03-26,1,Chronos-LoRA-V6,29.84000015258789,29.91133254711628,27.51000022888184,2.4013323182344415,0.08047360274648607,0.0
IONQ,2026-03-26,5,Chronos-LoRA-V6,29.84000015258789,30.071685870550873,29.299999237060547,0.7716866334903258,0.025860811982046816,0.0
IONQ,2026-03-26,10,Chronos-LoRA-V6,29.84000015258789,30.219064019199077,28.790000915527344,1.4290631036717336,0.04789085443579655,0.0
IONQ,2026-03-26,20,Chronos-LoRA-V6,29.84000015258789,30.683110285915042,42.68999862670898,12.006888340793935,0.40237561258030463,1.0
IONQ,2026-04-29,1,Chronos-LoRA-V6,42.11000061035156,42.2106643892312,45.119998931884766,2.9093345426535677,0.06908892188280791,1.0
IONQ,2026-04-29,5,Chronos-LoRA-V6,42.11000061035156,42.4369538836405,52.56999969482422,10.13304581118372,0.24063276334156125,1.0
IONQ,2026-04-29,10,Chronos-LoRA-V6,42.11000061035156,42.64493290166306,55.2599983215332,12.615065419870142,0.29957409729338935,1.0
IONQ,2026-04-29,20,Chronos-LoRA-V6,42.11000061035156,43.2997917647568,70.13999938964844,26.84020762489164,0.6373832162399382,1.0
IONQ,2026-06-01,1,Chronos-LoRA-V6,69.27999877929688,69.4456123242225,71.4000015258789,1.9543892016564115,0.028210006294637102,1.0
IONQ,2026-06-01,5,Chronos-LoRA-V6,69.27999877929688,69.81790716319692,62.79999923706055,7.017907926136374,0.10129774898658861,0.0
IONQ,2026-06-01,10,Chronos-LoRA-V6,69.27999877929688,70.1600773343173,61.18000030517578,8.980077029141512,0.129620051780732,0.0
IONQ,2026-06-01,20,Chronos-LoRA-V6,69.27999877929688,71.2374608674012,53.2599983215332,17.977462545867994,0.2594899373935936,0.0
IONQ,2026-07-06,1,Chronos-LoRA-V6,48.869998931884766,48.986822458244866,45.36000061035156,3.6268218478933036,0.07421366742709334,0.0
IONQ,2026-07-06,5,Chronos-LoRA-V6,48.869998931884766,49.249438634682555,38.880001068115234,10.36943756656732,0.21218411690616745,0.0
IONQ,2026-07-06,10,Chronos-LoRA-V6,48.869998931884766,49.4908049192064,34.2400016784668,15.2508032407396,0.3120688269708424,0.0
IONQ,2026-07-06,20,Chronos-LoRA-V6,48.869998931884766,50.250789518495594,38.84999847412109,11.400791044374508,0.23328813778500357,0.0
IONQ,2026-08-06,1,Chronos-LoRA-V6,39.720001220703125,39.81495171612052,44.43000030517578,4.615048589055263,0.11618953794618148,1.0
IONQ,2026-08-06,5,Chronos-LoRA-V6,39.720001220703125,40.02839790144212,44.97999954223633,4.951601640794209,0.12466267594708191,1.0
IONQ,2026-08-06,10,Chronos-LoRA-V6,39.720001220703125,40.22457284159888,41.52999877929688,1.3054259376980042,0.032865707391206644,1.0
IONQ,2026-08-06,20,Chronos-LoRA-V6,39.720001220703125,40.842264469821686,39.02000045776367,1.8222640120580138,0.04587774310309434,0.0
AAPL,2011-03-11,1,GARCH,10.527891159057615,10.552238466462953,10.574847221374512,0.022608754911559004,0.002147510319966406,1.0
AAPL,2011-03-11,5,GARCH,10.527891159057615,10.65019206730806,9.890216827392578,0.759975239915482,0.07218684430087796,0.0
AAPL,2011-03-11,10,GARCH,10.527891159057615,10.773913726583842,10.514430046081545,0.25948368050229753,0.02464726093592373,0.0
AAPL,2011-03-11,20,GARCH,10.527891159057615,11.025685508536561,10.021523475646973,1.0041620328895888,0.09538111837579777,0.0
AAPL,2011-07-05,1,GARCH,10.45132541656494,10.469077167387635,10.521010398864746,0.051933231477111264,0.004969056976716013,1.0
AAPL,2011-07-05,5,GARCH,10.45132541656494,10.5403861996976,10.58053493499756,0.04014873529995988,0.0038414970063342935,1.0
AAPL,2011-07-05,10,GARCH,10.45132541656494,10.630205912705284,11.271445274353027,0.6412393616477434,0.06135483645274342,1.0
AAPL,2011-07-05,20,GARCH,10.45132541656494,10.812148052285483,11.63215160369873,0.8200035514132473,0.07845928805485025,1.0
AAPL,2011-10-25,1,GARCH,11.897151947021484,11.918941089917977,11.98179817199707,0.06285708207909302,0.005283372218745974,1.0
AAPL,2011-10-25,5,GARCH,11.897151947021484,12.006497452195465,11.859468460083008,0.1470289921124568,0.012358335235792883,0.0
AAPL,2011-10-25,10,GARCH,11.897151947021484,12.116847940709576,12.150190353393556,0.03334241268398053,0.002802554160227233,1.0
AAPL,2011-10-25,20,GARCH,11.897151947021484,12.340600899447583,11.261275291442873,1.0793256080047104,0.09072134346194727,0.0
AAPL,2012-02-17,1,GARCH,15.018218040466309,15.048644253121983,15.398975372314451,0.35033111919246807,0.023327076371411515,1.0
AAPL,2012-02-17,5,GARCH,15.018218040466309,15.170966774796067,15.72528839111328,0.5543216163172122,0.03690994596187136,1.0
AAPL,2012-02-17,10,GARCH,15.018218040466309,15.325269100622267,15.946621894836426,0.6213527942141592,0.041373270286790165,1.0
AAPL,2012-02-17,20,GARCH,15.018218040466309,15.638597893148921,17.978675842285156,2.3400779491362353,0.15581595252052804,1.0
AAPL,2012-06-12,1,GARCH,17.232736587524414,17.26832387068636,17.11309242248535,0.15523144820100754,0.009007939476855076,0.0
AAPL,2012-06-12,5,GARCH,17.232736587524414,17.411409434701625,17.569217681884766,0.1578082471831408,0.009157468773554278,1.0
AAPL,2012-06-12,10,GARCH,17.232736587524414,17.591934801712597,17.10921287536621,0.482721926346386,0.02801191348191634,0.0
AAPL,2012-06-12,20,GARCH,17.232736587524414,17.95862012373306,18.078277587890625,0.11965746415756584,0.006943613601346987,1.0
AAPL,2012-10-03,1,GARCH,20.16904640197754,20.21168746632157,20.02937126159668,0.1823162047248914,0.009039406280854867,0.0
AAPL,2012-10-03,5,GARCH,20.16904640197754,20.38315514200185,19.25168800354004,1.1314671384618116,0.05609918862355712,0.0
AAPL,2012-10-03,10,GARCH,20.16904640197754,20.59953679823852,19.362823486328125,1.2367133119103961,0.06131739137598191,0.0
AAPL,2012-10-03,20,GARCH,20.16904640197754,21.039215629965383,17.32594108581543,3.7132745441499537,0.1841075909164389,0.0
AAPL,2013-01-30,1,GARCH,13.784954071044922,13.808223125718225,13.744524002075195,0.06369912364302976,0.004620916639601291,0.0
AAPL,2013-01-30,5,GARCH,13.784954071044922,13.901692790513646,13.800649642944336,0.10104314756931032,0.0073299589573205814,1.0
AAPL,2013-01-30,10,GARCH,13.784954071044922,14.019420118907211,14.174271583557127,0.15485146464991573,0.011233368196356786,1.0
AAPL,2013-01-30,20,GARCH,13.784954071044922,14.257874161746987,13.396982192993164,0.8608919687538226,0.062451565983967505,0.0
AAPL,2013-05-23,1,GARCH,13.508260726928713,13.529034616781573,13.600221633911133,0.0711870171295601,0.005269887705650289,1.0
AAPL,2013-05-23,5,GARCH,13.508260726928713,13.612450142391221,13.740154266357422,0.12770412396620046,0.00945377991643448,1.0
AAPL,2013-05-23,10,GARCH,13.508260726928713,13.717443172361465,13.498183250427246,0.21925992193421884,0.01623154352485401,0.0
AAPL,2013-05-23,20,GARCH,13.508260726928713,13.929864916795163,12.63325023651123,1.2966146802839322,0.09598679700482327,0.0
AAPL,2013-09-16,1,GARCH,13.842866897583008,13.8620985334174,14.002789497375488,0.14069096395808778,0.010163426766940376,1.0
AAPL,2013-09-16,5,GARCH,13.842866897583008,13.939292629719544,15.089012145996094,1.1497195162765497,0.08305501488837508,1.0
AAPL,2013-09-16,10,GARCH,13.842866897583008,14.036390037881493,14.66183853149414,0.6254484936126481,0.04518200588361165,1.0
AAPL,2013-09-16,20,GARCH,13.842866897583008,14.232618629739116,15.255081176757812,1.022462547018696,0.07386205145100533,1.0
AAPL,2014-01-08,1,GARCH,16.81100082397461,16.83508381416093,16.59632682800293,0.2387569861580019,0.014202425462825907,0.0
AAPL,2014-01-08,5,GARCH,16.81100082397461,16.931761275984044,17.240978240966797,0.30921696498275253,0.018393727311093233,1.0
AAPL,2014-01-08,10,GARCH,16.81100082397461,17.0533892008419,17.20447540283203,0.15108620199013245,0.008987341299434348,1.0
AAPL,2014-01-08,20,GARCH,16.81100082397461,17.299272439547313,15.948516845703123,1.3507555938441893,0.08034950494546655,0.0
AAPL,2014-05-02,1,GARCH,18.44017219543457,18.46499630863755,18.7009391784668,0.23594286982925183,0.012795046994608095,1.0
AAPL,2014-05-02,5,GARCH,18.44017219543457,18.564627393211275,18.32286834716797,0.24175904604330611,0.013110454906877789,0.0
AAPL,2014-05-02,10,GARCH,18.44017219543457,18.689922555826133,18.69743156433105,0.007509008504918313,0.00040720923998627256,1.0
AAPL,2014-05-02,20,GARCH,18.44017219543457,18.943055489973226,19.671876907348636,0.7288214173754106,0.03952356895863751,1.0
AAPL,2014-08-25,1,GARCH,22.352537155151367,22.386257327546147,22.20945167541504,0.1768056521311081,0.007909869510735357,0.0
AAPL,2014-08-25,5,GARCH,22.352537155151367,22.521647474562837,22.739978790283203,0.21833131572036635,0.00976763014439519,1.0
AAPL,2014-08-25,10,GARCH,22.352537155151367,22.692037214736835,21.57106208801269,1.1209751267241437,0.05014979368755035,0.0
AAPL,2014-08-25,20,GARCH,22.352537155151367,23.036693748938966,22.594688415527344,0.44200533341162185,0.019774280223475937,1.0
AAPL,2014-12-16,1,GARCH,23.601348876953125,23.637080165584063,24.18944931030273,0.5523691447186678,0.023404134551735734,1.0
AAPL,2014-12-16,5,GARCH,23.601348876953125,23.78054709395165,24.881458282470703,1.1009111885190528,0.046646113078481655,1.0
AAPL,2014-12-16,10,GARCH,23.601348876953125,23.961105911191407,24.403905868530277,0.44279995733887034,0.018761637720260405,1.0
AAPL,2014-12-16,20,GARCH,23.601348876953125,24.326346747408923,23.616817474365234,0.7095292730436888,0.030063081425678373,1.0
AAPL,2015-04-13,1,GARCH,28.15593910217285,28.199438112206,28.03385162353516,0.16558648867084003,0.00588105010704687,0.0
AAPL,2015-04-13,5,GARCH,28.15593910217285,28.3741072214876,28.322404861450195,0.05170236003740314,0.0018362861153302656,1.0
AAPL,2015-04-13,10,GARCH,28.15593910217285,28.593965830617396,29.443321228027344,0.8493553974099477,0.030166118570145617,1.0
AAPL,2015-04-13,20,GARCH,28.15593910217285,29.038807015299238,28.155412673950195,0.8833943413490424,0.03137506222553477,0.0
AAPL,2015-08-04,1,GARCH,25.552064895629883,25.5873665403015,25.721454620361328,0.1340880800598292,0.005247641652740276,1.0
AAPL,2015-08-04,5,GARCH,25.552064895629883,25.729061505745182,25.41024780273437,0.3188137030108109,0.01247702306302989,0.0
AAPL,2015-08-04,10,GARCH,25.552064895629883,25.907284153760752,26.08417510986328,0.17689095610252892,0.006922765609161496,1.0
AAPL,2015-08-04,20,GARCH,25.552064895629883,26.267441592890396,24.118350982666016,2.1490906102243805,0.08410633813754653,0.0
AAPL,2015-11-24,1,GARCH,26.730987548828125,26.767935191988556,26.53985595703125,0.2280792349573062,0.008532390901783371,0.0
AAPL,2015-11-24,5,GARCH,26.730987548828125,26.916237162318478,26.146358489990234,0.7698786723282431,0.028800981292664285,0.0
AAPL,2015-11-24,10,GARCH,26.730987548828125,27.102770582448432,25.997947692871094,1.1048228895773384,0.0413311662189515,0.0
AAPL,2015-11-24,20,GARCH,26.730987548828125,27.479724492147874,24.421710968017575,3.058013524130299,0.11439957160371961,0.0
AAPL,2016-03-21,1,GARCH,23.94382095336914,23.974809081987907,24.12693977355957,0.1521306915716636,0.006353651402085658,1.0
AAPL,2016-03-21,5,GARCH,23.94382095336914,24.09916316465747,24.343969345092773,0.24480618043530455,0.010224190237308806,1.0
AAPL,2016-03-21,10,GARCH,23.94382095336914,24.25551320183353,24.825519561767575,0.5700063599340446,0.023805989906295233,1.0
AAPL,2016-03-21,20,GARCH,23.94382095336914,24.57126295047477,24.169897079467773,0.4013658710069983,0.016762816251786328,1.0
AAPL,2016-07-13,1,GARCH,22.033416748046875,22.06019537410637,22.470129013061523,0.40993363895515245,0.018605087156602362,1.0
AAPL,2016-07-13,5,GARCH,22.033416748046875,22.167635731970655,22.736248016357425,0.56861228438677,0.025806813845028254,1.0
AAPL,2016-07-13,10,GARCH,22.033416748046875,22.30267232561205,23.41634178161621,1.1136694560041605,0.050544564592002184,1.0
AAPL,2016-07-13,20,GARCH,22.033416748046875,22.575218294625774,24.69804573059082,2.1228274359650463,0.09634581237398065,1.0
AAPL,2016-11-02,1,GARCH,25.519027709960938,25.54995160002369,25.245494842529297,0.3044567574943926,0.01193057827103472,0.0
AAPL,2016-11-02,5,GARCH,25.519027709960938,25.67402234953182,25.48684310913086,0.1871792404009618,0.007334889186546123,0.0
AAPL,2016-11-02,10,GARCH,25.519027709960938,25.82995837835032,25.282276153564453,0.5476822247858664,0.021461719898210996,0.0
AAPL,2016-11-02,20,GARCH,25.519027709960938,26.14467750928004,25.167341232299805,0.9773362769802354,0.03829833519083292,0.0
AAPL,2017-02-28,1,GARCH,31.625022888183597,31.666753990914632,32.27140808105469,0.6046540901400554,0.01911948308394673,1.0
AAPL,2017-02-28,5,GARCH,31.625022888183597,31.834229795730586,32.20907974243164,0.37484994670105465,0.011852954163113383,1.0
AAPL,2017-02-28,10,GARCH,31.625022888183597,32.04482065579897,32.08672332763672,0.04190267183774665,0.001324984711818411,1.0
AAPL,2017-02-28,20,GARCH,31.625022888183597,32.47019091473926,33.19712829589844,0.7269373811591748,0.022986145614167786,1.0
AAPL,2017-06-21,1,GARCH,33.814002990722656,33.857808051174494,33.75837707519531,0.09943097597918182,0.0029405266216622206,0.0
AAPL,2017-06-21,5,GARCH,33.814002990722656,34.03359651047152,33.80473327636719,0.22886323410433107,0.006768297564979986,0.0
AAPL,2017-06-21,10,GARCH,33.814002990722656,34.25461610550431,33.08612823486328,1.1684878706410302,0.03455633072965725,0.0
AAPL,2017-06-21,20,GARCH,33.814002990722656,34.70097062620501,34.850196838378906,0.1492262121738932,0.004413148369769582,1.0
AAPL,2017-10-12,1,GARCH,36.30424118041992,36.35052030877434,36.53464126586914,0.18412095709479814,0.005071610123450254,1.0
AAPL,2017-10-12,5,GARCH,36.30424118041992,36.536227521684815,36.29957962036133,0.23664790132348656,0.006518464334440366,0.0
AAPL,2017-10-12,10,GARCH,36.30424118041992,36.769696269984905,36.63238143920898,0.137314830775928,0.0037823357908381983,1.0
AAPL,2017-10-12,20,GARCH,36.30424118041992,37.241118938911356,40.93071746826172,3.689598529350363,0.10162995863249957,1.0
AAPL,2018-02-06,1,GARCH,38.0766487121582,38.124262022938424,37.26153564453125,0.8627263784071744,0.022657623703414287,0.0
AAPL,2018-02-06,5,GARCH,38.0766487121582,38.31531139624388,38.53910827636719,0.22379688012330945,0.005877536172238074,1.0
AAPL,2018-02-06,10,GARCH,38.0766487121582,38.55547000706421,40.11734390258789,1.5618738955236822,0.041019205952990356,1.0
AAPL,2018-02-06,20,GARCH,38.0766487121582,39.040312573279806,41.045997619628906,2.0056850463491003,0.05267493632412745,1.0
AAPL,2018-05-31,1,GARCH,43.9915657043457,44.04750079687206,44.784912109375,0.7374113125029425,0.016762561202273707,1.0
AAPL,2018-05-31,5,GARCH,43.9915657043457,44.27195328422735,45.54291534423828,1.2709620600109304,0.028891039444985722,1.0
AAPL,2018-05-31,10,GARCH,43.9915657043457,44.554127961105735,44.91673278808594,0.3626048269802027,0.00824259880671585,1.0
AAPL,2018-05-31,20,GARCH,43.9915657043457,45.12388423989394,43.669044494628906,1.4548397452650335,0.033070878973541995,0.0
AAPL,2018-09-21,1,GARCH,51.41961288452149,51.48552203905888,52.1590461730957,0.6735241340368248,0.013098584299913618,1.0
AAPL,2018-09-21,5,GARCH,51.41961288452149,51.75000455784733,53.32841873168945,1.5784141738421198,0.030696733897762618,1.0
AAPL,2018-09-21,10,GARCH,51.41961288452149,52.082519130426576,52.985877990722656,0.9033588602960805,0.017568371475779943,1.0
AAPL,2018-09-21,20,GARCH,51.41961288452149,52.753971622913625,51.80940628051758,0.9445653423960465,0.018369748222674342,1.0
AAPL,2019-01-17,1,GARCH,36.948577880859375,36.99532568466463,37.1761474609375,0.18082177627287166,0.004893876480332571,1.0
AAPL,2019-01-17,5,GARCH,36.948577880859375,37.18290910775314,37.39898300170898,0.2160738939558371,0.005847962393913164,1.0
AAPL,2019-01-17,10,GARCH,36.948577880859375,37.41872648450833,39.47565460205078,2.056928117542448,0.05567002129757226,1.0
AAPL,2019-01-17,20,GARCH,36.948577880859375,37.89485744856709,40.573463439941406,2.6786059913743188,0.07249550984104136,1.0
AAPL,2019-05-13,1,GARCH,44.38636016845703,44.44461881466405,45.0890007019043,0.6443818872402503,0.014517565414119638,1.0
AAPL,2019-05-13,5,GARCH,44.38636016845703,44.67841906885641,43.75779342651367,0.9206256423427348,0.02074118352684773,0.0
AAPL,2019-05-13,10,GARCH,44.38636016845703,44.97239969478088,42.59627532958984,2.376124365191046,0.053532759977909294,0.0
AAPL,2019-05-13,20,GARCH,44.38636016845703,45.56617678564281,46.55883026123047,0.9926534755876588,0.0223639305367751,1.0
AAPL,2019-09-04,1,GARCH,50.18555450439453,50.25271417874978,51.16675567626953,0.9140414975197544,0.018213238979748914,1.0
AAPL,2019-09-04,5,GARCH,50.18555450439453,50.52225282873943,53.640167236328125,3.1179144075886924,0.06212772656154808,1.0
AAPL,2019-09-04,10,GARCH,50.18555450439453,50.861210085216015,53.44345474243164,2.5822446572156252,0.05145394292673422,1.0
AAPL,2019-09-04,20,GARCH,50.18555450439453,51.5459621175643,52.529415130615234,0.9834530130509336,0.019596336490908195,1.0
AAPL,2019-12-26,1,GARCH,69.75943756103516,69.86019892560749,69.73295593261719,0.12724299299030406,0.0018240255001910066,0.0
AAPL,2019-12-26,5,GARCH,69.75943756103516,70.2647018968072,71.56892395019531,1.3042220533881164,0.01869599439139691,1.0
AAPL,2019-12-26,10,GARCH,69.75943756103516,70.77362583847528,74.6729736328125,3.899347794337217,0.05589706469358391,1.0
AAPL,2019-12-26,20,GARCH,69.75943756103516,71.80255875689963,74.3409194946289,2.5383607377292776,0.036387345232082424,1.0
AAPL,2020-04-21,1,GARCH,64.72962188720703,64.82516064954984,66.59407043457031,1.768909785020469,0.027327670600375775,1.0
AAPL,2020-04-21,5,GARCH,64.72962188720703,65.20872790200572,67.1922378540039,1.9835099519981867,0.030643002294289623,1.0
AAPL,2020-04-21,10,GARCH,64.72962188720703,65.69138009190512,71.77012634277344,6.0787462508683205,0.0939098062624355,1.0
AAPL,2020-04-21,20,GARCH,64.72962188720703,66.66742818147102,75.73241424560547,9.064986064134445,0.14004385936210784,1.0
AAPL,2020-08-12,1,GARCH,109.52227020263672,109.69276662495743,111.46053314208984,1.767766517132415,0.01614070374784693,1.0
AAPL,2020-08-12,5,GARCH,109.52227020263672,110.37741061540467,112.1364974975586,1.7590868821539232,0.016061453792907132,1.0
AAPL,2020-08-12,10,GARCH,109.52227020263672,111.23922789055136,122.61774444580078,11.37851655524942,0.10389226350218128,1.0
AAPL,2020-08-12,20,GARCH,109.52227020263672,112.98310196448169,109.9874496459961,2.9956523184855968,0.027351992548575454,1.0
AAPL,2020-12-03,1,GARCH,119.3513412475586,119.5385855953283,118.68151092529295,0.8570746700353453,0.007181106312476149,0.0
AAPL,2020-12-03,5,GARCH,119.3513412475586,120.29050518153822,119.64259338378906,0.6479117977491597,0.005428609272226437,1.0
AAPL,2020-12-03,10,GARCH,119.3513412475586,121.23705930389502,124.94320678710938,3.7061474832143517,0.031052415871280825,1.0
AAPL,2020-12-03,20,GARCH,119.3513412475586,123.15257118199185,125.63253021240234,2.479959030410498,0.020778643997527935,1.0
AAPL,2021-03-30,1,GARCH,116.57402801513672,116.75140574364686,118.76164245605467,2.010236712407817,0.017244293146898793,1.0
AAPL,2021-03-30,5,GARCH,116.57402801513672,117.46361972706504,124.35212707519533,6.88850734813029,0.0590912698601771,1.0
AAPL,2021-03-30,10,GARCH,116.57402801513672,118.36000003013504,128.3675537109375,10.00755368080246,0.08584719813836239,1.0
AAPL,2021-03-30,20,GARCH,116.57402801513672,120.17333402354886,129.8745880126953,9.701253989146451,0.08321968584534778,1.0
AAPL,2021-07-22,1,GARCH,142.9702606201172,143.1945117345323,144.6843719482422,1.4898602137098749,0.010420770076572383,1.0
AAPL,2021-07-22,5,GARCH,142.9702606201172,144.0950391278287,141.8405303955078,2.254508732320886,0.01576907478899603,0.0
AAPL,2021-07-22,10,GARCH,142.9702606201172,145.2286665156214,143.2234649658203,2.005201549801086,0.014025305270507049,1.0
AAPL,2021-07-22,20,GARCH,142.9702606201172,147.5227469434845,143.08692932128906,4.4358176221954295,0.031026156089774215,1.0
AAPL,2021-11-11,1,GARCH,144.4385986328125,144.65924868151367,146.50941467285156,1.8501659913378887,0.012809359886143179,1.0
AAPL,2021-11-11,5,GARCH,144.4385986328125,145.5452247659071,154.20655822753906,8.661333461631955,0.05996550467545414,1.0
AAPL,2021-11-11,10,GARCH,144.4385986328125,146.66032939027787,153.17117309570312,6.510843705425259,0.04507689611401533,1.0
AAPL,2021-11-11,20,GARCH,144.4385986328125,148.91623444467902,175.28582763671875,26.36959319203973,0.18256611073246232,1.0
AAPL,2022-03-08,1,GARCH,153.9824981689453,154.2137155603612,159.3714599609375,5.157744400576291,0.03349565347951011,1.0
AAPL,2022-03-08,5,GARCH,153.9824981689453,155.14206226270164,151.68409729003906,3.4579649726625803,0.02245687018838083,0.0
AAPL,2022-03-08,10,GARCH,153.9824981689453,156.31035844551693,165.11257934570312,8.8022209001862,0.057163775135851136,1.0
AAPL,2022-03-08,20,GARCH,153.9824981689453,158.6734106012415,171.21554565429688,12.542135053055375,0.08145169225202786,1.0
AAPL,2022-06-30,1,GARCH,133.9139862060547,134.1152193038371,136.07862854003906,1.9634092362019544,0.014661719002082574,1.0
AAPL,2022-06-30,5,GARCH,133.9139862060547,134.9231801805021,144.02215576171875,9.09897558121665,0.06794641724140726,1.0
AAPL,2022-06-30,10,GARCH,133.9139862060547,135.93997957770569,147.08792114257812,11.14794156487244,0.0832470295352048,1.0
AAPL,2022-06-30,20,GARCH,133.9139862060547,137.996624334311,159.1746368408203,21.178012506509305,0.15814638266329029,1.0
AAPL,2022-10-21,1,GARCH,144.44781494140625,144.6648812666279,146.5860137939453,1.9211325273174111,0.013299837924835911,1.0
AAPL,2022-10-21,5,GARCH,144.44781494140625,145.53641339769692,152.7555389404297,7.219125542732769,0.049977395266665114,1.0
AAPL,2022-10-21,10,GARCH,144.44781494140625,146.63321583131685,135.95333862304688,10.679877208269971,0.07393588620639335,0.0
AAPL,2022-10-21,20,GARCH,144.44781494140625,148.8516804062099,148.636962890625,0.21471751558490837,0.0014864711914956974,1.0
AAPL,2023-02-15,1,GARCH,152.839111328125,153.06873664298467,151.24510192871094,1.8236347142737372,0.01193172806637588,0.0
AAPL,2023-02-15,5,GARCH,152.839111328125,153.9906929776628,147.0041961669922,6.986496810670616,0.045711446173430925,0.0
AAPL,2023-02-15,10,GARCH,152.839111328125,155.15095133490996,143.57015991210938,11.580791422800587,0.0757711250881209,0.0
AAPL,2023-02-15,20,GARCH,152.839111328125,157.49776016721697,153.3507537841797,4.147006383037279,0.027133149015334146,1.0
AAPL,2023-06-09,1,GARCH,178.30438232421875,178.57132903022912,181.0928497314453,2.5215207012161898,0.014141664205600923,1.0
AAPL,2023-06-09,5,GARCH,178.30438232421875,179.64311840933132,182.20628356933597,2.563165160004644,0.014375222451593617,1.0
AAPL,2023-06-09,10,GARCH,178.30438232421875,180.9919059260589,182.55111694335935,1.5592110173004414,0.008744658975712971,1.0
AAPL,2023-06-09,20,GARCH,178.30438232421875,183.71993769161494,185.31988525390625,1.5999475622913053,0.008973125289663653,1.0
AAPL,2023-10-03,1,GARCH,170.09939575195312,170.34811577611805,171.3425750732422,0.9944592971241377,0.005846342326661036,1.0
AAPL,2023-10-03,5,GARCH,170.09939575195312,171.3466379886509,176.0094451904297,4.662807201778776,0.02741225023855054,1.0
AAPL,2023-10-03,10,GARCH,170.09939575195312,172.60302554412021,174.78599548339844,2.182969939278223,0.012833496142817147,1.0
AAPL,2023-10-03,20,GARCH,170.09939575195312,175.14350533277621,168.4911651611328,6.652340171643402,0.03910854675429987,0.0
AAPL,2024-01-26,1,GARCH,190.1023406982422,190.37831935460542,189.420654296875,0.9576650577304235,0.005037628964551066,0.0
AAPL,2024-01-26,5,GARCH,190.1023406982422,191.48624628570417,183.61148071289065,7.874765572813516,0.04142382226273311,0.0
AAPL,2024-01-26,10,GARCH,190.1023406982422,192.88022641863455,186.81344604492188,6.066780373712675,0.031913233426950516,0.0
AAPL,2024-01-26,20,GARCH,190.1023406982422,195.69870421720555,179.20635986328125,16.492344353924295,0.08675508304289281,0.0
AAPL,2024-05-20,1,GARCH,189.23611450195312,189.49932938364034,190.53375244140625,1.0344230577659062,0.005466308904557682,1.0
AAPL,2024-05-20,5,GARCH,189.23611450195312,190.55585515073292,188.19602966308597,2.359825487646958,0.012470270243382098,0.0
AAPL,2024-05-20,10,GARCH,189.23611450195312,191.8847997264937,192.514892578125,0.6300928516313036,0.003329664917764985,1.0
AAPL,2024-05-20,20,GARCH,189.23611450195312,194.57055786091283,212.2666015625,17.696043701587172,0.09351303660065646,1.0
AAPL,2024-09-12,1,GARCH,220.92193603515625,221.2314280636168,220.65419006347656,0.5772380001402269,0.0026128595942068733,0.0
AAPL,2024-09-12,5,GARCH,220.92193603515625,222.4737379643429,226.9713287353516,4.497590771008703,0.020358280629466208,1.0
AAPL,2024-09-12,10,GARCH,220.92193603515625,224.03644007515314,225.6325225830078,1.5960825078546748,0.007224644761399723,1.0
AAPL,2024-09-12,20,GARCH,220.92193603515625,227.19485164008506,227.13992309570312,0.05492854438193717,0.00024863327457524953,1.0
AAPL,2025-01-06,1,GARCH,243.23483276367188,243.58055610960758,240.4649353027344,3.1156208068731814,0.012809106210130428,0.0
AAPL,2025-01-06,5,GARCH,243.23483276367188,244.96837044313443,231.5992889404297,13.369081502704745,0.05496367995818352,0.0
AAPL,2025-01-06,10,GARCH,243.23483276367188,246.71426306720736,222.2173614501953,24.496901617012043,0.10071296671892938,0.0
AAPL,2025-01-06,20,GARCH,243.23483276367188,250.24346599212112,230.79510498046875,19.448361011652366,0.07995713767916002,0.0
AAPL,2025-05-01,1,GARCH,212.0159454345703,212.31676054509475,204.0946807861328,8.22207975896194,0.03878047824237507,0.0
AAPL,2025-05-01,5,GARCH,212.0159454345703,213.52429510966044,196.28271484375,17.241580265910443,0.08132209221608444,0.0
AAPL,2025-05-01,10,GARCH,212.0159454345703,215.04337566981528,210.43296813964844,4.610407530166839,0.021745569752863902,0.0
AAPL,2025-05-01,20,GARCH,212.0159454345703,218.11403536032827,199.8839569091797,18.230078451148586,0.085984468827485,0.0
AAPL,2025-08-25,1,GARCH,226.32395935058597,226.64046087079043,228.46604919433597,1.8255883235455315,0.008066261869860814,1.0
AAPL,2025-08-25,5,GARCH,226.32395935058597,227.91089924402866,228.8745574951172,0.9636582510885319,0.004257871123559687,1.0
AAPL,2025-08-25,10,GARCH,226.32395935058597,229.5089664535214,233.4875030517578,3.978536598236417,0.01757894572740959,1.0
AAPL,2025-08-25,20,GARCH,226.32395935058597,232.7387954581011,253.49359130859372,20.754795850492627,0.09170392701703545,1.0
AAPL,2025-12-16,1,GARCH,273.8645324707031,274.24833138894377,271.10205078125,3.146280607693768,0.011488455913984952,0.0
AAPL,2025-12-16,5,GARCH,273.8645324707031,275.7889132352913,271.62066650390625,4.168246731385068,0.01522010423832798,0.0
AAPL,2025-12-16,10,GARCH,273.8645324707031,277.72681616462893,271.1220092773437,6.6048068872852355,0.024117058268550262,0.0
AAPL,2025-12-16,20,GARCH,273.8645324707031,281.6435692533237,257.5090637207031,24.13450553262055,0.08812570695039668,0.0
AAPL,2026-04-13,1,GARCH,258.73828125,259.0841273715854,258.3689270019531,0.7152003696322708,0.0027641845890644667,0.0
AAPL,2026-04-13,5,GARCH,258.73828125,260.47214084146486,272.5635681152344,12.091427273769511,0.04673227021279658,1.0
AAPL,2026-04-13,10,GARCH,258.73828125,262.2176193903889,267.1332702636719,4.915650873282971,0.018998544975775467,1.0
AAPL,2026-04-13,20,GARCH,258.73828125,265.74374532667986,292.42779541015625,26.684050083476393,0.10313143441535644,1.0
AAPL,2026-08-06,1,GARCH,312.14080810546875,312.56619308329306,313.0599975585937,0.4938044753006352,0.001581992685601774,1.0
AAPL,2026-08-06,5,GARCH,312.14080810546875,314.27353803976007,305.260009765625,9.01352827413507,0.028876481511156626,0.0
AAPL,2026-08-06,10,GARCH,312.14080810546875,316.4208400417032,311.29998779296875,5.120852248734423,0.01640558400490888,0.0
AAPL,2026-08-06,20,GARCH,312.14080810546875,320.75955918864344,328.2099914550781,7.450432266434689,0.023868818408124604,1.0
MSFT,2011-03-11,1,GARCH,19.58286476135254,19.582162667644162,19.590490341186523,0.00832767354236097,0.0004252530793551479,0.0
MSFT,2011-03-11,5,GARCH,19.58286476135254,19.579354544519443,18.911794662475582,0.6675598820438609,0.03408897983921699,1.0
MSFT,2011-03-11,10,GARCH,19.58286476135254,19.575844956890624,19.537097930908203,0.038747025982420524,0.001978618882099936,1.0
MSFT,2011-03-11,20,GARCH,19.58286476135254,19.56882766879469,19.88025665283203,0.31142898403734165,0.015903137147326718,0.0
MSFT,2011-07-05,1,GARCH,19.979860305786133,19.978560906993547,20.210140228271484,0.23157932127793757,0.011590637658806524,0.0
MSFT,2011-07-05,5,GARCH,19.979860305786133,19.973364156837835,20.37133407592773,0.39796991908989554,0.019918553633462843,0.0
MSFT,2011-07-05,10,GARCH,19.979860305786133,19.966870120013976,21.13890266418457,1.1720325441705945,0.058660697634165926,0.0
MSFT,2011-07-05,20,GARCH,19.979860305786133,19.953888379992875,20.570898056030277,0.6170096760374015,0.030881581081861564,0.0
MSFT,2011-10-25,1,GARCH,20.70846176147461,20.710380558043106,20.53853225708008,0.17184830096302406,0.008298458038188183,0.0
MSFT,2011-10-25,5,GARCH,20.70846176147461,20.718057522392858,20.07507705688477,0.6429804655080886,0.03104916593584317,0.0
MSFT,2011-10-25,10,GARCH,20.70846176147461,20.72765772973637,20.97880744934082,0.25114971960444876,0.012127879052401536,1.0
MSFT,2011-10-25,20,GARCH,20.70846176147461,20.746871491941583,19.292377471923828,1.454494020017755,0.07023670018425276,0.0
MSFT,2012-02-17,1,GARCH,24.479848861694336,24.486706767588302,24.62869071960449,0.14198395201618652,0.005800033848998076,1.0
MSFT,2012-02-17,5,GARCH,24.479848861694336,24.514157608623734,24.55818748474121,0.04402987611747733,0.0017986171551236385,1.0
MSFT,2012-02-17,10,GARCH,24.479848861694336,24.548514439596566,24.910694122314453,0.3621796827178869,0.014795013023328751,1.0
MSFT,2012-02-17,20,GARCH,24.479848861694336,24.61737262332799,25.22403907775879,0.6066664544307976,0.0247822794110506,1.0
MSFT,2012-06-12,1,GARCH,23.095027923583984,23.097004848541737,22.968860626220703,0.1281442223210334,0.005548563212178559,0.0
MSFT,2012-06-12,5,GARCH,23.095027923583984,23.104914240757303,24.20680427551269,1.1018900347553888,0.047711136717447644,1.0
MSFT,2012-06-12,10,GARCH,23.095027923583984,23.114804789978642,23.670625686645508,0.5558208966668658,0.02406669082652524,1.0
MSFT,2012-06-12,20,GARCH,23.095027923583984,23.13459859181264,23.10291290283203,0.03168568898060897,0.001371970152426405,1.0
MSFT,2012-10-03,1,GARCH,23.70044708251953,23.70224788697847,23.83538246154785,0.13313457456938238,0.00561738663012723,1.0
MSFT,2012-10-03,5,GARCH,23.70044708251953,23.709452473203214,23.00197982788086,0.7074726453223548,0.029850603360311978,0.0
MSFT,2012-10-03,10,GARCH,23.70044708251953,23.71846128563929,23.486143112182617,0.23231817345667238,0.009802269663850338,0.0
MSFT,2012-10-03,20,GARCH,23.70044708251953,23.736489180969695,23.414709091186523,0.3217800897831715,0.013576962859088937,0.0
MSFT,2013-01-30,1,GARCH,22.286714553833008,22.28661395882616,21.96660614013672,0.32000781868944017,0.014358680725078177,1.0
MSFT,2013-01-30,5,GARCH,22.286714553833008,22.286211583339277,21.878591537475582,0.4076200458636947,0.01828982216643449,1.0
MSFT,2013-01-30,10,GARCH,22.286714553833008,22.28570862419667,22.430753707885746,0.14504508368907665,0.006508141132185341,0.0
MSFT,2013-01-30,20,GARCH,22.286714553833008,22.284702739963812,22.43088150024414,0.1461787602803284,0.006559008952496614,0.0
MSFT,2013-05-23,1,GARCH,27.74771499633789,27.75400501825889,27.84520721435547,0.09120219609657809,0.0032868362713331933,1.0
MSFT,2013-05-23,5,GARCH,27.74771499633789,27.77917936778228,28.35710334777832,0.5779239799960401,0.02082780438217391,1.0
MSFT,2013-05-23,10,GARCH,27.74771499633789,27.810679418080607,28.98274803161621,1.172068613535604,0.04224018495542037,1.0
MSFT,2013-05-23,20,GARCH,27.74771499633789,27.87378671711632,27.032690048217773,0.8410966688985475,0.030312285858837607,0.0
MSFT,2013-09-16,1,GARCH,26.83859634399414,26.843418213684657,26.944974899291992,0.10155668560733488,0.003783979024300166,1.0
MSFT,2013-09-16,5,GARCH,26.83859634399414,26.86271435705967,26.78950881958008,0.07320553747958769,0.002727621688604853,0.0
MSFT,2013-09-16,10,GARCH,26.83859634399414,26.886854043335923,27.231353759765625,0.3444997164297021,0.01283598113754536,1.0
MSFT,2013-09-16,20,GARCH,26.83859634399414,26.935198513443062,28.18869972229004,1.253501208846977,0.04670517015050546,1.0
MSFT,2014-01-08,1,GARCH,29.48253631591797,29.488890499831765,29.29290199279785,0.19598850703391335,0.006647613520553763,0.0
MSFT,2014-01-08,5,GARCH,29.48253631591797,29.514320933208076,30.306995391845703,0.7926744586376273,0.026886236996158663,1.0
MSFT,2014-01-08,10,GARCH,29.48253631591797,29.54613981694953,29.729867935180664,0.18372811823113366,0.006231760940185405,1.0
MSFT,2014-01-08,20,GARCH,29.48253631591797,29.60988053159461,29.82880401611328,0.2189234845186725,0.0074255309032036365,1.0
MSFT,2014-05-02,1,GARCH,32.96800994873047,32.97788605833829,32.752044677734375,0.22584138060391723,0.0068503188683552985,0.0
MSFT,2014-05-02,5,GARCH,32.96800994873047,33.01742009114438,32.84342193603516,0.17399815510921712,0.005277787630488029,0.0
MSFT,2014-05-02,10,GARCH,32.96800994873047,33.06690428601633,33.317710876464844,0.25080659044851217,0.007607574458954325,1.0
MSFT,2014-05-02,20,GARCH,32.96800994873047,33.166095277239215,34.120750427246094,0.9546551500068787,0.028957014739181774,1.0
MSFT,2014-08-25,1,GARCH,38.020599365234375,38.03637273602769,37.88591003417969,0.15046270184799937,0.00395739952446883,0.0
MSFT,2014-08-25,5,GARCH,38.020599365234375,38.099531684361786,37.953250885009766,0.1462807993520201,0.0038474090833449104,0.0
MSFT,2014-08-25,10,GARCH,38.020599365234375,38.17862787021163,39.35892868041992,1.1803008102082941,0.031043719192063834,1.0
MSFT,2014-08-25,20,GARCH,38.020599365234375,38.337313203560925,39.19059753417969,0.853284330618763,0.02244268488305301,1.0
MSFT,2014-12-16,1,GARCH,38.251930236816406,38.267699225406616,38.743194580078125,0.4754953546715086,0.01243062380715787,1.0
MSFT,2014-12-16,5,GARCH,38.251930236816406,38.33084021270276,41.03867721557617,2.7078370028734113,0.07078955195487624,1.0
MSFT,2014-12-16,10,GARCH,38.251930236816406,38.40991297212071,39.3446044921875,0.9346915200667922,0.024435146521499584,1.0
MSFT,2014-12-16,20,GARCH,38.251930236816406,38.56854818546989,38.522979736328125,0.0455684491417685,0.001191271887710288,1.0
MSFT,2015-04-13,1,GARCH,35.62374496459961,35.63689818520649,35.52991485595703,0.1069833292494593,0.0030031466190815204,0.0
MSFT,2015-04-13,5,GARCH,35.62374496459961,35.68955965070778,36.604766845703125,0.9152071949953466,0.02569093159365532,1.0
MSFT,2015-04-13,10,GARCH,35.62374496459961,35.755495929110964,40.97243118286133,5.216935253750364,0.14644544696057626,1.0
MSFT,2015-04-13,20,GARCH,35.62374496459961,35.887734161781985,40.40942001342773,4.521685851645742,0.1269289867232959,1.0
MSFT,2015-08-04,1,GARCH,40.81798553466797,40.831839012519424,40.852333068847656,0.02049405632823209,0.0005020839725375925,1.0
MSFT,2015-08-04,5,GARCH,40.81798553466797,40.88729995809259,39.84778594970703,1.0395140083855594,0.02546705808160643,0.0
MSFT,2015-08-04,10,GARCH,40.81798553466797,40.95673208672074,40.85380935668945,0.10292273003128827,0.002521504397708929,1.0
MSFT,2015-08-04,20,GARCH,40.81798553466797,41.09595025944401,36.14356994628906,4.952380313154947,0.1213283862073189,0.0
MSFT,2015-11-24,1,GARCH,47.202415466308594,47.22195908231259,46.71516418457031,0.5067948977422745,0.010736630588407237,0.0
MSFT,2015-11-24,5,GARCH,47.202415466308594,47.30021449792792,48.03770065307617,0.7374861551482539,0.015623907121334657,1.0
MSFT,2015-11-24,10,GARCH,47.202415466308594,47.39821616007985,47.83757019042969,0.4393540303498398,0.009307871769050235,1.0
MSFT,2015-11-24,20,GARCH,47.202415466308594,47.594829056178106,48.56844711303711,0.9736180568590029,0.020626445643527225,1.0
MSFT,2016-03-21,1,GARCH,47.19955062866211,47.2194767732554,47.383567810058594,0.16409103680319248,0.0034765381156731667,1.0
MSFT,2016-03-21,5,GARCH,47.19955062866211,47.29926550897557,47.94443893432617,0.645173425350599,0.013669058640545906,1.0
MSFT,2016-03-21,10,GARCH,47.19955062866211,47.39919104928948,47.81298065185547,0.4137896025659913,0.008766812333054652,1.0
MSFT,2016-03-21,20,GARCH,47.19955062866211,47.59967589103986,49.41668319702149,1.8170073059816332,0.03849628400653149,1.0
MSFT,2016-07-13,1,GARCH,47.22081756591797,47.24257986978227,47.42377853393555,0.18119866415327834,0.00383726232398085,1.0
MSFT,2016-07-13,5,GARCH,47.22081756591797,47.32972942576888,49.33873748779297,2.009008062024087,0.04254496566518817,1.0
MSFT,2016-07-13,10,GARCH,47.22081756591797,47.43889248400703,49.58582305908203,2.146930575075004,0.0454657645873664,1.0
MSFT,2016-07-13,20,GARCH,47.22081756591797,47.65797451447471,51.20074462890625,3.5427701144315407,0.07502559881531079,1.0
MSFT,2016-11-02,1,GARCH,52.77189254760742,52.79581054174574,52.57654571533203,0.21926482641370626,0.004154954765283381,0.0
MSFT,2016-11-02,5,GARCH,52.77189254760742,52.891590971825345,53.428993225097656,0.5374022532723117,0.010183494040648666,1.0
MSFT,2016-11-02,10,GARCH,52.77189254760742,53.011560898770746,53.3250846862793,0.3135237875085508,0.005941113201989312,1.0
MSFT,2016-11-02,20,GARCH,52.77189254760742,53.252317725555784,52.922794342041016,0.3295233835147684,0.006244297250046493,1.0
MSFT,2017-02-28,1,GARCH,57.54269409179688,57.56935345050267,58.40611267089844,0.8367592203957699,0.014541537090023926,1.0
MSFT,2017-02-28,5,GARCH,57.54269409179688,57.67611445457631,57.920440673828125,0.24432621925181763,0.004245998959695019,1.0
MSFT,2017-02-28,10,GARCH,57.54269409179688,57.809844170149965,57.92943572998047,0.11959155983050351,0.0020783100568722013,1.0
MSFT,2017-02-28,20,GARCH,57.54269409179688,58.07823453044483,58.72088623046875,0.6426517000239187,0.01116825880621275,1.0
MSFT,2017-06-21,1,GARCH,63.56207656860352,63.595171275899745,63.55303192138672,0.04213935451302575,0.0006629637794721699,0.0
MSFT,2017-06-21,5,GARCH,63.56207656860352,63.727722508210014,63.13693237304688,0.5907901351631324,0.009294695312943135,0.0
MSFT,2017-06-21,10,GARCH,63.56207656860352,63.89380012939126,62.024375915527344,1.8694242138639154,0.02941099968384786,0.0
MSFT,2017-06-21,20,GARCH,63.56207656860352,64.22725491934457,67.13504028320312,2.907785363858551,0.045747173799775664,1.0
MSFT,2017-10-12,1,GARCH,70.12984466552734,70.17058381346885,70.4663314819336,0.29574766846474176,0.004217144211216439,1.0
MSFT,2017-10-12,5,GARCH,70.12984466552734,70.33377720065161,70.84825134277344,0.5144741421218271,0.007336022838429601,1.0
MSFT,2017-10-12,10,GARCH,70.12984466552734,70.53830275689377,71.62122344970703,1.0829206928132606,0.015441652522946159,1.0
MSFT,2017-10-12,20,GARCH,70.12984466552734,70.94913983559717,76.46809387207031,5.518954036473147,0.07869622502081519,1.0
MSFT,2018-02-06,1,GARCH,83.4689712524414,83.52252682932982,81.89700317382812,1.625523655501695,0.01947458595824192,0.0
MSFT,2018-02-06,5,GARCH,83.4689712524414,83.73709298210701,82.09807586669922,1.6390171154077962,0.019636244353015808,0.0
MSFT,2018-02-06,10,GARCH,83.4689712524414,84.00607598106635,84.00796508789062,0.0018891068242794518,2.26324440799619e-05,1.0
MSFT,2018-02-06,20,GARCH,83.4689712524414,84.5466368621415,86.18415832519531,1.6375214630538153,0.019618325690169858,1.0
MSFT,2018-05-31,1,GARCH,91.15025329589844,91.21273658829817,92.94854736328124,1.7358107749830651,0.019043400453843562,1.0
MSFT,2018-05-31,5,GARCH,91.15025329589844,91.46309837316686,93.03154754638672,1.5684491732198609,0.017207293633384246,1.0
MSFT,2018-05-31,10,GARCH,91.15025329589844,91.7770171944879,93.52954864501952,1.7525314505316203,0.019226841255640004,1.0
MSFT,2018-05-31,20,GARCH,91.15025329589844,92.40809082311507,90.9565887451172,1.4515020779978727,0.01592427914913086,0.0
MSFT,2018-09-21,1,GARCH,105.77606964111328,105.85614705283675,106.1556625366211,0.2995154837843472,0.002831599669004259,1.0
MSFT,2018-09-21,5,GARCH,105.77606964111328,106.1770633821501,105.87792205810548,0.29914132404461213,0.002828062387452812,1.0
MSFT,2018-09-21,10,GARCH,105.77606964111328,106.57957727780126,103.80425262451172,2.7753246532895446,0.026237736594920902,0.0
MSFT,2018-09-21,20,GARCH,105.77606964111328,107.38918860622599,100.59188842773438,6.797300178491611,0.06426122847591254,0.0
MSFT,2019-01-17,1,GARCH,98.66487884521484,98.73840639540413,100.14319610595705,1.4047897105529188,0.01423799154263139,1.0
MSFT,2019-01-17,5,GARCH,98.66487884521484,99.03306495046044,99.64112091064452,0.6080559601840747,0.006162840995710184,1.0
MSFT,2019-01-17,10,GARCH,98.66487884521484,99.40262500973793,95.55953979492188,3.843085214816057,0.03895089377087335,0.0
MSFT,2019-01-17,20,GARCH,98.66487884521484,100.14588751816817,100.61737060546876,0.47148308730059796,0.00477863139162471,1.0
MSFT,2019-05-13,1,GARCH,115.17424774169922,115.26815207486693,116.4627914428711,1.194639368004161,0.01037245210130111,1.0
MSFT,2019-05-13,5,GARCH,115.17424774169922,115.64453565662903,118.2902603149414,2.645724658312375,0.022971495018972776,1.0
MSFT,2019-05-13,10,GARCH,115.17424774169922,116.116743885581,118.23404693603516,2.1173030504541543,0.018383476271558674,1.0
MSFT,2019-05-13,20,GARCH,115.17424774169922,117.06695268223584,123.8008804321289,6.73392774989307,0.05846730394970945,1.0
MSFT,2019-09-04,1,GARCH,129.41297912597656,129.52590286196477,131.68846130371094,2.162558441746171,0.016710522053904997,1.0
MSFT,2019-09-04,5,GARCH,129.41297912597656,129.97858402090813,127.99308013916016,1.9855038817479738,0.015342386019992604,0.0
MSFT,2019-09-04,10,GARCH,129.41297912597656,130.5466609159384,130.24981689453125,0.2968440214071393,0.002293773185749748,1.0
MSFT,2019-09-04,20,GARCH,129.41297912597656,131.69027396943787,126.61085510253906,5.079418866898806,0.0392496865554286,0.0
MSFT,2019-12-26,1,GARCH,149.7044677734375,149.84515216452286,149.97801208496094,0.13285992043807937,0.000887481331814044,1.0
MSFT,2019-12-26,5,GARCH,149.7044677734375,150.40921304983817,149.65728759765625,0.7519254521819221,0.0050227322094346105,0.0
MSFT,2019-12-26,10,GARCH,149.7044677734375,151.11727596873803,152.22360229492188,1.1063263261838472,0.007390068864599142,1.0
MSFT,2019-12-26,20,GARCH,149.7044677734375,152.54341727978584,153.11048889160156,0.5670716118157202,0.0037879404686433915,1.0
MSFT,2020-04-21,1,GARCH,158.7699432373047,158.92563159516644,164.16253662109375,5.236905025927314,0.032984234415830205,1.0
MSFT,2020-04-21,5,GARCH,158.7699432373047,159.54991319021573,160.65261840820312,1.102705217987392,0.006945302086171612,1.0
MSFT,2020-04-21,10,GARCH,158.7699432373047,160.33371480745217,171.01206970214844,10.67835489469627,0.06725677843655786,1.0
MSFT,2020-04-21,20,GARCH,158.7699432373047,161.91288842079334,173.72735595703125,11.814467536237913,0.07441249455244492,1.0
MSFT,2020-08-12,1,GARCH,198.4601287841797,198.6596847220712,197.9952545166016,0.6644302054696141,0.0033479279165044007,0.0
MSFT,2020-08-12,5,GARCH,198.4601287841797,199.45991707028506,199.42491149902344,0.03500557126162107,0.00017638591426938355,1.0
MSFT,2020-08-12,10,GARCH,198.4601287841797,200.46474201853084,210.3138427734375,9.849100754906658,0.04962760437194569,1.0
MSFT,2020-08-12,20,GARCH,198.4601287841797,202.48960352261736,195.3070831298828,7.182520392734546,0.03619125129433609,0.0
MSFT,2020-12-03,1,GARCH,204.2758331298828,204.48417702781325,204.39024353027344,0.09393349753980829,0.00045983656559167585,1.0
MSFT,2020-12-03,5,GARCH,204.2758331298828,205.319679717652,200.7289123535156,4.590767364136411,0.022473374817751912,0.0
MSFT,2020-12-03,10,GARCH,204.2758331298828,206.36886034656592,209.21490478515625,2.846044438590326,0.013932359961448482,1.0
MSFT,2020-12-03,20,GARCH,204.2758331298828,208.4833328946065,207.5653533935547,0.9179795010518035,0.004493823312266887,1.0
MSFT,2021-03-30,1,GARCH,221.57595825195312,221.80263384279837,225.3222198486328,3.519586005834441,0.015884331646813132,1.0
MSFT,2021-03-30,5,GARCH,221.57595825195312,222.71165750561872,238.8261260986328,16.114468593014095,0.07272661131714675,1.0
MSFT,2021-03-30,10,GARCH,221.57595825195312,223.8531778456736,244.2639617919922,20.41078394631859,0.0921164196122286,1.0
MSFT,2021-03-30,20,GARCH,221.57595825195312,226.15380128301925,243.2795867919922,17.12578550897294,0.0772908109890662,1.0
MSFT,2021-07-22,1,GARCH,274.0917053222656,274.38861123181636,277.4729919433594,3.0843807115430195,0.011253097600733675,1.0
MSFT,2021-07-22,5,GARCH,274.0917053222656,275.57945454649064,274.4364624023437,1.1429921441469446,0.004170108478120715,1.0
MSFT,2021-07-22,10,GARCH,274.0917053222656,277.07527916194863,277.3293151855469,0.2540360235982462,0.0009268285711148128,1.0
MSFT,2021-07-22,20,GARCH,274.0917053222656,280.0913301349558,284.8182067871094,4.726876652153578,0.01724560269562292,1.0
MSFT,2021-11-11,1,GARCH,319.04217529296875,319.39198062885754,323.1593933105469,3.7674126816893363,0.011808509888167062,1.0
MSFT,2021-11-11,5,GARCH,319.04217529296875,320.79504152776263,328.1253356933594,7.33029416559674,0.022975940904570002,1.0
MSFT,2021-11-11,10,GARCH,319.04217529296875,322.5575382762473,316.98175048828125,5.575787787966078,0.017476647978738047,0.0
MSFT,2021-11-11,20,GARCH,319.04217529296875,326.11163525102035,329.3464660644531,3.2348308134327795,0.010139194952712094,1.0
MSFT,2022-03-08,1,GARCH,265.7735900878906,266.0573222391721,277.96148681640625,11.904164577234155,0.04479062262468392,1.0
MSFT,2022-03-08,5,GARCH,265.7735900878906,267.19528312162777,276.66070556640625,9.465422444778483,0.03561460881665601,1.0
MSFT,2022-03-08,10,GARCH,265.7735900878906,268.62458116638766,292.9530029296875,24.328421763299843,0.09153814626673196,1.0
MSFT,2022-03-08,20,GARCH,265.7735900878906,271.5061552314298,299.5238342285156,28.017678997085852,0.10541934955922638,1.0
MSFT,2022-06-30,1,GARCH,248.02464294433597,248.29028985536576,250.6803436279297,2.390053772563931,0.00963635606603952,1.0
MSFT,2022-06-30,5,GARCH,248.02464294433597,249.3557257609793,258.4833374023437,9.127611641364382,0.036801228833591715,1.0
MSFT,2022-06-30,10,GARCH,248.02464294433597,250.6939521478894,247.9183807373047,2.7755714105847176,0.011190708220100709,0.0
MSFT,2022-06-30,20,GARCH,248.02464294433597,253.39198918888508,271.1148376464844,17.722848457599298,0.07145599827182014,1.0
MSFT,2022-10-21,1,GARCH,234.3152618408203,234.56002291346095,239.27989196777344,4.719869054312483,0.020143242131273942,1.0
MSFT,2022-10-21,5,GARCH,234.3152618408203,235.54162660171647,228.2667388916016,7.274887710114882,0.031047434353879133,0.0
MSFT,2022-10-21,10,GARCH,234.3152618408203,236.7744099395118,214.2535095214844,22.520900418027395,0.09611367284017003,0.0
MSFT,2022-10-21,20,GARCH,234.3152618408203,239.2593668964218,234.1021728515625,5.1571940448592954,0.022009637803118376,0.0
MSFT,2023-02-15,1,GARCH,262.0276794433594,262.30046321227604,255.05181884765625,7.248644364619793,0.027663658969229843,0.0
MSFT,2023-02-15,5,GARCH,262.0276794433594,263.3944410597667,247.8716278076172,15.52281325214949,0.059241120194345576,0.0
MSFT,2023-02-15,10,GARCH,262.0276794433594,264.76833183642174,244.3107147216797,20.45761711474205,0.07807425978126192,0.0
MSFT,2023-02-15,20,GARCH,262.0276794433594,267.5376498099891,268.7213439941406,1.183694184151534,0.004517439480691943,1.0
MSFT,2023-06-09,1,GARCH,318.6365966796875,318.9700376427043,323.5702514648437,4.600213822139381,0.01443717975297032,1.0
MSFT,2023-06-09,5,GARCH,318.6365966796875,320.3072944797732,333.7888488769531,13.481554397179934,0.04231012550869151,1.0
MSFT,2023-06-09,10,GARCH,318.6365966796875,321.98675219999467,320.40142822265625,1.585323977338419,0.004975335519705082,1.0
MSFT,2023-06-09,20,GARCH,318.6365966796875,325.372131364187,324.1748962402344,1.1972351239526233,0.0037573685396725676,1.0
MSFT,2023-10-03,1,GARCH,306.2178955078125,306.53269481435655,311.6604309082031,5.127736093846579,0.01674538349675192,1.0
MSFT,2023-10-03,5,GARCH,306.2178955078125,307.7951315811658,320.8746337890625,13.079502207896724,0.042713056290216045,1.0
MSFT,2023-10-03,10,GARCH,306.2178955078125,309.38049152209044,324.46063232421875,15.080140802128312,0.049246438641740164,1.0
MSFT,2023-10-03,20,GARCH,306.2178955078125,312.5757505965496,330.37213134765625,17.796380751106653,0.05811672345796204,1.0
MSFT,2024-01-26,1,GARCH,395.4869079589844,395.91564229457913,401.1558837890625,5.240241494483371,0.01325010105018909,1.0
MSFT,2024-01-26,5,GARCH,395.4869079589844,397.6352324459538,402.6245422363281,4.989309790374307,0.012615613032863626,1.0
MSFT,2024-01-26,10,GARCH,395.4869079589844,399.79522684666364,411.7594909667969,11.964264120133237,0.030251985285373983,1.0
MSFT,2024-01-26,20,GARCH,395.4869079589844,404.1504793022168,399.7593078613281,4.391171440888684,0.0111032030454572,1.0
MSFT,2024-05-20,1,GARCH,417.9720764160156,418.4232322860301,421.6080017089844,3.1847694229542753,0.00761957461432039,1.0
MSFT,2024-05-20,5,GARCH,417.9720764160156,420.2327307673242,422.8657836914063,2.633052924082108,0.006299590505326913,1.0
MSFT,2024-05-20,10,GARCH,417.9720764160156,422.505612150974,408.8626098632813,13.643002287692696,0.03264094196118872,0.0
MSFT,2024-05-20,20,GARCH,417.9720764160156,427.0883208987239,438.6082763671875,11.519955468463593,0.027561543266822364,1.0
MSFT,2024-09-12,1,GARCH,420.3595886230469,420.8158403983178,423.8937683105469,3.077927912229086,0.007322130850663688,1.0
MSFT,2024-09-12,5,GARCH,420.3595886230469,422.6458049632142,431.8677978515625,9.221992888348325,0.02193834311846299,1.0
MSFT,2024-09-12,10,GARCH,420.3595886230469,424.94445538433393,424.6025695800781,0.34188580425580994,0.0008133174870013082,1.0
MSFT,2024-09-12,20,GARCH,420.3595886230469,429.57932933895654,409.3731384277344,20.206190911222166,0.0480688235931781,0.0
MSFT,2025-01-06,1,GARCH,422.0393981933594,422.49409334309473,416.6338806152344,5.8602127278603575,0.013885463662744235,0.0
MSFT,2025-01-06,5,GARCH,422.0393981933594,424.31777799945587,410.02490234375,14.29287565570587,0.03386621182024696,0.0
MSFT,2025-01-06,10,GARCH,422.0393981933594,426.6084576395561,440.1402587890625,13.531801149506407,0.032062886089385234,1.0
MSFT,2025-01-06,20,GARCH,422.0393981933594,431.2269823828608,407.67718505859375,23.549797324267047,0.05579999740563946,0.0
MSFT,2025-05-01,1,GARCH,420.464111328125,420.9021010207688,430.2294616699219,9.327360649153093,0.022183488192822454,1.0
MSFT,2025-05-01,5,GARCH,420.464111328125,422.6586270041153,433.08599853515625,10.427371531040933,0.024799670768817617,1.0
MSFT,2025-05-01,10,GARCH,420.464111328125,424.8645964496961,448.6946105957031,23.830014146007045,0.056675500961865355,1.0
MSFT,2025-05-01,20,GARCH,420.464111328125,429.31113608289706,455.8538208007813,26.542684717884242,0.06312711121537462,1.0
MSFT,2025-08-25,1,GARCH,500.14495849609375,500.67984563869464,497.9430541992188,2.7367914394758373,0.00547199645419838,0.0
MSFT,2025-08-25,5,GARCH,500.14495849609375,502.82512075681956,500.9979248046875,1.8271959521320582,0.0036533327410244176,1.0
MSFT,2025-08-25,10,GARCH,500.14495849609375,505.5196453931362,494.3426818847656,11.17696350837059,0.02234744811180156,0.0
MSFT,2025-08-25,20,GARCH,500.14495849609375,510.9520900637011,505.0744323730469,5.877657690654246,0.011751908303400782,1.0
MSFT,2025-12-16,1,GARCH,473.38677978515625,473.884158712343,473.1184387207031,0.7657199916398554,0.001617535648095969,0.0
MSFT,2025-12-16,5,GARCH,473.38677978515625,475.8789057851276,483.7807922363281,7.901886451200539,0.01669224150025217,1.0
MSFT,2025-12-16,10,GARCH,473.38677978515625,478.38415148396865,480.5711669921875,2.187015508218849,0.0046199336390666534,1.0
MSFT,2025-12-16,20,GARCH,473.38677978515625,483.4342786144124,453.7811279296875,29.653150684724892,0.06264042840018214,0.0
MSFT,2026-04-13,1,GARCH,382.8186340332031,383.208533778582,391.5233459472656,8.314812168683602,0.021719977632965515,1.0
MSFT,2026-04-13,5,GARCH,382.8186340332031,384.77210792511266,416.3826293945313,31.610521469418643,0.08257310031224074,1.0
MSFT,2026-04-13,10,GARCH,382.8186340332031,386.7355501412028,423.1053771972656,36.36982705606283,0.09500537283905652,1.0
MSFT,2026-04-13,20,GARCH,382.8186340332031,390.6925432737596,410.9944458007813,20.301902527021696,0.053032691520603414,1.0
MSFT,2026-08-06,1,GARCH,498.9207458496094,499.42681368075057,499.0505065917969,0.3763070889536948,0.0007542422159914075,1.0
MSFT,2026-08-06,5,GARCH,498.9207458496094,501.4562233876535,495.9463806152344,5.50984277241912,0.011043523081078588,0.0
MSFT,2026-08-06,10,GARCH,498.9207458496094,504.0045860309963,481.1499938964844,22.854592134511904,0.045808061349689844,0.0
MSFT,2026-08-06,20,GARCH,498.9207458496094,509.1402288908744,510.1199951171875,0.9797662263130746,0.001963771269211545,1.0
NVDA,2011-03-11,1,GARCH,0.413217544555664,0.41333368135356935,0.4166515171527862,0.0033178357992168506,0.0080292713679051,1.0
NVDA,2011-03-11,5,GARCH,0.413217544555664,0.41379855504505364,0.4033735692501068,0.010424985794946828,0.02522880727670196,0.0
NVDA,2011-03-11,10,GARCH,0.413217544555664,0.41438038247262327,0.4264954626560211,0.012115080183397853,0.029318891085385212,1.0
NVDA,2011-03-11,20,GARCH,0.413217544555664,0.41554649273858835,0.4017709791660309,0.013775513572557463,0.033337194303718065,0.0
NVDA,2011-07-05,1,GARCH,0.3635399639606476,0.36351091786436035,0.3587324023246765,0.004778515539683836,0.013144402303459368,1.0
NVDA,2011-07-05,5,GARCH,0.3635399639606476,0.36339475668459137,0.3362972736358642,0.027097483048727167,0.07453783829846117,1.0
NVDA,2011-07-05,10,GARCH,0.3635399639606476,0.36324960740808154,0.3255376517772674,0.03771195563081414,0.10373537814097478,1.0
NVDA,2011-07-05,20,GARCH,0.3635399639606476,0.36295948276104445,0.3301161825656891,0.03284330019535536,0.09034302539269268,1.0
NVDA,2011-10-25,1,GARCH,0.3308029770851135,0.3306610527634061,0.3346947729587555,0.004033720195349366,0.012193723983056959,0.0
NVDA,2011-10-25,5,GARCH,0.3308029770851135,0.3300939641129735,0.3218745589256286,0.008219405187344875,0.02484682955326023,1.0
NVDA,2011-10-25,10,GARCH,0.3308029770851135,0.3293864707746623,0.3452255129814148,0.015839042206752474,0.047880591481730184,0.0
NVDA,2011-10-25,20,GARCH,0.3308029770851135,0.3279760299783284,0.3452255129814148,0.017249483003086374,0.05214427982202885,0.0
NVDA,2012-02-17,1,GARCH,0.3628531098365783,0.36281167046730917,0.3646845519542694,0.0018728814869602428,0.005161541781476653,0.0
NVDA,2012-02-17,5,GARCH,0.3628531098365783,0.36264596031035135,0.3541538119316101,0.008492148378741238,0.023403818648725205,1.0
NVDA,2012-02-17,10,GARCH,0.3628531098365783,0.3624389290438969,0.3401890397071838,0.022249889336713125,0.061319274200885454,1.0
NVDA,2012-02-17,20,GARCH,0.3628531098365783,0.3620252210202902,0.3351526856422424,0.026872535378047846,0.07405899150251372,1.0
NVDA,2012-06-12,1,GARCH,0.2863906621932983,0.2861895135689498,0.278836041688919,0.007353471880030771,0.025676367461546556,1.0
NVDA,2012-06-12,5,GARCH,0.2863906621932983,0.2853863308620387,0.3031026124954223,0.017716281633383624,0.06186054216190229,0.0
NVDA,2012-06-12,10,GARCH,0.2863906621932983,0.2843855215779548,0.2914271056652069,0.007041584087252084,0.02458733826488868,0.0
NVDA,2012-06-12,20,GARCH,0.2863906621932983,0.28239441978935415,0.2886799275875091,0.0062855077981549545,0.021947321012556587,0.0
NVDA,2012-10-03,1,GARCH,0.2985239326953888,0.2983584615335242,0.3118018507957458,0.013443389262221606,0.04503286936106088,0.0
NVDA,2012-10-03,5,GARCH,0.2985239326953888,0.2976974935808279,0.2900535762310028,0.007643917349825113,0.02560571033889225,1.0
NVDA,2012-10-03,10,GARCH,0.2985239326953888,0.29687334239542545,0.2989817559719085,0.002108413576483059,0.007062795794782861,0.0
NVDA,2012-10-03,20,GARCH,0.2985239326953888,0.29523187849385085,0.2859327793121338,0.009299099181717063,0.031150263557614966,1.0
NVDA,2013-01-30,1,GARCH,0.2838605642318725,0.2836883985451792,0.2824781835079193,0.0012102150372598763,0.004263413766314117,1.0
NVDA,2013-01-30,5,GARCH,0.2838605642318725,0.2830007793759624,0.2843214273452759,0.001320647969313471,0.004652453125664424,0.0
NVDA,2013-01-30,10,GARCH,0.2838605642318725,0.28214359872116934,0.2850126326084137,0.0028690338872443544,0.010107194336796854,0.0
NVDA,2013-01-30,20,GARCH,0.2838605642318725,0.28043701848738173,0.2934839725494385,0.013046954062056748,0.04596254536927957,0.0
NVDA,2013-05-23,1,GARCH,0.3408751785755157,0.34086173946871146,0.3387783169746399,0.002083422494071563,0.006111980645754245,1.0
NVDA,2013-05-23,5,GARCH,0.3408751785755157,0.3408079883396941,0.3371471464633941,0.003660841876300003,0.01073953783199555,1.0
NVDA,2013-05-23,10,GARCH,0.3408751785755157,0.3407408113478048,0.3366813361644745,0.00405947518333033,0.011908978530776215,1.0
NVDA,2013-05-23,20,GARCH,0.3408751785755157,0.34060649708538165,0.3359822928905487,0.004624204194832948,0.013565681767023996,1.0
NVDA,2013-09-16,1,GARCH,0.3702263534069061,0.3703350273414707,0.3713971376419067,0.0010621103004359589,0.0028688133371981284,1.0
NVDA,2013-09-16,5,GARCH,0.3702263534069061,0.370770042168068,0.3662452399730682,0.004524802194999844,0.012221718290342132,0.0
NVDA,2013-09-16,10,GARCH,0.3702263534069061,0.37131452935285997,0.3643720149993896,0.006942514353470375,0.01875208042210874,0.0
NVDA,2013-09-16,20,GARCH,0.3702263534069061,0.37240590368509424,0.3627327382564544,0.00967316542863983,0.02612770630622363,0.0
NVDA,2014-01-08,1,GARCH,0.3851806223392486,0.3852622429442219,0.3708187043666839,0.014443538577537995,0.03749809242692603,0.0
NVDA,2014-01-08,5,GARCH,0.3851806223392486,0.3855888983565918,0.3769401311874389,0.008648767169152916,0.022453796134986992,0.0
NVDA,2014-01-08,10,GARCH,0.3851806223392486,0.3859976071301451,0.3759984374046325,0.009999169725512569,0.02595969045583446,0.0
NVDA,2014-01-08,20,GARCH,0.3851806223392486,0.38681632478118533,0.3682287037372589,0.018587621043926417,0.04825689550798662,0.0
NVDA,2014-05-02,1,GARCH,0.4358759522438049,0.4360150307042358,0.440606027841568,0.004590997137332187,0.010532806670564554,1.0
NVDA,2014-05-02,5,GARCH,0.4358759522438049,0.4365717884564553,0.4268887341022491,0.009683054354206189,0.022215160768470188,0.0
NVDA,2014-05-02,10,GARCH,0.4358759522438049,0.4372687355081698,0.4247604310512543,0.012508304456915531,0.028696936347429203,0.0
NVDA,2014-05-02,20,GARCH,0.4358759522438049,0.438665969225035,0.4500007331371307,0.011334763912095702,0.02600456357765668,1.0
NVDA,2014-08-25,1,GARCH,0.4560483396053314,0.4561845358405655,0.4641622602939605,0.007977724453395008,0.017493155353441203,1.0
NVDA,2014-08-25,5,GARCH,0.4560483396053314,0.45672972764527875,0.4653553664684295,0.00862563882315076,0.01891386959245467,1.0
NVDA,2014-08-25,10,GARCH,0.4560483396053314,0.45741213375638357,0.4663101136684418,0.008897979912058207,0.019511045517145442,1.0
NVDA,2014-08-25,20,GARCH,0.4560483396053314,0.4587800062787944,0.4488891065120697,0.009890899766724692,0.021688270535716425,0.0
NVDA,2014-12-16,1,GARCH,0.4637300372123718,0.46384595357025543,0.4826626479625702,0.01881669439231476,0.04057682893570558,1.0
NVDA,2014-12-16,5,GARCH,0.4637300372123718,0.4643099088247483,0.4948850870132446,0.030575178188496255,0.06593314155859575,1.0
NVDA,2014-12-16,10,GARCH,0.4637300372123718,0.4648905055380668,0.4805059134960174,0.015615407957950578,0.03367348824721339,1.0
NVDA,2014-12-16,20,GARCH,0.4637300372123718,0.4660538778954762,0.4697214365005493,0.003667558605073118,0.007908822613950095,1.0
NVDA,2015-04-13,1,GARCH,0.5425001382827759,0.5427054518982273,0.5379291772842407,0.004776274613986553,0.008804190592661021,0.0
NVDA,2015-04-13,5,GARCH,0.5425001382827759,0.5435274836803342,0.531433641910553,0.012093841769781233,0.022292790206585034,0.0
NVDA,2015-04-13,10,GARCH,0.5425001382827759,0.5445567745862738,0.5340797901153564,0.010476984470917383,0.019312408848560225,0.0
NVDA,2015-04-13,20,GARCH,0.5425001382827759,0.5466212076672957,0.4963095486164093,0.050311659050886415,0.09274036170781885,0.0
NVDA,2015-08-04,1,GARCH,0.4923225939273834,0.49247050028156214,0.4973981976509094,0.004927697369347284,0.010009082317424811,1.0
NVDA,2015-08-04,5,GARCH,0.4923225939273834,0.49306257018047367,0.5718387961387634,0.07877622595828976,0.16000936566788782,1.0
NVDA,2015-08-04,10,GARCH,0.4923225939273834,0.49380365864101056,0.5601677894592285,0.06636413081821796,0.1347980605334691,1.0
NVDA,2015-08-04,20,GARCH,0.4923225939273834,0.49528917887366736,0.5232763886451721,0.027987209771504762,0.056847299142303465,1.0
NVDA,2015-11-24,1,GARCH,0.7593905329704285,0.7596855257536871,0.758415937423706,0.0012695883299810307,0.0016718516690152896,0.0
NVDA,2015-11-24,5,GARCH,0.7593905329704285,0.7608666432606757,0.7917929291725159,0.030926285911840212,0.04072514018691953,1.0
NVDA,2015-11-24,10,GARCH,0.7593905329704285,0.7623456228276578,0.7969090938568115,0.03456347102915369,0.04551475101217739,1.0
NVDA,2015-11-24,20,GARCH,0.7593905329704285,0.7653122121119739,0.8054361939430237,0.040123981831049815,0.05283708459480141,1.0
NVDA,2016-03-21,1,GARCH,0.8291546106338501,0.8295037379170085,0.8276876211166382,0.0018161168003703043,0.0021903234657068005,0.0
NVDA,2016-03-21,5,GARCH,0.8291546106338501,0.8309017177185927,0.8653429746627808,0.03444125694418809,0.04153779826160453,1.0
NVDA,2016-03-21,10,GARCH,0.8291546106338501,0.8326525061229907,0.8741456270217896,0.04149312089879886,0.05004268247037702,1.0
NVDA,2016-03-21,20,GARCH,0.8291546106338501,0.8361651579346506,0.88783860206604,0.05167344413138941,0.06232063775402219,1.0
NVDA,2016-07-13,1,GARCH,1.2939077615737915,1.2946902677791265,1.3071459531784058,0.012455685399279215,0.009626409060356167,1.0
NVDA,2016-07-13,5,GARCH,1.2939077615737915,1.2978250277631813,1.3292102813720703,0.031385253608889,0.024256175394384405,1.0
NVDA,2016-07-13,10,GARCH,1.2939077615737915,1.3017541533561965,1.374317288398743,0.07256313504254641,0.05608060883280208,1.0
NVDA,2016-07-13,20,GARCH,1.2939077615737915,1.3096481264777287,1.4343795776367188,0.12473145115899009,0.09639902848042126,1.0
NVDA,2016-11-02,1,GARCH,1.6887660026550293,1.6900004943990319,1.669117450714111,0.020883043684920777,0.012365859836169779,0.0
NVDA,2016-11-02,5,GARCH,1.6887660026550293,1.6949474921365348,1.7182387113571167,0.02329121922058186,0.013791857003258023,1.0
NVDA,2016-11-02,10,GARCH,1.6887660026550293,1.701151608087397,2.250459909439087,0.54930830135169,0.32527200363347153,1.0
NVDA,2016-11-02,20,GARCH,1.6887660026550293,1.713628050984331,2.155686616897583,0.4420585659132521,0.2617642498832049,1.0
NVDA,2017-02-28,1,GARCH,2.499260425567627,2.5010953273784264,2.531523942947388,0.030428615568961703,0.012175047969261055,1.0
NVDA,2017-02-28,5,GARCH,2.499260425567627,2.5084484159595677,2.431779623031616,0.07666879292795148,0.030676592220492127,0.0
NVDA,2017-02-28,10,GARCH,2.499260425567627,2.517670184010923,2.5066490173339844,0.011021166676938421,0.004409771212391833,1.0
NVDA,2017-02-28,20,GARCH,2.499260425567627,2.5362155502534187,2.6522018909454346,0.11598634069201585,0.04640826522337038,1.0
NVDA,2017-06-21,1,GARCH,3.931581258773804,3.9348188480087405,3.904461145401001,0.030357702607739512,0.00772149947047196,0.0
NVDA,2017-06-21,5,GARCH,3.931581258773804,3.947795887900332,3.741252183914185,0.20654370398614708,0.052534512297111924,0.0
NVDA,2017-06-21,10,GARCH,3.931581258773804,3.964077389407312,3.5373623371124268,0.42671505229488504,0.10853522392361048,0.0
NVDA,2017-06-21,20,GARCH,3.931581258773804,3.9968421138804593,4.129552841186523,0.13271072730606415,0.03375505135749224,1.0
NVDA,2017-10-12,1,GARCH,4.713810443878174,4.717912630940415,4.801655292510986,0.08374266157057164,0.017765385894829233,1.0
NVDA,2017-10-12,5,GARCH,4.713810443878174,4.734357109496646,4.880865097045898,0.14650798754925276,0.031080585291570983,1.0
NVDA,2017-10-12,10,GARCH,4.713810443878174,4.754993334394825,4.828798770904541,0.0738054365097156,0.01565727714095222,1.0
NVDA,2017-10-12,20,GARCH,4.713810443878174,4.796536025224092,5.06642484664917,0.2698888214250781,0.057254916089293006,1.0
NVDA,2018-02-06,1,GARCH,5.570223331451416,5.575531878258571,5.649734020233154,0.07420214197458286,0.013321214888389,1.0
NVDA,2018-02-06,5,GARCH,5.570223331451416,5.596816705357684,5.744311332702637,0.1474946273449529,0.026479122751173367,1.0
NVDA,2018-02-06,10,GARCH,5.570223331451416,5.623537041414954,5.963582515716553,0.3400454743015988,0.061047009081589776,1.0
NVDA,2018-02-06,20,GARCH,5.570223331451416,5.6773610274484,5.975440979003906,0.29807995155550593,0.05351310599566861,1.0
NVDA,2018-05-31,1,GARCH,6.235024929046631,6.241142241167608,6.3692731857299805,0.12813094456237284,0.020550189617600356,1.0
NVDA,2018-05-31,5,GARCH,6.235024929046631,6.265671566781984,6.499814510345459,0.23414294356347476,0.037552848020332874,1.0
NVDA,2018-05-31,10,GARCH,6.235024929046631,6.29646884006654,6.598957538604736,0.3024886985381965,0.048514432898097315,1.0
NVDA,2018-05-31,20,GARCH,6.235024929046631,6.35851825856146,5.9549078941345215,0.4036103644269389,0.06473275873311601,0.0
NVDA,2018-09-21,1,GARCH,6.516973972320557,6.52352152635108,6.572633743286133,0.04911221693505308,0.007536046199301483,1.0
NVDA,2018-09-21,5,GARCH,6.516973972320557,6.549777591373649,6.951604843139648,0.4018272517659991,0.061658563233898844,1.0
NVDA,2018-09-21,10,GARCH,6.516973972320557,6.582746329610514,6.675538539886475,0.09279221027596041,0.014238542407883692,1.0
NVDA,2018-09-21,20,GARCH,6.516973972320557,6.649182492372436,5.6689887046813965,0.9801937876910394,0.15040627626475134,0.0
NVDA,2019-01-17,1,GARCH,3.75685977935791,3.7605968116219657,3.88586950302124,0.1252726913992741,0.03334505378337127,1.0
NVDA,2019-01-17,5,GARCH,3.75685977935791,3.7755821507674083,3.965602159500122,0.19002000873271374,0.05057947857856715,1.0
NVDA,2019-01-17,10,GARCH,3.75685977935791,3.7943978254173203,3.5837748050689697,0.21062302034835056,0.05606358307691439,0.0
NVDA,2019-01-17,20,GARCH,3.75685977935791,3.8323109466684375,3.896021842956543,0.06371089628810545,0.016958550499586167,1.0
NVDA,2019-05-13,1,GARCH,3.927550792694092,3.9315185619341695,4.016536235809326,0.08501767387515669,0.021646486159594414,1.0
NVDA,2019-05-13,5,GARCH,3.927550792694092,3.9474297634046747,3.761475563049317,0.1859542003553578,0.04734609688594327,0.0
NVDA,2019-05-13,10,GARCH,3.927550792694092,3.9674093498672542,3.5527663230896,0.4146430267776542,0.10557292538366658,0.0
NVDA,2019-05-13,20,GARCH,3.927550792694092,4.007672409658913,3.7409534454345694,0.26671896422434394,0.06790974281490803,0.0
NVDA,2019-09-04,1,GARCH,4.192028999328613,4.196189690510574,4.464773178100586,0.2685834875900115,0.06407004522941695,1.0
NVDA,2019-09-04,5,GARCH,4.192028999328613,4.2128737921222585,4.578790664672852,0.365916872550593,0.0872887264399167,1.0
NVDA,2019-09-04,10,GARCH,4.192028999328613,4.233822235293006,4.470734119415283,0.23691188412227682,0.05651484857576605,1.0
NVDA,2019-09-04,20,GARCH,4.192028999328613,4.276032136927569,4.298345565795898,0.022313428868329765,0.005322823117851261,1.0
NVDA,2019-12-26,1,GARCH,5.945906162261963,5.952308305385928,5.888233661651611,0.06407464373431626,0.010776262185399288,0.0
NVDA,2019-12-26,5,GARCH,5.945906162261963,5.977985886022312,5.868346691131592,0.10963919489072005,0.01843944251703611,0.0
NVDA,2019-12-26,10,GARCH,5.945906162261963,6.010238688309039,6.073429107666016,0.06319041935697634,0.010627550726925339,1.0
NVDA,2019-12-26,20,GARCH,5.945906162261963,6.07526726871598,5.971012115478516,0.1042551532374647,0.01753393854399543,1.0
NVDA,2020-04-21,1,GARCH,6.703622341156006,6.711256826323862,7.117516040802002,0.4062592144781396,0.06060293879981349,1.0
NVDA,2020-04-21,5,GARCH,6.703622341156006,6.74188181214411,7.247105598449707,0.5052237863055966,0.07536578891144297,1.0
NVDA,2020-04-21,10,GARCH,6.703622341156006,6.780359640767206,7.306305408477783,0.525945767710577,0.0784569507267141,1.0
NVDA,2020-04-21,20,GARCH,6.703622341156006,6.857975362946377,8.760899543762207,1.9029241808158304,0.28386506339014317,1.0
NVDA,2020-08-12,1,GARCH,11.38749885559082,11.401573324882472,11.390235900878906,0.011337424003565744,0.000995602647020144,1.0
NVDA,2020-08-12,5,GARCH,11.38749885559082,11.458045371699006,12.08253002166748,0.6244846499684744,0.05483949178724856,1.0
NVDA,2020-08-12,10,GARCH,11.38749885559082,11.529028929426088,12.714101791381836,1.1850728619557476,0.10406787978502607,1.0
NVDA,2020-08-12,20,GARCH,11.38749885559082,11.67231801654898,12.25864601135254,0.5863279948035611,0.051488742369067086,1.0
NVDA,2020-12-03,1,GARCH,13.342156410217283,13.359117163762468,13.50376033782959,0.1446431740671219,0.010841064189320626,1.0
NVDA,2020-12-03,5,GARCH,13.342156410217283,13.42717605989763,12.920114517211914,0.5070615426857152,0.03800446697637372,0.0
NVDA,2020-12-03,10,GARCH,13.342156410217283,13.512737476636428,13.287630081176758,0.22510739545966985,0.016871890010769497,0.0
NVDA,2020-12-03,20,GARCH,13.342156410217283,13.685499442403927,13.060794830322266,0.6247046120816613,0.04682186243921327,0.0
NVDA,2021-03-30,1,GARCH,12.824442863464355,12.840627630952019,13.29919147491455,0.4585638439625317,0.035757018752755165,1.0
NVDA,2021-03-30,5,GARCH,12.824442863464355,12.905571214652982,14.09151840209961,1.1859471874466276,0.09247553286118038,1.0
NVDA,2021-03-30,10,GARCH,12.824442863464355,12.987212789646856,15.220852851867676,2.23364006222082,0.17417053403421145,1.0
NVDA,2021-03-30,20,GARCH,12.824442863464355,13.152048618352497,15.220603942871094,2.068555324518597,0.16129787052283717,1.0
NVDA,2021-07-22,1,GARCH,19.526456832885746,19.552369847449143,19.49058532714844,0.06178452030070147,0.0031641439524577875,0.0
NVDA,2021-07-22,5,GARCH,19.526456832885746,19.65636624673144,19.59422492980957,0.062141316921870526,0.0031824164237115316,1.0
NVDA,2021-07-22,10,GARCH,19.526456832885746,19.787139947219107,20.56585693359375,0.7787169863746435,0.039880096683140076,1.0
NVDA,2021-07-22,20,GARCH,19.526456832885746,20.051303246753502,19.72975730895996,0.321545937793541,0.01646719323149326,1.0
NVDA,2021-11-11,1,GARCH,30.290584564208984,30.332203808657592,30.290584564208984,0.04161924444860787,0.00137399938123961,0.0
NVDA,2021-11-11,5,GARCH,30.290584564208984,30.499253420872193,31.571382522583008,1.0721291017108143,0.03539479733176343,1.0
NVDA,2021-11-11,10,GARCH,30.290584564208984,30.709359776757278,31.399948120117188,0.6905883433599094,0.022798779003291525,1.0
NVDA,2021-11-11,20,GARCH,30.290584564208984,31.13392466557521,30.102901458740234,1.031023206834977,0.03403774544692095,0.0
NVDA,2022-03-08,1,GARCH,21.449901580810547,21.47809020317579,22.9454345703125,1.467344367136711,0.06840797668038823,1.0
NVDA,2022-03-08,5,GARCH,21.449901580810547,21.591215623638174,22.90455436706543,1.3133387434272557,0.061228194380257284,1.0
NVDA,2022-03-08,10,GARCH,21.449901580810547,21.73346065715707,26.444976806640625,4.711516149483554,0.21965211037138554,1.0
NVDA,2022-03-08,20,GARCH,21.449901580810547,22.020768270506224,25.853742599487305,3.8329743289810807,0.17869426181470804,1.0
NVDA,2022-06-30,1,GARCH,15.117030143737791,15.136255595733562,14.482791900634766,0.6534636950987966,0.04322698895784716,0.0
NVDA,2022-06-30,5,GARCH,15.117030143737791,15.213402219246309,15.794151306152344,0.5807490869060352,0.03841687695162865,1.0
NVDA,2022-06-30,10,GARCH,15.117030143737791,15.310388673164443,15.718361854553224,0.40797318138878147,0.026987654156248597,1.0
NVDA,2022-06-30,20,GARCH,15.117030143737791,15.506220408012167,18.11271476745605,2.606494359443884,0.17242105986827183,1.0
NVDA,2022-10-21,1,GARCH,12.435182571411133,12.450871169976562,12.567852020263672,0.11698085028710992,0.009407248314637018,1.0
NVDA,2022-10-21,5,GARCH,12.435182571411133,12.513823746168562,13.799798965454102,1.2859752192855396,0.10341426126239872,1.0
NVDA,2022-10-21,10,GARCH,12.435182571411133,12.592962254546283,14.121004104614258,1.528041850067975,0.12288053201414106,1.0
NVDA,2022-10-21,20,GARCH,12.435182571411133,12.75274387277706,15.370904922485352,2.6181610497082914,0.2105446409550531,1.0
NVDA,2023-02-15,1,GARCH,22.713531494140625,22.742988841421084,21.95322036743164,0.7897684739894437,0.034770835798615396,0.0
NVDA,2023-02-15,5,GARCH,22.713531494140625,22.861200760847073,23.61153030395508,0.750329543108009,0.033034473010133514,1.0
NVDA,2023-02-15,10,GARCH,22.713531494140625,23.009830081358242,23.26230812072754,0.25247803936929714,0.011115754475891526,1.0
NVDA,2023-02-15,20,GARCH,22.713531494140625,23.309993891067123,25.48870658874512,2.178712697677998,0.09592135411615921,1.0
NVDA,2023-06-09,1,GARCH,38.694618225097656,38.745721536706476,39.40523910522461,0.6595175685181331,0.01704416786545182,1.0
NVDA,2023-06-09,5,GARCH,38.694618225097656,38.95081058765469,42.60898971557617,3.6581791279214784,0.09453973952245254,1.0
NVDA,2023-06-09,10,GARCH,38.694618225097656,39.208699168694906,40.553001403808594,1.3443022351136875,0.034741323129058754,1.0
NVDA,2023-06-09,20,GARCH,38.694618225097656,39.72960998240569,42.322547912597656,2.5929379301919653,0.06701029882522946,1.0
NVDA,2023-10-03,1,GARCH,43.43596649169922,43.49284040188619,43.95898818969727,0.46614778781108157,0.010731838737838784,1.0
NVDA,2023-10-03,5,GARCH,43.43596649169922,43.72108171034906,45.71272277832031,1.9916410679712513,0.045852348383956354,1.0
NVDA,2023-10-03,10,GARCH,43.43596649169922,44.00806843536728,43.85618209838867,0.1518863369786061,0.0034967873227278456,1.0
NVDA,2023-10-03,20,GARCH,43.43596649169922,44.5877056236813,40.70405960083008,3.8836460228512237,0.08941083476508815,0.0
NVDA,2024-01-26,1,GARCH,60.92271041870117,61.00839680568144,62.35416412353516,1.3457673178537206,0.0220897479544937,1.0
NVDA,2024-01-26,5,GARCH,60.92271041870117,61.35234920909231,66.04261016845703,4.690260959364721,0.07698706979926118,1.0
NVDA,2024-01-26,10,GARCH,60.92271041870117,61.78501789570672,72.00502014160156,10.22000224589484,0.16775357129806312,1.0
NVDA,2024-01-26,20,GARCH,60.92271041870117,62.659530577959856,78.95167541503906,16.292144837079206,0.26742317807446203,1.0
NVDA,2024-05-20,1,GARCH,94.61627197265624,94.7519477670341,95.2212142944336,0.4692665273994976,0.004959681010631156,1.0
NVDA,2024-05-20,5,GARCH,94.61627197265624,95.29659927076044,113.70423889160156,18.407639620841124,0.1945504640698681,1.0
NVDA,2024-05-20,10,GARCH,94.61627197265624,95.98181838316776,116.23584747314452,20.254029089976754,0.21406496649783557,1.0
NVDA,2024-05-20,20,GARCH,94.61627197265624,97.36707299989354,135.35691833496094,37.9898453350674,0.4015149248962835,1.0
NVDA,2024-09-12,1,GARCH,118.95413208007812,119.12622639176666,118.9141845703125,0.2120418214541644,0.0017825511207246736,0.0
NVDA,2024-09-12,5,GARCH,118.95413208007812,119.81709698024514,117.68611907958984,2.130977900655296,0.017914282281684346,0.0
NVDA,2024-09-12,10,GARCH,118.95413208007812,120.68632234741649,123.84648895263672,3.160166605220226,0.02656626171752352,1.0
NVDA,2024-09-12,20,GARCH,118.95413208007812,122.44373648104511,134.5996856689453,12.155949187900205,0.10219022219183604,1.0
NVDA,2025-01-06,1,GARCH,149.20716857910156,149.42563894974919,139.93101501464844,9.494623935100748,0.06363383224491137,0.0
NVDA,2025-01-06,5,GARCH,149.20716857910156,150.3027239808103,131.56349182128906,18.739232159521237,0.1255920364817239,0.0
NVDA,2025-01-06,10,GARCH,149.20716857910156,151.40632351102602,146.85067749023438,4.555646020791642,0.030532353533513357,0.0
NVDA,2025-01-06,20,GARCH,149.20716857910156,153.63789164709246,124.6438446044922,28.994047042600258,0.19432073752695866,0.0
NVDA,2025-05-01,1,GARCH,111.45380401611328,111.61451517224938,114.33976745605467,2.7252522838052897,0.02445185525844673,1.0
NVDA,2025-05-01,5,GARCH,111.45380401611328,112.25968052022418,117.20574951171876,4.946068991494585,0.04437774946451811,1.0
NVDA,2025-05-01,10,GARCH,111.45380401611328,113.07138398507108,134.64129638671875,21.56991240164767,0.1935323122621211,1.0
NVDA,2025-05-01,20,GARCH,111.45380401611328,114.7124406310169,134.94088745117188,20.22844682015497,0.18149624410514043,1.0
NVDA,2025-08-25,1,GARCH,179.57083129882812,179.8479701094533,181.5282287597656,1.6802586503122825,0.009357080090118375,1.0
NVDA,2025-08-25,5,GARCH,179.57083129882812,180.96080915177467,170.55284118652344,10.407967965251231,0.057960237138575565,0.0
NVDA,2025-08-25,10,GARCH,179.57083129882812,182.36154620440695,170.53286743164062,11.828678772766324,0.0658719385949823,0.0
NVDA,2025-08-25,20,GARCH,179.57083129882812,185.19563168207645,178.2027130126953,6.99291866938114,0.0389423973749059,0.0
NVDA,2025-12-16,1,GARCH,177.5034942626953,177.77382490812937,170.73175048828125,7.04207441984812,0.039672877703614384,0.0
NVDA,2025-12-16,5,GARCH,177.5034942626953,178.85927079114379,188.97952270507807,10.120251913934283,0.057014381356103705,1.0
NVDA,2025-12-16,10,GARCH,177.5034942626953,180.22540277767905,186.27279663085935,6.047393853180296,0.03406915384003928,1.0
NVDA,2025-12-16,20,GARCH,177.5034942626953,182.98905011022643,186.82212829589844,3.833078185672008,0.021594381573126986,1.0
NVDA,2026-04-13,1,GARCH,189.0896148681641,189.37816753209356,196.2812347412109,6.903067209117353,0.03650685530207598,1.0
NVDA,2026-04-13,5,GARCH,189.0896148681641,190.536788255309,201.82476806640625,11.287979811097244,0.05969645566715753,1.0
NVDA,2026-04-13,10,GARCH,189.0896148681641,191.99503740044267,216.3578338623047,24.36279646186202,0.12884259391425656,1.0
NVDA,2026-04-13,20,GARCH,189.0896148681641,194.94510268106546,219.18453979492188,24.23943711385641,0.12819020828170014,1.0
NVDA,2026-08-06,1,GARCH,218.9900054931641,219.3244264529288,223.9600067138672,4.635580260938383,0.021167999199319887,1.0
NVDA,2026-08-06,5,GARCH,218.9900054931641,220.66722505948854,225.3000030517578,4.6327779922692685,0.021155202867986,1.0
NVDA,2026-08-06,10,GARCH,218.9900054931641,222.3572902598744,216.8500061035156,5.507284156358793,0.025148563944534463,0.0
NVDA,2026-08-06,20,GARCH,218.9900054931641,225.77635184934232,228.4499969482422,2.6736450988998683,0.012208982290670578,1.0
AMZN,2011-03-11,1,GARCH,8.403499603271484,8.409819455595345,8.33650016784668,0.07331928774866547,0.008724851693944546,0.0
AMZN,2011-03-11,5,GARCH,8.403499603271484,8.435146429100765,8.090999603271484,0.3441468258292808,0.040952798485919484,0.0
AMZN,2011-03-11,10,GARCH,8.403499603271484,8.466912434037843,8.548999786376953,0.08208735233911035,0.009768234213654692,1.0
AMZN,2011-03-11,20,GARCH,8.403499603271484,8.53080377819691,9.23550033569336,0.7046965574964492,0.08385751065212288,1.0
AMZN,2011-07-05,1,GARCH,10.659500122070312,10.67127134600867,10.709500312805176,0.038228966796506114,0.0035863751919618103,1.0
AMZN,2011-07-05,5,GARCH,10.659500122070312,10.718486374328178,10.56149959564209,0.1569867786860879,0.014727405308720742,0.0
AMZN,2011-07-05,10,GARCH,10.659500122070312,10.777799037573011,10.902999877929688,0.12520084035667622,0.011745470136770297,1.0
AMZN,2011-07-05,20,GARCH,10.659500122070312,10.89741083203334,10.585000038146973,0.31241079388636805,0.02930820304035897,0.0
AMZN,2011-10-25,1,GARCH,11.357500076293944,11.37049819256418,9.920000076293944,1.4504981162702357,0.12771279828540816,0.0
AMZN,2011-10-25,5,GARCH,11.357500076293944,11.422639585219407,10.604999542236328,0.8176400429830792,0.07199119854638669,0.0
AMZN,2011-10-25,10,GARCH,11.357500076293944,11.488152693580888,10.899499893188477,0.5886528003924116,0.051829433980906,0.0
AMZN,2011-10-25,20,GARCH,11.357500076293944,11.62030829183101,9.616999626159668,2.0033086656713426,0.17638641005627353,0.0
AMZN,2012-02-17,1,GARCH,9.125,9.133515415242922,9.11299991607666,0.02051549916626172,0.002248273881234053,0.0
AMZN,2012-02-17,5,GARCH,9.125,9.167656615936837,8.92650032043457,0.24115629550226636,0.02642808717833056,0.0
AMZN,2012-02-17,10,GARCH,9.125,9.210512638655393,9.012999534606934,0.19751310404845945,0.02164527167654362,0.0
AMZN,2012-02-17,20,GARCH,9.125,9.296826637460905,9.276000022888184,0.02082661457272117,0.002282368720298189,1.0
AMZN,2012-06-12,1,GARCH,10.821000099182127,10.830628161130111,10.736499786376951,0.0941283747531596,0.008698676082654622,0.0
AMZN,2012-06-12,5,GARCH,10.821000099182127,10.869226151545487,11.201499938964844,0.3322737874193571,0.0307063842873887,1.0
AMZN,2012-06-12,10,GARCH,10.821000099182127,10.917667133407528,11.280500411987305,0.3628332785797763,0.03353047548786181,1.0
AMZN,2012-06-12,20,GARCH,10.821000099182127,11.01519772140987,10.918499946594238,0.09669777481563102,0.008936121793672314,1.0
AMZN,2012-10-03,1,GARCH,12.79599952697754,12.806881180930729,13.023500442504885,0.21661926157415579,0.01692867064565462,1.0
AMZN,2012-10-03,5,GARCH,12.79599952697754,12.85050041251057,12.249500274658203,0.6010001378523668,0.04696781494757718,0.0
AMZN,2012-10-03,10,GARCH,12.79599952697754,12.905233428915254,12.374500274658203,0.5307331542570513,0.04147649061240721,0.0
AMZN,2012-10-03,20,GARCH,12.79599952697754,13.015399813329807,11.621000289916992,1.3943995234128153,0.10897152039377866,0.0
AMZN,2013-01-30,1,GARCH,13.637999534606934,13.649595044023217,13.274999618530272,0.3745954254929451,0.027467036095902175,0.0
AMZN,2013-01-30,5,GARCH,13.637999534606934,13.696075754668945,13.111000061035156,0.5850756936337884,0.04290040428210429,0.0
AMZN,2013-01-30,10,GARCH,13.637999534606934,13.754399287199925,13.47350025177002,0.2808990354299059,0.02059679168613504,0.0
AMZN,2013-01-30,20,GARCH,13.637999534606934,13.871792506787054,13.213500022888184,0.6582924838988706,0.04826899152096531,0.0
AMZN,2013-05-23,1,GARCH,13.09000015258789,13.100660139753536,13.086999893188477,0.013660246565059708,0.0010435635145779054,0.0
AMZN,2013-05-23,5,GARCH,13.09000015258789,13.14338696993096,13.460000038146973,0.31661306821601265,0.024187399887342087,1.0
AMZN,2013-05-23,10,GARCH,13.09000015258789,13.196991522356745,13.843500137329102,0.6465086149723565,0.049389504005814766,1.0
AMZN,2013-05-23,20,GARCH,13.09000015258789,13.30485738815857,13.66800022125244,0.3631428330938693,0.027742003732679432,1.0
AMZN,2013-09-16,1,GARCH,14.803000450134276,14.815142762069886,15.208499908447266,0.3933571463773795,0.02657279837979143,1.0
AMZN,2013-09-16,5,GARCH,14.803000450134276,14.863811690093305,15.57450008392334,0.7106883938300346,0.0480097529027359,1.0
AMZN,2013-09-16,10,GARCH,14.803000450134276,14.924872744738067,15.631999969482422,0.7071272247443545,0.04776918214157999,1.0
AMZN,2013-09-16,20,GARCH,14.803000450134276,15.047748407290271,15.53499984741211,0.4872514401218382,0.03291572149600386,1.0
AMZN,2014-01-08,1,GARCH,20.09600067138672,20.116610493653955,20.050500869750977,0.06610962390297814,0.003289690569980186,0.0
AMZN,2014-01-08,5,GARCH,20.09600067138672,20.199261367420544,19.793500900268555,0.405760467151989,0.02019110537400226,0.0
AMZN,2014-01-08,10,GARCH,20.09600067138672,20.303052655163622,19.99349975585937,0.3095528993042507,0.015403706656170746,0.0
AMZN,2014-01-08,20,GARCH,20.09600067138672,20.512237925293714,17.72949981689453,2.782738108399183,0.13847223404810738,0.0
AMZN,2014-05-02,1,GARCH,15.400500297546388,15.41409136205562,15.5024995803833,0.08840821832768064,0.005740606903644974,1.0
AMZN,2014-05-02,5,GARCH,15.400500297546388,15.468575668218977,14.612000465393066,0.8565752028259102,0.055619959499781935,0.0
AMZN,2014-05-02,10,GARCH,15.400500297546388,15.536951954836024,14.885000228881836,0.6519517259541878,0.04233315238843616,0.0
AMZN,2014-05-02,20,GARCH,15.400500297546388,15.674612602380352,15.44200038909912,0.23261221328123227,0.015104198486220133,1.0
AMZN,2014-08-25,1,GARCH,16.701000213623047,16.717333417449996,17.09149932861328,0.3741659111632849,0.02240380254938734,1.0
AMZN,2014-08-25,5,GARCH,16.701000213623047,16.782826124123577,17.118999481201172,0.33617335707759466,0.020128935559402983,1.0
AMZN,2014-08-25,10,GARCH,16.701000213623047,16.865052937536724,16.487499237060547,0.3775537004761773,0.02260665203561918,0.0
AMZN,2014-08-25,20,GARCH,16.701000213623047,17.030717139558252,16.181499481201172,0.8492176583570803,0.05084831132834622,0.0
AMZN,2014-12-16,1,GARCH,14.753000259399414,14.765424988175033,14.944000244140623,0.17857525596559043,0.01210433490312024,1.0
AMZN,2014-12-16,5,GARCH,14.753000259399414,14.815228630416573,15.314499855041504,0.49927122462493045,0.03384201286832056,1.0
AMZN,2014-12-16,10,GARCH,14.753000259399414,14.877719481613449,15.517499923706056,0.6397804420926079,0.04336612423530539,1.0
AMZN,2014-12-16,20,GARCH,14.753000259399414,15.003493057797263,14.34749984741211,0.6559932103851533,0.04446507143299261,0.0
AMZN,2015-04-13,1,GARCH,19.118000030517575,19.13509614499595,19.25550079345703,0.12040464846108279,0.006297973023793535,1.0
AMZN,2015-04-13,5,GARCH,19.118000030517575,19.20363362028213,19.475500106811523,0.2718664865293938,0.01422044597214267,1.0
AMZN,2015-04-13,10,GARCH,19.118000030517575,19.28965078111501,21.92799949645996,2.63834871534495,0.1380033848275668,1.0
AMZN,2015-04-13,20,GARCH,19.118000030517575,19.462842696067174,21.64249992370605,2.1796572276388773,0.11401073460401423,1.0
AMZN,2015-08-04,1,GARCH,26.59499931335449,26.61967881812001,26.850500106811523,0.2308212886915122,0.008679123694340873,1.0
AMZN,2015-08-04,5,GARCH,26.59499931335449,26.718626069535112,26.37299919128418,0.34562687825093263,0.012995934843938017,0.0
AMZN,2015-08-04,10,GARCH,26.59499931335449,26.842827504235697,26.750999450683597,0.09182805355209922,0.0034528315819879474,1.0
AMZN,2015-08-04,20,GARCH,26.59499931335449,27.09296510717862,24.82699966430664,2.2659654428719804,0.08520268852701718,0.0
AMZN,2015-11-24,1,GARCH,33.557498931884766,33.59353050326836,33.766998291015625,0.17346778774726346,0.005169270454254304,1.0
AMZN,2015-11-24,5,GARCH,33.557498931884766,33.73804408491167,33.800498962402344,0.0624548774906728,0.0018611302832025611,1.0
AMZN,2015-11-24,10,GARCH,33.557498931884766,33.91956060211406,33.239498138427734,0.6800624636863262,0.020265588477458407,0.0
AMZN,2015-11-24,20,GARCH,33.557498931884766,34.28552866159231,33.185001373291016,1.1005272883012935,0.03279527149908135,0.0
AMZN,2016-03-21,1,GARCH,27.698999404907227,27.726508683679636,28.02400016784668,0.2974914841670433,0.010740152733255126,1.0
AMZN,2016-03-21,5,GARCH,27.698999404907227,27.83681927881738,29.69300079345703,1.8561815146396512,0.06701258364989182,1.0
AMZN,2016-03-21,10,GARCH,27.698999404907227,27.975324892936666,29.30699920654297,1.3316743136063032,0.04807662161869941,1.0
AMZN,2016-03-21,20,GARCH,27.698999404907227,28.25440700672787,31.395000457763672,3.1405934510358016,0.11338292062923427,1.0
AMZN,2016-07-13,1,GARCH,37.13150024414063,37.17266371138253,37.060001373291016,0.11266233809151771,0.003034144522864879,0.0
AMZN,2016-07-13,5,GARCH,37.13150024414063,37.337774419015005,37.2859992980957,0.05177512091930225,0.0013943719100730778,1.0
AMZN,2016-07-13,10,GARCH,37.13150024414063,37.54519449521145,36.83349990844727,0.7116945867641746,0.019166868617878752,0.0
AMZN,2016-07-13,20,GARCH,37.13150024414063,37.96349784993399,38.428001403808594,0.4645035538746072,0.012509689908042576,1.0
AMZN,2016-11-02,1,GARCH,38.27799987792969,38.31966036547487,38.35150146484375,0.03184109936888291,0.0008318381177288003,1.0
AMZN,2016-11-02,5,GARCH,38.27799987792969,38.48675622814339,38.59400177001953,0.10724554187613933,0.002801754068084694,1.0
AMZN,2016-11-02,10,GARCH,38.27799987792969,38.696651070804286,37.324501037597656,1.3721500332066299,0.035846962683068084,0.0
AMZN,2016-11-02,20,GARCH,38.27799987792969,39.11988110326963,37.182498931884766,1.9373821713848614,0.050613464067173375,0.0
AMZN,2017-02-28,1,GARCH,42.25199890136719,42.29877186533553,42.65399932861328,0.3552274632777497,0.008407352847541905,1.0
AMZN,2017-02-28,5,GARCH,42.25199890136719,42.48638207142933,42.30099868774414,0.18538338368519192,0.004387564813630451,1.0
AMZN,2017-02-28,10,GARCH,42.25199890136719,42.72206542779832,42.62649917602539,0.09556625177292943,0.002261816109482062,1.0
AMZN,2017-02-28,20,GARCH,42.25199890136719,43.19736158939504,42.79999923706055,0.3973623523344898,0.009404581148032554,1.0
AMZN,2017-06-21,1,GARCH,50.11149978637695,50.16947453804861,50.06499862670898,0.10447591133963385,0.002084868977879517,0.0
AMZN,2017-06-21,5,GARCH,50.11149978637695,50.402045039815256,49.51649856567383,0.8855464741414281,0.017671522064126477,0.0
AMZN,2017-06-21,10,GARCH,50.11149978637695,50.69427486754601,48.25699996948242,2.4372748980635848,0.04863703757527871,0.0
AMZN,2017-06-21,20,GARCH,50.11149978637695,51.28382737099696,51.435001373291016,0.15117400229405575,0.0030167527002484817,1.0
AMZN,2017-10-12,1,GARCH,50.04650115966797,50.10203476612021,50.14699935913086,0.044964593010647036,0.000898456275038928,1.0
AMZN,2017-10-12,5,GARCH,50.04650115966797,50.32478609928187,49.33050155639648,0.9942845428853957,0.01986721388800472,0.0
AMZN,2017-10-12,10,GARCH,50.04650115966797,50.604618449919954,48.62149810791016,1.9831203420097907,0.03962555415578117,0.0
AMZN,2017-10-12,20,GARCH,50.04650115966797,51.16895984979918,56.45650100708008,5.287541157280899,0.10565256381083588,1.0
AMZN,2018-02-06,1,GARCH,72.14199829101562,72.2295101146172,70.83899688720703,1.3905132274101675,0.01927467023856111,0.0
AMZN,2018-02-06,5,GARCH,72.14199829101562,72.58062025937538,70.72550201416016,1.8551182452152233,0.025714816461443357,0.0
AMZN,2018-02-06,10,GARCH,72.14199829101562,73.02190904090479,74.14600372314453,1.1240946822397433,0.015581695945061425,1.0
AMZN,2018-02-06,20,GARCH,72.14199829101562,73.91255199874648,77.25,3.33744800125352,0.0462622062087954,1.0
AMZN,2018-05-31,1,GARCH,81.48100280761719,81.59168404471933,82.0770034790039,0.4853194342845768,0.005956228047787393,1.0
AMZN,2018-05-31,5,GARCH,81.48100280761719,82.03591449595694,84.46499633789062,2.42908184193368,0.029811634101619022,1.0
AMZN,2018-05-31,10,GARCH,81.48100280761719,82.59460531036595,86.19300079345703,3.598395483091082,0.04416238582123455,1.0
AMZN,2018-05-31,20,GARCH,81.48100280761719,83.72342744089784,85.07250213623047,1.3490746953326322,0.016556923072214902,1.0
AMZN,2018-09-21,1,GARCH,95.75050354003906,95.88920904837539,96.71800231933594,0.8287932709605457,0.008655758876651598,1.0
AMZN,2018-09-21,5,GARCH,95.75050354003906,96.44604330178437,100.1500015258789,3.703958224094535,0.038683433372710185,1.0
AMZN,2018-09-21,10,GARCH,95.75050354003906,97.14663552322735,94.48249816894533,2.664137354282019,0.027823742495181603,0.0
AMZN,2018-09-21,20,GARCH,95.75050354003906,98.56312441778859,88.20149993896484,10.361624478823742,0.10821483016526301,0.0
AMZN,2019-01-17,1,GARCH,84.66100311279297,84.78186314470835,84.80999755859375,0.028134413885396725,0.00033231845656156445,1.0
AMZN,2019-01-17,5,GARCH,84.66100311279297,85.26703110625814,83.52850341796875,1.7385276882893947,0.02053516523981136,0.0
AMZN,2019-01-17,10,GARCH,84.66100311279297,85.87739722371616,81.3115005493164,4.565896674399752,0.05393152108434929,0.0
AMZN,2019-01-17,20,GARCH,84.66100311279297,87.1112682670957,80.39749908447266,6.7137691826230395,0.07930179109357294,0.0
AMZN,2019-05-13,1,GARCH,91.13400268554688,91.26541322034207,92.00599670410156,0.7405834837594938,0.008126313581494182,1.0
AMZN,2019-05-13,5,GARCH,91.13400268554688,91.79295296598363,92.94850158691406,1.155548620930432,0.012679664964542425,1.0
AMZN,2019-05-13,10,GARCH,91.13400268554688,92.45666782889553,91.82150268554688,0.635165143348658,0.006969573645747351,1.0
AMZN,2019-05-13,20,GARCH,91.13400268554688,93.79852935372506,93.18499755859376,0.6135317951312942,0.00673219409936654,1.0
AMZN,2019-09-04,1,GARCH,90.03099822998047,90.15937247785511,92.03600311279295,1.8766306349378397,0.020844272215488013,1.0
AMZN,2019-09-04,5,GARCH,90.03099822998047,90.67470255608859,91.14949798583984,0.47479542975125355,0.005273688386064679,1.0
AMZN,2019-09-04,10,GARCH,90.03099822998047,91.32300924435636,90.8730010986328,0.4500081457235581,0.004998368945927201,1.0
AMZN,2019-09-04,20,GARCH,90.03099822998047,92.63356156666049,85.6614990234375,6.9720625432229895,0.0774406890992494,0.0
AMZN,2019-12-26,1,GARCH,93.4384994506836,93.56485536638925,93.48999786376952,0.07485750261973578,0.0008011419603248804,1.0
AMZN,2019-12-26,5,GARCH,93.4384994506836,94.07199003939934,93.74849700927734,0.3234930301219947,0.003462095731671333,1.0
AMZN,2019-12-26,10,GARCH,93.4384994506836,94.70977554218533,94.15799713134766,0.5517784108376702,0.005905257619519988,1.0
AMZN,2019-12-26,20,GARCH,93.4384994506836,95.99834796132848,91.41699981689452,4.58134814443396,0.04903062625542243,0.0
AMZN,2020-04-21,1,GARCH,116.40599822998048,116.56441528157953,118.17449951171876,1.6100842301392362,0.01383162598681742,1.0
AMZN,2020-04-21,5,GARCH,116.40599822998048,117.20024232334399,115.7040023803711,1.4962399429728919,0.01285363267979378,0.0
AMZN,2020-04-21,10,GARCH,116.40599822998048,117.99990558487268,115.88999938964844,2.109906195224241,0.018125407859616915,0.0
AMZN,2020-04-21,20,GARCH,116.40599822998048,119.61563776575846,122.46649932861328,2.850861562854817,0.024490675791658312,1.0
AMZN,2020-08-12,1,GARCH,158.11199951171875,158.33619897457112,158.05099487304688,0.28520410152424347,0.001803810605172429,0.0
AMZN,2020-08-12,5,GARCH,158.11199951171875,159.2361804379213,163.0240020751953,3.787821637274021,0.023956572865889703,1.0
AMZN,2020-08-12,10,GARCH,158.11199951171875,160.36835432328408,172.09249877929688,11.724144456012795,0.07415088350169041,1.0
AMZN,2020-08-12,20,GARCH,158.11199951171875,162.65690869624513,158.7554931640625,3.901415532182625,0.024675012296542675,1.0
AMZN,2020-12-03,1,GARCH,159.3365020751953,159.56357881208663,158.12899780273438,1.4345810093522573,0.009003467445740876,0.0
AMZN,2020-12-03,5,GARCH,159.3365020751953,160.4751265351059,155.07449340820312,5.400633126902761,0.033894512911762265,0.0
AMZN,2020-12-03,10,GARCH,159.3365020751953,161.6218876469689,161.8040008544922,0.18211320752328675,0.0011429471913306788,1.0
AMZN,2020-12-03,20,GARCH,159.3365020751953,163.94005282130468,159.3314971923828,4.608555628921863,0.028923414088423693,0.0
AMZN,2021-03-30,1,GARCH,152.76449584960938,152.97183745360837,154.70399475097656,1.7321572973681896,0.01133874260334311,1.0
AMZN,2021-03-30,5,GARCH,152.76449584960938,153.8040218627243,163.96949768066406,10.16547581793975,0.06654344493727948,1.0
AMZN,2021-03-30,10,GARCH,152.76449584960938,154.85062160279355,166.64999389648438,11.799372293690823,0.07723896988019274,1.0
AMZN,2021-03-30,20,GARCH,152.76449584960938,156.9652351314513,172.9250030517578,15.959767920306518,0.10447301797152053,1.0
AMZN,2021-07-22,1,GARCH,181.9015045166016,182.15473645729227,182.83200073242188,0.6772642751296019,0.0037232472426733665,1.0
AMZN,2021-07-22,5,GARCH,181.9015045166016,183.17119446852186,179.99600219726562,3.175192271256236,0.01745555804881449,0.0
AMZN,2021-07-22,10,GARCH,181.9015045166016,184.449746978112,168.79949951171875,15.650247466393239,0.08603693250357303,0.0
AMZN,2021-07-22,20,GARCH,181.9015045166016,187.03368754811189,159.3874969482422,27.646190599869698,0.1519843976735581,0.0
AMZN,2021-11-11,1,GARCH,173.625,173.86088623692254,176.25750732421875,2.396621087296211,0.013803433188171121,1.0
AMZN,2021-11-11,5,GARCH,173.625,174.80764028258616,184.8029937744141,9.995353491827927,0.05756863062247897,1.0
AMZN,2021-11-11,10,GARCH,173.625,175.99833607583034,175.22799682617188,0.7703392496584627,0.00443679913410211,1.0
AMZN,2021-11-11,20,GARCH,173.625,178.40411404729116,172.21200561523438,6.192108432056784,0.03566369147332915,0.0
AMZN,2022-03-08,1,GARCH,136.01449584960938,136.18702332431704,139.2790069580078,3.0919836336907736,0.02273275075848935,1.0
AMZN,2022-03-08,5,GARCH,136.01449584960938,136.87932442413782,147.3665008544922,10.487176430354367,0.07710337317244487,1.0
AMZN,2022-03-08,10,GARCH,136.01449584960938,137.74965188655054,164.88900756835938,27.139355681808837,0.1995328182653171,1.0
AMZN,2022-03-08,20,GARCH,136.01449584960938,139.50694355288715,164.05499267578125,24.5480491228941,0.18048112423279328,1.0
AMZN,2022-06-30,1,GARCH,106.20999908447266,106.34361984662613,109.55999755859376,3.216377711967638,0.030283191222038708,1.0
AMZN,2022-06-30,5,GARCH,106.20999908447266,106.8797860686493,115.54000091552734,8.660214846878048,0.08153860202927099,1.0
AMZN,2022-06-30,10,GARCH,106.20999908447266,107.55379689811392,113.5500030517578,5.996206153643882,0.056456136007259294,1.0
AMZN,2022-06-30,20,GARCH,106.20999908447266,108.91459680741016,134.9499969482422,26.035400140832024,0.2451313470036387,1.0
AMZN,2022-10-21,1,GARCH,119.31999969482422,119.46764931463831,119.81999969482422,0.3523503801859107,0.0029529867674076282,1.0
AMZN,2022-10-21,5,GARCH,119.31999969482422,120.0600771103016,103.41000366210938,16.65007344819223,0.13954134672122764,0.0
AMZN,2022-10-21,10,GARCH,119.31999969482422,120.80474482566417,90.9800033569336,29.82474146873058,0.24995592981068615,0.0
AMZN,2022-10-21,20,GARCH,119.31999969482422,122.30796521722479,94.13999938964844,28.167965827576353,0.23607078360391753,0.0
AMZN,2023-02-15,1,GARCH,101.16000366210938,101.2820704093895,98.1500015258789,3.1320688835105983,0.030961533907928773,0.0
AMZN,2023-02-15,5,GARCH,101.16000366210938,101.77181211982644,95.81999969482422,5.951812425002217,0.058835628801302,0.0
AMZN,2023-02-15,10,GARCH,101.16000366210938,102.38732075128199,92.12999725341795,10.257323497864036,0.10139702576647924,0.0
AMZN,2023-02-15,20,GARCH,101.16000366210938,103.62952818429451,100.04000091552734,3.5895272687671707,0.035483660921531435,0.0
AMZN,2023-06-09,1,GARCH,123.43000030517578,123.58074773307612,126.56999969482422,2.9892519617480957,0.02421819617886478,1.0
AMZN,2023-06-09,5,GARCH,123.43000030517578,124.18558080189484,125.48999786376952,1.3044170618746733,0.010568071446565241,1.0
AMZN,2023-06-09,10,GARCH,123.43000030517578,124.94578660757941,127.33000183105467,2.384215223475266,0.01931633490707596,1.0
AMZN,2023-06-09,20,GARCH,123.43000030517578,126.48018757504722,128.77999877929688,2.29981120424965,0.018632513963894093,1.0
AMZN,2023-10-03,1,GARCH,124.72000122070312,124.86691268936622,127.0,2.1330873106337833,0.017103009058339502,1.0
AMZN,2023-10-03,5,GARCH,124.72000122070312,125.45629111835115,129.47999572753906,4.0237046091879165,0.032261903221662225,1.0
AMZN,2023-10-03,10,GARCH,124.72000122070312,126.19692773511454,131.47000122070312,5.273073485588583,0.042279293088342884,1.0
AMZN,2023-10-03,20,GARCH,124.72000122070312,127.69134392165252,133.08999633789062,5.398652416238107,0.04328617995027684,1.0
AMZN,2024-01-26,1,GARCH,159.1199951171875,159.3163981859304,161.25999450683594,1.9435963209055274,0.012214657997406952,1.0
AMZN,2024-01-26,5,GARCH,159.1199951171875,160.10443767359604,171.80999755859375,11.705559884997712,0.07356435548138918,1.0
AMZN,2024-01-26,10,GARCH,159.1199951171875,161.094970772844,174.4499969482422,13.355026175398194,0.08393053409511841,1.0
AMZN,2024-01-26,20,GARCH,159.1199951171875,163.09445955670643,174.72999572753906,11.635536170832637,0.07312428687710426,1.0
AMZN,2024-05-20,1,GARCH,183.5399932861328,183.76671433694227,183.1499938964844,0.6167204404578683,0.0033601420018384287,0.0
AMZN,2024-05-20,5,GARCH,183.5399932861328,184.6764026140476,182.1499938964844,2.5264087175631857,0.013764894900178959,0.0
AMZN,2024-05-20,10,GARCH,183.5399932861328,185.819848153185,179.33999633789062,6.479851815294381,0.03530484936431544,0.0
AMZN,2024-05-20,20,GARCH,183.5399932861328,188.12802239696683,182.80999755859372,5.3180248383731055,0.02897474682851542,0.0
AMZN,2024-09-12,1,GARCH,187.0,187.22878441544938,186.4900054931641,0.7387789222852916,0.003950689423985465,0.0
AMZN,2024-09-12,5,GARCH,187.0,188.14672455777782,189.8699951171875,1.7232705594096842,0.009215350585078497,1.0
AMZN,2024-09-12,10,GARCH,187.0,189.30048107925302,191.16000366210935,1.8595225828563287,0.009943971031317167,1.0
AMZN,2024-09-12,20,GARCH,187.0,191.6292627638322,186.6499938964844,4.979268867347798,0.02662710624250164,0.0
AMZN,2025-01-06,1,GARCH,227.6100006103516,227.89529482524378,222.1100006103516,5.78529421489219,0.02541757479626794,0.0
AMZN,2025-01-06,5,GARCH,227.6100006103516,229.0400521458341,217.75999450683597,11.28005763899813,0.049558708355300296,0.0
AMZN,2025-01-06,10,GARCH,227.6100006103516,230.47908855627225,235.00999450683597,4.530905950563721,0.01990644496469307,1.0
AMZN,2025-01-06,20,GARCH,227.6100006103516,233.3843421610802,236.1699981689453,2.7856560078651,0.01223872413512228,1.0
AMZN,2025-05-01,1,GARCH,190.1999969482422,190.43417115146045,189.97999572753903,0.45417542392141286,0.002387883444840533,0.0
AMZN,2025-05-01,5,GARCH,190.1999969482422,191.37375466863952,192.0800018310547,0.7062471624151669,0.0037131817757460883,1.0
AMZN,2025-05-01,10,GARCH,190.1999969482422,192.55475585490592,205.1699981689453,12.615242314039392,0.066326196195851,1.0
AMZN,2025-05-01,20,GARCH,190.1999969482422,194.93866770372253,205.00999450683597,10.071326803113436,0.05295124587122935,1.0
AMZN,2025-08-25,1,GARCH,227.94000244140625,228.225407565519,228.7100067138672,0.4845991483481953,0.0021259943105982337,1.0
AMZN,2025-08-25,5,GARCH,227.94000244140625,229.37060611494638,225.33999633789065,4.03060977705573,0.017682766227449798,0.0
AMZN,2025-08-25,10,GARCH,227.94000244140625,230.81018858487516,238.2400054931641,7.429816908288927,0.032595493676889076,1.0
AMZN,2025-08-25,20,GARCH,227.94000244140625,233.71651567951508,220.7100067138672,13.006508965647896,0.05706110742449133,0.0
AMZN,2025-12-16,1,GARCH,222.55999755859372,222.83216052673748,221.2700042724609,1.562156254276573,0.007019034289238446,0.0
AMZN,2025-12-16,5,GARCH,222.55999755859372,223.9241446835974,232.13999938964844,8.215854706051033,0.03691523542494668,1.0
AMZN,2025-12-16,10,GARCH,222.55999755859372,225.29665313767666,230.82000732421875,5.523354186542093,0.024817371707096303,1.0
AMZN,2025-12-16,20,GARCH,222.55999755859372,228.0669593450877,238.17999267578125,10.113033330693554,0.045439582322205574,1.0
AMZN,2026-04-13,1,GARCH,239.88999938964844,240.18387934253266,249.0200042724609,8.836124929928246,0.03683406958360069,1.0
AMZN,2026-04-13,5,GARCH,239.88999938964844,241.36300377680058,248.27999877929688,6.916995002496293,0.028834028179979043,1.0
AMZN,2026-04-13,10,GARCH,239.88999938964844,242.8450529008325,261.1199951171875,18.274942216354987,0.07618050882842908,1.0
AMZN,2026-04-13,20,GARCH,239.88999938964844,245.83650785132699,268.989990234375,23.153482383048015,0.09651708050338637,1.0
AMZN,2026-08-06,1,GARCH,272.260009765625,272.591357015003,274.4800109863281,1.888653971325141,0.006936949620148125,1.0
AMZN,2026-08-06,5,GARCH,272.260009765625,273.92078350224716,265.1300048828125,8.790778619434661,0.0322881741868819,0.0
AMZN,2026-08-06,10,GARCH,272.260009765625,275.59168788349336,260.1099853515625,15.481702531930864,0.056863666997067464,0.0
AMZN,2026-08-06,20,GARCH,272.260009765625,278.9641361427079,258.8999938964844,20.064142246223525,0.07369478265829688,0.0
ENPH,2013-06-11,1,GARCH,6.800000190734863,6.781909821846874,6.170000076293945,0.6119097455529285,0.08998672476313574,1.0
ENPH,2013-06-11,5,GARCH,6.800000190734863,6.710028334479316,6.909999847412109,0.1999715129327937,0.02940757460643295,0.0
ENPH,2013-06-11,10,GARCH,6.800000190734863,6.621246909795976,6.820000171661377,0.19875326186540132,0.029228420042723968,0.0
ENPH,2013-06-11,20,GARCH,6.800000190734863,6.447192560408584,7.980000019073486,1.5328074586649025,0.22541285524570776,0.0
ENPH,2013-09-16,1,GARCH,8.140000343322754,8.129634969727979,8.079999923706055,0.04963504602192437,0.006097671244281955,1.0
ENPH,2013-09-16,5,GARCH,8.140000343322754,8.088305298737508,8.520000457763672,0.4316951590261642,0.0530338010833481,0.0
ENPH,2013-09-16,10,GARCH,8.140000343322754,8.036938556059136,8.119999885559082,0.08306132949994627,0.010204094102782446,1.0
ENPH,2013-09-16,20,GARCH,8.140000343322754,7.935181649820822,8.75,0.8148183501791779,0.10010053019808218,0.0
ENPH,2013-12-20,1,GARCH,5.699999809265137,5.689382732283627,5.610000133514404,0.07938259876922249,0.013926772179919888,1.0
ENPH,2013-12-20,5,GARCH,5.699999809265137,5.647111814815789,6.389999866485596,0.7428880516698069,0.13033124149623143,0.0
ENPH,2013-12-20,10,GARCH,5.699999809265137,5.594714546691085,7.539999961853027,1.9452854151619423,0.3412781544308042,0.0
ENPH,2013-12-20,20,GARCH,5.699999809265137,5.491374018658473,8.079999923706055,2.5886259050475813,0.45414491081909614,0.0
ENPH,2014-03-31,1,GARCH,7.360000133514404,7.352287394538738,7.900000095367432,0.5477127008286935,0.07441748517566416,0.0
ENPH,2014-03-31,5,GARCH,7.360000133514404,7.321517177816468,7.739999771118164,0.4184825933016958,0.05685904697149369,0.0
ENPH,2014-03-31,10,GARCH,7.360000133514404,7.283235436500651,7.210000038146973,0.07323539835367843,0.009950461552329926,1.0
ENPH,2014-03-31,20,GARCH,7.360000133514404,7.207271394188081,7.320000171661377,0.11272877747329613,0.015316409704936751,1.0
ENPH,2014-07-08,1,GARCH,9.15999984741211,9.152775814023231,9.260000228881836,0.10722441485860479,0.011705722341130653,0.0
ENPH,2014-07-08,5,GARCH,9.15999984741211,9.123936607889656,9.539999961853027,0.4160633539633718,0.04542176428975797,0.0
ENPH,2014-07-08,10,GARCH,9.15999984741211,9.08801535060154,11.59000015258789,2.5019848019863513,0.2731424501817229,0.0
ENPH,2014-07-08,20,GARCH,9.15999984741211,9.016596548972998,9.699999809265137,0.6834032602921383,0.07460734406946679,0.0
ENPH,2014-10-10,1,GARCH,10.550000190734863,10.5470895893348,10.140000343322754,0.40708924601204544,0.03858665769215397,1.0
ENPH,2014-10-10,5,GARCH,10.550000190734863,10.535455211472442,12.020000457763672,1.4845452462912299,0.14071518667790883,0.0
ENPH,2014-10-10,10,GARCH,10.550000190734863,10.520930284951055,13.399999618530272,2.879069333579217,0.27289756223015527,0.0
ENPH,2014-10-10,20,GARCH,10.550000190734863,10.491940479584972,11.800000190734863,1.308059711149891,0.12398670023709057,0.0
ENPH,2015-01-20,1,GARCH,10.600000381469728,10.5995412594867,10.43000030517578,0.16954095431091964,0.01599442907637072,1.0
ENPH,2015-01-20,5,GARCH,10.600000381469728,10.597704970407278,12.130000114440918,1.5322951440336396,0.14455614046130638,0.0
ENPH,2015-01-20,10,GARCH,10.600000381469728,10.595410056411977,13.65999984741211,3.0645897910001327,0.2891122340294874,0.0
ENPH,2015-01-20,20,GARCH,10.600000381469728,10.590821719192279,14.06999969482422,3.4791779756319414,0.3282243255117261,0.0
ENPH,2015-04-27,1,GARCH,13.0,13.004802411787482,13.210000038146973,0.20519762635949057,0.015784432796883907,1.0
ENPH,2015-04-27,5,GARCH,13.0,13.024029806383915,12.18000030517578,0.8440295012081354,0.06492534624677959,0.0
ENPH,2015-04-27,10,GARCH,13.0,13.048104030582813,10.579999923706056,2.4681041068767566,0.18985416206744288,0.0
ENPH,2015-04-27,20,GARCH,13.0,13.096386060993193,9.789999961853027,3.306386099140166,0.25433739224155116,0.0
ENPH,2015-08-03,1,GARCH,5.46999979019165,5.465718268492157,5.639999866485596,0.17428159799343845,0.03186135368888787,0.0
ENPH,2015-08-03,5,GARCH,5.46999979019165,5.4486256681399965,6.139999866485596,0.6913741983455992,0.12639382538648603,0.0
ENPH,2015-08-03,10,GARCH,5.46999979019165,5.427335065852693,5.599999904632568,0.17266483877987504,0.03156578526556497,0.0
ENPH,2015-08-03,20,GARCH,5.46999979019165,5.385003116426486,4.599999904632568,0.7850032117939181,0.14351064751437848,1.0
ENPH,2015-11-05,1,GARCH,2.299999952316284,2.2976012911564863,2.190000057220459,0.10760123393602727,0.04678314615948753,1.0
ENPH,2015-11-05,5,GARCH,2.299999952316284,2.2880316359878385,1.8600000143051147,0.4280316216827238,0.18610070893769437,1.0
ENPH,2015-11-05,10,GARCH,2.299999952316284,2.27612559818057,1.7300000190734863,0.5461255791070836,0.23744590888234207,1.0
ENPH,2015-11-05,20,GARCH,2.299999952316284,2.2524990635219058,2.0799999237060547,0.17249913981585108,0.07499962756178791,1.0
ENPH,2016-02-16,1,GARCH,2.130000114440918,2.12730468998555,2.240000009536743,0.11269531955119305,0.05290859788557967,0.0
ENPH,2016-02-16,5,GARCH,2.130000114440918,2.1165570584761753,2.3499999046325684,0.2334428461563931,0.1095975744666412,0.0
ENPH,2016-02-16,10,GARCH,2.130000114440918,2.1031988455837154,2.440000057220459,0.3368012116367436,0.158122626075608,0.0
ENPH,2016-02-16,20,GARCH,2.130000114440918,2.076734810517012,2.6700000762939453,0.5932652657769335,0.2785282788271838,0.0
ENPH,2016-05-20,1,GARCH,1.850000023841858,1.847470466630225,1.9800000190734863,0.13252955244326126,0.07163759499204747,0.0
ENPH,2016-05-20,5,GARCH,1.850000023841858,1.8373867778729718,2.109999895095825,0.2726131172228534,0.14735843984300234,0.0
ENPH,2016-05-20,10,GARCH,1.850000023841858,1.8248595286456104,2.289999961853028,0.4651404332074174,0.2514272579529321,0.0
ENPH,2016-05-20,20,GARCH,1.850000023841858,1.8000606791199396,2.140000104904175,0.3399394257842352,0.18375103859636155,0.0
ENPH,2016-08-26,1,GARCH,1.809999942779541,1.8075308229568265,1.840000033378601,0.03246921042177453,0.017938790855381415,0.0
ENPH,2016-08-26,5,GARCH,1.809999942779541,1.7976879803616685,1.8200000524520876,0.022312072090419077,0.012327112041868538,0.0
ENPH,2016-08-26,10,GARCH,1.809999942779541,1.7854597662440008,1.7999999523162842,0.014540186072283356,0.008033252227596543,1.0
ENPH,2016-08-26,20,GARCH,1.809999942779541,1.761252308097098,1.2000000476837158,0.5612522604133823,0.31008413157819814,1.0
ENPH,2016-12-01,1,GARCH,1.1100000143051147,1.1081283889473854,1.1399999856948853,0.03187159674749984,0.028713149852932274,0.0
ENPH,2016-12-01,5,GARCH,1.1100000143051147,1.100673392740469,1.340000033378601,0.23932664063813203,0.2156095833818128,0.0
ENPH,2016-12-01,10,GARCH,1.1100000143051147,1.091425136823291,1.1799999475479126,0.08857481072462159,0.07979712575055375,0.0
ENPH,2016-12-01,20,GARCH,1.1100000143051147,1.0731610936378804,1.0099999904632568,0.06316110317462353,0.05690189401859047,1.0
ENPH,2017-03-13,1,GARCH,1.2300000190734863,1.2278345205810195,1.2799999713897705,0.05216545080875101,0.04241093495920867,0.0
ENPH,2017-03-13,5,GARCH,1.2300000190734863,1.2192105846187546,1.340000033378601,0.12078944875984643,0.09820280234697287,0.0
ENPH,2017-03-13,10,GARCH,1.2300000190734863,1.208515793980322,1.2400000095367432,0.031484215556421224,0.02559692281967363,0.0
ENPH,2017-03-13,20,GARCH,1.2300000190734863,1.187406830611301,1.350000023841858,0.16259319323055688,0.132189585942472,0.0
ENPH,2017-06-16,1,GARCH,0.7699999809265137,0.7685909199349705,0.800000011920929,0.031409091985958426,0.04079102956361769,0.0
ENPH,2017-06-16,5,GARCH,0.7699999809265137,0.7629804139294717,0.8899999856948853,0.12701957176541356,0.16496048689842235,0.0
ENPH,2017-06-16,10,GARCH,0.7699999809265137,0.7560248395584642,0.8700000047683716,0.11397516520990736,0.1480196987443625,0.0
ENPH,2017-06-16,20,GARCH,0.7699999809265137,0.7423033405035249,0.800000011920929,0.05769667141740409,0.07493074395661636,0.0
ENPH,2017-09-22,1,GARCH,1.409999966621399,1.4079645061421784,1.3600000143051147,0.04796449183706364,0.03401737090249357,1.0
ENPH,2017-09-22,5,GARCH,1.409999966621399,1.3998520055220576,1.5199999809265137,0.1201479754044561,0.08521133209127041,0.0
ENPH,2017-09-22,10,GARCH,1.409999966621399,1.389777080675845,1.4900000095367432,0.10022292886089823,0.07108009307337049,0.0
ENPH,2017-09-22,20,GARCH,1.409999966621399,1.369844240918694,1.3700000047683716,0.000155763849677637,0.00011047081798931657,1.0
ENPH,2017-12-28,1,GARCH,2.490000009536743,2.486869278020212,2.4100000858306885,0.0768691921895237,0.030871161403659975,1.0
ENPH,2017-12-28,5,GARCH,2.490000009536743,2.4743856658654173,2.470000028610229,0.004385637255188257,0.001761300095739382,1.0
ENPH,2017-12-28,10,GARCH,2.490000009536743,2.458869236944033,2.240000009536743,0.21886922740728965,0.08789928777872158,1.0
ENPH,2017-12-28,20,GARCH,2.490000009536743,2.428127671178032,2.0299999713897705,0.3981276997882617,0.15989064187286173,1.0
ENPH,2018-04-09,1,GARCH,4.150000095367432,4.14570967265885,4.0,0.1457096726588496,0.03511076368925936,1.0
ENPH,2018-04-09,5,GARCH,4.150000095367432,4.12859229195909,3.9600000381469727,0.1685922538121174,0.04062463853924092,1.0
ENPH,2018-04-09,10,GARCH,4.150000095367432,4.107294920848636,4.960000038146973,0.8527051172983366,0.20547110788026146,0.0
ENPH,2018-04-09,20,GARCH,4.150000095367432,4.0650291997970145,4.590000152587891,0.5249709527908761,0.12649902186192508,0.0
ENPH,2018-07-13,1,GARCH,7.039999961853027,7.033627074790511,6.730000019073486,0.3036270557170244,0.04312884337532086,1.0
ENPH,2018-07-13,5,GARCH,7.039999961853027,7.008193164241082,6.760000228881836,0.24819293535924647,0.03525467850910602,1.0
ENPH,2018-07-13,10,GARCH,7.039999961853027,6.9765300700921795,5.590000152587891,1.386529917504289,0.19695027343996385,1.0
ENPH,2018-07-13,20,GARCH,7.039999961853027,6.913632398101497,5.710000038146973,1.2036323599545247,0.17097050660178004,1.0
ENPH,2018-10-18,1,GARCH,4.869999885559082,4.864323680401028,4.739999771118164,0.12432390928286363,0.025528524066605995,1.0
ENPH,2018-10-18,5,GARCH,4.869999885559082,4.841684941441448,4.400000095367432,0.4416848460740166,0.09069504239286252,1.0
ENPH,2018-10-18,10,GARCH,4.869999885559082,4.813534624855483,4.909999847412109,0.0964652225566267,0.01980805437853772,0.0
ENPH,2018-10-18,20,GARCH,4.869999885559082,4.7577240511624055,5.539999961853027,0.7822759106906219,0.1606316076126183,0.0
ENPH,2019-01-28,1,GARCH,6.900000095367432,6.89325569513527,7.099999904632568,0.20674420949729821,0.029962928498523222,0.0
ENPH,2019-01-28,5,GARCH,6.900000095367432,6.866343952894183,7.0,0.13365604710581724,0.01937044134181276,0.0
ENPH,2019-01-28,10,GARCH,6.900000095367432,6.832851975045648,7.730000019073486,0.8971480440278388,0.13002145385913433,0.0
ENPH,2019-01-28,20,GARCH,6.900000095367432,6.766357314144217,8.09000015258789,1.323642838443674,0.19183229277523506,0.0
ENPH,2019-05-06,1,GARCH,13.75,13.74184655828872,14.210000038146973,0.46815347985825184,0.03404752580787296,0.0
ENPH,2019-05-06,5,GARCH,13.75,13.709281110864042,13.6899995803833,0.019281530480741438,0.001402293125872145,1.0
ENPH,2019-05-06,10,GARCH,13.75,13.668682805577719,14.3100004196167,0.6413176140389805,0.04664128102101661,0.0
ENPH,2019-05-06,20,GARCH,13.75,13.58784651923607,15.970000267028809,2.3821537477927386,0.1732475452940173,0.0
ENPH,2019-08-09,1,GARCH,31.850000381469727,31.84713570839066,30.899999618530277,0.9471360898603827,0.02973739649973206,1.0
ENPH,2019-08-09,5,GARCH,31.850000381469727,31.83567959240522,32.029998779296875,0.19431918689165428,0.006101073298721449,0.0
ENPH,2019-08-09,10,GARCH,31.850000381469727,31.8213652424301,33.400001525878906,1.5786362834488052,0.04956471788198957,0.0
ENPH,2019-08-09,20,GARCH,31.850000381469727,31.792755848168433,23.799999237060547,7.992756611107886,0.2509499690856537,1.0
ENPH,2019-11-14,1,GARCH,18.989999771118164,18.987826080553305,19.31999969482422,0.3321736142709142,0.017492028345156396,0.0
ENPH,2019-11-14,5,GARCH,18.989999771118164,18.979133806124267,18.81999969482422,0.15913411130004818,0.008379890111535171,1.0
ENPH,2019-11-14,10,GARCH,18.989999771118164,18.96827405857095,21.8700008392334,2.9017267806624467,0.15280288655272523,0.0
ENPH,2019-11-14,20,GARCH,18.989999771118164,18.94657320155778,24.6200008392334,5.673427637675619,0.2987586996343371,0.0
ENPH,2020-02-24,1,GARCH,55.2599983215332,55.2790918115953,50.900001525878906,4.379090285716394,0.07924521206527058,0.0
ENPH,2020-02-24,5,GARCH,55.2599983215332,55.35553176666077,51.400001525878906,3.9555302407818616,0.07158035397986073,0.0
ENPH,2020-02-24,10,GARCH,55.2599983215332,55.451230369939154,43.380001068115234,12.07122930182392,0.2184442574823625,0.0
ENPH,2020-02-24,20,GARCH,55.2599983215332,55.64312419354324,27.51000022888184,28.133123964661397,0.5091046836622639,0.0
ENPH,2020-06-01,1,GARCH,59.68000030517578,59.70799382148155,56.95000076293945,2.757993058542098,0.04621302018161877,0.0
ENPH,2020-06-01,5,GARCH,59.68000030517578,59.82009925476937,52.900001525878906,6.920097728890461,0.1159533795828468,0.0
ENPH,2020-06-01,10,GARCH,59.68000030517578,59.960527086996635,50.45000076293945,9.510526324057182,0.15935868423969113,0.0
ENPH,2020-06-01,20,GARCH,59.68000030517578,60.24237248937572,47.45000076293945,12.792371726436265,0.21434939110291595,0.0
ENPH,2020-09-03,1,GARCH,67.80000305175781,67.83926756398826,66.16000366210938,1.6792639018788833,0.02476790304267318,0.0
ENPH,2020-09-03,5,GARCH,67.80000305175781,67.99655313428828,65.0999984741211,2.896554660167183,0.042722043212239824,0.0
ENPH,2020-09-03,10,GARCH,67.80000305175781,68.19367300934388,68.2699966430664,0.07632363372252371,0.0011257172608718502,1.0
ENPH,2020-09-03,20,GARCH,67.80000305175781,68.58962874906166,90.43000030517578,21.84037155611412,0.32212935948456245,1.0
ENPH,2020-12-10,1,GARCH,131.2100067138672,131.33858692515497,139.91000366210938,8.571416736954404,0.06532593779715512,1.0
ENPH,2020-12-10,5,GARCH,131.2100067138672,131.8541690369272,163.52000427246094,31.665835235533734,0.2413370445486538,1.0
ENPH,2020-12-10,10,GARCH,131.2100067138672,132.50149381008413,181.38999938964844,48.88850557956431,0.3725973864644079,1.0
ENPH,2020-12-10,20,GARCH,131.2100067138672,133.8056928858327,201.67999267578125,67.87429978994854,0.5172951476022989,1.0
ENPH,2021-03-19,1,GARCH,154.9499969482422,155.11763389764675,161.11000061035156,5.992366712704808,0.03867290629703213,1.0
ENPH,2021-03-19,5,GARCH,154.9499969482422,155.78999728525523,152.07000732421875,3.7199899610364753,0.02400768011811616,0.0
ENPH,2021-03-19,10,GARCH,154.9499969482422,156.63455135302064,149.4199981689453,7.214553184075328,0.04656052485425477,0.0
ENPH,2021-03-19,20,GARCH,154.9499969482422,158.33741955966127,141.13999938964844,17.197420170012833,0.11098690228278796,0.0
ENPH,2021-06-25,1,GARCH,175.38999938964844,175.6070052496731,188.3300018310547,12.72299658138158,0.07254117467163002,1.0
ENPH,2021-06-25,5,GARCH,175.38999938964844,176.47771697557744,186.41000366210935,9.93228668653191,0.05662972074289274,1.0
ENPH,2021-06-25,10,GARCH,175.38999938964844,177.57218026850717,185.72000122070312,8.147820952195957,0.04645544774816179,1.0
ENPH,2021-06-25,20,GARCH,175.38999938964844,179.78151157444057,176.67999267578125,3.1015188986593216,0.017683556128927025,1.0
ENPH,2021-09-30,1,GARCH,149.97000122070312,150.12756715369846,155.36000061035156,5.232433456653098,0.03488986740056643,1.0
ENPH,2021-09-30,5,GARCH,149.97000122070312,150.7594880918708,157.22999572753906,6.47050763566827,0.04314534628926192,1.0
ENPH,2021-09-30,10,GARCH,149.97000122070312,151.55313105768857,173.77999877929688,22.2268677216083,0.14820875868966743,1.0
ENPH,2021-09-30,20,GARCH,149.97000122070312,153.1529729041449,224.4600067138672,71.3070338097223,0.4754753165920389,1.0
ENPH,2022-01-06,1,GARCH,151.49000549316406,151.64134056655647,145.1300048828125,6.511335683743965,0.042981948957931615,0.0
ENPH,2022-01-06,5,GARCH,151.49000549316406,152.24819417413494,143.49000549316406,8.758188680970875,0.05781364026266467,0.0
ENPH,2022-01-06,10,GARCH,151.49000549316406,153.01017749537982,126.0199966430664,26.990180852313415,0.17816476251650382,0.0
ENPH,2022-01-06,20,GARCH,151.49000549316406,154.54560412055767,141.22999572753906,13.315608393018607,0.08789760320933826,0.0
ENPH,2022-04-13,1,GARCH,193.22999572753903,193.4129238467614,190.50999450683597,2.9029293399254357,0.01502318172184125,0.0
ENPH,2022-04-13,5,GARCH,193.22999572753903,194.14636971863115,156.55999755859375,37.5863721600374,0.19451623966827325,0.0
ENPH,2022-04-13,10,GARCH,193.22999572753903,195.06708952202013,164.47000122070312,30.597088301317,0.15834543796430012,0.0
ENPH,2022-04-13,20,GARCH,193.22999572753903,196.9216491017537,140.94000244140625,55.98164666034745,0.2897150954724622,0.0
ENPH,2022-07-22,1,GARCH,211.5399932861328,211.7630185131365,218.5500030517578,6.7869845386213115,0.032083694592166756,1.0
ENPH,2022-07-22,5,GARCH,211.5399932861328,212.65747324179665,284.17999267578125,71.5225194339846,0.33810400729871426,1.0
ENPH,2022-07-22,10,GARCH,211.5399932861328,213.78085639066722,300.9100036621094,87.12914727144215,0.4118802592263946,1.0
ENPH,2022-07-22,20,GARCH,211.5399932861328,216.0454571694601,283.70001220703125,67.65455503757116,0.31981921709745165,1.0
ENPH,2022-10-26,1,GARCH,291.8699951171875,292.19188667743896,306.0799865722656,13.888099894826667,0.04758317102534115,1.0
ENPH,2022-10-26,5,GARCH,291.8699951171875,293.4830068470153,289.5,3.9830068470153037,0.013646510136871348,0.0
ENPH,2022-10-26,10,GARCH,291.8699951171875,295.1049328430715,284.75,10.35493284307148,0.03547789432385451,0.0
ENPH,2022-10-26,20,GARCH,291.8699951171875,298.3757249639444,315.7799987792969,17.404273815352497,0.059630226150394705,1.0
ENPH,2023-02-03,1,GARCH,222.92999267578125,223.14811860079544,222.9900054931641,0.1581131076313511,0.0007092500463197204,1.0
ENPH,2023-02-03,5,GARCH,222.92999267578125,224.02275864396964,212.07000732421875,11.952751319750888,0.053616613791103385,0.0
ENPH,2023-02-03,10,GARCH,222.92999267578125,225.12088117027244,204.9900054931641,20.13087567710835,0.09030133377515392,0.0
ENPH,2023-02-03,20,GARCH,222.92999267578125,227.33330105377811,225.3500061035156,1.9832949502625183,0.008896492241611043,1.0
ENPH,2023-05-11,1,GARCH,160.7899932861328,160.93064201176796,167.5500030517578,6.619361039989855,0.04116774249881594,1.0
ENPH,2023-05-11,5,GARCH,160.7899932861328,161.49446829539522,163.72000122070312,2.2255329253079026,0.013841240240289432,1.0
ENPH,2023-05-11,10,GARCH,160.7899932861328,162.20202984647858,164.58999633789062,2.387966491412044,0.014851462100396784,1.0
ENPH,2023-05-11,20,GARCH,160.7899932861328,163.6264667260669,174.5800018310547,10.953535104987793,0.06812323877329529,1.0
ENPH,2023-08-18,1,GARCH,130.33999633789062,130.4286072893456,130.16000366210938,0.26860362723621733,0.0020607920422207604,0.0
ENPH,2023-08-18,5,GARCH,130.33999633789062,130.7836539216827,124.08999633789062,6.693657583792088,0.05135536114670125,0.0
ENPH,2023-08-18,10,GARCH,130.33999633789062,131.2288216486172,128.72999572753906,2.4988259210781507,0.019171597293897835,0.0
ENPH,2023-08-18,20,GARCH,130.33999633789062,132.12370811060347,117.16000366210938,14.963704448494099,0.1148051624130978,0.0
ENPH,2023-11-22,1,GARCH,100.1999969482422,100.25929048307725,100.22000122070312,0.03928926237412611,0.0003921084188696078,1.0
ENPH,2023-11-22,5,GARCH,100.1999969482422,100.496815700704,101.0199966430664,0.5231809423624014,0.0052213668492688825,1.0
ENPH,2023-11-22,10,GARCH,100.1999969482422,100.7945137084003,107.16999816894533,6.3754844605450245,0.06362759136448126,1.0
ENPH,2023-11-22,20,GARCH,100.1999969482422,101.39255791555316,133.86000061035156,32.46744269479841,0.32402638406834794,1.0
ENPH,2024-03-04,1,GARCH,123.97000122070312,124.03399092850316,125.08999633789062,1.056005409387467,0.008518233435421685,1.0
ENPH,2024-03-04,5,GARCH,123.97000122070312,124.29028022649078,128.69000244140625,4.399722214915471,0.03549021675883246,1.0
ENPH,2024-03-04,10,GARCH,123.97000122070312,124.61138667956843,111.19000244140624,13.42138423816219,0.10826316129712843,0.0
ENPH,2024-03-04,20,GARCH,123.97000122070312,125.25609048402374,113.5500030517578,11.706087432265946,0.09442677516333697,0.0
ENPH,2024-06-07,1,GARCH,122.75,122.80682194874257,130.6699981689453,7.863176220202746,0.06405846207904475,1.0
ENPH,2024-06-07,5,GARCH,122.75,123.03437289880947,124.61000061035156,1.5756277115420971,0.012836070969793001,1.0
ENPH,2024-06-07,10,GARCH,122.75,123.31940459961957,108.0199966430664,15.299407956553168,0.12463876135684859,0.0
ENPH,2024-06-07,20,GARCH,122.75,123.89145051572036,103.58999633789062,20.30145417782974,0.16538862873995708,0.0
ENPH,2024-09-16,1,GARCH,111.48999786376952,111.53279725983982,118.52999877929688,6.99720151945705,0.06276080055187538,1.0
ENPH,2024-09-16,5,GARCH,111.48999786376952,111.70415920789101,117.0,5.29584079210899,0.04750059102682935,1.0
ENPH,2024-09-16,10,GARCH,111.48999786376952,111.91873193493649,113.0199966430664,1.1012647081299178,0.009877699607417467,1.0
ENPH,2024-09-16,20,GARCH,111.48999786376952,112.3491147002222,101.47000122070312,10.879113479519077,0.09757927785425513,0.0
ENPH,2024-12-19,1,GARCH,65.80000305175781,65.81860203606965,71.44999694824219,5.631394912172539,0.08558350533423109,1.0
ENPH,2024-12-19,5,GARCH,65.80000305175781,65.89305055994215,72.12999725341797,6.236946693475815,0.09478641951687883,1.0
ENPH,2024-12-19,10,GARCH,65.80000305175781,65.98622964621732,71.37999725341797,5.393767607200644,0.08197214828330535,1.0
ENPH,2024-12-19,20,GARCH,65.80000305175781,66.17298329755945,60.9900016784668,5.182981619092658,0.07876871396215224,0.0
ENPH,2025-04-01,1,GARCH,62.38999938964844,62.40327233818801,62.52000045776367,0.11672811957566154,0.0018709427907932508,1.0
ENPH,2025-04-01,5,GARCH,62.38999938964844,62.45639237543777,49.52000045776367,12.9363919176741,0.20734720378632465,0.0
ENPH,2025-04-01,10,GARCH,62.38999938964844,62.52285601403373,53.06999969482422,9.45285631920951,0.1515123643482179,0.0
ENPH,2025-04-01,20,GARCH,62.38999938964844,62.655995550469285,44.59000015258789,18.065995397881395,0.2895655645875652,0.0
ENPH,2025-07-09,1,GARCH,42.84999847412109,42.85947085382102,42.970001220703125,0.11053036688210227,0.002579471897737884,1.0
ENPH,2025-07-09,5,GARCH,42.84999847412109,42.897381316802154,39.02999877929688,3.8673825375052715,0.09025397141708069,0.0
ENPH,2025-07-09,10,GARCH,42.84999847412109,42.94481655467251,36.47999954223633,6.464817012436178,0.1508708808085618,0.0
ENPH,2025-07-09,20,GARCH,42.84999847412109,43.039844447796135,30.11000061035156,12.929843837444576,0.30174665806005685,0.0
ENPH,2025-10-14,1,GARCH,36.43999862670898,36.44628087251171,37.540000915527344,1.0937200430156366,0.030014272344510706,1.0
ENPH,2025-10-14,5,GARCH,36.43999862670898,36.471420688164564,37.09000015258789,0.6185794644233269,0.016975287808324246,1.0
ENPH,2025-10-14,10,GARCH,36.43999862670898,36.50286984473495,36.70000076293945,0.19713091820450046,0.005409740000923424,1.0
ENPH,2025-10-14,20,GARCH,36.43999862670898,36.56584953669629,30.84000015258789,5.7258493841084,0.15713088912993534,0.0
ENPH,2026-01-21,1,GARCH,35.970001220703125,35.97692467261766,40.47999954223633,4.503074869618665,0.1251897335779586,1.0
ENPH,2026-01-21,5,GARCH,35.970001220703125,36.00463180899752,40.470001220703125,4.465369411705602,0.12414148624313892,1.0
ENPH,2026-01-21,10,GARCH,35.970001220703125,36.039295738342936,51.66999816894531,15.630702430602376,0.43454828746588614,1.0
ENPH,2026-01-21,20,GARCH,35.970001220703125,36.10872374861582,44.25,8.141276251384177,0.22633516750336757,1.0
ENPH,2026-04-29,1,GARCH,31.190000534057617,31.19293623376337,32.959999084472656,1.7670628507092871,0.056654787446372756,1.0
ENPH,2026-04-29,5,GARCH,31.190000534057617,31.204681796018196,35.79999923706055,4.595317441042351,0.14733303502270023,1.0
ENPH,2026-04-29,10,GARCH,31.190000534057617,31.21936996850937,42.0,10.780630031490631,0.34564379117976696,1.0
ENPH,2026-04-29,20,GARCH,31.190000534057617,31.248767058096277,69.5,38.25123294190372,1.2263941098729916,1.0
ENPH,2026-08-06,1,GARCH,39.66999816894531,39.67374257062702,41.869998931884766,2.1962563612577455,0.05536315761610067,1.0
ENPH,2026-08-06,5,GARCH,39.66999816894531,39.688723711981524,40.77999877929688,1.0912750673153582,0.027508825754613664,1.0
ENPH,2026-08-06,10,GARCH,39.66999816894531,39.70745809408953,38.36000061035156,1.3474574837379691,0.0339666636232111,0.0
ENPH,2026-08-06,20,GARCH,39.66999816894531,39.74495339221223,36.310001373291016,3.4349520189212157,0.08658815672974207,0.0
SMCI,2011-03-11,1,GARCH,1.4730000495910645,1.4745209737380371,1.4550000429153442,0.019520930822692906,0.013252498415130654,0.0
SMCI,2011-03-11,5,GARCH,1.4730000495910645,1.4806203906238697,1.4800000190734863,0.000620371550383414,0.0004211619344858253,1.0
SMCI,2011-03-11,10,GARCH,1.4730000495910645,1.488280154328434,1.569000005722046,0.08071985139361182,0.054799625713537026,1.0
SMCI,2011-03-11,20,GARCH,1.4730000495910645,1.5037187665966423,1.6109999418258667,0.10728117522922442,0.07283175262553976,1.0
SMCI,2011-07-05,1,GARCH,1.6100000143051147,1.6115936169246439,1.590999960899353,0.02059365602529084,0.012791090585287379,0.0
SMCI,2011-07-05,5,GARCH,1.6100000143051147,1.6179838167458354,1.5709999799728394,0.046983836772996,0.029182507053128526,0.0
SMCI,2011-07-05,10,GARCH,1.6100000143051147,1.626007209932423,1.5230000019073486,0.10300720802507435,0.06397963174524124,0.0
SMCI,2011-07-05,20,GARCH,1.6100000143051147,1.6421735548203367,1.2690000534057615,0.37317350141457517,0.23178478142786796,0.0
SMCI,2011-10-25,1,GARCH,1.444000005722046,1.4449479397867482,1.593999981880188,0.1490520420934398,0.10322163538975127,1.0
SMCI,2011-10-25,5,GARCH,1.444000005722046,1.4487459029781464,1.5410000085830688,0.09225410560492242,0.06388788451478744,1.0
SMCI,2011-10-25,10,GARCH,1.444000005722046,1.4535073982541056,1.5980000495910645,0.14449265133695888,0.10006416257921535,1.0
SMCI,2011-10-25,20,GARCH,1.444000005722046,1.463077388093922,1.4199999570846558,0.04307743100926631,0.029832015816181556,0.0
SMCI,2012-02-17,1,GARCH,1.7710000276565552,1.7727422360454141,1.7480000257492063,0.024742210296207823,0.013970756583751909,0.0
SMCI,2012-02-17,5,GARCH,1.7710000276565552,1.7797282253175988,1.753000020980835,0.026728204336763817,0.01509215354001514,0.0
SMCI,2012-02-17,10,GARCH,1.7710000276565552,1.7884994390335385,1.656999945640564,0.1314994933929745,0.0742515479048178,0.0
SMCI,2012-02-17,20,GARCH,1.7710000276565552,1.8061717636763364,1.6979999542236328,0.10817180945270355,0.061079507489246176,0.0
SMCI,2012-06-12,1,GARCH,1.5329999923706057,1.5336884418116998,1.4819999933242798,0.05168844848742005,0.03371718770036647,0.0
SMCI,2012-06-12,5,GARCH,1.5329999923706057,1.5364453326976235,1.4800000190734863,0.05644531362413718,0.03682016562625745,0.0
SMCI,2012-06-12,10,GARCH,1.5329999923706057,1.5398984162536227,1.52400004863739,0.015898367616232756,0.01037075518288022,0.0
SMCI,2012-06-12,20,GARCH,1.5329999923706057,1.546827882701745,1.4869999885559082,0.05982789414583678,0.039026676088445234,0.0
SMCI,2012-10-03,1,GARCH,1.1430000066757202,1.1429584794121708,1.1039999723434448,0.038958507068725945,0.03408443293192287,1.0
SMCI,2012-10-03,5,GARCH,1.1430000066757202,1.1427923854450326,0.9020000100135804,0.24079237543145215,0.2106669938977238,1.0
SMCI,2012-10-03,10,GARCH,1.1430000066757202,1.1425848019278841,0.9210000038146972,0.221584798113187,0.19386246440858745,1.0
SMCI,2012-10-03,20,GARCH,1.1430000066757202,1.1421697480068038,0.7990000247955322,0.3431697232112716,0.3002359765590379,1.0
SMCI,2013-01-30,1,GARCH,1.225000023841858,1.2251432352838856,1.2380000352859497,0.012856800002064128,0.010495346736192346,1.0
SMCI,2013-01-30,5,GARCH,1.225000023841858,1.2257162484961963,1.2699999809265137,0.04428373243031736,0.036149984953824044,1.0
SMCI,2013-01-30,10,GARCH,1.225000023841858,1.226432891907878,1.25,0.023567108092122036,0.01923845521097256,1.0
SMCI,2013-01-30,20,GARCH,1.225000023841858,1.227867435982759,1.1699999570846558,0.057867478898103286,0.047238757364770345,0.0
SMCI,2013-05-23,1,GARCH,1.024999976158142,1.024897254750395,1.02400004863739,0.0008972061130050335,0.0008753230574383153,1.0
SMCI,2013-05-23,5,GARCH,1.024999976158142,1.0244864720523865,1.031000018119812,0.006513546067425491,0.006354679237983274,0.0
SMCI,2013-05-23,10,GARCH,1.024999976158142,1.0239732252017264,1.087000012397766,0.06302678719603949,0.06148954991420941,0.0
SMCI,2013-05-23,20,GARCH,1.024999976158142,1.0229475027502384,1.0959999561309814,0.07305245338074307,0.07127068788289637,0.0
SMCI,2013-09-16,1,GARCH,1.3279999494552612,1.3283519559815917,1.3240000009536743,0.004351955027917409,0.003277074693942894,0.0
SMCI,2013-09-16,5,GARCH,1.3279999494552612,1.3297609153809464,1.3420000076293943,0.01223909224844788,0.009216184272799355,1.0
SMCI,2013-09-16,10,GARCH,1.3279999494552612,1.3315242163978283,1.3539999723434448,0.02247575594561657,0.0169245156634501,1.0
SMCI,2013-09-16,20,GARCH,1.3279999494552612,1.3350578360948797,1.437999963760376,0.10294212766549626,0.0775166653490631,1.0
SMCI,2014-01-08,1,GARCH,1.6740000247955322,1.6752514137235726,1.6579999923706057,0.017251421352966867,0.010305508421407539,0.0
SMCI,2014-01-08,5,GARCH,1.6740000247955322,1.6802663311161308,1.7300000190734863,0.049733687957355555,0.029709490573890607,1.0
SMCI,2014-01-08,10,GARCH,1.6740000247955322,1.6865560941836362,2.197999954223633,0.5114438600399966,0.30552201461434625,1.0
SMCI,2014-01-08,20,GARCH,1.6740000247955322,1.6992063421118497,2.075000047683716,0.3757937055718661,0.22448847073211153,1.0
SMCI,2014-05-02,1,GARCH,2.0290000438690186,2.0307284568338626,1.9830000400543213,0.047728416779541316,0.023523122596158297,0.0
SMCI,2014-05-02,5,GARCH,2.0290000438690186,2.037656844805791,1.8459999561309812,0.19165688867480957,0.0944587898132061,0.0
SMCI,2014-05-02,10,GARCH,2.0290000438690186,2.046350580292015,1.9759999513626096,0.07035062892940558,0.034672561561534976,0.0
SMCI,2014-05-02,20,GARCH,2.0290000438690186,2.063849485915434,2.117000102996826,0.05315061708139224,0.02619547359892671,1.0
SMCI,2014-08-25,1,GARCH,2.4570000171661377,2.4589032906615147,2.470000028610229,0.011096737948714352,0.004516376829949431,1.0
SMCI,2014-08-25,5,GARCH,2.4570000171661377,2.4665311394542955,2.700000047683716,0.23346890822942035,0.09502194000743214,1.0
SMCI,2014-08-25,10,GARCH,2.4570000171661377,2.4760992345920414,2.561000108718872,0.08490087412683067,0.034554690082889916,1.0
SMCI,2014-08-25,20,GARCH,2.4570000171661377,2.49534691766863,2.7799999713897705,0.28465305372114047,0.11585390790898509,1.0
SMCI,2014-12-16,1,GARCH,3.128999948501587,3.131608449101309,3.263999938964844,0.13239148986353522,0.042311119220994176,1.0
SMCI,2014-12-16,5,GARCH,3.128999948501587,3.1420642154831366,3.5910000801086426,0.44893586462550594,0.14347582998219366,1.0
SMCI,2014-12-16,10,GARCH,3.128999948501587,3.1551830286694083,3.48799991607666,0.3328168874072519,0.10636525819267928,1.0
SMCI,2014-12-16,20,GARCH,3.128999948501587,3.1815852055768774,3.315000057220459,0.13341485164358158,0.04263817636285716,1.0
SMCI,2015-04-13,1,GARCH,3.532000064849853,3.5346841475305943,3.5450000762939453,0.010315928763350968,0.0029207045792594144,1.0
SMCI,2015-04-13,5,GARCH,3.532000064849853,3.545440890984502,3.7060000896453857,0.16055919866088386,0.045458435932307806,1.0
SMCI,2015-04-13,10,GARCH,3.532000064849853,3.558932865421491,3.0789999961853027,0.47993286923618816,0.135881330810958,0.0
SMCI,2015-04-13,20,GARCH,3.532000064849853,3.5860710385110535,3.0929999351501465,0.493071103360907,0.13960110257865121,0.0
SMCI,2015-08-04,1,GARCH,2.5810000896453857,2.5825816739707417,2.7909998893737797,0.20841821540303807,0.08075095240762797,1.0
SMCI,2015-08-04,5,GARCH,2.5810000896453857,2.5889177088396726,2.614000082015991,0.025082373176318562,0.009718083031823754,1.0
SMCI,2015-08-04,10,GARCH,2.5810000896453857,2.596859616562254,2.75,0.15314038343774605,0.059333738132022695,1.0
SMCI,2015-08-04,20,GARCH,2.5810000896453857,2.6128165958562204,2.476999998092652,0.13581659776356858,0.052621694322462775,0.0
SMCI,2015-11-24,1,GARCH,2.3919999599456787,2.3934293205958737,2.4140000343322754,0.020570713736401736,0.008599796856547215,1.0
SMCI,2015-11-24,5,GARCH,2.3919999599456787,2.3991553095725857,2.6559998989105225,0.25684458933793675,0.10737650235737028,1.0
SMCI,2015-11-24,10,GARCH,2.3919999599456787,2.4063320634758893,2.3940000534057617,0.01233201007012763,0.005155522690898362,1.0
SMCI,2015-11-24,20,GARCH,2.3919999599456787,2.4207500404153977,2.476999998092652,0.05624995767725416,0.023515868987945776,1.0
SMCI,2016-03-21,1,GARCH,3.299000024795532,3.3011497343956244,3.299000024795532,0.002149709600092642,0.000651624608649648,0.0
SMCI,2016-03-21,5,GARCH,3.299000024795532,3.3097625899637197,3.372999906539917,0.06323731657619724,0.019168631737162878,1.0
SMCI,2016-03-21,10,GARCH,3.299000024795532,3.3205602666227017,3.4179999828338623,0.09743971621116065,0.0295361368532272,1.0
SMCI,2016-03-21,20,GARCH,3.299000024795532,3.3422614129737123,2.7890000343322754,0.5532613786414369,0.16770578189847918,0.0
SMCI,2016-07-13,1,GARCH,2.6070001125335693,2.6086560739093456,2.615000009536743,0.006343935627397546,0.002433423610876728,1.0
SMCI,2016-07-13,5,GARCH,2.6070001125335693,2.6152904447302823,1.955999970436096,0.6592904742941863,0.2528923842866526,0.0
SMCI,2016-07-13,10,GARCH,2.6070001125335693,2.6236071404118295,2.130000114440918,0.49360702597091155,0.1893390888622586,0.0
SMCI,2016-07-13,20,GARCH,2.6070001125335693,2.6403199578424656,2.130000114440918,0.5103198434015477,0.19574983558616044,0.0
SMCI,2016-11-02,1,GARCH,2.259999990463257,2.2615238289738837,2.234999895095825,0.026523933878058514,0.011736253977869038,0.0
SMCI,2016-11-02,5,GARCH,2.259999990463257,2.2676294646537514,2.345000028610229,0.07737056395647768,0.03423476295706451,1.0
SMCI,2016-11-02,10,GARCH,2.259999990463257,2.2752846949843653,2.549999952316284,0.2747152573319189,0.1215554241111334,1.0
SMCI,2016-11-02,20,GARCH,2.259999990463257,2.290672772157369,2.619999885559082,0.32932711340171306,0.14571996229708284,1.0
SMCI,2017-02-28,1,GARCH,2.5999999046325684,2.602071309902441,2.6600000858306885,0.05792877592824741,0.022280299251177915,1.0
SMCI,2017-02-28,5,GARCH,2.5999999046325684,2.610373446903869,2.5199999809265137,0.0903734659773554,0.03475902665085939,0.0
SMCI,2017-02-28,10,GARCH,2.5999999046325684,2.6207883777840935,2.505000114440918,0.11578826334317549,0.044533949073178314,0.0
SMCI,2017-02-28,20,GARCH,2.5999999046325684,2.6417430665632433,2.494999885559082,0.14674318100416128,0.05643968707179581,0.0
SMCI,2017-06-21,1,GARCH,2.4049999713897705,2.4066243739382744,2.424999952316284,0.018375578378009738,0.0076405732210429456,1.0
SMCI,2017-06-21,5,GARCH,2.4049999713897705,2.4131329632030267,2.430000066757202,0.016867103554175422,0.007013348754606685,1.0
SMCI,2017-06-21,10,GARCH,2.4049999713897705,2.4212934583662293,2.3949999809265137,0.026293477439715662,0.010932838982331217,0.0
SMCI,2017-06-21,20,GARCH,2.4049999713897705,2.437697331089469,2.7100000381469727,0.2723027070575035,0.113223580165013,1.0
SMCI,2017-10-12,1,GARCH,2.25,2.25150849099454,2.259999990463257,0.008491499468716857,0.0037739997638741585,1.0
SMCI,2017-10-12,5,GARCH,2.25,2.257552575289186,2.180000066757202,0.07755250853198392,0.034467781569770595,0.0
SMCI,2017-10-12,10,GARCH,2.25,2.2651305023088164,2.1700000762939453,0.0951304260148711,0.0422801893399426,0.0
SMCI,2017-10-12,20,GARCH,2.25,2.2803627522176844,1.955000042915344,0.32536270930234035,0.14460564857881786,0.0
SMCI,2018-02-06,1,GARCH,1.955000042915344,1.9562921676042018,1.9800000190734863,0.023707851469284558,0.012126777978956449,1.0
SMCI,2018-02-06,5,GARCH,1.955000042915344,1.96146921208866,1.840000033378601,0.12146917871005902,0.062132570866300973,0.0
SMCI,2018-02-06,10,GARCH,1.955000042915344,1.967959787987743,1.815000057220459,0.15295973076728409,0.0782402697747192,0.0
SMCI,2018-02-06,20,GARCH,1.955000042915344,1.9810054435402726,1.9600000381469729,0.02100540539329976,0.010744452650740532,1.0
SMCI,2018-05-31,1,GARCH,2.4100000858306885,2.4116861342996327,2.440000057220459,0.02831392292082624,0.011748515316366337,1.0
SMCI,2018-05-31,5,GARCH,2.4100000858306885,2.4184421321125207,2.559999942779541,0.14155781066702033,0.05873767868279045,1.0
SMCI,2018-05-31,10,GARCH,2.4100000858306885,2.426913750237874,2.619999885559082,0.1930861353212081,0.08011872549566923,1.0
SMCI,2018-05-31,20,GARCH,2.4100000858306885,2.443946116733645,2.375,0.06894611673364492,0.02860834617351482,0.0
SMCI,2018-09-21,1,GARCH,2.069999933242798,2.0713094468248987,1.991000056266785,0.08030939055811381,0.03879680828409682,0.0
SMCI,2018-09-21,5,GARCH,2.069999933242798,2.0765557905786416,2.061000108718872,0.015555681859769521,0.00751482239682999,0.0
SMCI,2018-09-21,10,GARCH,2.069999933242798,2.083132410845304,1.2400000095367432,0.8431324013085608,0.4073103519321064,0.0
SMCI,2018-09-21,20,GARCH,2.069999933242798,2.096348203410874,1.409999966621399,0.6863482367894749,0.33156920720971383,0.0
SMCI,2019-01-17,1,GARCH,1.4800000190734863,1.4808787101308596,1.5,0.019121289869140412,0.012919790285618182,1.0
SMCI,2019-01-17,5,GARCH,1.4800000190734863,1.4843986943367224,1.4950000047683716,0.010601310431649136,0.0071630474966384305,1.0
SMCI,2019-01-17,10,GARCH,1.4800000190734863,1.488810442805244,1.5260000228881836,0.0371895800829396,0.025128094326796857,1.0
SMCI,2019-01-17,20,GARCH,1.4800000190734863,1.4976733148919565,1.9759999513626096,0.4783266364706531,0.32319366912582637,1.0
SMCI,2019-05-13,1,GARCH,1.965000033378601,1.9664146950919945,1.991000056266785,0.024585361174790377,0.012511633973114389,1.0
SMCI,2019-05-13,5,GARCH,1.965000033378601,1.9720835338489768,1.995000004768372,0.022916470919395193,0.01166232596952832,1.0
SMCI,2019-05-13,10,GARCH,1.965000033378601,1.979192569168239,1.968000054359436,0.011192514808803011,0.005695936192712692,1.0
SMCI,2019-05-13,20,GARCH,1.965000033378601,1.9934876128808892,1.837000012397766,0.15648760048312327,0.0796374543638354,0.0
SMCI,2019-09-04,1,GARCH,1.8550000190734863,1.8561012118542053,1.8849999904632568,0.028898778609051545,0.015578856232834726,1.0
SMCI,2019-09-04,5,GARCH,1.8550000190734863,1.8605125239237035,1.909999966621399,0.04948744269769545,0.026677866409086537,1.0
SMCI,2019-09-04,10,GARCH,1.8550000190734863,1.8660414102884277,1.968000054359436,0.1019586440710083,0.054964228044554586,1.0
SMCI,2019-09-04,20,GARCH,1.8550000190734863,1.8771485224298965,1.924999952316284,0.047851429886387464,0.025795918810980645,1.0
SMCI,2019-12-26,1,GARCH,2.380000114440918,2.381669159383762,2.4100000858306885,0.028330926446926696,0.011903750035567429,1.0
SMCI,2019-12-26,5,GARCH,2.380000114440918,2.388357052033852,2.344000101089477,0.04435695094437486,0.01863737345020866,0.0
SMCI,2019-12-26,10,GARCH,2.380000114440918,2.396743333493413,2.608999967575073,0.21225663408165962,0.08918345540984163,1.0
SMCI,2019-12-26,20,GARCH,2.380000114440918,2.4136043405168164,2.871000051498413,0.4573957109815967,0.19218306259999607,1.0
SMCI,2020-04-21,1,GARCH,2.0980000495910645,2.0994075267530814,2.1459999084472656,0.046592381694184226,0.02220799837600862,1.0
SMCI,2020-04-21,5,GARCH,2.0980000495910645,2.1050468840252714,2.2769999504089355,0.17195306638366414,0.08196046821694813,1.0
SMCI,2020-04-21,10,GARCH,2.0980000495910645,2.1121173876083676,2.246999979019165,0.1348825914107974,0.06429103347118059,1.0
SMCI,2020-04-21,20,GARCH,2.0980000495910645,2.1263297204912486,2.4790000915527344,0.3526703710614858,0.1680983616421874,1.0
SMCI,2020-08-12,1,GARCH,2.6010000705718994,2.60295573355418,2.5989999771118164,0.003955756442363789,0.0015208597981676286,0.0
SMCI,2020-08-12,5,GARCH,2.6010000705718994,2.6107931009556813,2.5910000801086426,0.01979302084703871,0.007609773283353549,0.0
SMCI,2020-08-12,10,GARCH,2.6010000705718994,2.6206230030970548,2.5989999771118164,0.021623025985238353,0.008313350787600648,0.0
SMCI,2020-08-12,20,GARCH,2.6010000705718994,2.640393978478972,2.5439999103546143,0.0963940681243578,0.037060386585519356,0.0
SMCI,2020-12-03,1,GARCH,2.9670000076293945,2.969309816026423,3.062999963760376,0.09369014773395312,0.031577400570622416,1.0
SMCI,2020-12-03,5,GARCH,2.9670000076293945,2.978567045468585,3.0429999828338623,0.06443293736527744,0.021716527536094876,1.0
SMCI,2020-12-03,10,GARCH,2.9670000076293945,2.9901791781389284,2.994999885559082,0.004820707420153614,0.0016247749941886713,1.0
SMCI,2020-12-03,20,GARCH,2.9670000076293945,3.0135394318787037,3.1050000190734863,0.09146058719478267,0.030825947745062088,1.0
SMCI,2021-03-30,1,GARCH,3.7939999103546143,3.7972587911034332,3.9059998989105225,0.10874110780708923,0.028661336419727457,1.0
SMCI,2021-03-30,5,GARCH,3.7939999103546143,3.810322330520119,3.934000015258789,0.12367768473867002,0.032598230801515804,1.0
SMCI,2021-03-30,10,GARCH,3.7939999103546143,3.8267149724585168,3.927999973297119,0.10128500083860237,0.02669609995566269,1.0
SMCI,2021-03-30,20,GARCH,3.7939999103546143,3.8597121313767966,3.813999891281128,0.045712240095668655,0.012048561195510343,1.0
SMCI,2021-07-22,1,GARCH,3.441999912261963,3.4446350230061236,3.509999990463257,0.06536496745713327,0.01899040358027726,1.0
SMCI,2021-07-22,5,GARCH,3.441999912261963,3.4551956551950127,3.734999895095825,0.2798042399008125,0.08129118159010496,1.0
SMCI,2021-07-22,10,GARCH,3.441999912261963,3.4684419872146397,3.859999895095825,0.3915579078811855,0.11375883726384739,1.0
SMCI,2021-07-22,20,GARCH,3.441999912261963,3.4950871950393743,3.4760000705718994,0.019087124467474847,0.0055453587896612255,1.0
SMCI,2021-11-11,1,GARCH,4.431000232696533,4.43446550769143,4.36899995803833,0.06546554965309959,0.014774440581164283,0.0
SMCI,2021-11-11,5,GARCH,4.431000232696533,4.448353729144322,4.285999774932861,0.16235395421146048,0.03664047521673408,0.0
SMCI,2021-11-11,10,GARCH,4.431000232696533,4.465775188540236,4.043000221252441,0.4227749672877943,0.09541298692970501,0.0
SMCI,2021-11-11,20,GARCH,4.431000232696533,4.500823061894754,4.287000179290772,0.2138228826039814,0.04825612082485886,0.0
SMCI,2022-03-08,1,GARCH,4.047999858856201,4.051087864260744,4.159999847412109,0.10891198315136563,0.026905135115824708,1.0
SMCI,2022-03-08,5,GARCH,4.047999858856201,4.063463460619103,4.182000160217285,0.1185366995981818,0.02928278254230854,1.0
SMCI,2022-03-08,10,GARCH,4.047999858856201,4.078986134266348,4.295000076293945,0.2160139420275975,0.05336312983188529,1.0
SMCI,2022-03-08,20,GARCH,4.047999858856201,4.110209600708429,3.640000104904175,0.4702094958042542,0.11615847633381982,0.0
SMCI,2022-06-30,1,GARCH,4.034999847412109,4.037873669307355,3.913000106811523,0.1248735624958317,0.030947600301873823,0.0
SMCI,2022-06-30,5,GARCH,4.034999847412109,4.049389439507524,4.046000003814697,0.003389435692827014,0.0008400088775717407,1.0
SMCI,2022-06-30,10,GARCH,4.034999847412109,4.063830347679395,4.216000080108643,0.1521697324292477,0.037712450603150094,1.0
SMCI,2022-06-30,20,GARCH,4.034999847412109,4.0928668449174594,5.401000022888184,1.3081331779707241,0.3241965867259473,1.0
SMCI,2022-10-21,1,GARCH,6.453000068664551,6.458137207941065,6.301000118255615,0.15713708968544982,0.024351013174244263,0.0
SMCI,2022-10-21,5,GARCH,6.453000068664551,6.47872669363364,6.872000217437744,0.39327352380410385,0.060944292518114285,1.0
SMCI,2022-10-21,10,GARCH,6.453000068664551,6.504555884730927,7.663000106811523,1.1584442220805968,0.17952025565689134,1.0
SMCI,2022-10-21,20,GARCH,6.453000068664551,6.556523602570429,8.64900016784668,2.0924765652762503,0.3242641473749881,1.0
SMCI,2023-02-15,1,GARCH,9.300000190734863,9.30758622186287,9.588000297546388,0.2804140756835185,0.030152050530373176,1.0
SMCI,2023-02-15,5,GARCH,9.300000190734863,9.337992276297662,9.427000045776367,0.08900776947870526,0.009570727704648618,1.0
SMCI,2023-02-15,10,GARCH,9.300000190734863,9.376139566004095,9.836999893188477,0.4608603271843812,0.04955487287446658,1.0
SMCI,2023-02-15,20,GARCH,9.300000190734863,9.452902296579513,9.722999572753906,0.2700972761743934,0.02904271727257357,1.0
SMCI,2023-06-09,1,GARCH,26.166000366210938,26.18727926274762,25.864999771118164,0.32227949162945535,0.012316727322438825,0.0
SMCI,2023-06-09,5,GARCH,26.166000366210938,26.27256803539722,23.07699966430664,3.1955683710905802,0.12212674181634309,0.0
SMCI,2023-06-09,10,GARCH,26.166000366210938,26.379569728429594,21.649999618530277,4.729570109899317,0.18075250491881734,0.0
SMCI,2023-06-09,20,GARCH,26.166000366210938,26.594882263920443,27.09499931335449,0.5001170494340457,0.019113240175593127,1.0
SMCI,2023-10-03,1,GARCH,26.996999740600582,27.019194391830244,28.040000915527344,1.0208065236971002,0.0378118507058367,1.0
SMCI,2023-10-03,5,GARCH,26.996999740600582,27.108155612480473,31.0310001373291,3.922844524848628,0.14530668454054507,1.0
SMCI,2023-10-03,10,GARCH,26.996999740600582,27.219769151063048,29.85400009155273,2.634230940489683,0.0975749515057438,1.0
SMCI,2023-10-03,20,GARCH,26.996999740600582,27.44437677357554,23.94700050354004,3.4973762700355024,0.12954684978478648,0.0
SMCI,2024-01-26,1,GARCH,47.415000915527344,47.4522104289713,49.56700134277344,2.114790913802139,0.04460172673137275,1.0
SMCI,2024-01-26,5,GARCH,47.415000915527344,47.60134071829109,57.9630012512207,10.361660532929612,0.21853127349695778,1.0
SMCI,2024-01-26,10,GARCH,47.415000915527344,47.78841283195695,74.02899932861328,26.240586496656334,0.5534237264574877,1.0
SMCI,2024-01-26,20,GARCH,47.415000915527344,48.164765515161605,87.63400268554688,39.46923717038527,0.8324208880793249,1.0
SMCI,2024-05-20,1,GARCH,90.3939971923828,90.46484640667532,89.8949966430664,0.5698497636089144,0.006304066434811073,0.0
SMCI,2024-05-20,5,GARCH,90.3939971923828,90.74879900284866,87.47200012207031,3.276798880778344,0.036250182341250214,0.0
SMCI,2024-05-20,10,GARCH,90.3939971923828,91.10499343150398,77.16100311279297,13.943990318711016,0.15425792366537838,0.0
SMCI,2024-05-20,20,GARCH,90.3939971923828,91.82158202927448,92.0009994506836,0.17941742140911288,0.00198483778770453,1.0
SMCI,2024-09-12,1,GARCH,44.2130012512207,44.244691326024906,45.71599960327149,1.4713082772465853,0.03327772907535809,1.0
SMCI,2024-09-12,5,GARCH,44.2130012512207,44.371678929628175,43.720001220703125,0.6516777089250496,0.014739504002955539,0.0
SMCI,2024-09-12,10,GARCH,44.2130012512207,44.53092609223513,40.2400016784668,4.29092441376833,0.09705119065288204,0.0
SMCI,2024-09-12,20,GARCH,44.2130012512207,44.85113705275453,46.470001220703125,1.618864167948594,0.03661511596442235,1.0
SMCI,2025-01-06,1,GARCH,36.45000076293945,36.47646843242865,34.380001068115234,2.096467364313419,0.05751625021761331,0.0
SMCI,2025-01-06,5,GARCH,36.45000076293945,36.58253144135501,30.530000686645508,6.052530754709501,0.16605022299103522,0.0
SMCI,2025-01-06,10,GARCH,36.45000076293945,36.71554399577477,33.86000061035156,2.8555433854232106,0.07834138067636431,0.0
SMCI,2025-01-06,20,GARCH,36.45000076293945,36.98302174732145,31.489999771118164,5.493021976203288,0.1507001882367125,0.0
SMCI,2025-05-01,1,GARCH,32.72999954223633,32.753161115742884,33.709999084472656,0.9568379687297721,0.02923427993009975,1.0
SMCI,2025-05-01,5,GARCH,32.72999954223633,32.84597143001263,32.11000061035156,0.7359708196610697,0.02248612373829506,0.0
SMCI,2025-05-01,10,GARCH,32.72999954223633,32.962354239846455,43.959999084472656,10.997644844626201,0.33601115180079133,1.0
SMCI,2025-05-01,20,GARCH,32.72999954223633,33.19635845491019,40.02000045776367,6.823642002853482,0.2084828016587026,1.0
SMCI,2025-08-25,1,GARCH,44.06999969482422,44.10130636158392,44.36000061035156,0.2586942487676396,0.005870076028115401,1.0
SMCI,2025-08-25,5,GARCH,44.06999969482422,44.22675558453181,40.77999877929688,3.4467568052349264,0.07821095595877059,0.0
SMCI,2025-08-25,10,GARCH,44.06999969482422,44.38406905102923,42.91999816894531,1.4640708820839166,0.03322148609535536,0.0
SMCI,2025-08-25,20,GARCH,44.06999969482422,44.70037665459504,46.9900016784668,2.289625023871757,0.0519542781875868,1.0
SMCI,2025-12-16,1,GARCH,31.65999984741211,31.682229502715415,29.84000015258789,1.8422293501275249,0.05818791405578949,0.0
SMCI,2025-12-16,5,GARCH,31.65999984741211,31.771304316179233,30.76000022888184,1.0113040872973933,0.031942643467196885,0.0
SMCI,2025-12-16,10,GARCH,31.65999984741211,31.883000088952276,29.270000457763672,2.612999631188604,0.0825331536254631,0.0
SMCI,2025-12-16,20,GARCH,31.65999984741211,32.10757105405423,29.420000076293945,2.687570977760288,0.08488853413497321,0.0
SMCI,2026-04-13,1,GARCH,25.96999931335449,25.986565949019226,27.200000762939453,1.2134348139202267,0.046724483866129596,1.0
SMCI,2026-04-13,5,GARCH,25.96999931335449,26.05293824006406,28.809999465942383,2.7570612258783243,0.10616331531670742,1.0
SMCI,2026-04-13,10,GARCH,25.96999931335449,26.136142044160824,27.850000381469727,1.7138583373089027,0.06599377676639318,1.0
SMCI,2026-04-13,20,GARCH,25.96999931335449,26.303347670913624,33.52000045776367,7.216652786850048,0.2778842116926452,1.0
SMCI,2026-08-06,1,GARCH,29.3799991607666,29.398237259610354,31.1299991607666,1.731761901156247,0.058943565371805784,1.0
SMCI,2026-08-06,5,GARCH,29.3799991607666,29.471302941168922,39.15999984741211,9.688696906243187,0.3297718578284119,1.0
SMCI,2026-08-06,10,GARCH,29.3799991607666,29.562890464952936,36.5,6.937109535047064,0.23611673700490532,1.0
SMCI,2026-08-06,20,GARCH,29.3799991607666,29.74692027254643,37.869998931884766,8.123078659338336,0.27648328425365354,1.0
CVNA,2018-07-06,1,GARCH,9.434000015258787,9.456500978430354,8.96399974822998,0.4925012302003733,0.05220492149711575,0.0
CVNA,2018-07-06,5,GARCH,9.434000015258787,9.547042781445288,8.819999694824219,0.7270430866210695,0.07706625879214879,0.0
CVNA,2018-07-06,10,GARCH,9.434000015258787,9.661440080912097,8.838000297546387,0.8234397833657106,0.08728426775851794,0.0
CVNA,2018-07-06,20,GARCH,9.434000015258787,9.894363396870759,9.015999794006348,0.8783636028644111,0.09310616932835747,0.0
CVNA,2018-09-04,1,GARCH,13.468000411987305,13.516246447748276,12.43000030517578,1.086246142572497,0.08065385427265614,0.0
CVNA,2018-09-04,5,GARCH,13.468000411987305,13.71096509719472,14.163999557495115,0.45303446030039574,0.03363784128616221,1.0
CVNA,2018-09-04,10,GARCH,13.468000411987305,13.958312900641824,11.854000091552734,2.1043128090890892,0.15624537754068735,0.0
CVNA,2018-09-04,20,GARCH,13.468000411987305,14.466475577087891,10.892000198364258,3.5744753787236334,0.26540505415652815,0.0
CVNA,2018-10-31,1,GARCH,7.75,7.751611672461972,8.878000259399414,1.1263885869374421,0.14534046283063762,1.0
CVNA,2018-10-31,5,GARCH,7.75,7.758061714604501,9.234000205993652,1.4759384913891518,0.19044367630827774,1.0
CVNA,2018-10-31,10,GARCH,7.75,7.766131815175757,9.050000190734863,1.2838683755591065,0.16566043555601384,1.0
CVNA,2018-10-31,20,GARCH,7.75,7.782297209120655,9.45199966430664,1.6697024551859858,0.21544547808851422,1.0
CVNA,2019-01-03,1,GARCH,6.038000106811523,6.037250987987314,6.156000137329102,0.11874914934178715,0.019666967082002107,0.0
CVNA,2019-01-03,5,GARCH,6.038000106811523,6.034255441987237,6.829999923706055,0.7957444817188177,0.1317894116664774,0.0
CVNA,2019-01-03,10,GARCH,6.038000106811523,6.030513099540294,7.162000179290772,1.1314870797504781,0.1873943457659163,0.0
CVNA,2019-01-03,20,GARCH,6.038000106811523,6.023035376018135,7.056000232696533,1.0329648566783982,0.1710773167282824,0.0
CVNA,2019-03-05,1,GARCH,9.595999717712402,9.603360514398723,10.119999885559082,0.516639371160359,0.05383903567720405,1.0
CVNA,2019-03-05,5,GARCH,9.595999717712402,9.632860206882048,10.619999885559082,0.9871396786770337,0.10286991535180645,1.0
CVNA,2019-03-05,10,GARCH,9.595999717712402,9.669862285849714,11.597999572753906,1.9281372869041924,0.2009313613614654,1.0
CVNA,2019-03-05,20,GARCH,9.595999717712402,9.744293390786977,12.564000129699709,2.819706738912732,0.29384189473329037,1.0
CVNA,2019-05-03,1,GARCH,14.435999870300291,14.461088355718994,14.407999992370604,0.05308836334839029,0.0036774981868495926,0.0
CVNA,2019-05-03,5,GARCH,14.435999870300291,14.561879071399224,13.35200023651123,1.2098788348879932,0.08380983968953337,0.0
CVNA,2019-05-03,10,GARCH,14.435999870300291,14.68885591543329,13.62600040435791,1.0628555110753801,0.07362534778502128,0.0
CVNA,2019-05-03,20,GARCH,14.435999870300291,14.946140900725252,11.663999557495115,3.282141343230137,0.2273580889940714,0.0
CVNA,2019-07-02,1,GARCH,12.9399995803833,12.958923978160328,12.833999633789062,0.12492434437126576,0.009654122752882244,0.0
CVNA,2019-07-02,5,GARCH,12.9399995803833,13.034898738499885,13.529999732971191,0.49510099447130607,0.038261283657371026,1.0
CVNA,2019-07-02,10,GARCH,12.9399995803833,13.13049386651626,12.184000015258787,0.9464938512574719,0.07314481313371379,0.0
CVNA,2019-07-02,20,GARCH,12.9399995803833,13.32379248605154,12.711999893188477,0.611792592863063,0.04727918181624391,0.0
CVNA,2019-08-30,1,GARCH,16.23200035095215,16.251557246845028,15.923999786376951,0.32755746046807666,0.020179734683708483,0.0
CVNA,2019-08-30,5,GARCH,16.23200035095215,16.330020742973563,16.600000381469727,0.2699796384961637,0.016632554993773585,1.0
CVNA,2019-08-30,10,GARCH,16.23200035095215,16.428633052013478,16.305999755859375,0.12263329615410257,0.007555032867339051,1.0
CVNA,2019-08-30,20,GARCH,16.23200035095215,16.627647740401734,13.199999809265137,3.4276479311365975,0.21116608286270377,0.0
CVNA,2019-10-29,1,GARCH,16.937999725341797,16.958707633797975,16.496000289916992,0.46270734388098234,0.02731770878403683,0.0
CVNA,2019-10-29,5,GARCH,16.937999725341797,17.041792746227003,16.304000854492188,0.7377918917348154,0.043558383734707995,0.0
CVNA,2019-10-29,10,GARCH,16.937999725341797,17.146221792106846,15.640000343322754,1.5062214487840926,0.08892557995089345,0.0
CVNA,2019-10-29,20,GARCH,16.937999725341797,17.35700357252114,18.56800079345703,1.2109972209358908,0.0714958814838127,1.0
CVNA,2019-12-30,1,GARCH,18.45599937438965,18.48179837735987,18.40999984741211,0.0717985299477597,0.003890254246940894,0.0
CVNA,2019-12-30,5,GARCH,18.45599937438965,18.585355529049217,18.18199920654297,0.403356322506248,0.02185502471710976,0.0
CVNA,2019-12-30,10,GARCH,18.45599937438965,18.71561832736481,17.20400047302246,1.5116178543423473,0.08190387438135338,0.0
CVNA,2019-12-30,20,GARCH,18.45599937438965,18.978889317781917,16.350000381469727,2.6288889363121903,0.14244088781018016,0.0
CVNA,2020-02-28,1,GARCH,16.582000732421875,16.5997183280643,16.472000122070312,0.1277182059939861,0.007702219295182222,0.0
CVNA,2020-02-28,5,GARCH,16.582000732421875,16.670778222617948,13.20400047302246,3.4667777495954883,0.20906872491068518,0.0
CVNA,2020-02-28,10,GARCH,16.582000732421875,16.76003101388853,10.184000015258787,6.576030998629742,0.39657645086047966,0.0
CVNA,2020-02-28,20,GARCH,16.582000732421875,16.939972692033454,9.80799961090088,7.131973081132573,0.4301032906836034,0.0
CVNA,2020-04-28,1,GARCH,16.591999053955078,16.6109331245758,16.97800064086914,0.3670675162933392,0.022123164008127194,1.0
CVNA,2020-04-28,5,GARCH,16.591999053955078,16.686885721178626,17.200000762939453,0.5131150417608268,0.030925450278308286,1.0
CVNA,2020-04-28,10,GARCH,16.591999053955078,16.78231502823644,18.74399948120117,1.9616844529647288,0.11823074763839969,1.0
CVNA,2020-04-28,20,GARCH,16.591999053955078,16.97481399264147,19.22800064086914,2.253186648227672,0.13579958875965414,1.0
CVNA,2020-06-26,1,GARCH,23.48200035095215,23.515849251279352,24.073999404907227,0.5581501536278743,0.023769276266331518,1.0
CVNA,2020-06-26,5,GARCH,23.48200035095215,23.651733482518782,26.88800048828125,3.2362670057624676,0.13781905107719017,1.0
CVNA,2020-06-26,10,GARCH,23.48200035095215,23.822693482985887,25.309999465942383,1.4873059829564959,0.06333812966220265,1.0
CVNA,2020-06-26,20,GARCH,23.48200035095215,24.16832962704927,30.166000366210938,5.997670739161666,0.25541566517004477,1.0
CVNA,2020-08-25,1,GARCH,40.58599853515625,40.66775539379513,41.56399917602539,0.8962437822302576,0.022082585487059436,1.0
CVNA,2020-08-25,5,GARCH,40.58599853515625,40.99643306794883,45.4379997253418,4.441566657392968,0.10943593400925233,1.0
CVNA,2020-08-25,10,GARCH,40.58599853515625,41.4110182071522,35.97200012207031,5.439018085081891,0.13401217861796666,0.0
CVNA,2020-08-25,20,GARCH,40.58599853515625,42.25280862481778,43.73400115966797,1.4811925348501873,0.03649516060488578,1.0
CVNA,2020-10-23,1,GARCH,40.52799987792969,40.59848505725191,40.2760009765625,0.3224840806894065,0.007957068734226413,0.0
CVNA,2020-10-23,5,GARCH,40.52799987792969,40.881653767168864,37.06999969482422,3.811654072344645,0.09404989350141502,0.0
CVNA,2020-10-23,10,GARCH,40.52799987792969,41.23839369750928,42.0,0.7616063024907191,0.018792101874868683,1.0
CVNA,2020-10-23,20,GARCH,40.52799987792969,41.96123963366055,46.86000061035156,4.898760976691015,0.12087349465668384,1.0
CVNA,2020-12-22,1,GARCH,58.30400085449219,58.436806435579356,54.0,4.436806435579356,0.07609780410528222,0.0
CVNA,2020-12-22,5,GARCH,58.30400085449219,58.97106072041061,50.06800079345703,8.903059926953581,0.15270066884728406,0.0
CVNA,2020-12-22,10,GARCH,58.30400085449219,59.64575246164116,54.03200149536133,5.613750966279831,0.09628414661096629,0.0
CVNA,2020-12-22,20,GARCH,58.30400085449219,61.01838183616291,54.69400024414063,6.324381592022277,0.10847251473884056,0.0
CVNA,2021-02-24,1,GARCH,56.98799896240234,57.115089930993655,52.73199844360352,4.383091487390132,0.07691253539682741,0.0
CVNA,2021-02-24,5,GARCH,56.98799896240234,57.62629443429526,57.6259994506836,0.0002949836116599158,5.176240911008989e-06,1.0
CVNA,2021-02-24,10,GARCH,56.98799896240234,58.27173915018442,52.09000015258789,6.181738997596533,0.10847440005175324,0.0
CVNA,2021-02-24,20,GARCH,56.98799896240234,59.58439751196336,50.56999969482422,9.014397817139141,0.1581806341908295,0.0
CVNA,2021-04-23,1,GARCH,55.60200119018555,55.726886666638755,58.87799835205078,3.151111685412026,0.056672630803947355,1.0
CVNA,2021-04-23,5,GARCH,55.60200119018555,56.2292398834971,57.05199813842773,0.8227582549306263,0.014797277747547133,1.0
CVNA,2021-04-23,10,GARCH,55.60200119018555,56.863554372103174,49.5620002746582,7.301554097444971,0.13131818893478586,0.0
CVNA,2021-04-23,20,GARCH,55.60200119018555,58.153730920028124,49.28400039672852,8.869730523299602,0.1595217857889838,0.0
CVNA,2021-06-23,1,GARCH,62.94599914550781,63.09901036519845,60.902000427246094,2.197009937952359,0.034903091026860844,0.0
CVNA,2021-06-23,5,GARCH,62.94599914550781,63.714783743721654,60.36399841308594,3.3507853306357163,0.05323269748868298,0.0
CVNA,2021-06-23,10,GARCH,62.94599914550781,64.49295781491985,64.50199890136719,0.009041086447339808,0.00014363242414261457,1.0
CVNA,2021-06-23,20,GARCH,62.94599914550781,66.0779344863869,67.0459976196289,0.968063133242012,0.015379263914839125,1.0
CVNA,2021-08-20,1,GARCH,69.9520034790039,70.12555874495604,71.51599884033203,1.3904400953759932,0.01987705892931757,1.0
CVNA,2021-08-20,5,GARCH,69.9520034790039,70.82409651947083,67.50399780273438,3.320098716736453,0.04746252504022963,0.0
CVNA,2021-08-20,10,GARCH,69.9520034790039,71.70706196149034,65.73200225830078,5.975059703189558,0.0854165628720408,0.0
CVNA,2021-08-20,20,GARCH,69.9520034790039,73.50615392584655,65.30000305175781,8.206150874088735,0.11731116288258714,0.0
CVNA,2021-10-19,1,GARCH,58.16999816894531,58.28176980122893,57.805999755859375,0.4757700453695577,0.008178959263291707,0.0
CVNA,2021-10-19,5,GARCH,58.16999816894531,58.73100811408657,58.3120002746582,0.4190078394283674,0.007203160608866277,1.0
CVNA,2021-10-19,10,GARCH,58.16999816894531,59.29742861739277,60.060001373291016,0.7625727558982476,0.013109382497889621,1.0
CVNA,2021-10-19,20,GARCH,58.16999816894531,60.446710526319805,60.15800094604492,0.28870958027488314,0.004963204218029649,1.0
CVNA,2021-12-17,1,GARCH,44.71799850463867,44.78585122502279,41.12200164794922,3.66384957707357,0.08193232478178802,0.0
CVNA,2021-12-17,5,GARCH,44.71799850463867,45.05829323115612,46.43600082397461,1.3777075928184885,0.03080879374946921,1.0
CVNA,2021-12-17,10,GARCH,44.71799850463867,45.401177530211875,47.92599868774414,2.5248211575322657,0.05646096073084217,1.0
CVNA,2021-12-17,20,GARCH,44.71799850463867,46.09479382034501,32.417999267578125,13.676794552766886,0.30584540923378256,0.0
CVNA,2022-02-16,1,GARCH,27.724000930786133,27.761102856810123,27.04599952697754,0.7151033298325835,0.025793655526771264,0.0
CVNA,2022-02-16,5,GARCH,27.724000930786133,27.91000774612009,25.209999084472656,2.700008661647434,0.0973888533761087,0.0
CVNA,2022-02-16,10,GARCH,27.724000930786133,28.09726252474178,24.666000366210938,3.431262158530842,0.12376504268258748,0.0
CVNA,2022-02-16,20,GARCH,27.724000930786133,28.475549519535853,26.972000122070312,1.503549397465541,0.05423277113643166,0.0
CVNA,2022-04-19,1,GARCH,20.35400009155273,20.378561537548975,18.5,1.8785615375489755,0.0922944644344682,0.0
CVNA,2022-04-19,5,GARCH,20.35400009155273,20.477104065679377,14.097999572753906,6.379104492925471,0.31340790332279267,0.0
CVNA,2022-04-19,10,GARCH,20.35400009155273,20.600952590674527,11.465999603271484,9.134952987403043,0.44880381970687966,0.0
CVNA,2022-04-19,20,GARCH,20.35400009155273,20.850901333116962,8.319999694824219,12.530901638292743,0.6156481075920447,0.0
CVNA,2022-06-16,1,GARCH,4.28000020980835,4.284316292527035,4.854000091552734,0.5696837990256993,0.13310368483631652,1.0
CVNA,2022-06-16,5,GARCH,4.28000020980835,4.301624192009749,6.303999900817871,2.002375708808122,0.4678447688435474,1.0
CVNA,2022-06-16,10,GARCH,4.28000020980835,4.32335742574931,4.374000072479248,0.0506426467299379,0.011832393515748274,1.0
CVNA,2022-06-16,20,GARCH,4.28000020980835,4.367153858531858,4.449999809265137,0.0828459507332786,0.019356529596288974,1.0
CVNA,2022-08-17,1,GARCH,9.923999786376951,9.934730815647505,9.571999549865724,0.3627312657817807,0.03655091430772861,0.0
CVNA,2022-08-17,5,GARCH,9.923999786376951,9.977771095142591,7.217999935150146,2.7597711599924457,0.27809061058031137,0.0
CVNA,2022-08-17,10,GARCH,9.923999786376951,10.031833753536265,6.5980000495910645,3.4338337039452007,0.34601307717266916,0.0
CVNA,2022-08-17,20,GARCH,9.923999786376951,10.140839442251766,7.403999805450439,2.736839636801327,0.2757798967870082,0.0
CVNA,2022-10-14,1,GARCH,3.427999973297119,3.4311013902936014,3.6440000534057617,0.21289866311216032,0.062105794857223895,1.0
CVNA,2022-10-14,5,GARCH,3.427999973297119,3.4435351431506254,2.8499999046325684,0.593535238518057,0.1731433031334545,0.0
CVNA,2022-10-14,10,GARCH,3.427999973297119,3.4591407160100407,2.8980000019073486,0.5611407141026921,0.163693325109036,0.0
CVNA,2022-10-14,20,GARCH,3.427999973297119,3.4905643484149884,2.375999927520752,1.1145644208942365,0.32513548120661917,0.0
CVNA,2022-12-14,1,GARCH,1.0520000457763672,1.052895487479997,1.093999981880188,0.04110449440019104,0.03907271160796988,1.0
CVNA,2022-12-14,5,GARCH,1.0520000457763672,1.0564848826081092,0.8640000224113464,0.1924848601967628,0.18297039146486982,0.0
CVNA,2022-12-14,10,GARCH,1.0520000457763672,1.0609888389840834,0.8899999856948853,0.1709888532891981,0.16253692571183276,0.0
CVNA,2022-12-14,20,GARCH,1.0520000457763672,1.0700544367543616,1.4040000438690186,0.33394560711465693,0.3174387762200217,1.0
CVNA,2023-02-14,1,GARCH,2.1440000534057617,2.1458188216589424,2.5380001068115234,0.392181285152581,0.1829203709811471,1.0
CVNA,2023-02-14,5,GARCH,2.1440000534057617,2.1531093364869345,2.013999938964844,0.13910939752209028,0.06488311289970072,0.0
CVNA,2023-02-14,10,GARCH,2.1440000534057617,2.1622573224767763,1.781999945640564,0.3802573768362123,0.17735884671838997,0.0
CVNA,2023-02-14,20,GARCH,2.1440000534057617,2.180670061634371,1.409999966621399,0.7706700950129721,0.35945432640673514,0.0
CVNA,2023-04-17,1,GARCH,1.812000036239624,1.8135344183864528,1.7599999904632568,0.05353442792319596,0.029544385680197904,0.0
CVNA,2023-04-17,5,GARCH,1.812000036239624,1.8196849509637778,1.6740000247955322,0.14568492616824558,0.08040006802128996,0.0
CVNA,2023-04-17,10,GARCH,1.812000036239624,1.8274024583552253,1.3860000371932983,0.44140242116192696,0.24359956530572313,0.0
CVNA,2023-04-17,20,GARCH,1.812000036239624,1.8429358046442716,2.315999984741211,0.4730641800969393,0.2610729418519613,1.0
CVNA,2023-06-14,1,GARCH,4.679999828338623,4.683913072070564,5.276000022888184,0.5920869508176194,0.12651431037077798,1.0
CVNA,2023-06-14,5,GARCH,4.679999828338623,4.6995987954747935,5.107999801635742,0.40840100616094865,0.08726517545748047,1.0
CVNA,2023-06-14,10,GARCH,4.679999828338623,4.71927983943295,5.1479997634887695,0.4287199240558195,0.09160682473956694,1.0
CVNA,2023-06-14,20,GARCH,4.679999828338623,4.758889534144407,7.539999961853027,2.7811104277086205,0.5942543866921255,1.0
CVNA,2023-08-14,1,GARCH,8.218000411987305,8.225104239280945,7.863999843597412,0.36110439568353314,0.04394066410081998,0.0
CVNA,2023-08-14,5,GARCH,8.218000411987305,8.253581008666131,8.067999839782715,0.18558116888341658,0.022582277875371815,0.0
CVNA,2023-08-14,10,GARCH,8.218000411987305,8.289315654845636,9.074000358581545,0.784684703735909,0.0954836534920731,1.0
CVNA,2023-08-14,20,GARCH,8.218000411987305,8.361249766480917,10.15999984741211,1.7987500809311925,0.21887928823992508,1.0
CVNA,2023-10-12,1,GARCH,6.77400016784668,6.779064742539385,6.77400016784668,0.005064574692704937,0.0007476490356088661,0.0
CVNA,2023-10-12,5,GARCH,6.77400016784668,6.79936093487455,6.317999839782715,0.48136109509183544,0.07106009494606358,0.0
CVNA,2023-10-12,10,GARCH,6.77400016784668,6.824816648534883,5.820000171661377,1.004816476873506,0.1483342857951121,0.0
CVNA,2023-10-12,20,GARCH,6.77400016784668,6.876014338943422,6.0879998207092285,0.7880145182341938,0.11632927350290989,0.0
CVNA,2023-12-11,1,GARCH,7.966000080108643,7.971164214537243,7.900000095367432,0.07116411916981136,0.008933482105719648,0.0
CVNA,2023-12-11,5,GARCH,7.966000080108643,7.9918542515964,11.13599967956543,3.14414542796903,0.3946956309754581,1.0
CVNA,2023-12-11,10,GARCH,7.966000080108643,8.017792334479662,10.711999893188477,2.694207558708815,0.33821334818164717,1.0
CVNA,2023-12-11,20,GARCH,7.966000080108643,8.069921324676171,9.347999572753906,1.278078248077735,0.16044165644300423,1.0
CVNA,2024-02-12,1,GARCH,11.055999755859377,11.063734864070073,10.394000053405762,0.6697348106643108,0.06057659419803896,0.0
CVNA,2024-02-12,5,GARCH,11.055999755859377,11.094729451919353,10.362000465393066,0.7327289865262863,0.06627433092497681,0.0
CVNA,2024-02-12,10,GARCH,11.055999755859377,11.133594819957445,16.083999633789062,4.950404813831618,0.4477573193874249,1.0
CVNA,2024-02-12,20,GARCH,11.055999755859377,11.211734474694564,15.255999565124512,4.044265090429947,0.36579822537410944,1.0
CVNA,2024-04-11,1,GARCH,16.08799934387207,16.09897501247153,14.998000144958496,1.1009748675130346,0.06843454204468236,0.0
CVNA,2024-04-11,5,GARCH,16.08799934387207,16.142952616953195,14.229999542236328,1.9129530747168673,0.11890559129376843,0.0
CVNA,2024-04-11,10,GARCH,16.08799934387207,16.198093599031427,15.5,0.6980935990314272,0.043392194648325444,0.0
CVNA,2024-04-11,20,GARCH,16.08799934387207,16.30894125706954,24.082000732421875,7.773059475352333,0.48315886327488533,1.0
CVNA,2024-06-11,1,GARCH,20.823999404907227,20.838204509981047,22.214000701904297,1.37579619192325,0.06606781748173884,1.0
CVNA,2024-06-11,5,GARCH,20.823999404907227,20.89512189661837,22.1560001373291,1.2608782407107313,0.06054928336261867,1.0
CVNA,2024-06-11,10,GARCH,20.823999404907227,20.966487300784944,25.31999969482422,4.353512394039274,0.2090622607784629,1.0
CVNA,2024-06-11,20,GARCH,20.823999404907227,21.109950167900266,25.98600006103516,4.876049893134894,0.2341553031347976,1.0
CVNA,2024-08-09,1,GARCH,27.18400001525879,27.20651873721191,26.69599914550781,0.5105195917040994,0.01878014977256981,0.0
CVNA,2024-08-09,5,GARCH,27.18400001525879,27.296780320535895,31.18600082397461,3.8892205034387146,0.14307020678544857,1.0
CVNA,2024-08-09,10,GARCH,27.18400001525879,27.41002852594732,31.95599937438965,4.545970848442327,0.16722965148214408,1.0
CVNA,2024-08-09,20,GARCH,27.18400001525879,27.637936410076684,27.09600067138672,0.5419357386899648,0.01993583499064777,0.0
CVNA,2024-10-09,1,GARCH,38.01399993896485,38.053578953210796,38.31399917602539,0.2604202228145951,0.0068506398493377585,1.0
CVNA,2024-10-09,5,GARCH,38.01399993896485,38.21230752406069,38.68000030517578,0.4676927811150904,0.012303172038354626,1.0
CVNA,2024-10-09,10,GARCH,38.01399993896485,38.411649620083296,39.46799850463867,1.0563488845553763,0.027788417063488335,1.0
CVNA,2024-10-09,20,GARCH,38.01399993896485,38.813458959989234,47.7859992980957,8.97254033810647,0.23603252361005822,1.0
CVNA,2024-12-06,1,GARCH,50.242000579833984,50.304895946875014,48.805999755859375,1.498896191015639,0.02983352919304849,0.0
CVNA,2024-12-06,5,GARCH,50.242000579833984,50.557265755938325,49.650001525878906,0.9072642300594183,0.018057884232093535,0.0
CVNA,2024-12-06,10,GARCH,50.242000579833984,50.874509199828914,44.891998291015625,5.982510908813289,0.11907389912364552,0.0
CVNA,2024-12-06,20,GARCH,50.242000579833984,51.51498062285219,39.66999816894531,11.84498245390688,0.23575857484188623,0.0
CVNA,2025-02-07,1,GARCH,52.81399917602539,52.879885589061374,53.5620002746582,0.6821146855968294,0.012915414402218994,1.0
CVNA,2025-02-07,5,GARCH,52.81399917602539,53.144254212078415,57.06600189208984,3.9217476800114213,0.07425583635392785,1.0
CVNA,2025-02-07,10,GARCH,52.81399917602539,53.47657438977077,43.130001068115234,10.346573321655534,0.19590588637628303,0.0
CVNA,2025-02-07,20,GARCH,52.81399917602539,54.147461905570886,34.321998596191406,19.82546330937948,0.3753827322051979,0.0
CVNA,2025-04-09,1,GARCH,44.0880012512207,44.14630036464023,40.73199844360352,3.41430192103671,0.07744288296449309,0.0
CVNA,2025-04-09,5,GARCH,44.0880012512207,44.380268748058015,41.86000061035156,2.520268137706452,0.05716449070452401,0.0
CVNA,2025-04-09,10,GARCH,44.0880012512207,44.6744737400705,47.00400161743164,2.329527877361137,0.05283813761678835,1.0
CVNA,2025-04-09,20,GARCH,44.0880012512207,45.2687476708187,57.10599899291992,11.837251322101224,0.2684914486064045,1.0
CVNA,2025-06-09,1,GARCH,67.98200225830078,68.08795482242459,67.69999694824219,0.3879578741824048,0.005706773282557087,0.0
CVNA,2025-06-09,5,GARCH,67.98200225830078,68.51341896600428,58.0099983215332,10.503420644471078,0.15450296101257577,0.0
CVNA,2025-06-09,10,GARCH,67.98200225830078,69.04898976902486,64.59400177001953,4.454987999005326,0.06553187389330473,0.0
CVNA,2025-06-09,20,GARCH,67.98200225830078,70.13272380545017,70.21800231933594,0.08527851388576835,0.0012544278051969115,1.0
CVNA,2025-08-08,1,GARCH,69.51200103759766,69.61589448861906,69.05000305175781,0.56589143686125,0.008140917085025068,0.0
CVNA,2025-08-08,5,GARCH,69.51200103759766,70.03302341896736,69.99800109863281,0.035022320334547885,0.0005038312782219556,1.0
CVNA,2025-08-08,10,GARCH,69.51200103759766,70.5579510874506,71.56199645996094,1.0040453725103333,0.014444201828793135,1.0
CVNA,2025-08-08,20,GARCH,69.51200103759766,71.61963959239701,74.44200134277344,2.8223617503764302,0.040602510476570375,1.0
CVNA,2025-10-07,1,GARCH,74.06199645996094,74.16955392608936,72.18199920654297,1.9875547195463952,0.026836364323785,0.0
CVNA,2025-10-07,5,GARCH,74.06199645996094,74.60134807754295,69.18199920654297,5.419348870999983,0.07317314047738044,0.0
CVNA,2025-10-07,10,GARCH,74.06199645996094,75.14462748780262,71.17400360107422,3.9706238867284043,0.05361216381568901,0.0
CVNA,2025-10-07,20,GARCH,74.06199645996094,76.24308431022814,61.95800018310547,14.285084127122673,0.19288008438775217,0.0
CVNA,2025-12-05,1,GARCH,79.9540023803711,80.08050498658943,89.59600067138672,9.515495684797287,0.11901212449038523,1.0
CVNA,2025-12-05,5,GARCH,79.9540023803711,80.58852009523338,91.13600158691406,10.547481491680685,0.13191936835760099,1.0
CVNA,2025-12-05,10,GARCH,79.9540023803711,81.22807336452054,90.04399871826172,8.815925353741179,0.11026246455806588,1.0
CVNA,2025-12-05,20,GARCH,79.9540023803711,82.52244673284495,88.08799743652344,5.565550703678483,0.0696094071338802,1.0
CVNA,2026-02-05,1,GARCH,76.73799896240234,76.8561409464702,80.73400115966797,3.8778602131977635,0.05053376769829132,1.0
CVNA,2026-02-05,5,GARCH,76.73799896240234,77.33053053999718,68.8280029296875,8.502527610309684,0.11079944389057472,0.0
CVNA,2026-02-05,10,GARCH,76.73799896240234,77.92763734336276,67.3239974975586,10.603639845804167,0.1381797804109982,0.0
CVNA,2026-02-05,20,GARCH,76.73799896240234,79.13571821040034,63.540000915527344,15.595717294872998,0.2032333069111445,0.0
CVNA,2026-04-08,1,GARCH,67.76200103759766,67.86484955200582,65.38600158691406,2.4788479650917594,0.03658168187383326,0.0
CVNA,2026-04-08,5,GARCH,67.76200103759766,68.27780700562006,74.21600341796875,5.938196412348688,0.08763313245507431,1.0
CVNA,2026-04-08,10,GARCH,67.76200103759766,68.79753930097304,83.35800170898438,14.560462408011333,0.21487651168879274,1.0
CVNA,2026-04-08,20,GARCH,67.76200103759766,69.84890265036263,77.8759994506836,8.027096800320962,0.11846014989827602,1.0
CVNA,2026-06-05,1,GARCH,66.51000213623047,66.60511370731551,69.44999694824219,2.844883240926677,0.04277376559242296,1.0
CVNA,2026-06-05,5,GARCH,66.51000213623047,66.98692206597626,64.0999984741211,2.8869235918551652,0.043405856249139285,0.0
CVNA,2026-06-05,10,GARCH,66.51000213623047,67.46726182149386,66.66999816894531,0.7972636525485512,0.011987124145862005,1.0
CVNA,2026-06-05,20,GARCH,66.51000213623047,68.43829907517701,67.48999786376953,0.9483012114074825,0.014258024070802344,1.0
CVNA,2026-08-06,1,GARCH,68.33999633789062,68.43990697076444,70.8499984741211,2.4100915033566537,0.035266193042220007,1.0
CVNA,2026-08-06,5,GARCH,68.33999633789062,68.84101229700532,73.69999694824219,4.858984651236867,0.07110015966657057,1.0
CVNA,2026-08-06,10,GARCH,68.33999633789062,69.34570131735411,71.5199966430664,2.1742953257122934,0.03181585370537654,1.0
CVNA,2026-08-06,20,GARCH,68.33999633789062,70.36620645133789,73.43000030517578,3.0637938538378933,0.044831636201583924,1.0
PLUG,2011-03-11,1,GARCH,6.5,6.472156677271961,6.199999809265137,0.2721568680068245,0.04187028738566523,1.0
PLUG,2011-03-11,5,GARCH,6.5,6.361970981548558,6.199999809265137,0.16197117228342162,0.02491864188975712,1.0
PLUG,2011-03-11,10,GARCH,6.5,6.226873041548603,6.5,0.2731269584513969,0.04201953206944564,0.0
PLUG,2011-03-11,20,GARCH,6.5,5.965222750086886,6.800000190734863,0.8347774406479775,0.12842729856122737,0.0
PLUG,2011-07-05,1,GARCH,2.2799999713897705,2.2697567960036413,2.259999990463257,0.009756805540384494,0.00427930072930538,1.0
PLUG,2011-07-05,5,GARCH,2.2799999713897705,2.2292422186852767,2.0799999237060547,0.14924229497922203,0.06545714774209033,1.0
PLUG,2011-07-05,10,GARCH,2.2799999713897705,2.179614443828125,2.2799999713897705,0.10038552756164565,0.04402874071110441,0.0
PLUG,2011-07-05,20,GARCH,2.2799999713897705,2.0836487646306385,2.119999885559082,0.0363511209284435,0.015943474291486792,1.0
PLUG,2011-10-25,1,GARCH,2.1700000762939453,2.1628651980928897,2.0299999713897705,0.13286522670311918,0.06122821291786962,1.0
PLUG,2011-10-25,5,GARCH,2.1700000762939453,2.134559507323424,2.119999885559082,0.014559621764342001,0.006709502881312224,1.0
PLUG,2011-10-25,10,GARCH,2.1700000762939453,2.099697755811333,2.1700000762939453,0.07030232048261231,0.03239738157183791,0.0
PLUG,2011-10-25,20,GARCH,2.1700000762939453,2.0316730464307815,2.140000104904175,0.1083270584733933,0.0499203016888371,1.0
PLUG,2012-02-17,1,GARCH,2.309999942779541,2.3034050159711703,2.3299999237060547,0.026594907734884377,0.011512947356562941,0.0
PLUG,2012-02-17,5,GARCH,2.309999942779541,2.2772130536184747,2.4200000762939453,0.1427870226754706,0.06181256545991953,0.0
PLUG,2012-02-17,10,GARCH,2.309999942779541,2.244891523819957,2.059999942779541,0.18489158104041614,0.08003964745468473,1.0
PLUG,2012-02-17,20,GARCH,2.309999942779541,2.181618215823327,1.7699999809265137,0.4116182348968134,0.17818971649043758,1.0
PLUG,2012-06-12,1,GARCH,1.1699999570846558,1.165976468239735,1.1799999475479126,0.014023479308177489,0.011985880190218512,0.0
PLUG,2012-06-12,5,GARCH,1.1699999570846558,1.150020400796473,1.149999976158142,2.0424638330851508e-05,1.7456956478700825e-05,1.0
PLUG,2012-06-12,10,GARCH,1.1699999570846558,1.1303820262895845,1.1200000047683716,0.010382021521212925,0.008873522993182226,1.0
PLUG,2012-06-12,20,GARCH,1.1699999570846558,1.0921056172877228,1.100000023841858,0.007894406554135092,0.006747356276666783,1.0
PLUG,2012-10-03,1,GARCH,0.8399999737739563,0.8373311611825685,0.8500000238418579,0.01266886265928946,0.015081979827178738,0.0
PLUG,2012-10-03,5,GARCH,0.8399999737739563,0.8267404342371998,0.8600000143051147,0.03325958006791496,0.03959473941229574,0.0
PLUG,2012-10-03,10,GARCH,0.8399999737739563,0.8136901987411767,0.8100000023841858,0.0036901963569908602,0.004393091038338404,1.0
PLUG,2012-10-03,20,GARCH,0.8399999737739563,0.7882044764273103,0.7900000214576721,0.0017955450303618337,0.0021375536743112322,1.0
PLUG,2013-01-30,1,GARCH,0.4600000083446502,0.45843419918226386,0.449999988079071,0.008434211103192868,0.018335241196068885,1.0
PLUG,2013-01-30,5,GARCH,0.4600000083446502,0.45222408050798196,0.3700000047683716,0.08222407573961038,0.17874798749569776,1.0
PLUG,2013-01-30,10,GARCH,0.4600000083446502,0.4445795984378881,0.25,0.19457959843788808,0.422999119365453,1.0
PLUG,2013-01-30,20,GARCH,0.4600000083446502,0.4296761212210801,0.1700000017881393,0.25967611943294083,0.5645132928745106,1.0
PLUG,2013-05-23,1,GARCH,0.2800000011920929,0.27899420277324843,0.3300000131130218,0.05100581033977336,0.18216360758077654,0.0
PLUG,2013-05-23,5,GARCH,0.2800000011920929,0.27500700920721816,0.3799999952316284,0.10499298602441026,0.3749749484907331,0.0
PLUG,2013-05-23,10,GARCH,0.2800000011920929,0.2701030528253966,0.3799999952316284,0.10989694240623182,0.39248907835124414,0.0
PLUG,2013-05-23,20,GARCH,0.2800000011920929,0.2605559244106862,0.4199999868869781,0.1594440624762919,0.5694430778480816,0.0
PLUG,2013-09-16,1,GARCH,0.6200000047683716,0.6179418184619774,0.5899999737739563,0.027941844688021078,0.04506749108568153,1.0
PLUG,2013-09-16,5,GARCH,0.6200000047683716,0.6097771714891562,0.5799999833106995,0.02977718817845676,0.048027722499101255,1.0
PLUG,2013-09-16,10,GARCH,0.6200000047683716,0.5997228967897003,0.7400000095367432,0.1402771127470429,0.2262534059164234,0.0
PLUG,2013-09-16,20,GARCH,0.6200000047683716,0.5801089518833136,0.6399999856948853,0.05989103381157168,0.09659844088863623,0.0
PLUG,2014-01-08,1,GARCH,4.550000190734863,4.535029040316611,3.319999933242798,1.2150291070738133,0.267039352997824,1.0
PLUG,2014-01-08,5,GARCH,4.550000190734863,4.475635425591796,3.799999952316284,0.6756354732755119,0.1484913065830863,1.0
PLUG,2014-01-08,10,GARCH,4.550000190734863,4.402486071012018,3.0799999237060547,1.3224861473059635,0.29065628392696197,1.0
PLUG,2014-01-08,20,GARCH,4.550000190734863,4.25975445999366,3.180000066757202,1.079754393236458,0.23730864790624728,1.0
PLUG,2014-05-02,1,GARCH,4.5,4.484675162538266,4.059999942779541,0.4246752197587247,0.09437227105749446,1.0
PLUG,2014-05-02,5,GARCH,4.5,4.423895928726256,3.7200000286102295,0.7038959001160263,0.15642131113689473,1.0
PLUG,2014-05-02,10,GARCH,4.5,4.349078930711276,4.289999961853027,0.05907896885824826,0.013128659746277305,1.0
PLUG,2014-05-02,20,GARCH,4.5,4.203219454568163,4.380000114440918,0.1767806598727546,0.03928459108283433,1.0
PLUG,2014-08-25,1,GARCH,6.010000228881836,5.990927985551347,5.75,0.2409279855513473,0.04008784964658352,1.0
PLUG,2014-08-25,5,GARCH,6.010000228881836,5.9152423366053934,5.420000076293945,0.49524226031144813,0.08240303518317638,1.0
PLUG,2014-08-25,10,GARCH,6.010000228881836,5.821978463930734,5.269999980926514,0.5519784830042207,0.0918433381003243,1.0
PLUG,2014-08-25,20,GARCH,6.010000228881836,5.639838925726552,4.579999923706055,1.0598390020204977,0.17634591708121805,1.0
PLUG,2014-12-16,1,GARCH,2.7300000190734863,2.7203337726697407,2.940000057220459,0.21966628455071824,0.08046383993259798,0.0
PLUG,2014-12-16,5,GARCH,2.7300000190734863,2.682009834928625,3.059999942779541,0.3779901078509158,0.13845791399635177,0.0
PLUG,2014-12-16,10,GARCH,2.7300000190734863,2.6348632616841914,3.0,0.3651367383158086,0.13374972006034258,0.0
PLUG,2014-12-16,20,GARCH,2.7300000190734863,2.543041889841898,2.549999952316284,0.006958062474386129,0.0025487408153013202,1.0
PLUG,2015-04-13,1,GARCH,2.5899999141693115,2.5813057437326092,2.6700000762939453,0.08869433256133608,0.0342449171816992,0.0
PLUG,2015-04-13,5,GARCH,2.5899999141693115,2.546819931831916,2.720000028610229,0.17318009677831325,0.06686490444686266,0.0
PLUG,2015-04-13,10,GARCH,2.5899999141693115,2.5043598378869705,2.5899999141693115,0.08564007628234105,0.033065667614050165,0.0
PLUG,2015-04-13,20,GARCH,2.5899999141693115,2.421551507901423,2.549999952316284,0.12844844441486103,0.049593995626080245,1.0
PLUG,2015-08-04,1,GARCH,2.720000028610229,2.7112093174166625,2.7799999713897705,0.06879065397310802,0.025290681341741172,0.0
PLUG,2015-08-04,5,GARCH,2.720000028610229,2.6763296610878333,2.3299999237060547,0.34632973738177864,0.12732710799225033,1.0
PLUG,2015-08-04,10,GARCH,2.720000028610229,2.633360433631423,2.259999990463257,0.3733604431681661,0.1372648673680098,1.0
PLUG,2015-08-04,20,GARCH,2.720000028610229,2.5494805516449457,1.659999966621399,0.8894805850235468,0.3270149175248438,1.0
PLUG,2015-11-24,1,GARCH,1.940000057220459,1.9339907518245347,2.069999933242798,0.13600918141826313,0.0701078234054956,0.0
PLUG,2015-11-24,5,GARCH,1.940000057220459,1.9101390975829993,2.109999895095825,0.19986079751282593,0.10302102660717294,0.0
PLUG,2015-11-24,10,GARCH,1.940000057220459,1.8807377652054211,1.9900000095367432,0.10926224433132203,0.05632074283949662,0.0
PLUG,2015-11-24,20,GARCH,1.940000057220459,1.823285792340532,2.2699999809265137,0.4467141885859818,0.23026503887119099,0.0
PLUG,2016-03-21,1,GARCH,2.069999933242798,2.063822711770653,2.0799999237060547,0.01617721193540156,0.007815078481697824,0.0
PLUG,2016-03-21,5,GARCH,2.069999933242798,2.039297615090674,2.0799999237060547,0.04070230861538082,0.019662951656050587,0.0
PLUG,2016-03-21,10,GARCH,2.069999933242798,2.0090506748952235,2.0,0.009050674895223487,0.0043723068536746235,1.0
PLUG,2016-03-21,20,GARCH,2.069999933242798,1.9498960118195918,2.0999999046325684,0.15010389281297654,0.07251396021922984,0.0
PLUG,2016-07-13,1,GARCH,1.7400000095367432,1.7347974771729913,1.7300000190734863,0.0047974580995049365,0.0027571598121900465,1.0
PLUG,2016-07-13,5,GARCH,1.7400000095367432,1.714142437007911,1.7899999618530271,0.0758575248451161,0.04359627840767211,0.0
PLUG,2016-07-13,10,GARCH,1.7400000095367432,1.68866912542932,1.7899999618530271,0.1013308364237071,0.05823611256800243,0.0
PLUG,2016-07-13,20,GARCH,1.7400000095367432,1.6388525284763844,1.7000000476837158,0.06114751920733141,0.0351422522253958,1.0
PLUG,2016-11-02,1,GARCH,1.4800000190734863,1.47553677050127,1.4800000190734863,0.00446324857221625,0.003015708455875843,0.0
PLUG,2016-11-02,5,GARCH,1.4800000190734863,1.4578179694786582,1.25,0.20781796947865816,0.1404175451354095,1.0
PLUG,2016-11-02,10,GARCH,1.4800000190734863,1.4359683815851045,1.4800000190734863,0.04403163748838179,0.02975110602765163,0.0
PLUG,2016-11-02,20,GARCH,1.4800000190734863,1.3932467340122106,1.4199999570846558,0.02675322307244521,0.01807650184301568,1.0
PLUG,2017-02-28,1,GARCH,1.0800000429153442,1.0764839914957107,1.0700000524520874,0.006483939043623321,0.006003647024050762,1.0
PLUG,2017-02-28,5,GARCH,1.0800000429153442,1.0625338824356325,1.0700000524520874,0.007466170016454887,0.0069131201109036144,1.0
PLUG,2017-02-28,10,GARCH,1.0800000429153442,1.0453501911686809,1.0299999713897705,0.015350219778910379,0.014213165897173585,1.0
PLUG,2017-02-28,20,GARCH,1.0800000429153442,1.0118120173649412,1.5,0.4881879826350588,0.45202589188538156,0.0
PLUG,2017-06-21,1,GARCH,2.150000095367432,2.143084234201932,2.2100000381469727,0.0669158039450406,0.031123628361330313,0.0
PLUG,2017-06-21,5,GARCH,2.150000095367432,2.1156425361903146,2.130000114440918,0.014357578250603353,0.006677943076160542,1.0
PLUG,2017-06-21,10,GARCH,2.150000095367432,2.0818340197202896,2.069999933242798,0.011834086477491734,0.005504226024450221,1.0
PLUG,2017-06-21,20,GARCH,2.150000095367432,2.0158291597303672,2.119999885559082,0.10417072582871478,0.04845149823628825,1.0
PLUG,2017-10-12,1,GARCH,2.869999885559082,2.861574258444796,2.799999952316284,0.06157430612851167,0.021454462921177697,1.0
PLUG,2017-10-12,5,GARCH,2.869999885559082,2.828118380955689,2.5299999713897705,0.2981184095659186,0.10387401444367816,1.0
PLUG,2017-10-12,10,GARCH,2.869999885559082,2.7868480472574486,2.690000057220459,0.09684799003698963,0.033744945609335164,1.0
PLUG,2017-10-12,20,GARCH,2.869999885559082,2.7061053478020334,2.509999990463257,0.19610535733877654,0.06832939552559414,1.0
PLUG,2018-02-06,1,GARCH,1.840000033378601,1.8344760826834487,1.9800000190734863,0.14552393639003758,0.07908909442943168,0.0
PLUG,2018-02-06,5,GARCH,1.840000033378601,1.81254561990582,1.7799999713897705,0.032545648516049575,0.017687852133507542,1.0
PLUG,2018-02-06,10,GARCH,1.840000033378601,1.7855008503490506,1.9900000095367432,0.20449915918769257,0.11114084536846025,0.0
PLUG,2018-02-06,20,GARCH,1.840000033378601,1.732615885198309,1.830000042915344,0.09738415771703512,0.05292617171219205,1.0
PLUG,2018-05-31,1,GARCH,1.870000004768372,1.8646033093032113,1.8899999856948853,0.025396676391673978,0.013581110335248336,0.0
PLUG,2018-05-31,5,GARCH,1.870000004768372,1.8431718236576964,1.850000023841858,0.006828200184161526,0.0036514439394386144,1.0
PLUG,2018-05-31,10,GARCH,1.870000004768372,1.8167285362902676,1.9900000095367432,0.17327147324647552,0.09265854160676212,0.0
PLUG,2018-05-31,20,GARCH,1.870000004768372,1.7649746343076589,1.9900000095367432,0.22502537522908428,0.12033442494935032,0.0
PLUG,2018-09-21,1,GARCH,1.899999976158142,1.894818031895665,1.8799999952316284,0.014818036664036471,0.007798966763146509,1.0
PLUG,2018-09-21,5,GARCH,1.899999976158142,1.874231199111496,1.919999957084656,0.045768757973160046,0.024088820288148627,0.0
PLUG,2018-09-21,10,GARCH,1.899999976158142,1.848811911474751,1.870000004768372,0.021188093293621035,0.011151628189208673,1.0
PLUG,2018-09-21,20,GARCH,1.899999976158142,1.79900290889605,1.940000057220459,0.14099714832440902,0.07420902636510018,0.0
PLUG,2019-01-17,1,GARCH,1.399999976158142,1.3960545184591011,1.3799999952316284,0.016054523227472695,0.011467516786342613,1.0
PLUG,2019-01-17,5,GARCH,1.399999976158142,1.3803835650118876,1.3600000143051147,0.02038355070677289,0.014559679324216201,1.0
PLUG,2019-01-17,10,GARCH,1.399999976158142,1.3610420135747845,1.340000033378601,0.02104198019618342,0.01502998611037587,1.0
PLUG,2019-01-17,20,GARCH,1.399999976158142,1.323168138758922,1.6200000047683716,0.29683186600944955,0.21202276504604733,0.0
PLUG,2019-05-13,1,GARCH,2.2300000190734863,2.224020689316039,2.2799999713897705,0.055979282073731707,0.025102816858714627,0.0
PLUG,2019-05-13,5,GARCH,2.2300000190734863,2.200263265573844,2.569999933242798,0.36973666766895397,0.1658011948459852,0.0
PLUG,2019-05-13,10,GARCH,2.2300000190734863,2.1709230477249344,2.6700000762939453,0.4990770285690109,0.22380135618849262,0.0
PLUG,2019-05-13,20,GARCH,2.2300000190734863,2.113411138490224,2.619999885559082,0.5065887470688581,0.2271698397919002,0.0
PLUG,2019-09-04,1,GARCH,2.150000095367432,2.1443828785909402,2.1700000762939453,0.02561719770300508,0.01191497514730433,0.0
PLUG,2019-09-04,5,GARCH,2.150000095367432,2.122060387266381,2.5,0.377939612733619,0.17578585859040619,0.0
PLUG,2019-09-04,10,GARCH,2.150000095367432,2.094483761609119,2.819999933242798,0.7255161716336787,0.33744936718697627,0.0
PLUG,2019-09-04,20,GARCH,2.150000095367432,2.0404009456076686,2.4100000858306885,0.3695991402230199,0.1719065692226659,0.0
PLUG,2019-12-26,1,GARCH,3.150000095367432,3.1425731126880643,3.0799999237060547,0.06257318898200959,0.01986450383732785,1.0
PLUG,2019-12-26,5,GARCH,3.150000095367432,3.1130398809179485,3.2300000190734863,0.11696013815553785,0.03713020146492885,0.0
PLUG,2019-12-26,10,GARCH,3.150000095367432,3.076513335487764,4.139999866485596,1.0634865309978316,0.33761476152392966,0.0
PLUG,2019-12-26,20,GARCH,3.150000095367432,3.004740957739562,3.809999942779541,0.8052589850399792,0.2556377652890355,0.0
PLUG,2020-04-21,1,GARCH,4.21999979019165,4.210583339173449,4.329999923706055,0.11941658453260562,0.028297770253486787,0.0
PLUG,2020-04-21,5,GARCH,4.21999979019165,4.173127184197276,4.440000057220459,0.26687287302318285,0.06324002044821497,0.0
PLUG,2020-04-21,10,GARCH,4.21999979019165,4.126775204103835,4.170000076293945,0.04322487219011073,0.010242861217807708,1.0
PLUG,2020-04-21,20,GARCH,4.21999979019165,4.035610054955198,4.170000076293945,0.13439002133874745,0.03184597820386248,1.0
PLUG,2020-08-12,1,GARCH,10.630000114440918,10.607000030538686,11.359999656677246,0.7529996261385605,0.07083721712435398,0.0
PLUG,2020-08-12,5,GARCH,10.630000114440918,10.515496271118167,13.649999618530272,3.134503347412105,0.29487331266853556,0.0
PLUG,2020-08-12,10,GARCH,10.630000114440918,10.402225836073358,13.050000190734863,2.6477743546615056,0.24908507301561444,0.0
PLUG,2020-08-12,20,GARCH,10.630000114440918,10.179332190003757,12.119999885559082,1.9406676955553248,0.18256516224481645,0.0
PLUG,2020-12-03,1,GARCH,23.850000381469727,23.800574133177207,24.850000381469727,1.0494262482925194,0.04400109985356104,0.0
PLUG,2020-12-03,5,GARCH,23.850000381469727,23.603891318832122,27.190000534057617,3.5861092152254948,0.15036097097976253,0.0
PLUG,2020-12-03,10,GARCH,23.850000381469727,23.3603218649888,30.56999969482422,7.209677829835417,0.30229256664653903,0.0
PLUG,2020-12-03,20,GARCH,23.850000381469727,22.88069722882937,32.16999816894531,9.289300940115943,0.3894885027898478,0.0
PLUG,2021-03-30,1,GARCH,34.040000915527344,33.970475785025975,35.84000015258789,1.8695243675619153,0.05492139592479073,0.0
PLUG,2021-03-30,5,GARCH,34.040000915527344,33.69379238435454,31.959999084472656,1.7337932998818815,0.0509339968639958,1.0
PLUG,2021-03-30,10,GARCH,34.040000915527344,33.351105014868956,28.38999938964844,4.961105625220515,0.14574340457662882,1.0
PLUG,2021-03-30,20,GARCH,34.040000915527344,32.67615087534981,28.86000061035156,3.816150264998253,0.11210781910577206,1.0
PLUG,2021-07-22,1,GARCH,27.32999992370605,27.273495057687644,26.809999465942383,0.4634955917452608,0.016959224040949405,1.0
PLUG,2021-07-22,5,GARCH,27.32999992370605,27.04864142075976,27.200000762939453,0.15135934217969194,0.005538212316217539,1.0
PLUG,2021-07-22,10,GARCH,27.32999992370605,26.77017946400451,26.0,0.7701794640045101,0.0281807342171434,1.0
PLUG,2021-07-22,20,GARCH,27.32999992370605,26.221826217913485,23.76000022888184,2.461825989031645,0.09007778982451653,1.0
PLUG,2021-11-11,1,GARCH,43.43999862670898,43.35519824342646,43.13999938964844,0.21519885377801984,0.004953933254632004,1.0
PLUG,2021-11-11,5,GARCH,43.43999862670898,43.017648892842374,40.41999816894531,2.597650723897061,0.0597985912987552,1.0
PLUG,2021-11-11,10,GARCH,43.43999862670898,42.59940549652956,40.25,2.349405496529563,0.05408392197980039,1.0
PLUG,2021-11-11,20,GARCH,43.43999862670898,41.77507840762184,33.220001220703125,8.555077186918716,0.19694008879776181,1.0
PLUG,2022-03-08,1,GARCH,25.57999992370605,25.52590047895077,26.190000534057617,0.6641000551068466,0.025961691051116675,0.0
PLUG,2022-03-08,5,GARCH,25.57999992370605,25.31064443826278,23.09000015258789,2.22064428567489,0.08681173933925335,1.0
PLUG,2022-03-08,10,GARCH,25.57999992370605,25.04412524592955,27.25,2.20587475407045,0.08623435342648977,0.0
PLUG,2022-03-08,20,GARCH,25.57999992370605,24.519476591262446,30.440000534057617,5.920523942795171,0.2314512885243747,0.0
PLUG,2022-06-30,1,GARCH,16.56999969482422,16.535116099626396,17.18000030517578,0.6448842055493849,0.038918781981077566,0.0
PLUG,2022-06-30,5,GARCH,16.56999969482422,16.39631455296627,19.770000457763672,3.3736859047974015,0.20360204990536013,0.0
PLUG,2022-06-30,10,GARCH,16.56999969482422,16.224449962047235,15.460000038146973,0.764449923900262,0.046134576824346296,1.0
PLUG,2022-06-30,20,GARCH,16.56999969482422,15.886106301691576,21.34000015258789,5.453893850896314,0.3291426645348632,0.0
PLUG,2022-10-21,1,GARCH,16.489999771118164,16.454666687114596,15.729999542236328,0.7246671448782678,0.04394585536304885,1.0
PLUG,2022-10-21,5,GARCH,16.489999771118164,16.314089811807346,16.09000015258789,0.22408965921945523,0.013589427673124876,1.0
PLUG,2022-10-21,10,GARCH,16.489999771118164,16.14005640278241,14.789999961853027,1.3500564409293823,0.08187122253900658,1.0
PLUG,2022-10-21,20,GARCH,16.489999771118164,15.797539375425549,15.84000015258789,0.042460777162341756,0.002574941040127343,1.0
PLUG,2023-02-15,1,GARCH,16.770000457763672,16.73364895125997,15.84000015258789,0.8936487986720785,0.05328853752406215,1.0
PLUG,2023-02-15,5,GARCH,16.770000457763672,16.589029192799693,14.649999618530272,1.939029574269421,0.1156248969195316,1.0
PLUG,2023-02-15,10,GARCH,16.770000457763672,16.410010855554777,13.329999923706056,3.0800109318487205,0.18366194679635983,1.0
PLUG,2023-02-15,20,GARCH,16.770000457763672,16.057748892592222,11.800000190734863,4.257748701857359,0.2538907922263195,1.0
PLUG,2023-06-09,1,GARCH,9.170000076293944,9.149087275182087,10.369999885559082,1.2209126103769954,0.13314205018746605,0.0
PLUG,2023-06-09,5,GARCH,9.170000076293944,9.065911914778596,10.56999969482422,1.5040877800456247,0.16402265730988985,0.0
PLUG,2023-06-09,10,GARCH,9.170000076293944,8.963005252202995,9.130000114440918,0.1669948622379227,0.018210999002021167,1.0
PLUG,2023-06-09,20,GARCH,9.170000076293944,8.760682931584673,11.18000030517578,2.419317373591106,0.26382959143538764,0.0
PLUG,2023-10-03,1,GARCH,6.53000020980835,6.514765376642655,6.53000020980835,0.015234833165694184,0.002333052477212938,0.0
PLUG,2023-10-03,5,GARCH,6.53000020980835,6.454180652346982,7.159999847412109,0.7058191950651276,0.10808869408686328,0.0
PLUG,2023-10-03,10,GARCH,6.53000020980835,6.379241432574577,7.71999979019165,1.340758357617073,0.20532286593240756,0.0
PLUG,2023-10-03,20,GARCH,6.53000020980835,6.2319632385234645,5.889999866485596,0.34196337203786875,0.052368049165484654,1.0
PLUG,2024-01-26,1,GARCH,3.400000095367432,3.3919144509598427,3.7899999618530273,0.39808551089318467,0.11708397050799613,0.0
PLUG,2024-01-26,5,GARCH,3.400000095367432,3.3597637037761277,4.659999847412109,1.3002361436359817,0.38242238446039445,0.0
PLUG,2024-01-26,10,GARCH,3.400000095367432,3.320003478997435,4.329999923706055,1.0099964447086198,0.2970577695232304,0.0
PLUG,2024-01-26,20,GARCH,3.400000095367432,3.2418890562895397,3.039999961853028,0.20188909443651193,0.059379143756963404,1.0
PLUG,2024-05-20,1,GARCH,3.200000047683716,3.192099711604636,3.0799999237060547,0.11209978789858122,0.035031183196301274,1.0
PLUG,2024-05-20,5,GARCH,3.200000047683716,3.1606929341789693,3.25,0.08930706582103065,0.0279084576532036,0.0
PLUG,2024-05-20,10,GARCH,3.200000047683716,3.1218686485333014,3.220000028610229,0.09813138007692768,0.03066605581707993,0.0
PLUG,2024-05-20,20,GARCH,3.200000047683716,3.045644910458586,2.640000104904175,0.4056448055544113,0.12676399984682274,1.0
PLUG,2024-09-12,1,GARCH,1.940000057220459,1.9350612463855683,1.9600000381469729,0.024938791761404566,0.01285504692053252,0.0
PLUG,2024-09-12,5,GARCH,1.940000057220459,1.9154314145639855,2.059999942779541,0.14456852821555555,0.07451985770695613,0.0
PLUG,2024-09-12,10,GARCH,1.940000057220459,1.8911739153014182,2.059999942779541,0.1688260274781228,0.08702372293741512,0.0
PLUG,2024-09-12,20,GARCH,1.940000057220459,1.8435766352712344,1.9700000286102293,0.12642339333899488,0.06516669567532296,0.0
PLUG,2025-01-06,1,GARCH,3.150000095367432,3.142150692474583,2.950000047683716,0.1921506447908672,0.06100020284870944,1.0
PLUG,2025-01-06,5,GARCH,3.150000095367432,3.110948191325321,2.6600000858306885,0.4509481054946325,0.14315812439428877,1.0
PLUG,2025-01-06,10,GARCH,3.150000095367432,3.072380430509604,2.0299999713897705,1.0423804591198333,0.3309144214480555,1.0
PLUG,2025-01-06,20,GARCH,3.150000095367432,2.996673404442327,1.850000023841858,1.1466733806004692,0.36402328440777876,1.0
PLUG,2025-05-01,1,GARCH,0.8500000238418579,0.8477531532779568,0.8399999737739563,0.007753179504000451,0.009121387395917169,1.0
PLUG,2025-05-01,5,GARCH,0.8500000238418579,0.8388249074920131,0.8500000238418579,0.011175116349844805,0.013147195336930873,0.0
PLUG,2025-05-01,10,GARCH,0.8500000238418579,0.8277967125797326,0.699999988079071,0.1277967245006616,0.1503490834306589,1.0
PLUG,2025-05-01,20,GARCH,0.8500000238418579,0.8061733860436955,0.8799999952316284,0.07382660918793293,0.08685483190253218,0.0
PLUG,2025-08-25,1,GARCH,1.6699999570846558,1.665651435247505,1.649999976158142,0.01565145908936283,0.00937213143207849,1.0
PLUG,2025-08-25,5,GARCH,1.6699999570846558,1.648370284831881,1.4800000190734863,0.16837026575839475,0.10082052100906713,1.0
PLUG,2025-08-25,10,GARCH,1.6699999570846558,1.6270207579286784,1.409999966621399,0.21702079130727947,0.1299525729845742,1.0
PLUG,2025-08-25,20,GARCH,1.6699999570846558,1.5851476735077659,2.5299999713897705,0.9448522978820046,0.5657798336303238,0.0
PLUG,2025-12-16,1,GARCH,2.289999961853028,2.284042256988779,2.1600000858306885,0.12404217115809058,0.05416688787091406,1.0
PLUG,2025-12-16,5,GARCH,2.289999961853028,2.2603660315292866,2.049999952316284,0.21036607921300243,0.0918629182171593,1.0
PLUG,2025-12-16,10,GARCH,2.289999961853028,2.231115581485485,1.9700000286102293,0.2611155528752558,0.11402426079691541,1.0
PLUG,2025-12-16,20,GARCH,2.289999961853028,2.173745336624068,2.259999990463257,0.08625465383918884,0.03766578833014178,1.0
PLUG,2026-04-13,1,GARCH,2.7699999809265137,2.762796139023394,2.940000057220459,0.17720391819706505,0.06397253408564774,0.0
PLUG,2026-04-13,5,GARCH,2.7699999809265137,2.7341676326078046,3.220000028610229,0.48583239600242445,0.17539075788726988,0.0
PLUG,2026-04-13,10,GARCH,2.7699999809265137,2.6987988067421185,3.0799999237060547,0.3812011169639362,0.13761773270353284,0.0
PLUG,2026-04-13,20,GARCH,2.7699999809265137,2.6294278156769093,3.5199999809265137,0.8905721652496044,0.3215061990548189,0.0
PLUG,2026-08-06,1,GARCH,2.069999933242798,2.0643601113957506,2.180000066757202,0.11563995536145155,0.05586471453662967,0.0
PLUG,2026-08-06,5,GARCH,2.069999933242798,2.041954065785616,2.299999952316284,0.25804588653066807,0.12465985258580248,0.0
PLUG,2026-08-06,10,GARCH,2.069999933242798,2.0142881841771265,2.200000047683716,0.1857118635065893,0.089715878983464,0.0
PLUG,2026-08-06,20,GARCH,2.069999933242798,1.9600758549588244,2.109999895095825,0.14992404013700078,0.07242707486571476,0.0
RKLB,2022-02-02,1,GARCH,9.420000076293944,9.4190001230121,9.029999732971191,0.38900039004090914,0.041295157843985075,1.0
RKLB,2022-02-02,5,GARCH,9.420000076293944,9.415001371243985,10.640000343322754,1.2249989720787688,0.1300423526706289,0.0
RKLB,2022-02-02,10,GARCH,9.420000076293944,9.410005318747315,9.9399995803833,0.5299942616359861,0.05626266001523195,0.0
RKLB,2022-02-02,20,GARCH,9.420000076293944,9.400021165784297,8.479999542236328,0.920021623547969,0.09766683822681332,1.0
RKLB,2022-03-08,1,GARCH,8.510000228881836,8.508511272287341,8.829999923706055,0.3214886514187132,0.03777774885688279,0.0
RKLB,2022-03-08,5,GARCH,8.510000228881836,8.502558050614207,7.920000076293945,0.5825579743202614,0.06845569431868348,1.0
RKLB,2022-03-08,10,GARCH,8.510000228881836,8.49512238069157,9.0,0.5048776193084308,0.059327568240825745,0.0
RKLB,2022-03-08,20,GARCH,8.510000228881836,8.480270543119495,8.199999809265137,0.2802707338543584,0.03293428041319624,1.0
RKLB,2022-04-08,1,GARCH,7.800000190734863,7.798115108989829,7.829999923706055,0.03188481471622584,0.004087796658530873,0.0
RKLB,2022-04-08,5,GARCH,7.800000190734863,7.790579336720451,7.980000019073486,0.18942068235303555,0.024284702271935354,0.0
RKLB,2022-04-08,10,GARCH,7.800000190734863,7.781169861230166,7.829999923706055,0.04883006247588906,0.0062602642669024045,0.0
RKLB,2022-04-08,20,GARCH,7.800000190734863,7.762384990866569,5.670000076293945,2.092384914572624,0.2682544696675826,1.0
RKLB,2022-05-12,1,GARCH,5.190000057220459,5.188299369478149,5.860000133514404,0.6717007640362551,0.129422111104174,0.0
RKLB,2022-05-12,5,GARCH,5.190000057220459,5.181502189590112,4.75,0.43150218959011166,0.08314107607567267,1.0
RKLB,2022-05-12,10,GARCH,5.190000057220459,5.173018235977773,4.659999847412109,0.5130183885656638,0.09884747262226712,1.0
RKLB,2022-05-12,20,GARCH,5.190000057220459,5.156091979715731,4.21999979019165,0.9360921895240804,0.18036458173478542,1.0
RKLB,2022-06-15,1,GARCH,4.329999923706055,4.328523010560373,4.139999866485596,0.188523144074777,0.0435388331169807,1.0
RKLB,2022-06-15,5,GARCH,4.329999923706055,4.322620393840459,4.070000171661377,0.25262022217908164,0.05834185372522205,1.0
RKLB,2022-06-15,10,GARCH,4.329999923706055,4.315253440755925,3.7899999618530273,0.525253478902898,0.12130565546369176,1.0
RKLB,2022-06-15,20,GARCH,4.329999923706055,4.300557179229174,3.950000047683716,0.3505571315454583,0.08096007799589433,1.0
RKLB,2022-07-20,1,GARCH,4.369999885559082,4.368670155990835,4.360000133514404,0.008670022476430894,0.0019839868886682988,1.0
RKLB,2022-07-20,5,GARCH,4.369999885559082,4.363355282667092,4.28000020980835,0.08335507285874222,0.019074387881380495,1.0
RKLB,2022-07-20,10,GARCH,4.369999885559082,4.3567207829212675,5.150000095367432,0.7932793124461641,0.18152845153785968,0.0
RKLB,2022-07-20,20,GARCH,4.369999885559082,4.343482031443974,6.019999980926514,1.6765179494825393,0.383642561415777,0.0
RKLB,2022-08-22,1,GARCH,5.489999771118164,5.4887599693568685,5.349999904632568,0.13876006472430014,0.025275058380564985,1.0
RKLB,2022-08-22,5,GARCH,5.489999771118164,5.483803561512757,5.130000114440918,0.3538034470718392,0.06444507501314145,1.0
RKLB,2022-08-22,10,GARCH,5.489999771118164,5.4776143451705686,5.260000228881836,0.21761411628873262,0.03963827420058541,1.0
RKLB,2022-08-22,20,GARCH,5.489999771118164,5.4652568607133745,5.050000190734863,0.4152566699785112,0.07563874085443445,1.0
RKLB,2022-09-23,1,GARCH,4.119999885559082,4.118735125117028,4.230000019073486,0.11126489395645844,0.02700604297258613,0.0
RKLB,2022-09-23,5,GARCH,4.119999885559082,4.113679964727556,4.070000171661377,0.043679793066178974,0.010601891815405162,1.0
RKLB,2022-09-23,10,GARCH,4.119999885559082,4.107369738410696,4.360000133514404,0.2526303951037079,0.06131805876723373,0.0
RKLB,2022-09-23,20,GARCH,4.119999885559082,4.094778309859743,4.239999771118164,0.14522146125842106,0.035247928468987055,0.0
RKLB,2022-10-26,1,GARCH,4.690000057220459,4.688860822440017,4.789999961853027,0.10113913941301078,0.021564848225812283,0.0
RKLB,2022-10-26,5,GARCH,4.690000057220459,4.684306649929437,4.889999866485596,0.2056932165561589,0.04385782815492412,0.0
RKLB,2022-10-26,10,GARCH,4.690000057220459,4.678620154128008,4.739999771118164,0.06137961699015637,0.013087338217759648,0.0
RKLB,2022-10-26,20,GARCH,4.690000057220459,4.6672678634434055,4.400000095367432,0.26726776807597385,0.05698673023777556,1.0
RKLB,2022-11-29,1,GARCH,3.9600000381469727,3.958810814176725,4.190000057220459,0.23118924304373412,0.05838112141835128,0.0
RKLB,2022-11-29,5,GARCH,3.9600000381469727,3.954057488570955,4.0,0.04594251142904504,0.0116016441885044,0.0
RKLB,2022-11-29,10,GARCH,3.9600000381469727,3.9481238566452217,4.170000076293945,0.22187621964872362,0.05602934785640745,0.0
RKLB,2022-11-29,20,GARCH,3.9600000381469727,3.9362832922358195,3.5799999237060547,0.35628336852976483,0.08997054674183347,1.0
RKLB,2023-01-03,1,GARCH,3.869999885559082,3.868910364579928,4.039999961853027,0.17108959727309925,0.04420919956910607,0.0
RKLB,2023-01-03,5,GARCH,3.869999885559082,3.8645553471280523,4.380000114440918,0.5154447673128657,0.13318986629334273,0.0
RKLB,2023-01-03,10,GARCH,3.869999885559082,3.859118468386843,5.170000076293945,1.3108816079071022,0.33872910766707287,0.0
RKLB,2023-01-03,20,GARCH,3.869999885559082,3.848267646884676,4.980000019073486,1.1317323721888104,0.2924373141228953,0.0
RKLB,2023-02-06,1,GARCH,4.920000076293945,4.9194736475983865,4.900000095367432,0.019473552230954816,0.003958039009955394,1.0
RKLB,2023-02-06,5,GARCH,4.920000076293945,4.917368496022483,4.710000038146973,0.20736845787551061,0.042148059890217304,1.0
RKLB,2023-02-06,10,GARCH,4.920000076293945,4.9147383233149675,4.579999923706055,0.33473839960891283,0.06803625902808086,1.0
RKLB,2023-02-06,20,GARCH,4.920000076293945,4.909482197580702,4.400000095367432,0.5094821022132701,0.10355327120178504,1.0
RKLB,2023-03-10,1,GARCH,3.910000085830689,3.9088884096859196,3.940000057220459,0.031111647534539433,0.007956942928795119,0.0
RKLB,2023-03-10,5,GARCH,3.910000085830689,3.904444864883082,3.880000114440918,0.024444750442163876,0.006251854195796103,1.0
RKLB,2023-03-10,10,GARCH,3.910000085830689,3.8988975366411265,3.930000066757202,0.031102530116075666,0.007954611108267562,0.0
RKLB,2023-03-10,20,GARCH,3.910000085830689,3.8878265134351446,4.0,0.11217348656485537,0.028688870614442252,0.0
RKLB,2023-04-13,1,GARCH,4.110000133514404,4.109086749207202,4.019999980926514,0.08908676828068796,0.021675612016224144,1.0
RKLB,2023-04-13,5,GARCH,4.110000133514404,4.10543524138346,3.950000047683716,0.155435193699744,0.037818780693526066,1.0
RKLB,2023-04-13,10,GARCH,4.110000133514404,4.100875419383778,3.900000095367432,0.20087532401634567,0.04887477311213129,1.0
RKLB,2023-04-13,20,GARCH,4.110000133514404,4.091770963259297,4.099999904632568,0.008228941373271681,0.0020021754515698875,1.0
RKLB,2023-05-16,1,GARCH,4.28000020980835,4.279081010889206,4.5,0.22091898911079433,0.05161658371056177,0.0
RKLB,2023-05-16,5,GARCH,4.28000020980835,4.275406188916296,4.519999980926514,0.24459379201021747,0.05714807944394229,0.0
RKLB,2023-05-16,10,GARCH,4.28000020980835,4.270817099105299,4.579999923706055,0.3091828246007555,0.07223897416925595,0.0
RKLB,2023-05-16,20,GARCH,4.28000020980835,4.261653691560672,5.690000057220459,1.4283463656597872,0.3337257700096574,0.0
RKLB,2023-06-20,1,GARCH,5.809999942779541,5.8096803735750076,5.900000095367432,0.09031972179242409,0.015545563284328434,0.0
RKLB,2023-06-20,5,GARCH,5.809999942779541,5.808402272520835,5.5,0.3084022725208353,0.053081286670941696,1.0
RKLB,2023-06-20,10,GARCH,5.809999942779541,5.806805041599527,5.860000133514404,0.053195091914877146,0.00915578183111454,0.0
RKLB,2023-06-20,20,GARCH,5.809999942779541,5.80361189728589,7.929999828338623,2.126387931052733,0.36598759931062164,0.0
RKLB,2023-07-24,1,GARCH,7.389999866485596,7.389930205741271,7.619999885559082,0.23006967981781123,0.03113256887340443,0.0
RKLB,2023-07-24,5,GARCH,7.389999866485596,7.3896515693303755,7.369999885559082,0.01965168377129345,0.0026592265394232983,1.0
RKLB,2023-07-24,10,GARCH,7.389999866485596,7.389303288590706,6.590000152587891,0.7993031360028153,0.10816010154854494,1.0
RKLB,2023-07-24,20,GARCH,7.389999866485596,7.388606776354918,5.880000114440918,1.5086066619140004,0.20414163588225298,1.0
RKLB,2023-08-25,1,GARCH,5.789999961853027,5.7891981097945395,5.929999828338623,0.14080171854408352,0.02431808626455012,0.0
RKLB,2023-08-25,5,GARCH,5.789999961853027,5.7859918118847515,6.340000152587891,0.5540083407031391,0.09568365187446981,0.0
RKLB,2023-08-25,10,GARCH,5.789999961853027,5.781986436573863,6.039999961853027,0.2580135252791642,0.04456192175804252,0.0
RKLB,2023-08-25,20,GARCH,5.789999961853027,5.773984002242509,4.349999904632568,1.4239840976099405,0.24593853315919711,1.0
RKLB,2023-09-28,1,GARCH,4.340000152587891,4.338865065947765,4.380000114440918,0.04113504849315319,0.009478121439379539,0.0
RKLB,2023-09-28,5,GARCH,4.340000152587891,4.334327687324368,4.449999809265137,0.11567212194076859,0.02665256172209929,0.0
RKLB,2023-09-28,10,GARCH,4.340000152587891,4.328662636084126,4.420000076293945,0.09133744020981904,0.021045492395975085,0.0
RKLB,2023-09-28,20,GARCH,4.340000152587891,4.3173547369250524,4.28000020980835,0.03735452711670284,0.008607033595247504,1.0
RKLB,2023-10-31,1,GARCH,4.230000019073486,4.229073702794513,4.239999771118164,0.010926068323651172,0.0025829948639205513,0.0
RKLB,2023-10-31,5,GARCH,4.230000019073486,4.225370465749446,4.5,0.27462953425055403,0.06492423948279502,0.0
RKLB,2023-10-31,10,GARCH,4.230000019073486,4.22074597927266,4.320000171661377,0.09925419238871669,0.02346434797663588,0.0
RKLB,2023-10-31,20,GARCH,4.230000019073486,4.211512184685132,4.389999866485596,0.1784876818004637,0.04219566926611007,0.0
RKLB,2023-12-04,1,GARCH,4.579999923706055,4.579533548990944,4.449999809265137,0.12953373972580717,0.028282476393796663,1.0
RKLB,2023-12-04,5,GARCH,4.579999923706055,4.577668524984718,4.659999847412109,0.08233132242739138,0.017976271571806146,0.0
RKLB,2023-12-04,10,GARCH,4.579999923706055,4.575338313036325,4.489999771118164,0.08533854191816115,0.018632869724833245,1.0
RKLB,2023-12-04,20,GARCH,4.579999923706055,4.570681447042229,5.099999904632568,0.5293184575903398,0.11557171755627993,0.0
RKLB,2024-01-08,1,GARCH,5.550000190734863,5.549325288269495,5.449999809265137,0.09932547900435829,0.017896482088446075,1.0
RKLB,2024-01-08,5,GARCH,5.550000190734863,5.546626499016914,4.940000057220459,0.6066264417964549,0.10930205782860214,1.0
RKLB,2024-01-08,10,GARCH,5.550000190734863,5.543254858072913,5.079999923706055,0.4632549343668586,0.0834693546750167,1.0
RKLB,2024-01-08,20,GARCH,5.550000190734863,5.536517723521082,4.260000228881836,1.2765174946392461,0.23000314428281587,1.0
RKLB,2024-02-09,1,GARCH,4.340000152587891,4.3390159486333495,4.71999979019165,0.3809838415583009,0.08778429220356698,0.0
RKLB,2024-02-09,5,GARCH,4.340000152587891,4.335081364238568,4.889999866485596,0.5549185022470278,0.1278614015522871,0.0
RKLB,2024-02-09,10,GARCH,4.340000152587891,4.330168150653755,4.570000171661377,0.23983202100762213,0.05526083239066548,0.0
RKLB,2024-02-09,20,GARCH,4.340000152587891,4.320358422511932,4.480000019073486,0.15964159656155452,0.03678377671631228,0.0
RKLB,2024-03-14,1,GARCH,4.170000076293945,4.168694124941817,4.119999885559082,0.048694239382735205,0.011677275417705024,1.0
RKLB,2024-03-14,5,GARCH,4.170000076293945,4.163474408202032,4.090000152587891,0.07347425561414145,0.01761972524457145,1.0
RKLB,2024-03-14,10,GARCH,4.170000076293945,4.156958952182845,4.110000133514404,0.04695881866844065,0.011261107388318092,1.0
RKLB,2024-03-14,20,GARCH,4.170000076293945,4.143958612463822,3.7300000190734863,0.413958593390336,0.09927064408071629,1.0
RKLB,2024-04-17,1,GARCH,3.569999933242798,3.568306188014498,3.549999952316284,0.01830623569821377,0.005127797210232821,1.0
RKLB,2024-04-17,5,GARCH,3.569999933242798,3.561539239068299,3.690000057220459,0.12846081815215982,0.03598342312445735,0.0
RKLB,2024-04-17,10,GARCH,3.569999933242798,3.5530985962515738,3.849999904632568,0.29690130838099416,0.08316563415487388,0.0
RKLB,2024-04-17,20,GARCH,3.569999933242798,3.536277274721816,4.340000152587891,0.8037228778660745,0.22513246299587897,0.0
RKLB,2024-05-20,1,GARCH,4.400000095367432,4.3988293437888375,4.460000038146973,0.06117069435813516,0.013902430234612684,0.0
RKLB,2024-05-20,5,GARCH,4.400000095367432,4.394149451780308,4.389999866485596,0.00414958529471221,0.0009430875465391564,1.0
RKLB,2024-05-20,10,GARCH,4.400000095367432,4.388306587745375,4.28000020980835,0.10830637793702547,0.024615085361261002,1.0
RKLB,2024-05-20,20,GARCH,4.400000095367432,4.376644156968214,4.909999847412109,0.5333556904438952,0.12121719974630052,0.0
RKLB,2024-06-24,1,GARCH,4.829999923706055,4.8287573352533375,4.739999771118164,0.08875756413517344,0.018376307564632377,1.0
RKLB,2024-06-24,5,GARCH,4.829999923706055,4.8237901773615475,4.539999961853027,0.2837902155085201,0.058755739128618534,1.0
RKLB,2024-06-24,10,GARCH,4.829999923706055,4.817588414650636,5.079999923706055,0.26241150905541843,0.054329505838598635,0.0
RKLB,2024-06-24,20,GARCH,4.829999923706055,4.805208799085792,5.400000095367432,0.59479129628164,0.1231451978627065,0.0
RKLB,2024-07-26,1,GARCH,5.400000095367432,5.399164518150919,5.320000171661377,0.0791643464895424,0.014660063905824083,1.0
RKLB,2024-07-26,5,GARCH,5.400000095367432,5.395823502027914,4.809999942779541,0.5858235592483734,0.10848584238932546,1.0
RKLB,2024-07-26,10,GARCH,5.400000095367432,5.391650139046105,5.369999885559082,0.021650253487022653,0.004009306130493551,1.0
RKLB,2024-07-26,20,GARCH,5.400000095367432,5.383313094163543,6.960000038146973,1.5766869439834297,0.29197905854409945,0.0
RKLB,2024-08-28,1,GARCH,6.090000152587891,6.088504465117975,6.230000019073486,0.1414955539555116,0.023234080527138157,0.0
RKLB,2024-08-28,5,GARCH,6.090000152587891,6.082525387703989,6.079999923706055,0.0025254639979346294,0.00041469030125740325,1.0
RKLB,2024-08-28,10,GARCH,6.090000152587891,6.075059797222168,6.860000133514404,0.7849403362922365,0.12889003557063683,0.0
RKLB,2024-08-28,20,GARCH,6.090000152587891,6.060156094436553,8.6899995803833,2.629843485946748,0.4318297898283665,0.0
RKLB,2024-10-01,1,GARCH,9.229999542236328,9.228656335962475,9.710000038146973,0.48134370218449796,0.05214991614916953,0.0
RKLB,2024-10-01,5,GARCH,9.229999542236328,9.223285465298963,9.40999984741211,0.18671438211314673,0.020229078155285296,0.0
RKLB,2024-10-01,10,GARCH,9.229999542236328,9.216576272308656,9.9399995803833,0.7234233080746453,0.07837739371104757,0.0
RKLB,2024-10-01,20,GARCH,9.229999542236328,9.203172523961102,11.470000267028809,2.266827743067706,0.24559348380189383,0.0
RKLB,2024-11-01,1,GARCH,11.420000076293944,11.419183388643976,11.25,0.16918338864397597,0.014814657400499698,1.0
RKLB,2024-11-01,5,GARCH,11.420000076293944,11.415917222046746,13.510000228881836,2.09408300683509,0.183369789215857,0.0
RKLB,2024-11-01,10,GARCH,11.420000076293944,11.411835827492954,19.0,7.588164172507046,0.6644627076893664,0.0
RKLB,2024-11-01,20,GARCH,11.420000076293944,11.403677415378308,24.155000686645508,12.7513232712672,1.1165782124412473,0.0
RKLB,2024-12-05,1,GARCH,23.920000076293945,23.920722919003545,24.68000030517578,0.7592773861722364,0.03174236554140841,1.0
RKLB,2024-12-05,5,GARCH,23.920000076293945,23.923614508285663,22.57999992370605,1.343614584579612,0.0561711781059403,0.0
RKLB,2024-12-05,10,GARCH,23.920000076293945,23.927229486436183,23.21999931335449,0.7072301730816939,0.02956647871345941,0.0
RKLB,2024-12-05,20,GARCH,23.920000076293945,23.934461081543756,28.799999237060547,4.865538155516791,0.20340878511697036,1.0
RKLB,2025-01-10,1,GARCH,26.90999984741211,26.911352519209135,23.90999984741211,3.001352671797026,0.1115329873212787,0.0
RKLB,2025-01-10,5,GARCH,26.90999984741211,26.916763886372337,24.0,2.916763886372337,0.10838959133821169,0.0
RKLB,2025-01-10,10,GARCH,26.90999984741211,26.923529625526665,29.43000030517578,2.506470679649116,0.09314272366635334,1.0
RKLB,2025-01-10,20,GARCH,26.90999984741211,26.937066206127174,30.600000381469727,3.662934175342553,0.13611795600566712,1.0
RKLB,2025-02-14,1,GARCH,28.020000457763672,28.020037176998375,27.739999771118164,0.2800374058802113,0.009994197048723508,0.0
RKLB,2025-02-14,5,GARCH,28.020000457763672,28.020184054418383,22.489999771118164,5.530184283300219,0.19736560288912974,0.0
RKLB,2025-02-14,10,GARCH,28.020000457763672,28.020367652276075,18.65999984741211,9.360367804863966,0.33406023026207454,0.0
RKLB,2025-02-14,20,GARCH,28.020000457763672,28.020734851600466,19.100000381469727,8.92073447013074,0.31837024712321216,0.0
RKLB,2025-03-20,1,GARCH,18.530000686645508,18.529168928692947,18.940000534057617,0.41083160536467034,0.02217115974856687,0.0
RKLB,2025-03-20,5,GARCH,18.530000686645508,18.525842270217947,18.420000076293945,0.1058421939240013,0.00571193685925131,1.0
RKLB,2025-03-20,10,GARCH,18.530000686645508,18.521684787002826,17.889999389648438,0.6316853973543886,0.034089874470951465,1.0
RKLB,2025-03-20,20,GARCH,18.530000686645508,18.513372619372245,19.739999771118164,1.2266271517459195,0.06619682171031671,0.0
RKLB,2025-04-23,1,GARCH,20.290000915527344,20.289311151924228,21.8799991607666,1.590688008842374,0.07839763120094612,0.0
RKLB,2025-04-23,5,GARCH,20.290000915527344,20.28655233199064,21.790000915527344,1.5034485835367022,0.07409800471650829,0.0
RKLB,2025-04-23,10,GARCH,20.290000915527344,20.28310433459134,22.290000915527344,2.0068965809360044,0.09891062052147015,0.0
RKLB,2025-04-23,20,GARCH,20.290000915527344,20.276210097806466,25.170000076293945,4.893789978487479,0.24119220096941474,0.0
RKLB,2025-05-27,1,GARCH,28.76000022888184,28.762219014972604,28.93000030517578,0.16778129020317678,0.005833841754795399,1.0
RKLB,2025-05-27,5,GARCH,28.76000022888184,28.77109587122422,26.71999931335449,2.05109655786973,0.07131768225126589,0.0
RKLB,2025-05-27,10,GARCH,28.76000022888184,28.782195794278632,27.170000076293945,1.6121957179846866,0.05605687430995432,0.0
RKLB,2025-05-27,20,GARCH,28.76000022888184,28.8044084891302,32.349998474121094,3.545589984990894,0.12328198737044116,1.0
RKLB,2025-06-30,1,GARCH,35.77000045776367,35.774366937970186,34.33000183105469,1.4443651069154981,0.040379230875911554,0.0
RKLB,2025-06-30,5,GARCH,35.77000045776367,35.79183818965359,38.7400016784668,2.9481634888132078,0.08242000142813333,1.0
RKLB,2025-06-30,10,GARCH,35.77000045776367,35.81368925356832,44.59999847412109,8.786309220552766,0.24563346681886178,1.0
RKLB,2025-06-30,20,GARCH,35.77000045776367,35.857431410034266,43.790000915527344,7.932569505493078,0.22176598836949024,1.0
RKLB,2025-08-01,1,GARCH,44.810001373291016,44.81718682098067,44.540000915527344,0.27718590545332944,0.006185804440045017,0.0
RKLB,2025-08-01,5,GARCH,44.810001373291016,44.845940135715374,44.68999862670898,0.15594150900639647,0.003480060348744929,0.0
RKLB,2025-08-01,10,GARCH,44.810001373291016,44.88190772194257,44.27000045776367,0.6119072641788961,0.013655595747060767,0.0
RKLB,2025-08-01,20,GARCH,44.810001373291016,44.9539294582937,48.59999847412109,3.6460690158273863,0.08136730426436944,1.0
RKLB,2025-09-04,1,GARCH,42.9900016784668,42.99846792271806,45.84000015258789,2.841532229869827,0.06609751381547668,1.0
RKLB,2025-09-04,5,GARCH,42.9900016784668,43.03234957602135,48.43000030517578,5.397650729154428,0.12555595530153352,1.0
RKLB,2025-09-04,10,GARCH,42.9900016784668,43.074739188959875,47.18000030517578,4.105261116215907,0.09549339278747193,1.0
RKLB,2025-09-04,20,GARCH,42.9900016784668,43.159643725398624,52.470001220703125,9.310357495304501,0.21657029848333198,1.0
RKLB,2025-10-07,1,GARCH,61.5099983215332,61.53021919494786,65.30999755859375,3.779778363645889,0.06144982062733506,1.0
RKLB,2025-10-07,5,GARCH,61.5099983215332,61.61116918481388,68.02999877929688,6.418829594482993,0.10435424759613277,1.0
RKLB,2025-10-07,10,GARCH,61.5099983215332,61.712506452644334,65.4000015258789,3.6874950732345724,0.05994952322968383,1.0
RKLB,2025-10-07,20,GARCH,61.5099983215332,61.91568129720507,56.56999969482422,5.34568160238085,0.08690752313855044,0.0
RKLB,2025-11-07,1,GARCH,51.63999938964844,51.6568920159143,51.900001525878906,0.24310950996460434,0.004707775229240818,1.0
RKLB,2025-11-07,5,GARCH,51.63999938964844,51.724517798706046,45.540000915527344,6.184516883178702,0.1197621409038675,0.0
RKLB,2025-11-07,10,GARCH,51.63999938964844,51.80917453777051,40.29999923706055,11.509175300709963,0.22287326562240517,0.0
RKLB,2025-11-07,20,GARCH,51.63999938964844,51.97890391190111,51.560001373291016,0.41890253861009086,0.008111977993052966,0.0
RKLB,2025-12-11,1,GARCH,63.52999877929688,63.554816813225514,61.4900016784668,2.0648151347587174,0.032501419399233455,0.0
RKLB,2025-12-11,5,GARCH,63.52999877929688,63.654185938627194,59.91999816894531,3.7341877696818813,0.05877833844534519,0.0
RKLB,2025-12-11,10,GARCH,63.52999877929688,63.77861585650998,70.6500015258789,6.871385669368927,0.10815970095072891,1.0
RKLB,2025-12-11,20,GARCH,63.52999877929688,64.02820586701868,87.9000015258789,23.871795658860222,0.37575627447736615,1.0
RKLB,2026-01-15,1,GARCH,90.76000213623048,90.79942642584129,96.3000030517578,5.5005766259165085,0.06060573486611598,1.0
RKLB,2026-01-15,5,GARCH,90.76000213623048,90.95729490974354,88.9000015258789,2.057293383864632,0.02266740122787403,0.0
RKLB,2026-01-15,10,GARCH,90.76000213623048,91.15501655542016,80.06999969482422,11.085016860595942,0.12213548479160863,0.0
RKLB,2026-01-15,20,GARCH,90.76000213623048,91.55175019439496,67.44000244140625,24.111747752988705,0.26566490949170596,0.0
RKLB,2026-02-19,1,GARCH,76.58000183105469,76.611822278069,70.86000061035156,5.7518216677174365,0.07510866453629361,0.0
RKLB,2026-02-19,5,GARCH,76.58000183105469,76.73923634108598,72.6500015258789,4.089234815207078,0.053398207331314285,0.0
RKLB,2026-02-19,10,GARCH,76.58000183105469,76.89880195099428,70.0,6.898801950994283,0.0900862077049035,0.0
RKLB,2026-02-19,20,GARCH,76.58000183105469,77.21892922572681,71.93000030517578,5.2889289205510295,0.06906410021011855,0.0
RKLB,2026-03-24,1,GARCH,66.06999969482422,66.09557609730315,72.87999725341797,6.784421156114817,0.10268535170957915,1.0
RKLB,2026-03-24,5,GARCH,66.06999969482422,66.19798075453915,64.22000122070312,1.9779795338360202,0.029937634977633687,0.0
RKLB,2026-03-24,10,GARCH,66.06999969482422,66.32620972028892,69.08000183105469,2.7537921107657723,0.04167991711042052,1.0
RKLB,2026-03-24,20,GARCH,66.06999969482422,66.58341329165115,90.04000091552734,23.45658762387619,0.35502630138068136,1.0
RKLB,2026-04-27,1,GARCH,82.29000091552734,82.32693717231975,78.58999633789062,3.73694083442912,0.045411845823955965,0.0
RKLB,2026-04-27,5,GARCH,82.29000091552734,82.47484806406041,80.30999755859375,2.16485050546666,0.02630757663605976,0.0
RKLB,2026-04-27,10,GARCH,82.29000091552734,82.66011043276531,117.3499984741211,34.689888041355786,0.42155653974248697,1.0
RKLB,2026-04-27,20,GARCH,82.29000091552734,83.03188456360427,143.1999969482422,60.16811238463792,0.7311716091290597,1.0
RKLB,2026-05-29,1,GARCH,143.47999572753906,143.54973912761136,122.38999938964844,21.159739737962923,0.14747519074466775,0.0
RKLB,2026-05-29,5,GARCH,143.47999572753906,143.82905190457723,110.08000183105467,33.749050073522554,0.23521780790689617,0.0
RKLB,2026-05-29,10,GARCH,143.47999572753906,144.17895726072302,102.38999938964844,41.78895787107459,0.29125285137608736,0.0
RKLB,2026-05-29,20,GARCH,143.47999572753906,144.88132377884853,98.01000213623048,46.87132164261804,0.32667495844942884,0.0
RKLB,2026-07-02,1,GARCH,100.45999908447266,100.50463471021764,93.08999633789062,7.414638372327019,0.07380687278418507,0.0
RKLB,2026-07-02,5,GARCH,100.45999908447266,100.68337562296479,81.04000091552734,19.643374707437445,0.1955342911253677,0.0
RKLB,2026-07-02,10,GARCH,100.45999908447266,100.9072488474852,67.62000274658203,33.287246100903175,0.3313482620372443,0.0
RKLB,2026-07-02,20,GARCH,100.45999908447266,101.35648977466597,64.94999694824219,36.406492826423786,0.36239790123640236,0.0
RKLB,2026-08-06,1,GARCH,75.66999816894531,75.7014462846409,82.83000183105469,7.128555546413793,0.09420583743768773,1.0
RKLB,2026-08-06,5,GARCH,75.66999816894531,75.82736949872591,80.0999984741211,4.272628975395179,0.0564639761964294,1.0
RKLB,2026-08-06,10,GARCH,75.66999816894531,75.98506811456488,72.94999694824219,3.0350711663226946,0.040109306723470683,0.0
RKLB,2026-08-06,20,GARCH,75.66999816894531,76.30144992846824,63.810001373291016,12.491448555177229,0.16507795503428035,0.0
IONQ,2022-03-11,1,GARCH,12.329999923706056,12.330037826414792,11.40999984741211,0.9200379790026822,0.07461784141894334,0.0
IONQ,2022-03-11,5,GARCH,12.329999923706056,12.330189438414877,14.359999656677246,2.0298102182623694,0.1646237007966067,1.0
IONQ,2022-03-11,10,GARCH,12.329999923706056,12.330378956036578,13.18000030517578,0.849621349139202,0.06890684139467784,1.0
IONQ,2022-03-11,20,GARCH,12.329999923706056,12.3307580000188,12.31999969482422,0.010758305194579876,0.0008725308403203513,0.0
IONQ,2022-04-12,1,GARCH,10.989999771118164,10.98991273294021,11.369999885559082,0.3800871526188718,0.034584818974950804,0.0
IONQ,2022-04-12,5,GARCH,10.989999771118164,10.989564587121555,9.800000190734863,1.1895643963866913,0.10824062066979101,1.0
IONQ,2022-04-12,10,GARCH,10.989999771118164,10.98912942035744,8.199999809265137,2.789129611092303,0.2537879589790497,1.0
IONQ,2022-04-12,20,GARCH,10.989999771118164,10.988259138523967,4.340000152587891,6.648258985936076,0.604937135977725,1.0
IONQ,2022-05-16,1,GARCH,4.860000133514404,4.859800240731935,5.710000038146973,0.8501997974150379,0.17493822511486934,0.0
IONQ,2022-05-16,5,GARCH,4.860000133514404,4.8590007518149765,5.760000228881836,0.9009994770668595,0.18539083380957055,0.0
IONQ,2022-05-16,10,GARCH,4.860000133514404,4.8580015756224935,5.75,0.8919984243775065,0.18353876540585135,0.0
IONQ,2022-05-16,20,GARCH,4.860000133514404,4.856003839589335,4.610000133514404,0.24600370607493094,0.05061804512689161,1.0
IONQ,2022-06-16,1,GARCH,4.760000228881836,4.7597436976236125,5.039999961853027,0.28025626422941485,0.05887736360366702,0.0
IONQ,2022-06-16,5,GARCH,4.760000228881836,4.758717710835966,5.110000133514404,0.35128242267843834,0.07379882474521593,0.0
IONQ,2022-06-16,10,GARCH,4.760000228881836,4.757435538347337,4.389999866485596,0.36743567186174086,0.07719236432643084,1.0
IONQ,2022-06-16,20,GARCH,4.760000228881836,4.754872229669396,4.590000152587891,0.16487207708150553,0.03463698931801007,1.0
IONQ,2022-07-21,1,GARCH,5.260000228881836,5.25978200112835,4.880000114440918,0.3797818866874323,0.07220187645660348,1.0
IONQ,2022-07-21,5,GARCH,5.260000228881836,5.25890918064934,5.289999961853027,0.031090781203687357,0.005910794648443574,0.0
IONQ,2022-07-21,10,GARCH,5.260000228881836,5.257818358726007,6.199999809265137,0.9421814505391302,0.17912194097744716,0.0
IONQ,2022-07-21,20,GARCH,5.260000228881836,5.255637393619069,7.630000114440918,2.374362720821849,0.45139973716818416,0.0
IONQ,2022-08-22,1,GARCH,6.420000076293945,6.419729551200242,6.429999828338623,0.010270277138380912,0.001599731622481615,0.0
IONQ,2022-08-22,5,GARCH,6.420000076293945,6.418647564814122,6.190000057220459,0.2286475075936627,0.035614876148981844,1.0
IONQ,2022-08-22,10,GARCH,6.420000076293945,6.417295338270012,5.630000114440918,0.7872952238290942,0.1226316533447106,1.0
IONQ,2022-08-22,20,GARCH,6.420000076293945,6.414591739748835,5.269999980926514,1.1445917588223216,0.17828531857012941,1.0
IONQ,2022-09-23,1,GARCH,4.769999980926514,4.769606736091572,4.789999961853027,0.02039322576145519,0.004275309401048255,0.0
IONQ,2022-09-23,5,GARCH,4.769999980926514,4.768034080921099,5.070000171661377,0.3019660907402777,0.06330526036640027,0.0
IONQ,2022-09-23,10,GARCH,4.769999980926514,4.766068991138504,5.28000020980835,0.5139312186698453,0.1077423942819431,0.0
IONQ,2022-09-23,20,GARCH,4.769999980926514,4.762141240906213,5.130000114440918,0.36785887353470503,0.07711926100747135,0.0
IONQ,2022-10-25,1,GARCH,5.400000095367432,5.399644061424027,5.53000020980835,0.13035614838432252,0.024140027052250046,0.0
IONQ,2022-10-25,5,GARCH,5.400000095367432,5.398220160375982,5.610000133514404,0.21177997313842223,0.03921851285152833,0.0
IONQ,2022-10-25,10,GARCH,5.400000095367432,5.396440812082407,4.960000038146973,0.4364407739354341,0.08082236411622468,1.0
IONQ,2022-10-25,20,GARCH,5.400000095367432,5.392883874815396,4.849999904632568,0.5428839701828281,0.10053406677688015,1.0
IONQ,2022-11-28,1,GARCH,4.940000057220459,4.93959663785915,4.829999923706055,0.10959671415309558,0.022185569409641115,1.0
IONQ,2022-11-28,5,GARCH,4.940000057220459,4.937983289834743,4.650000095367432,0.28798319446731124,0.05829619253675633,1.0
IONQ,2022-11-28,10,GARCH,4.940000057220459,4.935967345799359,4.46999979019165,0.4659675556077083,0.09432541502234104,1.0
IONQ,2022-11-28,20,GARCH,4.940000057220459,4.931937926435184,3.0999999046325684,1.8319380218026158,0.3708376519399018,1.0
IONQ,2022-12-29,1,GARCH,3.539999961853028,3.5395419494726434,3.450000047683716,0.08954190178892762,0.025294322811816317,1.0
IONQ,2022-12-29,5,GARCH,3.539999961853028,3.537710492460154,3.7699999809265137,0.23228948846635955,0.06561850027387195,0.0
IONQ,2022-12-29,10,GARCH,3.539999961853028,3.5354225037650653,4.409999847412109,0.8745773436470441,0.24705574945521824,0.0
IONQ,2022-12-29,20,GARCH,3.539999961853028,3.5308509646383377,4.460000038146973,0.929149073508635,0.2624714925200925,0.0
IONQ,2023-02-02,1,GARCH,5.489999771118164,5.489503385182037,5.5,0.010496614817962602,0.0019119517769715655,0.0
IONQ,2023-02-02,5,GARCH,5.489999771118164,5.487518290211175,4.690000057220459,0.7975182329907158,0.1452674437595255,1.0
IONQ,2023-02-02,10,GARCH,5.489999771118164,5.485037930934014,5.28000020980835,0.20503772112566399,0.03734749174386642,1.0
IONQ,2023-02-02,20,GARCH,5.489999771118164,5.48008057524149,5.03000020980835,0.45008036543314045,0.08198185504504518,1.0
IONQ,2023-03-07,1,GARCH,4.940000057220459,4.9395306131423675,5.059999942779541,0.1204693296371735,0.024386503692665262,0.0
IONQ,2023-03-07,5,GARCH,4.940000057220459,4.937653282896397,4.789999961853027,0.1476533210433697,0.029889335897386182,1.0
IONQ,2023-03-07,10,GARCH,4.940000057220459,4.935307623420446,4.869999885559082,0.06530773786136379,0.01322018969734795,1.0
IONQ,2023-03-07,20,GARCH,4.940000057220459,4.930619646894665,7.070000171661377,2.139380524766712,0.4330729757056837,0.0
IONQ,2023-04-10,1,GARCH,6.849999904632568,6.849387584177013,6.78000020980835,0.06938737436866305,0.010129543844480504,1.0
IONQ,2023-04-10,5,GARCH,6.849999904632568,6.846938849658195,6.550000190734863,0.2969386589233318,0.04334870993538498,1.0
IONQ,2023-04-10,10,GARCH,6.849999904632568,6.843879162575454,5.840000152587891,1.0038790099875632,0.14655168233048477,1.0
IONQ,2023-04-10,20,GARCH,6.849999904632568,6.83776388964007,6.150000095367432,0.6877637942726382,0.10040347501428615,1.0
IONQ,2023-05-10,1,GARCH,6.949999809265137,6.94941406144256,7.019999980926514,0.07058591948395332,0.010156247686489817,0.0
IONQ,2023-05-10,5,GARCH,6.949999809265137,6.947071563780462,8.960000038146973,2.012928474366511,0.28963000426029506,0.0
IONQ,2023-05-10,10,GARCH,6.949999809265137,6.944144552054327,10.239999771118164,3.295855219063837,0.4742237855417044,0.0
IONQ,2023-05-10,20,GARCH,6.949999809265137,6.938294227798618,10.649999618530272,3.7117053907316535,0.534058344258302,0.0
IONQ,2023-06-13,1,GARCH,10.630000114440918,10.629149551383716,9.9399995803833,0.6891499710004148,0.06483066449493269,1.0
IONQ,2023-06-13,5,GARCH,10.630000114440918,10.625747979681364,9.220000267028809,1.4057477126525555,0.1322434334448256,1.0
IONQ,2023-06-13,10,GARCH,10.630000114440918,10.621497545829602,13.350000381469728,2.7285028356401266,0.25667947377850364,0.0
IONQ,2023-06-13,20,GARCH,10.630000114440918,10.613001778128181,14.460000038146973,3.8469982600187915,0.36190011463806315,0.0
IONQ,2023-07-17,1,GARCH,14.899999618530272,14.898995159990658,15.710000038146973,0.8110048781563144,0.05442985898789643,0.0
IONQ,2023-07-17,5,GARCH,14.899999618530272,14.894978002925477,14.390000343322754,0.5049776596027229,0.03389111896182273,1.0
IONQ,2023-07-17,10,GARCH,14.899999618530272,14.889958079711551,19.25,4.360041920288449,0.2926202705982701,0.0
IONQ,2023-07-17,20,GARCH,14.899999618530272,14.879923308175007,14.880000114440918,7.680626591088924e-05,5.154783078942238e-06,1.0
IONQ,2023-08-17,1,GARCH,13.010000228881836,13.008907295310756,13.420000076293944,0.41109278098318747,0.03159821473873403,0.0
IONQ,2023-08-17,5,GARCH,13.010000228881836,13.004536479092097,14.619999885559082,1.6154634064669846,0.12417089762079347,0.0
IONQ,2023-08-17,10,GARCH,13.010000228881836,12.999075023888157,17.190000534057617,4.1909255101694605,0.3221310865825907,0.0
IONQ,2023-08-17,20,GARCH,13.010000228881836,12.988158993383488,17.079999923706055,4.091840930322567,0.3145150544454869,0.0
IONQ,2023-09-20,1,GARCH,14.800000190734863,14.798748622524846,13.529999732971191,1.2687488895536543,0.0857262752163962,1.0
IONQ,2023-09-20,5,GARCH,14.800000190734863,14.793743407989167,14.239999771118164,0.5537436368710029,0.03741511011720511,1.0
IONQ,2023-09-20,10,GARCH,14.800000190734863,14.787489270333328,14.770000457763672,0.017488812569656176,0.0011816765097478754,1.0
IONQ,2023-09-20,20,GARCH,14.800000190734863,14.77498892581877,13.6899995803833,1.0849893454354689,0.0733100899630188,1.0
IONQ,2023-10-20,1,GARCH,12.59000015258789,12.588623813005192,12.640000343322754,0.05137653031756173,0.004080741040102476,0.0
IONQ,2023-10-20,5,GARCH,12.59000015258789,12.583119959125192,10.140000343322754,2.4431196158024377,0.19405238968962613,1.0
IONQ,2023-10-20,10,GARCH,12.59000015258789,12.576243525556182,11.579999923706056,0.9962436018501251,0.0791297529607532,1.0
IONQ,2023-10-20,20,GARCH,12.59000015258789,12.562501929881499,12.699999809265137,0.13749787938363767,0.010921197594693899,0.0
IONQ,2023-11-22,1,GARCH,12.420000076293944,12.41873383994864,12.359999656677246,0.0587341832713939,0.004729000234347747,1.0
IONQ,2023-11-22,5,GARCH,12.420000076293944,12.413670185381449,12.229999542236328,0.1836706431451205,0.014788296458684624,1.0
IONQ,2023-11-22,10,GARCH,12.420000076293944,12.40734352051716,13.199999809265137,0.7926562887479776,0.06382095683404387,0.0
IONQ,2023-11-22,20,GARCH,12.420000076293944,12.394699862357376,13.789999961853027,1.3953000994956515,0.11234300248990026,0.0
IONQ,2023-12-26,1,GARCH,13.520000457763672,13.51864092055259,13.210000038146973,0.3086408824056175,0.022828466860619456,1.0
IONQ,2023-12-26,5,GARCH,13.520000457763672,13.51320413868719,11.93000030517578,1.5832038335114103,0.117100871294888,1.0
IONQ,2023-12-26,10,GARCH,13.520000457763672,13.506411236027235,12.09000015258789,1.4164110834393444,0.10476412984335293,1.0
IONQ,2023-12-26,20,GARCH,13.520000457763672,13.492835673088221,11.279999732971191,2.2128359401170297,0.16367129180430906,1.0
IONQ,2024-01-30,1,GARCH,10.6899995803833,10.68831360486829,10.270000457763672,0.41831314710461776,0.039131259450397415,1.0
IONQ,2024-01-30,5,GARCH,10.6899995803833,10.681572361428708,10.4399995803833,0.24157278104540758,0.02259801595209665,1.0
IONQ,2024-01-30,10,GARCH,10.6899995803833,10.673151785881233,10.539999961853027,0.13315182402820547,0.01245573706780545,1.0
IONQ,2024-01-30,20,GARCH,10.6899995803833,10.656330544063051,11.260000228881836,0.6036696848187848,0.05647050594151093,0.0
IONQ,2024-03-01,1,GARCH,10.65999984741211,10.658386924461803,10.09000015258789,0.5683867718739126,0.05331958536677628,1.0
IONQ,2024-03-01,5,GARCH,10.65999984741211,10.651937672742083,10.8100004196167,0.15806274687461652,0.014827650012864568,0.0
IONQ,2024-03-01,10,GARCH,10.65999984741211,10.643881595507453,9.3100004196167,1.3338811758907543,0.12512956800975716,1.0
IONQ,2024-03-01,20,GARCH,10.65999984741211,10.627787714901876,9.989999771118164,0.637787943783712,0.05983001434456359,1.0
IONQ,2024-04-04,1,GARCH,9.119999885559082,9.118440839554363,9.210000038146973,0.09155919859260919,0.010039385936570944,0.0
IONQ,2024-04-04,5,GARCH,9.119999885559082,9.112207320238339,8.239999771118164,0.8722075491201746,0.09563679386676938,1.0
IONQ,2024-04-04,10,GARCH,9.119999885559082,9.104421413259159,7.369999885559082,1.7344215277000767,0.19017780147633767,1.0
IONQ,2024-04-04,20,GARCH,9.119999885559082,9.088869551573517,9.0,0.0888695515735165,0.009744468496566072,1.0
IONQ,2024-05-06,1,GARCH,9.279999732971191,9.278518030383715,8.630000114440918,0.6485179159427972,0.06988339812539635,1.0
IONQ,2024-05-06,5,GARCH,9.279999732971191,9.272593585434787,8.770000457763672,0.5025931276711155,0.05415874376433838,1.0
IONQ,2024-05-06,10,GARCH,9.279999732971191,9.265193348568955,8.880000114440918,0.3851932341280371,0.041507892803000046,1.0
IONQ,2024-05-06,20,GARCH,9.279999732971191,9.250410587984106,7.710000038146973,1.5404105498371337,0.16599252092262062,1.0
IONQ,2024-06-07,1,GARCH,7.860000133514404,7.858384572751981,8.220000267028809,0.3616156942768276,0.046007085004353576,0.0
IONQ,2024-06-07,5,GARCH,7.860000133514404,7.85192564967699,7.699999809265137,0.1519258404118533,0.019328987001419273,1.0
IONQ,2024-06-07,10,GARCH,7.860000133514404,7.8438594606599485,6.760000228881836,1.0838592317781126,0.13789557421972864,1.0
IONQ,2024-06-07,20,GARCH,7.860000133514404,7.827751933011061,7.929999828338623,0.10224789532756162,0.013008637861414818,0.0
IONQ,2024-07-11,1,GARCH,8.020000457763672,8.018349326422445,8.449999809265137,0.4316504828426915,0.05382175289339752,0.0
IONQ,2024-07-11,5,GARCH,8.020000457763672,8.011748199652725,8.210000038146973,0.19825183849424732,0.024719679199311395,0.0
IONQ,2024-07-11,10,GARCH,8.020000457763672,8.00350443278368,7.929999828338623,0.07350460444505735,0.009165162125882698,1.0
IONQ,2024-07-11,20,GARCH,8.020000457763672,7.987042337831696,7.110000133514404,0.8770422043172914,0.10935687708948705,1.0
IONQ,2024-08-13,1,GARCH,7.28000020980835,7.278412091823649,7.309999942779541,0.03158785095589245,0.004338990390870379,0.0
IONQ,2024-08-13,5,GARCH,7.28000020980835,7.272063083577873,7.210000038146973,0.06206304543090013,0.00852514335745247,1.0
IONQ,2024-08-13,10,GARCH,7.28000020980835,7.26413461091484,7.28000020980835,0.01586559889350969,0.002179340444542044,0.0
IONQ,2024-08-13,20,GARCH,7.28000020980835,7.248303588562675,7.230000019073486,0.018303569489188654,0.0025142265057256363,1.0
IONQ,2024-09-13,1,GARCH,7.760000228881836,7.758413583605375,7.820000171661377,0.061586588056002256,0.007936415752513026,0.0
IONQ,2024-09-13,5,GARCH,7.760000228881836,7.752070245964074,8.220000267028809,0.4679300210647348,0.06030025866792532,0.0
IONQ,2024-09-13,10,GARCH,7.760000228881836,7.744148366735385,9.710000038146973,1.9658516714115875,0.2533313934830713,0.0
IONQ,2024-09-13,20,GARCH,7.760000228881836,7.728328886228896,10.65999984741211,2.9316709611832135,0.37779263849398725,0.0
IONQ,2024-10-16,1,GARCH,12.300000190734863,12.297676761317584,12.5,0.20232323868241586,0.01644904354024468,0.0
IONQ,2024-10-16,5,GARCH,12.300000190734863,12.288387431700942,14.739999771118164,2.4516123394172222,0.1993180732845785,0.0
IONQ,2024-10-16,10,GARCH,12.300000190734863,12.276785636583302,16.8700008392334,4.5932152026500965,0.3734321245059814,0.0
IONQ,2024-10-16,20,GARCH,12.300000190734863,12.253614896701343,26.76000022888184,14.506385332180496,1.1793809030269466,0.0
IONQ,2024-11-15,1,GARCH,29.13999938964844,29.135187119405472,25.229999542236328,3.905187577169144,0.13401467601116024,1.0
IONQ,2024-11-15,5,GARCH,29.13999938964844,29.115945984254225,31.799999237060547,2.684053252806322,0.09210889873113015,0.0
IONQ,2024-11-15,10,GARCH,29.13999938964844,29.091912433572535,32.060001373291016,2.9680889397184806,0.1018561771409251,0.0
IONQ,2024-11-15,20,GARCH,29.13999938964844,29.043904830804564,41.810001373291016,12.766096542486451,0.4380952920342689,0.0
IONQ,2024-12-19,1,GARCH,37.7599983215332,37.75392913888363,44.41999816894531,6.666069030061685,0.17653785292305635,0.0
IONQ,2024-12-19,5,GARCH,37.7599983215332,37.729662161743924,45.47999954223633,7.750337380492404,0.20525258805619861,0.0
IONQ,2024-12-19,10,GARCH,37.7599983215332,37.69935037384638,51.06999969482422,13.37064932097784,0.35409560157085684,0.0
IONQ,2024-12-19,20,GARCH,37.7599983215332,37.63879983542126,42.040000915527344,4.401201080106084,0.11655723717541133,0.0
IONQ,2025-01-24,1,GARCH,40.7599983215332,40.75376661468438,38.540000915527344,2.2137656991570367,0.05431221271634645,1.0
IONQ,2025-01-24,5,GARCH,40.7599983215332,40.72884931335263,39.4900016784668,1.2388476348858362,0.030393711626611086,1.0
IONQ,2025-01-24,10,GARCH,40.7599983215332,40.69772410941031,40.56999969482422,0.12772441458609052,0.0031335726164299915,1.0
IONQ,2025-01-24,20,GARCH,40.7599983215332,40.63554504148897,31.239999771118164,9.395545270370803,0.23050897098313194,1.0
IONQ,2025-02-27,1,GARCH,24.90999984741211,24.905613500900703,24.56999969482422,0.33561380607648417,0.013473055324460415,1.0
IONQ,2025-02-27,5,GARCH,24.90999984741211,24.888075837315213,20.479999542236328,4.408076295078885,0.17696010927663008,1.0
IONQ,2025-02-27,10,GARCH,24.90999984741211,24.86617112317262,21.3700008392334,3.4961702839392217,0.14035207970113406,1.0
IONQ,2025-02-27,20,GARCH,24.90999984741211,24.822419514833584,23.649999618530277,1.1724198963033068,0.04706623458390391,1.0
IONQ,2025-04-01,1,GARCH,23.190000534057617,23.185756665539962,25.049999237060547,1.8642425715205846,0.08038993223750446,0.0
IONQ,2025-04-01,5,GARCH,23.190000534057617,23.168788956507683,21.280000686645508,1.8887882698621752,0.08144839268495219,1.0
IONQ,2025-04-01,10,GARCH,23.190000534057617,23.147596780898745,25.399999618530277,2.252402837631532,0.09712819257263816,0.0
IONQ,2025-04-01,20,GARCH,23.190000534057617,23.105270564533342,27.459999084472656,4.354728519939314,0.18778475289570673,0.0
IONQ,2025-05-02,1,GARCH,30.920000076293945,30.914796188543413,29.81999969482422,1.094796493719194,0.03540738974831259,1.0
IONQ,2025-05-02,5,GARCH,30.920000076293945,30.893989394297545,31.270000457763672,0.37601106346612667,0.012160771750916455,0.0
IONQ,2025-05-02,10,GARCH,30.920000076293945,30.868000593141254,34.9900016784668,4.122001085325543,0.13331180708779633,0.0
IONQ,2025-05-02,20,GARCH,30.920000076293945,30.81608855973764,40.56999969482422,9.753911135086579,0.31545637487125366,0.0
IONQ,2025-06-05,1,GARCH,36.65999984741211,36.65399000157019,39.02000045776367,2.3660104561934787,0.0645392925815983,0.0
IONQ,2025-06-05,5,GARCH,36.65999984741211,36.62996046880993,38.709999084472656,2.0800386156627297,0.0567386422345979,0.0
IONQ,2025-06-05,10,GARCH,36.65999984741211,36.59994570461774,40.36000061035156,3.760054905733824,0.10256560069241927,0.0
IONQ,2025-06-05,20,GARCH,36.65999984741211,36.539989938803224,45.20000076293945,8.66001082413623,0.2362250643802868,0.0
IONQ,2025-07-09,1,GARCH,45.560001373291016,45.55348164874655,45.93000030517578,0.37651865642923354,0.008264237161546006,0.0
IONQ,2025-07-09,5,GARCH,45.560001373291016,45.5274120790859,43.540000915527344,1.987411163558555,0.04362184160783733,1.0
IONQ,2025-07-09,10,GARCH,45.560001373291016,45.494846096164025,43.27999877929688,2.214847316867143,0.04861385535790541,1.0
IONQ,2025-07-09,20,GARCH,45.560001373291016,45.42978399748325,41.22999954223633,4.19978445524692,0.09218139439541351,1.0
IONQ,2025-08-11,1,GARCH,44.93999862670898,44.93348787165975,43.0,1.9334878716597501,0.04302376347894743,1.0
IONQ,2025-08-11,5,GARCH,44.93999862670898,44.90745428265815,40.22999954223633,4.6774547404218225,0.10408221814323537,1.0
IONQ,2025-08-11,10,GARCH,44.93999862670898,44.87493350635014,38.68000030517578,6.194933201174358,0.13784898510193877,1.0
IONQ,2025-08-11,20,GARCH,44.93999862670898,44.8099625887064,44.0,0.8099625887063979,0.018023200121439653,1.0
IONQ,2025-09-11,1,GARCH,47.04999923706055,47.04330420174962,55.61000061035156,8.566696408601942,0.1820764409673803,0.0
IONQ,2025-09-11,5,GARCH,47.04999923706055,47.0165335859301,66.80999755859375,19.793463972663652,0.42068999561370135,0.0
IONQ,2025-09-11,10,GARCH,47.04999923706055,46.98309173819655,69.43000030517578,22.446908566979232,0.4770862684583883,0.0
IONQ,2025-09-11,20,GARCH,47.04999923706055,46.91627938520878,77.5,30.58372061479122,0.6500259534691107,0.0
IONQ,2025-10-14,1,GARCH,77.55000305175781,77.54032219738423,72.41000366210938,5.130318535274853,0.06615497528544023,1.0
IONQ,2025-10-14,5,GARCH,77.55000305175781,77.50161086335076,59.5,18.001610863350763,0.23212908001223764,1.0
IONQ,2025-10-14,10,GARCH,77.55000305175781,77.45324887228487,57.150001525878906,20.303247346405968,0.2618084661177297,1.0
IONQ,2025-10-14,20,GARCH,77.55000305175781,77.35661540681421,54.41999816894531,22.9366172378689,0.29576552334318706,1.0
IONQ,2025-11-13,1,GARCH,45.400001525878906,45.39285839770071,47.18000030517578,1.7871419074750747,0.039364357872463285,0.0
IONQ,2025-11-13,5,GARCH,45.400001525878906,45.3642971220476,41.0,4.364297122047603,0.09612988932522104,1.0
IONQ,2025-11-13,10,GARCH,45.400001525878906,45.32862079760859,49.29999923706055,3.9713784394519536,0.08747529308315527,0.0
IONQ,2025-11-13,20,GARCH,45.400001525878906,45.257352298593716,50.34999847412109,5.092646175527371,0.11217281947941038,0.0
IONQ,2025-12-17,1,GARCH,45.84999847412109,45.84290024373954,46.43999862670898,0.5970983829694347,0.013022865928914995,0.0
IONQ,2025-12-17,5,GARCH,45.84999847412109,45.81451830958013,49.81999969482422,4.005481385244089,0.08736055656588271,0.0
IONQ,2025-12-17,10,GARCH,45.84999847412109,45.77906560070149,46.77000045776367,0.9909348570621788,0.021612538495971556,0.0
IONQ,2025-12-17,20,GARCH,45.84999847412109,45.70824246496345,50.79999923706055,5.091756772097099,0.11105249599890432,0.0
IONQ,2026-01-21,1,GARCH,48.33000183105469,48.3227052857634,49.33000183105469,1.0072965452912896,0.020842054771950114,0.0
IONQ,2026-01-21,5,GARCH,48.33000183105469,48.293530118778676,45.79999923706055,2.4935308817181294,0.05159385034651287,1.0
IONQ,2026-01-21,10,GARCH,48.33000183105469,48.2570859294852,35.34000015258789,12.91708577689731,0.2672684727397915,1.0
IONQ,2026-01-21,20,GARCH,48.33000183105469,48.18428003678185,33.43000030517578,14.754279731606069,0.3052820023301889,1.0
IONQ,2026-02-24,1,GARCH,31.6200008392334,31.614233138590272,33.59000015258789,1.9757670139976184,0.06248472364194657,0.0
IONQ,2026-02-24,5,GARCH,31.6200008392334,31.591172854772473,37.04999923706055,5.458826382288073,0.17263840092992289,0.0
IONQ,2026-02-24,10,GARCH,31.6200008392334,31.56237115281206,35.119998931884766,3.557627779072707,0.11251194448605084,0.0
IONQ,2026-02-24,20,GARCH,31.6200008392334,31.50484650056747,32.70000076293945,1.1951542623719824,0.03779741399908698,0.0
IONQ,2026-03-26,1,GARCH,29.84000015258789,29.83381313777444,27.51000022888184,2.3238129088926023,0.0778757673260625,1.0
IONQ,2026-03-26,5,GARCH,29.84000015258789,29.80907790399523,29.299999237060547,0.5090786669346841,0.017060276954808717,1.0
IONQ,2026-03-26,10,GARCH,29.84000015258789,29.778187699151,28.790000915527344,0.9881867836236573,0.03311617890651908,1.0
IONQ,2026-03-26,20,GARCH,29.84000015258789,29.71650328791855,42.68999862670898,12.973495338790428,0.43476860832607256,0.0
IONQ,2026-04-29,1,GARCH,42.11000061035156,42.10201876382675,45.119998931884766,3.017980168058017,0.0716689651938911,0.0
IONQ,2026-04-29,5,GARCH,42.11000061035156,42.07010650425282,52.56999969482422,10.499893190571399,0.24934440841566508,0.0
IONQ,2026-04-29,10,GARCH,42.11000061035156,42.03025019296952,55.2599983215332,13.229748128563685,0.31417116924266975,0.0
IONQ,2026-04-29,20,GARCH,42.11000061035156,41.9506508116592,70.13999938964844,28.189348577989236,0.6694217090811363,0.0
IONQ,2026-06-01,1,GARCH,69.27999877929688,69.26895998515984,71.4000015258789,2.1310415407190675,0.03075983802349458,0.0
IONQ,2026-06-01,5,GARCH,69.27999877929688,69.22482239457646,62.79999923706055,6.424823157515917,0.09273705644804175,1.0
IONQ,2026-06-01,10,GARCH,69.27999877929688,69.1696899537574,61.18000030517578,7.989689648581617,0.11532462167088253,1.0
IONQ,2026-06-01,20,GARCH,69.27999877929688,69.05955676385886,53.2599983215332,15.799558442325662,0.22805367668463472,1.0
IONQ,2026-07-06,1,GARCH,48.869998931884766,48.860695636698,45.36000061035156,3.5006950263464347,0.07163280341433442,1.0
IONQ,2026-07-06,5,GARCH,48.869998931884766,48.82350016309809,38.880001068115234,9.943499094982855,0.2034683714407718,1.0
IONQ,2026-07-06,10,GARCH,48.869998931884766,48.77704563690495,34.2400016784668,14.537043958438154,0.2974635620250362,1.0
IONQ,2026-07-06,20,GARCH,48.869998931884766,48.68426914395575,38.84999847412109,9.834270669834666,0.20123329005064483,1.0
IONQ,2026-08-06,1,GARCH,39.720001220703125,39.711387835574364,44.43000030517578,4.718612469601418,0.1187968863188743,0.0
IONQ,2026-08-06,5,GARCH,39.720001220703125,39.67695296935801,44.97999954223633,5.303046572878316,0.13351073539530067,0.0
IONQ,2026-08-06,10,GARCH,39.720001220703125,39.633951373397764,41.52999877929688,1.8960474058991181,0.0477353310077655,0.0
IONQ,2026-08-06,20,GARCH,39.720001220703125,39.54808794542759,39.02000045776367,0.5280874876639174,0.013295253560784426,1.0
