ticker,cutoff_date,horizon,model,actual,p10,p50,p90,p10_breach,p90_breach
AAPL,2011-03-11,1,Chronos-LoRA-V1,10.574847221374512,10.374969767343764,10.548285863287116,10.717243797804853,0.0,0.0
AAPL,2011-03-11,1,Chronos-LoRA-V2,10.574847221374512,10.37731124159518,10.550090262218948,10.716150391947991,0.0,0.0
AAPL,2011-03-11,1,Chronos-LoRA-V3,10.574847221374512,10.38065898876991,10.551227457490683,10.718052565929336,0.0,0.0
AAPL,2011-03-11,5,Chronos-LoRA-V1,9.890216827392578,9.78418840341244,10.63239070642339,11.525104383782855,0.0,0.0
AAPL,2011-03-11,5,Chronos-LoRA-V2,9.890216827392578,9.794168617828166,10.641687048321728,11.520377250076915,0.0,0.0
AAPL,2011-03-11,5,Chronos-LoRA-V3,9.890216827392578,9.805850188825753,10.639668351465643,11.521536919014844,0.0,0.0
AAPL,2011-03-11,10,Chronos-LoRA-V1,10.514430046081545,9.116306464728192,10.739122936545177,12.591802002958895,0.0,0.0
AAPL,2011-03-11,10,Chronos-LoRA-V2,10.514430046081545,9.124764337580036,10.755538213276441,12.584952841967471,0.0,0.0
AAPL,2011-03-11,10,Chronos-LoRA-V3,10.514430046081545,9.14601089579526,10.749680918213393,12.584241934259579,0.0,0.0
AAPL,2011-03-11,20,Chronos-LoRA-V1,10.021523475646973,7.90108939038441,10.930437086955267,15.010399552447433,0.0,0.0
AAPL,2011-03-11,20,Chronos-LoRA-V2,10.021523475646973,7.915364973966843,10.967961166753149,14.989803627239292,0.0,0.0
AAPL,2011-03-11,20,Chronos-LoRA-V3,10.021523475646973,7.951699234716389,10.95075631071156,14.991503534924062,0.0,0.0
AAPL,2011-07-05,1,Chronos-LoRA-V1,10.521010398864746,10.266227366125674,10.466502689770996,10.670916806726277,0.0,0.0
AAPL,2011-07-05,1,Chronos-LoRA-V2,10.521010398864746,10.284499781152842,10.469134409556364,10.652836473984205,0.0,0.0
AAPL,2011-07-05,1,Chronos-LoRA-V3,10.521010398864746,10.276370540372918,10.469095549221917,10.665585770285022,0.0,0.0
AAPL,2011-07-05,5,Chronos-LoRA-V1,10.58053493499756,9.562471337263842,10.524677297329633,11.585525886204216,0.0,0.0
AAPL,2011-07-05,5,Chronos-LoRA-V2,10.58053493499756,9.649172955665613,10.540423957590288,11.495119176501218,0.0,0.0
AAPL,2011-07-05,5,Chronos-LoRA-V3,10.58053493499756,9.604719273921695,10.532890046047442,11.55045927097709,0.0,0.0
AAPL,2011-07-05,10,Chronos-LoRA-V1,11.271445274353027,8.777971472028387,10.595121054391198,12.790660249296737,0.0,0.0
AAPL,2011-07-05,10,Chronos-LoRA-V2,11.271445274353027,8.926666100771262,10.62485758074072,12.608632211056172,0.0,0.0
AAPL,2011-07-05,10,Chronos-LoRA-V3,11.271445274353027,8.841646674133052,10.608627405060332,12.727415280924891,0.0,0.0
AAPL,2011-07-05,20,Chronos-LoRA-V1,11.63215160369873,7.2704278141959655,10.7410766996324,15.85143936210786,0.0,0.0
AAPL,2011-07-05,20,Chronos-LoRA-V2,11.63215160369873,7.560794535976818,10.781640552574398,15.283267948485781,0.0,0.0
AAPL,2011-07-05,20,Chronos-LoRA-V3,11.63215160369873,7.405727918158459,10.75961903622754,15.612169284030422,0.0,0.0
AAPL,2011-10-25,1,Chronos-LoRA-V1,11.98179817199707,11.604623741859996,11.912701986393303,12.221477272539087,0.0,0.0
AAPL,2011-10-25,1,Chronos-LoRA-V2,11.98179817199707,11.634970417939526,11.919655807880119,12.200132435234785,0.0,0.0
AAPL,2011-10-25,1,Chronos-LoRA-V3,11.98179817199707,11.630132496459755,11.917411668257463,12.206509419208137,0.0,0.0
AAPL,2011-10-25,5,Chronos-LoRA-V1,11.859468460083008,10.503647627121513,11.984800945265388,13.626794495129857,0.0,0.0
AAPL,2011-10-25,5,Chronos-LoRA-V2,11.859468460083008,10.650670178565214,12.017024899398908,13.498566431985209,0.0,0.0
AAPL,2011-10-25,5,Chronos-LoRA-V3,11.859468460083008,10.60688474864972,11.996973493239581,13.524632312746373,0.0,0.0
AAPL,2011-10-25,10,Chronos-LoRA-V1,12.150190353393556,9.269339809521844,12.084479494879345,15.66616716701672,0.0,0.0
AAPL,2011-10-25,10,Chronos-LoRA-V2,12.150190353393556,9.548640789507415,12.138476818679434,15.309326396076768,0.0,0.0
AAPL,2011-10-25,10,Chronos-LoRA-V3,12.150190353393556,9.438632660403194,12.100478456762325,15.409574069417193,0.0,0.0
AAPL,2011-10-25,20,Chronos-LoRA-V1,11.261275291442873,7.1451134459753405,12.2749221335797,20.90016523134243,0.0,0.0
AAPL,2011-10-25,20,Chronos-LoRA-V2,11.261275291442873,7.635708370891232,12.364458776245542,19.75053960530969,0.0,0.0
AAPL,2011-10-25,20,Chronos-LoRA-V3,11.261275291442873,7.413971447346569,12.302432763448655,20.18773432030211,0.0,0.0
AAPL,2012-02-17,1,Chronos-LoRA-V1,15.398975372314451,14.82230756570921,15.053965005286223,15.289085954892247,0.0,1.0
AAPL,2012-02-17,1,Chronos-LoRA-V2,15.398975372314451,14.822436995856567,15.055050511910586,15.283797254329079,0.0,1.0
AAPL,2012-02-17,1,Chronos-LoRA-V3,15.398975372314451,14.827589691924235,15.058333404058514,15.29246799432601,0.0,1.0
AAPL,2012-02-17,5,Chronos-LoRA-V1,15.72528839111328,14.047531190996915,15.195463885271007,16.44282536635546,0.0,0.0
AAPL,2012-02-17,5,Chronos-LoRA-V2,15.72528839111328,14.05966186286572,15.2017286562596,16.40477308955454,0.0,0.0
AAPL,2012-02-17,5,Chronos-LoRA-V3,15.72528839111328,14.070932629594719,15.206374809094713,16.438034385769114,0.0,0.0
AAPL,2012-02-17,10,Chronos-LoRA-V1,15.946621894836426,13.130142891774703,15.371602914137306,17.991296222674933,0.0,0.0
AAPL,2012-02-17,10,Chronos-LoRA-V2,15.946621894836426,13.165123494662767,15.382895363971805,17.894082921630353,0.0,0.0
AAPL,2012-02-17,10,Chronos-LoRA-V3,15.946621894836426,13.164570094849555,15.387045863012608,17.97752777190731,0.0,0.0
AAPL,2012-02-17,20,Chronos-LoRA-V1,17.978675842285156,11.492708452624736,15.730613469578946,21.51175910467191,0.0,0.0
AAPL,2012-02-17,20,Chronos-LoRA-V2,17.978675842285156,11.542859208038887,15.745525312982075,21.28077975176668,0.0,0.0
AAPL,2012-02-17,20,Chronos-LoRA-V3,17.978675842285156,11.535542842391957,15.753461211038504,21.502219082643787,0.0,0.0
AAPL,2012-06-12,1,Chronos-LoRA-V1,17.11309242248535,16.916217406264554,17.254320564107257,17.601748486331953,0.0,0.0
AAPL,2012-06-12,1,Chronos-LoRA-V2,17.11309242248535,16.939008835846856,17.265312996765168,17.593096241273223,0.0,0.0
AAPL,2012-06-12,1,Chronos-LoRA-V3,17.11309242248535,16.929080387345603,17.262460832213097,17.605153786137155,0.0,0.0
AAPL,2012-06-12,5,Chronos-LoRA-V1,17.569217681884766,15.698550035728466,17.343238447557958,19.179651497611392,0.0,0.0
AAPL,2012-06-12,5,Chronos-LoRA-V2,17.569217681884766,15.810293409864153,17.401954728569464,19.128824150631512,0.0,0.0
AAPL,2012-06-12,5,Chronos-LoRA-V3,17.569217681884766,15.749945320993755,17.370475611344425,19.17532913076997,0.0,0.0
AAPL,2012-06-12,10,Chronos-LoRA-V1,17.10921287536621,14.26638460373047,17.455336709976834,21.369812519687127,0.0,0.0
AAPL,2012-06-12,10,Chronos-LoRA-V2,17.10921287536621,14.491596600183044,17.56977186125791,21.22179098410921,0.0,0.0
AAPL,2012-06-12,10,Chronos-LoRA-V3,17.10921287536621,14.348779406724235,17.50342063107792,21.348836043122883,0.0,0.0
AAPL,2012-06-12,20,Chronos-LoRA-V1,18.078277587890625,11.675731485619472,17.65405414158989,26.692364812373366,0.0,0.0
AAPL,2012-06-12,20,Chronos-LoRA-V2,18.078277587890625,12.089614171836907,17.86853210961479,26.22521663684711,0.0,0.0
AAPL,2012-06-12,20,Chronos-LoRA-V3,18.078277587890625,11.837725050102673,17.754425830948783,26.617128967028357,0.0,0.0
AAPL,2012-10-03,1,Chronos-LoRA-V1,20.02937126159668,19.81472308859206,20.201738717564933,20.594355805710848,0.0,0.0
AAPL,2012-10-03,1,Chronos-LoRA-V2,20.02937126159668,19.835824687200027,20.208958973933445,20.57627908609717,0.0,0.0
AAPL,2012-10-03,1,Chronos-LoRA-V3,20.02937126159668,19.84342512744149,20.208694775034875,20.58136005687333,0.0,0.0
AAPL,2012-10-03,5,Chronos-LoRA-V1,19.25168800354004,18.425968447467824,20.32331415411905,22.40776404194991,0.0,0.0
AAPL,2012-10-03,5,Chronos-LoRA-V2,19.25168800354004,18.54524560175055,20.36481601694607,22.303511275481437,0.0,0.0
AAPL,2012-10-03,5,Chronos-LoRA-V3,19.25168800354004,18.563544701863176,20.345981041200897,22.306058703856433,0.0,0.0
AAPL,2012-10-03,10,Chronos-LoRA-V1,19.362823486328125,16.81342044654923,20.485126428036125,24.904011388013785,0.0,0.0
AAPL,2012-10-03,10,Chronos-LoRA-V2,19.362823486328125,17.059870035669064,20.565712018323868,24.647631821616798,0.0,0.0
AAPL,2012-10-03,10,Chronos-LoRA-V3,19.362823486328125,17.05036414412073,20.522197206203966,24.672833379566292,0.0,0.0
AAPL,2012-10-03,20,Chronos-LoRA-V1,17.32594108581543,14.04775009063009,20.793741683574066,30.592187044200458,0.0,0.0
AAPL,2012-10-03,20,Chronos-LoRA-V2,17.32594108581543,14.444892891079718,20.929093993751398,29.989564910777712,0.0,0.0
AAPL,2012-10-03,20,Chronos-LoRA-V3,17.32594108581543,14.383737534615987,20.853797754142505,30.120232054666964,0.0,0.0
AAPL,2013-01-30,1,Chronos-LoRA-V1,13.744524002075195,13.453985011433469,13.797218750162155,14.141872681957947,0.0,0.0
AAPL,2013-01-30,1,Chronos-LoRA-V2,13.744524002075195,13.455888202426662,13.803503034024516,14.147750776868545,0.0,0.0
AAPL,2013-01-30,1,Chronos-LoRA-V3,13.744524002075195,13.463028369197529,13.80360146583217,14.14717196177168,0.0,0.0
AAPL,2013-01-30,5,Chronos-LoRA-V1,13.800649642944336,12.19640987950412,13.844361280999085,15.67030445010795,0.0,0.0
AAPL,2013-01-30,5,Chronos-LoRA-V2,13.800649642944336,12.214104798230155,13.878710320318735,15.705729423184271,0.0,0.0
AAPL,2013-01-30,5,Chronos-LoRA-V3,13.800649642944336,12.23018034531224,13.865123458577731,15.675845586581545,0.0,0.0
AAPL,2013-01-30,10,Chronos-LoRA-V1,14.174271583557127,10.815611270436948,13.92242945974249,17.805070058026267,0.0,0.0
AAPL,2013-01-30,10,Chronos-LoRA-V2,14.174271583557127,10.857591122751112,13.981110373122338,17.848503209866795,0.0,0.0
AAPL,2013-01-30,10,Chronos-LoRA-V3,14.174271583557127,10.859098469678623,13.951307795631616,17.801868509766724,0.0,0.0
AAPL,2013-01-30,20,Chronos-LoRA-V1,13.396982192993164,8.534933298453296,14.071819907543285,22.8762413884001,0.0,0.0
AAPL,2013-01-30,20,Chronos-LoRA-V2,13.396982192993164,8.612706844538758,14.173829030358531,22.927957099825512,0.0,0.0
AAPL,2013-01-30,20,Chronos-LoRA-V3,13.396982192993164,8.60923673486846,14.110510534612468,22.83400825638792,0.0,0.0
AAPL,2013-05-23,1,Chronos-LoRA-V1,13.600221633911133,13.274074511132214,13.53425432083193,13.800510146306687,0.0,0.0
AAPL,2013-05-23,1,Chronos-LoRA-V2,13.600221633911133,13.270537221569308,13.533815058495925,13.79517637034901,0.0,0.0
AAPL,2013-05-23,1,Chronos-LoRA-V3,13.600221633911133,13.283425493158123,13.537709653135899,13.798047732180905,0.0,0.0
AAPL,2013-05-23,5,Chronos-LoRA-V1,13.740154266357422,12.364609705219861,13.630517227976435,15.033570088637873,0.0,0.0
AAPL,2013-05-23,5,Chronos-LoRA-V2,13.740154266357422,12.34552705559972,13.627664851707069,15.007678719965636,0.0,0.0
AAPL,2013-05-23,5,Chronos-LoRA-V3,13.740154266357422,12.398570519582096,13.635215273203723,15.012511399238878,0.0,0.0
AAPL,2013-05-23,10,Chronos-LoRA-V1,13.498183250427246,11.30046331991915,13.749892511807964,16.733170683848396,0.0,0.0
AAPL,2013-05-23,10,Chronos-LoRA-V2,13.498183250427246,11.281359976500157,13.741211529826822,16.6549564097587,0.0,0.0
AAPL,2013-05-23,10,Chronos-LoRA-V3,13.498183250427246,11.351252238093453,13.75354927430145,16.686749305472446,0.0,0.0
AAPL,2013-05-23,20,Chronos-LoRA-V1,12.63325023651123,9.369447077528632,13.964961383167601,20.820280426775525,0.0,0.0
AAPL,2013-05-23,20,Chronos-LoRA-V2,12.63325023651123,9.335927384597586,13.944357797333423,20.64052851232589,0.0,0.0
AAPL,2013-05-23,20,Chronos-LoRA-V3,12.63325023651123,9.42990611936621,13.9595547396407,20.717558316516683,0.0,0.0
AAPL,2013-09-16,1,Chronos-LoRA-V1,14.002789497375488,13.516167711926165,13.838553842429409,14.157734790542463,0.0,0.0
AAPL,2013-09-16,1,Chronos-LoRA-V2,14.002789497375488,13.536334730742878,13.855302533610926,14.167471533615293,0.0,0.0
AAPL,2013-09-16,1,Chronos-LoRA-V3,14.002789497375488,13.542111366903304,13.853008251078883,14.164813489884786,0.0,0.0
AAPL,2013-09-16,5,Chronos-LoRA-V1,15.089012145996094,12.300044439292892,13.837227715362953,15.529189965536716,0.0,0.0
AAPL,2013-09-16,5,Chronos-LoRA-V2,15.089012145996094,12.385636365910418,13.91297419420842,15.564314367194605,0.0,0.0
AAPL,2013-09-16,5,Chronos-LoRA-V3,15.089012145996094,12.414031918521545,13.892286091716123,15.523892782670043,0.0,0.0
AAPL,2013-09-16,10,Chronos-LoRA-V1,14.66183853149414,10.966432288840705,13.851531829742486,17.407394158686962,0.0,0.0
AAPL,2013-09-16,10,Chronos-LoRA-V2,14.66183853149414,11.115380647580098,13.98925492680254,17.458277771983276,0.0,0.0
AAPL,2013-09-16,10,Chronos-LoRA-V3,14.66183853149414,11.155382539155708,13.946424710403749,17.37421114707658,0.0,0.0
AAPL,2013-09-16,20,Chronos-LoRA-V1,15.255081176757812,8.797725321538406,13.962812468073245,21.932646301341542,0.0,0.0
AAPL,2013-09-16,20,Chronos-LoRA-V2,15.255081176757812,9.042204396322582,14.160489202189794,21.828516512224805,0.0,0.0
AAPL,2013-09-16,20,Chronos-LoRA-V3,15.255081176757812,9.033103025429615,14.099056513423328,21.86848648968078,0.0,0.0
AAPL,2014-01-08,1,Chronos-LoRA-V1,16.59632682800293,16.54304776701694,16.830972654625146,17.123445276456852,0.0,0.0
AAPL,2014-01-08,1,Chronos-LoRA-V2,16.59632682800293,16.54662813571929,16.834303745423835,17.119278108614544,0.0,0.0
AAPL,2014-01-08,1,Chronos-LoRA-V3,16.59632682800293,16.555699444641828,16.83880269679645,17.126509055878792,0.0,0.0
AAPL,2014-01-08,5,Chronos-LoRA-V1,17.240978240966797,15.480949306096036,16.905588386704114,18.47242928874302,0.0,0.0
AAPL,2014-01-08,5,Chronos-LoRA-V2,17.240978240966797,15.519921263917348,16.926445775320293,18.43563514361133,0.0,0.0
AAPL,2014-01-08,5,Chronos-LoRA-V3,17.240978240966797,15.54427172136642,16.931202026659086,18.454633594622884,0.0,0.0
AAPL,2014-01-08,10,Chronos-LoRA-V1,17.20447540283203,14.233420317353044,16.99613309710906,20.29964899588014,0.0,0.0
AAPL,2014-01-08,10,Chronos-LoRA-V2,17.20447540283203,14.328096553915048,17.037301786437826,20.193661287681888,0.0,0.0
AAPL,2014-01-08,10,Chronos-LoRA-V3,17.20447540283203,14.344275931086514,17.0412968442128,20.248895113682057,0.0,0.0
AAPL,2014-01-08,20,Chronos-LoRA-V1,15.948516845703123,12.026351519137224,17.20230663972795,24.562680773750653,0.0,0.0
AAPL,2014-01-08,20,Chronos-LoRA-V2,15.948516845703123,12.183556198042032,17.265722575097765,24.273850936391945,0.0,0.0
AAPL,2014-01-08,20,Chronos-LoRA-V3,15.948516845703123,12.219061473668878,17.281755814765393,24.41969707462698,0.0,0.0
AAPL,2014-05-02,1,Chronos-LoRA-V1,18.7009391784668,18.15537591207816,18.447680976313404,18.743747044340587,0.0,0.0
AAPL,2014-05-02,1,Chronos-LoRA-V2,18.7009391784668,18.159267451007295,18.450152389133724,18.74022731163121,0.0,0.0
AAPL,2014-05-02,1,Chronos-LoRA-V3,18.7009391784668,18.164109127543554,18.452822313902562,18.746471604529347,0.0,0.0
AAPL,2014-05-02,5,Chronos-LoRA-V1,18.32286834716797,17.044795648304685,18.471789523956037,20.017446465156777,0.0,0.0
AAPL,2014-05-02,5,Chronos-LoRA-V2,18.32286834716797,17.06831304336953,18.485571202317743,20.009850484581694,0.0,0.0
AAPL,2014-05-02,5,Chronos-LoRA-V3,18.32286834716797,17.081715921925383,18.485034672536443,20.016486314575225,0.0,0.0
AAPL,2014-05-02,10,Chronos-LoRA-V1,18.69743156433105,15.729113177738533,18.510381665972282,21.761670740555527,0.0,0.0
AAPL,2014-05-02,10,Chronos-LoRA-V2,18.69743156433105,15.804657922193215,18.53514082685231,21.699746119909367,0.0,0.0
AAPL,2014-05-02,10,Chronos-LoRA-V3,18.69743156433105,15.794333103536495,18.5293555370611,21.749226063642396,0.0,0.0
AAPL,2014-05-02,20,Chronos-LoRA-V1,19.671876907348636,13.360596696902386,18.57327487816435,25.75233925853457,0.0,0.0
AAPL,2014-05-02,20,Chronos-LoRA-V2,19.671876907348636,13.513664792434234,18.611256230738952,25.512885340230465,0.0,0.0
AAPL,2014-05-02,20,Chronos-LoRA-V3,19.671876907348636,13.494076909473957,18.605940690725607,25.656601905645235,0.0,0.0
AAPL,2014-08-25,1,Chronos-LoRA-V1,22.20945167541504,22.14420780671946,22.383628967663938,22.623602576080348,0.0,0.0
AAPL,2014-08-25,1,Chronos-LoRA-V2,22.20945167541504,22.124385654859577,22.381958096341727,22.63243249077885,0.0,0.0
AAPL,2014-08-25,1,Chronos-LoRA-V3,22.20945167541504,22.1457601432457,22.388729203530843,22.630823404030608,0.0,0.0
AAPL,2014-08-25,5,Chronos-LoRA-V1,22.739978790283203,21.31982085553034,22.505061742762592,23.76595867528047,0.0,0.0
AAPL,2014-08-25,5,Chronos-LoRA-V2,22.739978790283203,21.225842380821394,22.492890338190904,23.804032582530418,0.0,0.0
AAPL,2014-08-25,5,Chronos-LoRA-V3,22.739978790283203,21.321791737078343,22.514966580640397,23.78636848754265,0.0,0.0
AAPL,2014-08-25,10,Chronos-LoRA-V1,21.57106208801269,20.31833247725865,22.651242533171935,25.279772069589853,0.0,0.0
AAPL,2014-08-25,10,Chronos-LoRA-V2,21.57106208801269,20.15441521678853,22.624195911450574,25.337242864481247,0.0,0.0
AAPL,2014-08-25,10,Chronos-LoRA-V3,21.57106208801269,20.31675739430872,22.664316134105125,25.31241988506636,0.0,0.0
AAPL,2014-08-25,20,Chronos-LoRA-V1,22.594688415527344,18.39749554970878,22.921928646268782,28.597586854938225,0.0,0.0
AAPL,2014-08-25,20,Chronos-LoRA-V2,22.594688415527344,18.11328715658537,22.867368395557047,28.7098953943009,0.0,0.0
AAPL,2014-08-25,20,Chronos-LoRA-V3,22.594688415527344,18.414957211921497,22.949798444461823,28.64569299623381,0.0,0.0
AAPL,2014-12-16,1,Chronos-LoRA-V1,24.18944931030273,23.260118863467323,23.62329013887827,23.99644456942658,0.0,1.0
AAPL,2014-12-16,1,Chronos-LoRA-V2,24.18944931030273,23.25105135797773,23.632936416947498,24.009933089096833,0.0,1.0
AAPL,2014-12-16,1,Chronos-LoRA-V3,24.18944931030273,23.278803293002376,23.63354052453972,23.996632520463457,0.0,1.0
AAPL,2014-12-16,5,Chronos-LoRA-V1,24.881458282470703,21.9704657459125,23.737375837279767,25.67391387099275,0.0,0.0
AAPL,2014-12-16,5,Chronos-LoRA-V2,24.881458282470703,21.905078456547773,23.76822192252444,25.7359106113373,0.0,0.0
AAPL,2014-12-16,5,Chronos-LoRA-V3,24.881458282470703,22.046231456134713,23.76417831764949,25.63852635011929,0.0,0.0
AAPL,2014-12-16,10,Chronos-LoRA-V1,24.403905868530277,20.44582089079318,23.919742518425053,28.02536291405645,0.0,0.0
AAPL,2014-12-16,10,Chronos-LoRA-V2,24.403905868530277,20.329878876086507,23.947726663775427,28.068607232192402,0.0,0.0
AAPL,2014-12-16,10,Chronos-LoRA-V3,24.403905868530277,20.581498650842,23.951000686600782,27.899553684274,0.0,0.0
AAPL,2014-12-16,20,Chronos-LoRA-V1,23.616817474365234,17.817282851863737,24.28998460972649,33.206647675749245,0.0,0.0
AAPL,2014-12-16,20,Chronos-LoRA-V2,23.616817474365234,17.563722717931128,24.27962838131291,33.261805230259895,0.0,0.0
AAPL,2014-12-16,20,Chronos-LoRA-V3,23.616817474365234,17.967626991148443,24.307753933102116,32.94640318332753,0.0,0.0
AAPL,2015-04-13,1,Chronos-LoRA-V1,28.03385162353516,27.714405720821695,28.203013028238406,28.686744305726073,0.0,0.0
AAPL,2015-04-13,1,Chronos-LoRA-V2,28.03385162353516,27.756291897453657,28.207934270712432,28.650518418865982,0.0,0.0
AAPL,2015-04-13,1,Chronos-LoRA-V3,28.03385162353516,27.74049089379212,28.212460961427873,28.683074052003082,0.0,0.0
AAPL,2015-04-13,5,Chronos-LoRA-V1,28.322404861450195,25.98966608091091,28.38816315159608,30.930432961930137,0.0,0.0
AAPL,2015-04-13,5,Chronos-LoRA-V2,28.322404861450195,26.196722525811698,28.417518353191543,30.745735490466526,0.0,0.0
AAPL,2015-04-13,5,Chronos-LoRA-V3,28.322404861450195,26.10755637514093,28.416710070356988,30.875546201130216,0.0,0.0
AAPL,2015-04-13,10,Chronos-LoRA-V1,29.443321228027344,24.020959845159854,28.623660400288166,33.94387061286672,0.0,0.0
AAPL,2015-04-13,10,Chronos-LoRA-V2,29.443321228027344,24.37985851447895,28.67643023502835,33.561576262367986,0.0,0.0
AAPL,2015-04-13,10,Chronos-LoRA-V3,29.443321228027344,24.218675583943362,28.66728091290687,33.81353627141629,0.0,0.0
AAPL,2015-04-13,20,Chronos-LoRA-V1,28.155412673950195,20.485496891641894,29.07894043403389,40.927832416643234,0.0,0.0
AAPL,2015-04-13,20,Chronos-LoRA-V2,28.155412673950195,21.054389123443112,29.172634119812813,40.067912159820686,0.0,0.0
AAPL,2015-04-13,20,Chronos-LoRA-V3,28.155412673950195,20.791940984167304,29.14923165262265,40.62626445813342,0.0,0.0
AAPL,2015-08-04,1,Chronos-LoRA-V1,25.721454620361328,25.133450409887864,25.57523629669046,26.01703017240636,0.0,0.0
AAPL,2015-08-04,1,Chronos-LoRA-V2,25.721454620361328,25.129679019794345,25.5897673781818,26.04467634650465,0.0,0.0
AAPL,2015-08-04,1,Chronos-LoRA-V3,25.721454620361328,25.159589521210563,25.586199406105926,26.016954234921442,0.0,0.0
AAPL,2015-08-04,5,Chronos-LoRA-V1,25.41024780273437,23.62641837297973,25.68626996395403,27.885788998292,0.0,0.0
AAPL,2015-08-04,5,Chronos-LoRA-V2,25.41024780273437,23.578480444044413,25.75801316376387,28.0628215282316,0.0,0.0
AAPL,2015-08-04,5,Chronos-LoRA-V3,25.41024780273437,23.717157418680806,25.725273552121912,27.884471797283435,0.0,0.0
AAPL,2015-08-04,10,Chronos-LoRA-V1,26.08417510986328,21.90523974032732,25.850844033827233,30.416653807225526,0.0,0.0
AAPL,2015-08-04,10,Chronos-LoRA-V2,26.08417510986328,21.83371455143677,25.985598700470284,30.758514104252942,0.0,0.0
AAPL,2015-08-04,10,Chronos-LoRA-V3,26.08417510986328,22.050649468878692,25.91300409697772,30.3964780235322,0.0,0.0
AAPL,2015-08-04,20,Chronos-LoRA-V1,24.118350982666016,18.880546611486647,26.1945440169088,36.18161040084882,0.0,0.0
AAPL,2015-08-04,20,Chronos-LoRA-V2,24.118350982666016,18.81741177315039,26.425028808035268,36.75537269032177,0.0,0.0
AAPL,2015-08-04,20,Chronos-LoRA-V3,24.118350982666016,19.127067852400927,26.300495828172142,36.06247088640148,0.0,0.0
AAPL,2015-11-24,1,Chronos-LoRA-V1,26.53985595703125,26.237079694228246,26.761805716220444,27.29165710620475,0.0,0.0
AAPL,2015-11-24,1,Chronos-LoRA-V2,26.53985595703125,26.286936613370425,26.77239753884701,27.2542817215792,0.0,0.0
AAPL,2015-11-24,1,Chronos-LoRA-V3,26.53985595703125,26.26385926183216,26.77111146882068,27.28136096087284,0.0,0.0
AAPL,2015-11-24,5,Chronos-LoRA-V1,26.146358489990234,24.353666623351813,26.88001183698775,29.61054016683036,0.0,0.0
AAPL,2015-11-24,5,Chronos-LoRA-V2,26.146358489990234,24.58754247550506,26.93845285895695,29.435908792963563,0.0,0.0
AAPL,2015-11-24,5,Chronos-LoRA-V3,26.146358489990234,24.465587425588446,26.91027873987449,29.542451623801583,0.0,0.0
AAPL,2015-11-24,10,Chronos-LoRA-V1,25.997947692871094,22.18035846592361,27.037796117121054,32.795913825212175,0.0,0.0
AAPL,2015-11-24,10,Chronos-LoRA-V2,25.997947692871094,22.631050777561725,27.149930786002265,32.37297226257055,0.0,0.0
AAPL,2015-11-24,10,Chronos-LoRA-V3,25.997947692871094,22.364779129452227,27.086989948033935,32.63210054921616,0.0,0.0
AAPL,2015-11-24,20,Chronos-LoRA-V1,24.421710968017575,18.3745932745857,27.33194294022726,40.25088166466986,0.0,0.0
AAPL,2015-11-24,20,Chronos-LoRA-V2,24.421710968017575,19.121553132209105,27.527125398432677,39.17456248645556,0.0,0.0
AAPL,2015-11-24,20,Chronos-LoRA-V3,24.421710968017575,18.645480005812633,27.406889043479506,39.8799193517113,0.0,0.0
AAPL,2016-03-21,1,Chronos-LoRA-V1,24.12693977355957,23.474031941248906,23.968452777326977,24.459962667028545,0.0,0.0
AAPL,2016-03-21,1,Chronos-LoRA-V2,24.12693977355957,23.54155226116638,23.977145983289333,24.40280849268302,0.0,0.0
AAPL,2016-03-21,1,Chronos-LoRA-V3,24.12693977355957,23.50400483101555,23.97567275150715,24.44330832981788,0.0,0.0
AAPL,2016-03-21,5,Chronos-LoRA-V1,24.343969345092773,21.646351845114612,24.065722018613926,26.65455570385872,0.0,0.0
AAPL,2016-03-21,5,Chronos-LoRA-V2,24.343969345092773,21.973152901182985,24.107111165661603,26.351560653972903,0.0,0.0
AAPL,2016-03-21,5,Chronos-LoRA-V3,24.343969345092773,21.785787006812985,24.084563586487572,26.537108202824744,0.0,0.0
AAPL,2016-03-21,10,Chronos-LoRA-V1,24.825519561767575,19.511788534288293,24.188167601545562,29.757748884508118,0.0,0.0
AAPL,2016-03-21,10,Chronos-LoRA-V2,24.825519561767575,20.143527165190157,24.264976723326452,29.027594155603307,0.0,0.0
AAPL,2016-03-21,10,Chronos-LoRA-V3,24.825519561767575,19.761583489764636,24.21692704765076,29.46431691111671,0.0,0.0
AAPL,2016-03-21,20,Chronos-LoRA-V1,24.169897079467773,15.546610392997506,24.43432470050442,37.85643864636107,0.0,0.0
AAPL,2016-03-21,20,Chronos-LoRA-V2,24.169897079467773,16.697214434729162,24.55560463998564,35.59120812993438,0.0,0.0
AAPL,2016-03-21,20,Chronos-LoRA-V3,24.169897079467773,16.079384310387024,24.47967923616506,36.740062148778506,0.0,0.0
AAPL,2016-07-13,1,Chronos-LoRA-V1,22.470129013061523,21.73007056984007,22.049212241964643,22.352134507737894,0.0,1.0
AAPL,2016-07-13,1,Chronos-LoRA-V2,22.470129013061523,21.741128573030036,22.052938113942783,22.347673339293642,0.0,1.0
AAPL,2016-07-13,1,Chronos-LoRA-V3,22.470129013061523,21.742496166220633,22.054196532424704,22.35276710512758,0.0,1.0
AAPL,2016-07-13,5,Chronos-LoRA-V1,22.736248016357425,20.529467128739913,22.105526366618587,23.711866705904043,0.0,0.0
AAPL,2016-07-13,5,Chronos-LoRA-V2,22.736248016357425,20.596200892786136,22.12595666170208,23.678284172932695,0.0,0.0
AAPL,2016-07-13,5,Chronos-LoRA-V3,22.736248016357425,20.586956771397702,22.11658788918924,23.68851097882809,0.0,0.0
AAPL,2016-07-13,10,Chronos-LoRA-V1,23.41634178161621,19.120536838837857,22.173613256121453,25.498353997410025,0.0,0.0
AAPL,2016-07-13,10,Chronos-LoRA-V2,23.41634178161621,19.253356772325553,22.210159103631558,25.427521409126317,0.0,0.0
AAPL,2016-07-13,10,Chronos-LoRA-V3,23.41634178161621,19.21607559855348,22.189546020653534,25.45988978873624,0.0,0.0
AAPL,2016-07-13,20,Chronos-LoRA-V1,24.69804573059082,16.52869234818263,22.303964338017614,29.620930178579997,0.0,0.0
AAPL,2016-07-13,20,Chronos-LoRA-V2,24.69804573059082,16.772718358140246,22.360955702318687,29.338847497823323,0.0,0.0
AAPL,2016-07-13,20,Chronos-LoRA-V3,24.69804573059082,16.691969066262132,22.33037482520556,29.492075765761633,0.0,0.0
AAPL,2016-11-02,1,Chronos-LoRA-V1,25.245494842529297,25.136297659593094,25.529503069921,25.914665424578487,0.0,0.0
AAPL,2016-11-02,1,Chronos-LoRA-V2,25.245494842529297,25.169009096683517,25.53679739950903,25.892108886266403,0.0,0.0
AAPL,2016-11-02,1,Chronos-LoRA-V3,25.245494842529297,25.155348513500673,25.53784251708356,25.915006911711377,0.0,0.0
AAPL,2016-11-02,5,Chronos-LoRA-V1,25.48684310913086,23.630658410144548,25.570519996703307,27.60035976322992,0.0,0.0
AAPL,2016-11-02,5,Chronos-LoRA-V2,25.48684310913086,23.813426902521865,25.607737370394336,27.456139117830848,0.0,0.0
AAPL,2016-11-02,5,Chronos-LoRA-V3,25.48684310913086,23.72308044079413,25.59497259880676,27.56809438889692,0.0,0.0
AAPL,2016-11-02,10,Chronos-LoRA-V1,25.282276153564453,21.85225532719244,25.63139895290457,29.906018608558433,0.0,0.0
AAPL,2016-11-02,10,Chronos-LoRA-V2,25.282276153564453,22.23912142138259,25.697980272130838,29.514747699100358,0.0,0.0
AAPL,2016-11-02,10,Chronos-LoRA-V3,25.282276153564453,22.025264963693957,25.669459013784227,29.798806668587396,0.0,0.0
AAPL,2016-11-02,20,Chronos-LoRA-V1,25.167341232299805,18.408217418113658,25.75781175856523,35.66128144941383,0.0,0.0
AAPL,2016-11-02,20,Chronos-LoRA-V2,25.167341232299805,19.25360232714751,25.85482363670231,34.283842476704336,0.0,0.0
AAPL,2016-11-02,20,Chronos-LoRA-V3,25.167341232299805,18.7725155180675,25.815478701266212,35.232643191636974,0.0,0.0
AAPL,2017-02-28,1,Chronos-LoRA-V1,32.27140808105469,31.420665313726854,31.665759040924662,31.922624616357243,0.0,1.0
AAPL,2017-02-28,1,Chronos-LoRA-V2,32.27140808105469,31.38972304542024,31.659603916236538,31.926022936324213,0.0,1.0
AAPL,2017-02-28,1,Chronos-LoRA-V3,32.27140808105469,31.420516805495115,31.669071348743326,31.92708821354534,0.0,1.0
AAPL,2017-02-28,5,Chronos-LoRA-V1,32.20907974243164,30.61777099801723,31.825249407015896,33.155852908107775,0.0,0.0
AAPL,2017-02-28,5,Chronos-LoRA-V2,32.20907974243164,30.46564726978412,31.791907041599,33.16651262243028,0.0,0.0
AAPL,2017-02-28,5,Chronos-LoRA-V3,32.20907974243164,30.613386500121994,31.826894475484814,33.16061488363728,0.0,0.0
AAPL,2017-02-28,10,Chronos-LoRA-V1,32.08672332763672,29.675749719580633,32.01874918425119,34.763659424294524,0.0,0.0
AAPL,2017-02-28,10,Chronos-LoRA-V2,32.08672332763672,29.378510501621022,31.94981443420863,34.75413928183517,0.0,0.0
AAPL,2017-02-28,10,Chronos-LoRA-V3,32.08672332763672,29.65269137731924,32.01019580622057,34.762113949282266,0.0,0.0
AAPL,2017-02-28,20,Chronos-LoRA-V1,33.19712829589844,27.652716192003425,32.33202159204799,38.230210668987205,0.0,0.0
AAPL,2017-02-28,20,Chronos-LoRA-V2,33.19712829589844,27.173683693019044,32.22714043098708,38.192685267506555,0.0,0.0
AAPL,2017-02-28,20,Chronos-LoRA-V3,33.19712829589844,27.647742280264456,32.30796684606478,38.15297029639149,0.0,0.0
AAPL,2017-06-21,1,Chronos-LoRA-V1,33.75837707519531,33.34055235464453,33.84241327464844,34.34250422709906,0.0,0.0
AAPL,2017-06-21,1,Chronos-LoRA-V2,33.75837707519531,33.3629123951578,33.85014154381857,34.329256056731474,0.0,0.0
AAPL,2017-06-21,1,Chronos-LoRA-V3,33.75837707519531,33.37541557022639,33.85186979465448,34.32621527556109,0.0,0.0
AAPL,2017-06-21,5,Chronos-LoRA-V1,33.80473327636719,31.480086914183936,33.96254280391068,36.547850465886256,0.0,0.0
AAPL,2017-06-21,5,Chronos-LoRA-V2,33.80473327636719,31.623340973579346,34.00180454329161,36.464212957530144,0.0,0.0
AAPL,2017-06-21,5,Chronos-LoRA-V3,33.80473327636719,31.650001128842078,33.98547741994216,36.426129800431845,0.0,0.0
AAPL,2017-06-21,10,Chronos-LoRA-V1,33.08612823486328,29.249917523638977,34.134054071633436,39.61558900058497,0.0,0.0
AAPL,2017-06-21,10,Chronos-LoRA-V2,33.08612823486328,29.57684960356246,34.20241882236832,39.321322784284696,0.0,0.0
AAPL,2017-06-21,10,Chronos-LoRA-V3,33.08612823486328,29.566580628630323,34.16518066101362,39.32217532657886,0.0,0.0
AAPL,2017-06-21,20,Chronos-LoRA-V1,34.850196838378906,25.18273518906662,34.40789855176188,46.574194925269964,0.0,0.0
AAPL,2017-06-21,20,Chronos-LoRA-V2,34.850196838378906,25.78270103091436,34.53986911499079,45.757746427737615,0.0,0.0
AAPL,2017-06-21,20,Chronos-LoRA-V3,34.850196838378906,25.715363390129536,34.46148808679553,45.856216343782016,0.0,0.0
AAPL,2017-10-12,1,Chronos-LoRA-V1,36.53464126586914,35.9024532192862,36.34535340412035,36.794347247896,0.0,0.0
AAPL,2017-10-12,1,Chronos-LoRA-V2,36.53464126586914,35.928373389524296,36.35300262425093,36.775492670703365,0.0,0.0
AAPL,2017-10-12,1,Chronos-LoRA-V3,36.53464126586914,35.92497760274214,36.35315047532811,36.78735880001143,0.0,0.0
AAPL,2017-10-12,5,Chronos-LoRA-V1,36.29957962036133,34.21873660165217,36.499355516055644,38.92098939642105,0.0,0.0
AAPL,2017-10-12,5,Chronos-LoRA-V2,36.29957962036133,34.41828845082902,36.53506203126001,38.77233360524891,0.0,0.0
AAPL,2017-10-12,5,Chronos-LoRA-V3,36.29957962036133,34.37331740035232,36.518567706043186,38.821820220555146,0.0,0.0
AAPL,2017-10-12,10,Chronos-LoRA-V1,36.63238143920898,32.15820059396003,36.70346685453938,41.873664769074395,0.0,0.0
AAPL,2017-10-12,10,Chronos-LoRA-V2,36.63238143920898,32.60911988593585,36.76351327242787,41.4308738018581,0.0,0.0
AAPL,2017-10-12,10,Chronos-LoRA-V3,36.63238143920898,32.46014309334967,36.73336881604049,41.62222368782289,0.0,0.0
AAPL,2017-10-12,20,Chronos-LoRA-V1,40.93071746826172,28.236115253487977,37.09478183569498,48.67993242167025,0.0,0.0
AAPL,2017-10-12,20,Chronos-LoRA-V2,40.93071746826172,29.14828410161057,37.199783359717145,47.40200334520113,0.0,0.0
AAPL,2017-10-12,20,Chronos-LoRA-V3,40.93071746826172,28.823046087964226,37.13887270523518,47.92761674136092,0.0,0.0
AAPL,2018-02-06,1,Chronos-LoRA-V1,37.26153564453125,37.415290394492146,38.12546102605751,38.827882919596476,1.0,0.0
AAPL,2018-02-06,1,Chronos-LoRA-V2,37.26153564453125,37.47876000432799,38.14114421397402,38.80598403806378,1.0,0.0
AAPL,2018-02-06,1,Chronos-LoRA-V3,37.26153564453125,37.48516230364896,38.13343283106106,38.78458499288165,1.0,0.0
AAPL,2018-02-06,5,Chronos-LoRA-V1,38.53910827636719,35.02709533097832,38.30048801023734,41.750739679230506,0.0,0.0
AAPL,2018-02-06,5,Chronos-LoRA-V2,38.53910827636719,35.24124422514721,38.37460610725877,41.688452044450806,0.0,0.0
AAPL,2018-02-06,5,Chronos-LoRA-V3,38.53910827636719,35.28861463239795,38.321426806617296,41.53374510734862,0.0,0.0
AAPL,2018-02-06,10,Chronos-LoRA-V1,40.11734390258789,32.52916342504485,38.54036794335143,45.38114474867962,0.0,0.0
AAPL,2018-02-06,10,Chronos-LoRA-V2,40.11734390258789,32.77326624055162,38.67138016335859,45.3746554165647,0.0,0.0
AAPL,2018-02-06,10,Chronos-LoRA-V3,40.11734390258789,32.900333094062816,38.57358155826951,45.03185485347785,0.0,0.0
AAPL,2018-02-06,20,Chronos-LoRA-V1,41.045997619628906,28.382352362774668,38.963319547251984,52.96400687802493,0.0,0.0
AAPL,2018-02-06,20,Chronos-LoRA-V2,41.045997619628906,28.539271193140625,39.19276331116181,53.22444859245788,0.0,0.0
AAPL,2018-02-06,20,Chronos-LoRA-V3,41.045997619628906,28.870321424402725,39.029289323920175,52.40658733140782,0.0,0.0
AAPL,2018-05-31,1,Chronos-LoRA-V1,44.784912109375,43.57001092784475,44.034864222909505,44.51934527157349,0.0,1.0
AAPL,2018-05-31,1,Chronos-LoRA-V2,44.784912109375,43.52968997185048,44.05153651605192,44.57989474551518,0.0,1.0
AAPL,2018-05-31,1,Chronos-LoRA-V3,44.784912109375,43.57322281450905,44.04585201698394,44.54161109446201,0.0,1.0
AAPL,2018-05-31,5,Chronos-LoRA-V1,45.54291534423828,41.78787932452025,44.20338436217944,46.84262020487896,0.0,0.0
AAPL,2018-05-31,5,Chronos-LoRA-V2,45.54291534423828,41.664526686848504,44.28561477323505,47.10674439846322,0.0,0.0
AAPL,2018-05-31,5,Chronos-LoRA-V3,45.54291534423828,41.81762169574832,44.235932212618295,46.90834162491459,0.0,0.0
AAPL,2018-05-31,10,Chronos-LoRA-V1,44.91673278808594,39.35524789233147,44.42494084173664,50.28366622292211,0.0,0.0
AAPL,2018-05-31,10,Chronos-LoRA-V2,44.91673278808594,39.40340490578501,44.5829899979043,50.47688222527924,0.0,0.0
AAPL,2018-05-31,10,Chronos-LoRA-V3,44.91673278808594,39.479791873998614,44.48521140320248,50.328179957054395,0.0,0.0
AAPL,2018-05-31,20,Chronos-LoRA-V1,43.669044494628906,34.46652408272103,44.90795247121986,58.785510159177086,0.0,0.0
AAPL,2018-05-31,20,Chronos-LoRA-V2,43.669044494628906,35.088486587394144,45.16329832465557,58.182835085783324,0.0,0.0
AAPL,2018-05-31,20,Chronos-LoRA-V3,43.669044494628906,34.87352895504502,45.002003698216576,58.49611331079565,0.0,0.0
AAPL,2018-09-21,1,Chronos-LoRA-V1,52.1590461730957,50.573142051020895,51.4880099884032,52.418183210760816,0.0,0.0
AAPL,2018-09-21,1,Chronos-LoRA-V2,52.1590461730957,50.70677754141734,51.506238616259445,52.2971127362986,0.0,0.0
AAPL,2018-09-21,1,Chronos-LoRA-V3,52.1590461730957,50.669912732379395,51.50112697772445,52.338631149148284,0.0,0.0
AAPL,2018-09-21,5,Chronos-LoRA-V1,53.32841873168945,47.470822827579184,51.76670919728101,56.402930279427814,0.0,0.0
AAPL,2018-09-21,5,Chronos-LoRA-V2,53.32841873168945,47.97236565226655,51.84798446557621,55.93366117595637,0.0,0.0
AAPL,2018-09-21,5,Chronos-LoRA-V3,53.32841873168945,47.81769633230065,51.79873300814572,56.06367100972373,0.0,0.0
AAPL,2018-09-21,10,Chronos-LoRA-V1,52.985877990722656,44.17922099015052,52.14839890203185,61.44626972187288,0.0,0.0
AAPL,2018-09-21,10,Chronos-LoRA-V2,52.985877990722656,44.85660744557242,52.28553652989406,60.7244474087844,0.0,0.0
AAPL,2018-09-21,10,Chronos-LoRA-V3,52.985877990722656,44.657543126807184,52.18980975051924,60.8903797828886,0.0,0.0
AAPL,2018-09-21,20,Chronos-LoRA-V1,51.80940628051758,37.775693315414806,52.80043340927263,73.38617336972733,0.0,0.0
AAPL,2018-09-21,20,Chronos-LoRA-V2,51.80940628051758,38.92480273687965,53.096564418667825,71.89227459815288,0.0,0.0
AAPL,2018-09-21,20,Chronos-LoRA-V3,51.80940628051758,38.49429158031875,52.895247093254376,72.39572817064997,0.0,0.0
AAPL,2019-01-17,1,Chronos-LoRA-V1,37.1761474609375,36.19552714522361,36.99744139658496,37.79956566573984,0.0,0.0
AAPL,2019-01-17,1,Chronos-LoRA-V2,37.1761474609375,36.235937089107246,37.005012559984934,37.7634785949528,0.0,0.0
AAPL,2019-01-17,1,Chronos-LoRA-V3,37.1761474609375,36.215748235832365,37.00413707418815,37.79841318821861,0.0,0.0
AAPL,2019-01-17,5,Chronos-LoRA-V1,37.39898300170898,33.24847866574386,37.18508880206102,41.50168127500516,0.0,0.0
AAPL,2019-01-17,5,Chronos-LoRA-V2,37.39898300170898,33.49309165484132,37.232624368491194,41.25169564813271,0.0,0.0
AAPL,2019-01-17,5,Chronos-LoRA-V3,37.39898300170898,33.33552098381698,37.19411559680347,41.42935792530937,0.0,0.0
AAPL,2019-01-17,10,Chronos-LoRA-V1,39.47565460205078,29.99338671179759,37.43078010581236,46.52297414989178,0.0,0.0
AAPL,2019-01-17,10,Chronos-LoRA-V2,39.47565460205078,30.42378909804696,37.50855482310148,45.94888840661876,0.0,0.0
AAPL,2019-01-17,10,Chronos-LoRA-V3,39.47565460205078,30.118816782897685,37.43777223685424,46.366054791816204,0.0,0.0
AAPL,2019-01-17,20,Chronos-LoRA-V1,40.573463439941406,24.419547155245827,37.87162412276132,58.47113944513979,0.0,0.0
AAPL,2019-01-17,20,Chronos-LoRA-V2,40.573463439941406,25.11639458684288,38.030838814725634,57.0443112697098,0.0,0.0
AAPL,2019-01-17,20,Chronos-LoRA-V3,40.573463439941406,24.645925378483135,37.89103390460924,58.0240138350097,0.0,0.0
AAPL,2019-05-13,1,Chronos-LoRA-V1,45.0890007019043,43.35566606018228,44.422006906903114,45.463474492705515,0.0,0.0
AAPL,2019-05-13,1,Chronos-LoRA-V2,45.0890007019043,43.377322613857885,44.440691294995,45.47382283360962,0.0,0.0
AAPL,2019-05-13,1,Chronos-LoRA-V3,45.0890007019043,43.4494003640135,44.43614026993516,45.41290368295691,0.0,0.0
AAPL,2019-05-13,5,Chronos-LoRA-V1,43.75779342651367,39.63449902883087,44.6029797177348,49.883661077155864,0.0,0.0
AAPL,2019-05-13,5,Chronos-LoRA-V2,43.75779342651367,39.69163170323868,44.692660345601645,49.98991747426284,0.0,0.0
AAPL,2019-05-13,5,Chronos-LoRA-V3,43.75779342651367,40.012303298640475,44.63476051997687,49.57435736954443,0.0,0.0
AAPL,2019-05-13,10,Chronos-LoRA-V1,42.59627532958984,35.69615250109088,44.857087927720194,55.642862174172876,0.0,0.0
AAPL,2019-05-13,10,Chronos-LoRA-V2,42.59627532958984,35.68165333990941,45.034557173603496,56.05173423513642,0.0,0.0
AAPL,2019-05-13,10,Chronos-LoRA-V3,42.59627532958984,36.27819217362821,44.90920338790399,55.05471645341088,0.0,0.0
AAPL,2019-05-13,20,Chronos-LoRA-V1,46.55883026123047,28.402561448884505,45.32098086460063,70.23690095095378,0.0,0.0
AAPL,2019-05-13,20,Chronos-LoRA-V2,46.55883026123047,28.701809911545467,45.64617077853137,70.62414953134606,0.0,0.0
AAPL,2019-05-13,20,Chronos-LoRA-V3,46.55883026123047,29.37244919442237,45.40723037348194,68.74630434420685,0.0,0.0
AAPL,2019-09-04,1,Chronos-LoRA-V1,51.16675567626953,49.30735746313339,50.23615940369472,51.16705335841593,0.0,0.0
AAPL,2019-09-04,1,Chronos-LoRA-V2,51.16675567626953,49.306628150330035,50.25709425539723,51.19164794601786,0.0,0.0
AAPL,2019-09-04,1,Chronos-LoRA-V3,51.16675567626953,49.300636456404845,50.25291493782869,51.20936834418217,0.0,0.0
AAPL,2019-09-04,5,Chronos-LoRA-V1,53.640167236328125,45.9353144672227,50.43184573113399,55.27371174460932,0.0,0.0
AAPL,2019-09-04,5,Chronos-LoRA-V2,53.640167236328125,45.97143103136004,50.54222310427553,55.39443783349868,0.0,0.0
AAPL,2019-09-04,5,Chronos-LoRA-V3,53.640167236328125,45.896128764323166,50.47695850967597,55.4395987998204,0.0,0.0
AAPL,2019-09-04,10,Chronos-LoRA-V1,53.44345474243164,41.73090513503285,50.717619986847,61.269004881653565,0.0,0.0
AAPL,2019-09-04,10,Chronos-LoRA-V2,53.44345474243164,42.13566470606992,50.918423692564424,61.07251242437965,0.0,0.0
AAPL,2019-09-04,10,Chronos-LoRA-V3,53.44345474243164,41.78861434468268,50.785440276897326,61.38013112609591,0.0,0.0
AAPL,2019-09-04,20,Chronos-LoRA-V1,52.529415130615234,33.544722514440316,51.21751610118216,77.00101498809923,0.0,0.0
AAPL,2019-09-04,20,Chronos-LoRA-V2,52.529415130615234,35.12775364193967,51.557865482900645,74.56442648454586,0.0,0.0
AAPL,2019-09-04,20,Chronos-LoRA-V3,52.529415130615234,34.14638499161007,51.33247769195823,76.14948027196849,0.0,0.0
AAPL,2019-12-26,1,Chronos-LoRA-V1,69.73295593261719,68.76471626314242,69.89158621101834,71.00976367471839,0.0,0.0
AAPL,2019-12-26,1,Chronos-LoRA-V2,69.73295593261719,68.85245643797744,69.9039482663701,70.93789339888096,0.0,0.0
AAPL,2019-12-26,1,Chronos-LoRA-V3,69.73295593261719,68.81464856508167,69.91208851892091,71.00307357922155,0.0,0.0
AAPL,2019-12-26,5,Chronos-LoRA-V1,71.56892395019531,64.8440596580233,70.38614485820635,76.25291177774129,0.0,0.0
AAPL,2019-12-26,5,Chronos-LoRA-V2,71.56892395019531,65.3172341794149,70.46443541305565,75.87014920681357,0.0,0.0
AAPL,2019-12-26,5,Chronos-LoRA-V3,71.56892395019531,65.04763007989767,70.43537033429642,76.16028417301465,0.0,0.0
AAPL,2019-12-26,10,Chronos-LoRA-V1,74.6729736328125,59.98844711104484,71.00816023220271,83.59142704746709,0.0,0.0
AAPL,2019-12-26,10,Chronos-LoRA-V2,74.6729736328125,61.06417652731423,71.14744925306158,82.52285416637683,0.0,0.0
AAPL,2019-12-26,10,Chronos-LoRA-V3,74.6729736328125,60.386154042732045,71.08095116270613,83.28993670292977,0.0,0.0
AAPL,2019-12-26,20,Chronos-LoRA-V1,74.3409194946289,50.21222713863964,72.13920667867166,102.41910059087115,0.0,0.0
AAPL,2019-12-26,20,Chronos-LoRA-V2,74.3409194946289,52.53940502614017,72.42263342177546,98.85987178831982,0.0,0.0
AAPL,2019-12-26,20,Chronos-LoRA-V3,74.3409194946289,51.076772422019026,72.27413646611784,101.28836636828525,0.0,0.0
AAPL,2020-04-21,1,Chronos-LoRA-V1,66.59407043457031,61.867509956640646,64.78638950401553,67.7296497313912,0.0,0.0
AAPL,2020-04-21,1,Chronos-LoRA-V2,66.59407043457031,62.5222935766285,64.84967841112054,67.14063831926545,0.0,0.0
AAPL,2020-04-21,1,Chronos-LoRA-V3,66.59407043457031,62.168096108137505,64.83037679960903,67.50563839089286,0.0,0.0
AAPL,2020-04-21,5,Chronos-LoRA-V1,67.1922378540039,51.62256330286209,65.03434660714662,81.26342954284324,0.0,0.0
AAPL,2020-04-21,5,Chronos-LoRA-V2,67.1922378540039,54.389554992677795,65.35889204848425,77.940055783331,0.0,0.0
AAPL,2020-04-21,5,Chronos-LoRA-V3,67.1922378540039,52.817634752168196,65.17318400597588,79.77692843321529,0.0,0.0
AAPL,2020-04-21,10,Chronos-LoRA-V1,71.77012634277344,41.28445231749927,65.41539866086367,102.28586418289211,0.0,0.0
AAPL,2020-04-21,10,Chronos-LoRA-V2,71.77012634277344,45.87854769015724,66.02041306149717,93.81203294991707,0.0,0.0
AAPL,2020-04-21,10,Chronos-LoRA-V3,71.77012634277344,43.12296242468635,65.64396122410886,98.44606922862224,0.0,0.0
AAPL,2020-04-21,20,Chronos-LoRA-V1,75.73241424560547,27.25692814206319,66.31151609060879,157.5658877348128,0.0,0.0
AAPL,2020-04-21,20,Chronos-LoRA-V2,75.73241424560547,33.082631075478275,67.25176523036609,133.59944781129883,0.0,0.0
AAPL,2020-04-21,20,Chronos-LoRA-V3,75.73241424560547,29.254934300779222,66.67040876582713,147.70159737770928,0.0,0.0
AAPL,2020-08-12,1,Chronos-LoRA-V1,111.46053314208984,107.22971130175199,109.83176061578666,112.50165274810162,0.0,0.0
AAPL,2020-08-12,1,Chronos-LoRA-V2,111.46053314208984,107.21677351451204,109.85976067946801,112.50181158761235,0.0,0.0
AAPL,2020-08-12,1,Chronos-LoRA-V3,111.46053314208984,107.3187543334329,109.85922884803422,112.49132090827167,0.0,0.0
AAPL,2020-08-12,5,Chronos-LoRA-V1,112.1364974975586,98.39415558986362,111.12161978358925,125.4895115233383,0.0,0.0
AAPL,2020-08-12,5,Chronos-LoRA-V2,112.1364974975586,98.46754068541154,111.35535355817878,125.62805134641822,0.0,0.0
AAPL,2020-08-12,5,Chronos-LoRA-V3,112.1364974975586,98.76040880135194,111.14889121140673,125.29260260482161,0.0,0.0
AAPL,2020-08-12,10,Chronos-LoRA-V1,122.61774444580078,88.56590364528125,112.74950864122118,143.30976629723634,0.0,0.0
AAPL,2020-08-12,10,Chronos-LoRA-V2,122.61774444580078,88.68075670806027,113.2377638627436,143.63787373713845,0.0,0.0
AAPL,2020-08-12,10,Chronos-LoRA-V3,122.61774444580078,88.98959855617474,112.7641991202807,143.01267038155788,0.0,0.0
AAPL,2020-08-12,20,Chronos-LoRA-V1,109.9874496459961,70.1952317725817,116.0206626755104,191.74672433541153,0.0,0.0
AAPL,2020-08-12,20,Chronos-LoRA-V2,109.9874496459961,70.85361531345282,116.71758793766735,189.62420578182068,0.0,0.0
AAPL,2020-08-12,20,Chronos-LoRA-V3,109.9874496459961,70.9900737041287,115.98247105009563,189.79804980186407,0.0,0.0
AAPL,2020-12-03,1,Chronos-LoRA-V1,118.68151092529295,117.17236274980371,119.7437947509835,122.35678648654546,0.0,0.0
AAPL,2020-12-03,1,Chronos-LoRA-V2,118.68151092529295,117.28990658536553,119.775259596389,122.23292532393958,0.0,0.0
AAPL,2020-12-03,1,Chronos-LoRA-V3,118.68151092529295,117.30500226819426,119.76500295639595,122.26294793785955,0.0,0.0
AAPL,2020-12-03,5,Chronos-LoRA-V1,119.64259338378906,108.45153673808,121.23199625135145,135.51652704924183,0.0,0.0
AAPL,2020-12-03,5,Chronos-LoRA-V2,119.64259338378906,109.1931127561375,121.42391561757255,134.72619488919645,0.0,0.0
AAPL,2020-12-03,5,Chronos-LoRA-V3,119.64259338378906,109.12030460350991,121.2490408502644,134.74704619089374,0.0,0.0
AAPL,2020-12-03,10,Chronos-LoRA-V1,124.94320678710938,98.13795654063557,123.15210182808721,154.260886598268,0.0,0.0
AAPL,2020-12-03,10,Chronos-LoRA-V2,124.94320678710938,99.78056864299887,123.4933153737815,152.0833907399619,0.0,0.0
AAPL,2020-12-03,10,Chronos-LoRA-V3,124.94320678710938,99.34181025842429,123.14631127676444,152.48221891730014,0.0,0.0
AAPL,2020-12-03,20,Chronos-LoRA-V1,125.63253021240234,80.73209705878239,126.58663957013901,198.3782964132154,0.0,0.0
AAPL,2020-12-03,20,Chronos-LoRA-V2,125.63253021240234,83.24178481155843,127.34220716498002,193.24314519194758,0.0,0.0
AAPL,2020-12-03,20,Chronos-LoRA-V3,125.63253021240234,82.48351549106123,126.58904932589463,194.2358647655828,0.0,0.0
AAPL,2021-03-30,1,Chronos-LoRA-V1,118.76164245605467,113.88667723242024,116.91083623122562,119.8767975169965,0.0,0.0
AAPL,2021-03-30,1,Chronos-LoRA-V2,118.76164245605467,114.17978490378616,116.92697287789208,119.62164635203219,0.0,0.0
AAPL,2021-03-30,1,Chronos-LoRA-V3,118.76164245605467,114.1454549460669,116.94310649683081,119.72336144856514,0.0,0.0
AAPL,2021-03-30,5,Chronos-LoRA-V1,124.35212707519533,102.96235730056425,118.31604942353397,135.1899233541717,0.0,0.0
AAPL,2021-03-30,5,Chronos-LoRA-V2,124.35212707519533,104.78304374431468,118.37321557803125,133.14139221219077,0.0,0.0
AAPL,2021-03-30,5,Chronos-LoRA-V3,124.35212707519533,104.25545745639808,118.35994794738234,133.97185873106767,0.0,0.0
AAPL,2021-03-30,10,Chronos-LoRA-V1,128.3675537109375,90.5495482098299,120.13412909055246,157.40777155765028,0.0,0.0
AAPL,2021-03-30,10,Chronos-LoRA-V2,128.3675537109375,93.97897546102496,120.21717028206282,152.3269912386231,0.0,0.0
AAPL,2021-03-30,10,Chronos-LoRA-V3,128.3675537109375,92.73850479725097,120.19082449987158,154.56017796564214,0.0,0.0
AAPL,2021-03-30,20,Chronos-LoRA-V1,129.8745880126953,68.80631898281473,123.34366134140545,215.72994528956445,0.0,0.0
AAPL,2021-03-30,20,Chronos-LoRA-V2,129.8745880126953,74.85460826702425,123.60922610422408,200.05479749917083,0.0,0.0
AAPL,2021-03-30,20,Chronos-LoRA-V3,129.8745880126953,72.6190273120634,123.45938738791291,206.5366655385324,0.0,0.0
AAPL,2021-07-22,1,Chronos-LoRA-V1,144.6843719482422,140.19933095428544,143.40428592106448,146.57239738910107,0.0,0.0
AAPL,2021-07-22,1,Chronos-LoRA-V2,144.6843719482422,140.60265300457175,143.44173033024913,146.25212536391408,0.0,0.0
AAPL,2021-07-22,1,Chronos-LoRA-V3,144.6843719482422,140.30290243666553,143.44695227840194,146.574793911233,0.0,0.0
AAPL,2021-07-22,5,Chronos-LoRA-V1,141.8405303955078,129.04730795158315,145.1396922756641,162.4951250625379,0.0,0.0
AAPL,2021-07-22,5,Chronos-LoRA-V2,141.8405303955078,131.28364560084378,145.3669667547708,160.56477349597324,0.0,0.0
AAPL,2021-07-22,5,Chronos-LoRA-V3,141.8405303955078,129.47705524495885,145.20039321592287,162.28411180646816,0.0,0.0
AAPL,2021-07-22,10,Chronos-LoRA-V1,143.2234649658203,115.60199915006271,147.3887772027596,185.45647965757192,0.0,0.0
AAPL,2021-07-22,10,Chronos-LoRA-V2,143.2234649658203,120.28654964901628,147.82970673744964,180.4238295105176,0.0,0.0
AAPL,2021-07-22,10,Chronos-LoRA-V3,143.2234649658203,116.30230042433789,147.4432708170008,184.93233591452446,0.0,0.0
AAPL,2021-07-22,20,Chronos-LoRA-V1,143.08692932128906,80.99824353181995,151.1103428139304,265.8608982621957,0.0,0.0
AAPL,2021-07-22,20,Chronos-LoRA-V2,143.08692932128906,97.19997998797385,152.29385020568571,233.39686156117375,0.0,0.0
AAPL,2021-07-22,20,Chronos-LoRA-V3,143.08692932128906,84.41507047945687,151.30831522153463,259.21699208124824,0.0,0.0
AAPL,2021-11-11,1,Chronos-LoRA-V1,146.50941467285156,142.88533676969507,144.75164293416813,146.61737249500337,0.0,0.0
AAPL,2021-11-11,1,Chronos-LoRA-V2,146.50941467285156,142.64149545641277,144.776404983676,146.85593259321428,0.0,0.0
AAPL,2021-11-11,1,Chronos-LoRA-V3,146.50941467285156,142.91139258006461,144.80822882410874,146.7124206736529,0.0,0.0
AAPL,2021-11-11,5,Chronos-LoRA-V1,154.20655822753906,136.81641856705104,146.04266930139144,155.801806548666,0.0,0.0
AAPL,2021-11-11,5,Chronos-LoRA-V2,154.20655822753906,135.59491867404046,146.19393033455344,157.21619487296977,0.0,0.0
AAPL,2021-11-11,5,Chronos-LoRA-V3,154.20655822753906,136.93540583946609,146.19730467083002,156.12455528479086,0.0,0.0
AAPL,2021-11-11,10,Chronos-LoRA-V1,153.17117309570312,129.813972049815,147.7262412087665,167.85257498481474,0.0,0.0
AAPL,2021-11-11,10,Chronos-LoRA-V2,153.17117309570312,127.39187362286874,148.00714357029003,171.00415498524305,0.0,0.0
AAPL,2021-11-11,10,Chronos-LoRA-V3,153.17117309570312,129.96510206414243,147.97355822252305,168.49503356924046,0.0,0.0
AAPL,2021-11-11,20,Chronos-LoRA-V1,175.28582763671875,117.11835022253983,151.13841542698984,194.36559166997444,0.0,0.0
AAPL,2021-11-11,20,Chronos-LoRA-V2,175.28582763671875,113.21789339910167,151.43310575465415,200.57936131259908,0.0,0.0
AAPL,2021-11-11,20,Chronos-LoRA-V3,175.28582763671875,117.57584144889702,151.5103466940736,195.373090556017,0.0,0.0
AAPL,2022-03-08,1,Chronos-LoRA-V1,159.3714599609375,150.63380081034666,154.10461871941274,157.6893864220893,0.0,1.0
AAPL,2022-03-08,1,Chronos-LoRA-V2,159.3714599609375,150.81684947366352,154.2332769719477,157.6427565561588,0.0,1.0
AAPL,2022-03-08,1,Chronos-LoRA-V3,159.3714599609375,150.80749406167402,154.20651401489428,157.68329626854535,0.0,1.0
AAPL,2022-03-08,5,Chronos-LoRA-V1,151.68409729003906,137.804156616254,154.63389940276682,173.70600318548472,0.0,0.0
AAPL,2022-03-08,5,Chronos-LoRA-V2,151.68409729003906,138.75586553749423,155.2690810035932,173.33671022033798,0.0,0.0
AAPL,2022-03-08,5,Chronos-LoRA-V3,151.68409729003906,138.64283223804037,155.0161333264704,173.3402359396192,0.0,0.0
AAPL,2022-03-08,10,Chronos-LoRA-V1,165.11257934570312,123.55326073442221,155.44922315478962,195.72595968606797,0.0,0.0
AAPL,2022-03-08,10,Chronos-LoRA-V2,165.11257934570312,125.2569791065058,156.622667439034,194.86238886937815,0.0,0.0
AAPL,2022-03-08,10,Chronos-LoRA-V3,165.11257934570312,124.88339320397864,156.122167755161,195.02154332604235,0.0,0.0
AAPL,2022-03-08,20,Chronos-LoRA-V1,171.21554565429688,99.93996370127368,157.02571115461058,246.96875131133206,0.0,0.0
AAPL,2022-03-08,20,Chronos-LoRA-V2,171.21554565429688,102.14170671477679,159.16421384270575,245.4121066937389,0.0,0.0
AAPL,2022-03-08,20,Chronos-LoRA-V3,171.21554565429688,102.21005349959182,158.40296659127705,245.0175567072416,0.0,0.0
AAPL,2022-06-30,1,Chronos-LoRA-V1,136.07862854003906,129.98514405437209,134.06891656741834,138.14646063674948,0.0,0.0
AAPL,2022-06-30,1,Chronos-LoRA-V2,136.07862854003906,130.37019060480785,134.1494355936498,137.8669351146081,0.0,0.0
AAPL,2022-06-30,1,Chronos-LoRA-V3,136.07862854003906,130.3126233903996,134.12854585560817,137.9414870501634,0.0,0.0
AAPL,2022-06-30,5,Chronos-LoRA-V1,144.02215576171875,115.28643959627989,134.7491449503759,156.63043323454488,0.0,0.0
AAPL,2022-06-30,5,Chronos-LoRA-V2,144.02215576171875,116.99378392122178,135.08383263484353,154.96898446111342,0.0,0.0
AAPL,2022-06-30,5,Chronos-LoRA-V3,144.02215576171875,116.60519271363381,134.89407264605433,155.18435770264233,0.0,0.0
AAPL,2022-06-30,10,Chronos-LoRA-V1,147.08792114257812,99.42776215558018,135.6383824586912,183.38562761424143,0.0,0.0
AAPL,2022-06-30,10,Chronos-LoRA-V2,147.08792114257812,102.49567692329592,136.2300037939553,179.17242805589527,0.0,0.0
AAPL,2022-06-30,10,Chronos-LoRA-V3,147.08792114257812,101.59576143484533,135.83061010421184,179.82491377763603,0.0,0.0
AAPL,2022-06-30,20,Chronos-LoRA-V1,159.1746368408203,73.85425773558671,137.36890021569866,251.46473929102063,0.0,0.0
AAPL,2022-06-30,20,Chronos-LoRA-V2,159.1746368408203,78.19016632056623,138.41052780810867,240.2661735652811,0.0,0.0
AAPL,2022-06-30,20,Chronos-LoRA-V3,159.1746368408203,76.82798204308591,137.64824026178408,242.06570829705228,0.0,0.0
AAPL,2022-10-21,1,Chronos-LoRA-V1,146.5860137939453,141.21333684514138,144.57293857262164,147.99739855973894,0.0,0.0
AAPL,2022-10-21,1,Chronos-LoRA-V2,146.5860137939453,141.26365641000484,144.63285824381904,147.9864434217535,0.0,0.0
AAPL,2022-10-21,1,Chronos-LoRA-V3,146.5860137939453,141.40882861369278,144.63810952845327,147.91251510632281,0.0,0.0
AAPL,2022-10-21,5,Chronos-LoRA-V1,152.7555389404297,128.79999263019909,145.01527118613046,163.13806162274304,0.0,0.0
AAPL,2022-10-21,5,Chronos-LoRA-V2,152.7555389404297,129.13648397517537,145.34368988055658,163.07402968993233,0.0,0.0
AAPL,2022-10-21,5,Chronos-LoRA-V3,152.7555389404297,129.60726837602894,145.2109069162858,162.4624168204935,0.0,0.0
AAPL,2022-10-21,10,Chronos-LoRA-V1,135.95333862304688,114.80542745508222,145.63365650738373,184.38674759261258,0.0,0.0
AAPL,2022-10-21,10,Chronos-LoRA-V2,135.95333862304688,115.49860040017401,146.24483929517353,183.99185522552986,0.0,0.0
AAPL,2022-10-21,10,Chronos-LoRA-V3,135.95333862304688,116.1496046749849,145.941552789992,182.79057072094207,0.0,0.0
AAPL,2022-10-21,20,Chronos-LoRA-V1,148.636962890625,91.67947575717949,146.85765357142313,234.40184074305503,0.0,0.0
AAPL,2022-10-21,20,Chronos-LoRA-V2,148.636962890625,92.28131050932004,147.791859098582,233.7493483247013,0.0,0.0
AAPL,2022-10-21,20,Chronos-LoRA-V3,148.636962890625,93.54940547982943,147.30412366201463,230.73472654621722,0.0,0.0
AAPL,2023-02-15,1,Chronos-LoRA-V1,151.24510192871094,149.23675820393447,152.98060805924047,156.8221372299708,0.0,0.0
AAPL,2023-02-15,1,Chronos-LoRA-V2,151.24510192871094,149.6061080672971,153.0224745510915,156.4533637404228,0.0,0.0
AAPL,2023-02-15,1,Chronos-LoRA-V3,151.24510192871094,149.45472964266528,153.04259764547118,156.72539244639393,0.0,0.0
AAPL,2023-02-15,5,Chronos-LoRA-V1,147.0041961669922,135.2719089150943,153.3942334000036,173.7380592679809,0.0,0.0
AAPL,2023-02-15,5,Chronos-LoRA-V2,147.0041961669922,137.14517432342453,153.70919749870302,171.8574510269019,0.0,0.0
AAPL,2023-02-15,5,Chronos-LoRA-V3,147.0041961669922,136.2083651749069,153.57924312642373,173.02522256789018,0.0,0.0
AAPL,2023-02-15,10,Chronos-LoRA-V1,143.57015991210938,119.47528191097005,153.89105442297185,197.63769820936892,0.0,0.0
AAPL,2023-02-15,10,Chronos-LoRA-V2,143.57015991210938,123.00439295602501,154.55716542482858,193.18355693365436,0.0,0.0
AAPL,2023-02-15,10,Chronos-LoRA-V3,143.57015991210938,121.06125343818431,154.21116038418177,195.91642175607987,0.0,0.0
AAPL,2023-02-15,20,Chronos-LoRA-V1,153.3507537841797,92.74376747559937,154.7585780744339,257.1695688666652,0.0,0.0
AAPL,2023-02-15,20,Chronos-LoRA-V2,153.3507537841797,98.37800100527633,155.91341321079975,244.67932479391916,0.0,0.0
AAPL,2023-02-15,20,Chronos-LoRA-V3,153.3507537841797,95.41939046300193,155.34810874418025,251.6693692921447,0.0,0.0
AAPL,2023-06-09,1,Chronos-LoRA-V1,181.0928497314453,176.42796128726494,178.57564641690695,180.86365411739666,0.0,1.0
AAPL,2023-06-09,1,Chronos-LoRA-V2,181.0928497314453,176.16720114746363,178.56016184244922,180.9816103332455,0.0,1.0
AAPL,2023-06-09,1,Chronos-LoRA-V3,181.0928497314453,176.46565061185538,178.6150339333889,180.88587488825334,0.0,1.0
AAPL,2023-06-09,5,Chronos-LoRA-V1,182.20628356933597,169.17475903982051,179.64831250974902,191.52540931584554,0.0,0.0
AAPL,2023-06-09,5,Chronos-LoRA-V2,182.20628356933597,167.898654962367,179.5619758493772,192.222747248689,0.0,0.0
AAPL,2023-06-09,5,Chronos-LoRA-V3,182.20628356933597,169.31476598551185,179.7340504967125,191.4948359523256,0.0,0.0
AAPL,2023-06-09,10,Chronos-LoRA-V1,182.55111694335935,160.70989328992798,180.9997870788489,205.5193660421311,0.0,0.0
AAPL,2023-06-09,10,Chronos-LoRA-V2,182.55111694335935,158.2186686237044,180.78032549099723,207.0346032111496,0.0,0.0
AAPL,2023-06-09,10,Chronos-LoRA-V3,182.55111694335935,160.80539610741496,181.08932839260837,205.4685260224197,0.0,0.0
AAPL,2023-06-09,20,Chronos-LoRA-V1,185.31988525390625,145.42478331182872,183.39914940438166,234.73727873783446,0.0,0.0
AAPL,2023-06-09,20,Chronos-LoRA-V2,185.31988525390625,140.6004953658208,183.00346516272424,238.93789363622858,0.0,0.0
AAPL,2023-06-09,20,Chronos-LoRA-V3,185.31988525390625,145.57912508611955,183.63535458034926,234.8603656429487,0.0,0.0
AAPL,2023-10-03,1,Chronos-LoRA-V1,171.3425750732422,166.79930902531615,170.14359529162604,173.36888885625376,0.0,0.0
AAPL,2023-10-03,1,Chronos-LoRA-V2,171.3425750732422,167.0870958836981,170.22264526303542,173.23986839876827,0.0,0.0
AAPL,2023-10-03,1,Chronos-LoRA-V3,171.3425750732422,167.0238338513719,170.2321824305527,173.35277695315185,0.0,0.0
AAPL,2023-10-03,5,Chronos-LoRA-V1,176.0094451904297,154.11261492256995,170.4291943514307,187.3423102819405,0.0,0.0
AAPL,2023-10-03,5,Chronos-LoRA-V2,176.0094451904297,155.45704769599655,170.79260041708972,186.69488845138406,0.0,0.0
AAPL,2023-10-03,5,Chronos-LoRA-V3,176.0094451904297,155.0992368569476,170.70148075605383,187.0510208710991,0.0,0.0
AAPL,2023-10-03,10,Chronos-LoRA-V1,174.78599548339844,139.3729631383232,170.80863853841518,206.65519344014297,0.0,0.0
AAPL,2023-10-03,10,Chronos-LoRA-V2,174.78599548339844,142.01601374597325,171.48352499992532,204.98879518248012,0.0,0.0
AAPL,2023-10-03,10,Chronos-LoRA-V3,174.78599548339844,141.0739373131765,171.26851220499825,205.86032791676323,0.0,0.0
AAPL,2023-10-03,20,Chronos-LoRA-V1,168.4911651611328,114.68360192866075,171.72609042198636,251.21052943169363,0.0,0.0
AAPL,2023-10-03,20,Chronos-LoRA-V2,168.4911651611328,118.6206579068455,172.80307451362432,246.87425180053663,0.0,0.0
AAPL,2023-10-03,20,Chronos-LoRA-V3,168.4911651611328,117.61098286375261,172.55968916847797,248.73339772923785,0.0,0.0
AAPL,2024-01-26,1,Chronos-LoRA-V1,189.420654296875,187.6431395331724,190.20715845531632,192.77802062403484,0.0,0.0
AAPL,2024-01-26,1,Chronos-LoRA-V2,189.420654296875,187.500627495558,190.22440781445565,192.89831950911918,0.0,0.0
AAPL,2024-01-26,1,Chronos-LoRA-V3,189.420654296875,187.6999175281652,190.2647460844023,192.82512525724567,0.0,0.0
AAPL,2024-01-26,5,Chronos-LoRA-V1,183.61148071289065,178.06300123758166,190.55689911234865,203.86277300648422,0.0,0.0
AAPL,2024-01-26,5,Chronos-LoRA-V2,183.61148071289065,177.38365763753757,190.61602640519195,204.53125281546954,0.0,0.0
AAPL,2024-01-26,5,Chronos-LoRA-V3,183.61148071289065,178.2818442436128,190.7109347009766,203.96030337785388,0.0,0.0
AAPL,2024-01-26,10,Chronos-LoRA-V1,186.81344604492188,166.83619221628825,191.1239362375464,218.71718641029915,0.0,0.0
AAPL,2024-01-26,10,Chronos-LoRA-V2,186.81344604492188,165.65588975683846,191.16643247459,219.90321722014585,0.0,0.0
AAPL,2024-01-26,10,Chronos-LoRA-V3,186.81344604492188,167.2029743775344,191.34672952047723,218.81141540491106,0.0,0.0
AAPL,2024-01-26,20,Chronos-LoRA-V1,179.20635986328125,145.55280032435692,191.97059717190766,252.4686265291068,0.0,0.0
AAPL,2024-01-26,20,Chronos-LoRA-V2,179.20635986328125,143.91411662315434,192.01350501743957,254.46694000204178,0.0,0.0
AAPL,2024-01-26,20,Chronos-LoRA-V3,179.20635986328125,146.46497345816272,192.37337055588995,252.15523713747262,0.0,0.0
AAPL,2024-05-20,1,Chronos-LoRA-V1,190.53375244140625,186.4846678034953,189.33903181803436,192.19174877376673,0.0,0.0
AAPL,2024-05-20,1,Chronos-LoRA-V2,190.53375244140625,186.6187633212297,189.39250791683227,192.10715960172035,0.0,0.0
AAPL,2024-05-20,1,Chronos-LoRA-V3,190.53375244140625,186.59277665151868,189.39733958569448,192.1951518095759,0.0,0.0
AAPL,2024-05-20,5,Chronos-LoRA-V1,188.19602966308597,175.44672032358926,189.62494490129677,204.95774644869294,0.0,0.0
AAPL,2024-05-20,5,Chronos-LoRA-V2,188.19602966308597,176.23222329610059,189.91847663717695,204.39375964112355,0.0,0.0
AAPL,2024-05-20,5,Chronos-LoRA-V3,188.19602966308597,175.9754147016882,189.79137997777406,204.67970593394605,0.0,0.0
AAPL,2024-05-20,10,Chronos-LoRA-V1,192.514892578125,162.49334241644357,190.0103220036515,222.06459109578353,0.0,0.0
AAPL,2024-05-20,10,Chronos-LoRA-V2,192.514892578125,164.11283359750584,190.5518370054808,220.63949813045835,0.0,0.0
AAPL,2024-05-20,10,Chronos-LoRA-V3,192.514892578125,163.36537312094902,190.28586949640874,221.53263913501831,0.0,0.0
AAPL,2024-05-20,20,Chronos-LoRA-V1,212.2666015625,138.90130860376402,190.64248534885175,261.3351997420723,0.0,0.0
AAPL,2024-05-20,20,Chronos-LoRA-V2,212.2666015625,141.69456607033504,191.6262402309847,257.6121036046509,0.0,0.0
AAPL,2024-05-20,20,Chronos-LoRA-V3,212.2666015625,140.37223547230928,191.1628768969134,259.82632610449826,0.0,0.0
AAPL,2024-09-12,1,Chronos-LoRA-V1,220.65419006347656,217.49686050342595,221.12195481475237,224.7056268976777,0.0,0.0
AAPL,2024-09-12,1,Chronos-LoRA-V2,220.65419006347656,217.77676918017542,221.16906614380002,224.4528300445793,0.0,0.0
AAPL,2024-09-12,1,Chronos-LoRA-V3,220.65419006347656,217.68506174245982,221.1898189071616,224.63106887089927,0.0,0.0
AAPL,2024-09-12,5,Chronos-LoRA-V1,226.9713287353516,204.029315529386,221.82534134794057,240.60872859031264,0.0,0.0
AAPL,2024-09-12,5,Chronos-LoRA-V2,226.9713287353516,205.4997928817655,222.07752823367878,239.3120655014788,0.0,0.0
AAPL,2024-09-12,5,Chronos-LoRA-V3,226.9713287353516,204.9397640187663,222.00774169306968,240.01250426113097,0.0,0.0
AAPL,2024-09-12,10,Chronos-LoRA-V1,225.6325225830078,188.5437191205939,222.6685096784148,261.52515877279194,0.0,0.0
AAPL,2024-09-12,10,Chronos-LoRA-V2,225.6325225830078,191.32594334645805,223.15519115843168,258.78307998615605,0.0,0.0
AAPL,2024-09-12,10,Chronos-LoRA-V3,225.6325225830078,190.13058289494114,222.96935306959512,260.29224064884056,0.0,0.0
AAPL,2024-09-12,20,Chronos-LoRA-V1,227.13992309570312,160.60417508691262,224.45740760510827,309.9294489490031,0.0,0.0
AAPL,2024-09-12,20,Chronos-LoRA-V2,227.13992309570312,165.60331032120916,225.24197203693166,302.7099281825168,0.0,0.0
AAPL,2024-09-12,20,Chronos-LoRA-V3,227.13992309570312,163.4719106628545,224.85691845334904,306.13431104305965,0.0,0.0
AAPL,2025-01-06,1,Chronos-LoRA-V1,240.4649353027344,239.74838823967156,243.5892345646176,247.3209812029069,0.0,0.0
AAPL,2025-01-06,1,Chronos-LoRA-V2,240.4649353027344,239.9492694899643,243.64044146035755,247.18003065064062,0.0,0.0
AAPL,2025-01-06,1,Chronos-LoRA-V3,240.4649353027344,239.9317976638035,243.66233712232068,247.2943434025446,0.0,0.0
AAPL,2025-01-06,5,Chronos-LoRA-V1,231.5992889404297,226.51940889898117,244.93121244968663,263.79163371940723,0.0,0.0
AAPL,2025-01-06,5,Chronos-LoRA-V2,231.5992889404297,227.32116099556148,245.28466392245605,263.4595368982009,0.0,0.0
AAPL,2025-01-06,5,Chronos-LoRA-V3,231.5992889404297,227.1476577726733,245.18097789844728,263.72272790589636,0.0,0.0
AAPL,2025-01-06,10,Chronos-LoRA-V1,222.2173614501953,210.97719591461524,246.5058923487536,285.74726378483354,0.0,0.0
AAPL,2025-01-06,10,Chronos-LoRA-V2,222.2173614501953,212.57131602625523,247.25357438115336,285.10705596071807,0.0,0.0
AAPL,2025-01-06,10,Chronos-LoRA-V3,222.2173614501953,211.9416053364168,246.9532839898274,285.6991315330062,0.0,0.0
AAPL,2025-01-06,20,Chronos-LoRA-V1,230.79510498046875,182.26607540416248,249.95857603734984,337.3628090760223,0.0,0.0
AAPL,2025-01-06,20,Chronos-LoRA-V2,230.79510498046875,185.7162051794422,251.13138159688805,333.64988719477225,0.0,0.0
AAPL,2025-01-06,20,Chronos-LoRA-V3,230.79510498046875,184.14915705701125,250.65044561109286,336.3326537536548,0.0,0.0
AAPL,2025-05-01,1,Chronos-LoRA-V1,204.0946807861328,208.28659676802155,212.25473111076406,215.8848888262403,1.0,0.0
AAPL,2025-05-01,1,Chronos-LoRA-V2,204.0946807861328,208.23136150855447,212.30976764262718,216.07085829311808,1.0,0.0
AAPL,2025-05-01,1,Chronos-LoRA-V3,204.0946807861328,208.29982831318318,212.30605432674523,216.05069260135448,1.0,0.0
AAPL,2025-05-01,5,Chronos-LoRA-V1,196.28271484375,192.73743148710744,213.09464882916333,233.53218612823474,0.0,0.0
AAPL,2025-05-01,5,Chronos-LoRA-V2,196.28271484375,193.1898122599525,213.4824511787513,233.91971412527724,0.0,0.0
AAPL,2025-05-01,5,Chronos-LoRA-V3,196.28271484375,193.1282311663648,213.24896196532487,233.72960948172494,0.0,0.0
AAPL,2025-05-01,10,Chronos-LoRA-V1,210.43296813964844,173.78818489846978,214.09738781974562,258.84653976405764,0.0,0.0
AAPL,2025-05-01,10,Chronos-LoRA-V2,210.43296813964844,175.55742623790675,214.8391319291788,258.3260794619024,0.0,0.0
AAPL,2025-05-01,10,Chronos-LoRA-V3,210.43296813964844,174.64529939877872,214.3296500871808,258.6924322385322,0.0,0.0
AAPL,2025-05-01,20,Chronos-LoRA-V1,199.8839569091797,138.167892237338,216.24095429782813,325.4381377105664,0.0,0.0
AAPL,2025-05-01,20,Chronos-LoRA-V2,199.8839569091797,143.57100692210096,217.46758951304668,317.88246995454705,0.0,0.0
AAPL,2025-05-01,20,Chronos-LoRA-V3,199.8839569091797,140.08463175616964,216.54566131951736,323.3684061864906,0.0,0.0
AAPL,2025-08-25,1,Chronos-LoRA-V1,228.46604919433597,222.56319551075532,226.5478715200929,230.37427352817605,0.0,0.0
AAPL,2025-08-25,1,Chronos-LoRA-V2,228.46604919433597,222.71063897619482,226.59499158853288,230.28240791297142,0.0,0.0
AAPL,2025-08-25,1,Chronos-LoRA-V3,228.46604919433597,222.7174771535868,226.62527133818983,230.39432435626276,0.0,0.0
AAPL,2025-08-25,5,Chronos-LoRA-V1,228.8745574951172,207.80780942517845,227.42795560868393,247.77644763030395,0.0,0.0
AAPL,2025-08-25,5,Chronos-LoRA-V2,228.8745574951172,208.65434506059466,227.68382688424217,247.17915008667262,0.0,0.0
AAPL,2025-08-25,5,Chronos-LoRA-V3,228.8745574951172,208.51564348718574,227.64886819867056,247.54735558711405,0.0,0.0
AAPL,2025-08-25,10,Chronos-LoRA-V1,233.4875030517578,190.23555743865515,228.5797053094997,271.9809299956825,0.0,0.0
AAPL,2025-08-25,10,Chronos-LoRA-V2,233.4875030517578,192.1447318406892,229.0762224219981,270.15150587738856,0.0,0.0
AAPL,2025-08-25,10,Chronos-LoRA-V3,233.4875030517578,191.52160848553885,228.92856120033787,271.238780693654,0.0,0.0
AAPL,2025-08-25,20,Chronos-LoRA-V1,253.49359130859372,159.36837491804172,230.76619406471576,327.46030764095207,0.0,0.0
AAPL,2025-08-25,20,Chronos-LoRA-V2,253.49359130859372,162.98366122867807,231.63174140005583,322.0939329568111,0.0,0.0
AAPL,2025-08-25,20,Chronos-LoRA-V3,253.49359130859372,161.60823938959652,231.37898587933313,325.817121664289,0.0,0.0
AAPL,2025-12-16,1,Chronos-LoRA-V1,271.10205078125,269.71449698361613,274.1396291226628,278.6620240448092,0.0,0.0
AAPL,2025-12-16,1,Chronos-LoRA-V2,271.10205078125,270.10627328235563,274.19671746700453,278.25879792176914,0.0,0.0
AAPL,2025-12-16,1,Chronos-LoRA-V3,271.10205078125,269.9657815557239,274.2359800244058,278.600040980851,0.0,0.0
AAPL,2025-12-16,5,Chronos-LoRA-V1,271.62066650390625,254.0828332830422,275.16565456104206,298.0822366047315,0.0,0.0
AAPL,2025-12-16,5,Chronos-LoRA-V2,271.62066650390625,255.73441721976286,275.4744065952708,296.3378667604226,0.0,0.0
AAPL,2025-12-16,5,Chronos-LoRA-V3,271.62066650390625,255.08878160080164,275.433380135182,297.5555907058822,0.0,0.0
AAPL,2025-12-16,10,Chronos-LoRA-V1,271.1220092773437,236.26515092186582,276.46511792045754,323.274786537905,0.0,0.0
AAPL,2025-12-16,10,Chronos-LoRA-V2,271.1220092773437,239.1974377318897,277.06010396970464,319.78576296774133,0.0,0.0
AAPL,2025-12-16,10,Chronos-LoRA-V3,271.1220092773437,237.780071176703,276.89498102371897,322.48319798961995,0.0,0.0
AAPL,2025-12-16,20,Chronos-LoRA-V1,257.5090637207031,204.1288689861651,279.0040515851834,380.38784099053123,0.0,0.0
AAPL,2025-12-16,20,Chronos-LoRA-V2,257.5090637207031,209.05879662252258,279.98949327646056,372.04102611289875,0.0,0.0
AAPL,2025-12-16,20,Chronos-LoRA-V3,257.5090637207031,206.48931031790897,279.7910591474551,378.8155833723456,0.0,0.0
AAPL,2026-04-13,1,Chronos-LoRA-V1,258.3689270019531,254.9463026151076,259.03048139291786,263.0637466556796,0.0,0.0
AAPL,2026-04-13,1,Chronos-LoRA-V2,258.3689270019531,254.9302853641626,259.0856276424254,263.14513604553304,0.0,0.0
AAPL,2026-04-13,1,Chronos-LoRA-V3,258.3689270019531,254.93532731461497,259.0897023774326,263.2187785327531,0.0,0.0
AAPL,2026-04-13,5,Chronos-LoRA-V1,272.5635681152344,238.56582614953928,259.919954325674,282.48349369345004,0.0,0.0
AAPL,2026-04-13,5,Chronos-LoRA-V2,272.5635681152344,239.7846685165477,260.37957625887077,281.97428726746404,0.0,0.0
AAPL,2026-04-13,5,Chronos-LoRA-V3,272.5635681152344,239.27294606695145,260.1943576807718,282.4771944982361,0.0,0.0
AAPL,2026-04-13,10,Chronos-LoRA-V1,267.1332702636719,217.75859239263607,261.2118535774697,311.2127998798378,0.0,0.0
AAPL,2026-04-13,10,Chronos-LoRA-V2,267.1332702636719,221.78603349780798,261.99160897485586,307.6622425403131,0.0,0.0
AAPL,2026-04-13,10,Chronos-LoRA-V3,267.1332702636719,219.76970054139056,261.6612811396233,310.10783890029654,0.0,0.0
AAPL,2026-04-13,20,Chronos-LoRA-V1,292.42779541015625,180.5370482663959,263.8565366004521,381.4831528249057,0.0,0.0
AAPL,2026-04-13,20,Chronos-LoRA-V2,292.42779541015625,188.4801800864125,264.9867955819528,367.782444758018,0.0,0.0
AAPL,2026-04-13,20,Chronos-LoRA-V3,292.42779541015625,184.28327867606833,264.5439004826255,376.6882297479695,0.0,0.0
AAPL,2026-08-06,1,Chronos-LoRA-V1,313.0599975585937,301.1436114777037,312.3865965595614,323.12364783461646,0.0,0.0
AAPL,2026-08-06,1,Chronos-LoRA-V2,313.0599975585937,304.277677283317,312.5362267178929,320.59246711123615,0.0,0.0
AAPL,2026-08-06,1,Chronos-LoRA-V3,313.0599975585937,303.7019691466203,312.55782970362594,321.1591204485928,0.0,0.0
AAPL,2026-08-06,5,Chronos-LoRA-V1,305.260009765625,262.5102309074059,313.9497482936183,368.7561532508882,0.0,0.0
AAPL,2026-08-06,5,Chronos-LoRA-V2,305.260009765625,274.55302154099326,314.23882018317926,356.7387253751595,0.0,0.0
AAPL,2026-08-06,5,Chronos-LoRA-V3,305.260009765625,272.26494065538066,314.1216629068077,358.4981960684753,0.0,0.0
AAPL,2026-08-06,10,Chronos-LoRA-V1,311.29998779296875,220.8097283905675,315.58423601081745,432.6745007064253,0.0,0.0
AAPL,2026-08-06,10,Chronos-LoRA-V2,311.29998779296875,241.31219059946474,316.379098199372,406.95811250411424,0.0,0.0
AAPL,2026-08-06,10,Chronos-LoRA-V3,311.29998779296875,235.90570972076983,315.95524463801945,411.9625442885001,0.0,0.0
AAPL,2026-08-06,20,Chronos-LoRA-V1,328.2099914550781,168.73299127526147,318.64389145652723,563.9701625144471,0.0,0.0
AAPL,2026-08-06,20,Chronos-LoRA-V2,328.2099914550781,188.98366679410265,320.2083829736031,524.7466052265734,0.0,0.0
AAPL,2026-08-06,20,Chronos-LoRA-V3,328.2099914550781,183.2033717393425,319.38437855734924,532.1572200880655,0.0,0.0
MSFT,2011-03-11,1,Chronos-LoRA-V1,19.590490341186523,19.301304831090402,19.579419375051902,19.856171406801174,0.0,0.0
MSFT,2011-03-11,1,Chronos-LoRA-V2,19.590490341186523,19.312717694341025,19.58273462707236,19.845346925210766,0.0,0.0
MSFT,2011-03-11,1,Chronos-LoRA-V3,19.590490341186523,19.315585276325038,19.585364209261872,19.853321325251557,0.0,0.0
MSFT,2011-03-11,5,Chronos-LoRA-V1,18.911794662475582,18.208675879369878,19.568951827803335,21.00318217991209,0.0,0.0
MSFT,2011-03-11,5,Chronos-LoRA-V2,18.911794662475582,18.262265962992,19.583900633293556,20.949999040088713,0.0,0.0
MSFT,2011-03-11,5,Chronos-LoRA-V3,18.911794662475582,18.269715788045335,19.58519133765908,20.97131611612211,0.0,0.0
MSFT,2011-03-11,10,Chronos-LoRA-V1,19.537097930908203,16.949333839677646,19.558631453082153,22.490079411008143,0.0,0.0
MSFT,2011-03-11,10,Chronos-LoRA-V2,19.537097930908203,17.054740315837673,19.585617463670953,22.37280613690392,0.0,0.0
MSFT,2011-03-11,10,Chronos-LoRA-V3,19.537097930908203,17.051965890856028,19.58537291102302,22.424244492502908,0.0,0.0
MSFT,2011-03-11,20,Chronos-LoRA-V1,19.88025665283203,14.744241599059245,19.52864194328018,25.69525064949516,0.0,0.0
MSFT,2011-03-11,20,Chronos-LoRA-V2,19.88025665283203,14.870507446280893,19.570169672028673,25.488722354250527,0.0,0.0
MSFT,2011-03-11,20,Chronos-LoRA-V3,19.88025665283203,14.89871481898934,19.577035137934683,25.57031160459637,0.0,0.0
MSFT,2011-07-05,1,Chronos-LoRA-V1,20.210140228271484,19.686278994201768,19.976818778418135,20.26840748359626,0.0,0.0
MSFT,2011-07-05,1,Chronos-LoRA-V2,20.210140228271484,19.70693799819944,19.981844181678802,20.25616583709604,0.0,0.0
MSFT,2011-07-05,1,Chronos-LoRA-V3,20.210140228271484,19.69900259985399,19.98182899629784,20.268445595135056,0.0,0.0
MSFT,2011-07-05,5,Chronos-LoRA-V1,20.37133407592773,18.591041830592204,19.980344949660164,21.457830377001073,0.0,0.0
MSFT,2011-07-05,5,Chronos-LoRA-V2,20.37133407592773,18.641330487533576,19.99186769454787,21.422032026832316,0.0,0.0
MSFT,2011-07-05,5,Chronos-LoRA-V3,20.37133407592773,18.619061185574083,19.98684245054246,21.448351025834906,0.0,0.0
MSFT,2011-07-05,10,Chronos-LoRA-V1,21.13890266418457,17.318582244395685,19.97716787234851,23.009253483654714,0.0,0.0
MSFT,2011-07-05,10,Chronos-LoRA-V2,21.13890266418457,17.393103084999844,19.995265963427673,22.94718491437607,0.0,0.0
MSFT,2011-07-05,10,Chronos-LoRA-V3,21.13890266418457,17.357554659583172,19.98515788139655,22.985542907355935,0.0,0.0
MSFT,2011-07-05,20,Chronos-LoRA-V1,20.570898056030277,14.889384622314562,19.956985076193188,26.627665012227023,0.0,0.0
MSFT,2011-07-05,20,Chronos-LoRA-V2,20.570898056030277,15.03851658613584,19.977651815995795,26.42056892495291,0.0,0.0
MSFT,2011-07-05,20,Chronos-LoRA-V3,20.570898056030277,14.971986696868541,19.96754900219045,26.557902887666653,0.0,0.0
MSFT,2011-10-25,1,Chronos-LoRA-V1,20.53853225708008,20.386898917364583,20.708869642423885,21.02915702470718,0.0,0.0
MSFT,2011-10-25,1,Chronos-LoRA-V2,20.53853225708008,20.395890019151107,20.71256165636674,21.023939013346528,0.0,0.0
MSFT,2011-10-25,1,Chronos-LoRA-V3,20.53853225708008,20.391320905097217,20.713574591283336,21.033751798337924,0.0,0.0
MSFT,2011-10-25,5,Chronos-LoRA-V1,20.07507705688477,19.09628312172897,20.707392800305463,22.386140335180798,0.0,0.0
MSFT,2011-10-25,5,Chronos-LoRA-V2,20.07507705688477,19.177205624394105,20.72821615316719,22.35932061125325,0.0,0.0
MSFT,2011-10-25,5,Chronos-LoRA-V3,20.07507705688477,19.141865528343445,20.71780611554687,22.388103870141123,0.0,0.0
MSFT,2011-10-25,10,Chronos-LoRA-V1,20.97880744934082,17.64364964747966,20.70989353747544,24.169704849645484,0.0,0.0
MSFT,2011-10-25,10,Chronos-LoRA-V2,20.97880744934082,17.77939899060421,20.747927110972807,24.128104779486176,0.0,0.0
MSFT,2011-10-25,10,Chronos-LoRA-V3,20.97880744934082,17.70340508514023,20.726189147614154,24.188319868830554,0.0,0.0
MSFT,2011-10-25,20,Chronos-LoRA-V1,19.292377471923828,15.114984209054532,20.719999907105258,28.16054155490685,0.0,0.0
MSFT,2011-10-25,20,Chronos-LoRA-V2,19.292377471923828,15.287162182937605,20.77803240593693,28.079703793589513,0.0,0.0
MSFT,2011-10-25,20,Chronos-LoRA-V3,19.292377471923828,15.207583407944227,20.747055738681777,28.18504150785127,0.0,0.0
MSFT,2012-02-17,1,Chronos-LoRA-V1,24.62869071960449,24.12454427716451,24.492487700073927,24.874164273671347,0.0,0.0
MSFT,2012-02-17,1,Chronos-LoRA-V2,24.62869071960449,24.14163456711003,24.497366517878625,24.85187060990902,0.0,0.0
MSFT,2012-02-17,1,Chronos-LoRA-V3,24.62869071960449,24.136720366446244,24.49982907635671,24.858451635354744,0.0,0.0
MSFT,2012-02-17,5,Chronos-LoRA-V1,24.55818748474121,22.76153435381117,24.537497485206977,26.417168466818428,0.0,0.0
MSFT,2012-02-17,5,Chronos-LoRA-V2,24.55818748474121,22.8334183897375,24.560727036345376,26.39227478054906,0.0,0.0
MSFT,2012-02-17,5,Chronos-LoRA-V3,24.55818748474121,22.816861975891733,24.557068922047026,26.379946702782764,0.0,0.0
MSFT,2012-02-17,10,Chronos-LoRA-V1,24.910694122314453,21.14066368966769,24.594110132139935,28.553566706073784,0.0,0.0
MSFT,2012-02-17,10,Chronos-LoRA-V2,24.910694122314453,21.322590423320662,24.636033490460374,28.41310073562843,0.0,0.0
MSFT,2012-02-17,10,Chronos-LoRA-V3,24.910694122314453,21.258416806551793,24.625607835739824,28.43231889481883,0.0,0.0
MSFT,2012-02-17,20,Chronos-LoRA-V1,25.22403907775879,18.438464228068078,24.700414838815266,32.86095349645364,0.0,0.0
MSFT,2012-02-17,20,Chronos-LoRA-V2,25.22403907775879,18.63851339819962,24.775689231716843,32.83165611507175,0.0,0.0
MSFT,2012-02-17,20,Chronos-LoRA-V3,25.22403907775879,18.606515771426327,24.754712838415802,32.78787284953447,0.0,0.0
MSFT,2012-06-12,1,Chronos-LoRA-V1,22.968860626220703,22.744314995622542,23.09302590018709,23.45648945147644,0.0,0.0
MSFT,2012-06-12,1,Chronos-LoRA-V2,22.968860626220703,22.7499700153534,23.102815690180176,23.465968799635746,0.0,0.0
MSFT,2012-06-12,1,Chronos-LoRA-V3,22.968860626220703,22.754644471398652,23.099202037608205,23.460515671199637,0.0,0.0
MSFT,2012-06-12,5,Chronos-LoRA-V1,24.20680427551269,21.400580278295145,23.076157740992574,24.92235055654079,0.0,0.0
MSFT,2012-06-12,5,Chronos-LoRA-V2,24.20680427551269,21.428631776979316,23.130998087120346,24.992838591915707,0.0,0.0
MSFT,2012-06-12,5,Chronos-LoRA-V3,24.20680427551269,21.453191954256525,23.09625169395964,24.923351424077598,0.0,0.0
MSFT,2012-06-12,10,Chronos-LoRA-V1,23.670625686645508,19.915497577130562,23.05560609452001,26.74978473318025,0.0,0.0
MSFT,2012-06-12,10,Chronos-LoRA-V2,23.670625686645508,19.91696631651885,23.165601910530796,26.964908528031255,0.0,0.0
MSFT,2012-06-12,10,Chronos-LoRA-V3,23.670625686645508,19.967112855028514,23.09194406212223,26.794152502247634,0.0,0.0
MSFT,2012-06-12,20,Chronos-LoRA-V1,23.10291290283203,17.113835515936483,22.994467914056127,31.08272172966161,0.0,0.0
MSFT,2012-06-12,20,Chronos-LoRA-V2,23.10291290283203,17.13499808847424,23.19543413797816,31.475394483804205,0.0,0.0
MSFT,2012-06-12,20,Chronos-LoRA-V3,23.10291290283203,17.186271140671984,23.05868343346573,31.176900323602574,0.0,0.0
MSFT,2012-10-03,1,Chronos-LoRA-V1,23.83538246154785,23.342843139196162,23.69888281133256,24.068566633654253,0.0,0.0
MSFT,2012-10-03,1,Chronos-LoRA-V2,23.83538246154785,23.371786587548765,23.707520107004346,24.04616915044159,0.0,0.0
MSFT,2012-10-03,1,Chronos-LoRA-V3,23.83538246154785,23.362113325775503,23.707173654196193,24.06597541777531,0.0,0.0
MSFT,2012-10-03,5,Chronos-LoRA-V1,23.00197982788086,21.952534546871114,23.6835449521891,25.6126955311536,0.0,0.0
MSFT,2012-10-03,5,Chronos-LoRA-V2,23.00197982788086,22.102757273549297,23.73055915815506,25.48857530438741,0.0,0.0
MSFT,2012-10-03,5,Chronos-LoRA-V3,23.00197982788086,22.040731078399084,23.71143738364207,25.5729906847109,0.0,0.0
MSFT,2012-10-03,10,Chronos-LoRA-V1,23.486143112182617,20.305594738964363,23.668922884348085,27.701811814705426,0.0,0.0
MSFT,2012-10-03,10,Chronos-LoRA-V2,23.486143112182617,20.60936885175647,23.75886002624839,27.3984928709767,0.0,0.0
MSFT,2012-10-03,10,Chronos-LoRA-V3,23.486143112182617,20.45295962749581,23.715702044190483,27.607057499032532,0.0,0.0
MSFT,2012-10-03,20,Chronos-LoRA-V1,23.414709091186523,17.236260406236084,23.648344933922097,32.64942401020607,0.0,0.0
MSFT,2012-10-03,20,Chronos-LoRA-V2,23.414709091186523,17.837000418629714,23.795857815621325,31.76709899346363,0.0,0.0
MSFT,2012-10-03,20,Chronos-LoRA-V3,23.414709091186523,17.526446633245943,23.723586640954327,32.32727676420515,0.0,0.0
MSFT,2013-01-30,1,Chronos-LoRA-V1,21.96660614013672,21.944708325067758,22.28016646055066,22.62971502694716,0.0,0.0
MSFT,2013-01-30,1,Chronos-LoRA-V2,21.96660614013672,21.98126099459164,22.28682089823164,22.595387939743212,1.0,0.0
MSFT,2013-01-30,1,Chronos-LoRA-V3,21.96660614013672,21.95926351690874,22.28639857559872,22.62667718824972,0.0,0.0
MSFT,2013-01-30,5,Chronos-LoRA-V1,21.878591537475582,20.569076705432327,22.245315429890518,24.128844320741106,0.0,0.0
MSFT,2013-01-30,5,Chronos-LoRA-V2,21.878591537475582,20.76843578748177,22.280273721563145,23.919160459250985,0.0,0.0
MSFT,2013-01-30,5,Chronos-LoRA-V3,21.878591537475582,20.637388213986682,22.26704208566843,24.089581859786758,0.0,0.0
MSFT,2013-01-30,10,Chronos-LoRA-V1,22.430753707885746,18.948779758437997,22.20937118484895,26.185901522837305,0.0,0.0
MSFT,2013-01-30,10,Chronos-LoRA-V2,22.430753707885746,19.340192911911263,22.275190379025815,25.692833922340448,0.0,0.0
MSFT,2013-01-30,10,Chronos-LoRA-V3,22.430753707885746,19.068990852827604,22.245593580470242,26.08431804410901,0.0,0.0
MSFT,2013-01-30,20,Chronos-LoRA-V1,22.43088150024414,16.141399454373364,22.12322192184537,30.61397799842292,0.0,0.0
MSFT,2013-01-30,20,Chronos-LoRA-V2,22.43088150024414,16.763555736351734,22.23589820899755,29.558248975855626,0.0,0.0
MSFT,2013-01-30,20,Chronos-LoRA-V3,22.43088150024414,16.377034158920555,22.181564525631284,30.304959997481227,0.0,0.0
MSFT,2013-05-23,1,Chronos-LoRA-V1,27.84520721435547,27.352709826688347,27.756572979460138,28.17788835697244,0.0,0.0
MSFT,2013-05-23,1,Chronos-LoRA-V2,27.84520721435547,27.36441109866502,27.766540830947964,28.169207033670723,0.0,0.0
MSFT,2013-05-23,1,Chronos-LoRA-V3,27.84520721435547,27.36778492140771,27.766472657028334,28.180773942451747,0.0,0.0
MSFT,2013-05-23,5,Chronos-LoRA-V1,28.35710334777832,25.84383418570706,27.786032048222367,29.95905493505302,0.0,0.0
MSFT,2013-05-23,5,Chronos-LoRA-V2,28.35710334777832,25.898275519754485,27.841864814753663,29.9256044934139,0.0,0.0
MSFT,2013-05-23,5,Chronos-LoRA-V3,28.35710334777832,25.907494532176926,27.82148491494307,29.947598073676204,0.0,0.0
MSFT,2013-05-23,10,Chronos-LoRA-V1,28.98274803161621,24.06628708142677,27.82440015315139,32.340378885561925,0.0,0.0
MSFT,2013-05-23,10,Chronos-LoRA-V2,28.98274803161621,24.188795395061593,27.933110781910962,32.24589430529622,0.0,0.0
MSFT,2013-05-23,10,Chronos-LoRA-V3,28.98274803161621,24.174318285448287,27.885321521120407,32.30842867735894,0.0,0.0
MSFT,2013-05-23,20,Chronos-LoRA-V1,27.032690048217773,20.79152434270646,27.87294633716266,37.76435563749833,0.0,0.0
MSFT,2013-05-23,20,Chronos-LoRA-V2,27.032690048217773,21.023117701109808,28.07015444963516,37.47970627893179,0.0,0.0
MSFT,2013-05-23,20,Chronos-LoRA-V3,27.032690048217773,20.99896539853528,27.9823591206549,37.654813445286,0.0,0.0
MSFT,2013-09-16,1,Chronos-LoRA-V1,26.944974899291992,26.46339716018655,26.85636059405664,27.27022705334577,0.0,0.0
MSFT,2013-09-16,1,Chronos-LoRA-V2,26.944974899291992,26.42416171282274,26.8602762821644,27.296405360710523,0.0,0.0
MSFT,2013-09-16,1,Chronos-LoRA-V3,26.944974899291992,26.46788436208832,26.862595010839776,27.273895036961388,0.0,0.0
MSFT,2013-09-16,5,Chronos-LoRA-V1,26.78950881958008,25.04150852391928,26.926332435181326,29.07181204917901,0.0,0.0
MSFT,2013-09-16,5,Chronos-LoRA-V2,26.78950881958008,24.834721077250887,26.943699387103795,29.218113811235902,0.0,0.0
MSFT,2013-09-16,5,Chronos-LoRA-V3,26.78950881958008,25.044865957525477,26.937628401858298,29.05840402012073,0.0,0.0
MSFT,2013-09-16,10,Chronos-LoRA-V1,27.231353759765625,23.41872753089863,27.02335973799695,31.461096006137236,0.0,0.0
MSFT,2013-09-16,10,Chronos-LoRA-V2,27.231353759765625,23.004868691595576,27.048199140594527,31.783485356438216,0.0,0.0
MSFT,2013-09-16,10,Chronos-LoRA-V3,27.231353759765625,23.379557806993702,27.03093623202515,31.441176616621743,0.0,0.0
MSFT,2013-09-16,20,Chronos-LoRA-V1,28.18869972229004,20.71788348581398,27.195429219159802,36.38735127547388,0.0,0.0
MSFT,2013-09-16,20,Chronos-LoRA-V2,28.18869972229004,19.843248556345902,27.230138798678638,37.347300880288586,0.0,0.0
MSFT,2013-09-16,20,Chronos-LoRA-V3,28.18869972229004,20.530740938507662,27.19220962371084,36.50847586055495,0.0,0.0
MSFT,2014-01-08,1,Chronos-LoRA-V1,29.29290199279785,28.974657477501328,29.49063121967341,30.00691257622307,0.0,0.0
MSFT,2014-01-08,1,Chronos-LoRA-V2,29.29290199279785,29.023559558235018,29.5053485817038,29.974838200588568,0.0,0.0
MSFT,2014-01-08,1,Chronos-LoRA-V3,29.29290199279785,29.016634249609815,29.503488281327137,29.995559770679755,0.0,0.0
MSFT,2014-01-08,5,Chronos-LoRA-V1,30.306995391845703,27.047693155190775,29.52967580536119,32.229695637677374,0.0,0.0
MSFT,2014-01-08,5,Chronos-LoRA-V2,30.306995391845703,27.279547554154515,29.60260587389435,32.040631343546785,0.0,0.0
MSFT,2014-01-08,5,Chronos-LoRA-V3,30.306995391845703,27.230561757585196,29.5742758201436,32.1303404468088,0.0,0.0
MSFT,2014-01-08,10,Chronos-LoRA-V1,29.729867935180664,24.840918516852778,29.59105740560384,35.21956647594871,0.0,0.0
MSFT,2014-01-08,10,Chronos-LoRA-V2,29.729867935180664,25.28702007885726,29.729650850644802,34.77831483366407,0.0,0.0
MSFT,2014-01-08,10,Chronos-LoRA-V3,29.729867935180664,25.154443377460296,29.667767419416833,35.00333430658741,0.0,0.0
MSFT,2014-01-08,20,Chronos-LoRA-V1,29.82880401611328,21.050063706976434,29.715635165088187,41.92334618493044,0.0,0.0
MSFT,2014-01-08,20,Chronos-LoRA-V2,29.82880401611328,21.740564113835482,29.95260150580716,40.90924269042984,0.0,0.0
MSFT,2014-01-08,20,Chronos-LoRA-V3,29.82880401611328,21.52942003825595,29.843523419979157,41.479231285772215,0.0,0.0
MSFT,2014-05-02,1,Chronos-LoRA-V1,32.752044677734375,32.501225333127735,32.9762682494177,33.45919944478472,0.0,0.0
MSFT,2014-05-02,1,Chronos-LoRA-V2,32.752044677734375,32.515148782492666,32.98757234622394,33.4574830928146,0.0,0.0
MSFT,2014-05-02,1,Chronos-LoRA-V3,32.752044677734375,32.51449711840151,32.98703632340829,33.47052017481095,0.0,0.0
MSFT,2014-05-02,5,Chronos-LoRA-V1,32.84342193603516,30.678685865025184,33.01478127298916,35.55571235985269,0.0,0.0
MSFT,2014-05-02,5,Chronos-LoRA-V2,32.84342193603516,30.76043437154487,33.07055659407672,35.53245577628563,0.0,0.0
MSFT,2014-05-02,5,Chronos-LoRA-V3,32.84342193603516,30.741041055199855,33.048299148306604,35.57741781783817,0.0,0.0
MSFT,2014-05-02,10,Chronos-LoRA-V1,33.317710876464844,28.517498078280926,33.07585898963632,38.37702423006726,0.0,0.0
MSFT,2014-05-02,10,Chronos-LoRA-V2,33.317710876464844,28.706714398596155,33.17856192447325,38.28285474354133,0.0,0.0
MSFT,2014-05-02,10,Chronos-LoRA-V3,33.317710876464844,28.62246792360671,33.1286432666283,38.40698892174125,0.0,0.0
MSFT,2014-05-02,20,Chronos-LoRA-V1,34.120750427246094,24.23899303765327,33.17040359668242,45.374389642451746,0.0,0.0
MSFT,2014-05-02,20,Chronos-LoRA-V2,34.120750427246094,24.756055942275836,33.36129913122989,44.7461292498061,0.0,0.0
MSFT,2014-05-02,20,Chronos-LoRA-V3,34.120750427246094,24.568627225478078,33.274274041992925,45.1757833942981,0.0,0.0
MSFT,2014-08-25,1,Chronos-LoRA-V1,37.88591003417969,37.58318176466199,38.05412530891326,38.53470001767078,0.0,0.0
MSFT,2014-08-25,1,Chronos-LoRA-V2,37.88591003417969,37.6118123833916,38.062543276184414,38.51070353803001,0.0,0.0
MSFT,2014-08-25,1,Chronos-LoRA-V3,37.88591003417969,37.603778736723285,38.063931150368475,38.534272627038,0.0,0.0
MSFT,2014-08-25,5,Chronos-LoRA-V1,37.953250885009766,35.85505879783845,38.169825795314495,40.678277515617076,0.0,0.0
MSFT,2014-08-25,5,Chronos-LoRA-V2,37.953250885009766,35.99737951800671,38.22144094031779,40.571971551539015,0.0,0.0
MSFT,2014-08-25,5,Chronos-LoRA-V3,37.953250885009766,35.94828229309076,38.20264068698818,40.65100278211182,0.0,0.0
MSFT,2014-08-25,10,Chronos-LoRA-V1,39.35892868041992,33.779606575348716,38.3128628077648,43.52746661835591,0.0,0.0
MSFT,2014-08-25,10,Chronos-LoRA-V2,39.35892868041992,34.06334281830547,38.413392810392,43.291403459682805,0.0,0.0
MSFT,2014-08-25,10,Chronos-LoRA-V3,39.35892868041992,33.940943296817174,38.37043359056078,43.48681453621942,0.0,0.0
MSFT,2014-08-25,20,Chronos-LoRA-V1,39.19059753417969,29.924410803855313,38.59151058314438,49.95816472143494,0.0,0.0
MSFT,2014-08-25,20,Chronos-LoRA-V2,39.19059753417969,30.440329868541873,38.76479297466847,49.27799176034103,0.0,0.0
MSFT,2014-08-25,20,Chronos-LoRA-V3,39.19059753417969,30.218408405176753,38.69006765820288,49.76322129389879,0.0,0.0
MSFT,2014-12-16,1,Chronos-LoRA-V1,38.743194580078125,37.58151491223795,38.28589901097681,38.98259788128304,0.0,0.0
MSFT,2014-12-16,1,Chronos-LoRA-V2,38.743194580078125,37.67605654418219,38.30037811783353,38.911069533425994,0.0,0.0
MSFT,2014-12-16,1,Chronos-LoRA-V3,38.743194580078125,37.646278970860806,38.29830705285261,38.94766809305481,0.0,0.0
MSFT,2014-12-16,5,Chronos-LoRA-V1,41.03867721557617,35.06910160612569,38.44384344459894,42.04799368260813,0.0,0.0
MSFT,2014-12-16,5,Chronos-LoRA-V2,41.03867721557617,35.526501125901945,38.51331487476515,41.64036776591269,0.0,0.0
MSFT,2014-12-16,5,Chronos-LoRA-V3,41.03867721557617,35.34516793788627,38.481084345480426,41.83875619565959,0.0,0.0
MSFT,2014-12-16,10,Chronos-LoRA-V1,39.3446044921875,32.2136338175469,38.664631057615644,46.23091142067746,0.0,0.0
MSFT,2014-12-16,10,Chronos-LoRA-V2,39.3446044921875,33.09857062947362,38.78760310036714,45.24152008787132,0.0,0.0
MSFT,2014-12-16,10,Chronos-LoRA-V3,39.3446044921875,32.69543181130009,38.72341772608126,45.74282269050387,0.0,0.0
MSFT,2014-12-16,20,Chronos-LoRA-V1,38.522979736328125,27.488315175093753,39.06995347161653,55.238643249466286,0.0,0.0
MSFT,2014-12-16,20,Chronos-LoRA-V2,38.522979736328125,28.879628671374277,39.283347439703725,53.01975166107093,0.0,0.0
MSFT,2014-12-16,20,Chronos-LoRA-V3,38.522979736328125,28.20437416113438,39.175080921433945,54.21902250407149,0.0,0.0
MSFT,2015-04-13,1,Chronos-LoRA-V1,35.52991485595703,35.14697086489385,35.65999498599731,36.17158043139475,0.0,0.0
MSFT,2015-04-13,1,Chronos-LoRA-V2,35.52991485595703,35.17153724334472,35.66783641975233,36.15549187182371,0.0,0.0
MSFT,2015-04-13,1,Chronos-LoRA-V3,35.52991485595703,35.17051183025339,35.670783030297564,36.17014729632749,0.0,0.0
MSFT,2015-04-13,5,Chronos-LoRA-V1,36.604766845703125,33.27439070854369,35.79201044979309,38.459633582054266,0.0,0.0
MSFT,2015-04-13,5,Chronos-LoRA-V2,36.604766845703125,33.4025846951511,35.83560464370565,38.38873145455598,0.0,0.0
MSFT,2015-04-13,5,Chronos-LoRA-V3,36.604766845703125,33.3789221876922,35.82186580844545,38.415726199513806,0.0,0.0
MSFT,2015-04-13,10,Chronos-LoRA-V1,40.97243118286133,31.02119880634744,35.95769351122162,41.54984268870354,0.0,0.0
MSFT,2015-04-13,10,Chronos-LoRA-V2,40.97243118286133,31.29915499659294,36.0389283111618,41.354776703127584,0.0,0.0
MSFT,2015-04-13,10,Chronos-LoRA-V3,40.97243118286133,31.218378803406562,36.00783514231544,41.45826570531428,0.0,0.0
MSFT,2015-04-13,20,Chronos-LoRA-V1,40.40942001342773,26.952269338814244,36.24182390218262,48.42189706022648,0.0,0.0
MSFT,2015-04-13,20,Chronos-LoRA-V2,40.40942001342773,27.474384159823764,36.396059272135886,47.88361305573661,0.0,0.0
MSFT,2015-04-13,20,Chronos-LoRA-V3,40.40942001342773,27.313686554190937,36.329393096587374,48.13892426243185,0.0,0.0
MSFT,2015-08-04,1,Chronos-LoRA-V1,40.852333068847656,40.28660747182102,40.85293023542117,41.43861632235484,0.0,0.0
MSFT,2015-08-04,1,Chronos-LoRA-V2,40.852333068847656,40.298202091169934,40.862930796575895,41.430557827134145,0.0,0.0
MSFT,2015-08-04,1,Chronos-LoRA-V3,40.852333068847656,40.30757912032494,40.86512863686379,41.44421681302377,0.0,0.0
MSFT,2015-08-04,5,Chronos-LoRA-V1,39.84778594970703,38.28362551338358,40.97068473910998,43.91760811095267,0.0,0.0
MSFT,2015-08-04,5,Chronos-LoRA-V2,39.84778594970703,38.31475904175419,41.032154762804474,43.93596033927824,0.0,0.0
MSFT,2015-08-04,5,Chronos-LoRA-V3,39.84778594970703,38.35795672061516,41.00922051923549,43.925649092357055,0.0,0.0
MSFT,2015-08-04,10,Chronos-LoRA-V1,40.85380935668945,35.98706703732555,41.104408199256795,47.068564374837194,0.0,0.0
MSFT,2015-08-04,10,Chronos-LoRA-V2,40.85380935668945,36.014568349660486,41.234308077211985,47.17357988742364,0.0,0.0
MSFT,2015-08-04,10,Chronos-LoRA-V3,40.85380935668945,36.09286412220177,41.173929271299684,47.11357355746442,0.0,0.0
MSFT,2015-08-04,20,Chronos-LoRA-V1,36.14356994628906,31.804985463734237,41.340597670005764,54.01790516952407,0.0,0.0
MSFT,2015-08-04,20,Chronos-LoRA-V2,36.14356994628906,31.80751730505412,41.57337903867214,54.279535113795376,0.0,0.0
MSFT,2015-08-04,20,Chronos-LoRA-V3,36.14356994628906,31.938267058486613,41.45950398932208,54.138332706830276,0.0,0.0
MSFT,2015-11-24,1,Chronos-LoRA-V1,46.71516418457031,46.561385648114346,47.23410370726411,47.92841875861828,0.0,0.0
MSFT,2015-11-24,1,Chronos-LoRA-V2,46.71516418457031,46.59556771988988,47.251135639868245,47.909918895689685,0.0,0.0
MSFT,2015-11-24,1,Chronos-LoRA-V3,46.71516418457031,46.57398727437488,47.25029879524085,47.94925162788739,0.0,0.0
MSFT,2015-11-24,5,Chronos-LoRA-V1,48.03770065307617,43.99352019535766,47.36340332788462,51.0796725313851,0.0,0.0
MSFT,2015-11-24,5,Chronos-LoRA-V2,48.03770065307617,44.22085662948151,47.44923890264101,50.91221037614867,0.0,0.0
MSFT,2015-11-24,5,Chronos-LoRA-V3,48.03770065307617,44.07583774043096,47.41178355634284,51.100925495998666,0.0,0.0
MSFT,2015-11-24,10,Chronos-LoRA-V1,47.83757019042969,40.95398298577048,47.536323698404345,55.340154412046665,0.0,0.0
MSFT,2015-11-24,10,Chronos-LoRA-V2,47.83757019042969,41.42831063687091,47.69291987298005,54.8863146792327,0.0,0.0
MSFT,2015-11-24,10,Chronos-LoRA-V3,47.83757019042969,41.09392635808116,47.61117906405656,55.34337634525169,0.0,0.0
MSFT,2015-11-24,20,Chronos-LoRA-V1,48.56844711303711,35.43322140018628,47.789625253513,65.03319204087295,0.0,0.0
MSFT,2015-11-24,20,Chronos-LoRA-V2,48.56844711303711,36.21392163330135,48.09681929469341,63.92366818764591,0.0,0.0
MSFT,2015-11-24,20,Chronos-LoRA-V3,48.56844711303711,35.67223891274952,47.91806060989874,64.90890368101213,0.0,0.0
MSFT,2016-03-21,1,Chronos-LoRA-V1,47.383567810058594,46.286241918270825,47.22927194114479,48.18882769933195,0.0,0.0
MSFT,2016-03-21,1,Chronos-LoRA-V2,47.383567810058594,46.34037724559588,47.24716709707641,48.1489092563445,0.0,0.0
MSFT,2016-03-21,1,Chronos-LoRA-V3,47.383567810058594,46.3058511539316,47.240924648122544,48.1848736324034,0.0,0.0
MSFT,2016-03-21,5,Chronos-LoRA-V1,47.94443893432617,42.633534704547166,47.325212930228986,52.41849669010028,0.0,0.0
MSFT,2016-03-21,5,Chronos-LoRA-V2,47.94443893432617,43.02597043793768,47.4266410340673,52.16054096002697,0.0,0.0
MSFT,2016-03-21,5,Chronos-LoRA-V3,47.94443893432617,42.816831490210234,47.358291155004416,52.30644804013053,0.0,0.0
MSFT,2016-03-21,10,Chronos-LoRA-V1,47.81298065185547,38.484886224635744,47.46842840995399,58.30519411945837,0.0,0.0
MSFT,2016-03-21,10,Chronos-LoRA-V2,47.81298065185547,39.25741467452594,47.66330503913932,57.60656462376223,0.0,0.0
MSFT,2016-03-21,10,Chronos-LoRA-V3,47.81298065185547,38.79310647762428,47.52626800636042,58.03748920395354,0.0,0.0
MSFT,2016-03-21,20,Chronos-LoRA-V1,49.41668319702149,31.445362779939444,47.70871623093587,72.09777347981287,0.0,0.0
MSFT,2016-03-21,20,Chronos-LoRA-V2,49.41668319702149,32.632797324534835,48.065260064073144,70.31741912014208,0.0,0.0
MSFT,2016-03-21,20,Chronos-LoRA-V3,49.41668319702149,31.875214023477145,47.79996351121806,71.45461966115607,0.0,0.0
MSFT,2016-07-13,1,Chronos-LoRA-V1,47.42377853393555,46.457260414844185,47.25812711863006,48.053941421852045,0.0,0.0
MSFT,2016-07-13,1,Chronos-LoRA-V2,47.42377853393555,46.50654255325297,47.26996430737735,48.00544151293242,0.0,0.0
MSFT,2016-07-13,1,Chronos-LoRA-V3,47.42377853393555,46.47532881128169,47.26982667884554,48.05483122355995,0.0,0.0
MSFT,2016-07-13,5,Chronos-LoRA-V1,49.33873748779297,43.25687636561373,47.383366572681844,51.724605725069516,0.0,0.0
MSFT,2016-07-13,5,Chronos-LoRA-V2,49.33873748779297,43.68124925230203,47.446059503106085,51.37101471728262,0.0,0.0
MSFT,2016-07-13,5,Chronos-LoRA-V3,49.33873748779297,43.45027140093118,47.408581609899535,51.628728165328454,0.0,0.0
MSFT,2016-07-13,10,Chronos-LoRA-V1,49.58582305908203,39.771129798262685,47.52842806628586,56.40118252949646,0.0,0.0
MSFT,2016-07-13,10,Chronos-LoRA-V2,49.58582305908203,40.421329549883005,47.664012675280595,55.81315709422141,0.0,0.0
MSFT,2016-07-13,10,Chronos-LoRA-V3,49.58582305908203,40.016268693495114,47.576248275515695,56.2925406836393,0.0,0.0
MSFT,2016-07-13,20,Chronos-LoRA-V1,51.20074462890625,33.00457199335625,47.83936905133666,68.32977495785528,0.0,0.0
MSFT,2016-07-13,20,Chronos-LoRA-V2,51.20074462890625,34.37604254821068,48.06119269816528,66.27094490709689,0.0,0.0
MSFT,2016-07-13,20,Chronos-LoRA-V3,51.20074462890625,33.58155380949987,47.89422113240245,67.70903972188343,0.0,0.0
MSFT,2016-11-02,1,Chronos-LoRA-V1,52.57654571533203,52.147349978719646,52.79154028691891,53.452081417452284,0.0,0.0
MSFT,2016-11-02,1,Chronos-LoRA-V2,52.57654571533203,52.14083015743068,52.80446688085589,53.4632702501693,0.0,0.0
MSFT,2016-11-02,1,Chronos-LoRA-V3,52.57654571533203,52.16780158718545,52.80855665645659,53.46475789302032,0.0,0.0
MSFT,2016-11-02,5,Chronos-LoRA-V1,53.428993225097656,49.687962719500995,52.86806754097304,56.31036520287695,0.0,0.0
MSFT,2016-11-02,5,Chronos-LoRA-V2,53.428993225097656,49.6732394750792,52.92868788640835,56.35421464149016,0.0,0.0
MSFT,2016-11-02,5,Chronos-LoRA-V3,53.428993225097656,49.78775118230549,52.919084771057484,56.321024750225334,0.0,0.0
MSFT,2016-11-02,10,Chronos-LoRA-V1,53.3250846862793,46.87611406274349,52.98429280450936,60.08379303270212,0.0,0.0
MSFT,2016-11-02,10,Chronos-LoRA-V2,53.3250846862793,46.81064496230164,53.08902349470978,60.1290012223682,0.0,0.0
MSFT,2016-11-02,10,Chronos-LoRA-V3,53.3250846862793,47.03449086046961,53.06470703701042,60.07292037599639,0.0,0.0
MSFT,2016-11-02,20,Chronos-LoRA-V1,52.922794342041016,41.60999555458853,53.169976036023854,68.41847284154319,0.0,0.0
MSFT,2016-11-02,20,Chronos-LoRA-V2,52.922794342041016,41.50991374802436,53.36479807624027,68.38724000335833,0.0,0.0
MSFT,2016-11-02,20,Chronos-LoRA-V3,52.922794342041016,41.91390013750864,53.31203132010647,68.24298899371445,0.0,0.0
MSFT,2017-02-28,1,Chronos-LoRA-V1,58.40611267089844,56.855021281907455,57.57602797241834,58.32583746423431,0.0,1.0
MSFT,2017-02-28,1,Chronos-LoRA-V2,58.40611267089844,56.95417953009229,57.58125348164257,58.20748275900264,0.0,1.0
MSFT,2017-02-28,1,Chronos-LoRA-V3,58.40611267089844,56.91365075936686,57.58980760582055,58.29017262394691,0.0,1.0
MSFT,2017-02-28,5,Chronos-LoRA-V1,57.920440673828125,54.14413743687514,57.698651767019385,61.598125377700306,0.0,0.0
MSFT,2017-02-28,5,Chronos-LoRA-V2,57.920440673828125,54.6188261035582,57.728521684120444,61.00413521930877,0.0,0.0
MSFT,2017-02-28,5,Chronos-LoRA-V3,57.920440673828125,54.40959964977121,57.7392892940366,61.38311872820641,0.0,0.0
MSFT,2017-02-28,10,Chronos-LoRA-V1,57.92943572998047,50.91557131301762,57.849778610230594,66.09282079582071,0.0,0.0
MSFT,2017-02-28,10,Chronos-LoRA-V2,57.92943572998047,51.82861770012139,57.90820370745155,64.72876263503639,0.0,0.0
MSFT,2017-02-28,10,Chronos-LoRA-V3,57.92943572998047,51.391695371062966,57.91821488080166,65.58647633051156,0.0,0.0
MSFT,2017-02-28,20,Chronos-LoRA-V1,58.72088623046875,44.44308093965458,58.11066185376018,76.74500047814126,0.0,0.0
MSFT,2017-02-28,20,Chronos-LoRA-V2,58.72088623046875,46.35273050173355,58.241300555609094,73.0867361054184,0.0,0.0
MSFT,2017-02-28,20,Chronos-LoRA-V3,58.72088623046875,45.49436274627737,58.237800677744644,75.14539872177623,0.0,0.0
MSFT,2017-06-21,1,Chronos-LoRA-V1,63.55303192138672,62.898895122164845,63.613317287950714,64.33404866397974,0.0,0.0
MSFT,2017-06-21,1,Chronos-LoRA-V2,63.55303192138672,62.91164060268641,63.63073937973862,64.33586994886797,0.0,0.0
MSFT,2017-06-21,1,Chronos-LoRA-V3,63.55303192138672,62.94299021834576,63.629143344951835,64.32264561005506,0.0,0.0
MSFT,2017-06-21,5,Chronos-LoRA-V1,63.13693237304688,60.35844113259395,63.815471521333606,67.4659767526983,0.0,0.0
MSFT,2017-06-21,5,Chronos-LoRA-V2,63.13693237304688,60.39737816464886,63.903117696353746,67.51543154943163,0.0,0.0
MSFT,2017-06-21,5,Chronos-LoRA-V3,63.13693237304688,60.55007750694565,63.865201631966926,67.3850364016005,0.0,0.0
MSFT,2017-06-21,10,Chronos-LoRA-V1,62.024375915527344,57.34576811501909,64.08471602234282,71.6215972934107,0.0,0.0
MSFT,2017-06-21,10,Chronos-LoRA-V2,62.024375915527344,57.401067583349175,64.25118209335879,71.69611425482118,0.0,0.0
MSFT,2017-06-21,10,Chronos-LoRA-V3,62.024375915527344,57.65403882225396,64.16642063997053,71.47939964549278,0.0,0.0
MSFT,2017-06-21,20,Chronos-LoRA-V1,67.13504028320312,51.568830828131134,64.58416461531232,80.82796579868794,0.0,0.0
MSFT,2017-06-21,20,Chronos-LoRA-V2,67.13504028320312,51.65909254655213,64.87400844826128,80.92846327821866,0.0,0.0
MSFT,2017-06-21,20,Chronos-LoRA-V3,67.13504028320312,52.07702515221628,64.72149622941637,80.49105478917674,0.0,0.0
MSFT,2017-10-12,1,Chronos-LoRA-V1,70.4663314819336,69.55266884026999,70.20504017465596,70.86468483798222,0.0,0.0
MSFT,2017-10-12,1,Chronos-LoRA-V2,70.4663314819336,69.5703763748078,70.2209018387281,70.86302362479772,0.0,0.0
MSFT,2017-10-12,1,Chronos-LoRA-V3,70.4663314819336,69.5845599832942,70.22001701332853,70.86698371345126,0.0,0.0
MSFT,2017-10-12,5,Chronos-LoRA-V1,70.84825134277344,67.26400517112505,70.47008539404561,73.86364792078092,0.0,0.0
MSFT,2017-10-12,5,Chronos-LoRA-V2,70.84825134277344,67.37945870118331,70.5631179601753,73.86343329353856,0.0,0.0
MSFT,2017-10-12,5,Chronos-LoRA-V3,70.84825134277344,67.41403664934745,70.52031351371714,73.84057658615403,0.0,0.0
MSFT,2017-10-12,10,Chronos-LoRA-V1,71.62122344970703,64.49223273769306,70.8092566909341,77.81441826446233,0.0,0.0
MSFT,2017-10-12,10,Chronos-LoRA-V2,71.62122344970703,64.773703472929,70.98643574278177,77.72421488582107,0.0,0.0
MSFT,2017-10-12,10,Chronos-LoRA-V3,71.62122344970703,64.76676741010792,70.8915393808651,77.75133321315455,0.0,0.0
MSFT,2017-10-12,20,Chronos-LoRA-V1,76.46809387207031,59.094641955944674,71.45773938712841,86.50281643738877,0.0,0.0
MSFT,2017-10-12,20,Chronos-LoRA-V2,76.46809387207031,59.738019800507466,71.81099743429652,86.14408042017072,0.0,0.0
MSFT,2017-10-12,20,Chronos-LoRA-V3,76.46809387207031,59.62409298618025,71.61964978934311,86.28534335629946,0.0,0.0
MSFT,2018-02-06,1,Chronos-LoRA-V1,81.89700317382812,81.9436269734925,83.56029147416824,85.18056303169583,1.0,0.0
MSFT,2018-02-06,1,Chronos-LoRA-V2,81.89700317382812,82.01605685377895,83.59604736243445,85.15447995760539,1.0,0.0
MSFT,2018-02-06,1,Chronos-LoRA-V3,81.89700317382812,82.11562801949503,83.58430692076968,85.08013090633531,1.0,0.0
MSFT,2018-02-06,5,Chronos-LoRA-V1,82.09807586669922,76.21860563727637,83.89390823772781,92.15461833907128,0.0,0.0
MSFT,2018-02-06,5,Chronos-LoRA-V2,82.09807586669922,76.52718037194529,84.09766371386303,92.10425380790684,0.0,0.0
MSFT,2018-02-06,5,Chronos-LoRA-V3,82.09807586669922,76.9297918689164,83.96531464450267,91.5888526025079,0.0,0.0
MSFT,2018-02-06,10,Chronos-LoRA-V1,84.00796508789062,69.70706968184062,84.34985593402389,101.55536665742721,0.0,0.0
MSFT,2018-02-06,10,Chronos-LoRA-V2,84.00796508789062,70.23506940125047,84.7342437948337,101.33580762708334,0.0,0.0
MSFT,2018-02-06,10,Chronos-LoRA-V3,84.00796508789062,70.90622347731872,84.46108820223537,100.31609876230144,0.0,0.0
MSFT,2018-02-06,20,Chronos-LoRA-V1,86.18415832519531,58.424498164441665,85.14999229154918,122.9233358947046,0.0,0.0
MSFT,2018-02-06,20,Chronos-LoRA-V2,86.18415832519531,59.47037104130711,85.86658510635121,122.04256814224115,0.0,0.0
MSFT,2018-02-06,20,Chronos-LoRA-V3,86.18415832519531,60.148495339978794,85.36623301054573,120.49970700678875,0.0,0.0
MSFT,2018-05-31,1,Chronos-LoRA-V1,92.94854736328124,90.1603683247664,91.2336700895665,92.33176223101567,0.0,1.0
MSFT,2018-05-31,1,Chronos-LoRA-V2,92.94854736328124,90.21818338562956,91.26331917110426,92.3009478075758,0.0,1.0
MSFT,2018-05-31,1,Chronos-LoRA-V3,92.94854736328124,90.2056166357641,91.25345477616436,92.32886989466309,0.0,1.0
MSFT,2018-05-31,5,Chronos-LoRA-V1,93.03154754638672,86.11802202978303,91.55092172085304,97.42706115720516,0.0,0.0
MSFT,2018-05-31,5,Chronos-LoRA-V2,93.03154754638672,86.51371800253168,91.71898704964546,97.20254462212307,0.0,0.0
MSFT,2018-05-31,5,Chronos-LoRA-V3,93.03154754638672,86.3701554619327,91.61361039546046,97.29360156653117,0.0,0.0
MSFT,2018-05-31,10,Chronos-LoRA-V1,93.52954864501952,81.09205526559651,91.96575800882539,104.50627977109302,0.0,0.0
MSFT,2018-05-31,10,Chronos-LoRA-V2,93.52954864501952,82.06944882830042,92.28952949954068,103.69107867032609,0.0,0.0
MSFT,2018-05-31,10,Chronos-LoRA-V3,93.52954864501952,81.5887172439457,92.0789494796657,104.17205944994194,0.0,0.0
MSFT,2018-05-31,20,Chronos-LoRA-V1,90.9565887451172,72.20317982288769,92.75300082561623,119.5162761329581,0.0,0.0
MSFT,2018-05-31,20,Chronos-LoRA-V2,90.9565887451172,73.7917289572389,93.36352302942322,117.86074443667103,0.0,0.0
MSFT,2018-05-31,20,Chronos-LoRA-V3,90.9565887451172,73.08570727352418,92.97209660336574,118.75647012100973,0.0,0.0
MSFT,2018-09-21,1,Chronos-LoRA-V1,106.1556625366211,104.08087749305686,105.90894395075969,107.69834461888006,0.0,0.0
MSFT,2018-09-21,1,Chronos-LoRA-V2,106.1556625366211,104.44339226707888,105.95399064450025,107.41300119464177,0.0,0.0
MSFT,2018-09-21,1,Chronos-LoRA-V3,106.1556625366211,104.27749365272666,105.9374566709372,107.576907613953,0.0,0.0
MSFT,2018-09-21,5,Chronos-LoRA-V1,105.87792205810548,97.30904091279137,106.41325885171044,115.98327670611485,0.0,0.0
MSFT,2018-09-21,5,Chronos-LoRA-V2,105.87792205810548,99.1363195785513,106.64652240132095,114.36383128979797,0.0,0.0
MSFT,2018-09-21,5,Chronos-LoRA-V3,105.87792205810548,98.24782819574814,106.51034431956995,115.2111113558909,0.0,0.0
MSFT,2018-09-21,10,Chronos-LoRA-V1,103.80425262451172,89.35515638245651,107.08949245857362,127.54406309953737,0.0,0.0
MSFT,2018-09-21,10,Chronos-LoRA-V2,103.80425262451172,92.81844004476139,107.51239976313529,123.78127627166762,0.0,0.0
MSFT,2018-09-21,10,Chronos-LoRA-V3,103.80425262451172,91.08702116162503,107.24700006114996,125.68738149854423,0.0,0.0
MSFT,2018-09-21,20,Chronos-LoRA-V1,100.59188842773438,75.17009318060566,108.31416929134264,154.5659751790752,0.0,0.0
MSFT,2018-09-21,20,Chronos-LoRA-V2,100.59188842773438,80.84561638847862,109.13136794101918,145.6636535999324,0.0,0.0
MSFT,2018-09-21,20,Chronos-LoRA-V3,100.59188842773438,78.08992588487243,108.60088422133724,149.9562340888599,0.0,0.0
MSFT,2019-01-17,1,Chronos-LoRA-V1,100.14319610595705,97.03916399613121,98.78791662562374,100.5324419279136,0.0,0.0
MSFT,2019-01-17,1,Chronos-LoRA-V2,100.14319610595705,97.09767163203831,98.82009214706868,100.50848272265105,0.0,0.0
MSFT,2019-01-17,1,Chronos-LoRA-V3,100.14319610595705,97.08305574765492,98.81228359563782,100.55334658167655,0.0,0.0
MSFT,2019-01-17,5,Chronos-LoRA-V1,99.64112091064452,90.57804032297636,99.27270474601538,108.73219983302727,0.0,0.0
MSFT,2019-01-17,5,Chronos-LoRA-V2,99.64112091064452,90.99797266586745,99.46331943549399,108.44997812308695,0.0,0.0
MSFT,2019-01-17,5,Chronos-LoRA-V3,99.64112091064452,90.80536657031145,99.34608618140865,108.6528121490015,0.0,0.0
MSFT,2019-01-17,10,Chronos-LoRA-V1,95.55953979492188,83.0942747074941,99.94176576142283,120.02327092694826,0.0,0.0
MSFT,2019-01-17,10,Chronos-LoRA-V2,95.55953979492188,83.97955236596931,100.28045777714968,119.14732932172615,0.0,0.0
MSFT,2019-01-17,10,Chronos-LoRA-V3,95.55953979492188,83.49214570368714,100.05592772313592,119.73010499962245,0.0,0.0
MSFT,2019-01-17,20,Chronos-LoRA-V1,100.61737060546876,70.30389048557541,101.17431867318709,145.39251914062095,0.0,0.0
MSFT,2019-01-17,20,Chronos-LoRA-V2,100.61737060546876,71.60879156119599,101.81645245383696,143.60703612221232,0.0,0.0
MSFT,2019-01-17,20,Chronos-LoRA-V3,100.61737060546876,70.99048504562094,101.37482954910074,144.66868660619556,0.0,0.0
MSFT,2019-05-13,1,Chronos-LoRA-V1,116.4627914428711,113.41840145057775,115.38496416874898,117.32162017588205,0.0,0.0
MSFT,2019-05-13,1,Chronos-LoRA-V2,116.4627914428711,113.47829946463135,115.4235196085377,117.31138430824289,0.0,0.0
MSFT,2019-05-13,1,Chronos-LoRA-V3,116.4627914428711,113.54378803726645,115.40855821696974,117.25677817286451,0.0,0.0
MSFT,2019-05-13,5,Chronos-LoRA-V1,118.2902603149414,106.53736739517022,116.20264317586523,126.39799843834116,0.0,0.0
MSFT,2019-05-13,5,Chronos-LoRA-V2,118.2902603149414,106.80961895087864,116.37156185912579,126.3609605830217,0.0,0.0
MSFT,2019-05-13,5,Chronos-LoRA-V3,118.2902603149414,107.06002759131918,116.24468036271816,125.99002757263024,0.0,0.0
MSFT,2019-05-13,10,Chronos-LoRA-V1,118.23404693603516,98.52985369907314,117.2383623840363,138.54481474895138,0.0,0.0
MSFT,2019-05-13,10,Chronos-LoRA-V2,118.23404693603516,99.04409668746175,117.55515184004221,138.46897005644055,0.0,0.0
MSFT,2019-05-13,10,Chronos-LoRA-V3,118.23404693603516,99.29901949778927,117.30753532688013,137.8351572258004,0.0,0.0
MSFT,2019-05-13,20,Chronos-LoRA-V1,123.8008804321289,81.9829666968507,119.19346549436807,170.40700456067955,0.0,0.0
MSFT,2019-05-13,20,Chronos-LoRA-V2,123.8008804321289,84.06209107779223,119.73627032448945,167.62092688497066,0.0,0.0
MSFT,2019-05-13,20,Chronos-LoRA-V3,123.8008804321289,83.84872999854436,119.320842755515,167.55466478110458,0.0,0.0
MSFT,2019-09-04,1,Chronos-LoRA-V1,131.68846130371094,126.66230152855296,129.6189077137606,132.4925716027639,0.0,0.0
MSFT,2019-09-04,1,Chronos-LoRA-V2,131.68846130371094,127.19858596869022,129.67277592515967,132.05320315446713,0.0,0.0
MSFT,2019-09-04,1,Chronos-LoRA-V3,131.68846130371094,126.9107860744133,129.66757585488838,132.3516297700756,0.0,0.0
MSFT,2019-09-04,5,Chronos-LoRA-V1,127.99308013916016,116.23846529133465,130.47483389394293,145.5448011101334,0.0,0.0
MSFT,2019-09-04,5,Chronos-LoRA-V2,127.99308013916016,118.77690560323519,130.7672878864579,143.1868758991111,0.0,0.0
MSFT,2019-09-04,5,Chronos-LoRA-V3,127.99308013916016,117.31079273912404,130.61728049993602,144.6494944225303,0.0,0.0
MSFT,2019-09-04,10,Chronos-LoRA-V1,130.24981689453125,104.51721316142242,131.66248642206003,163.79169070404592,0.0,0.0
MSFT,2019-09-04,10,Chronos-LoRA-V2,130.24981689453125,109.2379732273195,132.18815416947044,158.2000007740604,0.0,0.0
MSFT,2019-09-04,10,Chronos-LoRA-V3,130.24981689453125,106.34560768444074,131.88520064858656,161.6972734974121,0.0,0.0
MSFT,2019-09-04,20,Chronos-LoRA-V1,126.61085510253906,83.96884869054736,133.91061125465245,208.24147811345566,0.0,0.0
MSFT,2019-09-04,20,Chronos-LoRA-V2,126.61085510253906,92.46898784681741,134.85670755236438,192.4596066346961,0.0,0.0
MSFT,2019-09-04,20,Chronos-LoRA-V3,126.61085510253906,87.17577682930632,134.3281567489364,202.17158194021053,0.0,0.0
MSFT,2019-12-26,1,Chronos-LoRA-V1,149.97801208496094,148.4081169398903,150.0170312732291,151.5280847835994,0.0,0.0
MSFT,2019-12-26,1,Chronos-LoRA-V2,149.97801208496094,148.38263710422538,150.0186920656857,151.57059132658517,0.0,0.0
MSFT,2019-12-26,1,Chronos-LoRA-V3,149.97801208496094,148.46697233803076,150.04460431796352,151.54022793072397,0.0,0.0
MSFT,2019-12-26,5,Chronos-LoRA-V1,149.65728759765625,142.9478477412231,151.19376327213024,159.4281720487172,0.0,0.0
MSFT,2019-12-26,5,Chronos-LoRA-V2,149.65728759765625,143.01457663107263,151.2249467863269,159.48201608118765,0.0,0.0
MSFT,2019-12-26,5,Chronos-LoRA-V3,149.65728759765625,143.2568855156476,151.25363690469223,159.33919379044033,0.0,0.0
MSFT,2019-12-26,10,Chronos-LoRA-V1,152.22360229492188,135.86073353685617,152.7316842023436,170.49658805606848,0.0,0.0
MSFT,2019-12-26,10,Chronos-LoRA-V2,152.22360229492188,136.37806942999802,152.75569234996445,170.13387481803971,0.0,0.0
MSFT,2019-12-26,10,Chronos-LoRA-V3,152.22360229492188,136.47101593684135,152.81389543933102,170.1764206636111,0.0,0.0
MSFT,2019-12-26,20,Chronos-LoRA-V1,153.11048889160156,120.30904789736432,155.6134814844275,198.37591735025325,0.0,0.0
MSFT,2019-12-26,20,Chronos-LoRA-V2,153.11048889160156,122.19729378694207,155.74368500347433,196.03504587781842,0.0,0.0
MSFT,2019-12-26,20,Chronos-LoRA-V3,153.11048889160156,121.62556397195063,155.78800973655626,197.25527646338296,0.0,0.0
MSFT,2020-04-21,1,Chronos-LoRA-V1,164.16253662109375,152.5741947590714,159.02487681730994,165.58450458276863,0.0,0.0
MSFT,2020-04-21,1,Chronos-LoRA-V2,164.16253662109375,154.12975485155332,159.22457734339585,164.23305799830695,0.0,0.0
MSFT,2020-04-21,1,Chronos-LoRA-V3,164.16253662109375,153.3811998035025,159.11328662092728,164.94617904396296,0.0,0.0
MSFT,2020-04-21,5,Chronos-LoRA-V1,160.65261840820312,129.7109333920635,160.13491123571478,197.03098468856524,0.0,0.0
MSFT,2020-04-21,5,Chronos-LoRA-V2,160.65261840820312,136.37039110046018,160.8324069497562,188.67715462960996,0.0,0.0
MSFT,2020-04-21,5,Chronos-LoRA-V3,160.65261840820312,133.2669899361442,160.35671368868975,192.6368155238192,0.0,0.0
MSFT,2020-04-21,10,Chronos-LoRA-V1,171.01206970214844,106.37995571228528,161.7046036583082,244.82913596812236,0.0,0.0
MSFT,2020-04-21,10,Chronos-LoRA-V2,171.01206970214844,117.78056881599731,162.88998786633883,223.2367525400131,0.0,0.0
MSFT,2020-04-21,10,Chronos-LoRA-V3,171.01206970214844,112.1451335054398,162.04460112992896,233.81917776572033,0.0,0.0
MSFT,2020-04-21,20,Chronos-LoRA-V1,173.72735595703125,77.62551987997968,164.75839633181263,349.2877033991912,0.0,0.0
MSFT,2020-04-21,20,Chronos-LoRA-V2,173.72735595703125,89.99549072456941,166.5495070708295,302.5709721295025,0.0,0.0
MSFT,2020-04-21,20,Chronos-LoRA-V3,173.72735595703125,83.42627598250756,165.325457561647,327.17134429243,0.0,0.0
MSFT,2020-08-12,1,Chronos-LoRA-V1,197.9952545166016,194.40928421595055,198.88195481926573,203.43320156898295,0.0,0.0
MSFT,2020-08-12,1,Chronos-LoRA-V2,197.9952545166016,194.6135304290302,198.92861455663387,203.1959321157705,0.0,0.0
MSFT,2020-08-12,1,Chronos-LoRA-V3,197.9952545166016,194.7159675594447,198.95498647321492,203.24286967236927,0.0,0.0
MSFT,2020-08-12,5,Chronos-LoRA-V1,199.42491149902344,178.95386846004158,200.6774677924365,224.86947417541202,0.0,0.0
MSFT,2020-08-12,5,Chronos-LoRA-V2,199.42491149902344,179.89271572234665,201.04194810872045,223.94288398512813,0.0,0.0
MSFT,2020-08-12,5,Chronos-LoRA-V3,199.42491149902344,180.25150952546394,200.84014432682875,223.53730122109945,0.0,0.0
MSFT,2020-08-12,10,Chronos-LoRA-V1,210.3138427734375,161.31618033278843,203.09682657930745,254.37601180703567,0.0,0.0
MSFT,2020-08-12,10,Chronos-LoRA-V2,210.3138427734375,163.06907204741498,203.81902044937968,252.22529554622858,0.0,0.0
MSFT,2020-08-12,10,Chronos-LoRA-V3,210.3138427734375,163.40686908356844,203.30028138516337,251.56057034580837,0.0,0.0
MSFT,2020-08-12,20,Chronos-LoRA-V1,195.3070831298828,131.0667362329455,207.71121129668046,324.99699549754547,0.0,0.0
MSFT,2020-08-12,20,Chronos-LoRA-V2,195.3070831298828,134.10580616646948,209.0269007887516,318.9557744523916,0.0,0.0
MSFT,2020-08-12,20,Chronos-LoRA-V3,195.3070831298828,134.35082942928184,208.0065897533551,317.9749839621841,0.0,0.0
MSFT,2020-12-03,1,Chronos-LoRA-V1,204.39024353027344,201.32953398699712,204.71412884482191,208.02800604564462,0.0,0.0
MSFT,2020-12-03,1,Chronos-LoRA-V2,204.39024353027344,201.32768334345963,204.7594132450543,208.07122489176328,0.0,0.0
MSFT,2020-12-03,1,Chronos-LoRA-V3,204.39024353027344,201.47381426821948,204.7765110471527,208.02170102829155,0.0,0.0
MSFT,2020-12-03,5,Chronos-LoRA-V1,200.7289123535156,189.68168440763097,206.42779789273584,224.10877940495683,0.0,0.0
MSFT,2020-12-03,5,Chronos-LoRA-V2,200.7289123535156,189.79107941622115,206.67053282969792,224.3152995141523,0.0,0.0
MSFT,2020-12-03,5,Chronos-LoRA-V3,200.7289123535156,190.3553973342746,206.58736912032745,223.8247596749577,0.0,0.0
MSFT,2020-12-03,10,Chronos-LoRA-V1,209.21490478515625,176.29279039825343,208.66154692417433,245.73720173266372,0.0,0.0
MSFT,2020-12-03,10,Chronos-LoRA-V2,209.21490478515625,176.40723195275757,209.12169933567873,246.22690878078373,0.0,0.0
MSFT,2020-12-03,10,Chronos-LoRA-V3,209.21490478515625,177.38981706495,208.91204667946403,245.14943011481915,0.0,0.0
MSFT,2020-12-03,20,Chronos-LoRA-V1,207.5653533935547,154.7783445898863,212.67445365709054,289.68467856340965,0.0,0.0
MSFT,2020-12-03,20,Chronos-LoRA-V2,207.5653533935547,153.29253051435887,213.74703938039002,294.1630246303632,0.0,0.0
MSFT,2020-12-03,20,Chronos-LoRA-V3,207.5653533935547,156.557651456513,213.1700851236,288.44974683070654,0.0,0.0
MSFT,2021-03-30,1,Chronos-LoRA-V1,225.3222198486328,217.36482704376306,222.03807640919467,226.5505810650509,0.0,0.0
MSFT,2021-03-30,1,Chronos-LoRA-V2,225.3222198486328,217.7609133118064,222.0835767862053,226.2637862253177,0.0,0.0
MSFT,2021-03-30,1,Chronos-LoRA-V3,225.3222198486328,217.71641661945273,222.10036127540513,226.37037726924532,0.0,0.0
MSFT,2021-03-30,5,Chronos-LoRA-V1,238.8261260986328,200.8249021824184,224.03175543995312,248.48754085704684,0.0,0.0
MSFT,2021-03-30,5,Chronos-LoRA-V2,238.8261260986328,202.99242606929025,224.22885028024848,246.45828057264984,0.0,0.0
MSFT,2021-03-30,5,Chronos-LoRA-V3,238.8261260986328,202.47494974581284,224.1549980278474,247.14475559132288,0.0,0.0
MSFT,2021-03-30,10,Chronos-LoRA-V1,244.2639617919922,181.96347708880376,226.61134975100944,278.6701121466931,0.0,0.0
MSFT,2021-03-30,10,Chronos-LoRA-V2,244.2639617919922,185.95368582282612,226.95018797564896,274.0807592274214,0.0,0.0
MSFT,2021-03-30,10,Chronos-LoRA-V3,244.2639617919922,184.79068667435686,226.76602407091403,275.75871454167,0.0,0.0
MSFT,2021-03-30,20,Chronos-LoRA-V1,243.2795867919922,149.25757080516408,230.9469282290096,346.73373563736567,0.0,0.0
MSFT,2021-03-30,20,Chronos-LoRA-V2,243.2795867919922,155.30970982963007,231.7170302694228,337.650085223884,0.0,0.0
MSFT,2021-03-30,20,Chronos-LoRA-V3,243.2795867919922,154.33069117792226,231.33418984577543,339.42361853652744,0.0,0.0
MSFT,2021-07-22,1,Chronos-LoRA-V1,277.4729919433594,271.21820309510287,274.72155163846577,278.2436636207337,0.0,0.0
MSFT,2021-07-22,1,Chronos-LoRA-V2,277.4729919433594,270.9666347545472,274.75670117913074,278.49955536395447,0.0,0.0
MSFT,2021-07-22,1,Chronos-LoRA-V3,277.4729919433594,271.2433212125816,274.78533388062044,278.35036460863085,0.0,0.0
MSFT,2021-07-22,5,Chronos-LoRA-V1,274.4364624023437,259.8789150279027,277.0540088864385,295.4419917142347,0.0,0.0
MSFT,2021-07-22,5,Chronos-LoRA-V2,274.4364624023437,258.7319674149772,277.31356535488993,296.92231983619797,0.0,0.0
MSFT,2021-07-22,5,Chronos-LoRA-V3,274.4364624023437,259.88127338964415,277.19094314237736,295.87214669349777,0.0,0.0
MSFT,2021-07-22,10,Chronos-LoRA-V1,277.3293151855469,246.11946568274766,280.0019673856323,318.73160856950744,0.0,0.0
MSFT,2021-07-22,10,Chronos-LoRA-V2,277.3293151855469,244.03087373639568,280.52447948044085,321.6385327500014,0.0,0.0
MSFT,2021-07-22,10,Chronos-LoRA-V3,277.3293151855469,246.01141285811127,280.18785842972625,319.51880175684414,0.0,0.0
MSFT,2021-07-22,20,Chronos-LoRA-V1,284.8182067871094,215.1681461351333,285.57437697173526,377.80264021924864,0.0,0.0
MSFT,2021-07-22,20,Chronos-LoRA-V2,284.8182067871094,214.79167995110353,286.5399920452611,379.3565047359561,0.0,0.0
MSFT,2021-07-22,20,Chronos-LoRA-V3,284.8182067871094,214.79814535220945,285.9348347199465,379.59161185818624,0.0,0.0
MSFT,2021-11-11,1,Chronos-LoRA-V1,323.1593933105469,315.81546010733547,319.7481961145388,323.7506986216274,0.0,0.0
MSFT,2021-11-11,1,Chronos-LoRA-V2,323.1593933105469,315.3958382842208,319.81281974256854,324.15887776961245,0.0,0.0
MSFT,2021-11-11,1,Chronos-LoRA-V3,323.1593933105469,315.8895703346136,319.8433533928076,323.8523267799532,0.0,0.0
MSFT,2021-11-11,5,Chronos-LoRA-V1,328.1253356933594,303.29543199733473,322.42004022039,343.0294025640499,0.0,0.0
MSFT,2021-11-11,5,Chronos-LoRA-V2,328.1253356933594,301.2265656623937,322.8701243746927,345.54929237298086,0.0,0.0
MSFT,2021-11-11,5,Chronos-LoRA-V3,328.1253356933594,303.6044374980668,322.7071860379185,343.3567557751199,0.0,0.0
MSFT,2021-11-11,10,Chronos-LoRA-V1,316.98175048828125,289.04496747630316,325.9358763092302,368.2599180329221,0.0,0.0
MSFT,2021-11-11,10,Chronos-LoRA-V2,316.98175048828125,284.80040699586857,326.7761406863083,373.72823492210665,0.0,0.0
MSFT,2021-11-11,10,Chronos-LoRA-V3,316.98175048828125,289.24065596676706,326.3944763170288,369.0629221355342,0.0,0.0
MSFT,2021-11-11,20,Chronos-LoRA-V1,329.3464660644531,264.31103863873074,332.8378692510873,420.9866915511793,0.0,0.0
MSFT,2021-11-11,20,Chronos-LoRA-V2,329.3464660644531,256.0563706979652,334.13631893247435,433.4337601253543,0.0,0.0
MSFT,2021-11-11,20,Chronos-LoRA-V3,329.3464660644531,264.2484193109655,333.6279784613611,423.057630661663,0.0,0.0
MSFT,2022-03-08,1,Chronos-LoRA-V1,277.96148681640625,258.43278922704485,266.0661721368259,273.74708582062505,0.0,1.0
MSFT,2022-03-08,1,Chronos-LoRA-V2,277.96148681640625,259.32268889184337,266.23323405385605,273.05856211211284,0.0,1.0
MSFT,2022-03-08,1,Chronos-LoRA-V3,277.96148681640625,259.0114331341238,266.1991149837302,273.43670453742084,0.0,1.0
MSFT,2022-03-08,5,Chronos-LoRA-V1,276.66070556640625,230.36316758569805,267.4140364694788,308.9708246183694,0.0,0.0
MSFT,2022-03-08,5,Chronos-LoRA-V2,276.66070556640625,234.74147202130143,268.2282643585776,304.7056779603892,0.0,0.0
MSFT,2022-03-08,5,Chronos-LoRA-V3,276.66070556640625,232.9444417158243,267.8322396348066,306.55662793951205,0.0,0.0
MSFT,2022-03-08,10,Chronos-LoRA-V1,292.9530029296875,199.5857475896948,269.4237883367696,359.70800686943124,0.0,0.0
MSFT,2022-03-08,10,Chronos-LoRA-V2,292.9530029296875,207.60287095185075,270.91283531831607,349.0062513131484,0.0,0.0
MSFT,2022-03-08,10,Chronos-LoRA-V3,292.9530029296875,203.92186071024364,270.09339232387185,353.98788385629945,0.0,0.0
MSFT,2022-03-08,20,Chronos-LoRA-V1,299.5238342285156,149.17198667326042,272.8689826015289,488.360454162006,0.0,0.0
MSFT,2022-03-08,20,Chronos-LoRA-V2,299.5238342285156,161.0518260426101,275.558760256263,459.66754333645144,0.0,0.0
MSFT,2022-03-08,20,Chronos-LoRA-V3,299.5238342285156,156.1846934843188,274.26779333478237,471.74872311777034,0.0,0.0
MSFT,2022-06-30,1,Chronos-LoRA-V1,250.6803436279297,240.84543440385627,248.24586036849925,255.42493172698846,0.0,0.0
MSFT,2022-06-30,1,Chronos-LoRA-V2,250.6803436279297,241.6798511854122,248.4038616558388,254.95083325370268,0.0,0.0
MSFT,2022-06-30,1,Chronos-LoRA-V3,250.6803436279297,241.52305959652207,248.34677029001182,255.02068147854482,0.0,0.0
MSFT,2022-06-30,5,Chronos-LoRA-V1,258.4833374023437,213.98132161382944,249.30841133897528,287.5102603690651,0.0,0.0
MSFT,2022-06-30,5,Chronos-LoRA-V2,258.4833374023437,217.66728147266338,249.99616116533537,284.8343253455065,0.0,0.0
MSFT,2022-06-30,5,Chronos-LoRA-V3,258.4833374023437,216.70416085826812,249.51206019748525,284.95300545302143,0.0,0.0
MSFT,2022-06-30,10,Chronos-LoRA-V1,247.9183807373047,184.67302000106818,250.70935636384513,334.02838682623303,0.0,0.0
MSFT,2022-06-30,10,Chronos-LoRA-V2,247.9183807373047,191.2871695818159,251.96086070320035,327.23451004360203,0.0,0.0
MSFT,2022-06-30,10,Chronos-LoRA-V3,247.9183807373047,189.2000599844393,250.9584620670285,327.85893351191,0.0,0.0
MSFT,2022-06-30,20,Chronos-LoRA-V1,271.1148376464844,137.07143931459473,253.02467222259858,450.7754152153741,0.0,0.0
MSFT,2022-06-30,20,Chronos-LoRA-V2,271.1148376464844,146.74213245352908,255.38367187373163,432.18932685509895,0.0,0.0
MSFT,2022-06-30,20,Chronos-LoRA-V3,271.1148376464844,143.39496478789007,253.53966708327013,435.34950356997444,0.0,0.0
MSFT,2022-10-21,1,Chronos-LoRA-V1,239.27989196777344,229.24852498242979,234.48863119871604,239.8163546778923,0.0,0.0
MSFT,2022-10-21,1,Chronos-LoRA-V2,239.27989196777344,229.12579157944643,234.56626662699236,239.98802115811225,0.0,0.0
MSFT,2022-10-21,1,Chronos-LoRA-V3,239.27989196777344,229.51277817572876,234.58444572742752,239.74165918071924,0.0,0.0
MSFT,2022-10-21,5,Chronos-LoRA-V1,228.2667388916016,209.61115083581163,235.08291662977948,263.2669384090731,0.0,0.0
MSFT,2022-10-21,5,Chronos-LoRA-V2,228.2667388916016,209.32761486515162,235.55547882277926,264.13636225890554,0.0,0.0
MSFT,2022-10-21,5,Chronos-LoRA-V3,228.2667388916016,210.76326646565076,235.3785869737604,262.4968750547382,0.0,0.0
MSFT,2022-10-21,10,Chronos-LoRA-V1,214.2535095214844,187.02025118018776,235.93147153667516,296.2693594530105,0.0,0.0
MSFT,2022-10-21,10,Chronos-LoRA-V2,214.2535095214844,187.0493812798313,236.84712875885253,297.5473193249504,0.0,0.0
MSFT,2022-10-21,10,Chronos-LoRA-V3,214.2535095214844,189.01649688329468,236.4102969422693,294.2360226846587,0.0,0.0
MSFT,2022-10-21,20,Chronos-LoRA-V1,234.1021728515625,147.90888675393197,237.7406727288243,378.33522566322563,0.0,0.0
MSFT,2022-10-21,20,Chronos-LoRA-V2,234.1021728515625,149.03241905747123,239.045263861716,377.3248811281285,0.0,0.0
MSFT,2022-10-21,20,Chronos-LoRA-V3,234.1021728515625,151.08240602829005,238.43815057737646,372.27138031811586,0.0,0.0
MSFT,2023-02-15,1,Chronos-LoRA-V1,255.05181884765625,255.52488691860074,262.150953006492,269.00917490199583,1.0,0.0
MSFT,2023-02-15,1,Chronos-LoRA-V2,255.05181884765625,256.01583906794104,262.2573750681407,268.5468442823196,1.0,0.0
MSFT,2023-02-15,1,Chronos-LoRA-V3,255.05181884765625,255.85386105316633,262.2581815398478,268.8435245317741,1.0,0.0
MSFT,2023-02-15,5,Chronos-LoRA-V1,247.8716278076172,229.90587121837578,262.5635010130012,300.3325281287879,0.0,0.0
MSFT,2023-02-15,5,Chronos-LoRA-V2,247.8716278076172,232.7794181365946,263.16746630546913,297.07618268646746,0.0,0.0
MSFT,2023-02-15,5,Chronos-LoRA-V3,247.8716278076172,231.3375909745427,262.89236666599004,298.84210928455565,0.0,0.0
MSFT,2023-02-15,10,Chronos-LoRA-V1,244.3107147216797,200.92127827513735,263.23253719471546,346.00203565034286,0.0,0.0
MSFT,2023-02-15,10,Chronos-LoRA-V2,244.3107147216797,206.66429271332134,264.32973727786293,337.122298480904,0.0,0.0
MSFT,2023-02-15,10,Chronos-LoRA-V3,244.3107147216797,203.17281554000655,263.7605468818414,342.2823298350403,0.0,0.0
MSFT,2023-02-15,20,Chronos-LoRA-V1,268.7213439941406,151.81087634050786,264.154718880124,461.2652388146882,0.0,0.0
MSFT,2023-02-15,20,Chronos-LoRA-V2,268.7213439941406,161.60314665517396,266.19301456255397,435.5879058519688,0.0,0.0
MSFT,2023-02-15,20,Chronos-LoRA-V3,268.7213439941406,155.63148646338186,265.0636830805221,450.2874521885752,0.0,0.0
MSFT,2023-06-09,1,Chronos-LoRA-V1,323.5702514648437,313.4798216282557,319.0357902275076,324.94484505575014,0.0,0.0
MSFT,2023-06-09,1,Chronos-LoRA-V2,323.5702514648437,313.453156557078,319.02919946365523,324.69197273017585,0.0,0.0
MSFT,2023-06-09,1,Chronos-LoRA-V3,323.5702514648437,313.64502932404105,319.11605852873174,324.8806330344938,0.0,0.0
MSFT,2023-06-09,5,Chronos-LoRA-V1,333.7888488769531,293.7030907687068,320.49811885697505,351.40235930026836,0.0,0.0
MSFT,2023-06-09,5,Chronos-LoRA-V2,333.7888488769531,293.564377002439,320.50116642509454,350.23125227731657,0.0,0.0
MSFT,2023-06-09,5,Chronos-LoRA-V3,333.7888488769531,294.391769430126,320.692663437922,350.6847533818491,0.0,0.0
MSFT,2023-06-09,10,Chronos-LoRA-V1,320.40142822265625,270.8648782985914,322.3899469537064,387.075491727152,0.0,0.0
MSFT,2023-06-09,10,Chronos-LoRA-V2,320.40142822265625,270.7271779456165,322.36767975301774,384.4641103748875,0.0,0.0
MSFT,2023-06-09,10,Chronos-LoRA-V3,320.40142822265625,271.76559785741443,322.62919845494724,385.6305799854438,0.0,0.0
MSFT,2023-06-09,20,Chronos-LoRA-V1,324.1748962402344,229.73000496025128,325.54468591717693,469.07240277193506,0.0,0.0
MSFT,2023-06-09,20,Chronos-LoRA-V2,324.1748962402344,230.29347614694913,325.4746681390903,461.42870662021454,0.0,0.0
MSFT,2023-06-09,20,Chronos-LoRA-V3,324.1748962402344,231.4005471107946,325.8893949674232,464.9030938308633,0.0,0.0
MSFT,2023-10-03,1,Chronos-LoRA-V1,311.6604309082031,300.94938662345487,306.3702696985723,311.8599422036378,0.0,0.0
MSFT,2023-10-03,1,Chronos-LoRA-V2,311.6604309082031,300.79970337787273,306.4351815921901,311.97744762621096,0.0,0.0
MSFT,2023-10-03,1,Chronos-LoRA-V3,311.6604309082031,301.06168644060614,306.47228204103817,311.9589958183587,0.0,0.0
MSFT,2023-10-03,5,Chronos-LoRA-V1,320.8746337890625,281.0475590739415,306.9154832057665,335.2642935447419,0.0,0.0
MSFT,2023-10-03,5,Chronos-LoRA-V2,320.8746337890625,280.1782534365069,307.1585388301328,335.95178383158157,0.0,0.0
MSFT,2023-10-03,5,Chronos-LoRA-V3,320.8746337890625,281.46147869657653,307.2083541368306,335.46671810745414,0.0,0.0
MSFT,2023-10-03,10,Chronos-LoRA-V1,324.46063232421875,258.4122335838571,307.6039667786126,366.32596883250903,0.0,0.0
MSFT,2023-10-03,10,Chronos-LoRA-V2,324.46063232421875,256.83662212912316,308.0104153427786,367.8141819142283,0.0,0.0
MSFT,2023-10-03,10,Chronos-LoRA-V3,324.46063232421875,258.8822772027104,308.0808627249103,366.85690985273783,0.0,0.0
MSFT,2023-10-03,20,Chronos-LoRA-V1,330.37213134765625,219.97441924508925,308.43850606895796,433.1267610547256,0.0,0.0
MSFT,2023-10-03,20,Chronos-LoRA-V2,330.37213134765625,217.0572479761561,309.0891515815255,436.77670169337745,0.0,0.0
MSFT,2023-10-03,20,Chronos-LoRA-V3,330.37213134765625,220.4795024057434,309.1042177667304,434.271626731204,0.0,0.0
MSFT,2024-01-26,1,Chronos-LoRA-V1,401.1558837890625,390.9991885124371,396.0758572862299,400.9570084198048,0.0,1.0
MSFT,2024-01-26,1,Chronos-LoRA-V2,401.1558837890625,390.92354515016166,396.0528245631484,400.9287706232496,0.0,1.0
MSFT,2024-01-26,1,Chronos-LoRA-V3,401.1558837890625,391.15954811574164,396.1794465160297,401.03005571283984,0.0,1.0
MSFT,2024-01-26,5,Chronos-LoRA-V1,402.6245422363281,373.6782261624576,398.38588774079625,423.5161157670174,0.0,0.0
MSFT,2024-01-26,5,Chronos-LoRA-V2,402.6245422363281,373.1576316103635,398.1513331049226,423.6093945615038,0.0,0.0
MSFT,2024-01-26,5,Chronos-LoRA-V3,402.6245422363281,374.3354589847284,398.5994862669398,423.60968176997136,0.0,0.0
MSFT,2024-01-26,10,Chronos-LoRA-V1,411.7594909667969,353.7022193331775,401.3171210802351,452.864094344213,0.0,0.0
MSFT,2024-01-26,10,Chronos-LoRA-V2,411.7594909667969,352.6016788747305,400.76721542799845,453.0864008860249,0.0,0.0
MSFT,2024-01-26,10,Chronos-LoRA-V3,411.7594909667969,354.70358849632726,401.61460028071303,453.12589220939884,0.0,0.0
MSFT,2024-01-26,20,Chronos-LoRA-V1,399.7593078613281,316.23115753970706,406.48014237772117,517.181095233879,0.0,0.0
MSFT,2024-01-26,20,Chronos-LoRA-V2,399.7593078613281,314.0424054934638,405.6683978774489,518.1227422002725,0.0,0.0
MSFT,2024-01-26,20,Chronos-LoRA-V3,399.7593078613281,318.25650150829836,407.09001955838346,517.52871796477,0.0,0.0
MSFT,2024-05-20,1,Chronos-LoRA-V1,421.6080017089844,412.4853643365219,418.47510316051546,424.37773963314186,0.0,0.0
MSFT,2024-05-20,1,Chronos-LoRA-V2,421.6080017089844,412.3396943224051,418.5122930639771,424.50555574769504,0.0,0.0
MSFT,2024-05-20,1,Chronos-LoRA-V3,421.6080017089844,412.6062474206532,418.60875362878875,424.50650736008004,0.0,0.0
MSFT,2024-05-20,5,Chronos-LoRA-V1,422.8657836914063,390.9445983227458,420.53065673742555,451.4080765298217,0.0,0.0
MSFT,2024-05-20,5,Chronos-LoRA-V2,422.8657836914063,390.3587187170411,420.68621272738756,452.22848945580955,0.0,0.0
MSFT,2024-05-20,5,Chronos-LoRA-V3,422.8657836914063,391.57494753190036,420.8748359128968,451.6280868250149,0.0,0.0
MSFT,2024-05-20,10,Chronos-LoRA-V1,408.8626098632813,366.10663674568127,423.3492963149592,487.223061700185,0.0,0.0
MSFT,2024-05-20,10,Chronos-LoRA-V2,408.8626098632813,364.9496515604807,423.45830089967205,488.7923833298201,0.0,0.0
MSFT,2024-05-20,10,Chronos-LoRA-V3,408.8626098632813,366.983207490205,423.86675134774066,487.8373629908671,0.0,0.0
MSFT,2024-05-20,20,Chronos-LoRA-V1,438.6082763671875,320.0363284837617,428.6812638434024,568.4208236627212,0.0,0.0
MSFT,2024-05-20,20,Chronos-LoRA-V2,438.6082763671875,317.6501961704078,428.6923477025157,571.6001875579558,0.0,0.0
MSFT,2024-05-20,20,Chronos-LoRA-V3,438.6082763671875,321.59670277207994,429.59816629494395,569.5349230547603,0.0,0.0
MSFT,2024-09-12,1,Chronos-LoRA-V1,423.8937683105469,414.0708978008073,420.9747623794375,427.66904119698285,0.0,0.0
MSFT,2024-09-12,1,Chronos-LoRA-V2,423.8937683105469,414.39106306065105,421.03522748889384,427.41757334731733,0.0,0.0
MSFT,2024-09-12,1,Chronos-LoRA-V3,423.8937683105469,414.36248232670664,421.1000554388297,427.63998874672814,0.0,0.0
MSFT,2024-09-12,5,Chronos-LoRA-V1,431.8677978515625,389.44769261634343,423.3569800321392,457.8141401650468,0.0,0.0
MSFT,2024-09-12,5,Chronos-LoRA-V2,431.8677978515625,391.2927971458178,423.7223295768335,456.901644572634,0.0,0.0
MSFT,2024-09-12,5,Chronos-LoRA-V3,431.8677978515625,390.7770984076514,423.6201771720549,457.5170582753403,0.0,0.0
MSFT,2024-09-12,10,Chronos-LoRA-V1,424.6025695800781,361.3390158314841,426.32655895053523,497.83369538932664,0.0,0.0
MSFT,2024-09-12,10,Chronos-LoRA-V2,424.6025695800781,364.7004404623401,426.96270900419967,495.7079336253428,0.0,0.0
MSFT,2024-09-12,10,Chronos-LoRA-V3,424.6025695800781,363.26396558226594,426.7428496304991,497.4215124858727,0.0,0.0
MSFT,2024-09-12,20,Chronos-LoRA-V1,409.3731384277344,309.0089396770752,431.95598731690825,592.7386328748148,0.0,0.0
MSFT,2024-09-12,20,Chronos-LoRA-V2,409.3731384277344,314.99177009865394,433.234121423633,586.2568014901658,0.0,0.0
MSFT,2024-09-12,20,Chronos-LoRA-V3,409.3731384277344,312.4965888597164,432.71615790019706,590.3788487611806,0.0,0.0
MSFT,2025-01-06,1,Chronos-LoRA-V1,416.6338806152344,416.2157569979727,422.6647854343916,428.7314304937038,0.0,0.0
MSFT,2025-01-06,1,Chronos-LoRA-V2,416.6338806152344,416.5453855461046,422.73012856161324,428.67694082863176,0.0,0.0
MSFT,2025-01-06,1,Chronos-LoRA-V3,416.6338806152344,416.54572925942153,422.77749550938876,428.7173550502826,0.0,0.0
MSFT,2025-01-06,5,Chronos-LoRA-V1,410.02490234375,394.12203500005927,425.3250924468778,455.78309112927917,0.0,0.0
MSFT,2025-01-06,5,Chronos-LoRA-V2,410.02490234375,395.40684003512786,425.6376019956881,456.203687740901,0.0,0.0
MSFT,2025-01-06,5,Chronos-LoRA-V3,410.02490234375,395.2252896380876,425.5636965492512,455.957501319158,0.0,0.0
MSFT,2025-01-06,10,Chronos-LoRA-V1,440.1402587890625,368.8190790903708,428.6302869917719,491.8054297356728,0.0,0.0
MSFT,2025-01-06,10,Chronos-LoRA-V2,440.1402587890625,370.91132466000744,429.2019730478441,492.5311682840138,0.0,0.0
MSFT,2025-01-06,10,Chronos-LoRA-V3,440.1402587890625,370.29562443779326,429.0015774997796,492.26717153823336,0.0,0.0
MSFT,2025-01-06,20,Chronos-LoRA-V1,407.67718505859375,322.61824346435424,435.0862150311709,572.9561545325224,0.0,0.0
MSFT,2025-01-06,20,Chronos-LoRA-V2,407.67718505859375,325.7017095423695,436.12729644225465,573.8769858500718,0.0,0.0
MSFT,2025-01-06,20,Chronos-LoRA-V3,407.67718505859375,324.86567168842237,435.8387297370769,573.8273212736336,0.0,0.0
MSFT,2025-05-01,1,Chronos-LoRA-V1,430.2294616699219,410.3535800601746,421.0641815049806,432.27378701802104,0.0,0.0
MSFT,2025-05-01,1,Chronos-LoRA-V2,430.2294616699219,410.8785392662254,421.20123913390347,431.7664276506583,0.0,0.0
MSFT,2025-05-01,1,Chronos-LoRA-V3,430.2294616699219,411.34076054319996,421.1708625135347,431.32370308987436,0.0,0.0
MSFT,2025-05-01,5,Chronos-LoRA-V1,433.08599853515625,372.5586108694104,423.0039492708678,480.2678170446274,0.0,0.0
MSFT,2025-05-01,5,Chronos-LoRA-V2,433.08599853515625,375.10747973369143,423.82259696330675,477.7651530017545,0.0,0.0
MSFT,2025-05-01,5,Chronos-LoRA-V3,433.08599853515625,376.5885799058551,423.34283953131086,475.00244287862665,0.0,0.0
MSFT,2025-05-01,10,Chronos-LoRA-V1,448.6946105957031,330.2409208489065,425.476554187142,547.770551531982,0.0,0.0
MSFT,2025-05-01,10,Chronos-LoRA-V2,448.6946105957031,335.02499516140824,426.90574429875596,540.3615784919159,0.0,0.0
MSFT,2025-05-01,10,Chronos-LoRA-V3,448.6946105957031,336.8861085336166,425.97674819520057,535.7408944209234,0.0,0.0
MSFT,2025-05-01,20,Chronos-LoRA-V1,455.8538208007813,259.7612232897222,429.5984059593759,706.5561625022295,0.0,0.0
MSFT,2025-05-01,20,Chronos-LoRA-V2,455.8538208007813,265.9592549096701,432.20543326294836,691.1997010666416,0.0,0.0
MSFT,2025-05-01,20,Chronos-LoRA-V3,455.8538208007813,269.06657599600476,430.65647611318263,680.8681994046315,0.0,0.0
MSFT,2025-08-25,1,Chronos-LoRA-V1,497.9430541992188,493.3308579101361,500.8855699108167,508.2330269645953,0.0,0.0
MSFT,2025-08-25,1,Chronos-LoRA-V2,497.9430541992188,493.7847322560973,500.9124636695306,507.7658229332759,0.0,0.0
MSFT,2025-08-25,1,Chronos-LoRA-V3,497.9430541992188,493.6700445460897,500.9785471075213,508.0820650463392,0.0,0.0
MSFT,2025-08-25,5,Chronos-LoRA-V1,500.9979248046875,467.0133445948122,503.7315293061012,541.6243980418093,0.0,0.0
MSFT,2025-08-25,5,Chronos-LoRA-V2,500.9979248046875,469.1004422233234,503.895833640099,539.5121253017678,0.0,0.0
MSFT,2025-08-25,5,Chronos-LoRA-V3,500.9979248046875,468.48391183477855,503.92271972188723,540.5039589968742,0.0,0.0
MSFT,2025-08-25,10,Chronos-LoRA-V1,494.3426818847656,435.8534617082774,507.4670854882777,586.4193848958762,0.0,0.0
MSFT,2025-08-25,10,Chronos-LoRA-V2,494.3426818847656,440.04417686434397,507.72531410412176,581.7511655878079,0.0,0.0
MSFT,2025-08-25,10,Chronos-LoRA-V3,494.3426818847656,438.4351832957427,507.744986715347,584.1940940974614,0.0,0.0
MSFT,2025-08-25,20,Chronos-LoRA-V1,505.0744323730469,378.203277110031,514.4871004620003,689.6907869445391,0.0,0.0
MSFT,2025-08-25,20,Chronos-LoRA-V2,505.0744323730469,386.1519064976068,514.9193595296844,677.2093785181619,0.0,0.0
MSFT,2025-08-25,20,Chronos-LoRA-V3,505.0744323730469,382.34962850721786,514.7665016805898,684.4623688407052,0.0,0.0
MSFT,2025-12-16,1,Chronos-LoRA-V1,473.1184387207031,466.5024140169752,473.89634562555244,481.0641936187601,0.0,0.0
MSFT,2025-12-16,1,Chronos-LoRA-V2,473.1184387207031,466.6799559741852,473.91068945363554,480.8536074954593,0.0,0.0
MSFT,2025-12-16,1,Chronos-LoRA-V3,473.1184387207031,466.70293844827495,473.9743500740903,481.0209538901965,0.0,0.0
MSFT,2025-12-16,5,Chronos-LoRA-V1,483.7807922363281,440.00541588520537,475.84996135407977,512.3931373371416,0.0,0.0
MSFT,2025-12-16,5,Chronos-LoRA-V2,483.7807922363281,440.99492648670685,476.09143559014393,511.70747742422145,0.0,0.0
MSFT,2025-12-16,5,Chronos-LoRA-V3,483.7807922363281,440.7890551554123,476.01921318032254,512.0755329443396,0.0,0.0
MSFT,2025-12-16,10,Chronos-LoRA-V1,480.5711669921875,408.9546212881381,478.5444663914784,554.4331695235825,0.0,0.0
MSFT,2025-12-16,10,Chronos-LoRA-V2,480.5711669921875,411.32028188139833,478.88504860628603,552.4784687545005,0.0,0.0
MSFT,2025-12-16,10,Chronos-LoRA-V3,480.5711669921875,410.00170296310296,478.73560692020027,554.099241411263,0.0,0.0
MSFT,2025-12-16,20,Chronos-LoRA-V1,453.7811279296875,349.98427584127603,483.64622140946375,654.625296187122,0.0,0.0
MSFT,2025-12-16,20,Chronos-LoRA-V2,453.7811279296875,356.0373953141266,484.1472596388563,646.3405522518435,0.0,0.0
MSFT,2025-12-16,20,Chronos-LoRA-V3,453.7811279296875,351.83272423044883,483.75283657942816,653.3909924307256,0.0,0.0
MSFT,2026-04-13,1,Chronos-LoRA-V1,391.5233459472656,376.0155935651201,383.0903825716862,389.88018045453066,0.0,1.0
MSFT,2026-04-13,1,Chronos-LoRA-V2,391.5233459472656,376.4785910233236,383.1649726791523,389.62549668716656,0.0,1.0
MSFT,2026-04-13,1,Chronos-LoRA-V3,391.5233459472656,376.4652100845447,383.2017157585013,389.80409213011484,0.0,1.0
MSFT,2026-04-13,5,Chronos-LoRA-V1,416.3826293945313,349.48890117063246,383.8725900423622,419.08858998422323,0.0,0.0
MSFT,2026-04-13,5,Chronos-LoRA-V2,416.3826293945313,352.1772107648661,384.39536039343574,417.63463399635464,0.0,0.0
MSFT,2026-04-13,5,Chronos-LoRA-V3,416.3826293945313,351.465959470626,384.1688730850894,418.33791340190595,0.0,0.0
MSFT,2026-04-13,10,Chronos-LoRA-V1,423.1053771972656,318.7722818071788,384.9311955863943,458.21566485335245,0.0,0.0
MSFT,2026-04-13,10,Chronos-LoRA-V2,423.1053771972656,324.1743824876053,385.8787892789773,454.4383283391321,0.0,0.0
MSFT,2026-04-13,10,Chronos-LoRA-V3,423.1053771972656,322.10551733235025,385.38231626388875,456.52754101315224,0.0,0.0
MSFT,2026-04-13,20,Chronos-LoRA-V1,410.9944458007813,265.48808254827816,386.79433521763127,550.1019245678506,0.0,0.0
MSFT,2026-04-13,20,Chronos-LoRA-V2,410.9944458007813,274.0352385280293,388.1076022980868,538.0227033827849,0.0,0.0
MSFT,2026-04-13,20,Chronos-LoRA-V3,410.9944458007813,270.5462701372004,387.2610275963794,544.5629975403481,0.0,0.0
MSFT,2026-08-06,1,Chronos-LoRA-V1,499.0505065917969,485.45220358476064,499.28188882625443,513.6712989696156,0.0,0.0
MSFT,2026-08-06,1,Chronos-LoRA-V2,499.0505065917969,486.73873066204294,499.47135962952615,512.2428076467634,0.0,0.0
MSFT,2026-08-06,1,Chronos-LoRA-V3,499.0505065917969,486.75186959866886,499.4660128899108,512.5188669373902,0.0,0.0
MSFT,2026-08-06,5,Chronos-LoRA-V1,495.9463806152344,434.3591075805438,500.21110245133355,577.0419776163818,0.0,0.0
MSFT,2026-08-06,5,Chronos-LoRA-V2,495.9463806152344,440.51106019504465,501.4552737446995,569.5272992345083,0.0,0.0
MSFT,2026-08-06,5,Chronos-LoRA-V3,495.9463806152344,439.797330797707,500.7706840221161,569.7571207768116,0.0,0.0
MSFT,2026-08-06,10,Chronos-LoRA-V1,481.1499938964844,378.7982355340767,501.49120262009086,664.4369315613274,0.0,0.0
MSFT,2026-08-06,10,Chronos-LoRA-V2,481.1499938964844,389.69806069124456,503.8804859953681,647.0667662885014,0.0,0.0
MSFT,2026-08-06,10,Chronos-LoRA-V3,481.1499938964844,387.34218696403764,502.37191188369894,648.763306121762,0.0,0.0
MSFT,2026-08-06,20,Chronos-LoRA-V1,510.1199951171875,293.91335971985507,503.5268071270597,865.3837713702055,0.0,0.0
MSFT,2026-08-06,20,Chronos-LoRA-V2,510.1199951171875,305.07750431603887,507.58868395222026,834.5144046265978,0.0,0.0
MSFT,2026-08-06,20,Chronos-LoRA-V3,510.1199951171875,304.8929013020485,504.7129891918733,831.1470900523049,0.0,0.0
NVDA,2011-03-11,1,Chronos-LoRA-V1,0.4166515171527862,0.39552183107122574,0.4121209254791361,0.4291615415174095,0.0,0.0
NVDA,2011-03-11,1,Chronos-LoRA-V2,0.4166515171527862,0.3961830014686697,0.4132332410856248,0.4306720719232328,0.0,0.0
NVDA,2011-03-11,1,Chronos-LoRA-V3,0.4166515171527862,0.39673512176499187,0.4129639994674579,0.4296774502660172,0.0,0.0
NVDA,2011-03-11,5,Chronos-LoRA-V1,0.4033735692501068,0.330227846027617,0.4089966178536203,0.505791355514909,0.0,0.0
NVDA,2011-03-11,5,Chronos-LoRA-V2,0.4033735692501068,0.3342726486533643,0.4141739352463177,0.5117431083366163,0.0,0.0
NVDA,2011-03-11,5,Chronos-LoRA-V3,0.4033735692501068,0.3355577430777573,0.41224915986044464,0.5058117054962792,0.0,0.0
NVDA,2011-03-11,10,Chronos-LoRA-V1,0.4264954626560211,0.2641083425844607,0.4058223489925251,0.6201188313550148,0.0,0.0
NVDA,2011-03-11,10,Chronos-LoRA-V2,0.4264954626560211,0.2711453865802475,0.41555786373100945,0.6318097736624455,0.0,0.0
NVDA,2011-03-11,10,Chronos-LoRA-V3,0.4264954626560211,0.2722368886257156,0.4116230322967491,0.6191177677598725,0.0,0.0
NVDA,2011-03-11,20,Chronos-LoRA-V1,0.4017709791660309,0.1704263801348718,0.40273229278639583,0.9382500663123745,0.0,0.0
NVDA,2011-03-11,20,Chronos-LoRA-V2,0.4017709791660309,0.17917463518827237,0.4184470089981174,0.9619394585519069,0.0,0.0
NVDA,2011-03-11,20,Chronos-LoRA-V3,0.4017709791660309,0.1800162281799675,0.41125430153328063,0.92738622521975,0.0,0.0
NVDA,2011-07-05,1,Chronos-LoRA-V1,0.3587324023246765,0.3516497856860819,0.36348672596804044,0.375408715094697,0.0,0.0
NVDA,2011-07-05,1,Chronos-LoRA-V2,0.3587324023246765,0.3528491674516452,0.36369600814357733,0.37454454273440263,0.0,0.0
NVDA,2011-07-05,1,Chronos-LoRA-V3,0.3587324023246765,0.35247009335143425,0.36372329195238273,0.3751198598863363,0.0,0.0
NVDA,2011-07-05,5,Chronos-LoRA-V1,0.3362972736358642,0.30910392483441756,0.3630908254545058,0.42441458738638654,0.0,0.0
NVDA,2011-07-05,5,Chronos-LoRA-V2,0.3362972736358642,0.3135485788456885,0.36443686847222917,0.42180416648260827,0.0,0.0
NVDA,2011-07-05,5,Chronos-LoRA-V3,0.3362972736358642,0.31182509092235544,0.36396378024741105,0.4233822694214235,0.0,0.0
NVDA,2011-07-05,10,Chronos-LoRA-V1,0.3255376517772674,0.2652220422292874,0.36291056812393013,0.49169655657075867,0.0,0.0
NVDA,2011-07-05,10,Chronos-LoRA-V2,0.3255376517772674,0.2711437203495523,0.36513040223009413,0.48761525721981774,0.0,0.0
NVDA,2011-07-05,10,Chronos-LoRA-V3,0.3255376517772674,0.2682633408170129,0.3641139293201869,0.4907244691564765,0.0,0.0
NVDA,2011-07-05,20,Chronos-LoRA-V1,0.3301161825656891,0.19757983238964666,0.36315119230881,0.660586811651364,0.0,0.0
NVDA,2011-07-05,20,Chronos-LoRA-V2,0.3301161825656891,0.2035004054569994,0.36628621589571103,0.6505789162831082,0.0,0.0
NVDA,2011-07-05,20,Chronos-LoRA-V3,0.3301161825656891,0.20164578219804657,0.3649234672730822,0.6566932141533409,0.0,0.0
NVDA,2011-10-25,1,Chronos-LoRA-V1,0.3346947729587555,0.31713199409208354,0.3306966003576402,0.34454576112079566,0.0,0.0
NVDA,2011-10-25,1,Chronos-LoRA-V2,0.3346947729587555,0.3174597869278663,0.33090372123265177,0.3443942643839413,0.0,0.0
NVDA,2011-10-25,1,Chronos-LoRA-V3,0.3346947729587555,0.3175685034151022,0.3308500829821933,0.34443717337608126,0.0,0.0
NVDA,2011-10-25,5,Chronos-LoRA-V1,0.3218745589256286,0.2687298020801068,0.3301648926257703,0.40362234292978494,0.0,0.0
NVDA,2011-10-25,5,Chronos-LoRA-V2,0.3218745589256286,0.26977294583920697,0.33138561609921396,0.40420114834952736,0.0,0.0
NVDA,2011-10-25,5,Chronos-LoRA-V3,0.3218745589256286,0.26983896116818684,0.3305820307022148,0.403289214255792,0.0,0.0
NVDA,2011-10-25,10,Chronos-LoRA-V1,0.3452255129814148,0.2186534963441318,0.3294917754905193,0.49257253399926915,0.0,0.0
NVDA,2011-10-25,10,Chronos-LoRA-V2,0.3452255129814148,0.22065872692518632,0.3320328105587474,0.4930785864690551,0.0,0.0
NVDA,2011-10-25,10,Chronos-LoRA-V3,0.3452255129814148,0.22012239172448395,0.3303547635556778,0.4913896778978107,0.0,0.0
NVDA,2011-10-25,20,Chronos-LoRA-V1,0.3452255129814148,0.14856926779497912,0.3272973860354818,0.7102240049524795,0.0,0.0
NVDA,2011-10-25,20,Chronos-LoRA-V2,0.3452255129814148,0.14998240796621448,0.3317462179737098,0.7173578487780665,0.0,0.0
NVDA,2011-10-25,20,Chronos-LoRA-V3,0.3452255129814148,0.15021723054658181,0.3288747919799775,0.7105472035823261,0.0,0.0
NVDA,2012-02-17,1,Chronos-LoRA-V1,0.3646845519542694,0.3521110358904466,0.3632590393311361,0.37513884981985757,0.0,0.0
NVDA,2012-02-17,1,Chronos-LoRA-V2,0.3646845519542694,0.3524102912533524,0.36328122227974685,0.37431075560689747,0.0,0.0
NVDA,2012-02-17,1,Chronos-LoRA-V3,0.3646845519542694,0.35199547170717727,0.3633690088516103,0.3754083092993761,0.0,0.0
NVDA,2012-02-17,5,Chronos-LoRA-V1,0.3541538119316101,0.31080558739347564,0.36497559762058407,0.43155548317414905,0.0,0.0
NVDA,2012-02-17,5,Chronos-LoRA-V2,0.3541538119316101,0.31304922946316627,0.36477239396987915,0.4250330386477446,0.0,0.0
NVDA,2012-02-17,5,Chronos-LoRA-V3,0.3541538119316101,0.31004041982318825,0.36485099055033765,0.43173657046033487,0.0,0.0
NVDA,2012-02-17,10,Chronos-LoRA-V1,0.3401890397071838,0.26197478324150963,0.36771888411407555,0.5227765161484155,0.0,0.0
NVDA,2012-02-17,10,Chronos-LoRA-V2,0.3401890397071838,0.2697469106436063,0.3667083216374766,0.49815855332880554,0.0,0.0
NVDA,2012-02-17,10,Chronos-LoRA-V3,0.3401890397071838,0.2616971801464482,0.36684931778223806,0.5186566229587126,0.0,0.0
NVDA,2012-02-17,20,Chronos-LoRA-V1,0.3351526856422424,0.1685583890068401,0.369669728012566,0.8252409657857204,0.0,0.0
NVDA,2012-02-17,20,Chronos-LoRA-V2,0.3351526856422424,0.19044158197047698,0.36948138640408507,0.7129667828244839,0.0,0.0
NVDA,2012-02-17,20,Chronos-LoRA-V3,0.3351526856422424,0.17390817737568848,0.3689510157198472,0.7903751555022873,0.0,0.0
NVDA,2012-06-12,1,Chronos-LoRA-V1,0.278836041688919,0.27651680884332,0.28638071049309816,0.2968583418202439,0.0,0.0
NVDA,2012-06-12,1,Chronos-LoRA-V2,0.278836041688919,0.27722642620883586,0.28648025386721715,0.2959127260364402,0.0,0.0
NVDA,2012-06-12,1,Chronos-LoRA-V3,0.278836041688919,0.27715073295048076,0.2865013600374614,0.29636757310017364,0.0,0.0
NVDA,2012-06-12,5,Chronos-LoRA-V1,0.3031026124954223,0.23835224366574606,0.2858924106609398,0.3447254339538604,0.0,0.0
NVDA,2012-06-12,5,Chronos-LoRA-V2,0.3031026124954223,0.24252700228372767,0.28654856017211533,0.33847184006631775,0.0,0.0
NVDA,2012-06-12,5,Chronos-LoRA-V3,0.3031026124954223,0.24168497880485862,0.28615183346788164,0.34035487029902867,0.0,0.0
NVDA,2012-06-12,10,Chronos-LoRA-V1,0.2914271056652069,0.1971899721653806,0.28504185349968136,0.415825879937239,0.0,0.0
NVDA,2012-06-12,10,Chronos-LoRA-V2,0.2914271056652069,0.20534207170355978,0.2865977074383362,0.39985113937784833,0.0,0.0
NVDA,2012-06-12,10,Chronos-LoRA-V3,0.2914271056652069,0.20301673670560944,0.2856305310516266,0.404808516316353,0.0,0.0
NVDA,2012-06-12,20,Chronos-LoRA-V1,0.2886799275875091,0.13552251884738026,0.28273000210515437,0.5985891732557937,0.0,0.0
NVDA,2012-06-12,20,Chronos-LoRA-V2,0.2886799275875091,0.14688382036781547,0.28561267747064106,0.554642137015148,0.0,0.0
NVDA,2012-06-12,20,Chronos-LoRA-V3,0.2886799275875091,0.1432648832251561,0.28391884846470905,0.5684647744824831,0.0,0.0
NVDA,2012-10-03,1,Chronos-LoRA-V1,0.3118018507957458,0.29268130783943,0.29830885973005045,0.3039913059317576,0.0,1.0
NVDA,2012-10-03,1,Chronos-LoRA-V2,0.3118018507957458,0.29244535846155645,0.2985169575939197,0.3045531290406592,0.0,1.0
NVDA,2012-10-03,1,Chronos-LoRA-V3,0.3118018507957458,0.29292834344472723,0.29847397578727686,0.30412224488878364,0.0,1.0
NVDA,2012-10-03,5,Chronos-LoRA-V1,0.2900535762310028,0.2702187410408044,0.29726134347269156,0.3269440666941477,0.0,0.0
NVDA,2012-10-03,5,Chronos-LoRA-V2,0.2900535762310028,0.2691880968977962,0.2982497844009268,0.33004069119216894,0.0,0.0
NVDA,2012-10-03,5,Chronos-LoRA-V3,0.2900535762310028,0.2712260976663091,0.29781378908753636,0.32742090744464625,0.0,0.0
NVDA,2012-10-03,10,Chronos-LoRA-V1,0.2989817559719085,0.24450870574650635,0.2961298738816062,0.3584241091626393,0.0,0.0
NVDA,2012-10-03,10,Chronos-LoRA-V2,0.2989817559719085,0.24289747319467786,0.2979631191719971,0.3646989634618303,0.0,0.0
NVDA,2012-10-03,10,Chronos-LoRA-V3,0.2989817559719085,0.2461463095194743,0.29702703683055315,0.3592453949844293,0.0,0.0
NVDA,2012-10-03,20,Chronos-LoRA-V1,0.2859327793121338,0.1989017624866831,0.2932880375908108,0.43127684232597235,0.0,0.0
NVDA,2012-10-03,20,Chronos-LoRA-V2,0.2859327793121338,0.19622880072970955,0.29689912822389564,0.4461522827908103,0.0,0.0
NVDA,2012-10-03,20,Chronos-LoRA-V3,0.2859327793121338,0.20215902775756103,0.2950158593963661,0.43163883326466906,0.0,0.0
NVDA,2013-01-30,1,Chronos-LoRA-V1,0.2824781835079193,0.27727933962085477,0.2834202638066769,0.28984999134141726,0.0,0.0
NVDA,2013-01-30,1,Chronos-LoRA-V2,0.2824781835079193,0.27749600822278525,0.28352651849360166,0.28964288994623855,0.0,0.0
NVDA,2013-01-30,1,Chronos-LoRA-V3,0.2824781835079193,0.27745790669630177,0.2835677942953486,0.28993015846987363,0.0,0.0
NVDA,2013-01-30,5,Chronos-LoRA-V1,0.2843214273452759,0.252099090681679,0.2816530644016747,0.3157618302399074,0.0,0.0
NVDA,2013-01-30,5,Chronos-LoRA-V2,0.2843214273452759,0.25319740082776365,0.28222247649811744,0.31457793095252373,0.0,0.0
NVDA,2013-01-30,5,Chronos-LoRA-V3,0.2843214273452759,0.25292749882795873,0.28211676398323254,0.3156994240443549,0.0,0.0
NVDA,2013-01-30,10,Chronos-LoRA-V1,0.2850126326084137,0.22376345861617813,0.2794248992849563,0.3509747682637268,0.0,0.0
NVDA,2013-01-30,10,Chronos-LoRA-V2,0.2850126326084137,0.22568389074222303,0.28045283913845126,0.34839949458447494,0.0,0.0
NVDA,2013-01-30,10,Chronos-LoRA-V3,0.2850126326084137,0.22519665153581653,0.28017137233764805,0.3505118169781371,0.0,0.0
NVDA,2013-01-30,20,Chronos-LoRA-V1,0.2934839725494385,0.17608773237868203,0.2746752453970914,0.4330908870200017,0.0,0.0
NVDA,2013-01-30,20,Chronos-LoRA-V2,0.2934839725494385,0.17924127837566156,0.2766074174528404,0.4261830783650581,0.0,0.0
NVDA,2013-01-30,20,Chronos-LoRA-V3,0.2934839725494385,0.17876313116477152,0.27588943713173447,0.43017469362457506,0.0,0.0
NVDA,2013-05-23,1,Chronos-LoRA-V1,0.3387783169746399,0.3338645050959374,0.34071293796770075,0.3478349332314697,0.0,0.0
NVDA,2013-05-23,1,Chronos-LoRA-V2,0.3387783169746399,0.33354704602857665,0.3408328446313835,0.3480617444473041,0.0,0.0
NVDA,2013-05-23,1,Chronos-LoRA-V3,0.3387783169746399,0.3340500047909481,0.34090581587592517,0.3479741946142839,0.0,0.0
NVDA,2013-05-23,5,Chronos-LoRA-V1,0.3371471464633941,0.307587136975641,0.3405567078709979,0.3775366404672755,0.0,0.0
NVDA,2013-05-23,5,Chronos-LoRA-V2,0.3371471464633941,0.3060152890402902,0.34098871089777394,0.37861627445970863,0.0,0.0
NVDA,2013-05-23,5,Chronos-LoRA-V3,0.3371471464633941,0.30817758266821765,0.3410185622916254,0.37766946491159736,0.0,0.0
NVDA,2013-05-23,10,Chronos-LoRA-V1,0.3366813361644745,0.27739410348493354,0.3404326102598507,0.4182516649473957,0.0,0.0
NVDA,2013-05-23,10,Chronos-LoRA-V2,0.3366813361644745,0.2746035185955122,0.34115459353690614,0.4202556475662405,0.0,0.0
NVDA,2013-05-23,10,Chronos-LoRA-V3,0.3366813361644745,0.2781406853911501,0.34103260497058796,0.41829110565859945,0.0,0.0
NVDA,2013-05-23,20,Chronos-LoRA-V1,0.3359822928905487,0.2247814637618724,0.3399584473465602,0.5145271192637023,0.0,0.0
NVDA,2013-05-23,20,Chronos-LoRA-V2,0.3359822928905487,0.22027598301956194,0.3405996734055912,0.5178105389987454,0.0,0.0
NVDA,2013-05-23,20,Chronos-LoRA-V3,0.3359822928905487,0.2261854476144001,0.3406896688830686,0.5137346044238863,0.0,0.0
NVDA,2013-09-16,1,Chronos-LoRA-V1,0.3713971376419067,0.36598110998881594,0.3705040556837365,0.375131468227502,0.0,0.0
NVDA,2013-09-16,1,Chronos-LoRA-V2,0.3713971376419067,0.3657825802261488,0.37053129597109474,0.3752074149801527,0.0,0.0
NVDA,2013-09-16,1,Chronos-LoRA-V3,0.3713971376419067,0.36614053337278735,0.3706271734002462,0.375226069203798,0.0,0.0
NVDA,2013-09-16,5,Chronos-LoRA-V1,0.3662452399730682,0.3493799787886169,0.3714735445259909,0.395457401530839,0.0,0.0
NVDA,2013-09-16,5,Chronos-LoRA-V2,0.3662452399730682,0.3483675474399954,0.3716394558421952,0.39607473261448184,0.0,0.0
NVDA,2013-09-16,5,Chronos-LoRA-V3,0.3662452399730682,0.35005376557999934,0.3718075183706102,0.3956511562633871,0.0,0.0
NVDA,2013-09-16,10,Chronos-LoRA-V1,0.3643720149993896,0.3297768954098758,0.37266733735310165,0.42228295994234294,0.0,0.0
NVDA,2013-09-16,10,Chronos-LoRA-V2,0.3643720149993896,0.327932306365726,0.37296087751652834,0.42347337094548576,0.0,0.0
NVDA,2013-09-16,10,Chronos-LoRA-V3,0.3643720149993896,0.3308433303753563,0.37316318672680765,0.4225182078734581,0.0,0.0
NVDA,2013-09-16,20,Chronos-LoRA-V1,0.3627327382564544,0.2935396333982607,0.37493627379671157,0.48124905209778757,0.0,0.0
NVDA,2013-09-16,20,Chronos-LoRA-V2,0.3627327382564544,0.2895381518348787,0.37528025320218994,0.48454664483971904,0.0,0.0
NVDA,2013-09-16,20,Chronos-LoRA-V3,0.3627327382564544,0.2953309884122286,0.37581153594655775,0.48154473851263463,0.0,0.0
NVDA,2014-01-08,1,Chronos-LoRA-V1,0.3708187043666839,0.37961748502608667,0.38535806304864817,0.39126324488515707,1.0,0.0
NVDA,2014-01-08,1,Chronos-LoRA-V2,0.3708187043666839,0.3795926025435523,0.38540755092963974,0.3911965434606875,1.0,0.0
NVDA,2014-01-08,1,Chronos-LoRA-V3,0.3708187043666839,0.37986124223441176,0.38546959496442074,0.3912097972882021,1.0,0.0
NVDA,2014-01-08,5,Chronos-LoRA-V1,0.3769401311874389,0.35821900234352216,0.38578137195587725,0.41618725144154295,0.0,0.0
NVDA,2014-01-08,5,Chronos-LoRA-V2,0.3769401311874389,0.35807496195389643,0.38618516246927936,0.41621918508252637,0.0,0.0
NVDA,2014-01-08,5,Chronos-LoRA-V3,0.3769401311874389,0.3591831575197258,0.38609843418154316,0.4156651750151354,0.0,0.0
NVDA,2014-01-08,10,Chronos-LoRA-V1,0.3759984374046325,0.3333427910109474,0.3863777045853564,0.44922757578084105,0.0,0.0
NVDA,2014-01-08,10,Chronos-LoRA-V2,0.3759984374046325,0.33326185543390435,0.3871326452096673,0.44907535295662776,0.0,0.0
NVDA,2014-01-08,10,Chronos-LoRA-V3,0.3759984374046325,0.33486868819434656,0.3868553978903036,0.44806847252865056,0.0,0.0
NVDA,2014-01-08,20,Chronos-LoRA-V1,0.3682287037372589,0.28898298133858014,0.38723008007336307,0.5217033757324934,0.0,0.0
NVDA,2014-01-08,20,Chronos-LoRA-V2,0.3682287037372589,0.28871089851639925,0.3886471661227827,0.5218009794829992,0.0,0.0
NVDA,2014-01-08,20,Chronos-LoRA-V3,0.3682287037372589,0.29193336151525034,0.388113526100994,0.5183470100208691,0.0,0.0
NVDA,2014-05-02,1,Chronos-LoRA-V1,0.440606027841568,0.42760310511172933,0.43607071568757094,0.44479451336738685,0.0,0.0
NVDA,2014-05-02,1,Chronos-LoRA-V2,0.440606027841568,0.42854615424053727,0.43623213850015713,0.4438985560847258,0.0,0.0
NVDA,2014-05-02,1,Chronos-LoRA-V3,0.440606027841568,0.4282051028236338,0.436233695391236,0.44445125320903744,0.0,0.0
NVDA,2014-05-02,5,Chronos-LoRA-V1,0.4268887341022491,0.39541707544255633,0.4367761102512545,0.48296604845632163,0.0,0.0
NVDA,2014-05-02,5,Chronos-LoRA-V2,0.4268887341022491,0.3999222367450154,0.43761072133198986,0.4782622291431325,0.0,0.0
NVDA,2014-05-02,5,Chronos-LoRA-V3,0.4268887341022491,0.3981252498456013,0.4372706584783262,0.48047857759205453,0.0,0.0
NVDA,2014-05-02,10,Chronos-LoRA-V1,0.4247604310512543,0.358182875940045,0.43794378743727713,0.5361428501714034,0.0,0.0
NVDA,2014-05-02,10,Chronos-LoRA-V2,0.4247604310512543,0.3669393816792849,0.43945697404799944,0.524853646055845,0.0,0.0
NVDA,2014-05-02,10,Chronos-LoRA-V3,0.4247604310512543,0.36297588969135824,0.43869854448982004,0.5301590246017914,0.0,0.0
NVDA,2014-05-02,20,Chronos-LoRA-V1,0.4500007331371307,0.29238086753347825,0.43969043152031667,0.6619920476056921,0.0,0.0
NVDA,2014-05-02,20,Chronos-LoRA-V2,0.4500007331371307,0.30770555380306636,0.4425848883830156,0.6324700849326131,0.0,0.0
NVDA,2014-05-02,20,Chronos-LoRA-V3,0.4500007331371307,0.30143385697745395,0.4410886452730865,0.644916224023238,0.0,0.0
NVDA,2014-08-25,1,Chronos-LoRA-V1,0.4641622602939605,0.44944259984310253,0.4561808868167171,0.4630788298687477,0.0,1.0
NVDA,2014-08-25,1,Chronos-LoRA-V2,0.4641622602939605,0.4495603033478817,0.456361732241178,0.4631122916081166,0.0,1.0
NVDA,2014-08-25,1,Chronos-LoRA-V3,0.4641622602939605,0.4497447910656949,0.4563232153150081,0.4630696459423369,0.0,1.0
NVDA,2014-08-25,5,Chronos-LoRA-V1,0.4653553664684295,0.42296056823441935,0.45662372967596515,0.4936074375177665,0.0,0.0
NVDA,2014-08-25,5,Chronos-LoRA-V2,0.4653553664684295,0.4240546411472799,0.45758952879822007,0.4933843972697938,0.0,0.0
NVDA,2014-08-25,5,Chronos-LoRA-V3,0.4653553664684295,0.42422263411032735,0.4570897214063001,0.49319227544987354,0.0,0.0
NVDA,2014-08-25,10,Chronos-LoRA-V1,0.4663101136684418,0.39073935226425727,0.45743888574701824,0.5363465188260251,0.0,0.0
NVDA,2014-08-25,10,Chronos-LoRA-V2,0.4663101136684418,0.3939183397020235,0.4592174224391787,0.5341367604655637,0.0,0.0
NVDA,2014-08-25,10,Chronos-LoRA-V3,0.4663101136684418,0.3928320297079878,0.4582081888890195,0.5353096889886066,0.0,0.0
NVDA,2014-08-25,20,Chronos-LoRA-V1,0.4488891065120697,0.3325554584954704,0.458525486370969,0.6331622652051382,0.0,0.0
NVDA,2014-08-25,20,Chronos-LoRA-V2,0.4488891065120697,0.3397101043326341,0.4617426420068106,0.6248172179820484,0.0,0.0
NVDA,2014-08-25,20,Chronos-LoRA-V3,0.4488891065120697,0.33662342876327717,0.4598183335902237,0.6295677517517314,0.0,0.0
NVDA,2014-12-16,1,Chronos-LoRA-V1,0.4826626479625702,0.4560748893227146,0.46404551126252647,0.47204646264379435,0.0,1.0
NVDA,2014-12-16,1,Chronos-LoRA-V2,0.4826626479625702,0.45633983192507416,0.4642365459754794,0.47201880560705994,0.0,1.0
NVDA,2014-12-16,1,Chronos-LoRA-V3,0.4826626479625702,0.456371072164007,0.46421750630752034,0.47211192948035274,0.0,1.0
NVDA,2014-12-16,5,Chronos-LoRA-V1,0.4948850870132446,0.4266701743153682,0.46525512865986113,0.5068415430795896,0.0,0.0
NVDA,2014-12-16,5,Chronos-LoRA-V2,0.4948850870132446,0.42801333917450085,0.46618411855748176,0.5066202985490689,0.0,0.0
NVDA,2014-12-16,5,Chronos-LoRA-V3,0.4948850870132446,0.42804396373654213,0.4658459123538438,0.5066150292134208,0.0,0.0
NVDA,2014-12-16,10,Chronos-LoRA-V1,0.4805059134960174,0.39306851825113304,0.4670109074012405,0.5534569158699861,0.0,0.0
NVDA,2014-12-16,10,Chronos-LoRA-V2,0.4805059134960174,0.3957786920675635,0.4687440446335416,0.5525817281776694,0.0,0.0
NVDA,2014-12-16,10,Chronos-LoRA-V3,0.4805059134960174,0.395228013221361,0.46802136325762633,0.5529046407504495,0.0,0.0
NVDA,2014-12-16,20,Chronos-LoRA-V1,0.4697214365005493,0.33177982366371356,0.46998430037090116,0.6634714156478646,0.0,0.0
NVDA,2014-12-16,20,Chronos-LoRA-V2,0.4697214365005493,0.3380916679752016,0.47328296753097393,0.6569158942756007,0.0,0.0
NVDA,2014-12-16,20,Chronos-LoRA-V3,0.4697214365005493,0.3354154220638715,0.4716650315690402,0.6615377711952622,0.0,0.0
NVDA,2015-04-13,1,Chronos-LoRA-V1,0.5379291772842407,0.5318695068948797,0.5430754200600193,0.5541108787639297,0.0,0.0
NVDA,2015-04-13,1,Chronos-LoRA-V2,0.5379291772842407,0.5328235343965694,0.5433173658717684,0.553518351726746,0.0,0.0
NVDA,2015-04-13,1,Chronos-LoRA-V3,0.5379291772842407,0.5325018964435424,0.5432953524357977,0.5539579336613273,0.0,0.0
NVDA,2015-04-13,5,Chronos-LoRA-V1,0.531433641910553,0.49082883024169055,0.5452974704296378,0.6035397208182272,0.0,0.0
NVDA,2015-04-13,5,Chronos-LoRA-V2,0.531433641910553,0.4956044617672532,0.5464880007932799,0.6000910303412043,0.0,0.0
NVDA,2015-04-13,5,Chronos-LoRA-V3,0.531433641910553,0.4935829196005735,0.5460217443818366,0.6020749449876437,0.0,0.0
NVDA,2015-04-13,10,Chronos-LoRA-V1,0.5340797901153564,0.44345450266529157,0.5480317346461221,0.6720107793999026,0.0,0.0
NVDA,2015-04-13,10,Chronos-LoRA-V2,0.5340797901153564,0.45295194202545036,0.5503471530238807,0.6632283715901793,0.0,0.0
NVDA,2015-04-13,10,Chronos-LoRA-V3,0.5340797901153564,0.4479614845274307,0.5492860818985552,0.668581043086169,0.0,0.0
NVDA,2015-04-13,20,Chronos-LoRA-V1,0.4963095486164093,0.36238874834932977,0.5534998505924931,0.8331809586181419,0.0,0.0
NVDA,2015-04-13,20,Chronos-LoRA-V2,0.4963095486164093,0.3777471769604349,0.557597660165765,0.8097162192583839,0.0,0.0
NVDA,2015-04-13,20,Chronos-LoRA-V3,0.4963095486164093,0.36946861210054516,0.5556995884984584,0.8240046914534079,0.0,0.0
NVDA,2015-08-04,1,Chronos-LoRA-V1,0.4973981976509094,0.48309384789353776,0.49268475153293717,0.5023378364494357,0.0,0.0
NVDA,2015-08-04,1,Chronos-LoRA-V2,0.4973981976509094,0.4838693639818643,0.4928108783801968,0.5016408676017337,0.0,0.0
NVDA,2015-08-04,1,Chronos-LoRA-V3,0.4973981976509094,0.4836332050606794,0.4928426462122287,0.5021424358372426,0.0,0.0
NVDA,2015-08-04,5,Chronos-LoRA-V1,0.5718387961387634,0.44793793575030294,0.4938558131808684,0.5436052909571241,0.0,1.0
NVDA,2015-08-04,5,Chronos-LoRA-V2,0.5718387961387634,0.4515252049324598,0.49468122065351616,0.5405304799529955,0.0,1.0
NVDA,2015-08-04,5,Chronos-LoRA-V3,0.5718387961387634,0.4502327045795672,0.49436166020364175,0.5422457018240538,0.0,1.0
NVDA,2015-08-04,10,Chronos-LoRA-V1,0.5601677894592285,0.4078808457752731,0.495271930011083,0.5990215186412935,0.0,0.0
NVDA,2015-08-04,10,Chronos-LoRA-V2,0.5601677894592285,0.41455117607633485,0.4969184679503833,0.5924874821225766,0.0,0.0
NVDA,2015-08-04,10,Chronos-LoRA-V3,0.5601677894592285,0.4115064739696617,0.4961524877975415,0.5963902898558914,0.0,0.0
NVDA,2015-08-04,20,Chronos-LoRA-V1,0.5232763886451721,0.3359421411054862,0.49807686719151517,0.7320736427885477,0.0,0.0
NVDA,2015-08-04,20,Chronos-LoRA-V2,0.5232763886451721,0.3478176095012497,0.5010624432926434,0.7138701846673553,0.0,0.0
NVDA,2015-08-04,20,Chronos-LoRA-V3,0.5232763886451721,0.341864836873574,0.49951022884032537,0.725114554291267,0.0,0.0
NVDA,2015-11-24,1,Chronos-LoRA-V1,0.758415937423706,0.7424397005018488,0.7600355326601266,0.7775931089766298,0.0,0.0
NVDA,2015-11-24,1,Chronos-LoRA-V2,0.758415937423706,0.7437170531659086,0.760452152412597,0.7770622750232724,0.0,0.0
NVDA,2015-11-24,1,Chronos-LoRA-V3,0.758415937423706,0.743165285821149,0.7603777711353342,0.7776202926482222,0.0,0.0
NVDA,2015-11-24,5,Chronos-LoRA-V1,0.7917929291725159,0.6769958975450517,0.7624274566112099,0.8568427491937471,0.0,0.0
NVDA,2015-11-24,5,Chronos-LoRA-V2,0.7917929291725159,0.6839881391579381,0.7645838504808362,0.8525379739317771,0.0,0.0
NVDA,2015-11-24,5,Chronos-LoRA-V3,0.7917929291725159,0.6804756656619175,0.763511064711342,0.8549583849180853,0.0,0.0
NVDA,2015-11-24,10,Chronos-LoRA-V1,0.7969090938568115,0.6034505334794918,0.7659441103457281,0.9675430915153189,0.0,0.0
NVDA,2015-11-24,10,Chronos-LoRA-V2,0.7969090938568115,0.6168734558977964,0.7700282548011784,0.9552002774055,0.0,0.0
NVDA,2015-11-24,10,Chronos-LoRA-V3,0.7969090938568115,0.609142003395803,0.7677778142284525,0.9626157067847841,0.0,0.0
NVDA,2015-11-24,20,Chronos-LoRA-V1,0.8054361939430237,0.47716028757296436,0.7722733860615593,1.2391946545705366,0.0,0.0
NVDA,2015-11-24,20,Chronos-LoRA-V2,0.8054361939430237,0.49940342085579803,0.7796204652403894,1.2027486211957437,0.0,0.0
NVDA,2015-11-24,20,Chronos-LoRA-V3,0.8054361939430237,0.48582937429318584,0.7754925240670505,1.2255430891825065,0.0,0.0
NVDA,2016-03-21,1,Chronos-LoRA-V1,0.8276876211166382,0.8082218748216208,0.8300305248129045,0.852246133172707,0.0,0.0
NVDA,2016-03-21,1,Chronos-LoRA-V2,0.8276876211166382,0.8101735869975111,0.8303984662052429,0.8506177155886663,0.0,0.0
NVDA,2016-03-21,1,Chronos-LoRA-V3,0.8276876211166382,0.8092300441029553,0.8303107025674044,0.8518529931290323,0.0,0.0
NVDA,2016-03-21,5,Chronos-LoRA-V1,0.8653429746627808,0.7290591645730388,0.8324565809343178,0.9465936852868172,0.0,0.0
NVDA,2016-03-21,5,Chronos-LoRA-V2,0.8653429746627808,0.7383156033931172,0.8348812197423756,0.9409816352914989,0.0,0.0
NVDA,2016-03-21,5,Chronos-LoRA-V3,0.8653429746627808,0.7334512571813202,0.8334430363405532,0.9455892127716626,0.0,0.0
NVDA,2016-03-21,10,Chronos-LoRA-V1,0.8741456270217896,0.639840071280532,0.8354074673358082,1.0817227656879955,0.0,0.0
NVDA,2016-03-21,10,Chronos-LoRA-V2,0.8741456270217896,0.6590835950522835,0.8403936321132597,1.064080435810315,0.0,0.0
NVDA,2016-03-21,10,Chronos-LoRA-V3,0.8741456270217896,0.6484061692879445,0.8373922632663204,1.0761828057463105,0.0,0.0
NVDA,2016-03-21,20,Chronos-LoRA-V1,0.88783860206604,0.4915591867092013,0.842014380646168,1.4149953021277757,0.0,0.0
NVDA,2016-03-21,20,Chronos-LoRA-V2,0.88783860206604,0.5220854460751556,0.8504211682581005,1.3673521472462364,0.0,0.0
NVDA,2016-03-21,20,Chronos-LoRA-V3,0.88783860206604,0.5037023597423247,0.8450239156458083,1.4042391479756007,0.0,0.0
NVDA,2016-07-13,1,Chronos-LoRA-V1,1.3071459531784058,1.2693539873439597,1.2959323836589984,1.322537936249065,0.0,0.0
NVDA,2016-07-13,1,Chronos-LoRA-V2,1.3071459531784058,1.269555306945134,1.2966536740389736,1.3232853392537032,0.0,0.0
NVDA,2016-07-13,1,Chronos-LoRA-V3,1.3071459531784058,1.2687715909475197,1.296381834760183,1.3241660997025735,0.0,0.0
NVDA,2016-07-13,5,Chronos-LoRA-V1,1.3292102813720703,1.16341986929593,1.3036447583675126,1.4552889579569002,0.0,0.0
NVDA,2016-07-13,5,Chronos-LoRA-V2,1.3292102813720703,1.1726014969088365,1.3068307341885304,1.4512284510970004,0.0,0.0
NVDA,2016-07-13,5,Chronos-LoRA-V3,1.3292102813720703,1.1660451426333354,1.3047463239495227,1.4560005679282262,0.0,0.0
NVDA,2016-07-13,10,Chronos-LoRA-V1,1.374317288398743,1.048382258995344,1.3132637188718512,1.6339958702313546,0.0,0.0
NVDA,2016-07-13,10,Chronos-LoRA-V2,1.374317288398743,1.0639427677440243,1.3197097350918794,1.6237172111176736,0.0,0.0
NVDA,2016-07-13,10,Chronos-LoRA-V3,1.374317288398743,1.0508058587018203,1.3153114497990646,1.6360893495228608,0.0,0.0
NVDA,2016-07-13,20,Chronos-LoRA-V1,1.4343795776367188,0.8373439189616677,1.3318732890036027,2.0895004163583915,0.0,0.0
NVDA,2016-07-13,20,Chronos-LoRA-V2,1.4343795776367188,0.8693986374846964,1.3434894566681634,2.047622432183803,0.0,0.0
NVDA,2016-07-13,20,Chronos-LoRA-V3,1.4343795776367188,0.8452008848911221,1.3347869570310524,2.087836176218218,0.0,0.0
NVDA,2016-11-02,1,Chronos-LoRA-V1,1.669117450714111,1.6569869244815807,1.6920713317116645,1.7277333426405497,0.0,0.0
NVDA,2016-11-02,1,Chronos-LoRA-V2,1.669117450714111,1.6585440794126707,1.6930552898723357,1.72740647668561,0.0,0.0
NVDA,2016-11-02,1,Chronos-LoRA-V3,1.669117450714111,1.6581284535514422,1.6928429691791906,1.7283596799732015,0.0,0.0
NVDA,2016-11-02,5,Chronos-LoRA-V1,1.7182387113571167,1.5345376804582322,1.7048602347018016,1.8909800645424344,0.0,0.0
NVDA,2016-11-02,5,Chronos-LoRA-V2,1.7182387113571167,1.5436047282209608,1.7101265635119245,1.8904368041896018,0.0,0.0
NVDA,2016-11-02,5,Chronos-LoRA-V3,1.7182387113571167,1.53984499198403,1.7072888958075003,1.8928405448298928,0.0,0.0
NVDA,2016-11-02,10,Chronos-LoRA-V1,2.250459909439087,1.3900472654755591,1.7220202585860043,2.122732888245612,0.0,1.0
NVDA,2016-11-02,10,Chronos-LoRA-V2,2.250459909439087,1.4118420400280942,1.732022352086221,2.1134818784298313,0.0,1.0
NVDA,2016-11-02,10,Chronos-LoRA-V3,2.250459909439087,1.4006474179158361,1.7262886675169056,2.124968618219469,0.0,1.0
NVDA,2016-11-02,20,Chronos-LoRA-V1,2.155686616897583,1.138521236056606,1.7543033968658057,2.6835711031873077,0.0,0.0
NVDA,2016-11-02,20,Chronos-LoRA-V2,2.155686616897583,1.17981388357165,1.7734273849462354,2.639217032020469,0.0,0.0
NVDA,2016-11-02,20,Chronos-LoRA-V3,2.155686616897583,1.1574859535740605,1.7628029095244084,2.6814788502888756,0.0,0.0
NVDA,2017-02-28,1,Chronos-LoRA-V1,2.531523942947388,2.4275280272912654,2.5049663925698367,2.582117909755087,0.0,0.0
NVDA,2017-02-28,1,Chronos-LoRA-V2,2.531523942947388,2.432724540554119,2.5069257660787287,2.5807991260466,0.0,0.0
NVDA,2017-02-28,1,Chronos-LoRA-V3,2.531523942947388,2.4338631063620033,2.506425999388228,2.5803193342479847,0.0,0.0
NVDA,2017-02-28,5,Chronos-LoRA-V1,2.431779623031616,2.171831779540349,2.528394023140174,2.9292923925125742,0.0,0.0
NVDA,2017-02-28,5,Chronos-LoRA-V2,2.431779623031616,2.189318726699717,2.538820000418074,2.9303134533081714,0.0,0.0
NVDA,2017-02-28,5,Chronos-LoRA-V3,2.431779623031616,2.1948352993395686,2.5329421697151764,2.9163087924352746,0.0,0.0
NVDA,2017-02-28,10,Chronos-LoRA-V1,2.5066490173339844,1.890735780612926,2.558845522104984,3.4257109678750104,0.0,0.0
NVDA,2017-02-28,10,Chronos-LoRA-V2,2.5066490173339844,1.921894936798816,2.5793645728318655,3.425915468546458,0.0,0.0
NVDA,2017-02-28,10,Chronos-LoRA-V3,2.5066490173339844,1.9278246676517496,2.566810059857202,3.397904848778088,0.0,0.0
NVDA,2017-02-28,20,Chronos-LoRA-V1,2.6522018909454346,1.4423065979519927,2.6164600075464017,4.667141057741281,0.0,0.0
NVDA,2017-02-28,20,Chronos-LoRA-V2,2.6522018909454346,1.4912936920891462,2.6561881951499706,4.637331957500055,0.0,0.0
NVDA,2017-02-28,20,Chronos-LoRA-V3,2.6522018909454346,1.4919396923979245,2.6317933679601264,4.604629786289382,0.0,0.0
NVDA,2017-06-21,1,Chronos-LoRA-V1,3.904461145401001,3.8444782647667104,3.9439580067433573,4.043919560663429,0.0,0.0
NVDA,2017-06-21,1,Chronos-LoRA-V2,3.904461145401001,3.8471613725473905,3.946645616301391,4.044886337581307,0.0,0.0
NVDA,2017-06-21,1,Chronos-LoRA-V3,3.904461145401001,3.8501748227083894,3.946257106110697,4.0444573335364975,0.0,0.0
NVDA,2017-06-21,5,Chronos-LoRA-V1,3.741252183914185,3.523321358964377,3.991019626148701,4.5108687989634095,0.0,0.0
NVDA,2017-06-21,5,Chronos-LoRA-V2,3.741252183914185,3.530671571077912,4.006136056776468,4.525792051277653,0.0,0.0
NVDA,2017-06-21,5,Chronos-LoRA-V3,3.741252183914185,3.5425819356660515,3.9981441524919084,4.51051713237009,0.0,0.0
NVDA,2017-06-21,10,Chronos-LoRA-V1,3.5373623371124268,3.1486654484586416,4.049689994849727,5.185774292700823,0.0,0.0
NVDA,2017-06-21,10,Chronos-LoRA-V2,3.5373623371124268,3.170826234246114,4.081214793130346,5.2045550601451875,0.0,0.0
NVDA,2017-06-21,10,Chronos-LoRA-V3,3.5373623371124268,3.1804542913607596,4.0627217023603714,5.18378764819075,0.0,0.0
NVDA,2017-06-21,20,Chronos-LoRA-V1,4.129552841186523,2.5202863192290046,4.174743145738312,6.903477522163358,0.0,0.0
NVDA,2017-06-21,20,Chronos-LoRA-V2,4.129552841186523,2.553545825398432,4.229606188770709,6.890064410659514,0.0,0.0
NVDA,2017-06-21,20,Chronos-LoRA-V3,4.129552841186523,2.5636109444471025,4.19217758618343,6.879052626078997,0.0,0.0
NVDA,2017-10-12,1,Chronos-LoRA-V1,4.801655292510986,4.616560597666972,4.731441094959368,4.844993564770601,0.0,0.0
NVDA,2017-10-12,1,Chronos-LoRA-V2,4.801655292510986,4.6255096725061255,4.73410270926951,4.8420320144773195,0.0,0.0
NVDA,2017-10-12,1,Chronos-LoRA-V3,4.801655292510986,4.6236383026142995,4.733624136832839,4.846115169657486,0.0,0.0
NVDA,2017-10-12,5,Chronos-LoRA-V1,4.880865097045898,4.249061978618257,4.798990193595071,5.399135935949055,0.0,0.0
NVDA,2017-10-12,5,Chronos-LoRA-V2,4.880865097045898,4.28547531888833,4.813228370763306,5.391963055219696,0.0,0.0
NVDA,2017-10-12,5,Chronos-LoRA-V3,4.880865097045898,4.272553073698748,4.805748303428769,5.405947874015358,0.0,0.0
NVDA,2017-10-12,10,Chronos-LoRA-V1,4.828798770904541,3.822216326536259,4.88533784671979,6.2085221637587775,0.0,0.0
NVDA,2017-10-12,10,Chronos-LoRA-V2,4.828798770904541,3.8941562326610426,4.913407979727672,6.163390573116501,0.0,0.0
NVDA,2017-10-12,10,Chronos-LoRA-V3,4.828798770904541,3.85843671272975,4.897697623102844,6.215192872428184,0.0,0.0
NVDA,2017-10-12,20,Chronos-LoRA-V1,5.06642484664917,3.047416872485723,5.059293411472174,8.329594931410451,0.0,0.0
NVDA,2017-10-12,20,Chronos-LoRA-V2,5.06642484664917,3.1900486287993566,5.108455213022,8.088481902286185,0.0,0.0
NVDA,2017-10-12,20,Chronos-LoRA-V3,5.06642484664917,3.1176439868301773,5.080082627933715,8.290203607992694,0.0,0.0
NVDA,2018-02-06,1,Chronos-LoRA-V1,5.649734020233154,5.413421309020767,5.591231304448457,5.7662373176526085,0.0,0.0
NVDA,2018-02-06,1,Chronos-LoRA-V2,5.649734020233154,5.427074574942739,5.594798586373501,5.760207023057655,0.0,0.0
NVDA,2018-02-06,1,Chronos-LoRA-V3,5.649734020233154,5.426217464109149,5.594264208817675,5.76237370322186,0.0,0.0
NVDA,2018-02-06,5,Chronos-LoRA-V1,5.744311332702637,4.8681455048266855,5.677004468412855,6.577823394956616,0.0,0.0
NVDA,2018-02-06,5,Chronos-LoRA-V2,5.744311332702637,4.922651615648787,5.695595572021942,6.547986319184933,0.0,0.0
NVDA,2018-02-06,5,Chronos-LoRA-V3,5.744311332702637,4.916421271078543,5.685277774045252,6.549292946643175,0.0,0.0
NVDA,2018-02-06,10,Chronos-LoRA-V1,5.963582515716553,4.338913909253681,5.788940601380025,7.639483913448552,0.0,0.0
NVDA,2018-02-06,10,Chronos-LoRA-V2,5.963582515716553,4.390645305331414,5.82327572072461,7.623021467838027,0.0,0.0
NVDA,2018-02-06,10,Chronos-LoRA-V3,5.963582515716553,4.386927886101296,5.8022758585672936,7.6197350548731215,0.0,0.0
NVDA,2018-02-06,20,Chronos-LoRA-V1,5.975440979003906,3.4127591154969323,6.00649779406509,10.380505210614567,0.0,0.0
NVDA,2018-02-06,20,Chronos-LoRA-V2,5.975440979003906,3.479758318039465,6.072624065420221,10.314821404730298,0.0,0.0
NVDA,2018-02-06,20,Chronos-LoRA-V3,5.975440979003906,3.470074891811945,6.0322096025554135,10.355336904171592,0.0,0.0
NVDA,2018-05-31,1,Chronos-LoRA-V1,6.3692731857299805,6.102411972885266,6.25840810758096,6.412991153757473,0.0,0.0
NVDA,2018-05-31,1,Chronos-LoRA-V2,6.3692731857299805,6.1067829830551155,6.260558061808755,6.410961305198815,0.0,0.0
NVDA,2018-05-31,1,Chronos-LoRA-V3,6.3692731857299805,6.104973093209345,6.260870006629451,6.416357002857057,0.0,0.0
NVDA,2018-05-31,5,Chronos-LoRA-V1,6.499814510345459,5.560654022985721,6.34830489192352,7.217624184043824,0.0,0.0
NVDA,2018-05-31,5,Chronos-LoRA-V2,6.499814510345459,5.607372287476443,6.36162083583796,7.187080844271976,0.0,0.0
NVDA,2018-05-31,5,Chronos-LoRA-V3,6.499814510345459,5.585050177787377,6.35448479391701,7.214032445044304,0.0,0.0
NVDA,2018-05-31,10,Chronos-LoRA-V1,6.598957538604736,4.9313506132479965,6.4613225534813665,8.393578690183082,0.0,0.0
NVDA,2018-05-31,10,Chronos-LoRA-V2,6.598957538604736,5.035584360700948,6.488898134747023,8.28577891518371,0.0,0.0
NVDA,2018-05-31,10,Chronos-LoRA-V3,6.598957538604736,4.975463405362092,6.4735318925909295,8.378311542350918,0.0,0.0
NVDA,2018-05-31,20,Chronos-LoRA-V1,5.9549078941345215,3.8197920305634865,6.689366426486537,11.500998516314608,0.0,0.0
NVDA,2018-05-31,20,Chronos-LoRA-V2,5.9549078941345215,4.030317416116521,6.7361909863406515,11.040787749102805,0.0,0.0
NVDA,2018-05-31,20,Chronos-LoRA-V3,5.9549078941345215,3.9129004723235385,6.708115420453572,11.370023217703995,0.0,0.0
NVDA,2018-09-21,1,Chronos-LoRA-V1,6.572633743286133,6.368597310408412,6.535972037388086,6.70392172911533,0.0,0.0
NVDA,2018-09-21,1,Chronos-LoRA-V2,6.572633743286133,6.382402357854045,6.5380797031877105,6.690408694288084,0.0,0.0
NVDA,2018-09-21,1,Chronos-LoRA-V3,6.572633743286133,6.377784816690469,6.538923008824055,6.700112445346491,0.0,0.0
NVDA,2018-09-21,5,Chronos-LoRA-V1,6.951604843139648,5.827556446111897,6.614241524565681,7.478158149449958,0.0,0.0
NVDA,2018-09-21,5,Chronos-LoRA-V2,6.951604843139648,5.877534246045032,6.624272533632611,7.431387171697022,0.0,0.0
NVDA,2018-09-21,5,Chronos-LoRA-V3,6.951604843139648,5.858253869827754,6.6209190908625875,7.463129115817189,0.0,0.0
NVDA,2018-09-21,10,Chronos-LoRA-V1,6.675538539886475,5.253484285712732,6.7220426504581745,8.518243747085757,0.0,0.0
NVDA,2018-09-21,10,Chronos-LoRA-V2,6.675538539886475,5.3195221154231636,6.7374098893875916,8.445797833284661,0.0,0.0
NVDA,2018-09-21,10,Chronos-LoRA-V3,6.675538539886475,5.285547113907723,6.73107394068804,8.513629505961994,0.0,0.0
NVDA,2018-09-21,20,Chronos-LoRA-V1,5.6689887046813965,4.24046567518905,6.930728304291979,11.143732462513123,0.0,0.0
NVDA,2018-09-21,20,Chronos-LoRA-V2,5.6689887046813965,4.346695512785362,6.958322513431912,10.907865867435056,0.0,0.0
NVDA,2018-09-21,20,Chronos-LoRA-V3,5.6689887046813965,4.296376477597214,6.947729151097674,11.086607828656218,0.0,0.0
NVDA,2019-01-17,1,Chronos-LoRA-V1,3.88586950302124,3.606332589372225,3.765205899733783,3.9187412386775127,0.0,0.0
NVDA,2019-01-17,1,Chronos-LoRA-V2,3.88586950302124,3.6461317884797997,3.767344246472897,3.8826255615018703,0.0,1.0
NVDA,2019-01-17,1,Chronos-LoRA-V3,3.88586950302124,3.6268935915227916,3.767126152154931,3.9032460227695616,0.0,0.0
NVDA,2019-01-17,5,Chronos-LoRA-V1,3.965602159500122,3.0645106304262555,3.8008347613132543,4.639860724547857,0.0,0.0
NVDA,2019-01-17,5,Chronos-LoRA-V2,3.965602159500122,3.2323969342037326,3.811674589013833,4.441172231049742,0.0,0.0
NVDA,2019-01-17,5,Chronos-LoRA-V3,3.965602159500122,3.1480529356543583,3.804819832011034,4.54004006336069,0.0,0.0
NVDA,2019-01-17,10,Chronos-LoRA-V1,3.5837748050689697,2.5926098188988886,3.8492745940449202,5.560522079257291,0.0,0.0
NVDA,2019-01-17,10,Chronos-LoRA-V2,3.5837748050689697,2.800148699604988,3.865657797674835,5.216217168283243,0.0,0.0
NVDA,2019-01-17,10,Chronos-LoRA-V3,3.5837748050689697,2.6873805725994435,3.8530920053531195,5.398920835520776,0.0,0.0
NVDA,2019-01-17,20,Chronos-LoRA-V1,3.896021842956543,1.9331021857102988,3.935839537105675,7.711388664032254,0.0,0.0
NVDA,2019-01-17,20,Chronos-LoRA-V2,3.896021842956543,2.1110411378360814,3.9630962505079848,7.154910527115166,0.0,0.0
NVDA,2019-01-17,20,Chronos-LoRA-V3,3.896021842956543,2.0188352726378698,3.942647877078586,7.450918240792849,0.0,0.0
NVDA,2019-05-13,1,Chronos-LoRA-V1,4.016536235809326,3.817325877532484,3.936996157156417,4.05668116750503,0.0,0.0
NVDA,2019-05-13,1,Chronos-LoRA-V2,4.016536235809326,3.8141810261519233,3.9383651547339396,4.058682380337214,0.0,0.0
NVDA,2019-05-13,1,Chronos-LoRA-V3,4.016536235809326,3.8215910539262,3.938620184850819,4.055464204229996,0.0,0.0
NVDA,2019-05-13,5,Chronos-LoRA-V1,3.761475563049317,3.431804096088347,3.975944043552512,4.578384950387012,0.0,0.0
NVDA,2019-05-13,5,Chronos-LoRA-V2,3.761475563049317,3.4058592251807243,3.9827149239817823,4.612230211211643,0.0,0.0
NVDA,2019-05-13,5,Chronos-LoRA-V3,3.761475563049317,3.440898670787363,3.978234479135935,4.575859067484612,0.0,0.0
NVDA,2019-05-13,10,Chronos-LoRA-V1,3.5527663230896,2.9867774413122334,4.025032270553112,5.344496668459751,0.0,0.0
NVDA,2019-05-13,10,Chronos-LoRA-V2,3.5527663230896,2.9630494049316143,4.040780141481645,5.397594534524694,0.0,0.0
NVDA,2019-05-13,10,Chronos-LoRA-V3,3.5527663230896,3.0088061915545614,4.0291499520466525,5.325675464064858,0.0,0.0
NVDA,2019-05-13,20,Chronos-LoRA-V1,3.7409534454345694,2.17962211133178,4.122115333721834,7.505222346214994,0.0,0.0
NVDA,2019-05-13,20,Chronos-LoRA-V2,3.7409534454345694,2.2167175056892234,4.148961754018576,7.423325427865055,0.0,0.0
NVDA,2019-05-13,20,Chronos-LoRA-V3,3.7409534454345694,2.2356831741456813,4.128312940107904,7.374139686963265,0.0,0.0
NVDA,2019-09-04,1,Chronos-LoRA-V1,4.464773178100586,4.074467906062984,4.201268813681566,4.329948419274674,0.0,1.0
NVDA,2019-09-04,1,Chronos-LoRA-V2,4.464773178100586,4.0729451951437206,4.201596491729446,4.328607520306072,0.0,1.0
NVDA,2019-09-04,1,Chronos-LoRA-V3,4.464773178100586,4.07871096996987,4.202476941057557,4.327207972116194,0.0,1.0
NVDA,2019-09-04,5,Chronos-LoRA-V1,4.578790664672852,3.652459644539229,4.2398261503146015,4.908023460598822,0.0,0.0
NVDA,2019-09-04,5,Chronos-LoRA-V2,4.578790664672852,3.635742084943517,4.241078320463045,4.912810887031783,0.0,0.0
NVDA,2019-09-04,5,Chronos-LoRA-V3,4.578790664672852,3.663342280488531,4.239179727306498,4.891189455646188,0.0,0.0
NVDA,2019-09-04,10,Chronos-LoRA-V1,4.470734119415283,3.23622727435045,4.292583083101873,5.659905028246465,0.0,0.0
NVDA,2019-09-04,10,Chronos-LoRA-V2,4.470734119415283,3.17777664849494,4.293568984770634,5.718268021223327,0.0,0.0
NVDA,2019-09-04,10,Chronos-LoRA-V3,4.470734119415283,3.2318613617559344,4.289427173303742,5.653871418336744,0.0,0.0
NVDA,2019-09-04,20,Chronos-LoRA-V1,4.298345565795898,2.4722871177924155,4.379067038543226,7.677083939849117,0.0,0.0
NVDA,2019-09-04,20,Chronos-LoRA-V2,4.298345565795898,2.4250257602730443,4.376622048343985,7.703098429318743,0.0,0.0
NVDA,2019-09-04,20,Chronos-LoRA-V3,4.298345565795898,2.45894724119667,4.371155784822203,7.660928364085416,0.0,0.0
NVDA,2019-12-26,1,Chronos-LoRA-V1,5.888233661651611,5.851714136315175,5.957323816966812,6.059091032400337,0.0,0.0
NVDA,2019-12-26,1,Chronos-LoRA-V2,5.888233661651611,5.84363033019804,5.958103696651138,6.069200595813429,0.0,0.0
NVDA,2019-12-26,1,Chronos-LoRA-V3,5.888233661651611,5.852050553305932,5.9596200602570075,6.065113343681334,0.0,0.0
NVDA,2019-12-26,5,Chronos-LoRA-V1,5.868346691131592,5.431396104208871,5.998493306230246,6.601502864856058,0.0,0.0
NVDA,2019-12-26,5,Chronos-LoRA-V2,5.868346691131592,5.4293429916764655,6.002720582115347,6.615005058243147,0.0,0.0
NVDA,2019-12-26,5,Chronos-LoRA-V3,5.868346691131592,5.440510043566196,6.004135478564192,6.612529855047656,0.0,0.0
NVDA,2019-12-26,10,Chronos-LoRA-V1,6.073429107666016,4.909972913982293,6.051616354983949,7.402301024478851,0.0,0.0
NVDA,2019-12-26,10,Chronos-LoRA-V2,6.073429107666016,4.938100046873062,6.058270148989368,7.38623797273466,0.0,0.0
NVDA,2019-12-26,10,Chronos-LoRA-V3,6.073429107666016,4.928335039704353,6.060706886064558,7.4177635258729735,0.0,0.0
NVDA,2019-12-26,20,Chronos-LoRA-V1,5.971012115478516,3.9602888114701242,6.15471047880628,9.426851990504334,0.0,0.0
NVDA,2019-12-26,20,Chronos-LoRA-V2,5.971012115478516,4.022746837444535,6.161058156889552,9.318292928044206,0.0,0.0
NVDA,2019-12-26,20,Chronos-LoRA-V3,5.971012115478516,3.9855187206688067,6.164973749345417,9.448702541787506,0.0,0.0
NVDA,2020-04-21,1,Chronos-LoRA-V1,7.117516040802002,6.28932349337925,6.70899088714978,7.122565013108106,0.0,0.0
NVDA,2020-04-21,1,Chronos-LoRA-V2,7.117516040802002,6.375987023557728,6.718373855742059,7.056019546464444,0.0,1.0
NVDA,2020-04-21,1,Chronos-LoRA-V3,7.117516040802002,6.3266237757318935,6.714544430078571,7.097909996407882,0.0,1.0
NVDA,2020-04-21,5,Chronos-LoRA-V1,7.247105598449707,4.862764193221414,6.736550931746659,9.10736751198969,0.0,0.0
NVDA,2020-04-21,5,Chronos-LoRA-V2,7.247105598449707,5.21091079345928,6.778132364709902,8.678195852304132,0.0,0.0
NVDA,2020-04-21,5,Chronos-LoRA-V3,7.247105598449707,5.002364612136716,6.750332378293576,8.928858445777124,0.0,0.0
NVDA,2020-04-21,10,Chronos-LoRA-V1,7.306305408477783,3.5661812263546344,6.774770771122501,12.358975958040158,0.0,0.0
NVDA,2020-04-21,10,Chronos-LoRA-V2,7.306305408477783,4.087190691749071,6.850577747987191,11.182731652578479,0.0,0.0
NVDA,2020-04-21,10,Chronos-LoRA-V3,7.306305408477783,3.7571299825289715,6.795450609275845,11.879354223061862,0.0,0.0
NVDA,2020-04-21,20,Chronos-LoRA-V1,8.760899543762207,2.0874030295935686,6.856329318155905,21.166698816851255,0.0,0.0
NVDA,2020-04-21,20,Chronos-LoRA-V2,8.760899543762207,2.599750512808172,6.981690344451614,17.867350240173007,0.0,0.0
NVDA,2020-04-21,20,Chronos-LoRA-V3,8.760899543762207,2.248909616853483,6.888037472722259,20.010475886768987,0.0,0.0
NVDA,2020-08-12,1,Chronos-LoRA-V1,11.390235900878906,11.097765031561671,11.422381854237093,11.75178100721116,0.0,0.0
NVDA,2020-08-12,1,Chronos-LoRA-V2,11.390235900878906,11.099101794424604,11.423739158205146,11.744426567362847,0.0,0.0
NVDA,2020-08-12,1,Chronos-LoRA-V3,11.390235900878906,11.109690281707463,11.428219910757882,11.751854818492637,0.0,0.0
NVDA,2020-08-12,5,Chronos-LoRA-V1,12.08253002166748,10.011493076930618,11.555005706021014,13.315778292795056,0.0,0.0
NVDA,2020-08-12,5,Chronos-LoRA-V2,12.08253002166748,10.03195828482761,11.578071884529379,13.28860874140277,0.0,0.0
NVDA,2020-08-12,5,Chronos-LoRA-V3,12.08253002166748,10.05964351720806,11.569466734047152,13.293989124862797,0.0,0.0
NVDA,2020-08-12,10,Chronos-LoRA-V1,12.714101791381836,8.819104716742112,11.724489917313498,15.504556718555152,0.0,0.0
NVDA,2020-08-12,10,Chronos-LoRA-V2,12.714101791381836,8.85057652194771,11.76980422838619,15.45925082596182,0.0,0.0
NVDA,2020-08-12,10,Chronos-LoRA-V3,12.714101791381836,8.885679581653672,11.745105258663566,15.465519753017324,0.0,0.0
NVDA,2020-08-12,20,Chronos-LoRA-V1,12.25864601135254,6.782063673911708,12.02764628144349,21.122196290618547,0.0,0.0
NVDA,2020-08-12,20,Chronos-LoRA-V2,12.25864601135254,6.869424943687404,12.118049606899802,20.866901898495406,0.0,0.0
NVDA,2020-08-12,20,Chronos-LoRA-V3,12.25864601135254,6.908871754919636,12.074362073287896,20.987367314087486,0.0,0.0
NVDA,2020-12-03,1,Chronos-LoRA-V1,13.50376033782959,13.01008404765996,13.381396531758346,13.76088391463222,0.0,0.0
NVDA,2020-12-03,1,Chronos-LoRA-V2,13.50376033782959,13.027029163946374,13.388841251141288,13.74583653032716,0.0,0.0
NVDA,2020-12-03,1,Chronos-LoRA-V3,13.50376033782959,13.02555885265583,13.389067269009134,13.75914573760795,0.0,0.0
NVDA,2020-12-03,5,Chronos-LoRA-V1,12.920114517211914,11.730307877359483,13.52772204480771,15.605744420253984,0.0,0.0
NVDA,2020-12-03,5,Chronos-LoRA-V2,12.920114517211914,11.813773075914854,13.570388350256875,15.536324065283127,0.0,0.0
NVDA,2020-12-03,5,Chronos-LoRA-V3,12.920114517211914,11.797970956309275,13.551661808474226,15.571287214923476,0.0,0.0
NVDA,2020-12-03,10,Chronos-LoRA-V1,13.287630081176758,10.280593436391147,13.714173549829443,18.28044059709574,0.0,0.0
NVDA,2020-12-03,10,Chronos-LoRA-V2,13.287630081176758,10.449778294113894,13.796540123704403,18.093408875541968,0.0,0.0
NVDA,2020-12-03,10,Chronos-LoRA-V3,13.287630081176758,10.3880694862927,13.754009610620582,18.19542678897267,0.0,0.0
NVDA,2020-12-03,20,Chronos-LoRA-V1,13.060794830322266,7.919030813382817,14.059160979157253,24.94573094832357,0.0,0.0
NVDA,2020-12-03,20,Chronos-LoRA-V2,13.060794830322266,8.16123363526205,14.21801883002326,24.455285527437415,0.0,0.0
NVDA,2020-12-03,20,Chronos-LoRA-V3,13.060794830322266,8.0871845600065,14.125803559382199,24.67482639402304,0.0,0.0
NVDA,2021-03-30,1,Chronos-LoRA-V1,13.29919147491455,12.477431974917701,12.854756520100382,13.232424560878334,0.0,1.0
NVDA,2021-03-30,1,Chronos-LoRA-V2,13.29919147491455,12.486855329411583,12.861577881972039,13.23033626039431,0.0,1.0
NVDA,2021-03-30,1,Chronos-LoRA-V3,13.29919147491455,12.487391916392731,12.861434424927706,13.237507023595036,0.0,1.0
NVDA,2021-03-30,5,Chronos-LoRA-V1,14.09151840209961,11.164828876396976,12.981817265191737,15.055963689086244,0.0,0.0
NVDA,2021-03-30,5,Chronos-LoRA-V2,14.09151840209961,11.218091589391564,13.020400596232124,15.038376522847825,0.0,0.0
NVDA,2021-03-30,5,Chronos-LoRA-V3,14.09151840209961,11.203114466911929,13.001835655451535,15.06367325264356,0.0,0.0
NVDA,2021-03-30,10,Chronos-LoRA-V1,15.220852851867676,9.731109530722861,13.14773146231916,17.661091474728813,0.0,0.0
NVDA,2021-03-30,10,Chronos-LoRA-V2,15.220852851867676,9.826610698260527,13.221570075317397,17.606274562294328,0.0,0.0
NVDA,2021-03-30,10,Chronos-LoRA-V3,15.220852851867676,9.772687756879124,13.181638977655574,17.69853557387094,0.0,0.0
NVDA,2021-03-30,20,Chronos-LoRA-V1,15.220603942871094,7.366208271908099,13.441733924273313,24.194957973915926,0.0,0.0
NVDA,2021-03-30,20,Chronos-LoRA-V2,15.220603942871094,7.493516023776558,13.580768463115481,24.102307237023762,0.0,0.0
NVDA,2021-03-30,20,Chronos-LoRA-V3,15.220603942871094,7.42188189093918,13.500042126867331,24.27520551116698,0.0,0.0
NVDA,2021-07-22,1,Chronos-LoRA-V1,19.49058532714844,18.95054838928468,19.594338127507974,20.25308400432563,0.0,0.0
NVDA,2021-07-22,1,Chronos-LoRA-V2,19.49058532714844,19.006361639697623,19.602784373045104,20.198272682061553,0.0,0.0
NVDA,2021-07-22,1,Chronos-LoRA-V3,19.49058532714844,18.977344632038033,19.605703505987545,20.249110213748203,0.0,0.0
NVDA,2021-07-22,5,Chronos-LoRA-V1,19.59422492980957,16.750142253690274,19.856376596404292,23.51778923602179,0.0,0.0
NVDA,2021-07-22,5,Chronos-LoRA-V2,19.59422492980957,17.036482773188567,19.906511445068695,23.186573408675066,0.0,0.0
NVDA,2021-07-22,5,Chronos-LoRA-V3,19.59422492980957,16.852770000173425,19.888638201247215,23.466416957809415,0.0,0.0
NVDA,2021-07-22,10,Chronos-LoRA-V1,20.56585693359375,14.295357140312023,20.203486288877286,28.436754083709253,0.0,0.0
NVDA,2021-07-22,10,Chronos-LoRA-V2,20.56585693359375,14.838659926113008,20.29928839686114,27.545670168858287,0.0,0.0
NVDA,2021-07-22,10,Chronos-LoRA-V3,20.56585693359375,14.444732272649688,20.25457009481208,28.29845877285193,0.0,0.0
NVDA,2021-07-22,20,Chronos-LoRA-V1,19.72975730895996,9.655817865819175,20.810916808789482,44.18369315336452,0.0,0.0
NVDA,2021-07-22,20,Chronos-LoRA-V2,19.72975730895996,10.936773342760182,21.032457990415633,39.693945773717914,0.0,0.0
NVDA,2021-07-22,20,Chronos-LoRA-V3,19.72975730895996,10.055299076163307,20.913050348752197,43.00876526827919,0.0,0.0
NVDA,2021-11-11,1,Chronos-LoRA-V1,30.290584564208984,29.486188128830936,30.414717290236624,31.38283225082344,0.0,0.0
NVDA,2021-11-11,1,Chronos-LoRA-V2,30.290584564208984,29.513591432204468,30.42393916919506,31.34383878190458,0.0,0.0
NVDA,2021-11-11,1,Chronos-LoRA-V3,30.290584564208984,29.525216296177575,30.4303409464992,31.37579960675391,0.0,0.0
NVDA,2021-11-11,5,Chronos-LoRA-V1,31.571382522583008,26.493486077017437,30.8983723462972,36.12473347650195,0.0,0.0
NVDA,2021-11-11,5,Chronos-LoRA-V2,31.571382522583008,26.622761289736026,30.971976778009754,35.9614200308597,0.0,0.0
NVDA,2021-11-11,5,Chronos-LoRA-V3,31.571382522583008,26.64630810772746,30.943479595823725,36.05385617256728,0.0,0.0
NVDA,2021-11-11,10,Chronos-LoRA-V1,31.399948120117188,23.27488094740452,31.539861559474165,42.850364055975746,0.0,0.0
NVDA,2021-11-11,10,Chronos-LoRA-V2,31.399948120117188,23.45407412710951,31.67473250649609,42.52800367786698,0.0,0.0
NVDA,2021-11-11,10,Chronos-LoRA-V3,31.399948120117188,23.4760584430665,31.611643118977483,42.723547865818404,0.0,0.0
NVDA,2021-11-11,20,Chronos-LoRA-V1,30.102901458740234,18.188839721250126,32.77825732933565,59.32228121690537,0.0,0.0
NVDA,2021-11-11,20,Chronos-LoRA-V2,30.102901458740234,18.338036097195523,33.01676039835438,58.72718094754916,0.0,0.0
NVDA,2021-11-11,20,Chronos-LoRA-V3,30.102901458740234,18.419896732672658,32.90771190268207,59.12576832644279,0.0,0.0
NVDA,2022-03-08,1,Chronos-LoRA-V1,22.9454345703125,20.486056875514144,21.492268124385962,22.530358987395037,0.0,1.0
NVDA,2022-03-08,1,Chronos-LoRA-V2,22.9454345703125,20.56463691221854,21.51961234328569,22.488368816236022,0.0,1.0
NVDA,2022-03-08,1,Chronos-LoRA-V3,22.9454345703125,20.56509281887347,21.513177734994667,22.493263609153303,0.0,1.0
NVDA,2022-03-08,5,Chronos-LoRA-V1,22.90455436706543,17.013395346290654,21.688205516888846,27.51681665364712,0.0,0.0
NVDA,2022-03-08,5,Chronos-LoRA-V2,22.90455436706543,17.37604443844019,21.835015058895074,27.239016396457085,0.0,0.0
NVDA,2022-03-08,5,Chronos-LoRA-V3,22.90455436706543,17.323655369342248,21.764424258625855,27.21498515067226,0.0,0.0
NVDA,2022-03-08,10,Chronos-LoRA-V1,26.444976806640625,13.506785863719799,21.983665520811023,35.442079438461654,0.0,0.0
NVDA,2022-03-08,10,Chronos-LoRA-V2,26.444976806640625,14.10236847028079,22.253228688495927,34.565218711320085,0.0,0.0
NVDA,2022-03-08,10,Chronos-LoRA-V3,26.444976806640625,13.959902022352598,22.111457766302316,34.60270875059604,0.0,0.0
NVDA,2022-03-08,20,Chronos-LoRA-V1,25.853742599487305,8.456130358554654,22.55692278642493,58.791567041626,0.0,0.0
NVDA,2022-03-08,20,Chronos-LoRA-V2,25.853742599487305,9.191985548410445,23.015556812690253,55.75113902216451,0.0,0.0
NVDA,2022-03-08,20,Chronos-LoRA-V3,25.853742599487305,8.988095255883666,22.757901704852543,56.14621124399505,0.0,0.0
NVDA,2022-06-30,1,Chronos-LoRA-V1,14.482791900634766,14.335598635376249,15.112559720854312,15.948851551740132,0.0,0.0
NVDA,2022-06-30,1,Chronos-LoRA-V2,14.482791900634766,14.41386623306622,15.143890090772368,15.909760200759331,0.0,0.0
NVDA,2022-06-30,1,Chronos-LoRA-V3,14.482791900634766,14.385258831166562,15.131632721843175,15.914843936516283,0.0,0.0
NVDA,2022-06-30,5,Chronos-LoRA-V1,15.794151306152344,11.580075530364661,15.127720556634477,19.7999851312626,0.0,0.0
NVDA,2022-06-30,5,Chronos-LoRA-V2,15.794151306152344,11.924149558366288,15.27711456168199,19.513340193633613,0.0,0.0
NVDA,2022-06-30,5,Chronos-LoRA-V3,15.794151306152344,11.789453447717896,15.196330430855228,19.55318160452267,0.0,0.0
NVDA,2022-06-30,10,Chronos-LoRA-V1,15.718361854553224,8.85064594717822,15.169152975053516,26.090583341733364,0.0,0.0
NVDA,2022-06-30,10,Chronos-LoRA-V2,15.718361854553224,9.428749013640614,15.447445264655016,25.182039761533773,0.0,0.0
NVDA,2022-06-30,10,Chronos-LoRA-V3,15.718361854553224,9.178621445434128,15.284343458077888,25.376105212415034,0.0,0.0
NVDA,2022-06-30,20,Chronos-LoRA-V1,18.11271476745605,5.163603320173661,15.24650830579413,45.24040886426229,0.0,0.0
NVDA,2022-06-30,20,Chronos-LoRA-V2,18.11271476745605,5.860205157737203,15.753345806420313,41.965644083790764,0.0,0.0
NVDA,2022-06-30,20,Chronos-LoRA-V3,18.11271476745605,5.5447747914448104,15.457346875336654,42.780478542021825,0.0,0.0
NVDA,2022-10-21,1,Chronos-LoRA-V1,12.567852020263672,11.941560573555511,12.44244126910707,12.956707904952014,0.0,0.0
NVDA,2022-10-21,1,Chronos-LoRA-V2,12.567852020263672,11.964229550964331,12.448780883331114,12.936834394483109,0.0,0.0
NVDA,2022-10-21,1,Chronos-LoRA-V3,12.567852020263672,11.963822052307023,12.45192006089772,12.952774942220719,0.0,0.0
NVDA,2022-10-21,5,Chronos-LoRA-V1,13.799798965454102,10.109096138412157,12.476824316161034,15.32334420990614,0.0,0.0
NVDA,2022-10-21,5,Chronos-LoRA-V2,13.799798965454102,10.231282064771769,12.510054189176342,15.192057228552006,0.0,0.0
NVDA,2022-10-21,5,Chronos-LoRA-V3,13.799798965454102,10.199839823491658,12.505195346260836,15.260414336159487,0.0,0.0
NVDA,2022-10-21,10,Chronos-LoRA-V1,14.121004104614258,8.200782052907785,12.515365515076537,18.89692514379706,0.0,0.0
NVDA,2022-10-21,10,Chronos-LoRA-V2,14.121004104614258,8.41528644366704,12.57926169816764,18.54406985873077,0.0,0.0
NVDA,2022-10-21,10,Chronos-LoRA-V3,14.121004104614258,8.335138993800511,12.561151790931511,18.72236176632218,0.0,0.0
NVDA,2022-10-21,20,Chronos-LoRA-V1,15.370904922485352,5.39472453790021,12.606221665968617,28.78163550416606,0.0,0.0
NVDA,2022-10-21,20,Chronos-LoRA-V2,15.370904922485352,5.662029647044806,12.69775202759372,27.74928661790232,0.0,0.0
NVDA,2022-10-21,20,Chronos-LoRA-V3,15.370904922485352,5.547838337462637,12.67696561423032,28.294043905079462,0.0,0.0
NVDA,2023-02-15,1,Chronos-LoRA-V1,21.95322036743164,21.780106881445164,22.75540896529138,23.80148655772639,0.0,0.0
NVDA,2023-02-15,1,Chronos-LoRA-V2,21.95322036743164,21.820973910269906,22.765939675338068,23.747841938484203,0.0,0.0
NVDA,2023-02-15,1,Chronos-LoRA-V3,21.95322036743164,21.813643563887517,22.76993486647066,23.786501690192033,0.0,0.0
NVDA,2023-02-15,5,Chronos-LoRA-V1,23.61153030395508,18.317909830572994,22.896902988809266,28.76236638576274,0.0,0.0
NVDA,2023-02-15,5,Chronos-LoRA-V2,23.61153030395508,18.5415548913586,22.962652187223334,28.43330100769906,0.0,0.0
NVDA,2023-02-15,5,Chronos-LoRA-V3,23.61153030395508,18.45027119832171,22.937159208420447,28.612707241294796,0.0,0.0
NVDA,2023-02-15,10,Chronos-LoRA-V1,23.26230812072754,14.716255024831497,23.070157738207858,36.49994754773631,0.0,0.0
NVDA,2023-02-15,10,Chronos-LoRA-V2,23.26230812072754,15.133811081436681,23.208239411223502,35.56766978356239,0.0,0.0
NVDA,2023-02-15,10,Chronos-LoRA-V3,23.26230812072754,14.919191637539583,23.139679198735976,36.07314925232276,0.0,0.0
NVDA,2023-02-15,20,Chronos-LoRA-V1,25.48870658874512,9.361067319714827,23.369307821739476,59.521128475578706,0.0,0.0
NVDA,2023-02-15,20,Chronos-LoRA-V2,25.48870658874512,9.994848650045355,23.649594908736447,55.90136946013087,0.0,0.0
NVDA,2023-02-15,20,Chronos-LoRA-V3,25.48870658874512,9.641483603159347,23.497545004358404,57.84319661319977,0.0,0.0
NVDA,2023-06-09,1,Chronos-LoRA-V1,39.40523910522461,37.66242241330896,38.816088081623,40.07875024670945,0.0,0.0
NVDA,2023-06-09,1,Chronos-LoRA-V2,39.40523910522461,37.46133659094554,38.80692040020897,40.208712953537685,0.0,0.0
NVDA,2023-06-09,1,Chronos-LoRA-V3,39.40523910522461,37.6446188869654,38.832359622807594,40.117920724577466,0.0,0.0
NVDA,2023-06-09,5,Chronos-LoRA-V1,42.60898971557617,33.69258150088067,39.29326424136155,46.29988834580428,0.0,0.0
NVDA,2023-06-09,5,Chronos-LoRA-V2,42.60898971557617,32.84050878286271,39.24574893441243,47.048839139194456,0.0,0.0
NVDA,2023-06-09,5,Chronos-LoRA-V3,42.60898971557617,33.58571796254043,39.32287260213943,46.44697693083772,0.0,0.0
NVDA,2023-06-09,10,Chronos-LoRA-V1,40.553001403808594,29.0428524251433,39.85458523532112,55.79684860564706,0.0,0.0
NVDA,2023-06-09,10,Chronos-LoRA-V2,40.553001403808594,27.829776375824213,39.81113724554015,57.24850902529533,0.0,0.0
NVDA,2023-06-09,10,Chronos-LoRA-V3,40.553001403808594,28.856432506570552,39.90610110710383,56.06083906058985,0.0,0.0
NVDA,2023-06-09,20,Chronos-LoRA-V1,42.322547912597656,21.427910624185138,40.87520032503926,81.52879695535671,0.0,0.0
NVDA,2023-06-09,20,Chronos-LoRA-V2,42.322547912597656,19.99800922215327,40.84074306743206,84.17509882633269,0.0,0.0
NVDA,2023-06-09,20,Chronos-LoRA-V3,42.322547912597656,21.198686981481718,40.95838073515594,81.66395909567791,0.0,0.0
NVDA,2023-10-03,1,Chronos-LoRA-V1,43.95898818969727,42.21275895067451,43.49629317309663,44.90846512312595,0.0,0.0
NVDA,2023-10-03,1,Chronos-LoRA-V2,43.95898818969727,42.153555945888385,43.504504237162884,44.89624506591849,0.0,0.0
NVDA,2023-10-03,1,Chronos-LoRA-V3,43.95898818969727,42.23792902518755,43.52678361560725,44.93588578512791,0.0,0.0
NVDA,2023-10-03,5,Chronos-LoRA-V1,45.71272277832031,37.69598897974549,43.76677497246096,51.3477181374397,0.0,0.0
NVDA,2023-10-03,5,Chronos-LoRA-V2,45.71272277832031,37.43213319266371,43.82028645902543,51.35046889166407,0.0,0.0
NVDA,2023-10-03,5,Chronos-LoRA-V3,45.71272277832031,37.76847193808887,43.85206271073315,51.427313071860254,0.0,0.0
NVDA,2023-10-03,10,Chronos-LoRA-V1,43.85618209838867,32.634819634822485,44.05458845662684,60.667345572927175,0.0,0.0
NVDA,2023-10-03,10,Chronos-LoRA-V2,43.85618209838867,32.26689397268288,44.173697230386445,60.601431784142505,0.0,0.0
NVDA,2023-10-03,10,Chronos-LoRA-V3,43.85618209838867,32.73541114974063,44.20185095103712,60.80682143040847,0.0,0.0
NVDA,2023-10-03,20,Chronos-LoRA-V1,40.70405960083008,24.282122495555484,44.55483034187371,85.34722636561392,0.0,0.0
NVDA,2023-10-03,20,Chronos-LoRA-V2,40.70405960083008,23.972382375731556,44.84800688575028,84.1904427695084,0.0,0.0
NVDA,2023-10-03,20,Chronos-LoRA-V3,40.70405960083008,24.51747381497126,44.86477534529104,85.11392117027171,0.0,0.0
NVDA,2024-01-26,1,Chronos-LoRA-V1,62.35416412353516,59.75353604020526,61.144840304312176,62.585122533029356,0.0,0.0
NVDA,2024-01-26,1,Chronos-LoRA-V2,62.35416412353516,59.55739754903828,61.10581502335658,62.645035074747426,0.0,0.0
NVDA,2024-01-26,1,Chronos-LoRA-V3,62.35416412353516,59.75941918326162,61.167626905745614,62.62241489703282,0.0,0.0
NVDA,2024-01-26,5,Chronos-LoRA-V1,66.04261016845703,55.184072125419995,61.931712202439435,69.63559795746679,0.0,0.0
NVDA,2024-01-26,5,Chronos-LoRA-V2,66.04261016845703,54.38599738885326,61.80367427426939,70.03428194048578,0.0,0.0
NVDA,2024-01-26,5,Chronos-LoRA-V3,66.04261016845703,55.206073627001444,61.99165867337612,69.76669042720711,0.0,0.0
NVDA,2024-01-26,10,Chronos-LoRA-V1,72.00502014160156,49.711129723424264,62.770029164180606,79.51290005291874,0.0,0.0
NVDA,2024-01-26,10,Chronos-LoRA-V2,72.00502014160156,48.52912250456965,62.651339441190636,80.38071805279357,0.0,0.0
NVDA,2024-01-26,10,Chronos-LoRA-V3,72.00502014160156,49.7627136569007,62.90754617895576,79.80722792346123,0.0,0.0
NVDA,2024-01-26,20,Chronos-LoRA-V1,78.95167541503906,40.45837322271461,64.47683293016098,103.167090051009,0.0,0.0
NVDA,2024-01-26,20,Chronos-LoRA-V2,78.95167541503906,38.65414742469883,64.23841921346259,105.30781589054214,0.0,0.0
NVDA,2024-01-26,20,Chronos-LoRA-V3,78.95167541503906,40.57766392164318,64.73640858648915,103.79659403005856,0.0,0.0
NVDA,2024-05-20,1,Chronos-LoRA-V1,95.2212142944336,91.62206291554587,94.95689633338274,98.46873782839877,0.0,0.0
NVDA,2024-05-20,1,Chronos-LoRA-V2,95.2212142944336,91.75415591570903,94.9978424609808,98.27210841872066,0.0,0.0
NVDA,2024-05-20,1,Chronos-LoRA-V3,95.2212142944336,91.77095369732565,95.0286309215209,98.45023326456351,0.0,0.0
NVDA,2024-05-20,5,Chronos-LoRA-V1,113.70423889160156,80.36464288494174,96.17878645822925,115.42026216044708,0.0,0.0
NVDA,2024-05-20,5,Chronos-LoRA-V2,113.70423889160156,80.9584278093922,96.44654641735843,114.46965957247836,0.0,0.0
NVDA,2024-05-20,5,Chronos-LoRA-V3,113.70423889160156,81.0132000522478,96.41682233135253,115.03316049734492,0.0,0.0
NVDA,2024-05-20,10,Chronos-LoRA-V1,116.23584747314452,68.28684890614805,97.74762896915432,140.31339524098487,0.0,0.0
NVDA,2024-05-20,10,Chronos-LoRA-V2,116.23584747314452,69.39750354691952,98.26846477127951,137.98352879043054,0.0,0.0
NVDA,2024-05-20,10,Chronos-LoRA-V3,116.23584747314452,69.29798254636901,98.13744152727834,139.31668946668012,0.0,0.0
NVDA,2024-05-20,20,Chronos-LoRA-V1,135.35691833496094,49.10471692499528,100.82692846020154,207.39583716246813,0.0,0.0
NVDA,2024-05-20,20,Chronos-LoRA-V2,135.35691833496094,50.64751095113047,101.79293319370498,200.91498992445727,0.0,0.0
NVDA,2024-05-20,20,Chronos-LoRA-V3,135.35691833496094,50.35491733561895,101.42000763159922,204.63643725956643,0.0,0.0
NVDA,2024-09-12,1,Chronos-LoRA-V1,118.9141845703125,113.45038608179505,119.41797356668418,125.7225886401238,0.0,0.0
NVDA,2024-09-12,1,Chronos-LoRA-V2,118.9141845703125,114.07715660957764,119.52550211332824,125.10715377137981,0.0,0.0
NVDA,2024-09-12,1,Chronos-LoRA-V3,118.9141845703125,113.92259084429338,119.49541413179072,125.33537523852999,0.0,0.0
NVDA,2024-09-12,5,Chronos-LoRA-V1,117.68611907958984,93.81582232865455,121.1833814652843,156.37036532592754,0.0,0.0
NVDA,2024-09-12,5,Chronos-LoRA-V2,117.68611907958984,96.41341819692761,121.80887032493953,153.06761437679558,0.0,0.0
NVDA,2024-09-12,5,Chronos-LoRA-V3,117.68611907958984,95.56213182180059,121.41631547820104,153.75070360821303,0.0,0.0
NVDA,2024-09-12,10,Chronos-LoRA-V1,123.84648895263672,74.12558748562809,123.41531125748824,204.6043173486434,0.0,0.0
NVDA,2024-09-12,10,Chronos-LoRA-V2,123.84648895263672,78.32094469002249,124.67872377519284,196.2642317518995,0.0,0.0
NVDA,2024-09-12,10,Chronos-LoRA-V3,123.84648895263672,76.63167391949547,123.82084897944539,198.0457128559875,0.0,0.0
NVDA,2024-09-12,20,Chronos-LoRA-V1,134.5996856689453,45.14731516221075,127.79203007810014,357.367811348619,0.0,0.0
NVDA,2024-09-12,20,Chronos-LoRA-V2,134.5996856689453,50.907142488995994,130.33376946747893,325.92286492035686,0.0,0.0
NVDA,2024-09-12,20,Chronos-LoRA-V3,134.5996856689453,48.41141055862812,128.51221098864596,333.422125790015,0.0,0.0
NVDA,2025-01-06,1,Chronos-LoRA-V1,139.93101501464844,145.1674941707015,149.90316441283198,154.81168442324446,1.0,0.0
NVDA,2025-01-06,1,Chronos-LoRA-V2,139.93101501464844,145.19203355722024,149.9557042052694,154.74767902477382,1.0,0.0
NVDA,2025-01-06,1,Chronos-LoRA-V3,139.93101501464844,145.2923862350721,149.99387128086406,154.90249229916245,1.0,0.0
NVDA,2025-01-06,5,Chronos-LoRA-V1,131.56349182128906,129.7969314011175,152.42940538796572,179.2393839577683,0.0,0.0
NVDA,2025-01-06,5,Chronos-LoRA-V2,131.56349182128906,130.17066170646967,152.89070308815738,178.94532973133508,0.0,0.0
NVDA,2025-01-06,5,Chronos-LoRA-V3,131.56349182128906,130.33988965493577,152.7382378574989,179.40732975219976,0.0,0.0
NVDA,2025-01-06,10,Chronos-LoRA-V1,146.85067749023438,112.38400665082821,155.44668663103081,215.39562290620745,0.0,0.0
NVDA,2025-01-06,10,Chronos-LoRA-V2,146.85067749023438,113.47981795098745,156.49570317023938,214.19474986422702,0.0,0.0
NVDA,2025-01-06,10,Chronos-LoRA-V3,146.85067749023438,113.40867363282524,156.02135679940628,215.37915163840384,0.0,0.0
NVDA,2025-01-06,20,Chronos-LoRA-V1,124.6438446044922,84.18112668166756,161.34201084148583,310.14898644655284,0.0,0.0
NVDA,2025-01-06,20,Chronos-LoRA-V2,124.6438446044922,85.98022628756495,163.47421752862,306.39911465428594,0.0,0.0
NVDA,2025-01-06,20,Chronos-LoRA-V3,124.6438446044922,85.63375550916851,162.37483156362262,310.0613736660004,0.0,0.0
NVDA,2025-05-01,1,Chronos-LoRA-V1,114.33976745605467,106.70241554320107,111.76077406997352,116.8993430637325,0.0,0.0
NVDA,2025-05-01,1,Chronos-LoRA-V2,114.33976745605467,107.2607812696013,111.87214035123041,116.48929668332788,0.0,0.0
NVDA,2025-05-01,1,Chronos-LoRA-V3,114.33976745605467,106.99499965039247,111.84138323195158,116.76098073205276,0.0,0.0
NVDA,2025-05-01,5,Chronos-LoRA-V1,117.20574951171876,89.040085025586,113.04386633806055,142.55731292610648,0.0,0.0
NVDA,2025-05-01,5,Chronos-LoRA-V2,117.20574951171876,91.77195804356313,113.68895653957834,139.5405293936682,0.0,0.0
NVDA,2025-05-01,5,Chronos-LoRA-V3,117.20574951171876,90.35239017485455,113.30132791460555,141.00245159366182,0.0,0.0
NVDA,2025-05-01,10,Chronos-LoRA-V1,134.64129638671875,71.20590962934197,114.9967765031663,183.54319712852492,0.0,0.0
NVDA,2025-05-01,10,Chronos-LoRA-V2,134.64129638671875,75.52704279336045,115.91308966361225,174.7706666842031,0.0,0.0
NVDA,2025-05-01,10,Chronos-LoRA-V3,134.64129638671875,73.00456029158359,115.24329544659462,179.2959280056195,0.0,0.0
NVDA,2025-05-01,20,Chronos-LoRA-V1,134.94088745117188,47.17288279677049,118.70441114447723,293.0485288940199,0.0,0.0
NVDA,2025-05-01,20,Chronos-LoRA-V2,134.94088745117188,51.06325991852046,120.09447418863745,274.3070545434078,0.0,0.0
NVDA,2025-05-01,20,Chronos-LoRA-V3,134.94088745117188,48.75798760497822,118.99280129272351,284.29983545166033,0.0,0.0
NVDA,2025-08-25,1,Chronos-LoRA-V1,181.5282287597656,176.2680743649675,180.32652033019167,184.41801647613616,0.0,0.0
NVDA,2025-08-25,1,Chronos-LoRA-V2,181.5282287597656,176.10358816547551,180.3146786135501,184.48775918006888,0.0,0.0
NVDA,2025-08-25,1,Chronos-LoRA-V3,181.5282287597656,176.34631414008078,180.386702366726,184.47464755655452,0.0,0.0
NVDA,2025-08-25,5,Chronos-LoRA-V1,170.55284118652344,163.49708621520477,183.18476165049967,205.26236985811028,0.0,0.0
NVDA,2025-08-25,5,Chronos-LoRA-V2,170.55284118652344,162.72803208203064,183.14086433331883,205.69475768145986,0.0,0.0
NVDA,2025-08-25,5,Chronos-LoRA-V3,170.55284118652344,163.7861790592323,183.28089805488005,205.2752441098382,0.0,0.0
NVDA,2025-08-25,10,Chronos-LoRA-V1,170.53286743164062,148.94155215362895,186.76161947292582,233.79150658603407,0.0,0.0
NVDA,2025-08-25,10,Chronos-LoRA-V2,170.53286743164062,147.44599473283338,186.6700044795115,235.299040360619,0.0,0.0
NVDA,2025-08-25,10,Chronos-LoRA-V3,170.53286743164062,149.25968761873926,186.88717894799055,234.1330951751091,0.0,0.0
NVDA,2025-08-25,20,Chronos-LoRA-V1,178.2027130126953,122.53479530159107,193.12936979838796,302.0400190363841,0.0,0.0
NVDA,2025-08-25,20,Chronos-LoRA-V2,178.2027130126953,120.58924641242668,193.39608605074275,306.76098349062084,0.0,0.0
NVDA,2025-08-25,20,Chronos-LoRA-V3,178.2027130126953,123.69682808177733,193.54367599271572,302.3785207285527,0.0,0.0
NVDA,2025-12-16,1,Chronos-LoRA-V1,170.73175048828125,172.93669885992827,178.08256795126346,183.2571036002371,1.0,0.0
NVDA,2025-12-16,1,Chronos-LoRA-V2,170.73175048828125,173.2516566470772,178.10765537849971,182.90122681915489,1.0,0.0
NVDA,2025-12-16,1,Chronos-LoRA-V3,170.73175048828125,173.14536591081517,178.2025944882216,183.26518882782437,1.0,0.0
NVDA,2025-12-16,5,Chronos-LoRA-V1,188.97952270507807,155.9677180114223,180.41440896920366,208.09727471991894,0.0,0.0
NVDA,2025-12-16,5,Chronos-LoRA-V2,188.97952270507807,157.23562621535655,180.6232670070639,206.6258971501986,0.0,0.0
NVDA,2025-12-16,5,Chronos-LoRA-V3,188.97952270507807,156.75296798737864,180.80733595253474,207.98437400688434,0.0,0.0
NVDA,2025-12-16,10,Chronos-LoRA-V1,186.27279663085935,137.3102616563296,183.42187970723938,243.41693679448093,0.0,0.0
NVDA,2025-12-16,10,Chronos-LoRA-V2,186.27279663085935,139.52677553919233,183.83733657998067,240.1039391643558,0.0,0.0
NVDA,2025-12-16,10,Chronos-LoRA-V3,186.27279663085935,138.4716528701913,184.0979631560853,243.24788118685743,0.0,0.0
NVDA,2025-12-16,20,Chronos-LoRA-V1,186.82212829589844,106.1414417064519,189.69075417296557,334.5408824325881,0.0,0.0
NVDA,2025-12-16,20,Chronos-LoRA-V2,186.82212829589844,109.66523953340534,190.18992390476606,324.2462282075186,0.0,0.0
NVDA,2025-12-16,20,Chronos-LoRA-V3,186.82212829589844,108.09850598928182,190.8688251073464,333.3195671867367,0.0,0.0
NVDA,2026-04-13,1,Chronos-LoRA-V1,196.2812347412109,184.97462623476758,189.60966854857162,194.2673612855719,0.0,1.0
NVDA,2026-04-13,1,Chronos-LoRA-V2,196.2812347412109,184.88136394903975,189.5970740211477,194.2116829057211,0.0,1.0
NVDA,2026-04-13,1,Chronos-LoRA-V3,196.2812347412109,185.04788142680528,189.675716191671,194.32597264421761,0.0,1.0
NVDA,2026-04-13,5,Chronos-LoRA-V1,201.82476806640625,168.14863728537517,191.52567322843456,217.28040396834362,0.0,0.0
NVDA,2026-04-13,5,Chronos-LoRA-V2,201.82476806640625,168.44878501932305,191.47973095701852,216.74802646679922,0.0,0.0
NVDA,2026-04-13,5,Chronos-LoRA-V3,201.82476806640625,168.98482712280622,191.6639240856634,217.03622538203098,0.0,0.0
NVDA,2026-04-13,10,Chronos-LoRA-V1,216.3578338623047,149.27436444205486,194.12607109517532,250.14919785561185,0.0,0.0
NVDA,2026-04-13,10,Chronos-LoRA-V2,216.3578338623047,149.99882958117436,193.9480966802643,248.45570956545953,0.0,0.0
NVDA,2026-04-13,10,Chronos-LoRA-V3,216.3578338623047,150.5226592770187,194.3373081245212,249.46953852556936,0.0,0.0
NVDA,2026-04-13,20,Chronos-LoRA-V1,219.18453979492188,116.17876822180527,199.16623698149823,335.7509452571456,0.0,0.0
NVDA,2026-04-13,20,Chronos-LoRA-V2,219.18453979492188,117.98709840877412,198.60996952489,328.6473894951383,0.0,0.0
NVDA,2026-04-13,20,Chronos-LoRA-V3,219.18453979492188,118.51382230275826,199.39564925438393,331.62216478019894,0.0,0.0
NVDA,2026-08-06,1,Chronos-LoRA-V1,223.9600067138672,212.62042709837925,219.54250973392118,226.59624599048283,0.0,0.0
NVDA,2026-08-06,1,Chronos-LoRA-V2,223.9600067138672,212.99221253360383,219.54991046554605,226.0191274845462,0.0,0.0
NVDA,2026-08-06,1,Chronos-LoRA-V3,223.9600067138672,212.97444616704735,219.640827422754,226.36494317745596,0.0,0.0
NVDA,2026-08-06,5,Chronos-LoRA-V1,225.3000030517578,188.32601882827947,221.48837716361678,259.614907730004,0.0,0.0
NVDA,2026-08-06,5,Chronos-LoRA-V2,225.3000030517578,190.15955873675273,221.5816216698104,256.7918261127531,0.0,0.0
NVDA,2026-08-06,5,Chronos-LoRA-V3,225.3000030517578,190.02632147531264,221.71604251365912,257.86369277263805,0.0,0.0
NVDA,2026-08-06,10,Chronos-LoRA-V1,216.8500061035156,162.3070663823804,223.99111370496905,306.8051286373579,0.0,0.0
NVDA,2026-08-06,10,Chronos-LoRA-V2,216.8500061035156,165.53478610314374,224.1862254002502,300.2913072311451,0.0,0.0
NVDA,2026-08-06,10,Chronos-LoRA-V3,216.8500061035156,164.93763646635693,224.32023492575195,302.9364857792982,0.0,0.0
NVDA,2026-08-06,20,Chronos-LoRA-V1,228.4499969482422,121.75208164339483,228.42121017143813,424.0559023801839,0.0,0.0
NVDA,2026-08-06,20,Chronos-LoRA-V2,228.4499969482422,125.47305317905676,228.7957710521205,409.8257608768121,0.0,0.0
NVDA,2026-08-06,20,Chronos-LoRA-V3,228.4499969482422,125.64320591455784,228.9443549429077,413.36491785006103,0.0,0.0
AMZN,2011-03-11,1,Chronos-LoRA-V1,8.33650016784668,8.21579837049538,8.40851084313001,8.605381430208308,0.0,0.0
AMZN,2011-03-11,1,Chronos-LoRA-V2,8.33650016784668,8.23209421105804,8.412442617638813,8.593569623115286,0.0,0.0
AMZN,2011-03-11,1,Chronos-LoRA-V3,8.33650016784668,8.223452405593651,8.412185154804316,8.605131336913361,0.0,0.0
AMZN,2011-03-11,5,Chronos-LoRA-V1,8.090999603271484,7.500051338128408,8.430113241613725,9.475989932708377,0.0,0.0
AMZN,2011-03-11,5,Chronos-LoRA-V2,8.090999603271484,7.580754525998678,8.449998853486926,9.405458094393834,0.0,0.0
AMZN,2011-03-11,5,Chronos-LoRA-V3,8.090999603271484,7.533649686139506,8.441089859975047,9.458856306008569,0.0,0.0
AMZN,2011-03-11,10,Chronos-LoRA-V1,8.548999786376953,6.7118067076418315,8.45530072232228,10.641922521169903,0.0,0.0
AMZN,2011-03-11,10,Chronos-LoRA-V2,8.548999786376953,6.853043167927949,8.49448543890758,10.494912581222309,0.0,0.0
AMZN,2011-03-11,10,Chronos-LoRA-V3,8.548999786376953,6.7658572639188685,8.474838179639859,10.607580954640035,0.0,0.0
AMZN,2011-03-11,20,Chronos-LoRA-V1,9.23550033569336,5.3445409371053465,8.495138201436207,13.46902931225318,0.0,0.0
AMZN,2011-03-11,20,Chronos-LoRA-V2,9.23550033569336,5.572778521788529,8.566432775121449,13.080521081648108,0.0,0.0
AMZN,2011-03-11,20,Chronos-LoRA-V3,9.23550033569336,5.436456988268987,8.530453993139655,13.36982669791643,0.0,0.0
AMZN,2011-07-05,1,Chronos-LoRA-V1,10.709500312805176,10.436212469219917,10.67151267900679,10.913225934887015,0.0,0.0
AMZN,2011-07-05,1,Chronos-LoRA-V2,10.709500312805176,10.453388527035683,10.675521929855122,10.901750998012144,0.0,0.0
AMZN,2011-07-05,1,Chronos-LoRA-V3,10.709500312805176,10.44547307805048,10.675495168798548,10.912917530910157,0.0,0.0
AMZN,2011-07-05,5,Chronos-LoRA-V1,10.56149959564209,9.59755869388105,10.714911444409005,11.959083192555125,0.0,0.0
AMZN,2011-07-05,5,Chronos-LoRA-V2,10.56149959564209,9.672734474631346,10.737046589481842,11.917732343866454,0.0,0.0
AMZN,2011-07-05,5,Chronos-LoRA-V3,10.56149959564209,9.633398157361876,10.72619296479153,11.953591130539872,0.0,0.0
AMZN,2011-07-05,10,Chronos-LoRA-V1,10.902999877929688,8.644333890028154,10.768391560381636,13.400463727383848,0.0,0.0
AMZN,2011-07-05,10,Chronos-LoRA-V2,10.902999877929688,8.785437728800408,10.80960930243961,13.301543723201306,0.0,0.0
AMZN,2011-07-05,10,Chronos-LoRA-V3,10.902999877929688,8.700714712105135,10.787083089980513,13.394075810730264,0.0,0.0
AMZN,2011-07-05,20,Chronos-LoRA-V1,10.585000038146973,6.960623862267541,10.865853337171659,16.953037835046292,0.0,0.0
AMZN,2011-07-05,20,Chronos-LoRA-V2,10.585000038146973,7.195403779283199,10.941064559543307,16.635941601489957,0.0,0.0
AMZN,2011-07-05,20,Chronos-LoRA-V3,10.585000038146973,7.058784638586101,10.900707923886756,16.883542943764617,0.0,0.0
AMZN,2011-10-25,1,Chronos-LoRA-V1,9.920000076293944,11.038803627520679,11.368833674499422,11.701914426204802,1.0,0.0
AMZN,2011-10-25,1,Chronos-LoRA-V2,9.920000076293944,11.054131269610023,11.377527965045802,11.696850121471014,1.0,0.0
AMZN,2011-10-25,1,Chronos-LoRA-V3,9.920000076293944,11.05451385760826,11.374788916202723,11.698525864120112,1.0,0.0
AMZN,2011-10-25,5,Chronos-LoRA-V1,10.604999542236328,9.860981513539054,11.41316691371897,13.158300851666121,0.0,0.0
AMZN,2011-10-25,5,Chronos-LoRA-V2,10.604999542236328,9.931926759076173,11.456637883040553,13.13780846933604,0.0,0.0
AMZN,2011-10-25,5,Chronos-LoRA-V3,10.604999542236328,9.921834482357362,11.43375411425894,13.126229555131072,0.0,0.0
AMZN,2011-10-25,10,Chronos-LoRA-V1,10.899499893188477,8.576506248324597,11.475443973634171,15.24189294192979,0.0,0.0
AMZN,2011-10-25,10,Chronos-LoRA-V2,10.899499893188477,8.713275847898274,11.55623096483827,15.167748225726156,0.0,0.0
AMZN,2011-10-25,10,Chronos-LoRA-V3,10.899499893188477,8.668046450750936,11.509671052078378,15.16724647614929,0.0,0.0
AMZN,2011-10-25,20,Chronos-LoRA-V1,9.616999626159668,6.5035711836950085,11.595073669137994,20.403279799345267,0.0,0.0
AMZN,2011-10-25,20,Chronos-LoRA-V2,9.616999626159668,6.73849647931744,11.7334044476482,20.097045848203393,0.0,0.0
AMZN,2011-10-25,20,Chronos-LoRA-V3,9.616999626159668,6.624031983338785,11.650856967834322,20.244599163127052,0.0,0.0
AMZN,2012-02-17,1,Chronos-LoRA-V1,9.11299991607666,8.884525841608522,9.135520708951475,9.391883870234409,0.0,0.0
AMZN,2012-02-17,1,Chronos-LoRA-V2,9.11299991607666,8.89312121454717,9.139165868615871,9.385928823252462,0.0,0.0
AMZN,2012-02-17,1,Chronos-LoRA-V3,9.11299991607666,8.891621669803277,9.138968261117936,9.391024616693556,0.0,0.0
AMZN,2012-02-17,5,Chronos-LoRA-V1,8.92650032043457,7.982645515593479,9.175505877424063,10.52021434802949,0.0,0.0
AMZN,2012-02-17,5,Chronos-LoRA-V2,8.92650032043457,8.02637216313566,9.19821975393653,10.501580883291568,0.0,0.0
AMZN,2012-02-17,5,Chronos-LoRA-V3,8.92650032043457,8.014045501835477,9.184812897814677,10.503635585678884,0.0,0.0
AMZN,2012-02-17,10,Chronos-LoRA-V1,9.012999534606934,7.00743923887092,9.22992894273946,12.086824765805964,0.0,0.0
AMZN,2012-02-17,10,Chronos-LoRA-V2,9.012999534606934,7.07424951860465,9.27226963106176,12.05874801393845,0.0,0.0
AMZN,2012-02-17,10,Chronos-LoRA-V3,9.012999534606934,7.043274636418437,9.244058159367565,12.069973038055966,0.0,0.0
AMZN,2012-02-17,20,Chronos-LoRA-V1,9.276000022888184,5.343700195321451,9.331172060842743,16.107408864127986,0.0,0.0
AMZN,2012-02-17,20,Chronos-LoRA-V2,9.276000022888184,5.512909130881693,9.407341455982284,15.83443874344038,0.0,0.0
AMZN,2012-02-17,20,Chronos-LoRA-V3,9.276000022888184,5.415538906316414,9.355415335822249,15.995096011420747,0.0,0.0
AMZN,2012-06-12,1,Chronos-LoRA-V1,10.736499786376951,10.595794356771881,10.828627996374918,11.072542148935177,0.0,0.0
AMZN,2012-06-12,1,Chronos-LoRA-V2,10.736499786376951,10.604123583707192,10.835166276169334,11.07079605480288,0.0,0.0
AMZN,2012-06-12,1,Chronos-LoRA-V3,10.736499786376951,10.601766557001385,10.833868669485366,11.076472172028089,0.0,0.0
AMZN,2012-06-12,5,Chronos-LoRA-V1,11.201499938964844,9.719813287816535,10.861010308529986,12.156493277589298,0.0,0.0
AMZN,2012-06-12,5,Chronos-LoRA-V2,11.201499938964844,9.773558006419877,10.891620091060162,12.145103907277534,0.0,0.0
AMZN,2012-06-12,5,Chronos-LoRA-V3,11.201499938964844,9.758256664877983,10.875689667050773,12.155844068141894,0.0,0.0
AMZN,2012-06-12,10,Chronos-LoRA-V1,11.280500411987305,8.72441217167272,10.909357619494424,13.652384916675414,0.0,0.0
AMZN,2012-06-12,10,Chronos-LoRA-V2,11.280500411987305,8.829109875096943,10.965308174630017,13.61723351446071,0.0,0.0
AMZN,2012-06-12,10,Chronos-LoRA-V3,11.280500411987305,8.787497199912277,10.932542717892815,13.651534375631206,0.0,0.0
AMZN,2012-06-12,20,Chronos-LoRA-V1,10.918499946594238,6.98247939299533,10.987705215675865,17.365315098870536,0.0,0.0
AMZN,2012-06-12,20,Chronos-LoRA-V2,10.918499946594238,7.1762592090606825,11.089233232114196,17.133653392066275,0.0,0.0
AMZN,2012-06-12,20,Chronos-LoRA-V3,10.918499946594238,7.067745666634419,11.027565068188695,17.33553939718551,0.0,0.0
AMZN,2012-10-03,1,Chronos-LoRA-V1,13.023500442504885,12.53428647676337,12.801595843043954,13.083174670502235,0.0,0.0
AMZN,2012-10-03,1,Chronos-LoRA-V2,13.023500442504885,12.562976167113534,12.807409788859797,13.059463786834984,0.0,0.0
AMZN,2012-10-03,1,Chronos-LoRA-V3,13.023500442504885,12.550238905805275,12.807754202122924,13.081141306933958,0.0,0.0
AMZN,2012-10-03,5,Chronos-LoRA-V1,12.249500274658203,11.515561732823095,12.813432736935098,14.310223388960525,0.0,0.0
AMZN,2012-10-03,5,Chronos-LoRA-V2,12.249500274658203,11.662827040279256,12.843936526234138,14.175246996122441,0.0,0.0
AMZN,2012-10-03,5,Chronos-LoRA-V3,12.249500274658203,11.586298688353612,12.83220176696708,14.278371883412104,0.0,0.0
AMZN,2012-10-03,10,Chronos-LoRA-V1,12.374500274658203,10.335929794954271,12.835888733837457,16.037111455369544,0.0,0.0
AMZN,2012-10-03,10,Chronos-LoRA-V2,12.374500274658203,10.624630890758143,12.891756236162573,15.70100664724596,0.0,0.0
AMZN,2012-10-03,10,Chronos-LoRA-V3,12.374500274658203,10.459072893161537,12.866095992911951,15.954674783898033,0.0,0.0
AMZN,2012-10-03,20,Chronos-LoRA-V1,11.621000289916992,8.284608806886116,12.861058008809106,20.186403088822583,0.0,0.0
AMZN,2012-10-03,20,Chronos-LoRA-V2,11.621000289916992,8.779828374544888,12.971201026315347,19.300849470520976,0.0,0.0
AMZN,2012-10-03,20,Chronos-LoRA-V3,11.621000289916992,8.500709179927616,12.915144784647758,19.906552750500776,0.0,0.0
AMZN,2013-01-30,1,Chronos-LoRA-V1,13.274999618530272,13.220164927834384,13.649989084201192,14.077980876154783,0.0,0.0
AMZN,2013-01-30,1,Chronos-LoRA-V2,13.274999618530272,13.27231649988033,13.65853890869033,14.046453178365004,0.0,0.0
AMZN,2013-01-30,1,Chronos-LoRA-V3,13.274999618530272,13.252310051405017,13.656357999490822,14.062216376846582,0.0,0.0
AMZN,2013-01-30,5,Chronos-LoRA-V1,13.111000061035156,11.701498921988987,13.688592400237834,15.904705423807483,0.0,0.0
AMZN,2013-01-30,5,Chronos-LoRA-V2,13.111000061035156,11.933366966059918,13.728405689885664,15.729200887546853,0.0,0.0
AMZN,2013-01-30,5,Chronos-LoRA-V3,13.111000061035156,11.822500929607251,13.706666622759503,15.808931839108517,0.0,0.0
AMZN,2013-01-30,10,Chronos-LoRA-V1,13.47350025177002,10.112397475661634,13.74619590565921,18.42150958122516,0.0,0.0
AMZN,2013-01-30,10,Chronos-LoRA-V2,13.47350025177002,10.497124415513582,13.819006766777061,18.019760436291545,0.0,0.0
AMZN,2013-01-30,10,Chronos-LoRA-V3,13.47350025177002,10.29015999481545,13.773584033638931,18.22571605384466,0.0,0.0
AMZN,2013-01-30,20,Chronos-LoRA-V1,13.213500022888184,7.5647465884108955,13.849942020885363,24.732617639348167,0.0,0.0
AMZN,2013-01-30,20,Chronos-LoRA-V2,13.213500022888184,8.13513532568171,13.96950805405045,23.527976593025393,0.0,0.0
AMZN,2013-01-30,20,Chronos-LoRA-V3,13.213500022888184,7.800946483128832,13.88609162021083,24.237604381895643,0.0,0.0
AMZN,2013-05-23,1,Chronos-LoRA-V1,13.086999893188477,12.86312300495547,13.101195417488688,13.346304951955254,0.0,0.0
AMZN,2013-05-23,1,Chronos-LoRA-V2,13.086999893188477,12.847609649207815,13.102960296827284,13.356136722405555,0.0,0.0
AMZN,2013-05-23,1,Chronos-LoRA-V3,13.086999893188477,12.867778038925671,13.105817552852004,13.349787292554511,0.0,0.0
AMZN,2013-05-23,5,Chronos-LoRA-V1,13.460000038146973,11.99856759768612,13.14670014955057,14.420494284815366,0.0,0.0
AMZN,2013-05-23,5,Chronos-LoRA-V2,13.460000038146973,11.927156194391154,13.156100633511825,14.480408817981985,0.0,0.0
AMZN,2013-05-23,5,Chronos-LoRA-V3,13.460000038146973,12.016264384726977,13.157565859460535,14.424087346365308,0.0,0.0
AMZN,2013-05-23,10,Chronos-LoRA-V1,13.843500137329102,10.983574711156152,13.207634832268937,15.891903486941615,0.0,0.0
AMZN,2013-05-23,10,Chronos-LoRA-V2,13.843500137329102,10.87300767995527,13.221296754383404,15.995223489553657,0.0,0.0
AMZN,2013-05-23,10,Chronos-LoRA-V3,13.843500137329102,11.01474080936686,13.22239932021838,15.890042286508438,0.0,0.0
AMZN,2013-05-23,20,Chronos-LoRA-V1,13.66800022125244,9.171530725737629,13.313988919802881,19.352548121899392,0.0,0.0
AMZN,2013-05-23,20,Chronos-LoRA-V2,13.66800022125244,9.015354785621778,13.335727828408345,19.526894455410417,0.0,0.0
AMZN,2013-05-23,20,Chronos-LoRA-V3,13.66800022125244,9.236973502336847,13.335778178633573,19.30471106641551,0.0,0.0
AMZN,2013-09-16,1,Chronos-LoRA-V1,15.208499908447266,14.605907534621592,14.810837138621052,15.027222951875766,0.0,1.0
AMZN,2013-09-16,1,Chronos-LoRA-V2,15.208499908447266,14.594532697538144,14.81514557994281,15.038842275436256,0.0,1.0
AMZN,2013-09-16,1,Chronos-LoRA-V3,15.208499908447266,14.613612266844198,14.81606186905652,15.03035509431696,0.0,1.0
AMZN,2013-09-16,5,Chronos-LoRA-V1,15.57450008392334,13.820021912472248,14.842369619464245,16.00250033041818,0.0,0.0
AMZN,2013-09-16,5,Chronos-LoRA-V2,15.57450008392334,13.77797633475633,14.86205975037722,16.0488862835926,0.0,0.0
AMZN,2013-09-16,5,Chronos-LoRA-V3,15.57450008392334,13.853135610707007,14.858256375562146,16.00316527833428,0.0,0.0
AMZN,2013-09-16,10,Chronos-LoRA-V1,15.631999969482422,12.865846537698552,14.885219567663992,17.3486966161804,0.0,0.0
AMZN,2013-09-16,10,Chronos-LoRA-V2,15.631999969482422,12.8211458280456,14.91896118218292,17.39614706283168,0.0,0.0
AMZN,2013-09-16,10,Chronos-LoRA-V3,15.631999969482422,12.928011397524518,14.911450723390052,17.334469869444145,0.0,0.0
AMZN,2013-09-16,20,Chronos-LoRA-V1,15.53499984741211,11.107772832831229,14.945282600785866,20.344044560884797,0.0,0.0
AMZN,2013-09-16,20,Chronos-LoRA-V2,15.53499984741211,11.078699846225689,15.013640420314514,20.389776328566477,0.0,0.0
AMZN,2013-09-16,20,Chronos-LoRA-V3,15.53499984741211,11.24098221397982,14.994208226312674,20.242122843717897,0.0,0.0
AMZN,2014-01-08,1,Chronos-LoRA-V1,20.050500869750977,19.630947909444902,20.12018313654069,20.615675055485475,0.0,0.0
AMZN,2014-01-08,1,Chronos-LoRA-V2,20.050500869750977,19.758364855762775,20.128682782336668,20.497054827056857,0.0,0.0
AMZN,2014-01-08,1,Chronos-LoRA-V3,20.050500869750977,19.678478369220993,20.128531317516007,20.583117811218315,0.0,0.0
AMZN,2014-01-08,5,Chronos-LoRA-V1,19.793500900268555,17.90594312973644,20.195709645076,22.826160634679642,0.0,0.0
AMZN,2014-01-08,5,Chronos-LoRA-V2,19.793500900268555,18.46114200603506,20.248584910783304,22.19006699551595,0.0,0.0
AMZN,2014-01-08,5,Chronos-LoRA-V3,19.793500900268555,18.102748149881172,20.226504212566507,22.61745835957162,0.0,0.0
AMZN,2014-01-08,10,Chronos-LoRA-V1,19.99349975585937,16.228927798989233,20.303524935141514,25.477275229932033,0.0,0.0
AMZN,2014-01-08,10,Chronos-LoRA-V2,19.99349975585937,17.00295419211605,20.40175199800096,24.446516298485975,0.0,0.0
AMZN,2014-01-08,10,Chronos-LoRA-V3,19.99349975585937,16.47795691540682,20.35530242000245,25.18276893310583,0.0,0.0
AMZN,2014-01-08,20,Chronos-LoRA-V1,17.72949981689453,13.749109552288445,20.544737494331468,30.91439215722393,0.0,0.0
AMZN,2014-01-08,20,Chronos-LoRA-V2,17.72949981689453,14.503478630113825,20.675572293388274,29.44193274814226,0.0,0.0
AMZN,2014-01-08,20,Chronos-LoRA-V3,17.72949981689453,14.003144714392084,20.619014869978535,30.544237431812686,0.0,0.0
AMZN,2014-05-02,1,Chronos-LoRA-V1,15.5024995803833,15.110922511397115,15.422629661075476,15.740023777703108,0.0,0.0
AMZN,2014-05-02,1,Chronos-LoRA-V2,15.5024995803833,15.104155211183643,15.426126302597304,15.74221639498611,0.0,0.0
AMZN,2014-05-02,1,Chronos-LoRA-V3,15.5024995803833,15.120584644714592,15.428168258230203,15.741279081306885,0.0,0.0
AMZN,2014-05-02,5,Chronos-LoRA-V1,14.612000465393066,14.050209462186986,15.506675768469098,17.114959659520398,0.0,0.0
AMZN,2014-05-02,5,Chronos-LoRA-V2,14.612000465393066,13.995096919506562,15.53023186503677,17.16590199289771,0.0,0.0
AMZN,2014-05-02,5,Chronos-LoRA-V3,14.612000465393066,14.077088956395642,15.522923812647331,17.119178166353088,0.0,0.0
AMZN,2014-05-02,10,Chronos-LoRA-V1,14.885000228881836,12.938116089400154,15.616409655793271,18.87103714288831,0.0,0.0
AMZN,2014-05-02,10,Chronos-LoRA-V2,14.885000228881836,12.769818693806426,15.657966027488092,19.060454888657834,0.0,0.0
AMZN,2014-05-02,10,Chronos-LoRA-V3,14.885000228881836,12.954349213182093,15.640687190142296,18.90352487761299,0.0,0.0
AMZN,2014-05-02,20,Chronos-LoRA-V1,15.44200038909912,10.972170368696819,15.78551108665396,22.76764713032517,0.0,0.0
AMZN,2014-05-02,20,Chronos-LoRA-V2,15.44200038909912,10.697206701088888,15.880270702739704,23.279075172793732,0.0,0.0
AMZN,2014-05-02,20,Chronos-LoRA-V3,15.44200038909912,10.976518644009694,15.828837370807891,22.9039110212693,0.0,0.0
AMZN,2014-08-25,1,Chronos-LoRA-V1,17.09149932861328,16.450608803487338,16.72743387943942,17.00648336510938,0.0,1.0
AMZN,2014-08-25,1,Chronos-LoRA-V2,17.09149932861328,16.4453663017103,16.728810277466877,17.00556076455966,0.0,1.0
AMZN,2014-08-25,1,Chronos-LoRA-V3,17.09149932861328,16.45879056372515,16.732570788799674,17.009616354899947,0.0,1.0
AMZN,2014-08-25,5,Chronos-LoRA-V1,17.118999481201172,15.456103908751963,16.823589871666805,18.304752453540324,0.0,0.0
AMZN,2014-08-25,5,Chronos-LoRA-V2,17.118999481201172,15.444972587617078,16.834146271595046,18.298353483137927,0.0,0.0
AMZN,2014-08-25,5,Chronos-LoRA-V3,17.118999481201172,15.48738231646043,16.836441831391518,18.307278677347096,0.0,0.0
AMZN,2014-08-25,10,Chronos-LoRA-V1,16.487499237060547,14.230826610646405,16.942597123853332,20.138263596686922,0.0,0.0
AMZN,2014-08-25,10,Chronos-LoRA-V2,16.487499237060547,14.254320776677002,16.959533761429828,20.062145192422527,0.0,0.0
AMZN,2014-08-25,10,Chronos-LoRA-V3,16.487499237060547,14.28436918501891,16.961052862438223,20.12894785889854,0.0,0.0
AMZN,2014-08-25,20,Chronos-LoRA-V1,16.181499481201172,11.702800120157942,17.154105289165912,24.973021904998042,0.0,0.0
AMZN,2014-08-25,20,Chronos-LoRA-V2,16.181499481201172,11.896567045963529,17.19415220536912,24.520033784537368,0.0,0.0
AMZN,2014-08-25,20,Chronos-LoRA-V3,16.181499481201172,11.83103605689819,17.17631524698538,24.839189076447838,0.0,0.0
AMZN,2014-12-16,1,Chronos-LoRA-V1,14.944000244140623,14.455145671167099,14.77005436955564,15.080216998153052,0.0,0.0
AMZN,2014-12-16,1,Chronos-LoRA-V2,14.944000244140623,14.458870201744116,14.774518689966971,15.080445083313395,0.0,0.0
AMZN,2014-12-16,1,Chronos-LoRA-V3,14.944000244140623,14.466532481222838,14.77447827564401,15.079721486603745,0.0,0.0
AMZN,2014-12-16,5,Chronos-LoRA-V1,15.314499855041504,13.291590358015226,14.843927451172737,16.508567700555005,0.0,0.0
AMZN,2014-12-16,5,Chronos-LoRA-V2,15.314499855041504,13.339018077528193,14.863239813400776,16.465936241255772,0.0,0.0
AMZN,2014-12-16,5,Chronos-LoRA-V3,15.314499855041504,13.34752254289991,14.851369038357966,16.471291269347066,0.0,0.0
AMZN,2014-12-16,10,Chronos-LoRA-V1,15.517499923706056,11.900461831453864,14.93497448566526,18.55490184352767,0.0,0.0
AMZN,2014-12-16,10,Chronos-LoRA-V2,15.517499923706056,12.060490150584824,14.968878011448709,18.357185311203327,0.0,0.0
AMZN,2014-12-16,10,Chronos-LoRA-V3,15.517499923706056,12.011007945190897,14.945082286278394,18.430613499750375,0.0,0.0
AMZN,2014-12-16,20,Chronos-LoRA-V1,14.34749984741211,9.419111247101677,15.09396939308346,23.554162321510667,0.0,0.0
AMZN,2014-12-16,20,Chronos-LoRA-V2,14.34749984741211,9.806545846872131,15.15281726715668,22.81126861307656,0.0,0.0
AMZN,2014-12-16,20,Chronos-LoRA-V3,14.34749984741211,9.656602309422283,15.105208381643804,23.11692547815397,0.0,0.0
AMZN,2015-04-13,1,Chronos-LoRA-V1,19.25550079345703,18.708122535947474,19.13179177531488,19.54232901353991,0.0,0.0
AMZN,2015-04-13,1,Chronos-LoRA-V2,19.25550079345703,18.79616936023106,19.14362387765919,19.480505304127096,0.0,0.0
AMZN,2015-04-13,1,Chronos-LoRA-V3,19.25550079345703,18.756245756671554,19.1423847141452,19.52173730251153,0.0,0.0
AMZN,2015-04-13,5,Chronos-LoRA-V1,19.475500106811523,17.092477529542837,19.208510010360683,21.452597729519276,0.0,0.0
AMZN,2015-04-13,5,Chronos-LoRA-V2,19.475500106811523,17.5428463251023,19.244740758282926,21.038527778176437,0.0,0.0
AMZN,2015-04-13,5,Chronos-LoRA-V3,19.475500106811523,17.332156858284215,19.229239774421874,21.266768106028312,0.0,0.0
AMZN,2015-04-13,10,Chronos-LoRA-V1,21.92799949645996,15.34571361590692,19.317807550520488,24.034200091381706,0.0,0.0
AMZN,2015-04-13,10,Chronos-LoRA-V2,21.92799949645996,16.09729381638258,19.37021677804471,23.15625196199794,0.0,0.0
AMZN,2015-04-13,10,Chronos-LoRA-V3,21.92799949645996,15.700838575325795,19.342588068271148,23.686358662052143,0.0,0.0
AMZN,2015-04-13,20,Chronos-LoRA-V1,21.64249992370605,12.62920348074385,19.530419403949903,29.738122033307008,0.0,0.0
AMZN,2015-04-13,20,Chronos-LoRA-V2,21.64249992370605,13.53499005075897,19.599208375936787,28.01767049152309,0.0,0.0
AMZN,2015-04-13,20,Chronos-LoRA-V3,21.64249992370605,13.004192283697037,19.561866764071397,29.152132616673555,0.0,0.0
AMZN,2015-08-04,1,Chronos-LoRA-V1,26.850500106811523,26.24651317988508,26.628699733591773,27.034817938018264,0.0,0.0
AMZN,2015-08-04,1,Chronos-LoRA-V2,26.850500106811523,26.19817103726683,26.629304839651248,27.064089256638123,0.0,0.0
AMZN,2015-08-04,1,Chronos-LoRA-V3,26.850500106811523,26.252753171601803,26.63724325896946,27.04216420399421,0.0,0.0
AMZN,2015-08-04,5,Chronos-LoRA-V1,26.37299919128418,24.881468685211246,26.745295462428984,28.82175099625068,0.0,0.0
AMZN,2015-08-04,5,Chronos-LoRA-V2,26.37299919128418,24.655976933551127,26.75979515305708,29.027210087325912,0.0,0.0
AMZN,2015-08-04,5,Chronos-LoRA-V3,26.37299919128418,24.906774054384414,26.770195554695853,28.85228067575398,0.0,0.0
AMZN,2015-08-04,10,Chronos-LoRA-V1,26.750999450683597,23.118899412592384,26.901334396928764,31.405791730770016,0.0,0.0
AMZN,2015-08-04,10,Chronos-LoRA-V2,26.750999450683597,22.831249410720424,26.92181584580748,31.68941845023403,0.0,0.0
AMZN,2015-08-04,10,Chronos-LoRA-V3,26.750999450683597,23.169477421865327,26.939022526454448,31.443722157560565,0.0,0.0
AMZN,2015-08-04,20,Chronos-LoRA-V1,24.82699966430664,19.449848076486,27.114364757947953,37.975204521553394,0.0,0.0
AMZN,2015-08-04,20,Chronos-LoRA-V2,24.82699966430664,19.37263288456389,27.21019421382243,38.06292684623625,0.0,0.0
AMZN,2015-08-04,20,Chronos-LoRA-V3,24.82699966430664,19.62461127685195,27.207335339584073,37.95280815127258,0.0,0.0
AMZN,2015-11-24,1,Chronos-LoRA-V1,33.766998291015625,32.937536309397046,33.60410115766,34.27553434773651,0.0,0.0
AMZN,2015-11-24,1,Chronos-LoRA-V2,33.766998291015625,32.94324422072137,33.61590392997284,34.28609084310788,0.0,0.0
AMZN,2015-11-24,1,Chronos-LoRA-V3,33.766998291015625,32.93434928214588,33.61453918854554,34.307774015276784,0.0,0.0
AMZN,2015-11-24,5,Chronos-LoRA-V1,33.800498962402344,30.664315093210266,33.80647617746893,37.255478870141964,0.0,0.0
AMZN,2015-11-24,5,Chronos-LoRA-V2,33.800498962402344,30.664048016507575,33.852726258067264,37.303231242782175,0.0,0.0
AMZN,2015-11-24,5,Chronos-LoRA-V3,33.800498962402344,30.667418973819053,33.83573426091203,37.35450297619857,0.0,0.0
AMZN,2015-11-24,10,Chronos-LoRA-V1,33.239498138427734,28.27670631017715,34.094388404205084,41.09814901860402,0.0,0.0
AMZN,2015-11-24,10,Chronos-LoRA-V2,33.239498138427734,28.163271205133476,34.15985517475073,41.279299323199155,0.0,0.0
AMZN,2015-11-24,10,Chronos-LoRA-V3,33.239498138427734,28.250470553134104,34.150814113333354,41.31712250050165,0.0,0.0
AMZN,2015-11-24,20,Chronos-LoRA-V1,33.185001373291016,23.396151615680047,34.583981463497736,50.921914451943195,0.0,0.0
AMZN,2015-11-24,20,Chronos-LoRA-V2,33.185001373291016,23.54388780279637,34.711599679169645,50.728388076483945,0.0,0.0
AMZN,2015-11-24,20,Chronos-LoRA-V3,33.185001373291016,23.487153880112103,34.68576059238412,51.146730510344796,0.0,0.0
AMZN,2016-03-21,1,Chronos-LoRA-V1,28.02400016784668,27.052866543610595,27.71858318660679,28.37445445083397,0.0,0.0
AMZN,2016-03-21,1,Chronos-LoRA-V2,28.02400016784668,27.11279243026998,27.733553296820524,28.338234802534302,0.0,0.0
AMZN,2016-03-21,1,Chronos-LoRA-V3,28.02400016784668,27.084910045183715,27.731164686357157,28.368613424260516,0.0,0.0
AMZN,2016-03-21,5,Chronos-LoRA-V1,29.69300079345703,24.4843705713903,27.780046454250613,31.315269593851447,0.0,0.0
AMZN,2016-03-21,5,Chronos-LoRA-V2,29.69300079345703,24.84225945263637,27.85614466582375,31.100613969916285,0.0,0.0
AMZN,2016-03-21,5,Chronos-LoRA-V3,29.69300079345703,24.685101306747963,27.814302408191697,31.23034117601789,0.0,0.0
AMZN,2016-03-21,10,Chronos-LoRA-V1,29.30699920654297,21.65706343383941,27.859611548394522,35.398643002533696,0.0,0.0
AMZN,2016-03-21,10,Chronos-LoRA-V2,29.30699920654297,22.316289685906813,28.016280056785277,34.86523397245064,0.0,0.0
AMZN,2016-03-21,10,Chronos-LoRA-V3,29.30699920654297,21.96199470756037,27.926243922728627,35.24591377627446,0.0,0.0
AMZN,2016-03-21,20,Chronos-LoRA-V1,31.395000457763672,16.951512174019534,28.025812191086928,45.61580670773863,0.0,0.0
AMZN,2016-03-21,20,Chronos-LoRA-V2,31.395000457763672,17.835070731306047,28.298520523700024,44.23767217797579,0.0,0.0
AMZN,2016-03-21,20,Chronos-LoRA-V3,31.395000457763672,17.272554002666578,28.124605965784284,45.346940318439145,0.0,0.0
AMZN,2016-07-13,1,Chronos-LoRA-V1,37.060001373291016,36.52208108741218,37.17518040879846,37.83334136006816,0.0,0.0
AMZN,2016-07-13,1,Chronos-LoRA-V2,37.060001373291016,36.52231415097783,37.191281636355086,37.85039875444081,0.0,0.0
AMZN,2016-07-13,1,Chronos-LoRA-V3,37.060001373291016,36.535323714478615,37.188838187519664,37.84923542109987,0.0,0.0
AMZN,2016-07-13,5,Chronos-LoRA-V1,37.2859992980957,33.98474693214172,37.30651134546349,40.898287194715195,0.0,0.0
AMZN,2016-07-13,5,Chronos-LoRA-V2,37.2859992980957,34.134888266299065,37.412114078449314,40.92842464851713,0.0,0.0
AMZN,2016-07-13,5,Chronos-LoRA-V3,37.2859992980957,34.086102984937774,37.35606758987962,40.94929308287451,0.0,0.0
AMZN,2016-07-13,10,Chronos-LoRA-V1,36.83349990844727,30.86924651938265,37.50711830321854,45.41639642174537,0.0,0.0
AMZN,2016-07-13,10,Chronos-LoRA-V2,36.83349990844727,31.384114317654998,37.70942091911222,45.11614640830215,0.0,0.0
AMZN,2016-07-13,10,Chronos-LoRA-V3,36.83349990844727,31.08762489544787,37.59899284404858,45.45707148140041,0.0,0.0
AMZN,2016-07-13,20,Chronos-LoRA-V1,38.428001403808594,25.024183342418915,37.93158865169684,57.19620208426842,0.0,0.0
AMZN,2016-07-13,20,Chronos-LoRA-V2,38.428001403808594,26.39505753738951,38.27328430386913,55.0560387705094,0.0,0.0
AMZN,2016-07-13,20,Chronos-LoRA-V3,38.428001403808594,25.549627004971754,38.08751377300363,56.67719652287227,0.0,0.0
AMZN,2016-11-02,1,Chronos-LoRA-V1,38.35150146484375,37.57872619188922,38.323761426486115,39.070354837054495,0.0,0.0
AMZN,2016-11-02,1,Chronos-LoRA-V2,38.35150146484375,37.615030536472176,38.3462351884898,39.07136946822173,0.0,0.0
AMZN,2016-11-02,1,Chronos-LoRA-V3,38.35150146484375,37.633511087921356,38.34002934323351,39.0538420757208,0.0,0.0
AMZN,2016-11-02,5,Chronos-LoRA-V1,38.59400177001953,35.000586899183936,38.51407274350709,42.31876471003802,0.0,0.0
AMZN,2016-11-02,5,Chronos-LoRA-V2,38.59400177001953,35.13040181602433,38.625492537530285,42.38073483496206,0.0,0.0
AMZN,2016-11-02,5,Chronos-LoRA-V3,38.59400177001953,35.223019610230985,38.56462818870818,42.20864048885269,0.0,0.0
AMZN,2016-11-02,10,Chronos-LoRA-V1,37.324501037597656,32.12206625448263,38.77385525849559,46.67724139417318,0.0,0.0
AMZN,2016-11-02,10,Chronos-LoRA-V2,37.324501037597656,32.3137609590967,38.975556236549494,46.80743251901313,0.0,0.0
AMZN,2016-11-02,10,Chronos-LoRA-V3,37.324501037597656,32.49687171635781,38.85462894190835,46.420438755540225,0.0,0.0
AMZN,2016-11-02,20,Chronos-LoRA-V1,37.182498931884766,27.068610425924135,39.219792380819925,56.64954793361173,0.0,0.0
AMZN,2016-11-02,20,Chronos-LoRA-V2,37.182498931884766,27.421656589515205,39.608277035223466,56.77632807723677,0.0,0.0
AMZN,2016-11-02,20,Chronos-LoRA-V3,37.182498931884766,27.68666675617442,39.354966229791344,55.956800290080956,0.0,0.0
AMZN,2017-02-28,1,Chronos-LoRA-V1,42.65399932861328,41.684309170952844,42.2975184595673,42.91062659392181,0.0,0.0
AMZN,2017-02-28,1,Chronos-LoRA-V2,42.65399932861328,41.69804020309777,42.31291259253077,42.91642347095148,0.0,0.0
AMZN,2017-02-28,1,Chronos-LoRA-V3,42.65399932861328,41.724748517278734,42.312184131392925,42.90716915942359,0.0,0.0
AMZN,2017-02-28,5,Chronos-LoRA-V1,42.30099868774414,39.257876378190474,42.475983032731385,45.8664394155117,0.0,0.0
AMZN,2017-02-28,5,Chronos-LoRA-V2,42.30099868774414,39.45721259222629,42.551884156643816,45.803148637959715,0.0,0.0
AMZN,2017-02-28,5,Chronos-LoRA-V3,42.30099868774414,39.46812425466481,42.51928550931215,45.76747015242224,0.0,0.0
AMZN,2017-02-28,10,Chronos-LoRA-V1,42.62649917602539,35.94958635888128,42.722410866253405,50.56305300723431,0.0,0.0
AMZN,2017-02-28,10,Chronos-LoRA-V2,42.62649917602539,36.676681709329806,42.86042808360814,49.91307041539146,0.0,0.0
AMZN,2017-02-28,10,Chronos-LoRA-V3,42.62649917602539,36.37827911978041,42.78813378281516,50.227367355196996,0.0,0.0
AMZN,2017-02-28,20,Chronos-LoRA-V1,42.79999923706055,28.820365178554884,43.14444296932271,63.7915153449534,0.0,0.0
AMZN,2017-02-28,20,Chronos-LoRA-V2,42.79999923706055,31.101151311990687,43.435159001578974,60.01608287853745,0.0,0.0
AMZN,2017-02-28,20,Chronos-LoRA-V3,42.79999923706055,29.99634251996307,43.27263625455696,61.91027592122243,0.0,0.0
AMZN,2017-06-21,1,Chronos-LoRA-V1,50.06499862670898,49.49138562331315,50.19032620341447,50.893414762805385,0.0,0.0
AMZN,2017-06-21,1,Chronos-LoRA-V2,50.06499862670898,49.51188989920347,50.20599282922503,50.89161769230907,0.0,0.0
AMZN,2017-06-21,1,Chronos-LoRA-V3,50.06499862670898,49.5313291754113,50.206871232218205,50.89015790066364,0.0,0.0
AMZN,2017-06-21,5,Chronos-LoRA-V1,49.51649856567383,47.10349481448695,50.474849592868246,54.068341227380984,0.0,0.0
AMZN,2017-06-21,5,Chronos-LoRA-V2,49.51649856567383,47.19627786071111,50.56772776410877,54.11602149640032,0.0,0.0
AMZN,2017-06-21,5,Chronos-LoRA-V3,49.51649856567383,47.26187748224781,50.53147658684498,54.05397180110601,0.0,0.0
AMZN,2017-06-21,10,Chronos-LoRA-V1,48.25699996948242,44.26725165853494,50.83497982908766,58.35809599808989,0.0,0.0
AMZN,2017-06-21,10,Chronos-LoRA-V2,48.25699996948242,44.45672309888656,51.02077128734729,58.4022085108523,0.0,0.0
AMZN,2017-06-21,10,Chronos-LoRA-V3,48.25699996948242,44.508336228673215,50.934372128736,58.34476389234216,0.0,0.0
AMZN,2017-06-21,20,Chronos-LoRA-V1,51.435001373291016,38.845218551740075,51.54569781848181,68.31482780278888,0.0,0.0
AMZN,2017-06-21,20,Chronos-LoRA-V2,51.435001373291016,39.333556478894806,51.900503945453664,68.1003328012912,0.0,0.0
AMZN,2017-06-21,20,Chronos-LoRA-V3,51.435001373291016,39.30669635375236,51.739106124919964,68.16282892044106,0.0,0.0
AMZN,2017-10-12,1,Chronos-LoRA-V1,50.14699935913086,49.6022141277661,50.119602395123366,50.634824727014326,0.0,0.0
AMZN,2017-10-12,1,Chronos-LoRA-V2,50.14699935913086,49.59585722675798,50.13249219910683,50.65175572718935,0.0,0.0
AMZN,2017-10-12,1,Chronos-LoRA-V3,50.14699935913086,49.61683513036836,50.132811072045634,50.64909278002142,0.0,0.0
AMZN,2017-10-12,5,Chronos-LoRA-V1,49.33050155639648,47.85734398942469,50.385833403183476,53.03727469437173,0.0,0.0
AMZN,2017-10-12,5,Chronos-LoRA-V2,49.33050155639648,47.82567634555082,50.45648173113413,53.15203296084443,0.0,0.0
AMZN,2017-10-12,5,Chronos-LoRA-V3,49.33050155639648,47.92713859097092,50.42659540371443,53.0798940434531,0.0,0.0
AMZN,2017-10-12,10,Chronos-LoRA-V1,48.62149810791016,45.795917397474724,50.727850195838705,56.18352896592566,0.0,0.0
AMZN,2017-10-12,10,Chronos-LoRA-V2,48.62149810791016,45.73612800554556,50.85779886176456,56.400682672693854,0.0,0.0
AMZN,2017-10-12,10,Chronos-LoRA-V3,48.62149810791016,45.90942221222352,50.78976321475873,56.25315132673979,0.0,0.0
AMZN,2017-10-12,20,Chronos-LoRA-V1,56.45650100708008,41.85598466596695,51.42657656985237,63.17705757429928,0.0,0.0
AMZN,2017-10-12,20,Chronos-LoRA-V2,56.45650100708008,41.783316592311344,51.65583735420314,63.548486094863044,0.0,0.0
AMZN,2017-10-12,20,Chronos-LoRA-V3,56.45650100708008,42.109502400772485,51.52981734276756,63.207634486169795,0.0,0.0
AMZN,2018-02-06,1,Chronos-LoRA-V1,70.83899688720703,70.64112312633833,72.26753715630855,73.9238315017696,0.0,0.0
AMZN,2018-02-06,1,Chronos-LoRA-V2,70.83899688720703,70.79678986083846,72.30719811932336,73.81435060683687,0.0,0.0
AMZN,2018-02-06,1,Chronos-LoRA-V3,70.83899688720703,70.80935798843377,72.29738555465615,73.82335317224802,0.0,0.0
AMZN,2018-02-06,5,Chronos-LoRA-V1,70.72550201416016,64.94364466807541,72.73472955542584,81.31041530741695,0.0,0.0
AMZN,2018-02-06,5,Chronos-LoRA-V2,70.72550201416016,65.68050548938,72.9548524528319,80.76488864619091,0.0,0.0
AMZN,2018-02-06,5,Chronos-LoRA-V3,70.72550201416016,65.66109112716478,72.81817730680727,80.70080774625065,0.0,0.0
AMZN,2018-02-06,10,Chronos-LoRA-V1,74.14600372314453,58.36638904872293,73.35838327240208,91.63256217722282,0.0,0.0
AMZN,2018-02-06,10,Chronos-LoRA-V2,74.14600372314453,59.744297305153694,73.76006452641595,90.24044325735244,0.0,0.0
AMZN,2018-02-06,10,Chronos-LoRA-V3,74.14600372314453,59.5915836408991,73.48798210919364,90.18245342852659,0.0,0.0
AMZN,2018-02-06,20,Chronos-LoRA-V1,77.25,47.41598536135621,74.47184546184806,115.56935041591173,0.0,0.0
AMZN,2018-02-06,20,Chronos-LoRA-V2,77.25,49.231729607131705,75.23055869492136,112.81167646617601,0.0,0.0
AMZN,2018-02-06,20,Chronos-LoRA-V3,77.25,49.17668683462479,74.69905663233334,112.26052808535201,0.0,0.0
AMZN,2018-05-31,1,Chronos-LoRA-V1,82.0770034790039,80.684264765721,81.61471521905102,82.54567114370914,0.0,0.0
AMZN,2018-05-31,1,Chronos-LoRA-V2,82.0770034790039,80.65035396201012,81.64333705349028,82.61022986243104,0.0,0.0
AMZN,2018-05-31,1,Chronos-LoRA-V3,82.0770034790039,80.70241025210386,81.63790898469846,82.57753251358159,0.0,0.0
AMZN,2018-05-31,5,Chronos-LoRA-V1,84.46499633789062,77.38157043414776,82.13450475960735,87.17177461907586,0.0,0.0
AMZN,2018-05-31,5,Chronos-LoRA-V2,84.46499633789062,77.30065621891772,82.27616992614509,87.431736683792,0.0,0.0
AMZN,2018-05-31,5,Chronos-LoRA-V3,84.46499633789062,77.44877920959067,82.20439366602128,87.2714338988776,0.0,0.0
AMZN,2018-05-31,10,Chronos-LoRA-V1,86.19300079345703,72.72785469260614,82.82331755678308,94.27457283703184,0.0,0.0
AMZN,2018-05-31,10,Chronos-LoRA-V2,86.19300079345703,73.09887958588544,83.07235574796579,94.06974255185801,0.0,0.0
AMZN,2018-05-31,10,Chronos-LoRA-V3,86.19300079345703,72.94121689069901,82.93520860018134,94.27795425273167,0.0,0.0
AMZN,2018-05-31,20,Chronos-LoRA-V1,85.07250213623047,62.33754019865211,84.2397554104223,113.37473170719187,0.0,0.0
AMZN,2018-05-31,20,Chronos-LoRA-V2,85.07250213623047,64.5489958361748,84.65521277490176,110.07939434796825,0.0,0.0
AMZN,2018-05-31,20,Chronos-LoRA-V3,85.07250213623047,63.176386774607884,84.42172325821548,112.39752538097284,0.0,0.0
AMZN,2018-09-21,1,Chronos-LoRA-V1,96.71800231933594,93.98339490376868,95.90771116992106,97.80680750327254,0.0,0.0
AMZN,2018-09-21,1,Chronos-LoRA-V2,96.71800231933594,94.25590453294662,95.96310392387387,97.6153228127392,0.0,0.0
AMZN,2018-09-21,1,Chronos-LoRA-V3,96.71800231933594,94.13686345006866,95.93525344084811,97.7218950517051,0.0,0.0
AMZN,2018-09-21,5,Chronos-LoRA-V1,100.1500015258789,87.44511748988225,96.58462993819089,106.46251575645586,0.0,0.0
AMZN,2018-09-21,5,Chronos-LoRA-V2,100.1500015258789,88.62945996355884,96.84130854781527,105.40240150929277,0.0,0.0
AMZN,2018-09-21,5,Chronos-LoRA-V3,100.1500015258789,88.06619052028039,96.65590631590173,105.8813004172428,0.0,0.0
AMZN,2018-09-21,10,Chronos-LoRA-V1,94.48249816894533,80.50678219665967,97.53146040501295,117.63017243475143,0.0,0.0
AMZN,2018-09-21,10,Chronos-LoRA-V2,94.48249816894533,82.47240187337552,97.97469910885555,115.5383594123095,0.0,0.0
AMZN,2018-09-21,10,Chronos-LoRA-V3,94.48249816894533,81.53681901319403,97.63992943509732,116.47847570695428,0.0,0.0
AMZN,2018-09-21,20,Chronos-LoRA-V1,88.20149993896484,68.98518217559345,99.39942918454344,142.09074952858424,0.0,0.0
AMZN,2018-09-21,20,Chronos-LoRA-V2,88.20149993896484,71.85155389914598,100.11388638474759,137.81206752047467,0.0,0.0
AMZN,2018-09-21,20,Chronos-LoRA-V3,88.20149993896484,70.6588949850595,99.59990150329119,139.60643026588173,0.0,0.0
AMZN,2019-01-17,1,Chronos-LoRA-V1,84.80999755859375,82.40088989023556,84.83316161994922,87.24704975771132,0.0,0.0
AMZN,2019-01-17,1,Chronos-LoRA-V2,84.80999755859375,82.76397867291712,84.8727417824344,86.94948716321946,0.0,0.0
AMZN,2019-01-17,1,Chronos-LoRA-V3,84.80999755859375,82.53824837848002,84.86712552368276,87.18960958456243,0.0,0.0
AMZN,2019-01-17,5,Chronos-LoRA-V1,83.52850341796875,73.92730958669839,85.54031923874365,98.69812806998925,0.0,0.0
AMZN,2019-01-17,5,Chronos-LoRA-V2,83.52850341796875,75.60697906225292,85.75393094603933,96.83435776586859,0.0,0.0
AMZN,2019-01-17,5,Chronos-LoRA-V3,83.52850341796875,74.45903626195336,85.6214159216372,98.12060463636524,0.0,0.0
AMZN,2019-01-17,10,Chronos-LoRA-V1,81.3115005493164,65.44161487351074,86.52144687865763,114.10425605420335,0.0,0.0
AMZN,2019-01-17,10,Chronos-LoRA-V2,81.3115005493164,67.88195387358385,86.85051227764227,110.22859843963703,0.0,0.0
AMZN,2019-01-17,10,Chronos-LoRA-V3,81.3115005493164,66.07334323655498,86.61341551925706,113.03037729366207,0.0,0.0
AMZN,2019-01-17,20,Chronos-LoRA-V1,80.39749908447266,53.77449590709065,88.23594953612732,144.86207773494436,0.0,0.0
AMZN,2019-01-17,20,Chronos-LoRA-V2,80.39749908447266,54.902151414303425,88.87363488040977,142.18637862316717,0.0,0.0
AMZN,2019-01-17,20,Chronos-LoRA-V3,80.39749908447266,53.72223633355562,88.38614859543483,144.99719218159623,0.0,0.0
AMZN,2019-05-13,1,Chronos-LoRA-V1,92.00599670410156,89.56716418926077,91.32860881656347,93.05458844871086,0.0,0.0
AMZN,2019-05-13,1,Chronos-LoRA-V2,92.00599670410156,89.60522344691134,91.35214061547592,93.03885699862481,0.0,0.0
AMZN,2019-05-13,1,Chronos-LoRA-V3,92.00599670410156,89.63519651245284,91.34882885337282,93.03444371356647,0.0,0.0
AMZN,2019-05-13,5,Chronos-LoRA-V1,92.94850158691406,83.940870127899,92.14513152306026,100.73077921219397,0.0,0.0
AMZN,2019-05-13,5,Chronos-LoRA-V2,92.94850158691406,83.92191176817656,92.25073967356917,100.91364740140001,0.0,0.0
AMZN,2019-05-13,5,Chronos-LoRA-V3,92.94850158691406,84.12169000210828,92.16846198221789,100.66326260242091,0.0,0.0
AMZN,2019-05-13,10,Chronos-LoRA-V1,91.82150268554688,77.67306520866723,93.19846342838483,110.75836546612517,0.0,0.0
AMZN,2019-05-13,10,Chronos-LoRA-V2,91.82150268554688,77.44963727326686,93.40439383047907,111.43343097267329,0.0,0.0
AMZN,2019-05-13,10,Chronos-LoRA-V3,91.82150268554688,77.85434186548355,93.22624999371456,110.7709523471654,0.0,0.0
AMZN,2019-05-13,20,Chronos-LoRA-V1,93.18499755859376,64.06211322315148,95.08627011868067,138.11779462121544,0.0,0.0
AMZN,2019-05-13,20,Chronos-LoRA-V2,93.18499755859376,64.94852946862116,95.42031912608188,137.1975825652726,0.0,0.0
AMZN,2019-05-13,20,Chronos-LoRA-V3,93.18499755859376,64.57946305046579,95.12493231196447,137.6868239526832,0.0,0.0
AMZN,2019-09-04,1,Chronos-LoRA-V1,92.03600311279295,89.26563079634282,90.24510943240445,91.26459768813451,0.0,1.0
AMZN,2019-09-04,1,Chronos-LoRA-V2,92.03600311279295,88.92541772283504,90.24839725487537,91.54090744251273,0.0,1.0
AMZN,2019-09-04,1,Chronos-LoRA-V3,92.03600311279295,89.2120634786802,90.26899114628516,91.35416838199339,0.0,1.0
AMZN,2019-09-04,5,Chronos-LoRA-V1,91.14949798583984,86.09315555313177,91.04813383716935,96.3948824181279,0.0,0.0
AMZN,2019-09-04,5,Chronos-LoRA-V2,91.14949798583984,84.62472381892191,91.08558497018437,97.88756955732651,0.0,0.0
AMZN,2019-09-04,5,Chronos-LoRA-V3,91.14949798583984,85.87338980317547,91.10809163872983,96.8064463133848,0.0,0.0
AMZN,2019-09-04,10,Chronos-LoRA-V1,90.8730010986328,81.7237547693515,92.08750048969235,104.17367631752364,0.0,0.0
AMZN,2019-09-04,10,Chronos-LoRA-V2,90.8730010986328,79.53523291248764,92.16791728262754,106.47834037308897,0.0,0.0
AMZN,2019-09-04,10,Chronos-LoRA-V3,90.8730010986328,81.46594263120235,92.18261667770494,104.72373418022869,0.0,0.0
AMZN,2019-09-04,20,Chronos-LoRA-V1,85.6614990234375,70.60607059290938,94.05492490745796,125.91422610943702,0.0,0.0
AMZN,2019-09-04,20,Chronos-LoRA-V2,85.6614990234375,69.55609265401922,94.19184930998836,126.6060875651161,0.0,0.0
AMZN,2019-09-04,20,Chronos-LoRA-V3,85.6614990234375,71.2562826694954,94.21306908535296,125.06404524224334,0.0,0.0
AMZN,2019-12-26,1,Chronos-LoRA-V1,93.48999786376952,92.1136745377741,93.64499012648486,95.17655166768989,0.0,0.0
AMZN,2019-12-26,1,Chronos-LoRA-V2,93.48999786376952,92.26797173320155,93.65708099241488,95.02223045292632,0.0,0.0
AMZN,2019-12-26,1,Chronos-LoRA-V3,93.48999786376952,92.20913129504892,93.6675119114051,95.1309376069217,0.0,0.0
AMZN,2019-12-26,5,Chronos-LoRA-V1,93.74849700927734,86.99368449002671,94.29570989364855,102.04064888180756,0.0,0.0
AMZN,2019-12-26,5,Chronos-LoRA-V2,93.74849700927734,87.74391796967294,94.38643545470025,101.30791743624165,0.0,0.0
AMZN,2019-12-26,5,Chronos-LoRA-V3,93.74849700927734,87.39012199844551,94.35637998715805,101.79431236179084,0.0,0.0
AMZN,2019-12-26,10,Chronos-LoRA-V1,94.15799713134766,81.074786237132,95.10453493707621,111.07461190916521,0.0,0.0
AMZN,2019-12-26,10,Chronos-LoRA-V2,94.15799713134766,82.43983354363336,95.25450049718027,109.49659456795072,0.0,0.0
AMZN,2019-12-26,10,Chronos-LoRA-V3,94.15799713134766,81.70564615792175,95.206345776086,110.6196196373979,0.0,0.0
AMZN,2019-12-26,20,Chronos-LoRA-V1,91.41699981689452,69.7116696766111,96.59188496500107,132.3182242515888,0.0,0.0
AMZN,2019-12-26,20,Chronos-LoRA-V2,91.41699981689452,71.94141207783406,96.78171177706211,128.69767949667622,0.0,0.0
AMZN,2019-12-26,20,Chronos-LoRA-V3,91.41699981689452,70.8667249551553,96.73200824549512,130.9490782974625,0.0,0.0
AMZN,2020-04-21,1,Chronos-LoRA-V1,118.17449951171876,111.64507774490991,116.53072890764928,121.5066950952517,0.0,0.0
AMZN,2020-04-21,1,Chronos-LoRA-V2,118.17449951171876,112.44797279603911,116.63134929667427,120.75582979915144,0.0,0.0
AMZN,2020-04-21,1,Chronos-LoRA-V3,118.17449951171876,112.05594987530719,116.5937545901324,121.15891303655721,0.0,0.0
AMZN,2020-04-21,5,Chronos-LoRA-V1,115.7040023803711,94.1200920832903,117.06324137987657,144.55317802420853,0.0,0.0
AMZN,2020-04-21,5,Chronos-LoRA-V2,115.7040023803711,97.9264987251415,117.52251951536893,139.8892671007068,0.0,0.0
AMZN,2020-04-21,5,Chronos-LoRA-V3,115.7040023803711,95.91227470145446,117.23046718179253,142.2838279673623,0.0,0.0
AMZN,2020-04-21,10,Chronos-LoRA-V1,115.88999938964844,75.99332859109032,117.85840949903135,180.56402906855953,0.0,0.0
AMZN,2020-04-21,10,Chronos-LoRA-V2,115.88999938964844,82.76555831187176,118.66896620680066,167.9904866931062,0.0,0.0
AMZN,2020-04-21,10,Chronos-LoRA-V3,115.88999938964844,78.91732894380557,118.11029909986031,174.72553578118686,0.0,0.0
AMZN,2020-04-21,20,Chronos-LoRA-V1,122.46649932861328,51.82440556068821,119.21017540143838,269.45345450775284,0.0,0.0
AMZN,2020-04-21,20,Chronos-LoRA-V2,122.46649932861328,60.73497294033434,120.65486529420227,234.4994224994927,0.0,0.0
AMZN,2020-04-21,20,Chronos-LoRA-V3,122.46649932861328,55.219718442363536,119.64704726688952,254.5335307430435,0.0,0.0
AMZN,2020-08-12,1,Chronos-LoRA-V1,158.05099487304688,154.57915121743397,158.3314740368668,162.12021995280628,0.0,0.0
AMZN,2020-08-12,1,Chronos-LoRA-V2,158.05099487304688,154.77232368046023,158.39941646330425,161.9705530257359,0.0,0.0
AMZN,2020-08-12,1,Chronos-LoRA-V3,158.05099487304688,154.84761863190562,158.3909363930402,161.9575517573824,0.0,0.0
AMZN,2020-08-12,5,Chronos-LoRA-V1,163.0240020751953,140.91635917177047,159.24885379749028,179.6954925970987,0.0,0.0
AMZN,2020-08-12,5,Chronos-LoRA-V2,163.0240020751953,142.00731999439805,159.63888582845124,178.7369709110808,0.0,0.0
AMZN,2020-08-12,5,Chronos-LoRA-V3,163.0240020751953,142.21637254122183,159.40011957164265,178.45195748464536,0.0,0.0
AMZN,2020-08-12,10,Chronos-LoRA-V1,172.09249877929688,125.72825685854849,160.50842277504654,203.78435232487243,0.0,0.0
AMZN,2020-08-12,10,Chronos-LoRA-V2,172.09249877929688,127.78800083167239,161.2216253238833,201.47251120960004,0.0,0.0
AMZN,2020-08-12,10,Chronos-LoRA-V3,172.09249877929688,127.91225816286205,160.72737663502465,200.91499965911166,0.0,0.0
AMZN,2020-08-12,20,Chronos-LoRA-V1,158.7554931640625,98.92239319394666,162.61113032181404,265.5290567276316,0.0,0.0
AMZN,2020-08-12,20,Chronos-LoRA-V2,158.7554931640625,103.03270604418482,163.9931369192953,256.90660170378015,0.0,0.0
AMZN,2020-08-12,20,Chronos-LoRA-V3,158.7554931640625,102.8949798125768,163.0309448320277,256.2959028508836,0.0,0.0
AMZN,2020-12-03,1,Chronos-LoRA-V1,158.12899780273438,156.5104390280908,159.58736959963764,162.6779489143453,0.0,0.0
AMZN,2020-12-03,1,Chronos-LoRA-V2,158.12899780273438,156.6116242238006,159.63278999420615,162.5878159130722,0.0,0.0
AMZN,2020-12-03,1,Chronos-LoRA-V3,158.12899780273438,156.66206728810883,159.63194560874337,162.62589414728248,0.0,0.0
AMZN,2020-12-03,5,Chronos-LoRA-V1,155.07449340820312,145.4649540474775,160.54273805743202,177.02050404292686,0.0,0.0
AMZN,2020-12-03,5,Chronos-LoRA-V2,155.07449340820312,145.96968989071758,160.77901791312001,176.62325031520507,0.0,0.0
AMZN,2020-12-03,5,Chronos-LoRA-V3,155.07449340820312,146.19276298661356,160.63851256504884,176.47483849095,0.0,0.0
AMZN,2020-12-03,10,Chronos-LoRA-V1,161.8040008544922,132.82533300363096,161.79343145894603,196.52259022820047,0.0,0.0
AMZN,2020-12-03,10,Chronos-LoRA-V2,161.8040008544922,133.71752062002813,162.22516894459991,195.65014012826484,0.0,0.0
AMZN,2020-12-03,10,Chronos-LoRA-V3,161.8040008544922,134.01326409832734,161.90888997978817,195.34200799452938,0.0,0.0
AMZN,2020-12-03,20,Chronos-LoRA-V1,159.3314971923828,111.58341147075254,163.76741695608683,239.73174811325265,0.0,0.0
AMZN,2020-12-03,20,Chronos-LoRA-V2,159.3314971923828,112.0531955670911,164.7446325022888,240.01969675335087,0.0,0.0
AMZN,2020-12-03,20,Chronos-LoRA-V3,159.3314971923828,113.20003974421601,164.0442504942036,237.5886069191237,0.0,0.0
AMZN,2021-03-30,1,Chronos-LoRA-V1,154.70399475097656,149.68186414764054,152.88733728938055,156.1489835303043,0.0,0.0
AMZN,2021-03-30,1,Chronos-LoRA-V2,154.70399475097656,150.0135162139495,152.93652686869055,155.81991939858068,0.0,0.0
AMZN,2021-03-30,1,Chronos-LoRA-V3,154.70399475097656,149.92500330134519,152.93772349062908,156.00262017211767,0.0,0.0
AMZN,2021-03-30,5,Chronos-LoRA-V1,163.96949768066406,137.66207726630154,153.38766450862332,170.86239452992092,0.0,0.0
AMZN,2021-03-30,5,Chronos-LoRA-V2,163.96949768066406,139.37269058019112,153.67977042260745,169.0369505067133,0.0,0.0
AMZN,2021-03-30,5,Chronos-LoRA-V3,163.96949768066406,138.85551418918493,153.52423762016974,169.77694027931844,0.0,0.0
AMZN,2021-03-30,10,Chronos-LoRA-V1,166.64999389648438,123.5967179896129,154.02572889059283,191.7202300669039,0.0,0.0
AMZN,2021-03-30,10,Chronos-LoRA-V2,166.64999389648438,127.03151416982354,154.59779096811602,187.11665816687793,0.0,0.0
AMZN,2021-03-30,10,Chronos-LoRA-V3,166.64999389648438,125.78555315023003,154.26009647691424,189.043304050928,0.0,0.0
AMZN,2021-03-30,20,Chronos-LoRA-V1,172.9250030517578,97.53747877243215,154.8484986410576,245.10071966204907,0.0,0.0
AMZN,2021-03-30,20,Chronos-LoRA-V2,172.9250030517578,104.11652782787317,156.04865357059734,231.06897049600792,0.0,0.0
AMZN,2021-03-30,20,Chronos-LoRA-V3,172.9250030517578,101.78701820567603,155.27239708425523,236.36353239367085,0.0,0.0
AMZN,2021-07-22,1,Chronos-LoRA-V1,182.83200073242188,179.10447628043295,182.04175530721932,185.05428209071553,0.0,0.0
AMZN,2021-07-22,1,Chronos-LoRA-V2,182.83200073242188,179.1847977547008,182.1286389470212,185.07756429361098,0.0,0.0
AMZN,2021-07-22,1,Chronos-LoRA-V3,182.83200073242188,179.1407247983433,182.10768103667246,185.16469075941484,0.0,0.0
AMZN,2021-07-22,5,Chronos-LoRA-V1,179.99600219726562,167.78727639066034,182.44717882299082,198.65828238513652,0.0,0.0
AMZN,2021-07-22,5,Chronos-LoRA-V2,179.99600219726562,168.439288587811,182.92023854064627,198.61381865023532,0.0,0.0
AMZN,2021-07-22,5,Chronos-LoRA-V3,179.99600219726562,167.90275776351262,182.6553251953889,199.1340910276733,0.0,0.0
AMZN,2021-07-22,10,Chronos-LoRA-V1,168.79949951171875,153.84505599554674,182.97092733310097,218.252082887629,0.0,0.0
AMZN,2021-07-22,10,Chronos-LoRA-V2,168.79949951171875,155.65881813067665,183.92573595294627,217.03296893105622,0.0,0.0
AMZN,2021-07-22,10,Chronos-LoRA-V3,168.79949951171875,154.12597008151553,183.3256450422673,218.84678412598416,0.0,0.0
AMZN,2021-07-22,20,Chronos-LoRA-V1,159.3874969482422,122.44881161653262,184.10546883787956,277.6847877940932,0.0,0.0
AMZN,2021-07-22,20,Chronos-LoRA-V2,159.3874969482422,130.19783177733342,185.7318552992083,264.0409351225914,0.0,0.0
AMZN,2021-07-22,20,Chronos-LoRA-V3,159.3874969482422,124.4146509180765,184.68139143862783,274.7583972744355,0.0,0.0
AMZN,2021-11-11,1,Chronos-LoRA-V1,176.25750732421875,170.69701626972804,173.83949736616125,177.006003386897,0.0,0.0
AMZN,2021-11-11,1,Chronos-LoRA-V2,176.25750732421875,170.74894602444587,173.91876021253302,177.02558861313415,0.0,0.0
AMZN,2021-11-11,1,Chronos-LoRA-V3,176.25750732421875,170.82152843295418,173.91214906684266,177.03027554060623,0.0,0.0
AMZN,2021-11-11,5,Chronos-LoRA-V1,184.8029937744141,159.23337613794055,174.66541910272875,191.5806586806679,0.0,0.0
AMZN,2021-11-11,5,Chronos-LoRA-V2,184.8029937744141,159.55178181452487,175.06598763830075,191.63833380082548,0.0,0.0
AMZN,2021-11-11,5,Chronos-LoRA-V3,184.8029937744141,159.7559285439363,174.8927964980277,191.4987855526245,0.0,0.0
AMZN,2021-11-11,10,Chronos-LoRA-V1,175.22799682617188,145.9335736322399,175.8416856624131,211.5122851042868,0.0,0.0
AMZN,2021-11-11,10,Chronos-LoRA-V2,175.22799682617188,146.63044754476215,176.5379947679922,211.35956724918984,0.0,0.0
AMZN,2021-11-11,10,Chronos-LoRA-V3,175.22799682617188,146.7457628223166,176.19756017553948,211.25943363200085,0.0,0.0
AMZN,2021-11-11,20,Chronos-LoRA-V1,172.21200561523438,122.03120032249885,177.85108331486992,257.7404409024017,0.0,0.0
AMZN,2021-11-11,20,Chronos-LoRA-V2,172.21200561523438,123.64327712381078,179.1618617220386,256.60900042525935,0.0,0.0
AMZN,2021-11-11,20,Chronos-LoRA-V3,172.21200561523438,123.56061658036941,178.56523257191222,256.8572832691961,0.0,0.0
AMZN,2022-03-08,1,Chronos-LoRA-V1,139.2790069580078,131.1524419619932,136.11052515668388,141.15222636578676,0.0,0.0
AMZN,2022-03-08,1,Chronos-LoRA-V2,139.2790069580078,131.94440865262484,136.18823072928004,140.44403180781626,0.0,0.0
AMZN,2022-03-08,1,Chronos-LoRA-V3,139.2790069580078,131.71846184261267,136.1735195157441,140.67264766156262,0.0,0.0
AMZN,2022-03-08,5,Chronos-LoRA-V1,147.3665008544922,113.63845509140361,136.57694668241504,164.00770213532525,0.0,0.0
AMZN,2022-03-08,5,Chronos-LoRA-V2,147.3665008544922,117.00856272974592,136.96120307450377,159.71367694203641,0.0,0.0
AMZN,2022-03-08,5,Chronos-LoRA-V3,147.3665008544922,115.8835768640545,136.7424944854979,160.74260331007707,0.0,0.0
AMZN,2022-03-08,10,Chronos-LoRA-V1,164.88900756835938,97.21898149307113,137.41252930163412,193.37650025681458,0.0,0.0
AMZN,2022-03-08,10,Chronos-LoRA-V2,164.88900756835938,101.69574695479504,138.05151866752743,185.6452955817281,0.0,0.0
AMZN,2022-03-08,10,Chronos-LoRA-V3,164.88900756835938,99.97373785394437,137.60943996597453,187.78683674436132,0.0,0.0
AMZN,2022-03-08,20,Chronos-LoRA-V1,164.05499267578125,72.24141663357817,138.6605157073767,262.61268813046365,0.0,0.0
AMZN,2022-03-08,20,Chronos-LoRA-V2,164.05499267578125,78.28268381190708,139.83706861185698,245.29634563477848,0.0,0.0
AMZN,2022-03-08,20,Chronos-LoRA-V3,164.05499267578125,75.30154679496243,138.96457134502174,252.42275908272268,0.0,0.0
AMZN,2022-06-30,1,Chronos-LoRA-V1,109.55999755859376,101.63090491771571,106.15154553237552,110.77315103312407,0.0,0.0
AMZN,2022-06-30,1,Chronos-LoRA-V2,109.55999755859376,102.15746692116343,106.25427616590333,110.35764529101543,0.0,0.0
AMZN,2022-06-30,1,Chronos-LoRA-V3,109.55999755859376,102.06134308892564,106.2254143278197,110.49695205460719,0.0,0.0
AMZN,2022-06-30,5,Chronos-LoRA-V1,115.54000091552734,85.16790557714094,105.98365447836657,131.24085495144533,0.0,0.0
AMZN,2022-06-30,5,Chronos-LoRA-V2,115.54000091552734,87.38397646211882,106.48442486444618,128.74497313117107,0.0,0.0
AMZN,2022-06-30,5,Chronos-LoRA-V3,115.54000091552734,86.81108744172224,106.19241600084042,129.219156441066,0.0,0.0
AMZN,2022-06-30,10,Chronos-LoRA-V1,113.5500030517578,68.12177597575378,105.85210289639889,163.20937316859832,0.0,0.0
AMZN,2022-06-30,10,Chronos-LoRA-V2,113.5500030517578,71.89892427329058,106.78553444576633,156.38231118971083,0.0,0.0
AMZN,2022-06-30,10,Chronos-LoRA-V3,113.5500030517578,70.69673898824091,106.18149867624383,157.84075870353053,0.0,0.0
AMZN,2022-06-30,20,Chronos-LoRA-V1,134.9499969482422,42.76768667007594,105.26708765450222,255.44923369434343,0.0,0.0
AMZN,2022-06-30,20,Chronos-LoRA-V2,134.9499969482422,48.10665795647208,107.10233758176203,232.38375388220715,0.0,0.0
AMZN,2022-06-30,20,Chronos-LoRA-V3,134.9499969482422,46.22287499693794,105.8804841771956,237.90903944879915,0.0,0.0
AMZN,2022-10-21,1,Chronos-LoRA-V1,119.81999969482422,115.34653638655023,119.29674383346327,123.2972241404521,0.0,0.0
AMZN,2022-10-21,1,Chronos-LoRA-V2,119.81999969482422,115.65744572315863,119.37961629363117,123.09047012416613,0.0,0.0
AMZN,2022-10-21,1,Chronos-LoRA-V3,119.81999969482422,115.60266675922716,119.36866889266422,123.16527854376285,0.0,0.0
AMZN,2022-10-21,5,Chronos-LoRA-V1,103.41000366210938,100.85653818553673,119.1165460918056,140.05970764400976,0.0,0.0
AMZN,2022-10-21,5,Chronos-LoRA-V2,103.41000366210938,102.12472386065834,119.56285488726368,139.17103989866706,0.0,0.0
AMZN,2022-10-21,5,Chronos-LoRA-V3,103.41000366210938,101.78130033835707,119.34755456335479,139.21365492412147,0.0,0.0
AMZN,2022-10-21,10,Chronos-LoRA-V1,90.9800033569336,85.387438647542,118.89906187694517,164.2110995046781,0.0,0.0
AMZN,2022-10-21,10,Chronos-LoRA-V2,90.9800033569336,87.5365354641152,119.76176793770966,161.93719158347918,0.0,0.0
AMZN,2022-10-21,10,Chronos-LoRA-V3,90.9800033569336,86.84075911518363,119.27618908435379,162.10101446264542,0.0,0.0
AMZN,2022-10-21,20,Chronos-LoRA-V1,94.13999938964844,61.04052074078665,118.51825295875334,226.34381975367154,0.0,0.0
AMZN,2022-10-21,20,Chronos-LoRA-V2,94.13999938964844,64.32358035964167,119.95143740694286,218.70416537153042,0.0,0.0
AMZN,2022-10-21,20,Chronos-LoRA-V3,94.13999938964844,63.3024737362397,119.14617221983833,219.97177439360996,0.0,0.0
AMZN,2023-02-15,1,Chronos-LoRA-V1,98.1500015258789,98.12183410908646,101.11025668570987,104.22558284613335,0.0,0.0
AMZN,2023-02-15,1,Chronos-LoRA-V2,98.1500015258789,98.20403634931223,101.17528230076637,104.16854753560935,1.0,0.0
AMZN,2023-02-15,1,Chronos-LoRA-V3,98.1500015258789,98.23473042594298,101.17419564752787,104.2148415065559,1.0,0.0
AMZN,2023-02-15,5,Chronos-LoRA-V1,95.81999969482422,86.56915738975644,100.85332155885901,117.67265662431296,0.0,0.0
AMZN,2023-02-15,5,Chronos-LoRA-V2,95.81999969482422,87.0455375247171,101.20763138225735,117.2571610112754,0.0,0.0
AMZN,2023-02-15,5,Chronos-LoRA-V3,95.81999969482422,87.01196131452714,101.06252420628196,117.43702453789955,0.0,0.0
AMZN,2023-02-15,10,Chronos-LoRA-V1,92.12999725341795,73.95597128095973,100.51031184765438,137.0152702656142,0.0,0.0
AMZN,2023-02-15,10,Chronos-LoRA-V2,92.12999725341795,74.86035116302153,101.21087134010395,135.90293797774115,0.0,0.0
AMZN,2023-02-15,10,Chronos-LoRA-V3,92.12999725341795,74.59430829332456,100.87165286247821,136.4390758215845,0.0,0.0
AMZN,2023-02-15,20,Chronos-LoRA-V1,100.04000091552734,54.203596077728896,99.83692697943485,185.51551521149645,0.0,0.0
AMZN,2023-02-15,20,Chronos-LoRA-V2,100.04000091552734,55.45065132372556,100.97614066428685,182.25278153861106,0.0,0.0
AMZN,2023-02-15,20,Chronos-LoRA-V3,100.04000091552734,55.10925359068849,100.45074695912119,183.82497453091264,0.0,0.0
AMZN,2023-06-09,1,Chronos-LoRA-V1,126.56999969482422,120.64619099812239,123.52213384140603,126.51345118983676,0.0,1.0
AMZN,2023-06-09,1,Chronos-LoRA-V2,126.56999969482422,120.5859149777467,123.52829503553657,126.45886364913433,0.0,1.0
AMZN,2023-06-09,1,Chronos-LoRA-V3,126.56999969482422,120.71801973376122,123.56252639254603,126.49462936603365,0.0,1.0
AMZN,2023-06-09,5,Chronos-LoRA-V1,125.48999786376952,110.15710626540148,123.85345769992865,139.56410027753662,0.0,0.0
AMZN,2023-06-09,5,Chronos-LoRA-V2,125.48999786376952,109.8223606822426,123.86166258319199,139.36283393635418,0.0,0.0
AMZN,2023-06-09,5,Chronos-LoRA-V3,125.48999786376952,110.38723319214412,123.92998886592379,139.32263232738612,0.0,0.0
AMZN,2023-06-09,10,Chronos-LoRA-V1,127.33000183105467,98.35096900108121,124.26078661540183,157.51328116339474,0.0,0.0
AMZN,2023-06-09,10,Chronos-LoRA-V2,127.33000183105467,97.73815362595536,124.2351738058608,157.13807984977734,0.0,0.0
AMZN,2023-06-09,10,Chronos-LoRA-V3,127.33000183105467,98.62208065574272,124.32554375927161,156.97997671515046,0.0,0.0
AMZN,2023-06-09,20,Chronos-LoRA-V1,128.77999877929688,77.68213598959542,124.7630598409365,201.85080473528672,0.0,0.0
AMZN,2023-06-09,20,Chronos-LoRA-V2,128.77999877929688,77.09668162631903,124.67201482678847,199.79076943184862,0.0,0.0
AMZN,2023-06-09,20,Chronos-LoRA-V3,128.77999877929688,78.08442861298269,124.88387510420476,200.39912036966578,0.0,0.0
AMZN,2023-10-03,1,Chronos-LoRA-V1,127.0,121.40694388698259,124.68623029662751,128.09766684179294,0.0,0.0
AMZN,2023-10-03,1,Chronos-LoRA-V2,127.0,121.39160726830613,124.74694523545288,128.1191763349414,0.0,0.0
AMZN,2023-10-03,1,Chronos-LoRA-V3,127.0,121.55575810083695,124.75098019077507,128.0711496186823,0.0,0.0
AMZN,2023-10-03,5,Chronos-LoRA-V1,129.47999572753906,108.85338089638871,124.5787346541889,142.87305843826877,0.0,0.0
AMZN,2023-10-03,5,Chronos-LoRA-V2,129.47999572753906,108.87471932510316,124.84933650601944,142.85808614535367,0.0,0.0
AMZN,2023-10-03,5,Chronos-LoRA-V3,129.47999572753906,109.47386071958667,124.76458939349821,142.5228101634065,0.0,0.0
AMZN,2023-10-03,10,Chronos-LoRA-V1,131.47000122070312,94.85110561600442,124.44896376417981,163.85921409203874,0.0,0.0
AMZN,2023-10-03,10,Chronos-LoRA-V2,131.47000122070312,95.10014650786128,124.94093420117714,163.49340333088995,0.0,0.0
AMZN,2023-10-03,10,Chronos-LoRA-V3,131.47000122070312,95.82867493443547,124.7435017509421,162.94386020334102,0.0,0.0
AMZN,2023-10-03,20,Chronos-LoRA-V1,133.08999633789062,72.99052709640253,124.05891142750868,212.7208608481384,0.0,0.0
AMZN,2023-10-03,20,Chronos-LoRA-V2,133.08999633789062,73.13919821208049,124.7651832585449,211.59148186924045,0.0,0.0
AMZN,2023-10-03,20,Chronos-LoRA-V3,133.08999633789062,74.47812674618069,124.5515268413597,209.99366043717652,0.0,0.0
AMZN,2024-01-26,1,Chronos-LoRA-V1,161.25999450683594,156.56846235122907,159.33393925734583,162.06570270375147,0.0,0.0
AMZN,2024-01-26,1,Chronos-LoRA-V2,161.25999450683594,156.57084616515021,159.33521574292348,162.01049237656994,0.0,0.0
AMZN,2024-01-26,1,Chronos-LoRA-V3,161.25999450683594,156.68275855855293,159.3898655809622,162.07315727507205,0.0,0.0
AMZN,2024-01-26,5,Chronos-LoRA-V1,171.80999755859375,146.7866552757749,160.08478322225452,174.31914950119906,0.0,0.0
AMZN,2024-01-26,5,Chronos-LoRA-V2,171.80999755859375,146.74216922592993,160.07829120491738,174.14404652191118,0.0,0.0
AMZN,2024-01-26,5,Chronos-LoRA-V3,171.80999755859375,147.26466284012042,160.21186969197956,174.17824092016974,0.0,0.0
AMZN,2024-01-26,10,Chronos-LoRA-V1,174.4499969482422,135.8336487979762,161.04865723963619,190.38464182288368,0.0,0.0
AMZN,2024-01-26,10,Chronos-LoRA-V2,174.4499969482422,135.58223609596595,160.99686022935572,190.218811956019,0.0,0.0
AMZN,2024-01-26,10,Chronos-LoRA-V3,174.4499969482422,136.53689341754753,161.22835349730096,190.19884408423127,0.0,0.0
AMZN,2024-01-26,20,Chronos-LoRA-V1,174.72999572753906,116.38099897355933,162.65281485192426,226.1947606890695,0.0,0.0
AMZN,2024-01-26,20,Chronos-LoRA-V2,174.72999572753906,115.37135126575939,162.6301025850633,226.89140118950718,0.0,0.0
AMZN,2024-01-26,20,Chronos-LoRA-V3,174.72999572753906,117.59372358075655,163.06395012955508,225.89324910254916,0.0,0.0
AMZN,2024-05-20,1,Chronos-LoRA-V1,183.1499938964844,180.81489699056286,183.78546341263007,186.8303755991119,0.0,0.0
AMZN,2024-05-20,1,Chronos-LoRA-V2,183.1499938964844,180.60082838862857,183.81054824417038,187.00608685057978,0.0,0.0
AMZN,2024-05-20,1,Chronos-LoRA-V3,183.1499938964844,180.8878766169728,183.86525017293593,186.9018330445167,0.0,0.0
AMZN,2024-05-20,5,Chronos-LoRA-V1,182.1499938964844,170.28065129996892,184.69552082080847,200.70281072436393,0.0,0.0
AMZN,2024-05-20,5,Chronos-LoRA-V2,182.1499938964844,169.19678120444706,184.8132071026085,201.7850681227327,0.0,0.0
AMZN,2024-05-20,5,Chronos-LoRA-V3,182.1499938964844,170.55145762826322,184.93225700525608,200.86902812772635,0.0,0.0
AMZN,2024-05-20,10,Chronos-LoRA-V1,179.33999633789062,158.39628043658823,185.9671376595985,218.98403313112848,0.0,0.0
AMZN,2024-05-20,10,Chronos-LoRA-V2,179.33999633789062,156.25765021602635,186.12325930644343,221.43797293436495,0.0,0.0
AMZN,2024-05-20,10,Chronos-LoRA-V3,179.33999633789062,158.63192028073402,186.34687626832542,219.56430394920898,0.0,0.0
AMZN,2024-05-20,20,Chronos-LoRA-V1,182.80999755859372,136.81096691851545,188.25196141069713,260.69222131303326,0.0,0.0
AMZN,2024-05-20,20,Chronos-LoRA-V2,182.80999755859372,133.0865069093813,188.53689626062913,266.2427111115564,0.0,0.0
AMZN,2024-05-20,20,Chronos-LoRA-V3,182.80999755859372,137.2318301085895,189.00713046356915,261.8581860377733,0.0,0.0
AMZN,2024-09-12,1,Chronos-LoRA-V1,186.4900054931641,182.4720763066757,187.18251512614307,191.99246982277384,0.0,0.0
AMZN,2024-09-12,1,Chronos-LoRA-V2,186.4900054931641,182.97569118103695,187.2541456000461,191.46425115365568,0.0,0.0
AMZN,2024-09-12,1,Chronos-LoRA-V3,186.4900054931641,182.8020099324282,187.27112462970533,191.8134763921676,0.0,0.0
AMZN,2024-09-12,5,Chronos-LoRA-V1,189.8699951171875,165.294929687032,187.87775161531556,213.35165521912347,0.0,0.0
AMZN,2024-09-12,5,Chronos-LoRA-V2,189.8699951171875,167.6652667576142,188.32462191401862,210.6947236942183,0.0,0.0
AMZN,2024-09-12,5,Chronos-LoRA-V3,189.8699951171875,166.68403168666748,188.1128614870841,212.0772209166848,0.0,0.0
AMZN,2024-09-12,10,Chronos-LoRA-V1,191.16000366210935,146.11807613607732,188.70878918423634,242.86534906915062,0.0,0.0
AMZN,2024-09-12,10,Chronos-LoRA-V2,191.16000366210935,150.49979372321786,189.5470065721887,236.75107136153366,0.0,0.0
AMZN,2024-09-12,10,Chronos-LoRA-V3,191.16000366210935,148.37898991958824,189.08855894419662,239.96694887091877,0.0,0.0
AMZN,2024-09-12,20,Chronos-LoRA-V1,186.6499938964844,111.3949203861986,190.32386440553697,321.7126140978826,0.0,0.0
AMZN,2024-09-12,20,Chronos-LoRA-V2,186.6499938964844,119.78889305382815,191.85237352710237,302.0865352031705,0.0,0.0
AMZN,2024-09-12,20,Chronos-LoRA-V3,186.6499938964844,115.54144536263489,190.85566884977706,311.89188319929,0.0,0.0
AMZN,2025-01-06,1,Chronos-LoRA-V1,222.1100006103516,223.2843087765448,228.04578054577308,232.8036797901033,1.0,0.0
AMZN,2025-01-06,1,Chronos-LoRA-V2,222.1100006103516,223.4596933730262,228.10392512734114,232.65941699797318,1.0,0.0
AMZN,2025-01-06,1,Chronos-LoRA-V3,222.1100006103516,223.4387635906646,228.13689671811827,232.83685793382747,1.0,0.0
AMZN,2025-01-06,5,Chronos-LoRA-V1,217.75999450683597,206.2843237271395,229.7631834932422,255.3637370126086,0.0,0.0
AMZN,2025-01-06,5,Chronos-LoRA-V2,217.75999450683597,207.5021453563458,230.18728149227167,254.3623784100644,0.0,0.0
AMZN,2025-01-06,5,Chronos-LoRA-V3,217.75999450683597,207.0348723952407,230.03279981687427,255.12249378253034,0.0,0.0
AMZN,2025-01-06,10,Chronos-LoRA-V1,235.00999450683597,186.20029052818893,231.92541169051094,287.36648255686805,0.0,0.0
AMZN,2025-01-06,10,Chronos-LoRA-V2,235.00999450683597,189.05237468684962,232.7165528161868,284.2886666590809,0.0,0.0
AMZN,2025-01-06,10,Chronos-LoRA-V3,235.00999450683597,187.4960971270195,232.34777172576642,286.6194632479234,0.0,0.0
AMZN,2025-01-06,20,Chronos-LoRA-V1,236.1699981689453,151.2911962972547,236.1110855618695,364.0315634592704,0.0,0.0
AMZN,2025-01-06,20,Chronos-LoRA-V2,236.1699981689453,156.34542368730231,237.56805188760677,355.2974478139339,0.0,0.0
AMZN,2025-01-06,20,Chronos-LoRA-V3,236.1699981689453,153.35069426595834,236.82709883734563,361.95448474586385,0.0,0.0
AMZN,2025-05-01,1,Chronos-LoRA-V1,189.97999572753903,184.70735954628668,190.46038180091276,196.24280316320667,0.0,0.0
AMZN,2025-05-01,1,Chronos-LoRA-V2,189.97999572753903,184.9765265351618,190.57974762962357,196.15114545307875,0.0,0.0
AMZN,2025-05-01,1,Chronos-LoRA-V3,189.97999572753903,185.1194554963859,190.54342653651204,196.0135940214082,0.0,0.0
AMZN,2025-05-01,5,Chronos-LoRA-V1,192.0800018310547,164.20925346681227,191.4318490496969,222.2218296463101,0.0,0.0
AMZN,2025-05-01,5,Chronos-LoRA-V2,192.0800018310547,165.57063909369617,192.17035472018765,221.6904854478852,0.0,0.0
AMZN,2025-05-01,5,Chronos-LoRA-V3,192.0800018310547,165.90886641434446,191.69825642847346,220.4548490949234,0.0,0.0
AMZN,2025-05-01,10,Chronos-LoRA-V1,205.1699981689453,142.56957530269216,192.7749766397537,258.6719692632348,0.0,0.0
AMZN,2025-05-01,10,Chronos-LoRA-V2,205.1699981689453,144.516480455114,194.14101227204944,257.68317710086643,0.0,0.0
AMZN,2025-05-01,10,Chronos-LoRA-V3,205.1699981689453,144.96117292923398,193.1666351918512,254.89079408158534,0.0,0.0
AMZN,2025-05-01,20,Chronos-LoRA-V1,205.00999450683597,108.4065963663332,195.49365124469682,347.7520880086104,0.0,0.0
AMZN,2025-05-01,20,Chronos-LoRA-V2,205.00999450683597,110.15848320321142,197.69581026941387,347.04986153397334,0.0,0.0
AMZN,2025-05-01,20,Chronos-LoRA-V3,205.00999450683597,110.94647820981456,196.10034178635496,340.8611641282464,0.0,0.0
AMZN,2025-08-25,1,Chronos-LoRA-V1,228.7100067138672,222.5715408505361,228.24418572696428,233.8183967587708,0.0,0.0
AMZN,2025-08-25,1,Chronos-LoRA-V2,228.7100067138672,223.34774870360098,228.30828187595753,233.08140363215443,0.0,0.0
AMZN,2025-08-25,1,Chronos-LoRA-V3,228.7100067138672,223.0261027195866,228.32625589775685,233.52164590752903,0.0,0.0
AMZN,2025-08-25,5,Chronos-LoRA-V1,225.33999633789065,203.86077645184366,229.46576697431155,256.75713554797807,0.0,0.0
AMZN,2025-08-25,5,Chronos-LoRA-V2,225.33999633789065,206.24161588688568,229.775438249684,254.48984101051397,0.0,0.0
AMZN,2025-08-25,5,Chronos-LoRA-V3,225.33999633789065,205.29823492095738,229.68840989336866,255.6591116413569,0.0,0.0
AMZN,2025-08-25,10,Chronos-LoRA-V1,238.2400054931641,184.2972195157636,231.12105704743104,287.3828267232002,0.0,0.0
AMZN,2025-08-25,10,Chronos-LoRA-V2,238.2400054931641,187.09162320453405,231.57535907926086,283.6282809792693,0.0,0.0
AMZN,2025-08-25,10,Chronos-LoRA-V3,238.2400054931641,186.1984280986943,231.4107822675706,285.3960665580421,0.0,0.0
AMZN,2025-08-25,20,Chronos-LoRA-V1,220.7100067138672,146.0937679578131,233.50368242168975,367.20604536219906,0.0,0.0
AMZN,2025-08-25,20,Chronos-LoRA-V2,220.7100067138672,152.38461439511437,234.84001496921178,354.25634896296265,0.0,0.0
AMZN,2025-08-25,20,Chronos-LoRA-V3,220.7100067138672,149.39715233515807,234.14527775934388,361.68160837859887,0.0,0.0
AMZN,2025-12-16,1,Chronos-LoRA-V1,221.2700042724609,217.64384501822718,222.7580254591854,227.97364557388678,0.0,0.0
AMZN,2025-12-16,1,Chronos-LoRA-V2,221.2700042724609,218.0022861459825,222.85047647731133,227.6535817703181,0.0,0.0
AMZN,2025-12-16,1,Chronos-LoRA-V3,221.2700042724609,217.89749078108844,222.8498960765744,227.90918590468843,0.0,0.0
AMZN,2025-12-16,5,Chronos-LoRA-V1,232.13999938964844,198.91734609736392,223.55435331699013,251.0772283465711,0.0,0.0
AMZN,2025-12-16,5,Chronos-LoRA-V2,232.13999938964844,200.677962621817,224.06242765154855,249.31807696879275,0.0,0.0
AMZN,2025-12-16,5,Chronos-LoRA-V3,232.13999938964844,199.9253659888913,223.82829177252808,250.5254917405981,0.0,0.0
AMZN,2025-12-16,10,Chronos-LoRA-V1,230.82000732421875,176.6318446057364,224.77590527032677,284.9061126342576,0.0,0.0
AMZN,2025-12-16,10,Chronos-LoRA-V2,230.82000732421875,180.89158737828566,225.65257386233054,279.28342560563027,0.0,0.0
AMZN,2025-12-16,10,Chronos-LoRA-V3,230.82000732421875,178.46457435786257,225.17344258080425,283.1676567734687,0.0,0.0
AMZN,2025-12-16,20,Chronos-LoRA-V1,238.17999267578125,136.93290255880262,227.01136217416823,373.0444597050806,0.0,0.0
AMZN,2025-12-16,20,Chronos-LoRA-V2,238.17999267578125,145.57579049414727,228.36567400650065,353.1109026126174,0.0,0.0
AMZN,2025-12-16,20,Chronos-LoRA-V3,238.17999267578125,140.36632900481212,227.6868563309373,366.44045270949556,0.0,0.0
AMZN,2026-04-13,1,Chronos-LoRA-V1,249.0200042724609,234.52903212057592,240.12488345007495,245.75905935125994,0.0,1.0
AMZN,2026-04-13,1,Chronos-LoRA-V2,249.0200042724609,234.80494487124562,240.22460185327085,245.59548040817904,0.0,1.0
AMZN,2026-04-13,1,Chronos-LoRA-V3,249.0200042724609,234.7424669310894,240.22999053653695,245.79744248096412,0.0,1.0
AMZN,2026-04-13,5,Chronos-LoRA-V1,248.27999877929688,213.79394362216254,240.90309856603466,270.7456074680218,0.0,0.0
AMZN,2026-04-13,5,Chronos-LoRA-V2,248.27999877929688,215.36860318516895,241.44206797191944,269.64003221740126,0.0,0.0
AMZN,2026-04-13,5,Chronos-LoRA-V3,248.27999877929688,214.765641111594,241.23797233930716,270.57651102002814,0.0,0.0
AMZN,2026-04-13,10,Chronos-LoRA-V1,261.1199951171875,190.10237853497415,241.84553035217039,305.6045715001311,0.0,0.0
AMZN,2026-04-13,10,Chronos-LoRA-V2,261.1199951171875,193.28283424586047,242.8564061149246,302.5933085805446,0.0,0.0
AMZN,2026-04-13,10,Chronos-LoRA-V3,261.1199951171875,191.66070184128765,242.39588781244663,305.0029570542751,0.0,0.0
AMZN,2026-04-13,20,Chronos-LoRA-V1,268.989990234375,150.6318701869411,243.38938833378984,388.3719732913392,0.0,0.0
AMZN,2026-04-13,20,Chronos-LoRA-V2,268.989990234375,155.03306526296328,245.11880244397992,381.2507464765689,0.0,0.0
AMZN,2026-04-13,20,Chronos-LoRA-V3,268.989990234375,152.8155742089923,244.2355711660752,386.5560208838442,0.0,0.0
AMZN,2026-08-06,1,Chronos-LoRA-V1,274.4800109863281,263.77205635278335,272.5653177426421,281.5804163414406,0.0,0.0
AMZN,2026-08-06,1,Chronos-LoRA-V2,274.4800109863281,264.82137273437854,272.68005274444903,280.60489285467344,0.0,0.0
AMZN,2026-08-06,1,Chronos-LoRA-V3,274.4800109863281,264.99867715479354,272.6891249885321,280.5731305900209,0.0,0.0
AMZN,2026-08-06,5,Chronos-LoRA-V1,265.1300048828125,232.11999100053964,273.6386112801606,322.44702524764705,0.0,0.0
AMZN,2026-08-06,5,Chronos-LoRA-V2,265.1300048828125,236.9301524496126,274.33941812758866,316.8886991812535,0.0,0.0
AMZN,2026-08-06,5,Chronos-LoRA-V3,265.1300048828125,237.48119196728487,274.0203293462718,315.8958168448871,0.0,0.0
AMZN,2026-08-06,10,Chronos-LoRA-V1,260.1099853515625,199.61035956468928,274.97034552456967,377.9540122791415,0.0,0.0
AMZN,2026-08-06,10,Chronos-LoRA-V2,260.1099853515625,207.06476134540796,276.4368254190031,366.9256289916089,0.0,0.0
AMZN,2026-08-06,10,Chronos-LoRA-V3,260.1099853515625,207.47428528301685,275.6651796595363,364.9615668286519,0.0,0.0
AMZN,2026-08-06,20,Chronos-LoRA-V1,258.8999938964844,148.3680251874851,277.49040795939135,517.1142221126555,0.0,0.0
AMZN,2026-08-06,20,Chronos-LoRA-V2,258.8999938964844,157.67568939809132,280.04676535017813,491.75424955099453,0.0,0.0
AMZN,2026-08-06,20,Chronos-LoRA-V3,258.8999938964844,157.7523127662076,278.61640868277027,489.1814154157284,0.0,0.0
ENPH,2013-06-11,1,Chronos-LoRA-V1,6.170000076293945,6.435121867326956,6.781508865239389,7.149085133150389,1.0,0.0
ENPH,2013-06-11,1,Chronos-LoRA-V2,6.170000076293945,6.439440942677552,6.7919423655357445,7.160678319561998,1.0,0.0
ENPH,2013-06-11,1,Chronos-LoRA-V3,6.170000076293945,6.433506046740728,6.788303974126245,7.1662180235583905,1.0,0.0
ENPH,2013-06-11,5,Chronos-LoRA-V1,6.909999847412109,5.0803435551809,6.704832613582156,8.836114157544081,0.0,0.0
ENPH,2013-06-11,5,Chronos-LoRA-V2,6.909999847412109,5.154968698637894,6.753561238323759,8.843681743641891,0.0,0.0
ENPH,2013-06-11,5,Chronos-LoRA-V3,6.909999847412109,5.115230008103939,6.726103639529395,8.879486745827293,0.0,0.0
ENPH,2013-06-11,10,Chronos-LoRA-V1,6.820000171661377,3.7184438843222267,6.615971994301606,11.817033858290083,0.0,0.0
ENPH,2013-06-11,10,Chronos-LoRA-V2,6.820000171661377,3.9000582515466444,6.706617583455619,11.502570347557388,0.0,0.0
ENPH,2013-06-11,10,Chronos-LoRA-V3,6.820000171661377,3.806280059523145,6.653741051997667,11.703022057690163,0.0,0.0
ENPH,2013-06-11,20,Chronos-LoRA-V1,7.980000019073486,1.9841985258602464,6.42414589389788,20.951246279899017,0.0,0.0
ENPH,2013-06-11,20,Chronos-LoRA-V2,7.980000019073486,2.1894797091243507,6.594379141100808,19.66598961681424,0.0,0.0
ENPH,2013-06-11,20,Chronos-LoRA-V3,7.980000019073486,2.075196566371435,6.49462104303777,20.51682563368233,0.0,0.0
ENPH,2013-09-16,1,Chronos-LoRA-V1,8.079999923706055,7.7050150545851395,8.127923524519117,8.565231686192288,0.0,0.0
ENPH,2013-09-16,1,Chronos-LoRA-V2,8.079999923706055,7.727620230449723,8.142458291794153,8.571406029594064,0.0,0.0
ENPH,2013-09-16,1,Chronos-LoRA-V3,8.079999923706055,7.715372002384277,8.136508875294437,8.581249579211194,0.0,0.0
ENPH,2013-09-16,5,Chronos-LoRA-V1,8.520000457763672,6.142303044187198,8.067486206623181,10.487558542477426,0.0,0.0
ENPH,2013-09-16,5,Chronos-LoRA-V2,8.520000457763672,6.262285552951303,8.141225946127616,10.556233529518561,0.0,0.0
ENPH,2013-09-16,5,Chronos-LoRA-V3,8.520000457763672,6.1917919901622085,8.096959696867026,10.57759444934647,0.0,0.0
ENPH,2013-09-16,10,Chronos-LoRA-V1,8.119999885559082,4.605119957812035,8.000691472496401,13.689967225145297,0.0,0.0
ENPH,2013-09-16,10,Chronos-LoRA-V2,8.119999885559082,4.811394190586183,8.140341086213994,13.68374185466706,0.0,0.0
ENPH,2013-09-16,10,Chronos-LoRA-V3,8.119999885559082,4.667869640804075,8.053048647120875,13.873121086391556,0.0,0.0
ENPH,2013-09-16,20,Chronos-LoRA-V1,8.75,2.480906065048394,7.888628606179167,24.61019799497649,0.0,0.0
ENPH,2013-09-16,20,Chronos-LoRA-V2,8.75,2.7908780174654675,8.105389648382717,23.259011801717058,0.0,0.0
ENPH,2013-09-16,20,Chronos-LoRA-V3,8.75,2.5917584341334936,7.9743269138589605,24.59735732627993,0.0,0.0
ENPH,2013-12-20,1,Chronos-LoRA-V1,5.610000133514404,5.383709787141644,5.68403209850131,6.00760736456024,0.0,0.0
ENPH,2013-12-20,1,Chronos-LoRA-V2,5.610000133514404,5.397395134938199,5.693015126570892,6.003842849640278,0.0,0.0
ENPH,2013-12-20,1,Chronos-LoRA-V3,5.610000133514404,5.392730168031024,5.691549564105396,6.014251362576277,0.0,0.0
ENPH,2013-12-20,5,Chronos-LoRA-V1,6.389999866485596,4.278084109260742,5.618680182275486,7.438740763836445,0.0,0.0
ENPH,2013-12-20,5,Chronos-LoRA-V2,6.389999866485596,4.344084188179607,5.663169348629617,7.399958588253638,0.0,0.0
ENPH,2013-12-20,5,Chronos-LoRA-V3,6.389999866485596,4.314730152176903,5.643335886127764,7.444738168523624,0.0,0.0
ENPH,2013-12-20,10,Chronos-LoRA-V1,7.539999961853027,3.187458079446447,5.547301778892232,9.819518757615223,0.0,0.0
ENPH,2013-12-20,10,Chronos-LoRA-V2,7.539999961853027,3.320625588788152,5.627241767502629,9.574242124130082,0.0,0.0
ENPH,2013-12-20,10,Chronos-LoRA-V3,7.539999961853027,3.25191212956832,5.589326217971345,9.775553414140001,0.0,0.0
ENPH,2013-12-20,20,Chronos-LoRA-V1,8.079999923706055,1.7105344946887466,5.413427340085037,17.64747120229138,0.0,0.0
ENPH,2013-12-20,20,Chronos-LoRA-V2,8.079999923706055,1.9114916686008134,5.536254156953877,16.132227232390605,0.0,0.0
ENPH,2013-12-20,20,Chronos-LoRA-V3,8.079999923706055,1.8061571164145334,5.476409165078891,17.11378747780615,0.0,0.0
ENPH,2014-03-31,1,Chronos-LoRA-V1,7.900000095367432,7.004947515457053,7.351432401530646,7.709943189498585,0.0,1.0
ENPH,2014-03-31,1,Chronos-LoRA-V2,7.900000095367432,7.020841294338489,7.358712879093051,7.702867181262822,0.0,1.0
ENPH,2014-03-31,1,Chronos-LoRA-V3,7.900000095367432,7.022102716699011,7.358662500503878,7.709227878115996,0.0,1.0
ENPH,2014-03-31,5,Chronos-LoRA-V1,7.739999771118164,5.758100100656707,7.311519371763523,9.254651251969559,0.0,0.0
ENPH,2014-03-31,5,Chronos-LoRA-V2,7.739999771118164,5.828355075073891,7.3477278239619634,9.226205667096279,0.0,0.0
ENPH,2014-03-31,5,Chronos-LoRA-V3,7.739999771118164,5.823794755388003,7.332313537235913,9.239104360518969,0.0,0.0
ENPH,2014-03-31,10,Chronos-LoRA-V1,7.210000038146973,4.583384178156071,7.269213133941989,11.471339735646803,0.0,0.0
ENPH,2014-03-31,10,Chronos-LoRA-V2,7.210000038146973,4.644567520869766,7.335907203475149,11.482839251314063,0.0,0.0
ENPH,2014-03-31,10,Chronos-LoRA-V3,7.210000038146973,4.6443376127696405,7.306566257142124,11.49111802630266,0.0,0.0
ENPH,2014-03-31,20,Chronos-LoRA-V1,7.320000171661377,2.7395667868907623,7.166373746326858,18.575080702945908,0.0,0.0
ENPH,2014-03-31,20,Chronos-LoRA-V2,7.320000171661377,2.878577226770792,7.282870644073908,18.05731829531103,0.0,0.0
ENPH,2014-03-31,20,Chronos-LoRA-V3,7.320000171661377,2.828157059424155,7.2300068106764686,18.40511888496273,0.0,0.0
ENPH,2014-07-08,1,Chronos-LoRA-V1,9.260000228881836,8.867806565335858,9.164941149791993,9.47754809403584,0.0,0.0
ENPH,2014-07-08,1,Chronos-LoRA-V2,9.260000228881836,8.871318038320085,9.16915936853195,9.47440431408352,0.0,0.0
ENPH,2014-07-08,1,Chronos-LoRA-V3,9.260000228881836,8.880876933527007,9.172442649154965,9.47923653627548,0.0,0.0
ENPH,2014-07-08,5,Chronos-LoRA-V1,9.539999961853027,7.7933248691158505,9.174401833669164,10.845414460676318,0.0,0.0
ENPH,2014-07-08,5,Chronos-LoRA-V2,9.539999961853027,7.812791673699051,9.20078527265546,10.838088763609711,0.0,0.0
ENPH,2014-07-08,5,Chronos-LoRA-V3,9.539999961853027,7.848037360439656,9.197410011324243,10.831190060534713,0.0,0.0
ENPH,2014-07-08,10,Chronos-LoRA-V1,11.59000015258789,6.6731226700642745,9.177355540505904,12.721430602267931,0.0,0.0
ENPH,2014-07-08,10,Chronos-LoRA-V2,11.59000015258789,6.690189398607997,9.230212514362009,12.74276647232888,0.0,0.0
ENPH,2014-07-08,10,Chronos-LoRA-V3,11.59000015258789,6.749203190155805,9.217573096962173,12.715229577135228,0.0,0.0
ENPH,2014-07-08,20,Chronos-LoRA-V1,9.699999809265137,4.881538576605531,9.162578973705449,17.37778332378002,0.0,0.0
ENPH,2014-07-08,20,Chronos-LoRA-V2,9.699999809265137,4.866701431366185,9.262474000383323,17.566462784998084,0.0,0.0
ENPH,2014-07-08,20,Chronos-LoRA-V3,9.699999809265137,4.992250544804598,9.244692279893167,17.374152200311617,0.0,0.0
ENPH,2014-10-10,1,Chronos-LoRA-V1,10.140000343322754,9.975565362525757,10.557407730083439,11.166788677135555,0.0,0.0
ENPH,2014-10-10,1,Chronos-LoRA-V2,10.140000343322754,9.983863491557686,10.572403115661208,11.179004649650182,0.0,0.0
ENPH,2014-10-10,1,Chronos-LoRA-V3,10.140000343322754,10.017794725968143,10.56827633383254,11.145965628510336,0.0,0.0
ENPH,2014-10-10,5,Chronos-LoRA-V1,12.020000457763672,7.986818634451297,10.606906907002047,13.99130792687149,0.0,0.0
ENPH,2014-10-10,5,Chronos-LoRA-V2,12.020000457763672,8.014997634594476,10.677754486086423,14.107547888157589,0.0,0.0
ENPH,2014-10-10,5,Chronos-LoRA-V3,12.020000457763672,8.156027253107462,10.637323360259204,13.826979776139227,0.0,0.0
ENPH,2014-10-10,10,Chronos-LoRA-V1,13.399999618530272,6.029106587428476,10.688881935975791,18.655851411672614,0.0,0.0
ENPH,2014-10-10,10,Chronos-LoRA-V2,13.399999618530272,6.111422801121329,10.819375889766812,18.836058938655277,0.0,0.0
ENPH,2014-10-10,10,Chronos-LoRA-V3,13.399999618530272,6.28501288776927,10.735958924225525,18.166817896216163,0.0,0.0
ENPH,2014-10-10,20,Chronos-LoRA-V1,11.800000190734863,3.6652366446054216,10.824719819784644,31.157344800565273,0.0,0.0
ENPH,2014-10-10,20,Chronos-LoRA-V2,11.800000190734863,3.6348008818301714,11.050896146073846,32.683464014249935,0.0,0.0
ENPH,2014-10-10,20,Chronos-LoRA-V3,11.800000190734863,3.8872044990417733,10.917726664712049,30.13110888088797,0.0,0.0
ENPH,2015-01-20,1,Chronos-LoRA-V1,10.43000030517578,10.01660459597874,10.611503399759865,11.22256168895118,0.0,0.0
ENPH,2015-01-20,1,Chronos-LoRA-V2,10.43000030517578,10.05892869780445,10.62504920771639,11.196487505918107,0.0,0.0
ENPH,2015-01-20,1,Chronos-LoRA-V3,10.43000030517578,10.04384488735601,10.622422468424295,11.217107329392679,0.0,0.0
ENPH,2015-01-20,5,Chronos-LoRA-V1,12.130000114440918,7.978927386499182,10.655002066713923,14.113936494644495,0.0,0.0
ENPH,2015-01-20,5,Chronos-LoRA-V2,12.130000114440918,8.162553018588733,10.725472686603888,13.95021132447504,0.0,0.0
ENPH,2015-01-20,5,Chronos-LoRA-V3,12.130000114440918,8.082326668241516,10.68734089697182,14.024080206111599,0.0,0.0
ENPH,2015-01-20,10,Chronos-LoRA-V1,13.65999984741211,6.027347887840749,10.723831070746161,18.807124467379833,0.0,0.0
ENPH,2015-01-20,10,Chronos-LoRA-V2,13.65999984741211,6.319189664261371,10.854534936008289,18.29613490428947,0.0,0.0
ENPH,2015-01-20,10,Chronos-LoRA-V3,13.65999984741211,6.170626573255267,10.773670969473272,18.541869223696917,0.0,0.0
ENPH,2015-01-20,20,Chronos-LoRA-V1,14.06999969482422,3.5017267682676367,10.810477680282865,32.62056509135902,0.0,0.0
ENPH,2015-01-20,20,Chronos-LoRA-V2,14.06999969482422,3.830446841401578,11.055597130744156,30.885343956140506,0.0,0.0
ENPH,2015-01-20,20,Chronos-LoRA-V3,14.06999969482422,3.671615985621899,10.887387261281706,31.671532105067392,0.0,0.0
ENPH,2015-04-27,1,Chronos-LoRA-V1,13.210000038146973,12.41351296609346,13.015446275196611,13.649533916580133,0.0,0.0
ENPH,2015-04-27,1,Chronos-LoRA-V2,13.210000038146973,12.453309228928097,13.028436811788254,13.617868915035194,0.0,0.0
ENPH,2015-04-27,1,Chronos-LoRA-V3,13.210000038146973,12.43944221043219,13.028309672704284,13.64808608301086,0.0,0.0
ENPH,2015-04-27,5,Chronos-LoRA-V1,12.18000030517578,10.299183524139044,13.068601049979089,16.56297979613069,0.0,0.0
ENPH,2015-04-27,5,Chronos-LoRA-V2,12.18000030517578,10.490145670645102,13.14271606104827,16.390346675408384,0.0,0.0
ENPH,2015-04-27,5,Chronos-LoRA-V3,12.18000030517578,10.41913357652624,13.109192253220682,16.507407007931295,0.0,0.0
ENPH,2015-04-27,10,Chronos-LoRA-V1,10.579999923706056,8.185384120805194,13.1346405857318,20.985713410783266,0.0,0.0
ENPH,2015-04-27,10,Chronos-LoRA-V2,10.579999923706056,8.498523081679068,13.280490904455727,20.572943023627978,0.0,0.0
ENPH,2015-04-27,10,Chronos-LoRA-V3,10.579999923706056,8.362854321696563,13.20412952201667,20.85778874407979,0.0,0.0
ENPH,2015-04-27,20,Chronos-LoRA-V1,9.789999961853027,5.136518782031742,13.280197677168314,34.149863314243184,0.0,0.0
ENPH,2015-04-27,20,Chronos-LoRA-V2,9.789999961853027,5.5210190707346785,13.529243541832443,32.587464534232346,0.0,0.0
ENPH,2015-04-27,20,Chronos-LoRA-V3,9.789999961853027,5.351842560909967,13.397222860132931,33.58912388021244,0.0,0.0
ENPH,2015-08-03,1,Chronos-LoRA-V1,5.639999866485596,5.212206384135167,5.469107476185156,5.727265503478615,0.0,0.0
ENPH,2015-08-03,1,Chronos-LoRA-V2,5.639999866485596,5.222472861728775,5.473493575344362,5.72534418093401,0.0,0.0
ENPH,2015-08-03,1,Chronos-LoRA-V3,5.639999866485596,5.225754899971683,5.473555977187952,5.7269276622123595,0.0,0.0
ENPH,2015-08-03,5,Chronos-LoRA-V1,6.139999866485596,4.3293608361243265,5.46679399299597,6.839814767076953,0.0,0.0
ENPH,2015-08-03,5,Chronos-LoRA-V2,6.139999866485596,4.356881947716072,5.48929378029434,6.847722915239091,0.0,0.0
ENPH,2015-08-03,5,Chronos-LoRA-V3,6.139999866485596,4.366816806884404,5.478136794440815,6.838064800435797,0.0,0.0
ENPH,2015-08-03,10,Chronos-LoRA-V1,5.599999904632568,3.4608592727350533,5.458802209717807,8.45661381054514,0.0,0.0
ENPH,2015-08-03,10,Chronos-LoRA-V2,5.599999904632568,3.4988508861169887,5.507326676852904,8.50813391751823,0.0,0.0
ENPH,2015-08-03,10,Chronos-LoRA-V3,5.599999904632568,3.507191146914465,5.481577578199273,8.477313359590518,0.0,0.0
ENPH,2015-08-03,20,Chronos-LoRA-V1,4.599999904632568,2.1926722570321053,5.444030890879382,13.203752435015172,0.0,0.0
ENPH,2015-08-03,20,Chronos-LoRA-V2,4.599999904632568,2.251568612888923,5.525993352197781,13.111507853057015,0.0,0.0
ENPH,2015-08-03,20,Chronos-LoRA-V3,4.599999904632568,2.2487696518712634,5.480485014667549,13.194064024998022,0.0,0.0
ENPH,2015-11-05,1,Chronos-LoRA-V1,2.190000057220459,2.1250169658848703,2.2983127343087446,2.4698827122911413,0.0,0.0
ENPH,2015-11-05,1,Chronos-LoRA-V2,2.190000057220459,2.1256354142845795,2.3002220579741937,2.474577282876599,0.0,0.0
ENPH,2015-11-05,1,Chronos-LoRA-V3,2.190000057220459,2.138317372465359,2.2999050254054048,2.461656697984529,0.0,0.0
ENPH,2015-11-05,5,Chronos-LoRA-V1,1.8600000143051147,1.5728976225945916,2.294294077805088,3.2280752173071448,0.0,0.0
ENPH,2015-11-05,5,Chronos-LoRA-V2,1.8600000143051147,1.5669092043178212,2.306007473943445,3.277435364229233,0.0,0.0
ENPH,2015-11-05,5,Chronos-LoRA-V3,1.8600000143051147,1.610643201633474,2.296613327358602,3.180143997217283,0.0,0.0
ENPH,2015-11-05,10,Chronos-LoRA-V1,1.7300000190734863,1.0884814383808317,2.291064379204234,4.464998167153794,0.0,0.0
ENPH,2015-11-05,10,Chronos-LoRA-V2,1.7300000190734863,1.0762255912672067,2.31278039989653,4.619954393813047,0.0,0.0
ENPH,2015-11-05,10,Chronos-LoRA-V3,1.7300000190734863,1.1358732792899955,2.2933646174976574,4.344750724489523,0.0,0.0
ENPH,2015-11-05,20,Chronos-LoRA-V1,2.0799999237060547,0.5329392673655347,2.2674363388968324,8.328307491886747,0.0,0.0
ENPH,2015-11-05,20,Chronos-LoRA-V2,2.0799999237060547,0.5161908437369711,2.3114155852841614,8.995651892502146,0.0,0.0
ENPH,2015-11-05,20,Chronos-LoRA-V3,2.0799999237060547,0.5770597523652903,2.2710203852456785,7.9818055475317395,0.0,0.0
ENPH,2016-02-16,1,Chronos-LoRA-V1,2.240000009536743,1.9718817913438207,2.1257954726940644,2.290570327451859,0.0,0.0
ENPH,2016-02-16,1,Chronos-LoRA-V2,2.240000009536743,1.9860474175682215,2.130557448713835,2.281968320837582,0.0,0.0
ENPH,2016-02-16,1,Chronos-LoRA-V3,2.240000009536743,1.9847822600387153,2.130272914843508,2.284990400477529,0.0,0.0
ENPH,2016-02-16,5,Chronos-LoRA-V1,2.3499999046325684,1.4528279259293087,2.106642694379737,3.0439180292409254,0.0,0.0
ENPH,2016-02-16,5,Chronos-LoRA-V2,2.3499999046325684,1.5032478197253005,2.1322325299151457,2.996540607209428,0.0,0.0
ENPH,2016-02-16,5,Chronos-LoRA-V3,2.3499999046325684,1.4971039552630738,2.123739269599869,2.9959946530940353,0.0,0.0
ENPH,2016-02-16,10,Chronos-LoRA-V1,2.440000057220459,1.002167524798972,2.0825140442125076,4.292593263585174,0.0,0.0
ENPH,2016-02-16,10,Chronos-LoRA-V2,2.440000057220459,1.0705884990843908,2.131345251789096,4.159523795638318,0.0,0.0
ENPH,2016-02-16,10,Chronos-LoRA-V3,2.440000057220459,1.058897032210297,2.114051818139149,4.166980427850903,0.0,0.0
ENPH,2016-02-16,20,Chronos-LoRA-V1,2.6700000762939453,0.5187849612897033,2.055106652296977,8.11324501081724,0.0,0.0
ENPH,2016-02-16,20,Chronos-LoRA-V2,2.6700000762939453,0.5571737404559023,2.11734489576201,7.774430282156438,0.0,0.0
ENPH,2016-02-16,20,Chronos-LoRA-V3,2.6700000762939453,0.5638988729045181,2.0872751835417915,7.629987250624962,0.0,0.0
ENPH,2016-05-20,1,Chronos-LoRA-V1,1.9800000190734863,1.7378240825373692,1.8438304699377408,1.9532544229234359,0.0,1.0
ENPH,2016-05-20,1,Chronos-LoRA-V2,1.9800000190734863,1.7465598276250291,1.8460052191294771,1.947746676088669,0.0,1.0
ENPH,2016-05-20,1,Chronos-LoRA-V3,1.9800000190734863,1.7467991444636988,1.8467027621392225,1.9511235601268253,0.0,1.0
ENPH,2016-05-20,5,Chronos-LoRA-V1,2.109999895095825,1.3647311716166732,1.8202689990201764,2.4120010630460804,0.0,0.0
ENPH,2016-05-20,5,Chronos-LoRA-V2,2.109999895095825,1.389639644575598,1.8308533433534244,2.3934698826200256,0.0,0.0
ENPH,2016-05-20,5,Chronos-LoRA-V3,2.109999895095825,1.3909995330477651,1.8297356134577656,2.398119893948274,0.0,0.0
ENPH,2016-05-20,10,Chronos-LoRA-V1,2.289999961853028,1.0042872016132243,1.791322283277053,3.144368415722537,0.0,0.0
ENPH,2016-05-20,10,Chronos-LoRA-V2,2.289999961853028,1.0442359430899986,1.8106452013123127,3.087926016737396,0.0,0.0
ENPH,2016-05-20,10,Chronos-LoRA-V3,2.289999961853028,1.0437087055962362,1.8080892520161096,3.1038454977555103,0.0,0.0
ENPH,2016-05-20,20,Chronos-LoRA-V1,2.140000104904175,0.5694134603082972,1.7401909967523062,5.154357248289705,0.0,0.0
ENPH,2016-05-20,20,Chronos-LoRA-V2,2.140000104904175,0.6073015696514236,1.7676696446198497,4.972871218788853,0.0,0.0
ENPH,2016-05-20,20,Chronos-LoRA-V3,2.140000104904175,0.6107320048474874,1.7653155385558046,5.006025803617562,0.0,0.0
ENPH,2016-08-26,1,Chronos-LoRA-V1,1.840000033378601,1.728163740995264,1.8050326374253605,1.879465484892464,0.0,0.0
ENPH,2016-08-26,1,Chronos-LoRA-V2,1.840000033378601,1.732810423508852,1.8056500524674934,1.8774819556764326,0.0,0.0
ENPH,2016-08-26,1,Chronos-LoRA-V3,1.840000033378601,1.7332258022613862,1.8066132024923138,1.879362984929149,0.0,0.0
ENPH,2016-08-26,5,Chronos-LoRA-V1,1.8200000524520876,1.4483531512266403,1.782595796447555,2.168195049032677,0.0,0.0
ENPH,2016-08-26,5,Chronos-LoRA-V2,1.8200000524520876,1.455758355405179,1.7872257704852113,2.17390376328723,0.0,0.0
ENPH,2016-08-26,5,Chronos-LoRA-V3,1.8200000524520876,1.46045742309614,1.7872645633634692,2.170425522876701,0.0,0.0
ENPH,2016-08-26,10,Chronos-LoRA-V1,1.7999999523162842,1.1561111852033903,1.7560936428600158,2.6024297342057308,0.0,0.0
ENPH,2016-08-26,10,Chronos-LoRA-V2,1.7999999523162842,1.1706359553544965,1.7639224479396072,2.611424339075864,0.0,0.0
ENPH,2016-08-26,10,Chronos-LoRA-V3,1.7999999523162842,1.1750529875914666,1.7635033389322,2.606180058181934,0.0,0.0
ENPH,2016-08-26,20,Chronos-LoRA-V1,1.2000000476837158,0.7269133304955457,1.7039057764585286,3.8211001906371744,0.0,0.0
ENPH,2016-08-26,20,Chronos-LoRA-V2,1.2000000476837158,0.7527250284268137,1.7132509451796525,3.763426953214561,0.0,0.0
ENPH,2016-08-26,20,Chronos-LoRA-V3,1.2000000476837158,0.7544341135566512,1.714641043705702,3.784868195925557,0.0,0.0
ENPH,2016-12-01,1,Chronos-LoRA-V1,1.1399999856948853,1.05135068999897,1.1051805460640056,1.1583007048282263,0.0,0.0
ENPH,2016-12-01,1,Chronos-LoRA-V2,1.1399999856948853,1.0565256609645197,1.1067036415602411,1.1564466813885423,0.0,0.0
ENPH,2016-12-01,1,Chronos-LoRA-V3,1.1399999856948853,1.053690230214249,1.1064436643368336,1.159720153777845,0.0,0.0
ENPH,2016-12-01,5,Chronos-LoRA-V1,1.340000033378601,0.8119810678368363,1.0865534291587806,1.4317558304184688,0.0,0.0
ENPH,2016-12-01,5,Chronos-LoRA-V2,1.340000033378601,0.8562380760377968,1.092645853452989,1.3806556451623215,0.0,0.0
ENPH,2016-12-01,5,Chronos-LoRA-V3,1.340000033378601,0.8304443917956511,1.0894078524673407,1.4159573456225625,0.0,0.0
ENPH,2016-12-01,10,Chronos-LoRA-V1,1.1799999475479126,0.5711035524484651,1.065250115910765,1.9256201847233978,0.0,0.0
ENPH,2016-12-01,10,Chronos-LoRA-V2,1.1799999475479126,0.6514022552284657,1.0755841300892812,1.7403645396124554,0.0,0.0
ENPH,2016-12-01,10,Chronos-LoRA-V3,1.1799999475479126,0.5987452733271111,1.070459127659135,1.8703896489339304,0.0,0.0
ENPH,2016-12-01,20,Chronos-LoRA-V1,1.0099999904632568,0.2882862321529828,1.021508114741255,3.4230035097072453,0.0,0.0
ENPH,2016-12-01,20,Chronos-LoRA-V2,1.0099999904632568,0.3666897228975093,1.0395540849851577,2.814205023102405,0.0,0.0
ENPH,2016-12-01,20,Chronos-LoRA-V3,1.0099999904632568,0.31484494174388394,1.0301791413131007,3.221092072845425,0.0,0.0
ENPH,2017-03-13,1,Chronos-LoRA-V1,1.2799999713897705,1.123995442799384,1.2221657759621194,1.3295679056373229,0.0,0.0
ENPH,2017-03-13,1,Chronos-LoRA-V2,1.2799999713897705,1.132157804195121,1.2251444631940056,1.3223018909647943,0.0,0.0
ENPH,2017-03-13,1,Chronos-LoRA-V3,1.2799999713897705,1.1306843862987344,1.2242453706384602,1.3256581988972775,0.0,0.0
ENPH,2017-03-13,5,Chronos-LoRA-V1,1.340000033378601,0.7896968230396393,1.1890430393998301,1.7948374441890211,0.0,0.0
ENPH,2017-03-13,5,Chronos-LoRA-V2,1.340000033378601,0.815665360653637,1.2038547877353964,1.758640842423107,0.0,0.0
ENPH,2017-03-13,5,Chronos-LoRA-V3,1.340000033378601,0.8100893443632691,1.1957185306958054,1.763423706713452,0.0,0.0
ENPH,2017-03-13,10,Chronos-LoRA-V1,1.2400000095367432,0.5057607811835744,1.1480181633513498,2.615564498667469,0.0,0.0
ENPH,2017-03-13,10,Chronos-LoRA-V2,1.2400000095367432,0.5420566220224007,1.1775360001293946,2.5026220662691636,0.0,0.0
ENPH,2017-03-13,10,Chronos-LoRA-V3,1.2400000095367432,0.5312141339187779,1.1593734689809854,2.5183603789041444,0.0,0.0
ENPH,2017-03-13,20,Chronos-LoRA-V1,1.350000023841858,0.20014020575360134,1.067709079856454,5.770487567776292,0.0,0.0
ENPH,2017-03-13,20,Chronos-LoRA-V2,1.350000023841858,0.2357500224778066,1.1155774857806942,5.059362455655493,0.0,0.0
ENPH,2017-03-13,20,Chronos-LoRA-V3,1.350000023841858,0.220187776173072,1.0848892650282713,5.328932191736368,0.0,0.0
ENPH,2017-06-16,1,Chronos-LoRA-V1,0.800000011920929,0.7246128670407572,0.7654243140809506,0.8069965334630034,0.0,0.0
ENPH,2017-06-16,1,Chronos-LoRA-V2,0.800000011920929,0.7268765056337528,0.7669067394284173,0.8071039164938167,0.0,0.0
ENPH,2017-06-16,1,Chronos-LoRA-V3,0.800000011920929,0.7266394714168969,0.7664765248713974,0.8073135495390449,0.0,0.0
ENPH,2017-06-16,5,Chronos-LoRA-V1,0.8899999856948853,0.5624386149428355,0.747231002038159,0.9878709691012681,0.0,0.0
ENPH,2017-06-16,5,Chronos-LoRA-V2,0.8899999856948853,0.5743420382790414,0.7540596247361904,0.9822115472251192,0.0,0.0
ENPH,2017-06-16,5,Chronos-LoRA-V3,0.8899999856948853,0.5705250136823687,0.7506734248838105,0.9850321591149916,0.0,0.0
ENPH,2017-06-16,10,Chronos-LoRA-V1,0.8700000047683716,0.4115326634120567,0.7268629855843011,1.27393049970369,0.0,0.0
ENPH,2017-06-16,10,Chronos-LoRA-V2,0.8700000047683716,0.4298708352110738,0.7388514650796747,1.2517828099501276,0.0,0.0
ENPH,2017-06-16,10,Chronos-LoRA-V3,0.8700000047683716,0.42193941032796817,0.7325990286452951,1.2671180354966987,0.0,0.0
ENPH,2017-06-16,20,Chronos-LoRA-V1,0.800000011920929,0.22103107938622882,0.6835644688834487,2.080735458542343,0.0,0.0
ENPH,2017-06-16,20,Chronos-LoRA-V2,0.800000011920929,0.2391244661525647,0.7039524276471654,2.009864678732678,0.0,0.0
ENPH,2017-06-16,20,Chronos-LoRA-V3,0.800000011920929,0.23296302384511272,0.6933851033654387,2.0452697931142363,0.0,0.0
ENPH,2017-09-22,1,Chronos-LoRA-V1,1.3600000143051147,1.33068526996665,1.4065070668482023,1.4863820963089618,0.0,0.0
ENPH,2017-09-22,1,Chronos-LoRA-V2,1.3600000143051147,1.3310227386871798,1.4077455942311998,1.4860443375111547,0.0,0.0
ENPH,2017-09-22,1,Chronos-LoRA-V3,1.3600000143051147,1.3337561727275677,1.4079586448523174,1.4859190753921534,0.0,0.0
ENPH,2017-09-22,5,Chronos-LoRA-V1,1.5199999809265137,1.0562728743165182,1.3934155030688005,1.8384360309149617,0.0,0.0
ENPH,2017-09-22,5,Chronos-LoRA-V2,1.5199999809265137,1.057013339987485,1.3988639503325588,1.8381233181157457,0.0,0.0
ENPH,2017-09-22,5,Chronos-LoRA-V3,1.5199999809265137,1.0681850790505192,1.3970753807517535,1.8280370526809464,0.0,0.0
ENPH,2017-09-22,10,Chronos-LoRA-V1,1.4900000095367432,0.7958536136459378,1.3795225399922213,2.3887866318129483,0.0,0.0
ENPH,2017-09-22,10,Chronos-LoRA-V2,1.4900000095367432,0.7974181845758451,1.3888730518633896,2.380858701928294,0.0,0.0
ENPH,2017-09-22,10,Chronos-LoRA-V3,1.4900000095367432,0.8113220384068899,1.3844430616924868,2.3614495728664044,0.0,0.0
ENPH,2017-09-22,20,Chronos-LoRA-V1,1.3700000047683716,0.44836245079548515,1.3407725244290576,3.997397876785523,0.0,0.0
ENPH,2017-09-22,20,Chronos-LoRA-V2,1.3700000047683716,0.4530167802240775,1.3600577937474105,3.9554186301396204,0.0,0.0
ENPH,2017-09-22,20,Chronos-LoRA-V3,1.3700000047683716,0.4646376816457452,1.349368560408861,3.9184781898702075,0.0,0.0
ENPH,2017-12-28,1,Chronos-LoRA-V1,2.4100000858306885,2.343282758339706,2.4876451730195606,2.6409594388571116,0.0,0.0
ENPH,2017-12-28,1,Chronos-LoRA-V2,2.4100000858306885,2.3545117040685284,2.489165945220245,2.62551128031328,0.0,0.0
ENPH,2017-12-28,1,Chronos-LoRA-V3,2.4100000858306885,2.3473552625065492,2.4893238474271904,2.6391830453180853,0.0,0.0
ENPH,2017-12-28,5,Chronos-LoRA-V1,2.470000028610229,1.824654146288717,2.4777792700351715,3.3703403106149064,0.0,0.0
ENPH,2017-12-28,5,Chronos-LoRA-V2,2.470000028610229,1.8791050698544731,2.4860465194077297,3.2570559115887856,0.0,0.0
ENPH,2017-12-28,5,Chronos-LoRA-V3,2.470000028610229,1.838876632288986,2.479769111105817,3.3434293974656626,0.0,0.0
ENPH,2017-12-28,10,Chronos-LoRA-V1,2.240000009536743,1.3260640410463407,2.4635317332132813,4.584758044604914,0.0,0.0
ENPH,2017-12-28,10,Chronos-LoRA-V2,2.240000009536743,1.417132556630915,2.4796708938159493,4.244483958302144,0.0,0.0
ENPH,2017-12-28,10,Chronos-LoRA-V3,2.240000009536743,1.3453448296193158,2.464207351460107,4.502310453546786,0.0,0.0
ENPH,2017-12-28,20,Chronos-LoRA-V1,2.0299999713897705,0.686206352234429,2.4200988877273395,8.613180261741762,0.0,0.0
ENPH,2017-12-28,20,Chronos-LoRA-V2,2.0299999713897705,0.7890428480219731,2.456468984880155,7.36586477629645,0.0,0.0
ENPH,2017-12-28,20,Chronos-LoRA-V3,2.0299999713897705,0.716233756864885,2.4208675601476357,8.223095467797476,0.0,0.0
ENPH,2018-04-09,1,Chronos-LoRA-V1,4.0,3.931811659585421,4.1540623863373405,4.394253830577252,0.0,0.0
ENPH,2018-04-09,1,Chronos-LoRA-V2,4.0,3.9205598480888226,4.156049636538766,4.397743258340014,0.0,0.0
ENPH,2018-04-09,1,Chronos-LoRA-V3,4.0,3.9373752803148294,4.158467931835324,4.39604602567877,0.0,0.0
ENPH,2018-04-09,5,Chronos-LoRA-V1,3.9600000381469727,3.1487445492200625,4.183688488428654,5.604086688291616,0.0,0.0
ENPH,2018-04-09,5,Chronos-LoRA-V2,3.9600000381469727,3.115853428357244,4.184083243744522,5.577622245449585,0.0,0.0
ENPH,2018-04-09,5,Chronos-LoRA-V3,3.9600000381469727,3.1736478705147655,4.192740202633854,5.56843734698371,0.0,0.0
ENPH,2018-04-09,10,Chronos-LoRA-V1,4.960000038146973,2.3366962954076738,4.22964311509986,7.738552987915879,0.0,0.0
ENPH,2018-04-09,10,Chronos-LoRA-V2,4.960000038146973,2.3386734855814573,4.223081311930698,7.502394300957365,0.0,0.0
ENPH,2018-04-09,10,Chronos-LoRA-V3,4.960000038146973,2.3788734979386934,4.239851415416159,7.583333612387377,0.0,0.0
ENPH,2018-04-09,20,Chronos-LoRA-V1,4.590000152587891,1.1683842190250877,4.185363188344134,14.940606062963118,0.0,0.0
ENPH,2018-04-09,20,Chronos-LoRA-V2,4.590000152587891,1.2841766795420653,4.2755784067642155,13.709411136404437,0.0,0.0
ENPH,2018-04-09,20,Chronos-LoRA-V3,4.590000152587891,1.241240842501074,4.234065511997045,14.283986077578811,0.0,0.0
ENPH,2018-07-13,1,Chronos-LoRA-V1,6.730000019073486,6.561208648841967,7.043022285006911,7.548523466887941,0.0,0.0
ENPH,2018-07-13,1,Chronos-LoRA-V2,6.730000019073486,6.6355461941616865,7.056000928235616,7.488037413313138,0.0,0.0
ENPH,2018-07-13,1,Chronos-LoRA-V3,6.730000019073486,6.593740041296906,7.054107665781602,7.536416987317356,0.0,0.0
ENPH,2018-07-13,5,Chronos-LoRA-V1,6.760000228881836,4.892191626464718,7.025206031699646,10.107843530184939,0.0,0.0
ENPH,2018-07-13,5,Chronos-LoRA-V2,6.760000228881836,5.204363629190429,7.113839131076572,9.661279990682699,0.0,0.0
ENPH,2018-07-13,5,Chronos-LoRA-V3,6.760000228881836,5.006651897974601,7.070886315141466,9.970940197022271,0.0,0.0
ENPH,2018-07-13,10,Chronos-LoRA-V1,5.590000152587891,3.4079822345997353,7.035309085421512,14.570557234398672,0.0,0.0
ENPH,2018-07-13,10,Chronos-LoRA-V2,5.590000152587891,3.853266932343841,7.199314975946726,13.251769694822416,0.0,0.0
ENPH,2018-07-13,10,Chronos-LoRA-V3,5.590000152587891,3.5480143253319536,7.112117091641519,14.183447732421495,0.0,0.0
ENPH,2018-07-13,20,Chronos-LoRA-V1,5.710000038146973,1.9027465048677896,7.182442371704451,27.091946857060456,0.0,0.0
ENPH,2018-07-13,20,Chronos-LoRA-V2,5.710000038146973,2.138697560516591,7.367021084343716,24.669768567075465,0.0,0.0
ENPH,2018-07-13,20,Chronos-LoRA-V3,5.710000038146973,1.9774963641199914,7.281052239392494,26.568720299816825,0.0,0.0
ENPH,2018-10-18,1,Chronos-LoRA-V1,4.739999771118164,4.630386060399519,4.881311558274158,5.156847216826265,0.0,0.0
ENPH,2018-10-18,1,Chronos-LoRA-V2,4.739999771118164,4.623473524605202,4.882373244888322,5.153627712411327,0.0,0.0
ENPH,2018-10-18,1,Chronos-LoRA-V3,4.739999771118164,4.637967962353616,4.887124303353792,5.160524485663477,0.0,0.0
ENPH,2018-10-18,5,Chronos-LoRA-V1,4.400000095367432,3.7290532936184158,4.917213945236485,6.572205619363084,0.0,0.0
ENPH,2018-10-18,5,Chronos-LoRA-V2,4.400000095367432,3.7404578664521195,4.92720079727446,6.493057515176718,0.0,0.0
ENPH,2018-10-18,5,Chronos-LoRA-V3,4.400000095367432,3.7624940025179563,4.939776703984093,6.564868036050395,0.0,0.0
ENPH,2018-10-18,10,Chronos-LoRA-V1,4.909999847412109,2.7781087489991285,4.9305239750840215,8.964229559445611,0.0,0.0
ENPH,2018-10-18,10,Chronos-LoRA-V2,4.909999847412109,2.8616342715442387,4.981590317211969,8.66072027833752,0.0,0.0
ENPH,2018-10-18,10,Chronos-LoRA-V3,4.909999847412109,2.8262483964507465,4.983558359708896,8.95983220074648,0.0,0.0
ENPH,2018-10-18,20,Chronos-LoRA-V1,5.539999961853027,1.4736837243921557,4.922377004159238,17.340751748219855,0.0,0.0
ENPH,2018-10-18,20,Chronos-LoRA-V2,5.539999961853027,1.643216718637878,5.078869992779726,15.627712204162684,0.0,0.0
ENPH,2018-10-18,20,Chronos-LoRA-V3,5.539999961853027,1.5413925200743452,5.02084735781819,17.037246613840797,0.0,0.0
ENPH,2019-01-28,1,Chronos-LoRA-V1,7.099999904632568,6.509059866597583,6.891032891596525,7.322656917509816,0.0,0.0
ENPH,2019-01-28,1,Chronos-LoRA-V2,7.099999904632568,6.569653111865265,6.922261234036853,7.2871626723197185,0.0,0.0
ENPH,2019-01-28,1,Chronos-LoRA-V3,7.099999904632568,6.527545835076146,6.905471301306111,7.321650418026523,0.0,0.0
ENPH,2019-01-28,5,Chronos-LoRA-V1,7.0,5.197758127727703,6.856004042308853,9.302268505282168,0.0,0.0
ENPH,2019-01-28,5,Chronos-LoRA-V2,7.0,5.399129234223027,7.002553574273479,9.065543576900652,0.0,0.0
ENPH,2019-01-28,5,Chronos-LoRA-V3,7.0,5.243405991327985,6.897876658265278,9.251392973833264,0.0,0.0
ENPH,2019-01-28,10,Chronos-LoRA-V1,7.730000019073486,4.056993543320275,6.970743642755218,12.642568457292715,0.0,0.0
ENPH,2019-01-28,10,Chronos-LoRA-V2,7.730000019073486,4.255504362002662,7.104989873992207,11.836762230803386,0.0,0.0
ENPH,2019-01-28,10,Chronos-LoRA-V3,7.730000019073486,4.099427931918906,6.998843987482468,12.397443443807385,0.0,0.0
ENPH,2019-01-28,20,Chronos-LoRA-V1,8.09000015258789,2.4722766727663354,7.379442841008387,24.244779551090833,0.0,0.0
ENPH,2019-01-28,20,Chronos-LoRA-V2,8.09000015258789,2.61633124327112,7.299965884160808,20.308332701706235,0.0,0.0
ENPH,2019-01-28,20,Chronos-LoRA-V3,8.09000015258789,2.5333850667358915,7.3775615165071,22.805294232797113,0.0,0.0
ENPH,2019-05-06,1,Chronos-LoRA-V1,14.210000038146973,13.221215314569069,13.79905152014533,14.45279955849043,0.0,0.0
ENPH,2019-05-06,1,Chronos-LoRA-V2,14.210000038146973,13.186748933894169,13.808954268617835,14.469949429395948,0.0,0.0
ENPH,2019-05-06,1,Chronos-LoRA-V3,14.210000038146973,13.22796113125031,13.814010685974495,14.46854775785173,0.0,0.0
ENPH,2019-05-06,5,Chronos-LoRA-V1,13.6899995803833,11.315998389164033,13.96333281399063,17.579228809584567,0.0,0.0
ENPH,2019-05-06,5,Chronos-LoRA-V2,13.6899995803833,11.172034465156488,14.034397961884336,17.73734035747896,0.0,0.0
ENPH,2019-05-06,5,Chronos-LoRA-V3,13.6899995803833,11.331570836786826,14.018688376819911,17.645379261591238,0.0,0.0
ENPH,2019-05-06,10,Chronos-LoRA-V1,14.3100004196167,9.36733773854012,14.126640073440798,22.12464036443855,0.0,0.0
ENPH,2019-05-06,10,Chronos-LoRA-V2,14.3100004196167,9.11125348652645,14.296569875866437,22.696587557769284,0.0,0.0
ENPH,2019-05-06,10,Chronos-LoRA-V3,14.3100004196167,9.371678137709617,14.232126391425329,22.35701258927045,0.0,0.0
ENPH,2019-05-06,20,Chronos-LoRA-V1,15.970000267028809,6.373832994175899,14.441286399198399,35.09449722551202,0.0,0.0
ENPH,2019-05-06,20,Chronos-LoRA-V2,15.970000267028809,6.050764556907196,14.816276644545702,37.02655937735439,0.0,0.0
ENPH,2019-05-06,20,Chronos-LoRA-V3,15.970000267028809,6.37490405059088,14.658914366171288,35.86216986901466,0.0,0.0
ENPH,2019-08-09,1,Chronos-LoRA-V1,30.899999618530277,30.699109549244863,32.016252250148874,33.42184606156716,0.0,0.0
ENPH,2019-08-09,1,Chronos-LoRA-V2,30.899999618530277,30.6236993483702,32.05315425270349,33.528360305569244,0.0,0.0
ENPH,2019-08-09,1,Chronos-LoRA-V3,30.899999618530277,30.71623013097816,32.052970291352786,33.48008129242364,0.0,0.0
ENPH,2019-08-09,5,Chronos-LoRA-V1,32.029998779296875,26.497914944859758,32.68070590049525,40.58512990318047,0.0,0.0
ENPH,2019-08-09,5,Chronos-LoRA-V2,32.029998779296875,26.173980603084885,32.87639054474937,41.26356628943748,0.0,0.0
ENPH,2019-08-09,5,Chronos-LoRA-V3,32.029998779296875,26.562640635592796,32.79932978828092,40.80638315476632,0.0,0.0
ENPH,2019-08-09,10,Chronos-LoRA-V1,33.400001525878906,22.182935650675898,33.55342706155374,51.35404350705706,0.0,0.0
ENPH,2019-08-09,10,Chronos-LoRA-V2,33.400001525878906,21.57571349493063,33.924137430625585,53.22001520165285,0.0,0.0
ENPH,2019-08-09,10,Chronos-LoRA-V3,33.400001525878906,22.238545823902587,33.74827983995572,51.93940594050433,0.0,0.0
ENPH,2019-08-09,20,Chronos-LoRA-V1,23.799999237060547,15.336740794587312,35.224923832532255,83.2219628095708,0.0,0.0
ENPH,2019-08-09,20,Chronos-LoRA-V2,23.799999237060547,14.565437805190829,35.99898677775956,88.7601431809066,0.0,0.0
ENPH,2019-08-09,20,Chronos-LoRA-V3,23.799999237060547,15.406673390293165,35.62313687319191,85.00479395959975,0.0,0.0
ENPH,2019-11-14,1,Chronos-LoRA-V1,19.31999969482422,18.075439134753537,19.06260731240576,20.042495726241263,0.0,0.0
ENPH,2019-11-14,1,Chronos-LoRA-V2,19.31999969482422,18.163463766730388,19.085198870183415,19.991594597521452,0.0,0.0
ENPH,2019-11-14,1,Chronos-LoRA-V3,19.31999969482422,18.139535085436226,19.08712808494682,20.024369656735363,0.0,0.0
ENPH,2019-11-14,5,Chronos-LoRA-V1,18.81999969482422,14.73670207148815,19.35932813966852,25.06898847717089,0.0,0.0
ENPH,2019-11-14,5,Chronos-LoRA-V2,18.81999969482422,15.153327822416525,19.47531218764466,24.69957147140759,0.0,0.0
ENPH,2019-11-14,5,Chronos-LoRA-V3,18.81999969482422,14.996360191532483,19.43714446986266,24.868726325306916,0.0,0.0
ENPH,2019-11-14,10,Chronos-LoRA-V1,21.8700008392334,11.334363252375956,19.76129117240072,33.28608814838271,0.0,0.0
ENPH,2019-11-14,10,Chronos-LoRA-V2,21.8700008392334,12.054482032637262,19.973848652925664,32.15732262590328,0.0,0.0
ENPH,2019-11-14,10,Chronos-LoRA-V3,21.8700008392334,11.719753285765567,19.89279146181205,32.73211923282358,0.0,0.0
ENPH,2019-11-14,20,Chronos-LoRA-V1,24.6200008392334,6.661008355558944,20.587963803757066,59.12548745424612,0.0,0.0
ENPH,2019-11-14,20,Chronos-LoRA-V2,24.6200008392334,7.558959706881217,20.986365064976326,54.79225584210178,0.0,0.0
ENPH,2019-11-14,20,Chronos-LoRA-V3,24.6200008392334,7.141135644683513,20.83059931813074,56.97457799930633,0.0,0.0
ENPH,2020-02-24,1,Chronos-LoRA-V1,50.900001525878906,52.94245077025223,55.60346297188491,58.375393584187286,1.0,0.0
ENPH,2020-02-24,1,Chronos-LoRA-V2,50.900001525878906,52.933981774432425,55.66181545637375,58.4670328941267,1.0,0.0
ENPH,2020-02-24,1,Chronos-LoRA-V3,50.900001525878906,53.02328514209196,55.650817736342255,58.39349907175439,1.0,0.0
ENPH,2020-02-24,5,Chronos-LoRA-V1,51.400001525878906,44.74856253726793,56.95975111853826,72.30851139562489,0.0,0.0
ENPH,2020-02-24,5,Chronos-LoRA-V2,51.400001525878906,44.66976423799784,57.24550344522353,73.06384276309304,0.0,0.0
ENPH,2020-02-24,5,Chronos-LoRA-V3,51.400001525878906,45.00657443036303,57.080075344611124,72.30191320436631,0.0,0.0
ENPH,2020-02-24,10,Chronos-LoRA-V1,43.380001068115234,36.29775841740144,58.78185382865094,94.35559723360488,0.0,0.0
ENPH,2020-02-24,10,Chronos-LoRA-V2,43.380001068115234,36.27502050904142,59.31044767279062,95.90810228735346,0.0,0.0
ENPH,2020-02-24,10,Chronos-LoRA-V3,43.380001068115234,36.69010448609821,58.97164864202341,94.22396868164431,0.0,0.0
ENPH,2020-02-24,20,Chronos-LoRA-V1,27.51000022888184,23.749919614044263,62.22906653119887,160.287621171044,0.0,0.0
ENPH,2020-02-24,20,Chronos-LoRA-V2,27.51000022888184,23.636377207091243,63.2530030515923,165.03866919055906,0.0,0.0
ENPH,2020-02-24,20,Chronos-LoRA-V3,27.51000022888184,24.13720619370985,62.54181828934914,160.19598738458342,0.0,0.0
ENPH,2020-06-01,1,Chronos-LoRA-V1,56.95000076293945,55.6552277473341,59.98086724554589,64.54030545715935,0.0,0.0
ENPH,2020-06-01,1,Chronos-LoRA-V2,56.95000076293945,56.35803204955581,60.05451438058781,63.85875215413053,0.0,0.0
ENPH,2020-06-01,1,Chronos-LoRA-V3,56.95000076293945,55.948132649290564,60.04493627162688,64.36378599184182,0.0,0.0
ENPH,2020-06-01,5,Chronos-LoRA-V1,52.900001525878906,42.15570296219536,61.19617287572637,88.06566773605705,0.0,0.0
ENPH,2020-06-01,5,Chronos-LoRA-V2,52.900001525878906,44.85139513614715,61.57153355379157,83.77404134067024,0.0,0.0
ENPH,2020-06-01,5,Chronos-LoRA-V3,52.900001525878906,43.21616278152017,61.35424914175112,86.50500392440773,0.0,0.0
ENPH,2020-06-01,10,Chronos-LoRA-V1,50.45000076293945,29.730164150826994,62.76481278146396,129.75990195465147,0.0,0.0
ENPH,2020-06-01,10,Chronos-LoRA-V2,50.45000076293945,33.84908180924854,63.50687109079543,116.82815732507433,0.0,0.0
ENPH,2020-06-01,10,Chronos-LoRA-V3,50.45000076293945,31.202050777856698,63.01625114718083,125.02222520757864,0.0,0.0
ENPH,2020-06-01,20,Chronos-LoRA-V1,47.45000076293945,14.69923183067981,65.65071997881066,282.68489733554577,0.0,0.0
ENPH,2020-06-01,20,Chronos-LoRA-V2,47.45000076293945,19.025550795069666,67.08528104571059,228.2935515032352,0.0,0.0
ENPH,2020-06-01,20,Chronos-LoRA-V3,47.45000076293945,16.153099600251693,66.0299912083527,262.01078704622444,0.0,0.0
ENPH,2020-09-03,1,Chronos-LoRA-V1,66.16000366210938,64.19134953154837,68.19190170434977,72.33253545349652,0.0,0.0
ENPH,2020-09-03,1,Chronos-LoRA-V2,66.16000366210938,64.44561421026903,68.27864824572356,72.17159538426297,0.0,0.0
ENPH,2020-09-03,1,Chronos-LoRA-V3,66.16000366210938,64.41219289165349,68.25414349089695,72.2427695062545,0.0,0.0
ENPH,2020-09-03,5,Chronos-LoRA-V1,65.0999984741211,51.717826994941966,69.75992282083561,93.2531471014219,0.0,0.0
ENPH,2020-09-03,5,Chronos-LoRA-V2,65.0999984741211,52.8306137651945,70.17453306151342,92.20113314161377,0.0,0.0
ENPH,2020-09-03,5,Chronos-LoRA-V3,65.0999984741211,52.57101264755498,69.9118859353645,92.4387587515329,0.0,0.0
ENPH,2020-09-03,10,Chronos-LoRA-V1,68.2699966430664,39.5886595414695,71.8176187662088,127.52627476476583,0.0,0.0
ENPH,2020-09-03,10,Chronos-LoRA-V2,68.2699966430664,41.48444055281344,72.64921233449222,124.31302881264284,0.0,0.0
ENPH,2020-09-03,10,Chronos-LoRA-V3,68.2699966430664,40.78650322209395,72.07746060166053,125.4990274612893,0.0,0.0
ENPH,2020-09-03,20,Chronos-LoRA-V1,90.43000030517578,22.44663995941293,75.61117368611166,245.75705791507275,0.0,0.0
ENPH,2020-09-03,20,Chronos-LoRA-V2,90.43000030517578,25.0415244751368,77.24401862091231,227.8940661388922,0.0,0.0
ENPH,2020-09-03,20,Chronos-LoRA-V3,90.43000030517578,23.896226682029027,76.07643681183222,236.1067213725665,0.0,0.0
ENPH,2020-12-10,1,Chronos-LoRA-V1,139.91000366210938,124.94765495703113,132.17468595517644,139.62397389492705,0.0,1.0
ENPH,2020-12-10,1,Chronos-LoRA-V2,139.91000366210938,125.48317413909848,132.27064696628835,139.15633332647687,0.0,1.0
ENPH,2020-12-10,1,Chronos-LoRA-V3,139.91000366210938,125.45102487094056,132.28514202364826,139.3802065056683,0.0,1.0
ENPH,2020-12-10,5,Chronos-LoRA-V1,163.52000427246094,103.11896526332917,135.90002749381074,177.86810485368096,0.0,0.0
ENPH,2020-12-10,5,Chronos-LoRA-V2,163.52000427246094,105.05069711270225,136.59302011483476,175.91181681221352,0.0,0.0
ENPH,2020-12-10,5,Chronos-LoRA-V3,163.52000427246094,104.81475953861575,136.1840952602185,176.23675286971698,0.0,0.0
ENPH,2020-12-10,10,Chronos-LoRA-V1,181.38999938964844,81.52602353975288,140.73601571504278,238.61351454233812,0.0,0.0
ENPH,2020-12-10,10,Chronos-LoRA-V2,181.38999938964844,84.40055212914234,142.1583804468855,234.22746750261913,0.0,0.0
ENPH,2020-12-10,10,Chronos-LoRA-V3,181.38999938964844,83.78703194618775,141.23868319307493,235.2054223619959,0.0,0.0
ENPH,2020-12-10,20,Chronos-LoRA-V1,201.67999267578125,49.138498348079416,150.3075216651912,444.95701230277905,0.0,0.0
ENPH,2020-12-10,20,Chronos-LoRA-V2,201.67999267578125,53.44136026101299,153.36187269933868,420.35850506853257,0.0,0.0
ENPH,2020-12-10,20,Chronos-LoRA-V3,201.67999267578125,52.14624567366599,151.3044724362086,428.69062365361765,0.0,0.0
ENPH,2021-03-19,1,Chronos-LoRA-V1,161.11000061035156,145.65103630440709,155.97697036478255,166.59243794071133,0.0,0.0
ENPH,2021-03-19,1,Chronos-LoRA-V2,161.11000061035156,145.92238310133493,156.10186584066037,166.52783553968038,0.0,0.0
ENPH,2021-03-19,1,Chronos-LoRA-V3,161.11000061035156,146.4134855905833,156.13935673689534,166.20913456414465,0.0,0.0
ENPH,2021-03-19,5,Chronos-LoRA-V1,152.07000732421875,112.72290423649437,160.32135669027628,224.68463294042235,0.0,0.0
ENPH,2021-03-19,5,Chronos-LoRA-V2,152.07000732421875,114.48690469020285,161.0931564298406,223.72099701903954,0.0,0.0
ENPH,2021-03-19,5,Chronos-LoRA-V3,152.07000732421875,116.04234262476857,160.6909269187455,220.34666628500324,0.0,0.0
ENPH,2021-03-19,10,Chronos-LoRA-V1,149.4199981689453,82.92809419568921,166.20413044872774,322.0798279956066,0.0,0.0
ENPH,2021-03-19,10,Chronos-LoRA-V2,149.4199981689453,84.97661985290776,167.65230725366655,320.65964987791887,0.0,0.0
ENPH,2021-03-19,10,Chronos-LoRA-V3,149.4199981689453,86.89569821844348,166.7316916477103,312.2516469056761,0.0,0.0
ENPH,2021-03-19,20,Chronos-LoRA-V1,141.13999938964844,44.1190920127751,177.9820199164155,680.8012746235078,0.0,0.0
ENPH,2021-03-19,20,Chronos-LoRA-V2,141.13999938964844,46.49873224581834,180.89311584506663,662.5907228829991,0.0,0.0
ENPH,2021-03-19,20,Chronos-LoRA-V3,141.13999938964844,47.18828241307145,178.71225262545732,649.4575529819567,0.0,0.0
ENPH,2021-06-25,1,Chronos-LoRA-V1,188.3300018310547,166.98693234540508,176.63847234989757,186.2250789028818,0.0,1.0
ENPH,2021-06-25,1,Chronos-LoRA-V2,188.3300018310547,168.24032727911901,176.73698265566054,185.12124951119063,0.0,1.0
ENPH,2021-06-25,1,Chronos-LoRA-V3,188.3300018310547,167.67823408432895,176.79262970996294,185.92910850843734,0.0,1.0
ENPH,2021-06-25,5,Chronos-LoRA-V1,186.41000366210935,134.10385303645268,181.6764859402533,241.71723367497205,0.0,0.0
ENPH,2021-06-25,5,Chronos-LoRA-V2,186.41000366210935,141.40721273654086,181.93487390621087,231.33766098355662,0.0,0.0
ENPH,2021-06-25,5,Chronos-LoRA-V3,186.41000366210935,137.72403375706367,181.87053195332402,237.28052146497492,0.0,0.0
ENPH,2021-06-25,10,Chronos-LoRA-V1,185.72000122070312,96.65050720770306,188.1088350678474,352.9159260074496,0.0,0.0
ENPH,2021-06-25,10,Chronos-LoRA-V2,185.72000122070312,112.86530577172503,188.8499391263677,308.5695518562369,0.0,0.0
ENPH,2021-06-25,10,Chronos-LoRA-V3,185.72000122070312,104.40768012710603,188.48003462770612,331.1481240313943,0.0,0.0
ENPH,2021-06-25,20,Chronos-LoRA-V1,176.67999267578125,49.87814542392362,201.22836163360216,773.1008811716356,0.0,0.0
ENPH,2021-06-25,20,Chronos-LoRA-V2,176.67999267578125,68.17644689999182,202.48954465057273,568.6329244285621,0.0,0.0
ENPH,2021-06-25,20,Chronos-LoRA-V3,176.67999267578125,59.48088854503742,202.02314486180674,655.2045841343524,0.0,0.0
ENPH,2021-09-30,1,Chronos-LoRA-V1,155.36000061035156,145.39245470801507,150.49075926712538,155.75059170233328,0.0,0.0
ENPH,2021-09-30,1,Chronos-LoRA-V2,155.36000061035156,145.04537314298244,150.59941094876538,156.1493564628934,0.0,0.0
ENPH,2021-09-30,1,Chronos-LoRA-V3,155.36000061035156,145.56474764509267,150.6310990966191,155.83214211950926,0.0,0.0
ENPH,2021-09-30,5,Chronos-LoRA-V1,157.22999572753906,128.24016726045681,152.52110890981626,181.4964560930687,0.0,0.0
ENPH,2021-09-30,5,Chronos-LoRA-V2,157.22999572753906,126.83308343257995,153.0987647792851,183.82162573124074,0.0,0.0
ENPH,2021-09-30,5,Chronos-LoRA-V3,157.22999572753906,129.04031631202997,152.9850660688419,181.49097143382187,0.0,0.0
ENPH,2021-09-30,10,Chronos-LoRA-V1,173.77999877929688,109.89592913672638,155.09439052145902,219.0539242138226,0.0,0.0
ENPH,2021-09-30,10,Chronos-LoRA-V2,173.77999877929688,107.48572950087251,156.25562296731363,224.78345766723294,0.0,0.0
ENPH,2021-09-30,10,Chronos-LoRA-V3,173.77999877929688,111.02062460021774,155.913349569564,219.197633447706,0.0,0.0
ENPH,2021-09-30,20,Chronos-LoRA-V1,224.4600067138672,80.90998567774164,160.6967162933864,318.4565631801179,0.0,0.0
ENPH,2021-09-30,20,Chronos-LoRA-V2,224.4600067138672,78.02126328243145,162.55517033638776,331.1767757263647,0.0,0.0
ENPH,2021-09-30,20,Chronos-LoRA-V3,224.4600067138672,82.77929643763838,162.16173433193956,317.2791026512785,0.0,0.0
ENPH,2022-01-06,1,Chronos-LoRA-V1,145.1300048828125,144.36399082169777,151.66969969121183,159.14831249237517,0.0,0.0
ENPH,2022-01-06,1,Chronos-LoRA-V2,145.1300048828125,144.58311324765614,152.02903743873918,159.57190183131263,0.0,0.0
ENPH,2022-01-06,1,Chronos-LoRA-V3,145.1300048828125,144.84496570606058,151.9686521385498,159.35448790398644,0.0,0.0
ENPH,2022-01-06,5,Chronos-LoRA-V1,143.49000549316406,119.15194467365438,152.47873484909672,193.67058078940954,0.0,0.0
ENPH,2022-01-06,5,Chronos-LoRA-V2,143.49000549316406,120.24388917495132,154.22251180161444,196.11521674928446,0.0,0.0
ENPH,2022-01-06,5,Chronos-LoRA-V3,143.49000549316406,121.16523709488108,153.62207128753553,194.30345515969248,0.0,0.0
ENPH,2022-01-06,10,Chronos-LoRA-V1,126.0199966430664,93.90182364675836,153.85064555481864,247.4043927070236,0.0,0.0
ENPH,2022-01-06,10,Chronos-LoRA-V2,126.0199966430664,96.03323443651519,157.16699259190648,252.11378220336607,0.0,0.0
ENPH,2022-01-06,10,Chronos-LoRA-V3,126.0199966430664,97.02468163597536,155.89421032738377,248.39849631956673,0.0,0.0
ENPH,2022-01-06,20,Chronos-LoRA-V1,141.22999572753906,57.882206736070465,157.20481645623175,408.7761589199164,0.0,0.0
ENPH,2022-01-06,20,Chronos-LoRA-V2,141.22999572753906,61.746751694050204,163.01981994168776,412.16263377727773,0.0,0.0
ENPH,2022-01-06,20,Chronos-LoRA-V3,141.22999572753906,62.61800971453276,161.1548661778307,406.78815018680956,0.0,0.0
ENPH,2022-04-13,1,Chronos-LoRA-V1,190.50999450683597,183.53058461255753,193.5757856832904,203.96513438971692,0.0,0.0
ENPH,2022-04-13,1,Chronos-LoRA-V2,190.50999450683597,184.30285013056005,193.87609480347137,203.5002141322723,0.0,0.0
ENPH,2022-04-13,1,Chronos-LoRA-V3,190.50999450683597,184.07948405296935,193.8480766214611,203.9051562036206,0.0,0.0
ENPH,2022-04-13,5,Chronos-LoRA-V1,156.55999755859375,149.2369253276782,195.1621952811975,253.85895762464753,0.0,0.0
ENPH,2022-04-13,5,Chronos-LoRA-V2,156.55999755859375,152.4759418362439,196.70931614443415,251.07879398335118,0.0,0.0
ENPH,2022-04-13,5,Chronos-LoRA-V3,156.55999755859375,151.41887146403258,196.138085002155,252.56038150612113,0.0,0.0
ENPH,2022-04-13,10,Chronos-LoRA-V1,164.47000122070312,115.66083232332817,196.92135590446057,331.4678931462291,0.0,0.0
ENPH,2022-04-13,10,Chronos-LoRA-V2,164.47000122070312,120.51200546532132,200.03724825193595,324.9765022176427,0.0,0.0
ENPH,2022-04-13,10,Chronos-LoRA-V3,164.47000122070312,118.7203008964462,198.627620480845,328.05960927381784,0.0,0.0
ENPH,2022-04-13,20,Chronos-LoRA-V1,140.94000244140625,70.74563659304012,201.45732608505634,560.2710024634189,0.0,0.0
ENPH,2022-04-13,20,Chronos-LoRA-V2,140.94000244140625,75.20739155639716,206.45516982613447,543.6628610042511,0.0,0.0
ENPH,2022-04-13,20,Chronos-LoRA-V3,140.94000244140625,73.82968396945347,203.9963285289547,549.5071530632398,0.0,0.0
ENPH,2022-07-22,1,Chronos-LoRA-V1,218.5500030517578,200.27269988516068,212.12065987834183,224.084124835901,0.0,0.0
ENPH,2022-07-22,1,Chronos-LoRA-V2,218.5500030517578,201.02989613185056,212.34264899046468,223.595913045218,0.0,0.0
ENPH,2022-07-22,1,Chronos-LoRA-V3,218.5500030517578,200.78421270291264,212.32879614199803,223.993920145416,0.0,0.0
ENPH,2022-07-22,5,Chronos-LoRA-V1,284.17999267578125,160.87702527414305,214.41476668185274,281.8001990523257,0.0,1.0
ENPH,2022-07-22,5,Chronos-LoRA-V2,284.17999267578125,164.20526838180635,215.68916268782863,278.8669620712836,0.0,1.0
ENPH,2022-07-22,5,Chronos-LoRA-V3,284.17999267578125,162.71599583067885,215.09855151322785,280.49022939319065,0.0,1.0
ENPH,2022-07-22,10,Chronos-LoRA-V1,300.9100036621094,122.7514841388714,217.3276485155692,375.67852629681784,0.0,0.0
ENPH,2022-07-22,10,Chronos-LoRA-V2,300.9100036621094,128.19247931721208,219.8920093980962,366.62333678069945,0.0,0.0
ENPH,2022-07-22,10,Chronos-LoRA-V3,300.9100036621094,125.23504056760902,218.442174194557,371.86068701138413,0.0,0.0
ENPH,2022-07-22,20,Chronos-LoRA-V1,283.70001220703125,75.01565150631967,223.09570718525424,641.5894262874928,0.0,0.0
ENPH,2022-07-22,20,Chronos-LoRA-V2,283.70001220703125,79.2643585526049,227.65984155190398,623.588797640885,0.0,0.0
ENPH,2022-07-22,20,Chronos-LoRA-V3,283.70001220703125,77.06132093560123,225.07336316831942,634.226796444199,0.0,0.0
ENPH,2022-10-26,1,Chronos-LoRA-V1,306.0799865722656,279.79564098984184,292.5184844595135,305.89702690761084,0.0,1.0
ENPH,2022-10-26,1,Chronos-LoRA-V2,306.0799865722656,279.69259536947175,292.8737100554931,306.394654506441,0.0,0.0
ENPH,2022-10-26,1,Chronos-LoRA-V3,306.0799865722656,280.197059261918,292.8213292925584,306.06118968542137,0.0,1.0
ENPH,2022-10-26,5,Chronos-LoRA-V1,289.5,238.05459524903864,294.2019991804602,363.81931630533444,0.0,0.0
ENPH,2022-10-26,5,Chronos-LoRA-V2,289.5,236.39725867772444,296.214123688834,369.4579470880832,0.0,0.0
ENPH,2022-10-26,5,Chronos-LoRA-V3,289.5,238.68198900490296,295.187450379446,365.101095053693,0.0,0.0
ENPH,2022-10-26,10,Chronos-LoRA-V1,284.75,193.40713541879882,296.4213564324379,452.03486286678503,0.0,0.0
ENPH,2022-10-26,10,Chronos-LoRA-V2,284.75,191.8839975925386,300.21505549915406,463.8539720167928,0.0,0.0
ENPH,2022-10-26,10,Chronos-LoRA-V3,284.75,194.312150962348,297.99252171401673,454.7380188167393,0.0,0.0
ENPH,2022-10-26,20,Chronos-LoRA-V1,315.7799987792969,126.636877805274,300.5479044581134,701.0216565828641,0.0,0.0
ENPH,2022-10-26,20,Chronos-LoRA-V2,315.7799987792969,126.04615311153587,306.69914187579366,724.4333918085881,0.0,0.0
ENPH,2022-10-26,20,Chronos-LoRA-V3,315.7799987792969,128.2142040781367,303.2213831277338,706.38370304024,0.0,0.0
ENPH,2023-02-03,1,Chronos-LoRA-V1,222.9900054931641,212.73271009308908,222.78716772969184,233.18319402545234,0.0,0.0
ENPH,2023-02-03,1,Chronos-LoRA-V2,222.9900054931641,213.35253100241823,223.0700563407358,232.88750484266652,0.0,0.0
ENPH,2023-02-03,1,Chronos-LoRA-V3,222.9900054931641,213.16794227264828,223.0530529872145,233.2803147468244,0.0,0.0
ENPH,2023-02-03,5,Chronos-LoRA-V1,212.07000732421875,174.77980974991746,222.20675769976728,281.6233362264604,0.0,0.0
ENPH,2023-02-03,5,Chronos-LoRA-V2,212.07000732421875,178.37413905427798,223.6038036940582,278.40914292221174,0.0,0.0
ENPH,2023-02-03,5,Chronos-LoRA-V3,212.07000732421875,176.98534798186816,223.0331366646085,280.30876284815946,0.0,0.0
ENPH,2023-02-03,10,Chronos-LoRA-V1,204.9900054931641,137.03628383281614,221.39806703942685,354.3164924701539,0.0,0.0
ENPH,2023-02-03,10,Chronos-LoRA-V2,204.9900054931641,143.02393294058666,224.1093964509527,346.42953495547886,0.0,0.0
ENPH,2023-02-03,10,Chronos-LoRA-V3,204.9900054931641,140.19991913589453,222.79148628339772,351.1332849457978,0.0,0.0
ENPH,2023-02-03,20,Chronos-LoRA-V1,225.3500061035156,81.29280553307404,219.20837093432303,578.7746271947437,0.0,0.0
ENPH,2023-02-03,20,Chronos-LoRA-V2,225.3500061035156,90.03534339083767,224.41084732928746,543.2080114344035,0.0,0.0
ENPH,2023-02-03,20,Chronos-LoRA-V3,225.3500061035156,85.92101010738145,221.63408911529362,562.0042157222595,0.0,0.0
ENPH,2023-05-11,1,Chronos-LoRA-V1,167.5500030517578,153.24148325477665,160.67294902451886,168.37344694239357,0.0,0.0
ENPH,2023-05-11,1,Chronos-LoRA-V2,167.5500030517578,153.871931303226,160.8571991506988,167.90642071177598,0.0,0.0
ENPH,2023-05-11,1,Chronos-LoRA-V3,167.5500030517578,153.64735506443367,160.83592890784342,168.28457920906038,0.0,0.0
ENPH,2023-05-11,5,Chronos-LoRA-V1,163.72000122070312,125.47659842150911,160.06241100801142,203.49320219482448,0.0,0.0
ENPH,2023-05-11,5,Chronos-LoRA-V2,163.72000122070312,128.71175343722038,161.03827778954295,200.19744431805324,0.0,0.0
ENPH,2023-05-11,5,Chronos-LoRA-V3,163.72000122070312,127.20206739938573,160.57523168315532,202.25171805301548,0.0,0.0
ENPH,2023-05-11,10,Chronos-LoRA-V1,164.58999633789062,96.91994031959122,159.4180764224241,259.1056400414973,0.0,0.0
ENPH,2023-05-11,10,Chronos-LoRA-V2,164.58999633789062,102.7696909333739,161.25788278287803,249.2612339197777,0.0,0.0
ENPH,2023-05-11,10,Chronos-LoRA-V3,164.58999633789062,99.51797375099467,160.29613802697486,255.74046612617445,0.0,0.0
ENPH,2023-05-11,20,Chronos-LoRA-V1,174.5800018310547,56.50604097484011,158.30562763923578,431.74887485448335,0.0,0.0
ENPH,2023-05-11,20,Chronos-LoRA-V2,174.5800018310547,64.63164621158478,161.244225709514,389.91315808343757,0.0,0.0
ENPH,2023-05-11,20,Chronos-LoRA-V3,174.5800018310547,60.072915260471305,159.5772127472624,414.5409440878507,0.0,0.0
ENPH,2023-08-18,1,Chronos-LoRA-V1,130.16000366210938,125.49702560423755,130.16146439401092,134.8649123533415,0.0,0.0
ENPH,2023-08-18,1,Chronos-LoRA-V2,130.16000366210938,125.63342080794752,130.2557116599984,134.8643948710562,0.0,0.0
ENPH,2023-08-18,1,Chronos-LoRA-V3,130.16000366210938,125.68624667253542,130.26493847547616,134.93483191191643,0.0,0.0
ENPH,2023-08-18,5,Chronos-LoRA-V1,124.08999633789062,107.50712663188735,129.30567933398464,154.60224080574497,0.0,0.0
ENPH,2023-08-18,5,Chronos-LoRA-V2,124.08999633789062,108.26467509620724,129.80871678401644,154.8328731911095,0.0,0.0
ENPH,2023-08-18,5,Chronos-LoRA-V3,124.08999633789062,108.34536862191567,129.62754447843676,154.803528520501,0.0,0.0
ENPH,2023-08-18,10,Chronos-LoRA-V1,128.72999572753906,89.39893046409466,128.28458920269367,182.0398354439964,0.0,0.0
ENPH,2023-08-18,10,Chronos-LoRA-V2,128.72999572753906,90.20100187272105,129.24438823551455,183.24373051724385,0.0,0.0
ENPH,2023-08-18,10,Chronos-LoRA-V3,128.72999572753906,90.32621900841812,128.8339270079325,182.96900906628176,0.0,0.0
ENPH,2023-08-18,20,Chronos-LoRA-V1,117.16000366210938,60.940172595083524,126.2189098689942,254.8993339982174,0.0,0.0
ENPH,2023-08-18,20,Chronos-LoRA-V2,117.16000366210938,62.269805148049585,127.84659969543108,256.4399106107247,0.0,0.0
ENPH,2023-08-18,20,Chronos-LoRA-V3,117.16000366210938,62.56163350334331,127.10121894784818,255.81847319399475,0.0,0.0
ENPH,2023-11-22,1,Chronos-LoRA-V1,100.22000122070312,95.99671356130926,100.09042087462801,104.15467225869132,0.0,0.0
ENPH,2023-11-22,1,Chronos-LoRA-V2,100.22000122070312,95.95036811156268,100.17234087657597,104.34045302348243,0.0,0.0
ENPH,2023-11-22,1,Chronos-LoRA-V3,100.22000122070312,96.1213802148779,100.16587312148967,104.25859959320552,0.0,0.0
ENPH,2023-11-22,5,Chronos-LoRA-V1,101.0199966430664,80.91218411553308,99.52285699878871,121.16059485542608,0.0,0.0
ENPH,2023-11-22,5,Chronos-LoRA-V2,101.0199966430664,80.49415335770489,99.93250854134347,122.69966357438702,0.0,0.0
ENPH,2023-11-22,5,Chronos-LoRA-V3,101.0199966430664,81.2024756592655,99.72682200342824,121.72145423161962,0.0,0.0
ENPH,2023-11-22,10,Chronos-LoRA-V1,107.16999816894533,65.12684211159957,98.90581273627328,146.9843336817644,0.0,0.0
ENPH,2023-11-22,10,Chronos-LoRA-V2,107.16999816894533,64.75875413113586,99.65731885801021,149.69049521300641,0.0,0.0
ENPH,2023-11-22,10,Chronos-LoRA-V3,107.16999816894533,65.60448005110591,99.2590645465091,147.9054649497161,0.0,0.0
ENPH,2023-11-22,20,Chronos-LoRA-V1,133.86000061035156,42.11647348392697,97.48370274723922,215.3589023928493,0.0,0.0
ENPH,2023-11-22,20,Chronos-LoRA-V2,133.86000061035156,41.5063773126804,98.73077500792508,222.87180493198113,0.0,0.0
ENPH,2023-11-22,20,Chronos-LoRA-V3,133.86000061035156,42.50861517190274,97.93016167050898,218.28410781823064,0.0,0.0
ENPH,2024-03-04,1,Chronos-LoRA-V1,125.08999633789062,118.24499525671024,123.85801242114962,129.6393165972849,0.0,0.0
ENPH,2024-03-04,1,Chronos-LoRA-V2,125.08999633789062,118.53593918372954,124.0137118797453,129.54544260651326,0.0,0.0
ENPH,2024-03-04,1,Chronos-LoRA-V3,125.08999633789062,118.47544481065485,123.97468719812025,129.65699742006123,0.0,0.0
ENPH,2024-03-04,5,Chronos-LoRA-V1,128.69000244140625,97.08359792835945,123.31794390408096,155.77946424665856,0.0,0.0
ENPH,2024-03-04,5,Chronos-LoRA-V2,128.69000244140625,98.76206074931719,124.03463359584794,154.71074824693068,0.0,0.0
ENPH,2024-03-04,5,Chronos-LoRA-V3,128.69000244140625,98.30836609259629,123.64978834907946,155.102647150197,0.0,0.0
ENPH,2024-03-04,10,Chronos-LoRA-V1,111.19000244140624,75.91188685706038,122.69152871589783,196.04074659887004,0.0,0.0
ENPH,2024-03-04,10,Chronos-LoRA-V2,111.19000244140624,78.89017969529486,124.02552273753648,192.32878615369336,0.0,0.0
ENPH,2024-03-04,10,Chronos-LoRA-V3,111.19000244140624,77.69284873999081,123.24935467599535,193.98051664551346,0.0,0.0
ENPH,2024-03-04,20,Chronos-LoRA-V1,113.5500030517578,46.78581329136833,120.9741820192365,307.72753604832326,0.0,0.0
ENPH,2024-03-04,20,Chronos-LoRA-V2,113.5500030517578,50.350118062542826,123.40724399020054,295.06951063007057,0.0,0.0
ENPH,2024-03-04,20,Chronos-LoRA-V3,113.5500030517578,48.80331449255858,121.97729173139666,300.7121135098358,0.0,0.0
ENPH,2024-06-07,1,Chronos-LoRA-V1,130.6699981689453,117.16133593482809,122.61353086396669,128.2362667829283,0.0,1.0
ENPH,2024-06-07,1,Chronos-LoRA-V2,130.6699981689453,117.44808870292853,122.75850050360056,128.10679340409192,0.0,1.0
ENPH,2024-06-07,1,Chronos-LoRA-V3,130.6699981689453,117.34695299523581,122.73693463718747,128.2512407510831,0.0,1.0
ENPH,2024-06-07,5,Chronos-LoRA-V1,124.61000061035156,97.25587082573335,122.05850823838557,152.58926734957333,0.0,0.0
ENPH,2024-06-07,5,Chronos-LoRA-V2,124.61000061035156,98.53553198158286,122.80211574892284,151.86177675145572,0.0,0.0
ENPH,2024-06-07,5,Chronos-LoRA-V3,124.61000061035156,98.00132238275266,122.46144874643922,152.2794327511847,0.0,0.0
ENPH,2024-06-07,10,Chronos-LoRA-V1,108.0199966430664,77.34201297919358,121.40179088181469,189.08471402924886,0.0,0.0
ENPH,2024-06-07,10,Chronos-LoRA-V2,108.0199966430664,79.45476859547585,122.79797184132842,187.03506261476326,0.0,0.0
ENPH,2024-06-07,10,Chronos-LoRA-V3,108.0199966430664,78.30806793310515,122.10672069214682,188.50938995806277,0.0,0.0
ENPH,2024-06-07,20,Chronos-LoRA-V1,103.58999633789062,48.167762720127385,120.12276195607734,294.4328437177873,0.0,0.0
ENPH,2024-06-07,20,Chronos-LoRA-V2,103.58999633789062,51.27423399705185,122.51211705121517,284.6504406722321,0.0,0.0
ENPH,2024-06-07,20,Chronos-LoRA-V3,103.58999633789062,49.658580403393984,121.37578335527822,291.0817883713546,0.0,0.0
ENPH,2024-09-16,1,Chronos-LoRA-V1,118.52999877929688,106.21664526951999,111.26739089443234,116.4797341494704,0.0,1.0
ENPH,2024-09-16,1,Chronos-LoRA-V2,118.52999877929688,106.49541840199336,111.36729449266753,116.32624171939457,0.0,1.0
ENPH,2024-09-16,1,Chronos-LoRA-V3,118.52999877929688,106.37410476091189,111.353206419219,116.46913394611343,0.0,1.0
ENPH,2024-09-16,5,Chronos-LoRA-V1,117.0,87.16837373940547,110.20383963697016,138.65473554236874,0.0,0.0
ENPH,2024-09-16,5,Chronos-LoRA-V2,117.0,88.50830497230702,110.743065265611,137.80073756323984,0.0,0.0
ENPH,2024-09-16,5,Chronos-LoRA-V3,117.0,87.8660129484156,110.47106986514866,138.23820524507013,0.0,0.0
ENPH,2024-09-16,10,Chronos-LoRA-V1,113.0199966430664,68.23512163430811,108.97987240484899,171.9888874233266,0.0,0.0
ENPH,2024-09-16,10,Chronos-LoRA-V2,113.0199966430664,70.4787974631902,109.97409175771067,169.68012551317503,0.0,0.0
ENPH,2024-09-16,10,Chronos-LoRA-V3,113.0199966430664,69.18037383965401,109.40910571638075,170.98028020044796,0.0,0.0
ENPH,2024-09-16,20,Chronos-LoRA-V1,101.47000122070312,41.52639257100468,106.32965285391522,265.3111148679672,0.0,0.0
ENPH,2024-09-16,20,Chronos-LoRA-V2,101.47000122070312,44.396895298798526,108.09068048393041,256.5785484924201,0.0,0.0
ENPH,2024-09-16,20,Chronos-LoRA-V3,101.47000122070312,42.79422362370413,107.01589380845407,261.09667095422157,0.0,0.0
ENPH,2024-12-19,1,Chronos-LoRA-V1,71.44999694824219,62.53613051778644,65.6015629779259,68.73909630593526,0.0,1.0
ENPH,2024-12-19,1,Chronos-LoRA-V2,71.44999694824219,62.67999732997542,65.67000260361479,68.67428609918382,0.0,1.0
ENPH,2024-12-19,1,Chronos-LoRA-V3,71.44999694824219,62.65652388269164,65.66043817358954,68.74787249087834,0.0,1.0
ENPH,2024-12-19,5,Chronos-LoRA-V1,72.12999725341797,51.053506990772725,64.82362979129546,81.75164519516599,0.0,0.0
ENPH,2024-12-19,5,Chronos-LoRA-V2,72.12999725341797,51.691561670919036,65.16992651320747,81.37112416808246,0.0,0.0
ENPH,2024-12-19,5,Chronos-LoRA-V3,72.12999725341797,51.493679223373825,65.0011692108865,81.62819530804421,0.0,0.0
ENPH,2024-12-19,10,Chronos-LoRA-V1,71.37999725341797,39.60993917202296,63.90074969242679,101.43487419787623,0.0,0.0
ENPH,2024-12-19,10,Chronos-LoRA-V2,71.37999725341797,40.73847213748496,64.54090125844031,100.1720606954551,0.0,0.0
ENPH,2024-12-19,10,Chronos-LoRA-V3,71.37999725341797,40.19606376033146,64.18505200760568,101.07398266055326,0.0,0.0
ENPH,2024-12-19,20,Chronos-LoRA-V1,60.9900016784668,23.416224984048295,62.039569639611,159.75442468339236,0.0,0.0
ENPH,2024-12-19,20,Chronos-LoRA-V2,60.9900016784668,24.976483809562087,63.11976533330725,153.21619868361694,0.0,0.0
ENPH,2024-12-19,20,Chronos-LoRA-V3,60.9900016784668,24.12324284485891,62.483055149970866,157.88797791526284,0.0,0.0
ENPH,2025-04-01,1,Chronos-LoRA-V1,62.52000045776367,59.60089877959875,62.26216280743959,64.96504569408008,0.0,0.0
ENPH,2025-04-01,1,Chronos-LoRA-V2,62.52000045776367,59.812353318712454,62.30241736022773,64.77831570130057,0.0,0.0
ENPH,2025-04-01,1,Chronos-LoRA-V3,62.52000045776367,59.70992150122869,62.305447668153,64.94920154044905,0.0,0.0
ENPH,2025-04-01,5,Chronos-LoRA-V1,49.52000045776367,49.21597575865754,61.692302047446255,76.83874912607325,0.0,0.0
ENPH,2025-04-01,5,Chronos-LoRA-V2,49.52000045776367,50.378250771756036,61.89935712685892,75.57668819860875,1.0,0.0
ENPH,2025-04-01,5,Chronos-LoRA-V3,49.52000045776367,49.831001548717154,61.80560632917141,76.46536544496391,1.0,0.0
ENPH,2025-04-01,10,Chronos-LoRA-V1,53.06999969482422,38.91228395479376,61.00500391634956,94.48055823258159,0.0,0.0
ENPH,2025-04-01,10,Chronos-LoRA-V2,53.06999969482422,40.77744234105894,61.40245775753048,91.31053406014176,0.0,0.0
ENPH,2025-04-01,10,Chronos-LoRA-V3,53.06999969482422,39.70888147647018,61.19843092981288,93.75980019437624,0.0,0.0
ENPH,2025-04-01,20,Chronos-LoRA-V1,44.59000015258789,24.03612306444449,59.48280747355394,144.6247157327834,0.0,0.0
ENPH,2025-04-01,20,Chronos-LoRA-V2,44.59000015258789,26.44969796113549,60.19208373958859,133.74324932127436,0.0,0.0
ENPH,2025-04-01,20,Chronos-LoRA-V3,44.59000015258789,25.045360671331217,59.82466151248708,141.55949275418692,0.0,0.0
ENPH,2025-07-09,1,Chronos-LoRA-V1,42.970001220703125,40.52716671019543,42.73203723083332,44.95080426882577,0.0,0.0
ENPH,2025-07-09,1,Chronos-LoRA-V2,42.970001220703125,40.57248209769855,42.7777601211843,45.01921315983847,0.0,0.0
ENPH,2025-07-09,1,Chronos-LoRA-V3,42.970001220703125,40.57665313832454,42.768990083441366,45.02610789555234,0.0,0.0
ENPH,2025-07-09,5,Chronos-LoRA-V1,39.02999877929688,32.416074450350415,42.2294421676284,54.3140334790177,0.0,0.0
ENPH,2025-07-09,5,Chronos-LoRA-V2,39.02999877929688,32.578562486199594,42.48215177409308,54.82183487232367,0.0,0.0
ENPH,2025-07-09,5,Chronos-LoRA-V3,39.02999877929688,32.55508544236953,42.334993823782455,54.63960581465384,0.0,0.0
ENPH,2025-07-09,10,Chronos-LoRA-V1,36.47999954223633,24.15954375973366,41.66107238175516,69.99747713663463,0.0,0.0
ENPH,2025-07-09,10,Chronos-LoRA-V2,36.47999954223633,24.73769436575201,42.13413833213083,70.26401578459645,0.0,0.0
ENPH,2025-07-09,10,Chronos-LoRA-V3,36.47999954223633,24.45587531833131,41.84264598535965,70.27893733858431,0.0,0.0
ENPH,2025-07-09,20,Chronos-LoRA-V1,30.11000061035156,13.348286536775555,40.563569343240204,117.83198235087696,0.0,0.0
ENPH,2025-07-09,20,Chronos-LoRA-V2,30.11000061035156,14.125052222198635,41.30621047876833,116.08904167842181,0.0,0.0
ENPH,2025-07-09,20,Chronos-LoRA-V3,30.11000061035156,13.676277110939091,40.833637053174705,117.77499476160843,0.0,0.0
ENPH,2025-10-14,1,Chronos-LoRA-V1,37.540000915527344,34.547254108058674,36.3447777425571,38.275606428663274,0.0,0.0
ENPH,2025-10-14,1,Chronos-LoRA-V2,37.540000915527344,34.6841352452325,36.37787362645352,38.06287937964454,0.0,0.0
ENPH,2025-10-14,1,Chronos-LoRA-V3,37.540000915527344,34.57783289543581,36.37562898594625,38.1857655431065,0.0,0.0
ENPH,2025-10-14,5,Chronos-LoRA-V1,37.09000015258789,28.372854143865755,35.925211071211834,45.45117187521948,0.0,0.0
ENPH,2025-10-14,5,Chronos-LoRA-V2,37.09000015258789,28.595505358646204,36.09157299302072,45.109060275212904,0.0,0.0
ENPH,2025-10-14,5,Chronos-LoRA-V3,37.09000015258789,28.33141058312974,36.01225136479291,45.35042589934382,0.0,0.0
ENPH,2025-10-14,10,Chronos-LoRA-V1,36.70000076293945,21.989685879919154,35.36231577346084,56.11424353159983,0.0,0.0
ENPH,2025-10-14,10,Chronos-LoRA-V2,36.70000076293945,22.55675477538686,35.732037808120154,55.45227707636352,0.0,0.0
ENPH,2025-10-14,10,Chronos-LoRA-V3,36.70000076293945,22.07896716876645,35.53656947095709,56.149470610019804,0.0,0.0
ENPH,2025-10-14,20,Chronos-LoRA-V1,30.84000015258789,12.807298980106994,34.37333449471076,89.04899592623634,0.0,0.0
ENPH,2025-10-14,20,Chronos-LoRA-V2,30.84000015258789,13.805729884940519,34.95136820344467,85.0958481896885,0.0,0.0
ENPH,2025-10-14,20,Chronos-LoRA-V3,30.84000015258789,13.068520389938724,34.654856695226535,88.55276246516422,0.0,0.0
ENPH,2026-01-21,1,Chronos-LoRA-V1,40.47999954223633,34.26148355100439,35.88076970023558,37.53422312091856,0.0,1.0
ENPH,2026-01-21,1,Chronos-LoRA-V2,40.47999954223633,34.47024909516927,35.91758005508319,37.381541225605034,0.0,1.0
ENPH,2026-01-21,1,Chronos-LoRA-V3,40.47999954223633,34.36777625030569,35.912440657415864,37.50407870556803,0.0,1.0
ENPH,2026-01-21,5,Chronos-LoRA-V1,40.470001220703125,28.205495876771494,35.524140238764176,44.33491362772334,0.0,0.0
ENPH,2026-01-21,5,Chronos-LoRA-V2,40.470001220703125,29.07084573089146,35.69744533894636,43.6046988784081,0.0,0.0
ENPH,2026-01-21,5,Chronos-LoRA-V3,40.470001220703125,28.628050245191613,35.605879634964055,44.16555211924652,0.0,0.0
ENPH,2026-01-21,10,Chronos-LoRA-V1,51.66999816894531,22.472987789804108,35.05365831554798,53.9197496147304,0.0,0.0
ENPH,2026-01-21,10,Chronos-LoRA-V2,51.66999816894531,23.618440313045326,35.40730804339047,52.46738437604134,0.0,0.0
ENPH,2026-01-21,10,Chronos-LoRA-V3,51.66999816894531,22.92329745099598,35.20886400358786,53.74164423984686,0.0,0.0
ENPH,2026-01-21,20,Chronos-LoRA-V1,44.25,13.751750291186475,34.217953964035765,82.34172802010603,0.0,0.0
ENPH,2026-01-21,20,Chronos-LoRA-V2,44.25,15.432226361168311,34.75274680628666,76.57650708021775,0.0,0.0
ENPH,2026-01-21,20,Chronos-LoRA-V3,44.25,14.481168178033212,34.41920129624387,81.14256668848111,0.0,0.0
ENPH,2026-04-29,1,Chronos-LoRA-V1,32.959999084472656,29.70409359511166,31.132782035735243,32.62507273035623,0.0,1.0
ENPH,2026-04-29,1,Chronos-LoRA-V2,32.959999084472656,29.66888215675146,31.15153354548038,32.66112107329935,0.0,1.0
ENPH,2026-04-29,1,Chronos-LoRA-V3,32.959999084472656,29.647915533254363,31.14367035874732,32.69050289827944,0.0,1.0
ENPH,2026-04-29,5,Chronos-LoRA-V1,35.79999923706055,24.3253793059463,30.858429610418256,38.97557061857474,0.0,0.0
ENPH,2026-04-29,5,Chronos-LoRA-V2,35.79999923706055,24.346379373614187,31.008339069460302,39.18719550039376,0.0,0.0
ENPH,2026-04-29,5,Chronos-LoRA-V3,35.79999923706055,24.22198722979624,30.915781870193328,39.24269045405715,0.0,0.0
ENPH,2026-04-29,10,Chronos-LoRA-V1,42.0,18.535983402639907,30.51597640403061,49.39618989615117,0.0,0.0
ENPH,2026-04-29,10,Chronos-LoRA-V2,42.0,19.03652311356286,30.834437525374714,48.982706642923354,0.0,0.0
ENPH,2026-04-29,10,Chronos-LoRA-V3,42.0,18.66597851869159,30.63948946080116,49.49802123339787,0.0,0.0
ENPH,2026-04-29,20,Chronos-LoRA-V1,69.5,11.09979730864564,29.771816468447543,76.79808506790499,0.0,0.0
ENPH,2026-04-29,20,Chronos-LoRA-V2,69.5,11.712644191529211,30.327561592925974,75.94571853546574,0.0,0.0
ENPH,2026-04-29,20,Chronos-LoRA-V3,69.5,11.219347122588957,29.9676645019527,78.28459376483701,0.0,0.0
ENPH,2026-08-06,1,Chronos-LoRA-V1,41.869998931884766,37.0773610281274,39.59661313758935,42.20139180424554,0.0,0.0
ENPH,2026-08-06,1,Chronos-LoRA-V2,41.869998931884766,37.33212744869311,39.63690769868882,42.006035083318544,0.0,0.0
ENPH,2026-08-06,1,Chronos-LoRA-V3,41.869998931884766,37.243406689485425,39.629795640300905,42.1023587046755,0.0,0.0
ENPH,2026-08-06,5,Chronos-LoRA-V1,40.77999877929688,28.297295207479195,39.30710847038128,53.98670382661549,0.0,0.0
ENPH,2026-08-06,5,Chronos-LoRA-V2,40.77999877929688,29.31782701852147,39.537824740227286,52.7901833636807,0.0,0.0
ENPH,2026-08-06,5,Chronos-LoRA-V3,40.77999877929688,28.91674388231991,39.39654910382837,53.18807809285928,0.0,0.0
ENPH,2026-08-06,10,Chronos-LoRA-V1,38.36000061035156,20.410600958389917,38.931582306784016,72.67859783588611,0.0,0.0
ENPH,2026-08-06,10,Chronos-LoRA-V2,38.36000061035156,21.785368977808133,39.392849385997884,69.83323141918088,0.0,0.0
ENPH,2026-08-06,10,Chronos-LoRA-V3,38.36000061035156,21.169718805430026,39.088742929047974,70.90317371459678,0.0,0.0
ENPH,2026-08-06,20,Chronos-LoRA-V1,36.310001373291016,11.354575286417392,37.95550982247439,123.53419223388767,0.0,0.0
ENPH,2026-08-06,20,Chronos-LoRA-V2,36.310001373291016,12.133377732317754,38.83676841413336,120.20279895153885,0.0,0.0
ENPH,2026-08-06,20,Chronos-LoRA-V3,36.310001373291016,11.848436199219018,38.25500172455119,120.59591966019306,0.0,0.0
SMCI,2011-03-11,1,Chronos-LoRA-V1,1.4550000429153442,1.4279680391362037,1.4738049512150562,1.5239612502468176,0.0,0.0
SMCI,2011-03-11,1,Chronos-LoRA-V2,1.4550000429153442,1.4284659762342051,1.4750622546160543,1.5233953443747656,0.0,0.0
SMCI,2011-03-11,1,Chronos-LoRA-V3,1.4550000429153442,1.4300099348702886,1.4748656222251575,1.523127713621445,0.0,0.0
SMCI,2011-03-11,5,Chronos-LoRA-V1,1.4800000190734863,1.2602745378890525,1.4776769094187836,1.746511527541786,0.0,0.0
SMCI,2011-03-11,5,Chronos-LoRA-V2,1.4800000190734863,1.2629423453135051,1.4833693434526976,1.7450520803209226,0.0,0.0
SMCI,2011-03-11,5,Chronos-LoRA-V3,1.4800000190734863,1.2696626394890604,1.4805707231473375,1.738854278138113,0.0,0.0
SMCI,2011-03-11,10,Chronos-LoRA-V1,1.569000005722046,1.0827473493513766,1.4823690782729586,2.05929711453973,0.0,0.0
SMCI,2011-03-11,10,Chronos-LoRA-V2,1.569000005722046,1.0851052793638223,1.4933977129543463,2.059469085605819,0.0,0.0
SMCI,2011-03-11,10,Chronos-LoRA-V3,1.569000005722046,1.09599377329828,1.4874753436895902,2.0455816471671135,0.0,0.0
SMCI,2011-03-11,20,Chronos-LoRA-V1,1.6109999418258667,0.7941670936554929,1.4917339277812884,2.873695635160213,0.0,0.0
SMCI,2011-03-11,20,Chronos-LoRA-V2,1.6109999418258667,0.7994946152670186,1.5110638442521802,2.860023529650934,0.0,0.0
SMCI,2011-03-11,20,Chronos-LoRA-V3,1.6109999418258667,0.8143896511460121,1.5010409704017578,2.8253604057576,0.0,0.0
SMCI,2011-07-05,1,Chronos-LoRA-V1,1.590999960899353,1.567361895639573,1.610875887347659,1.6551549016220293,0.0,0.0
SMCI,2011-07-05,1,Chronos-LoRA-V2,1.590999960899353,1.5708575363083204,1.6118370944842038,1.6540109370553695,0.0,0.0
SMCI,2011-07-05,1,Chronos-LoRA-V3,1.590999960899353,1.5708053001884625,1.6119381493487215,1.6550103414819548,0.0,0.0
SMCI,2011-07-05,5,Chronos-LoRA-V1,1.5709999799728394,1.4133346609877104,1.6130099945156395,1.8382910410384634,0.0,0.0
SMCI,2011-07-05,5,Chronos-LoRA-V2,1.5709999799728394,1.423944825464191,1.6187884789988516,1.8414867052228312,0.0,0.0
SMCI,2011-07-05,5,Chronos-LoRA-V3,1.5709999799728394,1.4218569680745012,1.616803802303948,1.8435424985012145,0.0,0.0
SMCI,2011-07-05,10,Chronos-LoRA-V1,1.5230000019073486,1.234756117507318,1.6166125504814985,2.117616300536423,0.0,0.0
SMCI,2011-07-05,10,Chronos-LoRA-V2,1.5230000019073486,1.2589209538301818,1.6268789896996623,2.1056121800912693,0.0,0.0
SMCI,2011-07-05,10,Chronos-LoRA-V3,1.5230000019073486,1.2498449836886363,1.6227272528175956,2.1166964844774148,0.0,0.0
SMCI,2011-07-05,20,Chronos-LoRA-V1,1.2690000534057615,0.9447234127313674,1.6230034465764618,2.7863055601043416,0.0,0.0
SMCI,2011-07-05,20,Chronos-LoRA-V2,1.2690000534057615,0.9804005303102695,1.6399515014232475,2.744550035674418,0.0,0.0
SMCI,2011-07-05,20,Chronos-LoRA-V3,1.2690000534057615,0.9707799423644194,1.6329058707682509,2.7701615226173164,0.0,0.0
SMCI,2011-10-25,1,Chronos-LoRA-V1,1.593999981880188,1.3746962127199538,1.4442182610269676,1.5146186620098547,0.0,1.0
SMCI,2011-10-25,1,Chronos-LoRA-V2,1.593999981880188,1.3847833341550326,1.445681410584376,1.506511922619135,0.0,1.0
SMCI,2011-10-25,1,Chronos-LoRA-V3,1.593999981880188,1.3806271312946914,1.4453175572534633,1.5109309507744388,0.0,1.0
SMCI,2011-10-25,5,Chronos-LoRA-V1,1.5410000085830688,1.13224551185104,1.4448134750350181,1.8252580389145678,0.0,0.0
SMCI,2011-10-25,5,Chronos-LoRA-V2,1.5410000085830688,1.1728831838215925,1.4524877884529697,1.7846537956817197,0.0,0.0
SMCI,2011-10-25,5,Chronos-LoRA-V3,1.5410000085830688,1.1550796731096649,1.448218020703627,1.8026056951968539,0.0,0.0
SMCI,2011-10-25,10,Chronos-LoRA-V1,1.5980000495910645,0.8935123130443119,1.4455068903646913,2.295399710485935,0.0,0.0
SMCI,2011-10-25,10,Chronos-LoRA-V2,1.5980000495910645,0.9558408706226403,1.4607556656832503,2.19976727910884,0.0,0.0
SMCI,2011-10-25,10,Chronos-LoRA-V3,1.5980000495910645,0.9259584677233458,1.4516653787771234,2.2426725909572,0.0,0.0
SMCI,2011-10-25,20,Chronos-LoRA-V1,1.4199999570846558,0.5702095134008158,1.4440246575873317,3.563814970006709,0.0,0.0
SMCI,2011-10-25,20,Chronos-LoRA-V2,1.4199999570846558,0.6469799352595765,1.4716686180796277,3.2744817676955327,0.0,0.0
SMCI,2011-10-25,20,Chronos-LoRA-V3,1.4199999570846558,0.6075277244477829,1.4545216204883655,3.417546957036811,0.0,0.0
SMCI,2012-02-17,1,Chronos-LoRA-V1,1.7480000257492063,1.7260154907512555,1.7729904268560601,1.8225856667116607,0.0,0.0
SMCI,2012-02-17,1,Chronos-LoRA-V2,1.7480000257492063,1.726489054185988,1.7737188831316146,1.8213140268667447,0.0,0.0
SMCI,2012-02-17,1,Chronos-LoRA-V3,1.7480000257492063,1.7275646490350278,1.773974170293922,1.8227454955424938,0.0,0.0
SMCI,2012-02-17,5,Chronos-LoRA-V1,1.753000020980835,1.557416983212587,1.779753142796254,2.0439627450032973,0.0,0.0
SMCI,2012-02-17,5,Chronos-LoRA-V2,1.753000020980835,1.559967511781965,1.7838794797683444,2.0380478394040193,0.0,0.0
SMCI,2012-02-17,5,Chronos-LoRA-V3,1.753000020980835,1.5635929682291572,1.7826174808317872,2.042243994497597,0.0,0.0
SMCI,2012-02-17,10,Chronos-LoRA-V1,1.656999945640564,1.3706364004806588,1.7893538020717388,2.3590255859076983,0.0,0.0
SMCI,2012-02-17,10,Chronos-LoRA-V2,1.656999945640564,1.375639440433475,1.796353939436053,2.3416390755244043,0.0,0.0
SMCI,2012-02-17,10,Chronos-LoRA-V3,1.656999945640564,1.3788423427295513,1.793375434980823,2.3555918172468466,0.0,0.0
SMCI,2012-02-17,20,Chronos-LoRA-V1,1.6979999542236328,1.0614027455815096,1.805434913319905,3.138413924169521,0.0,0.0
SMCI,2012-02-17,20,Chronos-LoRA-V2,1.6979999542236328,1.072565799931814,1.8189146007663097,3.0754500803264517,0.0,0.0
SMCI,2012-02-17,20,Chronos-LoRA-V3,1.6979999542236328,1.072911332776027,1.812128812341012,3.1229661574783583,0.0,0.0
SMCI,2012-06-12,1,Chronos-LoRA-V1,1.4819999933242798,1.4909294280453458,1.5331376295790102,1.5772228226873217,1.0,0.0
SMCI,2012-06-12,1,Chronos-LoRA-V2,1.4819999933242798,1.4914110085151948,1.5344445285935184,1.578694891951932,1.0,0.0
SMCI,2012-06-12,1,Chronos-LoRA-V3,1.4819999933242798,1.492829074508307,1.53406020223871,1.5770862059159483,1.0,0.0
SMCI,2012-06-12,5,Chronos-LoRA-V1,1.4800000190734863,1.3328749606272923,1.5339458465320737,1.769218909407657,0.0,0.0
SMCI,2012-06-12,5,Chronos-LoRA-V2,1.4800000190734863,1.3351187605242327,1.5404051906155036,1.7790148667424024,0.0,0.0
SMCI,2012-06-12,5,Chronos-LoRA-V3,1.4800000190734863,1.3409105529280965,1.5367669777418622,1.7659574955430353,0.0,0.0
SMCI,2012-06-12,10,Chronos-LoRA-V1,1.52400004863739,1.1597370767512616,1.5366145626176204,2.0373854643910443,0.0,0.0
SMCI,2012-06-12,10,Chronos-LoRA-V2,1.52400004863739,1.1627279180032193,1.548317757883485,2.0599618123042585,0.0,0.0
SMCI,2012-06-12,10,Chronos-LoRA-V3,1.52400004863739,1.1717178508199717,1.541177629115773,2.031412704112035,0.0,0.0
SMCI,2012-06-12,20,Chronos-LoRA-V1,1.4869999885559082,0.8776694953870142,1.539232050040095,2.7116819172485265,0.0,0.0
SMCI,2012-06-12,20,Chronos-LoRA-V2,1.4869999885559082,0.8865870182188411,1.5585950408457456,2.739718801700071,0.0,0.0
SMCI,2012-06-12,20,Chronos-LoRA-V3,1.4869999885559082,0.8957195883801137,1.5477705786790072,2.689919915941895,0.0,0.0
SMCI,2012-10-03,1,Chronos-LoRA-V1,1.1039999723434448,1.1127784829618224,1.1416437548411091,1.1710178539797915,1.0,0.0
SMCI,2012-10-03,1,Chronos-LoRA-V2,1.1039999723434448,1.1148648836013166,1.1430669535852171,1.171083280623277,1.0,0.0
SMCI,2012-10-03,1,Chronos-LoRA-V3,1.1039999723434448,1.1140194580004863,1.1426201671070078,1.171783791735805,1.0,0.0
SMCI,2012-10-03,5,Chronos-LoRA-V1,0.9020000100135804,0.9998194223249107,1.1374034293603308,1.2929708800442548,1.0,0.0
SMCI,2012-10-03,5,Chronos-LoRA-V2,0.9020000100135804,1.0106619901533365,1.1436194563236572,1.289872513881704,1.0,0.0
SMCI,2012-10-03,5,Chronos-LoRA-V3,0.9020000100135804,1.0056495292385397,1.1407784030055679,1.2937419636111944,1.0,0.0
SMCI,2012-10-03,10,Chronos-LoRA-V1,0.9210000038146972,0.876879700782313,1.1327557155393775,1.4595282658064752,0.0,0.0
SMCI,2012-10-03,10,Chronos-LoRA-V2,0.9210000038146972,0.896592257953364,1.1441809136980015,1.450058303936517,0.0,0.0
SMCI,2012-10-03,10,Chronos-LoRA-V3,0.9210000038146972,0.8861584863710855,1.1385425046314581,1.460708085567496,0.0,0.0
SMCI,2012-10-03,20,Chronos-LoRA-V1,0.7990000247955322,0.6659989061651691,1.1203270155538898,1.8782445751803927,0.0,0.0
SMCI,2012-10-03,20,Chronos-LoRA-V2,0.7990000247955322,0.7044517901503564,1.141635977410139,1.829091414151914,0.0,0.0
SMCI,2012-10-03,20,Chronos-LoRA-V3,0.7990000247955322,0.6840501281756043,1.132361932257687,1.8734252971321035,0.0,0.0
SMCI,2013-01-30,1,Chronos-LoRA-V1,1.2380000352859497,1.1885890620199175,1.2257306367715388,1.263951433645005,0.0,0.0
SMCI,2013-01-30,1,Chronos-LoRA-V2,1.2380000352859497,1.191610690186766,1.2259639356949597,1.2604307358864917,0.0,0.0
SMCI,2013-01-30,1,Chronos-LoRA-V3,1.2380000352859497,1.1900397318529536,1.2261097479822005,1.2630898725408695,0.0,0.0
SMCI,2013-01-30,5,Chronos-LoRA-V1,1.2699999809265137,1.051363926039879,1.2286433651432351,1.4368961221444467,0.0,0.0
SMCI,2013-01-30,5,Chronos-LoRA-V2,1.2699999809265137,1.0649275662181876,1.2297540365452964,1.4180771820464029,0.0,0.0
SMCI,2013-01-30,5,Chronos-LoRA-V3,1.2699999809265137,1.0567807061159271,1.2292634837262937,1.4306866695299763,0.0,0.0
SMCI,2013-01-30,10,Chronos-LoRA-V1,1.25,0.9003977699151431,1.2325049614675234,1.6869515678680966,0.0,0.0
SMCI,2013-01-30,10,Chronos-LoRA-V2,1.25,0.9249731677629874,1.234173336335487,1.6413477660772777,0.0,0.0
SMCI,2013-01-30,10,Chronos-LoRA-V3,1.25,0.9084428949459139,1.2329969829568392,1.6725875428395445,0.0,0.0
SMCI,2013-01-30,20,Chronos-LoRA-V1,1.1699999570846558,0.6491872822273187,1.2348843044339286,2.3494225848014043,0.0,0.0
SMCI,2013-01-30,20,Chronos-LoRA-V2,1.1699999570846558,0.6951574989179914,1.2383281192399271,2.1913288725076217,0.0,0.0
SMCI,2013-01-30,20,Chronos-LoRA-V3,1.1699999570846558,0.6673065473157531,1.2351103517842184,2.2883536329370533,0.0,0.0
SMCI,2013-05-23,1,Chronos-LoRA-V1,1.02400004863739,0.9987711583024023,1.0242614352425554,1.0495321513050355,0.0,0.0
SMCI,2013-05-23,1,Chronos-LoRA-V2,1.02400004863739,0.9996058971747894,1.0248653448589735,1.0495724935199675,0.0,0.0
SMCI,2013-05-23,1,Chronos-LoRA-V3,1.02400004863739,0.9995591642992393,1.0248482244304045,1.0498777554195964,0.0,0.0
SMCI,2013-05-23,5,Chronos-LoRA-V1,1.031000018119812,0.89956659417333,1.0217689260417941,1.1562531937490756,0.0,0.0
SMCI,2013-05-23,5,Chronos-LoRA-V2,1.031000018119812,0.9040118995637876,1.0246852982189003,1.1560594899218284,0.0,0.0
SMCI,2013-05-23,5,Chronos-LoRA-V3,1.031000018119812,0.9030445116725504,1.0236090504000632,1.156272146371147,0.0,0.0
SMCI,2013-05-23,10,Chronos-LoRA-V1,1.087000012397766,0.7890742064888195,1.0191377342466514,1.3044009661150269,0.0,0.0
SMCI,2013-05-23,10,Chronos-LoRA-V2,1.087000012397766,0.7974794108587958,1.0243260872730007,1.3030990009173427,0.0,0.0
SMCI,2013-05-23,10,Chronos-LoRA-V3,1.087000012397766,0.7944830062210129,1.022214090365372,1.3044564213088832,0.0,0.0
SMCI,2013-05-23,20,Chronos-LoRA-V1,1.0959999561309814,0.6035142441303767,1.0119702622244848,1.6663297930646115,0.0,0.0
SMCI,2013-05-23,20,Chronos-LoRA-V2,1.0959999561309814,0.6194477629820402,1.0204213563917273,1.6493795657367858,0.0,0.0
SMCI,2013-05-23,20,Chronos-LoRA-V3,1.0959999561309814,0.6142297151262036,1.017103451434294,1.6595840944590432,0.0,0.0
SMCI,2013-09-16,1,Chronos-LoRA-V1,1.3240000009536743,1.3037553265155117,1.3289346908851403,1.3535283939725518,0.0,0.0
SMCI,2013-09-16,1,Chronos-LoRA-V2,1.3240000009536743,1.3029433607257404,1.328927416672683,1.3544424605399095,0.0,0.0
SMCI,2013-09-16,1,Chronos-LoRA-V3,1.3240000009536743,1.3044083160601656,1.3293596843662565,1.3538629910115494,0.0,0.0
SMCI,2013-09-16,5,Chronos-LoRA-V1,1.3420000076293943,1.2088722907227474,1.3325798479752247,1.4644501289320497,0.0,0.0
SMCI,2013-09-16,5,Chronos-LoRA-V2,1.3420000076293943,1.205940966542488,1.3325746876506888,1.4690353857965317,0.0,0.0
SMCI,2013-09-16,5,Chronos-LoRA-V3,1.3420000076293943,1.2118411221131404,1.3334343532822592,1.4641917355187084,0.0,0.0
SMCI,2013-09-16,10,Chronos-LoRA-V1,1.3539999723434448,1.097948757690076,1.3376218814856786,1.6186975717876921,0.0,0.0
SMCI,2013-09-16,10,Chronos-LoRA-V2,1.3539999723434448,1.094646742375241,1.3368707294356,1.6253698630435922,0.0,0.0
SMCI,2013-09-16,10,Chronos-LoRA-V3,1.3539999723434448,1.1031215641722334,1.3385079694363842,1.6172437604908119,0.0,0.0
SMCI,2013-09-16,20,Chronos-LoRA-V1,1.437999963760376,0.8893027537584961,1.3389024587859315,1.9965430274961296,0.0,0.0
SMCI,2013-09-16,20,Chronos-LoRA-V2,1.437999963760376,0.8959353235024824,1.3417848569840476,1.991281402009394,0.0,0.0
SMCI,2013-09-16,20,Chronos-LoRA-V3,1.437999963760376,0.9023487219185997,1.3408578735412466,1.9823648680243895,0.0,0.0
SMCI,2014-01-08,1,Chronos-LoRA-V1,1.6579999923706057,1.6380920193126214,1.6758329152609561,1.712161007319432,0.0,0.0
SMCI,2014-01-08,1,Chronos-LoRA-V2,1.6579999923706057,1.6407360186221716,1.6758712024314997,1.7096857611877265,0.0,0.0
SMCI,2014-01-08,1,Chronos-LoRA-V3,1.6579999923706057,1.640169095296232,1.676518043633901,1.711586138663059,0.0,0.0
SMCI,2014-01-08,5,Chronos-LoRA-V1,1.7300000190734863,1.5017150632268268,1.6828772903793239,1.8740043004656604,0.0,0.0
SMCI,2014-01-08,5,Chronos-LoRA-V2,1.7300000190734863,1.5135956664164338,1.683179345907903,1.862335650315592,0.0,0.0
SMCI,2014-01-08,5,Chronos-LoRA-V3,1.7300000190734863,1.5100764276261662,1.684409626032817,1.869015993272008,0.0,0.0
SMCI,2014-01-08,10,Chronos-LoRA-V1,2.197999954223633,1.3482735606968876,1.6929729860030938,2.096315054654703,0.0,1.0
SMCI,2014-01-08,10,Chronos-LoRA-V2,2.197999954223633,1.3705950199176826,1.6930092174710836,2.0695061023316335,0.0,1.0
SMCI,2014-01-08,10,Chronos-LoRA-V3,2.197999954223633,1.362657296329944,1.6950259125784948,2.0852143373478746,0.0,1.0
SMCI,2014-01-08,20,Chronos-LoRA-V1,2.075000047683716,1.0971019077621558,1.7138671614582068,2.6116546825642226,0.0,0.0
SMCI,2014-01-08,20,Chronos-LoRA-V2,2.075000047683716,1.123313315872754,1.7109314295823965,2.5539527836899225,0.0,0.0
SMCI,2014-01-08,20,Chronos-LoRA-V3,2.075000047683716,1.1139869603125103,1.7134072025775875,2.5872252135589395,0.0,0.0
SMCI,2014-05-02,1,Chronos-LoRA-V1,1.9830000400543213,1.981406257150568,2.0342125722951536,2.0861383090185406,0.0,0.0
SMCI,2014-05-02,1,Chronos-LoRA-V2,1.9830000400543213,1.979739073649539,2.032350078703673,2.083196660628842,0.0,0.0
SMCI,2014-05-02,1,Chronos-LoRA-V3,1.9830000400543213,1.9816874128744675,2.0338945987565884,2.0853690247698893,0.0,0.0
SMCI,2014-05-02,5,Chronos-LoRA-V1,1.8459999561309812,1.8029628203945292,2.0558600734358548,2.327910254668315,0.0,0.0
SMCI,2014-05-02,5,Chronos-LoRA-V2,1.8459999561309812,1.79601372639782,2.047806908021952,2.316384191469549,0.0,0.0
SMCI,2014-05-02,5,Chronos-LoRA-V3,1.8459999561309812,1.8031874630176006,2.0523066638155574,2.3227216410326985,0.0,0.0
SMCI,2014-05-02,10,Chronos-LoRA-V1,1.9759999513626096,1.5993996759790499,2.082969844843402,2.666128274425749,0.0,0.0
SMCI,2014-05-02,10,Chronos-LoRA-V2,1.9759999513626096,1.5897295565518839,2.0670230074859277,2.6400062222525618,0.0,0.0
SMCI,2014-05-02,10,Chronos-LoRA-V3,1.9759999513626096,1.598310906466723,2.0748763652459825,2.655492479552798,0.0,0.0
SMCI,2014-05-02,20,Chronos-LoRA-V1,2.117000102996826,1.2429928895188915,2.1263225147232996,3.5071950926876183,0.0,0.0
SMCI,2014-05-02,20,Chronos-LoRA-V2,2.117000102996826,1.2395760185017026,2.0990744917275195,3.424999553930798,0.0,0.0
SMCI,2014-05-02,20,Chronos-LoRA-V3,2.117000102996826,1.247965604690457,2.111801462149431,3.477580817728115,0.0,0.0
SMCI,2014-08-25,1,Chronos-LoRA-V1,2.470000028610229,2.393293899768706,2.460244189542507,2.5274885364908464,0.0,0.0
SMCI,2014-08-25,1,Chronos-LoRA-V2,2.470000028610229,2.396079799546596,2.4614814436985246,2.526209563456577,0.0,0.0
SMCI,2014-08-25,1,Chronos-LoRA-V3,2.470000028610229,2.3959343398901796,2.461644034450875,2.5282033826303763,0.0,0.0
SMCI,2014-08-25,5,Chronos-LoRA-V1,2.700000047683716,2.1489348167852236,2.474541138069027,2.837045276131576,0.0,0.0
SMCI,2014-08-25,5,Chronos-LoRA-V2,2.700000047683716,2.1657622383906845,2.4807308208376297,2.8284167250690495,0.0,0.0
SMCI,2014-08-25,5,Chronos-LoRA-V3,2.700000047683716,2.1621376020719794,2.4782679868256303,2.8350014538420996,0.0,0.0
SMCI,2014-08-25,10,Chronos-LoRA-V1,2.561000108718872,1.8729614852629752,2.492717213628606,3.2816445636738942,0.0,0.0
SMCI,2014-08-25,10,Chronos-LoRA-V2,2.561000108718872,1.906111794521765,2.504773960466353,3.2567557652482564,0.0,0.0
SMCI,2014-08-25,10,Chronos-LoRA-V3,2.561000108718872,1.8938725205950098,2.498634177007241,3.2783376357097067,0.0,0.0
SMCI,2014-08-25,20,Chronos-LoRA-V1,2.7799999713897705,1.420278229058077,2.5269272531734193,4.411973924166266,0.0,0.0
SMCI,2014-08-25,20,Chronos-LoRA-V2,2.7799999713897705,1.4697551695810318,2.549714323671726,4.328245562795467,0.0,0.0
SMCI,2014-08-25,20,Chronos-LoRA-V3,2.7799999713897705,1.4526267216082769,2.5373885743409867,4.39199434516794,0.0,0.0
SMCI,2014-12-16,1,Chronos-LoRA-V1,3.263999938964844,3.050669254993788,3.135523475969794,3.22153275329015,0.0,1.0
SMCI,2014-12-16,1,Chronos-LoRA-V2,3.263999938964844,3.0539637405404108,3.1369096949634785,3.2190627969513046,0.0,1.0
SMCI,2014-12-16,1,Chronos-LoRA-V3,3.263999938964844,3.054105357805174,3.1370381972043604,3.22131324783078,0.0,1.0
SMCI,2014-12-16,5,Chronos-LoRA-V1,3.5910000801086426,2.76017804728642,3.1626255243297834,3.616449444392821,0.0,0.0
SMCI,2014-12-16,5,Chronos-LoRA-V2,3.5910000801086426,2.773556180046362,3.169574216416542,3.607360115367364,0.0,0.0
SMCI,2014-12-16,5,Chronos-LoRA-V3,3.5910000801086426,2.7738076796773443,3.1663887033538263,3.6104891934692813,0.0,0.0
SMCI,2014-12-16,10,Chronos-LoRA-V1,3.48799991607666,2.432194727215446,3.1970873936778372,4.178995853406773,0.0,0.0
SMCI,2014-12-16,10,Chronos-LoRA-V2,3.48799991607666,2.460433763947835,3.210740940417674,4.153369534773241,0.0,0.0
SMCI,2014-12-16,10,Chronos-LoRA-V3,3.48799991607666,2.455631565208255,3.2031497844060075,4.1644898180589545,0.0,0.0
SMCI,2014-12-16,20,Chronos-LoRA-V1,3.315000057220459,1.9030571317124136,3.2661468101710276,5.541842673600266,0.0,0.0
SMCI,2014-12-16,20,Chronos-LoRA-V2,3.315000057220459,1.9439991964692473,3.289425003140512,5.479096997426897,0.0,0.0
SMCI,2014-12-16,20,Chronos-LoRA-V3,3.315000057220459,1.9331991578543488,3.2738514491690047,5.51500499118714,0.0,0.0
SMCI,2015-04-13,1,Chronos-LoRA-V1,3.5450000762939453,3.436029275811262,3.5392737657595212,3.6443930609093433,0.0,0.0
SMCI,2015-04-13,1,Chronos-LoRA-V2,3.5450000762939453,3.4446016832714994,3.5411927153265164,3.637496601485649,0.0,0.0
SMCI,2015-04-13,1,Chronos-LoRA-V3,3.5450000762939453,3.4420752237897987,3.5415368899583717,3.6426949579941774,0.0,0.0
SMCI,2015-04-13,5,Chronos-LoRA-V1,3.7060000896453857,3.068926188231442,3.568600528877215,4.140333412620311,0.0,0.0
SMCI,2015-04-13,5,Chronos-LoRA-V2,3.7060000896453857,3.112729736506618,3.578413899195612,4.101703605184777,0.0,0.0
SMCI,2015-04-13,5,Chronos-LoRA-V3,3.7060000896453857,3.0983965425524556,3.5749679051684358,4.121463457723383,0.0,0.0
SMCI,2015-04-13,10,Chronos-LoRA-V1,3.0789999961853027,2.675299155448109,3.6055718983653433,4.8334964239056895,0.0,0.0
SMCI,2015-04-13,10,Chronos-LoRA-V2,3.0789999961853027,2.745800804006033,3.6238932441760423,4.755447736117656,0.0,0.0
SMCI,2015-04-13,10,Chronos-LoRA-V3,3.0789999961853027,2.7179313066305038,3.6158328206818573,4.797283331251223,0.0,0.0
SMCI,2015-04-13,20,Chronos-LoRA-V1,3.0929999351501465,2.0253315489325687,3.6749748288594413,6.605351035252002,0.0,0.0
SMCI,2015-04-13,20,Chronos-LoRA-V2,3.0929999351501465,2.1239175364469745,3.708058798561245,6.407112102156977,0.0,0.0
SMCI,2015-04-13,20,Chronos-LoRA-V3,3.0929999351501465,2.086636376714541,3.6924020499526926,6.502370153097706,0.0,0.0
SMCI,2015-08-04,1,Chronos-LoRA-V1,2.7909998893737797,2.510513715694228,2.584834734468927,2.661668937804619,0.0,1.0
SMCI,2015-08-04,1,Chronos-LoRA-V2,2.7909998893737797,2.5138242398527857,2.5865551096708317,2.659702129304014,0.0,1.0
SMCI,2015-08-04,1,Chronos-LoRA-V3,2.7909998893737797,2.5135260519173808,2.586314622992773,2.661565164314828,0.0,1.0
SMCI,2015-08-04,5,Chronos-LoRA-V1,2.614000082015991,2.2452341342668594,2.599728551046712,3.009143370673186,0.0,0.0
SMCI,2015-08-04,5,Chronos-LoRA-V2,2.614000082015991,2.2607072519761244,2.6074380136521786,2.998414638224153,0.0,0.0
SMCI,2015-08-04,5,Chronos-LoRA-V3,2.614000082015991,2.2582916579205414,2.6041720606501038,3.004288592430611,0.0,0.0
SMCI,2015-08-04,10,Chronos-LoRA-V1,2.75,1.9496493049287653,2.621208593674852,3.51140349135247,0.0,0.0
SMCI,2015-08-04,10,Chronos-LoRA-V2,2.75,1.982657555389341,2.6350837196632817,3.4768127156038284,0.0,0.0
SMCI,2015-08-04,10,Chronos-LoRA-V3,2.75,1.9721509651854636,2.6282947492772446,3.498114547992339,0.0,0.0
SMCI,2015-08-04,20,Chronos-LoRA-V1,2.476999998092652,1.4777738798330464,2.660015389355062,4.7627924473654355,0.0,0.0
SMCI,2015-08-04,20,Chronos-LoRA-V2,2.476999998092652,1.526109185777803,2.6834642182772117,4.6552405516033,0.0,0.0
SMCI,2015-08-04,20,Chronos-LoRA-V3,2.476999998092652,1.510159040146947,2.671872282235845,4.718251880332504,0.0,0.0
SMCI,2015-11-24,1,Chronos-LoRA-V1,2.4140000343322754,2.3107452008399383,2.395977856339173,2.4832164469603195,0.0,0.0
SMCI,2015-11-24,1,Chronos-LoRA-V2,2.4140000343322754,2.315137941442631,2.3970959360608695,2.4792005636726855,0.0,0.0
SMCI,2015-11-24,1,Chronos-LoRA-V3,2.4140000343322754,2.314459770821461,2.39730088552736,2.4820997590926646,0.0,0.0
SMCI,2015-11-24,5,Chronos-LoRA-V1,2.6559998989105225,2.0182846828554024,2.4121388647442337,2.874325170795502,0.0,0.0
SMCI,2015-11-24,5,Chronos-LoRA-V2,2.6559998989105225,2.0321445013661843,2.416923379321868,2.8574254081765678,0.0,0.0
SMCI,2015-11-24,5,Chronos-LoRA-V3,2.6559998989105225,2.0304856114842136,2.415022197424565,2.8638866502256635,0.0,0.0
SMCI,2015-11-24,10,Chronos-LoRA-V1,2.3940000534057617,1.7152144334243027,2.4336518965874743,3.426202844981378,0.0,0.0
SMCI,2015-11-24,10,Chronos-LoRA-V2,2.3940000534057617,1.7318499201770432,2.4416278033631866,3.3976251177096914,0.0,0.0
SMCI,2015-11-24,10,Chronos-LoRA-V3,2.3940000534057617,1.7278996778029643,2.437670605151542,3.4136101945432746,0.0,0.0
SMCI,2015-11-24,20,Chronos-LoRA-V1,2.476999998092652,1.1914806629512713,2.4680611119756604,5.034111300072939,0.0,0.0
SMCI,2015-11-24,20,Chronos-LoRA-V2,2.476999998092652,1.2373707377395353,2.487514171149246,4.871245852032197,0.0,0.0
SMCI,2015-11-24,20,Chronos-LoRA-V3,2.476999998092652,1.2173164415802857,2.4796850995592075,4.976765385122782,0.0,0.0
SMCI,2016-03-21,1,Chronos-LoRA-V1,3.299000024795532,3.1904005180466357,3.3021410258494175,3.416222758118484,0.0,0.0
SMCI,2016-03-21,1,Chronos-LoRA-V2,3.299000024795532,3.197298926354426,3.304187551218021,3.411123971865489,0.0,0.0
SMCI,2016-03-21,1,Chronos-LoRA-V3,3.299000024795532,3.1935149052975387,3.3043070801013346,3.4170804611367056,0.0,0.0
SMCI,2016-03-21,5,Chronos-LoRA-V1,3.372999906539917,2.7792912099612592,3.314224657799196,3.9371602707780102,0.0,0.0
SMCI,2016-03-21,5,Chronos-LoRA-V2,3.372999906539917,2.814613625809978,3.3232974226684613,3.905104023278505,0.0,0.0
SMCI,2016-03-21,5,Chronos-LoRA-V3,3.372999906539917,2.7952129543705038,3.320140792790445,3.9321324458710123,0.0,0.0
SMCI,2016-03-21,10,Chronos-LoRA-V1,3.4179999828338623,2.331922300325177,3.3321690932168195,4.71703316097294,0.0,0.0
SMCI,2016-03-21,10,Chronos-LoRA-V2,3.4179999828338623,2.4023304874954126,3.348413895807227,4.617741927606265,0.0,0.0
SMCI,2016-03-21,10,Chronos-LoRA-V3,3.4179999828338623,2.3592180266330547,3.341431798860703,4.698439311526851,0.0,0.0
SMCI,2016-03-21,20,Chronos-LoRA-V1,2.7890000343322754,1.6452592199091456,3.361504061769644,6.7599301666808085,0.0,0.0
SMCI,2016-03-21,20,Chronos-LoRA-V2,2.7890000343322754,1.7373476484998134,3.3892452610334063,6.4754088103746765,0.0,0.0
SMCI,2016-03-21,20,Chronos-LoRA-V3,2.7890000343322754,1.679315006516582,3.375950695812554,6.698716475083475,0.0,0.0
SMCI,2016-07-13,1,Chronos-LoRA-V1,2.615000009536743,2.52437034837191,2.6089614711709346,2.6918009530899254,0.0,0.0
SMCI,2016-07-13,1,Chronos-LoRA-V2,2.615000009536743,2.5315218097812613,2.609988007300807,2.6860010487549597,0.0,0.0
SMCI,2016-07-13,1,Chronos-LoRA-V3,2.615000009536743,2.528675207857017,2.6103165723692294,2.6910700902499913,0.0,0.0
SMCI,2016-07-13,5,Chronos-LoRA-V1,1.955999970436096,2.2143968316819844,2.613420105773371,3.058206350947311,1.0,0.0
SMCI,2016-07-13,5,Chronos-LoRA-V2,1.955999970436096,2.2495677983196467,2.6196668466684403,3.0276330678425825,1.0,0.0
SMCI,2016-07-13,5,Chronos-LoRA-V3,1.955999970436096,2.233852943076736,2.61731861953181,3.049754864618918,1.0,0.0
SMCI,2016-07-13,10,Chronos-LoRA-V1,2.130000114440918,1.8861539420139808,2.6198300872136335,3.5758583994414224,0.0,0.0
SMCI,2016-07-13,10,Chronos-LoRA-V2,2.130000114440918,1.944811907933693,2.6313487609093413,3.504664623422764,0.0,0.0
SMCI,2016-07-13,10,Chronos-LoRA-V3,2.130000114440918,1.9142514791529186,2.6266509368709317,3.5596785279819945,0.0,0.0
SMCI,2016-07-13,20,Chronos-LoRA-V1,2.130000114440918,1.3551087727958553,2.627313828349522,4.954819369728919,0.0,0.0
SMCI,2016-07-13,20,Chronos-LoRA-V2,2.130000114440918,1.4459711483646307,2.6499362906044293,4.709126872143561,0.0,0.0
SMCI,2016-07-13,20,Chronos-LoRA-V3,2.130000114440918,1.3943320493995406,2.640137237401856,4.88741224205329,0.0,0.0
SMCI,2016-11-02,1,Chronos-LoRA-V1,2.234999895095825,2.1917701338526925,2.2607978373512454,2.3277749892042525,0.0,0.0
SMCI,2016-11-02,1,Chronos-LoRA-V2,2.234999895095825,2.197247756971854,2.261752915060928,2.3241507103896533,0.0,0.0
SMCI,2016-11-02,1,Chronos-LoRA-V3,2.234999895095825,2.1958091881754647,2.2619956262873253,2.3268371021229446,0.0,0.0
SMCI,2016-11-02,5,Chronos-LoRA-V1,2.345000028610229,1.9514792716928524,2.2616133287872406,2.6038417055639003,0.0,0.0
SMCI,2016-11-02,5,Chronos-LoRA-V2,2.345000028610229,1.9671553055383113,2.267157973783999,2.5932096557571334,0.0,0.0
SMCI,2016-11-02,5,Chronos-LoRA-V3,2.345000028610229,1.9649570706724986,2.265049105040915,2.599009083060167,0.0,0.0
SMCI,2016-11-02,10,Chronos-LoRA-V1,2.549999952316284,1.7163964350923577,2.2631876846476673,2.957804751851479,0.0,0.0
SMCI,2016-11-02,10,Chronos-LoRA-V2,2.549999952316284,1.7203166366254496,2.274632853065539,2.962567683294384,0.0,0.0
SMCI,2016-11-02,10,Chronos-LoRA-V3,2.549999952316284,1.727931364392165,2.268918010454416,2.958751804836747,0.0,0.0
SMCI,2016-11-02,20,Chronos-LoRA-V1,2.619999885559082,1.281537915900862,2.264809690424983,3.9367458081129656,0.0,0.0
SMCI,2016-11-02,20,Chronos-LoRA-V2,2.619999885559082,1.3040117860330172,2.2840056556198776,3.88121093304679,0.0,0.0
SMCI,2016-11-02,20,Chronos-LoRA-V3,2.619999885559082,1.3054479267983101,2.2744582397201025,3.916327050983619,0.0,0.0
SMCI,2017-02-28,1,Chronos-LoRA-V1,2.6600000858306885,2.5385980120945155,2.6012486688083967,2.661267952925726,0.0,0.0
SMCI,2017-02-28,1,Chronos-LoRA-V2,2.6600000858306885,2.5382611424899504,2.601961971418302,2.661787387931672,0.0,0.0
SMCI,2017-02-28,1,Chronos-LoRA-V3,2.6600000858306885,2.54061922707985,2.602321671340757,2.661520885845582,0.0,0.0
SMCI,2017-02-28,5,Chronos-LoRA-V1,2.5199999809265137,2.3069191091762904,2.6046648274933646,2.9211640957027116,0.0,0.0
SMCI,2017-02-28,5,Chronos-LoRA-V2,2.5199999809265137,2.3056062080504587,2.608404111691063,2.9257031824274464,0.0,0.0
SMCI,2017-02-28,5,Chronos-LoRA-V3,2.5199999809265137,2.315026065189433,2.6071854802294814,2.919993516099694,0.0,0.0
SMCI,2017-02-28,10,Chronos-LoRA-V1,2.505000114440918,2.056450434383074,2.6108937093929154,3.2719385456913335,0.0,0.0
SMCI,2017-02-28,10,Chronos-LoRA-V2,2.505000114440918,2.051497615875486,2.6178073449763244,3.2828688203540115,0.0,0.0
SMCI,2017-02-28,10,Chronos-LoRA-V3,2.505000114440918,2.0653943792229725,2.614697968429584,3.274058934560513,0.0,0.0
SMCI,2017-02-28,20,Chronos-LoRA-V1,2.494999885559082,1.605095460642701,2.620137537043587,4.165132609500509,0.0,0.0
SMCI,2017-02-28,20,Chronos-LoRA-V2,2.494999885559082,1.6094055776950706,2.6324107798200744,4.151000286428971,0.0,0.0
SMCI,2017-02-28,20,Chronos-LoRA-V3,2.494999885559082,1.62289996518606,2.6259477594516976,4.154648967323024,0.0,0.0
SMCI,2017-06-21,1,Chronos-LoRA-V1,2.424999952316284,2.3610932184938687,2.4056680208876564,2.449092312479921,0.0,0.0
SMCI,2017-06-21,1,Chronos-LoRA-V2,2.424999952316284,2.357584324474639,2.4062283637637205,2.452792092842412,0.0,0.0
SMCI,2017-06-21,1,Chronos-LoRA-V3,2.424999952316284,2.3625826119234854,2.406717151796696,2.45009771832552,0.0,0.0
SMCI,2017-06-21,5,Chronos-LoRA-V1,2.430000066757202,2.194928282007341,2.4066894516635426,2.6300941718032846,0.0,0.0
SMCI,2017-06-21,5,Chronos-LoRA-V2,2.430000066757202,2.178821054517959,2.409738509568158,2.6515500439672786,0.0,0.0
SMCI,2017-06-21,5,Chronos-LoRA-V3,2.430000066757202,2.200971038980662,2.4098737318606562,2.633410741480738,0.0,0.0
SMCI,2017-06-21,10,Chronos-LoRA-V1,2.3949999809265137,2.0114631822062274,2.4083647039522975,2.866472907992813,0.0,0.0
SMCI,2017-06-21,10,Chronos-LoRA-V2,2.3949999809265137,1.980142896911088,2.414292709156747,2.9152599856018817,0.0,0.0
SMCI,2017-06-21,10,Chronos-LoRA-V3,2.3949999809265137,2.0183077472222055,2.413756567909041,2.877826743733821,0.0,0.0
SMCI,2017-06-21,20,Chronos-LoRA-V1,2.7100000381469727,1.681218999792484,2.4108153065731064,3.4179668051761904,0.0,0.0
SMCI,2017-06-21,20,Chronos-LoRA-V2,2.7100000381469727,1.6336615415900293,2.421029283349964,3.5147399962634487,0.0,0.0
SMCI,2017-06-21,20,Chronos-LoRA-V3,2.7100000381469727,1.6952929372570529,2.4197829208452735,3.4334425890508875,0.0,0.0
SMCI,2017-10-12,1,Chronos-LoRA-V1,2.259999990463257,2.207170540873658,2.2518024952560407,2.294100039862558,0.0,0.0
SMCI,2017-10-12,1,Chronos-LoRA-V2,2.259999990463257,2.2046006048128843,2.2523473093546302,2.2977270049747807,0.0,0.0
SMCI,2017-10-12,1,Chronos-LoRA-V3,2.259999990463257,2.2087515825124377,2.252571899380224,2.295067398833592,0.0,0.0
SMCI,2017-10-12,5,Chronos-LoRA-V1,2.180000066757202,2.047848106281747,2.2567220929196132,2.472986288434848,0.0,0.0
SMCI,2017-10-12,5,Chronos-LoRA-V2,2.180000066757202,2.032296206016006,2.260349906490661,2.4984721660952443,0.0,0.0
SMCI,2017-10-12,5,Chronos-LoRA-V3,2.180000066757202,2.0528914694093654,2.259070317910668,2.4777230326366837,0.0,0.0
SMCI,2017-10-12,10,Chronos-LoRA-V1,2.1700000762939453,1.8703561107843771,2.263899003281903,2.713393303898228,0.0,0.0
SMCI,2017-10-12,10,Chronos-LoRA-V2,2.1700000762939453,1.841880522266048,2.270885203297674,2.7667455642848795,0.0,0.0
SMCI,2017-10-12,10,Chronos-LoRA-V3,2.1700000762939453,1.8773690354142976,2.26769062021924,2.7242934388306144,0.0,0.0
SMCI,2017-10-12,20,Chronos-LoRA-V1,1.955000042915344,1.5520574653888917,2.277378686610848,3.277357416912549,0.0,0.0
SMCI,2017-10-12,20,Chronos-LoRA-V2,1.955000042915344,1.5049945411030037,2.290700857094672,3.399450471608656,0.0,0.0
SMCI,2017-10-12,20,Chronos-LoRA-V3,1.955000042915344,1.5635145655687197,2.284072087753382,3.29708945731048,0.0,0.0
SMCI,2018-02-06,1,Chronos-LoRA-V1,1.9800000190734863,1.9019781592161658,1.9567799920837798,2.008448346606328,0.0,0.0
SMCI,2018-02-06,1,Chronos-LoRA-V2,1.9800000190734863,1.8970976099871426,1.9574858623894587,2.0146263065310923,0.0,0.0
SMCI,2018-02-06,1,Chronos-LoRA-V3,1.9800000190734863,1.9038131900622968,1.9575313065593414,2.0083897517619027,0.0,0.0
SMCI,2018-02-06,5,Chronos-LoRA-V1,1.840000033378601,1.715830849844387,1.963138366789515,2.2225565765488144,0.0,0.0
SMCI,2018-02-06,5,Chronos-LoRA-V2,1.840000033378601,1.6898904653755082,1.9678786753767565,2.26282765472835,0.0,0.0
SMCI,2018-02-06,5,Chronos-LoRA-V3,1.840000033378601,1.7213636130778915,1.9646259947922344,2.2213719393405036,0.0,0.0
SMCI,2018-02-06,10,Chronos-LoRA-V1,1.815000057220459,1.5223974836239378,1.9718303203224765,2.498140270228134,0.0,0.0
SMCI,2018-02-06,10,Chronos-LoRA-V2,1.815000057220459,1.4732673335980635,1.9818234333694074,2.596037526399878,0.0,0.0
SMCI,2018-02-06,10,Chronos-LoRA-V3,1.815000057220459,1.5285722132019268,1.974346888474162,2.5019505283469146,0.0,0.0
SMCI,2018-02-06,20,Chronos-LoRA-V1,1.9600000381469729,1.2043073150386734,1.9845689453899817,3.1455750414007695,0.0,0.0
SMCI,2018-02-06,20,Chronos-LoRA-V2,1.9600000381469729,1.1229260195917747,2.0031317877696635,3.397262755768682,0.0,0.0
SMCI,2018-02-06,20,Chronos-LoRA-V3,1.9600000381469729,1.2057964616942447,1.9892936287974352,3.1702692400757018,0.0,0.0
SMCI,2018-05-31,1,Chronos-LoRA-V1,2.440000057220459,2.3564605605597793,2.411739242557749,2.464836278984913,0.0,0.0
SMCI,2018-05-31,1,Chronos-LoRA-V2,2.440000057220459,2.357592991288044,2.4129493178988457,2.4661451447496066,0.0,0.0
SMCI,2018-05-31,1,Chronos-LoRA-V3,2.440000057220459,2.3572687907523453,2.4128559563950867,2.4668718324917376,0.0,0.0
SMCI,2018-05-31,5,Chronos-LoRA-V1,2.559999942779541,2.1402581288696263,2.4183303076597538,2.7129894138222586,0.0,0.0
SMCI,2018-05-31,5,Chronos-LoRA-V2,2.559999942779541,2.1569790367775847,2.423380721786,2.705986639286969,0.0,0.0
SMCI,2018-05-31,5,Chronos-LoRA-V3,2.559999942779541,2.1506462243450533,2.4206870310788284,2.7121475777332416,0.0,0.0
SMCI,2018-05-31,10,Chronos-LoRA-V1,2.619999885559082,1.870259362745452,2.428502585388635,3.104050114125795,0.0,0.0
SMCI,2018-05-31,10,Chronos-LoRA-V2,2.619999885559082,1.926876248902439,2.43639979327289,3.040829428358317,0.0,0.0
SMCI,2018-05-31,10,Chronos-LoRA-V3,2.619999885559082,1.9041965330033503,2.431625813249237,3.073493557412998,0.0,0.0
SMCI,2018-05-31,20,Chronos-LoRA-V1,2.375,1.395318580650138,2.4444956313412605,4.165261273234248,0.0,0.0
SMCI,2018-05-31,20,Chronos-LoRA-V2,2.375,1.5161514586675986,2.4576635409204637,3.878596193317274,0.0,0.0
SMCI,2018-05-31,20,Chronos-LoRA-V3,2.375,1.4694438154968577,2.449311988982983,4.002326116412957,0.0,0.0
SMCI,2018-09-21,1,Chronos-LoRA-V1,1.991000056266785,2.023375126900262,2.0711866018992913,2.118015063267795,1.0,0.0
SMCI,2018-09-21,1,Chronos-LoRA-V2,1.991000056266785,2.021125102259189,2.072344558093603,2.1213950559713455,1.0,0.0
SMCI,2018-09-21,1,Chronos-LoRA-V3,1.991000056266785,2.0235452703400547,2.0721876735683127,2.1200791441767626,1.0,0.0
SMCI,2018-09-21,5,Chronos-LoRA-V1,2.061000108718872,1.8432686482418004,2.07474278576499,2.3242022759810963,0.0,0.0
SMCI,2018-09-21,5,Chronos-LoRA-V2,2.061000108718872,1.8355704582939796,2.0807087227156718,2.3415226289179,0.0,0.0
SMCI,2018-09-21,5,Chronos-LoRA-V3,2.061000108718872,1.8439813995236038,2.0775692958358216,2.331361283032289,0.0,0.0
SMCI,2018-09-21,10,Chronos-LoRA-V1,1.2400000095367432,1.641447057968064,2.079755800550874,2.607260244772548,1.0,0.0
SMCI,2018-09-21,10,Chronos-LoRA-V2,1.2400000095367432,1.6290934896857712,2.090272365474986,2.641945563205986,1.0,0.0
SMCI,2018-09-21,10,Chronos-LoRA-V3,1.2400000095367432,1.6399661675420114,2.084345432334951,2.624048404140656,1.0,0.0
SMCI,2018-09-21,20,Chronos-LoRA-V1,1.409999966621399,1.2749284198397166,2.0864774370817987,3.3406788057226273,0.0,0.0
SMCI,2018-09-21,20,Chronos-LoRA-V2,1.409999966621399,1.263993271423108,2.1040670846722387,3.397648656945471,0.0,0.0
SMCI,2018-09-21,20,Chronos-LoRA-V3,1.409999966621399,1.2778726913803202,2.0939378170714984,3.3698332960988133,0.0,0.0
SMCI,2019-01-17,1,Chronos-LoRA-V1,1.5,1.4346703552761244,1.4800510774146385,1.5249659859469435,0.0,0.0
SMCI,2019-01-17,1,Chronos-LoRA-V2,1.5,1.43533637563442,1.4808012895103526,1.524831683054326,0.0,0.0
SMCI,2019-01-17,1,Chronos-LoRA-V3,1.5,1.4361569670755505,1.480753163022128,1.5250900826305376,0.0,0.0
SMCI,2019-01-17,5,Chronos-LoRA-V1,1.4950000047683716,1.262692569946329,1.4777745178934933,1.7188118947351672,0.0,0.0
SMCI,2019-01-17,5,Chronos-LoRA-V2,1.4950000047683716,1.2671354649441682,1.4821195137914909,1.720312405205924,0.0,0.0
SMCI,2019-01-17,5,Chronos-LoRA-V3,1.4950000047683716,1.2689549163731972,1.4796596862821216,1.718895879496029,0.0,0.0
SMCI,2019-01-17,10,Chronos-LoRA-V1,1.5260000228881836,1.0756107211702173,1.4755659652824444,2.002394861485017,0.0,0.0
SMCI,2019-01-17,10,Chronos-LoRA-V2,1.5260000228881836,1.0851078728325496,1.484154543874961,1.9998856262344078,0.0,0.0
SMCI,2019-01-17,10,Chronos-LoRA-V3,1.5260000228881836,1.0846516692126058,1.4787707944776296,2.003402147543422,0.0,0.0
SMCI,2019-01-17,20,Chronos-LoRA-V1,1.9759999513626096,0.7588014707773536,1.4714666054861454,2.796148365089305,0.0,0.0
SMCI,2019-01-17,20,Chronos-LoRA-V2,1.9759999513626096,0.7816389171091679,1.4857671238873464,2.740147357208035,0.0,0.0
SMCI,2019-01-17,20,Chronos-LoRA-V3,1.9759999513626096,0.7758923885817146,1.4762288967112627,2.772199151660497,0.0,0.0
SMCI,2019-05-13,1,Chronos-LoRA-V1,1.991000056266785,1.895706109692446,1.9625624470904492,2.025026834279818,0.0,0.0
SMCI,2019-05-13,1,Chronos-LoRA-V2,1.991000056266785,1.904002749219405,1.9645043902125416,2.02115738021004,0.0,0.0
SMCI,2019-05-13,1,Chronos-LoRA-V3,1.991000056266785,1.9041932899241287,1.9646865500235455,2.021684612234215,0.0,0.0
SMCI,2019-05-13,5,Chronos-LoRA-V1,1.995000004768372,1.6382651806056956,1.9569228885050247,2.294690388944806,0.0,0.0
SMCI,2019-05-13,5,Chronos-LoRA-V2,1.995000004768372,1.6773924175753305,1.9655451081609074,2.269321496339884,0.0,0.0
SMCI,2019-05-13,5,Chronos-LoRA-V3,1.995000004768372,1.676935919302441,1.9633211986559516,2.2685412020095925,0.0,0.0
SMCI,2019-05-13,10,Chronos-LoRA-V1,1.968000054359436,1.3621801223731416,1.9561292918030881,2.709494382348462,0.0,0.0
SMCI,2019-05-13,10,Chronos-LoRA-V2,1.968000054359436,1.4324887715472034,1.9708568991002076,2.6317014353051458,0.0,0.0
SMCI,2019-05-13,10,Chronos-LoRA-V3,1.968000054359436,1.4287436550627195,1.965362092377132,2.6380983282325117,0.0,0.0
SMCI,2019-05-13,20,Chronos-LoRA-V1,1.837000012397766,0.8959482148949999,1.9648560263896337,3.963699751347198,0.0,0.0
SMCI,2019-05-13,20,Chronos-LoRA-V2,1.837000012397766,1.0469463309210425,1.985967459635243,3.5585350402407276,0.0,0.0
SMCI,2019-05-13,20,Chronos-LoRA-V3,1.837000012397766,1.014442181155155,1.9761034516148994,3.662785152817137,0.0,0.0
SMCI,2019-09-04,1,Chronos-LoRA-V1,1.8849999904632568,1.8085090493210492,1.856122639167282,1.9050657486318718,0.0,0.0
SMCI,2019-09-04,1,Chronos-LoRA-V2,1.8849999904632568,1.8037590591051504,1.8570314148039084,1.9101913795516758,0.0,0.0
SMCI,2019-09-04,1,Chronos-LoRA-V3,1.8849999904632568,1.8090259758463996,1.857164176471653,1.9064624735325175,0.0,0.0
SMCI,2019-09-04,5,Chronos-LoRA-V1,1.909999966621399,1.6346518994916441,1.8588604744925494,2.1139665035540376,0.0,0.0
SMCI,2019-09-04,5,Chronos-LoRA-V2,1.909999966621399,1.612814570490514,1.8641426416783038,2.146548759570831,0.0,0.0
SMCI,2019-09-04,5,Chronos-LoRA-V3,1.909999966621399,1.6359877134336902,1.862154315013845,2.1212315523138354,0.0,0.0
SMCI,2019-09-04,10,Chronos-LoRA-V1,1.968000054359436,1.434202543561389,1.8619862301349106,2.423120082019903,0.0,0.0
SMCI,2019-09-04,10,Chronos-LoRA-V2,1.968000054359436,1.4021587371656417,1.8725361777789031,2.482539306087636,0.0,0.0
SMCI,2019-09-04,10,Chronos-LoRA-V3,1.968000054359436,1.4373825631656367,1.8672743409808268,2.4339646971621156,0.0,0.0
SMCI,2019-09-04,20,Chronos-LoRA-V1,1.924999952316284,1.0983635795320248,1.864802467687961,3.163838797831242,0.0,0.0
SMCI,2019-09-04,20,Chronos-LoRA-V2,1.924999952316284,1.0603208891062903,1.8841702600706383,3.2894594526994267,0.0,0.0
SMCI,2019-09-04,20,Chronos-LoRA-V3,1.924999952316284,1.1108202819784356,1.8731302249304425,3.1715781215171965,0.0,0.0
SMCI,2019-12-26,1,Chronos-LoRA-V1,2.4100000858306885,2.32182230545813,2.3814490773766557,2.4420679417028084,0.0,0.0
SMCI,2019-12-26,1,Chronos-LoRA-V2,2.4100000858306885,2.324934848889483,2.38276731055925,2.4403809456395753,0.0,0.0
SMCI,2019-12-26,1,Chronos-LoRA-V3,2.4100000858306885,2.326920607222358,2.382726515901674,2.4399017720871945,0.0,0.0
SMCI,2019-12-26,5,Chronos-LoRA-V1,2.344000101089477,2.0972276181870217,2.3851956171122524,2.7097350081565095,0.0,0.0
SMCI,2019-12-26,5,Chronos-LoRA-V2,2.344000101089477,2.115031402374798,2.391050416177857,2.6960251300015807,0.0,0.0
SMCI,2019-12-26,5,Chronos-LoRA-V3,2.344000101089477,2.1209144196258234,2.3891229828258034,2.6923655436127554,0.0,0.0
SMCI,2019-12-26,10,Chronos-LoRA-V1,2.608999967575073,1.8541302076240702,2.3893558889943622,3.077179842777731,0.0,0.0
SMCI,2019-12-26,10,Chronos-LoRA-V2,2.608999967575073,1.879702515997875,2.4004004424283716,3.0538544966643575,0.0,0.0
SMCI,2019-12-26,10,Chronos-LoRA-V3,2.608999967575073,1.887671581137114,2.3962597695464787,3.0502136421494455,0.0,0.0
SMCI,2019-12-26,20,Chronos-LoRA-V1,2.871000051498413,1.414558618417657,2.4005575059295796,4.030177622201406,0.0,0.0
SMCI,2019-12-26,20,Chronos-LoRA-V2,2.871000051498413,1.442834744594036,2.420105390675082,4.005395721557299,0.0,0.0
SMCI,2019-12-26,20,Chronos-LoRA-V3,2.871000051498413,1.447423658124724,2.4125337649702203,4.012010700061943,0.0,0.0
SMCI,2020-04-21,1,Chronos-LoRA-V1,2.1459999084472656,2.010603480419383,2.0998689335891028,2.1901926262636175,0.0,0.0
SMCI,2020-04-21,1,Chronos-LoRA-V2,2.1459999084472656,2.022989127525294,2.101450828897576,2.1786752408314958,0.0,0.0
SMCI,2020-04-21,1,Chronos-LoRA-V3,2.1459999084472656,2.0172008938911863,2.1015610279124854,2.186923023974689,0.0,0.0
SMCI,2020-04-21,5,Chronos-LoRA-V1,2.2769999504089355,1.6952768192609027,2.1075546728769234,2.6096882507798456,0.0,0.0
SMCI,2020-04-21,5,Chronos-LoRA-V2,2.2769999504089355,1.7496281937355938,2.1153111011759647,2.5380368055805134,0.0,0.0
SMCI,2020-04-21,5,Chronos-LoRA-V3,2.2769999504089355,1.7229329603317942,2.1119510691961865,2.579485827068677,0.0,0.0
SMCI,2020-04-21,10,Chronos-LoRA-V1,2.246999979019165,1.3866681484451628,2.1232445699651117,3.2275407815738575,0.0,0.0
SMCI,2020-04-21,10,Chronos-LoRA-V2,2.246999979019165,1.46911562774639,2.134815065446881,3.0573389810875455,0.0,0.0
SMCI,2020-04-21,10,Chronos-LoRA-V3,2.246999979019165,1.4277569502247331,2.129152587806211,3.1533051408385173,0.0,0.0
SMCI,2020-04-21,20,Chronos-LoRA-V1,2.4790000915527344,0.9699019641312001,2.144153590744267,4.7005342862812025,0.0,0.0
SMCI,2020-04-21,20,Chronos-LoRA-V2,2.4790000915527344,1.0655247678194666,2.166385595791371,4.299487245166197,0.0,0.0
SMCI,2020-04-21,20,Chronos-LoRA-V3,2.4790000915527344,1.0313878071261433,2.1541275705406546,4.475756734607112,0.0,0.0
SMCI,2020-08-12,1,Chronos-LoRA-V1,2.5989999771118164,2.4917566715149193,2.6040269479789866,2.717230348657371,0.0,0.0
SMCI,2020-08-12,1,Chronos-LoRA-V2,2.5989999771118164,2.4996751558608317,2.6064391414417836,2.710742758558591,0.0,0.0
SMCI,2020-08-12,1,Chronos-LoRA-V3,2.5989999771118164,2.5063206474183986,2.6056893816683306,2.706220686973357,0.0,0.0
SMCI,2020-08-12,5,Chronos-LoRA-V1,2.5910000801086426,2.1244043451978403,2.6168723746942115,3.203509158597069,0.0,0.0
SMCI,2020-08-12,5,Chronos-LoRA-V2,2.5910000801086426,2.156180064230242,2.6306969463782464,3.172360745274624,0.0,0.0
SMCI,2020-08-12,5,Chronos-LoRA-V3,2.5910000801086426,2.179324569520361,2.6207700083417165,3.1389459738969143,0.0,0.0
SMCI,2020-08-12,10,Chronos-LoRA-V1,2.5989999771118164,1.7636175578546105,2.6370436759191613,3.912251682365081,0.0,0.0
SMCI,2020-08-12,10,Chronos-LoRA-V2,2.5989999771118164,1.8198670692449903,2.6620442247729175,3.8121667626514837,0.0,0.0
SMCI,2020-08-12,10,Chronos-LoRA-V3,2.5989999771118164,1.8489640461972132,2.6415891370495,3.7583637610216574,0.0,0.0
SMCI,2020-08-12,20,Chronos-LoRA-V1,2.5439999103546143,1.249360034899409,2.6527032501857275,5.5476603333023355,0.0,0.0
SMCI,2020-08-12,20,Chronos-LoRA-V2,2.5439999103546143,1.3085212801857065,2.702724671180901,5.390970354862978,0.0,0.0
SMCI,2020-08-12,20,Chronos-LoRA-V3,2.5439999103546143,1.355172222487279,2.667003896385476,5.222377012962088,0.0,0.0
SMCI,2020-12-03,1,Chronos-LoRA-V1,3.062999963760376,2.8983861730856746,2.9721959860536873,3.0467929127376148,0.0,1.0
SMCI,2020-12-03,1,Chronos-LoRA-V2,3.062999963760376,2.895807574168077,2.973563551938216,3.0498507510433304,0.0,1.0
SMCI,2020-12-03,1,Chronos-LoRA-V3,3.062999963760376,2.902357855318183,2.973690626826549,3.046116550663078,0.0,1.0
SMCI,2020-12-03,5,Chronos-LoRA-V1,3.0429999828338623,2.6421875836934947,2.9930547880133207,3.385072975953819,0.0,0.0
SMCI,2020-12-03,5,Chronos-LoRA-V2,3.0429999828338623,2.629686921665929,2.9999754158897716,3.4054927167416325,0.0,0.0
SMCI,2020-12-03,5,Chronos-LoRA-V3,3.0429999828338623,2.6592602372742253,2.9967067178720557,3.375787345608238,0.0,0.0
SMCI,2020-12-03,10,Chronos-LoRA-V1,2.994999885559082,2.344621214759451,3.0190310805003113,3.876878026285865,0.0,0.0
SMCI,2020-12-03,10,Chronos-LoRA-V2,2.994999885559082,2.3293677947646056,3.031926622104308,3.907921187594167,0.0,0.0
SMCI,2020-12-03,10,Chronos-LoRA-V3,2.994999885559082,2.374634264074115,3.0244414563736908,3.854156575401251,0.0,0.0
SMCI,2020-12-03,20,Chronos-LoRA-V1,3.1050000190734863,1.8107451130164767,3.0623832738594894,5.141862959130564,0.0,0.0
SMCI,2020-12-03,20,Chronos-LoRA-V2,3.1050000190734863,1.79357985805965,3.090374131282868,5.214238436054555,0.0,0.0
SMCI,2020-12-03,20,Chronos-LoRA-V3,3.1050000190734863,1.85777046674175,3.075503666606097,5.092259571889855,0.0,0.0
SMCI,2021-03-30,1,Chronos-LoRA-V1,3.9059998989105225,3.692464090388473,3.7979956748578143,3.90577497436051,0.0,1.0
SMCI,2021-03-30,1,Chronos-LoRA-V2,3.9059998989105225,3.7004922069413047,3.8011226967772784,3.8996947682243808,0.0,1.0
SMCI,2021-03-30,1,Chronos-LoRA-V3,3.9059998989105225,3.698940901846961,3.800625739973043,3.904559578861835,0.0,1.0
SMCI,2021-03-30,5,Chronos-LoRA-V1,3.934000015258789,3.3081222734848645,3.8181080910559118,4.398862506967588,0.0,0.0
SMCI,2021-03-30,5,Chronos-LoRA-V2,3.934000015258789,3.351839761771789,3.8325080522764905,4.3562821263299805,0.0,0.0
SMCI,2021-03-30,5,Chronos-LoRA-V3,3.934000015258789,3.338330362376892,3.82580452414458,4.383690604312367,0.0,0.0
SMCI,2021-03-30,10,Chronos-LoRA-V1,3.927999973297119,2.8559299114513865,3.8414514004872466,5.147409777411241,0.0,0.0
SMCI,2021-03-30,10,Chronos-LoRA-V2,3.927999973297119,2.9578783246589873,3.870006900787149,5.00111326699469,0.0,0.0
SMCI,2021-03-30,10,Chronos-LoRA-V3,3.927999973297119,2.9168583920734,3.8548952488925905,5.089579348726981,0.0,0.0
SMCI,2021-03-30,20,Chronos-LoRA-V1,3.813999891281128,2.099334764668742,3.873787949348248,7.098192354585561,0.0,0.0
SMCI,2021-03-30,20,Chronos-LoRA-V2,3.813999891281128,2.2689852248823814,3.931789755336954,6.660349907645547,0.0,0.0
SMCI,2021-03-30,20,Chronos-LoRA-V3,3.813999891281128,2.199721122354615,3.8997653652257642,6.890847726444502,0.0,0.0
SMCI,2021-07-22,1,Chronos-LoRA-V1,3.509999990463257,3.351087497357819,3.4444699249103223,3.5400955025340046,0.0,0.0
SMCI,2021-07-22,1,Chronos-LoRA-V2,3.509999990463257,3.3595335401604607,3.446666529813708,3.5342480622523493,0.0,0.0
SMCI,2021-07-22,1,Chronos-LoRA-V3,3.509999990463257,3.3561068272051253,3.4463701157468205,3.5384554285545216,0.0,0.0
SMCI,2021-07-22,5,Chronos-LoRA-V1,3.734999895095825,3.007640015913777,3.4537750247017103,3.967597055927761,0.0,0.0
SMCI,2021-07-22,5,Chronos-LoRA-V2,3.734999895095825,3.0503241715199416,3.464400424131025,3.928823650015351,0.0,0.0
SMCI,2021-07-22,5,Chronos-LoRA-V3,3.734999895095825,3.0306330137677935,3.4592810772381495,3.949911577538628,0.0,0.0
SMCI,2021-07-22,10,Chronos-LoRA-V1,3.859999895095825,2.643589387907913,3.4720712480759826,4.559802346293755,0.0,0.0
SMCI,2021-07-22,10,Chronos-LoRA-V2,3.859999895095825,2.708562951506467,3.4877681560431415,4.475311933918585,0.0,0.0
SMCI,2021-07-22,10,Chronos-LoRA-V3,3.859999895095825,2.676111525974016,3.480147793494193,4.526924258058871,0.0,0.0
SMCI,2021-07-22,20,Chronos-LoRA-V1,3.4760000705718994,2.0212139928259587,3.4971292625196715,6.038575998665086,0.0,0.0
SMCI,2021-07-22,20,Chronos-LoRA-V2,3.4760000705718994,2.10515725542712,3.5259748420630066,5.855975492116494,0.0,0.0
SMCI,2021-07-22,20,Chronos-LoRA-V3,3.4760000705718994,2.0736102722757814,3.5130800161366786,5.957719997099451,0.0,0.0
SMCI,2021-11-11,1,Chronos-LoRA-V1,4.36899995803833,4.324436967522389,4.43701139470633,4.553551247773907,0.0,0.0
SMCI,2021-11-11,1,Chronos-LoRA-V2,4.36899995803833,4.323612563525607,4.438555061184854,4.5541525686162005,0.0,0.0
SMCI,2021-11-11,1,Chronos-LoRA-V3,4.36899995803833,4.3281612431448,4.439270426615662,4.553585242354575,0.0,0.0
SMCI,2021-11-11,5,Chronos-LoRA-V1,4.285999774932861,3.9236062554866047,4.459373449078954,5.074735699619315,0.0,0.0
SMCI,2021-11-11,5,Chronos-LoRA-V2,4.285999774932861,3.921276977829741,4.4703937208356805,5.084632657134566,0.0,0.0
SMCI,2021-11-11,5,Chronos-LoRA-V3,4.285999774932861,3.9408175195734905,4.46575078770534,5.068220883030912,0.0,0.0
SMCI,2021-11-11,10,Chronos-LoRA-V1,4.043000221252441,3.4972648130910726,4.4906898123297445,5.769185788286759,0.0,0.0
SMCI,2021-11-11,10,Chronos-LoRA-V2,4.043000221252441,3.4793504703344977,4.511749236183616,5.815262774636529,0.0,0.0
SMCI,2021-11-11,10,Chronos-LoRA-V3,4.043000221252441,3.517605401767097,4.501071374366288,5.7720284042119845,0.0,0.0
SMCI,2021-11-11,20,Chronos-LoRA-V1,4.287000179290772,2.7820462290853505,4.543714014653383,7.429703033922958,0.0,0.0
SMCI,2021-11-11,20,Chronos-LoRA-V2,4.287000179290772,2.744670130652733,4.580318688012411,7.551599895905195,0.0,0.0
SMCI,2021-11-11,20,Chronos-LoRA-V3,4.287000179290772,2.8077550711502184,4.56387449808043,7.452264736665981,0.0,0.0
SMCI,2022-03-08,1,Chronos-LoRA-V1,4.159999847412109,3.9412218868853905,4.054059417965298,4.168192596530207,0.0,0.0
SMCI,2022-03-08,1,Chronos-LoRA-V2,4.159999847412109,3.943124321564249,4.055591470116401,4.1669220320603415,0.0,0.0
SMCI,2022-03-08,1,Chronos-LoRA-V3,4.159999847412109,3.9454351231487976,4.055929665520541,4.167572379841602,0.0,0.0
SMCI,2022-03-08,5,Chronos-LoRA-V1,4.182000160217285,3.523983567416488,4.073739473841912,4.696115920618259,0.0,0.0
SMCI,2022-03-08,5,Chronos-LoRA-V2,4.182000160217285,3.5450884812363936,4.083236231033061,4.682287896248908,0.0,0.0
SMCI,2022-03-08,5,Chronos-LoRA-V3,4.182000160217285,3.5492288054139056,4.078521759012669,4.6814795233577975,0.0,0.0
SMCI,2022-03-08,10,Chronos-LoRA-V1,4.295000076293945,3.073940725806341,4.101859229975612,5.436338642857382,0.0,0.0
SMCI,2022-03-08,10,Chronos-LoRA-V2,4.295000076293945,3.108290891840089,4.118896749680583,5.402593585400343,0.0,0.0
SMCI,2022-03-08,10,Chronos-LoRA-V3,4.295000076293945,3.1078500765281376,4.10962185698926,5.412886593251401,0.0,0.0
SMCI,2022-03-08,20,Chronos-LoRA-V1,3.640000104904175,2.2680488638094105,4.152077771080684,7.493618775511653,0.0,0.0
SMCI,2022-03-08,20,Chronos-LoRA-V2,3.640000104904175,2.350218387273387,4.180879135770386,7.2758838091282785,0.0,0.0
SMCI,2022-03-08,20,Chronos-LoRA-V3,3.640000104904175,2.3301127623875373,4.164003761330977,7.373323185831781,0.0,0.0
SMCI,2022-06-30,1,Chronos-LoRA-V1,3.913000106811523,3.8744415149724447,4.036745518911985,4.204895511730521,0.0,0.0
SMCI,2022-06-30,1,Chronos-LoRA-V2,3.913000106811523,3.883885650271905,4.0399462128773225,4.198552858772745,0.0,0.0
SMCI,2022-06-30,1,Chronos-LoRA-V3,3.913000106811523,3.8839725207270077,4.039048982374789,4.199948674922768,0.0,0.0
SMCI,2022-06-30,5,Chronos-LoRA-V1,4.046000003814697,3.2776061038991324,4.0466901577830825,4.978407787069862,0.0,0.0
SMCI,2022-06-30,5,Chronos-LoRA-V2,4.046000003814697,3.3280103462930186,4.0630914183695985,4.9365556474933605,0.0,0.0
SMCI,2022-06-30,5,Chronos-LoRA-V3,4.046000003814697,3.325697967619708,4.0527639467531795,4.931395949722067,0.0,0.0
SMCI,2022-06-30,10,Chronos-LoRA-V1,4.216000080108643,2.6460915635147644,4.062910107826709,6.1816752796747805,0.0,0.0
SMCI,2022-06-30,10,Chronos-LoRA-V2,4.216000080108643,2.7446412496038595,4.093129355092642,6.033403448815181,0.0,0.0
SMCI,2022-06-30,10,Chronos-LoRA-V3,4.216000080108643,2.7224402945595614,4.073793404994164,6.055877869201377,0.0,0.0
SMCI,2022-06-30,20,Chronos-LoRA-V1,5.401000022888184,1.7093368332129897,4.0915643421010035,9.685648227496698,0.0,0.0
SMCI,2022-06-30,20,Chronos-LoRA-V2,5.401000022888184,1.8524175701617107,4.144872203859818,9.08861916351265,0.0,0.0
SMCI,2022-06-30,20,Chronos-LoRA-V3,5.401000022888184,1.8077443321114481,4.108578676743836,9.259779135678253,0.0,0.0
SMCI,2022-10-21,1,Chronos-LoRA-V1,6.301000118255615,6.134618772042522,6.457928670007152,6.795114456766942,0.0,0.0
SMCI,2022-10-21,1,Chronos-LoRA-V2,6.301000118255615,6.174522127287146,6.464972683932109,6.763104652489581,0.0,0.0
SMCI,2022-10-21,1,Chronos-LoRA-V3,6.301000118255615,6.161238103438323,6.462692813339182,6.777435774207637,0.0,0.0
SMCI,2022-10-21,5,Chronos-LoRA-V1,6.872000217437744,5.042358079026871,6.4692262999092796,8.286242325522396,0.0,0.0
SMCI,2022-10-21,5,Chronos-LoRA-V2,6.872000217437744,5.1960889983423595,6.511309242201809,8.130239733333354,0.0,0.0
SMCI,2022-10-21,5,Chronos-LoRA-V3,6.872000217437744,5.137773677670255,6.484859936477751,8.167520910796286,0.0,0.0
SMCI,2022-10-21,10,Chronos-LoRA-V1,7.663000106811523,3.974828332965392,6.488155418510996,10.548475980385362,0.0,0.0
SMCI,2022-10-21,10,Chronos-LoRA-V2,7.663000106811523,4.208574521971652,6.568500784066265,10.176572656600658,0.0,0.0
SMCI,2022-10-21,10,Chronos-LoRA-V3,7.663000106811523,4.1082382150143495,6.5146700977665715,10.27678065796803,0.0,0.0
SMCI,2022-10-21,20,Chronos-LoRA-V1,8.64900016784668,2.473233005564356,6.50699741905759,17.114259080955577,0.0,0.0
SMCI,2022-10-21,20,Chronos-LoRA-V2,8.64900016784668,2.7533730503950595,6.6618330484887816,15.923699588939566,0.0,0.0
SMCI,2022-10-21,20,Chronos-LoRA-V3,8.64900016784668,2.6371249580700376,6.560099419714229,16.254654437127428,0.0,0.0
SMCI,2023-02-15,1,Chronos-LoRA-V1,9.588000297546388,8.836642356072982,9.307859006495852,9.797801139481649,0.0,0.0
SMCI,2023-02-15,1,Chronos-LoRA-V2,9.588000297546388,8.905276689549726,9.318901437286257,9.740206623844685,0.0,0.0
SMCI,2023-02-15,1,Chronos-LoRA-V3,9.588000297546388,8.86793911739847,9.314535572477556,9.780652494186452,0.0,0.0
SMCI,2023-02-15,5,Chronos-LoRA-V1,9.427000045776367,7.188907145654979,9.326804237313413,12.103055968275049,0.0,0.0
SMCI,2023-02-15,5,Chronos-LoRA-V2,9.427000045776367,7.473106069734884,9.387891319352443,11.758484782418552,0.0,0.0
SMCI,2023-02-15,5,Chronos-LoRA-V3,9.427000045776367,7.307260568042814,9.348216550206027,11.961541672016759,0.0,0.0
SMCI,2023-02-15,10,Chronos-LoRA-V1,9.836999893188477,5.556926960811375,9.35615673205272,15.786386882589547,0.0,0.0
SMCI,2023-02-15,10,Chronos-LoRA-V2,9.836999893188477,6.008876439919169,9.475924532061127,14.877695910489932,0.0,0.0
SMCI,2023-02-15,10,Chronos-LoRA-V3,9.836999893188477,5.723991830442955,9.395402157023526,15.439255131790343,0.0,0.0
SMCI,2023-02-15,20,Chronos-LoRA-V1,9.722999572753906,3.30076650799486,9.401492353240553,26.98052874242413,0.0,0.0
SMCI,2023-02-15,20,Chronos-LoRA-V2,9.722999572753906,3.8389594386932697,9.626710234524808,23.923606710490162,0.0,0.0
SMCI,2023-02-15,20,Chronos-LoRA-V3,9.722999572753906,3.5116986174458398,9.475644620327738,25.672235110070805,0.0,0.0
SMCI,2023-06-09,1,Chronos-LoRA-V1,25.864999771118164,24.67997476020153,26.22919140036346,27.89389442291182,0.0,0.0
SMCI,2023-06-09,1,Chronos-LoRA-V2,25.864999771118164,24.876760161070205,26.264398050291945,27.694130358029515,0.0,0.0
SMCI,2023-06-09,1,Chronos-LoRA-V3,25.864999771118164,24.7840931276534,26.252433109052713,27.80386621195145,0.0,0.0
SMCI,2023-06-09,5,Chronos-LoRA-V1,23.07699966430664,19.710348117919384,26.468314870164455,35.68924268181303,0.0,0.0
SMCI,2023-06-09,5,Chronos-LoRA-V2,23.07699966430664,20.40048277729267,26.654821939591976,34.68992758995514,0.0,0.0
SMCI,2023-06-09,5,Chronos-LoRA-V3,23.07699966430664,20.03087546157426,26.535475578463032,35.14841210493152,0.0,0.0
SMCI,2023-06-09,10,Chronos-LoRA-V1,21.649999618530277,14.944662863355289,26.782139694228707,48.36096283935106,0.0,0.0
SMCI,2023-06-09,10,Chronos-LoRA-V2,21.649999618530277,15.965808548541103,27.13778745994145,45.818919148751704,0.0,0.0
SMCI,2023-06-09,10,Chronos-LoRA-V3,21.649999618530277,15.362383047949441,26.88775206255764,47.026035826912214,0.0,0.0
SMCI,2023-06-09,20,Chronos-LoRA-V1,27.09499931335449,8.226199107566812,27.365780542257667,92.75646398602908,0.0,0.0
SMCI,2023-06-09,20,Chronos-LoRA-V2,27.09499931335449,9.574627208058267,28.063904132430178,81.2407056959206,0.0,0.0
SMCI,2023-06-09,20,Chronos-LoRA-V3,27.09499931335449,8.754411639021429,27.570897798387758,86.9429461215503,0.0,0.0
SMCI,2023-10-03,1,Chronos-LoRA-V1,28.040000915527344,25.53435927108344,27.056819715092264,28.596270180990803,0.0,0.0
SMCI,2023-10-03,1,Chronos-LoRA-V2,28.040000915527344,25.681831133840998,27.099180877891143,28.52329153191499,0.0,0.0
SMCI,2023-10-03,1,Chronos-LoRA-V3,28.040000915527344,25.629235462963106,27.082642744254095,28.56161480956435,0.0,0.0
SMCI,2023-10-03,5,Chronos-LoRA-V1,31.0310001373291,20.446655446495825,27.30836917183227,36.02581495860672,0.0,0.0
SMCI,2023-10-03,5,Chronos-LoRA-V2,31.0310001373291,21.090714438978036,27.525400602836086,35.50471475456558,0.0,0.0
SMCI,2023-10-03,5,Chronos-LoRA-V3,31.0310001373291,20.806484786949326,27.391418154167045,35.69898025407212,0.0,0.0
SMCI,2023-10-03,10,Chronos-LoRA-V1,29.85400009155273,15.467366748143844,27.647903128007115,48.1717363043054,0.0,0.0
SMCI,2023-10-03,10,Chronos-LoRA-V2,29.85400009155273,16.53253886148134,28.063889060762786,46.55174110982503,0.0,0.0
SMCI,2023-10-03,10,Chronos-LoRA-V3,29.85400009155273,15.988982876549212,27.790340196691115,47.20273947501474,0.0,0.0
SMCI,2023-10-03,20,Chronos-LoRA-V1,23.94700050354004,8.7174498816678,28.204628156351408,86.62749567889571,0.0,0.0
SMCI,2023-10-03,20,Chronos-LoRA-V2,23.94700050354004,10.062902970304519,28.985697528864492,79.80770958243151,0.0,0.0
SMCI,2023-10-03,20,Chronos-LoRA-V3,23.94700050354004,9.370738406646787,28.48808582026771,82.73872209745313,0.0,0.0
SMCI,2024-01-26,1,Chronos-LoRA-V1,49.56700134277344,45.308222020642944,47.56595626777597,49.99753407183376,0.0,0.0
SMCI,2024-01-26,1,Chronos-LoRA-V2,49.56700134277344,45.41623284317022,47.62528248492366,49.903229479993456,0.0,0.0
SMCI,2024-01-26,1,Chronos-LoRA-V3,49.56700134277344,45.37809090598481,47.62201205157839,50.021522806006175,0.0,0.0
SMCI,2024-01-26,5,Chronos-LoRA-V1,57.9630012512207,37.61828467729346,48.08571885167214,62.057411151436625,0.0,0.0
SMCI,2024-01-26,5,Chronos-LoRA-V2,57.9630012512207,38.1202173263768,48.41238930642974,61.460782081930176,0.0,0.0
SMCI,2024-01-26,5,Chronos-LoRA-V3,57.9630012512207,37.884491337599535,48.28419102847662,61.98483107960262,0.0,0.0
SMCI,2024-01-26,10,Chronos-LoRA-V1,74.02899932861328,29.869418596723875,48.80477057203884,81.24573290192221,0.0,0.0
SMCI,2024-01-26,10,Chronos-LoRA-V2,74.02899932861328,30.721433570437018,49.45001110280705,79.40449755917868,0.0,0.0
SMCI,2024-01-26,10,Chronos-LoRA-V3,74.02899932861328,30.203264160430226,49.1514515837075,81.09721481418438,0.0,0.0
SMCI,2024-01-26,20,Chronos-LoRA-V1,87.63400268554688,18.830795867284753,50.231615648865485,138.23134471351023,0.0,0.0
SMCI,2024-01-26,20,Chronos-LoRA-V2,87.63400268554688,19.81713707315871,51.40408631856998,132.46636657815006,0.0,0.0
SMCI,2024-01-26,20,Chronos-LoRA-V3,87.63400268554688,19.193569853271086,50.85572756382222,138.1215923253499,0.0,0.0
SMCI,2024-05-20,1,Chronos-LoRA-V1,89.8949966430664,85.25133869776502,90.84435179998873,96.70623302128767,0.0,0.0
SMCI,2024-05-20,1,Chronos-LoRA-V2,89.8949966430664,85.60523796341398,90.96249021857372,96.49206394641695,0.0,0.0
SMCI,2024-05-20,1,Chronos-LoRA-V3,89.8949966430664,85.48686253970848,90.94039429222958,96.66858970328337,0.0,0.0
SMCI,2024-05-20,5,Chronos-LoRA-V1,87.47200012207031,67.42200235822327,92.6421538518377,126.81056970563118,0.0,0.0
SMCI,2024-05-20,5,Chronos-LoRA-V2,87.47200012207031,68.72168542913325,93.23690094698335,125.59418650076981,0.0,0.0
SMCI,2024-05-20,5,Chronos-LoRA-V3,87.47200012207031,68.31252916449034,92.91743233360341,125.98967925771888,0.0,0.0
SMCI,2024-05-20,10,Chronos-LoRA-V1,77.16100311279297,50.66228461473741,94.94785454371136,176.7851926248049,0.0,0.0
SMCI,2024-05-20,10,Chronos-LoRA-V2,77.16100311279297,52.477189073198694,96.13438011550231,173.38718694419282,0.0,0.0
SMCI,2024-05-20,10,Chronos-LoRA-V3,77.16100311279297,51.74424387389848,95.4199793270888,174.74823565644684,0.0,0.0
SMCI,2024-05-20,20,Chronos-LoRA-V1,92.0009994506836,27.986852048307814,99.47212813537509,347.53824485716973,0.0,0.0
SMCI,2024-05-20,20,Chronos-LoRA-V2,92.0009994506836,29.94027803848493,101.80295011663796,334.4842982456843,0.0,0.0
SMCI,2024-05-20,20,Chronos-LoRA-V3,92.0009994506836,29.04279103706284,100.38659213312208,340.6331021984688,0.0,0.0
SMCI,2024-09-12,1,Chronos-LoRA-V1,45.71599960327149,41.70436562786113,44.33623768366044,47.11941497930427,0.0,0.0
SMCI,2024-09-12,1,Chronos-LoRA-V2,45.71599960327149,41.809603697067914,44.41439346949531,47.101949825162166,0.0,0.0
SMCI,2024-09-12,1,Chronos-LoRA-V3,45.71599960327149,41.80620188038611,44.393008629388234,47.11451223267808,0.0,0.0
SMCI,2024-09-12,5,Chronos-LoRA-V1,43.720001220703125,33.08109127197384,44.81381858463574,60.62154216677473,0.0,0.0
SMCI,2024-09-12,5,Chronos-LoRA-V2,43.720001220703125,33.45081024231978,45.21324142304845,60.66731497929401,0.0,0.0
SMCI,2024-09-12,5,Chronos-LoRA-V3,43.720001220703125,33.43582403399788,45.004886031288244,60.424868804835,0.0,0.0
SMCI,2024-09-12,10,Chronos-LoRA-V1,40.2400016784668,24.79036974953493,45.37522106658449,82.76221851756883,0.0,0.0
SMCI,2024-09-12,10,Chronos-LoRA-V2,40.2400016784668,25.35051425371162,46.202564842938344,82.72973114128423,0.0,0.0
SMCI,2024-09-12,10,Chronos-LoRA-V3,40.2400016784668,25.22406462542647,45.753479335714346,82.40044987771311,0.0,0.0
SMCI,2024-09-12,20,Chronos-LoRA-V1,46.470001220703125,13.667562221510801,46.81974102611435,158.25945854132104,0.0,0.0
SMCI,2024-09-12,20,Chronos-LoRA-V2,46.470001220703125,14.404677358233204,48.26849004344727,155.5476183975522,0.0,0.0
SMCI,2024-09-12,20,Chronos-LoRA-V3,46.470001220703125,14.1970962071606,47.51570269246332,155.97208309831643,0.0,0.0
SMCI,2025-01-06,1,Chronos-LoRA-V1,34.380001068115234,33.90314175840219,36.57724189024628,39.43623764924047,0.0,0.0
SMCI,2025-01-06,1,Chronos-LoRA-V2,34.380001068115234,33.94129643006713,36.61553531013783,39.45919277491708,0.0,0.0
SMCI,2025-01-06,1,Chronos-LoRA-V3,34.380001068115234,34.00014962648378,36.6208658012127,39.43432197067743,0.0,0.0
SMCI,2025-01-06,5,Chronos-LoRA-V1,30.530000686645508,25.161309812895418,37.021483428838856,54.2310624550511,0.0,0.0
SMCI,2025-01-06,5,Chronos-LoRA-V2,30.530000686645508,25.61818523129991,37.26686968006672,53.880620279320254,0.0,0.0
SMCI,2025-01-06,5,Chronos-LoRA-V3,30.530000686645508,25.597386519818173,37.13410317553913,53.70157665620386,0.0,0.0
SMCI,2025-01-06,10,Chronos-LoRA-V1,33.86000061035156,17.200741943166495,37.47737697695263,80.63899473256782,0.0,0.0
SMCI,2025-01-06,10,Chronos-LoRA-V2,33.86000061035156,18.093334853250926,38.03916083332088,78.65892197035295,0.0,0.0
SMCI,2025-01-06,10,Chronos-LoRA-V3,33.86000061035156,17.796785040918955,37.70792369506713,78.95179459229362,0.0,0.0
SMCI,2025-01-06,20,Chronos-LoRA-V1,31.489999771118164,8.361379505810236,38.421787874359595,174.0203475518483,0.0,0.0
SMCI,2025-01-06,20,Chronos-LoRA-V2,31.489999771118164,8.94565985693708,39.47679693925624,168.52129764199432,0.0,0.0
SMCI,2025-01-06,20,Chronos-LoRA-V3,31.489999771118164,8.830198821426693,38.80749397755305,167.9080851083218,0.0,0.0
SMCI,2025-05-01,1,Chronos-LoRA-V1,33.709999084472656,30.225377864483125,32.769411309655176,35.440603113747606,0.0,0.0
SMCI,2025-05-01,1,Chronos-LoRA-V2,33.709999084472656,30.367968275298157,32.83251414440615,35.428697376731805,0.0,0.0
SMCI,2025-05-01,1,Chronos-LoRA-V3,33.709999084472656,30.31706537818639,32.82975198931778,35.52913008172291,0.0,0.0
SMCI,2025-05-01,5,Chronos-LoRA-V1,32.11000061035156,21.942333436882915,32.92764210472616,49.00717455283209,0.0,0.0
SMCI,2025-05-01,5,Chronos-LoRA-V2,32.11000061035156,22.46632962362304,33.26921671034802,48.7825389497314,0.0,0.0
SMCI,2025-05-01,5,Chronos-LoRA-V3,32.11000061035156,22.213475366099154,33.12211730547555,49.11362370856218,0.0,0.0
SMCI,2025-05-01,10,Chronos-LoRA-V1,43.959999084472656,14.666441473627952,33.17147699616085,74.24468765781872,0.0,0.0
SMCI,2025-05-01,10,Chronos-LoRA-V2,43.959999084472656,15.463794697248769,33.83952279758416,72.24773505232034,0.0,0.0
SMCI,2025-05-01,10,Chronos-LoRA-V3,43.959999084472656,14.994317871387109,33.547949247408404,73.82495905701593,0.0,0.0
SMCI,2025-05-01,20,Chronos-LoRA-V1,40.02000045776367,6.234770432214091,33.815659980194795,178.3486733149686,0.0,0.0
SMCI,2025-05-01,20,Chronos-LoRA-V2,40.02000045776367,7.15721990621127,34.864595476900746,162.26829983340025,0.0,0.0
SMCI,2025-05-01,20,Chronos-LoRA-V3,40.02000045776367,6.608628166614629,34.373461214064186,173.93080144926483,0.0,0.0
SMCI,2025-08-25,1,Chronos-LoRA-V1,44.36000061035156,41.56144916116357,44.08771849944685,46.695634154036604,0.0,0.0
SMCI,2025-08-25,1,Chronos-LoRA-V2,44.36000061035156,41.69659957632967,44.115849823806606,46.597320262118124,0.0,0.0
SMCI,2025-08-25,1,Chronos-LoRA-V3,44.36000061035156,41.73035567903917,44.12696704973286,46.63608793962754,0.0,0.0
SMCI,2025-08-25,5,Chronos-LoRA-V1,40.77999877929688,32.64178947259454,44.15915553494803,59.37684292080638,0.0,0.0
SMCI,2025-08-25,5,Chronos-LoRA-V2,40.77999877929688,33.373324828236115,44.335521353478484,58.55027545989096,0.0,0.0
SMCI,2025-08-25,5,Chronos-LoRA-V3,40.77999877929688,33.395258046425106,44.26572815727027,58.69301552878588,0.0,0.0
SMCI,2025-08-25,10,Chronos-LoRA-V1,42.91999816894531,24.455002034986347,44.24549009378814,79.2871439435147,0.0,0.0
SMCI,2025-08-25,10,Chronos-LoRA-V2,42.91999816894531,25.3475184001172,44.59549690542251,77.29008072159633,0.0,0.0
SMCI,2025-08-25,10,Chronos-LoRA-V3,42.91999816894531,25.33549655726554,44.428892293710874,77.82217978447189,0.0,0.0
SMCI,2025-08-25,20,Chronos-LoRA-V1,46.9900016784668,13.642808055815362,44.264079387841576,140.3768186803379,0.0,0.0
SMCI,2025-08-25,20,Chronos-LoRA-V2,46.9900016784668,14.604377280254482,44.99816605953062,134.13594666559356,0.0,0.0
SMCI,2025-08-25,20,Chronos-LoRA-V3,46.9900016784668,14.723588892350755,44.63482485897346,134.55652462237552,0.0,0.0
SMCI,2025-12-16,1,Chronos-LoRA-V1,29.84000015258789,30.255486959116155,31.622210282965998,32.99388760092747,1.0,0.0
SMCI,2025-12-16,1,Chronos-LoRA-V2,29.84000015258789,30.2023372854214,31.657598006149623,33.11510041046814,1.0,0.0
SMCI,2025-12-16,1,Chronos-LoRA-V3,29.84000015258789,30.26146097842822,31.654987623662784,33.07682537809799,1.0,0.0
SMCI,2025-12-16,5,Chronos-LoRA-V1,30.76000022888184,24.838995586749228,31.43325103178587,39.36748705635925,0.0,0.0
SMCI,2025-12-16,5,Chronos-LoRA-V2,30.76000022888184,24.845616612017416,31.635553934076313,39.87988288267078,0.0,0.0
SMCI,2025-12-16,5,Chronos-LoRA-V3,30.76000022888184,25.002487636258152,31.542419293752957,39.58760031285826,0.0,0.0
SMCI,2025-12-16,10,Chronos-LoRA-V1,29.270000457763672,19.407837284735894,31.234459481804144,49.519096737377,0.0,0.0
SMCI,2025-12-16,10,Chronos-LoRA-V2,29.270000457763672,19.509623215343744,31.615217318687197,50.22006376299158,0.0,0.0
SMCI,2025-12-16,10,Chronos-LoRA-V3,29.270000457763672,19.6762223901033,31.41644473460259,49.799117125344566,0.0,0.0
SMCI,2025-12-16,20,Chronos-LoRA-V1,29.420000076293945,11.245433921867281,30.881173347673734,82.16711231608018,0.0,0.0
SMCI,2025-12-16,20,Chronos-LoRA-V2,29.420000076293945,11.676436337007496,31.52443183056539,81.48819004860604,0.0,0.0
SMCI,2025-12-16,20,Chronos-LoRA-V3,29.420000076293945,11.637864118154837,31.205048870516624,82.2422504499185,0.0,0.0
SMCI,2026-04-13,1,Chronos-LoRA-V1,27.200000762939453,23.941322670765498,25.915416951896365,28.056589146186166,0.0,0.0
SMCI,2026-04-13,1,Chronos-LoRA-V2,27.200000762939453,24.3811502195964,25.93095392420728,27.530011407636785,0.0,0.0
SMCI,2026-04-13,1,Chronos-LoRA-V3,27.200000762939453,24.14796228274474,25.938611143972718,27.86555349976196,0.0,0.0
SMCI,2026-04-13,5,Chronos-LoRA-V1,28.809999465942383,17.19408478141459,25.627019896620734,38.13512741920775,0.0,0.0
SMCI,2026-04-13,5,Chronos-LoRA-V2,28.809999465942383,18.85636931803001,25.737576313420504,34.88988450700014,0.0,0.0
SMCI,2026-04-13,5,Chronos-LoRA-V3,28.809999465942383,17.9074169126129,25.683236631600494,36.76614384176638,0.0,0.0
SMCI,2026-04-13,10,Chronos-LoRA-V1,27.850000381469727,11.393779238884912,25.311504584583556,56.160298168903935,0.0,0.0
SMCI,2026-04-13,10,Chronos-LoRA-V2,27.850000381469727,13.645334699343382,25.527188781916205,47.00826904303074,0.0,0.0
SMCI,2026-04-13,10,Chronos-LoRA-V3,27.850000381469727,12.196268807753139,25.40669983102118,52.586699427000205,0.0,0.0
SMCI,2026-04-13,20,Chronos-LoRA-V1,33.52000045776367,4.680893192448021,24.72323641239672,132.4612353018835,0.0,0.0
SMCI,2026-04-13,20,Chronos-LoRA-V2,33.52000045776367,6.806858369843313,25.059519001984334,88.65952953103961,0.0,0.0
SMCI,2026-04-13,20,Chronos-LoRA-V3,33.52000045776367,5.396706366329822,24.853163886860465,113.5093711446254,0.0,0.0
SMCI,2026-08-06,1,Chronos-LoRA-V1,31.1299991607666,27.28554836564358,29.312411966332224,31.54302541646259,0.0,0.0
SMCI,2026-08-06,1,Chronos-LoRA-V2,31.1299991607666,27.42659828963169,29.36639675347466,31.451716993423783,0.0,0.0
SMCI,2026-08-06,1,Chronos-LoRA-V3,31.1299991607666,27.41000076585299,29.35259038947279,31.498081454869872,0.0,0.0
SMCI,2026-08-06,5,Chronos-LoRA-V1,39.15999984741211,20.360215915790896,29.050511596075705,41.86320490612772,0.0,0.0
SMCI,2026-08-06,5,Chronos-LoRA-V2,39.15999984741211,20.831418199977364,29.314020799826675,41.36734130064447,0.0,0.0
SMCI,2026-08-06,5,Chronos-LoRA-V3,39.15999984741211,20.751268498053268,29.164780792300874,41.41602283257393,0.0,0.0
SMCI,2026-08-06,10,Chronos-LoRA-V1,36.5,14.294285851055397,28.79803377198468,59.133224885189726,0.0,0.0
SMCI,2026-08-06,10,Chronos-LoRA-V2,36.5,14.94316317963887,29.27049737632637,57.45649790560544,0.0,0.0
SMCI,2026-08-06,10,Chronos-LoRA-V3,36.5,14.727905479049149,28.988186259364053,58.18070213878223,0.0,0.0
SMCI,2026-08-06,20,Chronos-LoRA-V1,37.869998931884766,6.875094243420473,28.163768421545516,121.18180097116212,0.0,0.0
SMCI,2026-08-06,20,Chronos-LoRA-V2,37.869998931884766,7.61997488760979,28.972646943243788,111.05433865293449,0.0,0.0
SMCI,2026-08-06,20,Chronos-LoRA-V3,37.869998931884766,7.359917469979411,28.46410027430342,114.75485075849993,0.0,0.0
CVNA,2018-07-06,1,Chronos-LoRA-V1,8.96399974822998,9.057510401820776,9.485705509574201,10.007712805738246,1.0,0.0
CVNA,2018-07-06,1,Chronos-LoRA-V2,8.96399974822998,9.03117178460865,9.472183538949709,9.950128184715297,1.0,0.0
CVNA,2018-07-06,1,Chronos-LoRA-V3,8.96399974822998,9.059082436313565,9.490450176563208,9.996625503081418,1.0,0.0
CVNA,2018-07-06,5,Chronos-LoRA-V1,8.819999694824219,7.6630001310199365,9.609188491493795,12.487178184778525,0.0,0.0
CVNA,2018-07-06,5,Chronos-LoRA-V2,8.819999694824219,7.596922663675345,9.604236391582115,12.26648137478727,0.0,0.0
CVNA,2018-07-06,5,Chronos-LoRA-V3,8.819999694824219,7.668247019710584,9.627515475917537,12.403818395155513,0.0,0.0
CVNA,2018-07-06,10,Chronos-LoRA-V1,8.838000297546387,6.145722574175596,9.595645043632574,16.109318245167245,0.0,0.0
CVNA,2018-07-06,10,Chronos-LoRA-V2,8.838000297546387,6.123878644193682,9.74872285642282,15.844173000397419,0.0,0.0
CVNA,2018-07-06,10,Chronos-LoRA-V3,8.838000297546387,6.173324562848214,9.692996271406288,16.067044784193214,0.0,0.0
CVNA,2018-07-06,20,Chronos-LoRA-V1,9.015999794006348,3.8835673698974853,9.644832159706736,27.904506346131058,0.0,0.0
CVNA,2018-07-06,20,Chronos-LoRA-V2,9.015999794006348,3.932065251631778,10.039364419504096,26.67167844383717,0.0,0.0
CVNA,2018-07-06,20,Chronos-LoRA-V3,9.015999794006348,3.9342952050000584,9.839300327754511,27.428002423618246,0.0,0.0
CVNA,2018-09-04,1,Chronos-LoRA-V1,12.43000030517578,12.92388617233436,13.535566450978889,14.248734885242895,1.0,0.0
CVNA,2018-09-04,1,Chronos-LoRA-V2,12.43000030517578,12.948010160543113,13.527175897567382,14.143437537686175,1.0,0.0
CVNA,2018-09-04,1,Chronos-LoRA-V3,12.43000030517578,12.940238346928632,13.535187110883673,14.20843427130344,1.0,0.0
CVNA,2018-09-04,5,Chronos-LoRA-V1,14.163999557495115,11.000500723450832,13.797793655364522,17.82172606048398,0.0,0.0
CVNA,2018-09-04,5,Chronos-LoRA-V2,14.163999557495115,11.070449747793601,13.744052765868918,17.209958486273802,0.0,0.0
CVNA,2018-09-04,5,Chronos-LoRA-V3,14.163999557495115,11.021862212533984,13.756512850738183,17.544730372015177,0.0,0.0
CVNA,2018-09-04,10,Chronos-LoRA-V1,11.854000091552734,9.086555545074017,14.07804442828402,23.07240493069184,0.0,0.0
CVNA,2018-09-04,10,Chronos-LoRA-V2,11.854000091552734,9.157662897039568,14.008153338794012,21.80283526282687,0.0,0.0
CVNA,2018-09-04,10,Chronos-LoRA-V3,11.854000091552734,9.090628755029257,14.000713709870809,22.540661786622348,0.0,0.0
CVNA,2018-09-04,20,Chronos-LoRA-V1,10.892000198364258,6.2289797399604385,14.434544882127986,37.131108089668395,0.0,0.0
CVNA,2018-09-04,20,Chronos-LoRA-V2,10.892000198364258,6.261688609470962,14.517880599852816,34.64501141109939,0.0,0.0
CVNA,2018-09-04,20,Chronos-LoRA-V3,10.892000198364258,6.22205632051846,14.428193660494074,36.28770616663671,0.0,0.0
CVNA,2018-10-31,1,Chronos-LoRA-V1,8.878000259399414,7.40410444240277,7.7457291498102725,8.145618555880407,0.0,1.0
CVNA,2018-10-31,1,Chronos-LoRA-V2,8.878000259399414,7.394752404548617,7.7656141787981845,8.160656217802796,0.0,1.0
CVNA,2018-10-31,1,Chronos-LoRA-V3,8.878000259399414,7.415082246251347,7.762024542868943,8.164760690643073,0.0,1.0
CVNA,2018-10-31,5,Chronos-LoRA-V1,9.234000205993652,6.099659538239664,7.7322583941103575,10.097716136428735,0.0,0.0
CVNA,2018-10-31,5,Chronos-LoRA-V2,9.234000205993652,6.103131237247937,7.826096840991672,10.101906628225693,0.0,0.0
CVNA,2018-10-31,5,Chronos-LoRA-V3,9.234000205993652,6.154694126413299,7.787802859173684,10.133181515268769,0.0,0.0
CVNA,2018-10-31,10,Chronos-LoRA-V1,9.050000190734863,4.734213166023162,7.784280108187318,13.707659971987688,0.0,0.0
CVNA,2018-10-31,10,Chronos-LoRA-V2,9.050000190734863,4.790824342248923,7.905425797680819,13.244443656141405,0.0,0.0
CVNA,2018-10-31,10,Chronos-LoRA-V3,9.050000190734863,4.821934087315506,7.846768470357484,13.561171114691582,0.0,0.0
CVNA,2018-10-31,20,Chronos-LoRA-V1,9.45199966430664,2.8240218607665346,7.909662771236724,25.51929991093509,0.0,0.0
CVNA,2018-10-31,20,Chronos-LoRA-V2,9.45199966430664,2.9239772702846696,8.045867590968195,22.837013783971717,0.0,0.0
CVNA,2018-10-31,20,Chronos-LoRA-V3,9.45199966430664,2.911808976301414,7.969429243674233,24.49944410610069,0.0,0.0
CVNA,2019-01-03,1,Chronos-LoRA-V1,6.156000137329102,5.7005107858404935,6.020387823876067,6.370674639456769,0.0,0.0
CVNA,2019-01-03,1,Chronos-LoRA-V2,6.156000137329102,5.699775088869324,6.047699664568856,6.4158583960411,0.0,0.0
CVNA,2019-01-03,1,Chronos-LoRA-V3,6.156000137329102,5.714920388670569,6.0400753342083435,6.394513066511596,0.0,0.0
CVNA,2019-01-03,5,Chronos-LoRA-V1,6.829999923706055,4.51368009021036,5.969767339199715,7.981246155697886,0.0,0.0
CVNA,2019-01-03,5,Chronos-LoRA-V2,6.829999923706055,4.526779472017081,6.09294001649835,8.212275722899863,0.0,0.0
CVNA,2019-01-03,5,Chronos-LoRA-V3,6.829999923706055,4.563804075800136,6.042929108339986,8.084132180284502,0.0,0.0
CVNA,2019-01-03,10,Chronos-LoRA-V1,7.162000179290772,3.349530937732214,5.953969162889155,10.888991541532693,0.0,0.0
CVNA,2019-01-03,10,Chronos-LoRA-V2,7.162000179290772,3.3945449996852806,6.155076772126788,11.206905673957436,0.0,0.0
CVNA,2019-01-03,10,Chronos-LoRA-V3,7.162000179290772,3.418417577730139,6.067276697178564,11.027989649653975,0.0,0.0
CVNA,2019-01-03,20,Chronos-LoRA-V1,7.056000232696533,1.8345673854210276,6.019697885269561,21.216983616665697,0.0,0.0
CVNA,2019-01-03,20,Chronos-LoRA-V2,7.056000232696533,1.9011073617990943,6.269087328795381,20.961620536894813,0.0,0.0
CVNA,2019-01-03,20,Chronos-LoRA-V3,7.056000232696533,1.9128390885458273,6.137538788743029,20.71053079721603,0.0,0.0
CVNA,2019-03-05,1,Chronos-LoRA-V1,10.119999885559082,9.1024997744309,9.62760203624092,10.240446151435641,0.0,0.0
CVNA,2019-03-05,1,Chronos-LoRA-V2,10.119999885559082,9.097570471519672,9.636215983641044,10.222657651582503,0.0,0.0
CVNA,2019-03-05,1,Chronos-LoRA-V3,10.119999885559082,9.120475880259468,9.636672909398285,10.23360975754648,0.0,0.0
CVNA,2019-03-05,5,Chronos-LoRA-V1,10.619999885559082,7.380751804517658,9.679120445429758,13.032416486257517,0.0,0.0
CVNA,2019-03-05,5,Chronos-LoRA-V2,10.619999885559082,7.365843015748863,9.759475210051612,13.011243967670929,0.0,0.0
CVNA,2019-03-05,5,Chronos-LoRA-V3,10.619999885559082,7.43502533680689,9.713240452173904,12.980700702726999,0.0,0.0
CVNA,2019-03-05,10,Chronos-LoRA-V1,11.597999572753906,5.719022354128614,9.729168579027737,17.39512304177626,0.0,0.0
CVNA,2019-03-05,10,Chronos-LoRA-V2,11.597999572753906,5.692701021890017,9.901082441441927,17.391798245331245,0.0,0.0
CVNA,2019-03-05,10,Chronos-LoRA-V3,11.597999572753906,5.789875004414242,9.787935690525718,17.275596112166433,0.0,0.0
CVNA,2019-03-05,20,Chronos-LoRA-V1,12.564000129699709,3.4161548318452626,9.794879029539068,31.297919790334973,0.0,0.0
CVNA,2019-03-05,20,Chronos-LoRA-V2,12.564000129699709,3.378709619071057,10.130087292364411,31.019267822311974,0.0,0.0
CVNA,2019-03-05,20,Chronos-LoRA-V3,12.564000129699709,3.480862874311695,9.925137342892718,30.89120497900538,0.0,0.0
CVNA,2019-05-03,1,Chronos-LoRA-V1,14.407999992370604,13.845786583514293,14.472818651055391,15.185436928744222,0.0,0.0
CVNA,2019-05-03,1,Chronos-LoRA-V2,14.407999992370604,13.88319999522119,14.485177538484379,15.1168872620656,0.0,0.0
CVNA,2019-05-03,1,Chronos-LoRA-V3,14.407999992370604,13.870083804251681,14.48693450977636,15.173655391263779,0.0,0.0
CVNA,2019-05-03,5,Chronos-LoRA-V1,13.35200023651123,11.637903281782078,14.60675330801839,18.759093852279037,0.0,0.0
CVNA,2019-05-03,5,Chronos-LoRA-V2,13.35200023651123,11.833458451076615,14.671700245581247,18.259620938471045,0.0,0.0
CVNA,2019-05-03,5,Chronos-LoRA-V3,13.35200023651123,11.751818458063486,14.649406849859743,18.582446274268293,0.0,0.0
CVNA,2019-05-03,10,Chronos-LoRA-V1,13.62600040435791,9.336297620497307,14.781797567652493,24.514253133237496,0.0,0.0
CVNA,2019-05-03,10,Chronos-LoRA-V2,13.62600040435791,9.674391970594607,14.902222305616482,23.11402250196823,0.0,0.0
CVNA,2019-05-03,10,Chronos-LoRA-V3,13.62600040435791,9.499002617043299,14.841217086752689,24.018445976540523,0.0,0.0
CVNA,2019-05-03,20,Chronos-LoRA-V1,11.663999557495115,6.015041214783291,15.072793014213698,41.109857457281386,0.0,0.0
CVNA,2019-05-03,20,Chronos-LoRA-V2,11.663999557495115,6.462624332744694,15.325603208149225,36.77882208655952,0.0,0.0
CVNA,2019-05-03,20,Chronos-LoRA-V3,11.663999557495115,6.223079678852058,15.207213031793474,39.534332021771355,0.0,0.0
CVNA,2019-07-02,1,Chronos-LoRA-V1,12.833999633789062,12.322293642640208,12.961002360661935,13.650806892171147,0.0,0.0
CVNA,2019-07-02,1,Chronos-LoRA-V2,12.833999633789062,12.366559810630003,12.972132121860763,13.60182138440856,0.0,0.0
CVNA,2019-07-02,1,Chronos-LoRA-V3,12.833999633789062,12.34681248892551,12.974147870170285,13.645844520232284,0.0,0.0
CVNA,2019-07-02,5,Chronos-LoRA-V1,13.529999732971191,10.150776303975903,13.047079746721192,16.916800820081694,0.0,0.0
CVNA,2019-07-02,5,Chronos-LoRA-V2,13.529999732971191,10.338052565116069,13.109586948919203,16.626701579565673,0.0,0.0
CVNA,2019-07-02,5,Chronos-LoRA-V3,13.529999732971191,10.229200220074725,13.086214316043339,16.83729165774455,0.0,0.0
CVNA,2019-07-02,10,Chronos-LoRA-V1,12.184000015258787,8.013366123585419,13.139115454202786,21.99773995747354,0.0,0.0
CVNA,2019-07-02,10,Chronos-LoRA-V2,12.184000015258787,8.293638589125877,13.267817345913896,21.29496743384558,0.0,0.0
CVNA,2019-07-02,10,Chronos-LoRA-V3,12.184000015258787,8.12245053601598,13.20307439488913,21.772814484192143,0.0,0.0
CVNA,2019-07-02,20,Chronos-LoRA-V1,12.711999893188477,4.98625199437116,13.318029624210883,37.13930261453112,0.0,0.0
CVNA,2019-07-02,20,Chronos-LoRA-V2,12.711999893188477,5.294949751304666,13.547445341229503,34.98199463244139,0.0,0.0
CVNA,2019-07-02,20,Chronos-LoRA-V3,12.711999893188477,5.135896061212324,13.428128885833798,36.23372792514785,0.0,0.0
CVNA,2019-08-30,1,Chronos-LoRA-V1,15.923999786376951,15.564406281685738,16.255596023777272,17.021138572243036,0.0,0.0
CVNA,2019-08-30,1,Chronos-LoRA-V2,15.923999786376951,15.583887172142171,16.274026421858757,17.00057843318232,0.0,0.0
CVNA,2019-08-30,1,Chronos-LoRA-V3,15.923999786376951,15.585353930144935,16.274780574744135,17.029696963927375,0.0,0.0
CVNA,2019-08-30,5,Chronos-LoRA-V1,16.600000381469727,13.110867056118542,16.341085056300653,20.713370776833735,0.0,0.0
CVNA,2019-08-30,5,Chronos-LoRA-V2,16.600000381469727,13.211584102074706,16.434522108717506,20.550148006888318,0.0,0.0
CVNA,2019-08-30,5,Chronos-LoRA-V3,16.600000381469727,13.194081349510927,16.40430264487701,20.679326549624435,0.0,0.0
CVNA,2019-08-30,10,Chronos-LoRA-V1,16.305999755859375,10.472443141306544,16.45178418800792,26.78929356486096,0.0,0.0
CVNA,2019-08-30,10,Chronos-LoRA-V2,16.305999755859375,10.740228332402735,16.63702083385718,26.048738875589674,0.0,0.0
CVNA,2019-08-30,10,Chronos-LoRA-V3,16.305999755859375,10.606078171549708,16.560698837378553,26.604405446678406,0.0,0.0
CVNA,2019-08-30,20,Chronos-LoRA-V1,13.199999809265137,6.473586363829557,16.65462872208256,45.7409871571956,0.0,0.0
CVNA,2019-08-30,20,Chronos-LoRA-V2,13.199999809265137,6.988108613058139,17.016671319398082,42.32115176500845,0.0,0.0
CVNA,2019-08-30,20,Chronos-LoRA-V3,13.199999809265137,6.69318063970952,16.858491432700806,44.729431313888924,0.0,0.0
CVNA,2019-10-29,1,Chronos-LoRA-V1,16.496000289916992,16.18345696361642,16.987308720728723,17.85167021542491,0.0,0.0
CVNA,2019-10-29,1,Chronos-LoRA-V2,16.496000289916992,16.296639166435245,16.998890355557016,17.726080569022205,0.0,0.0
CVNA,2019-10-29,1,Chronos-LoRA-V3,16.496000289916992,16.235504943339823,17.0020112781373,17.818983929605686,0.0,0.0
CVNA,2019-10-29,5,Chronos-LoRA-V1,16.304000854492188,13.512983717956951,17.160494964747098,21.93956947358623,0.0,0.0
CVNA,2019-10-29,5,Chronos-LoRA-V2,16.304000854492188,13.953962095872336,17.22586791872005,21.27407720125501,0.0,0.0
CVNA,2019-10-29,5,Chronos-LoRA-V3,16.304000854492188,13.68068214793759,17.205303080317123,21.726390679543147,0.0,0.0
CVNA,2019-10-29,10,Chronos-LoRA-V1,15.640000343322754,10.886770163003455,17.359348720174285,28.00980970116845,0.0,0.0
CVNA,2019-10-29,10,Chronos-LoRA-V2,15.640000343322754,11.522439531193955,17.498543885364,26.607404427253993,0.0,0.0
CVNA,2019-10-29,10,Chronos-LoRA-V3,15.640000343322754,11.100412952529224,17.439271028298524,27.596040170549987,0.0,0.0
CVNA,2019-10-29,20,Chronos-LoRA-V1,18.56800079345703,6.854448703577554,17.709614586975075,46.46583814820946,0.0,0.0
CVNA,2019-10-29,20,Chronos-LoRA-V2,18.56800079345703,7.7418195064180635,17.992220678871846,41.8450213437033,0.0,0.0
CVNA,2019-10-29,20,Chronos-LoRA-V3,18.56800079345703,7.168756887302155,17.8862490640882,45.040046566007646,0.0,0.0
CVNA,2019-12-30,1,Chronos-LoRA-V1,18.40999984741211,17.691505445644978,18.483233137801484,19.30541268181028,0.0,0.0
CVNA,2019-12-30,1,Chronos-LoRA-V2,18.40999984741211,17.745080981053466,18.5057559428751,19.271827978055615,0.0,0.0
CVNA,2019-12-30,1,Chronos-LoRA-V3,18.40999984741211,17.728945735710376,18.50539846151996,19.31123217803469,0.0,0.0
CVNA,2019-12-30,5,Chronos-LoRA-V1,18.18199920654297,14.9686540677338,18.628918908504446,23.158415899246876,0.0,0.0
CVNA,2019-12-30,5,Chronos-LoRA-V2,18.18199920654297,15.201295127245453,18.72260979108769,22.911576814700272,0.0,0.0
CVNA,2019-12-30,5,Chronos-LoRA-V3,18.18199920654297,15.104398688165618,18.696439053094988,23.119421464025127,0.0,0.0
CVNA,2019-12-30,10,Chronos-LoRA-V1,17.20400047302246,12.168361915290646,18.821319432849304,29.104982277246453,0.0,0.0
CVNA,2019-12-30,10,Chronos-LoRA-V2,17.20400047302246,12.568505226879617,18.98530982898025,28.380598388388584,0.0,0.0
CVNA,2019-12-30,10,Chronos-LoRA-V3,17.20400047302246,12.372995920228576,18.933196600471724,28.94239712033696,0.0,0.0
CVNA,2019-12-30,20,Chronos-LoRA-V1,16.350000381469727,7.957510811101033,19.173129221948532,46.12543444651479,0.0,0.0
CVNA,2019-12-30,20,Chronos-LoRA-V2,16.350000381469727,8.478946806699234,19.44548738365878,43.72374623570803,0.0,0.0
CVNA,2019-12-30,20,Chronos-LoRA-V3,16.350000381469727,8.221490431457914,19.35171069126365,45.464296361560976,0.0,0.0
CVNA,2020-02-28,1,Chronos-LoRA-V1,16.472000122070312,15.607653720085114,16.52248323681774,17.460881971932533,0.0,0.0
CVNA,2020-02-28,1,Chronos-LoRA-V2,16.472000122070312,15.689019911524932,16.603264369352615,17.528869895190414,0.0,0.0
CVNA,2020-02-28,1,Chronos-LoRA-V3,16.472000122070312,15.705654960137146,16.586042708216908,17.49894888736574,0.0,0.0
CVNA,2020-02-28,5,Chronos-LoRA-V1,13.20400047302246,12.40165939724977,16.398829911017017,21.567775905828025,0.0,0.0
CVNA,2020-02-28,5,Chronos-LoRA-V2,13.20400047302246,12.683259045126887,16.756886840756465,21.946291333633237,0.0,0.0
CVNA,2020-02-28,5,Chronos-LoRA-V3,13.20400047302246,12.731431453308776,16.630003917509033,21.659708675737445,0.0,0.0
CVNA,2020-02-28,10,Chronos-LoRA-V1,10.184000015258787,9.374697589020759,16.296457332099113,28.100276109335944,0.0,0.0
CVNA,2020-02-28,10,Chronos-LoRA-V2,10.184000015258787,9.790871615546234,16.983578314933336,28.955481369634462,0.0,0.0
CVNA,2020-02-28,10,Chronos-LoRA-V3,10.184000015258787,9.824355116786748,16.712251679002435,28.25923723252764,0.0,0.0
CVNA,2020-02-28,20,Chronos-LoRA-V1,9.80799961090088,5.2838613636361345,16.391500548450566,49.99911070899934,0.0,0.0
CVNA,2020-02-28,20,Chronos-LoRA-V2,9.80799961090088,5.742192770423546,17.43162092742606,50.8645507063586,0.0,0.0
CVNA,2020-02-28,20,Chronos-LoRA-V3,9.80799961090088,5.732375532972518,17.02688072186669,49.67340550387903,0.0,0.0
CVNA,2020-04-28,1,Chronos-LoRA-V1,16.97800064086914,14.925753397910343,16.61980444784969,18.443926849799094,0.0,0.0
CVNA,2020-04-28,1,Chronos-LoRA-V2,16.97800064086914,15.304438924510556,16.66026256183792,18.059118464966687,0.0,0.0
CVNA,2020-04-28,1,Chronos-LoRA-V3,16.97800064086914,15.110141522777239,16.643176012962375,18.264322162125474,0.0,0.0
CVNA,2020-04-28,5,Chronos-LoRA-V1,17.200000762939453,9.92072289703311,16.752759805690054,27.87101221200546,0.0,0.0
CVNA,2020-04-28,5,Chronos-LoRA-V2,17.200000762939453,11.1718400516673,16.959116296682428,25.235627714230855,0.0,0.0
CVNA,2020-04-28,5,Chronos-LoRA-V3,17.200000762939453,10.479989399103449,16.823297476829566,26.499494544138486,0.0,0.0
CVNA,2020-04-28,10,Chronos-LoRA-V1,18.74399948120117,6.021809029998439,16.94717424493386,46.37836007638433,0.0,0.0
CVNA,2020-04-28,10,Chronos-LoRA-V2,18.74399948120117,7.635906660613455,17.326619109978743,37.838148026755526,0.0,0.0
CVNA,2020-04-28,10,Chronos-LoRA-V3,18.74399948120117,6.681401210292748,17.060145787374633,41.92131952840212,0.0,0.0
CVNA,2020-04-28,20,Chronos-LoRA-V1,19.22800064086914,2.360810674440391,17.34334205567497,118.91688832221065,0.0,0.0
CVNA,2020-04-28,20,Chronos-LoRA-V2,19.22800064086914,3.696769928994711,18.002645509868408,80.84814273081938,0.0,0.0
CVNA,2020-04-28,20,Chronos-LoRA-V3,19.22800064086914,2.9434505351755327,17.54705539657129,97.08306766031109,0.0,0.0
CVNA,2020-06-26,1,Chronos-LoRA-V1,24.073999404907227,22.208169058223568,23.55678315920925,24.93522664843105,0.0,0.0
CVNA,2020-06-26,1,Chronos-LoRA-V2,24.073999404907227,22.34334063351803,23.57460274379142,24.79354644381054,0.0,0.0
CVNA,2020-06-26,1,Chronos-LoRA-V3,24.073999404907227,22.290699898509022,23.57534882747206,24.89066603330443,0.0,0.0
CVNA,2020-06-26,5,Chronos-LoRA-V1,26.88800048828125,17.70869273855805,23.84583089918413,31.777019579277887,0.0,0.0
CVNA,2020-06-26,5,Chronos-LoRA-V2,26.88800048828125,18.297665856380974,23.96630032095817,30.916779758508852,0.0,0.0
CVNA,2020-06-26,5,Chronos-LoRA-V3,26.88800048828125,18.003241868506315,23.881617928407593,31.443384558259154,0.0,0.0
CVNA,2020-06-26,10,Chronos-LoRA-V1,25.309999465942383,13.43355779366191,24.221461967679524,42.72595404033974,0.0,0.0
CVNA,2020-06-26,10,Chronos-LoRA-V2,25.309999465942383,14.314718043771409,24.43748343987513,40.45758665457993,0.0,0.0
CVNA,2020-06-26,10,Chronos-LoRA-V3,25.309999465942383,13.812182952169085,24.265483244019766,41.86129898348528,0.0,0.0
CVNA,2020-06-26,20,Chronos-LoRA-V1,30.166000366210938,8.116638564128433,24.850329458883202,73.7757846591786,0.0,0.0
CVNA,2020-06-26,20,Chronos-LoRA-V2,30.166000366210938,8.88064906355215,25.230705461152294,68.08052828889589,0.0,0.0
CVNA,2020-06-26,20,Chronos-LoRA-V3,30.166000366210938,8.421659033411746,24.88209990711066,71.84155704205959,0.0,0.0
CVNA,2020-08-25,1,Chronos-LoRA-V1,41.56399917602539,39.375306314977514,40.76846918487397,42.14226236336117,0.0,0.0
CVNA,2020-08-25,1,Chronos-LoRA-V2,41.56399917602539,39.22370525870484,40.79223220367349,42.34438153462815,0.0,0.0
CVNA,2020-08-25,1,Chronos-LoRA-V3,41.56399917602539,39.356089182714776,40.795611105873334,42.23904139949348,0.0,0.0
CVNA,2020-08-25,5,Chronos-LoRA-V1,45.4379997253418,34.55562582924702,41.43137891823326,49.28502178022263,0.0,0.0
CVNA,2020-08-25,5,Chronos-LoRA-V2,45.4379997253418,34.05473229672964,41.560043822546504,50.357229193226594,0.0,0.0
CVNA,2020-08-25,5,Chronos-LoRA-V3,45.4379997253418,34.45371585916544,41.48299053625025,49.75578215368599,0.0,0.0
CVNA,2020-08-25,10,Chronos-LoRA-V1,35.97200012207031,28.415116257523938,42.40688727353848,62.17977207017842,0.0,0.0
CVNA,2020-08-25,10,Chronos-LoRA-V2,35.97200012207031,28.386351090186427,42.583609708406556,62.807672171222784,0.0,0.0
CVNA,2020-08-25,10,Chronos-LoRA-V3,35.97200012207031,28.571208902648067,42.45525720167536,62.39209522210621,0.0,0.0
CVNA,2020-08-25,20,Chronos-LoRA-V1,43.73400115966797,18.94696867499642,44.15865826393648,99.36718013993521,0.0,0.0
CVNA,2020-08-25,20,Chronos-LoRA-V2,43.73400115966797,19.523272378607263,44.357533542767186,97.34939305914301,0.0,0.0
CVNA,2020-08-25,20,Chronos-LoRA-V3,43.73400115966797,19.427985186764438,44.19061514774346,98.2246622277911,0.0,0.0
CVNA,2020-10-23,1,Chronos-LoRA-V1,40.2760009765625,38.43558050675192,40.62040115561078,42.96757988927721,0.0,0.0
CVNA,2020-10-23,1,Chronos-LoRA-V2,40.2760009765625,38.587860127659866,40.68129766877416,42.836661260199534,0.0,0.0
CVNA,2020-10-23,1,Chronos-LoRA-V3,40.2760009765625,38.57095526626056,40.6726761560332,42.90511416746094,0.0,0.0
CVNA,2020-10-23,5,Chronos-LoRA-V1,37.06999969482422,31.168691892204215,41.00314839878162,54.10994093665013,0.0,0.0
CVNA,2020-10-23,5,Chronos-LoRA-V2,37.06999969482422,31.775461820473055,41.32815310022082,53.44073457616695,0.0,0.0
CVNA,2020-10-23,5,Chronos-LoRA-V3,37.06999969482422,31.660864847549433,41.169797972924705,53.61505917259606,0.0,0.0
CVNA,2020-10-23,10,Chronos-LoRA-V1,42.0,23.8741416483283,41.52109926924009,72.30303661854627,0.0,0.0
CVNA,2020-10-23,10,Chronos-LoRA-V2,42.0,24.88022725872844,42.120918722152936,70.38495173562173,0.0,0.0
CVNA,2020-10-23,10,Chronos-LoRA-V3,42.0,24.5662927053223,41.79893229032281,71.08174726270923,0.0,0.0
CVNA,2020-10-23,20,Chronos-LoRA-V1,46.86000061035156,13.96830860392408,42.37306883822756,129.3577358410059,0.0,0.0
CVNA,2020-10-23,20,Chronos-LoRA-V2,46.86000061035156,15.19976853266778,43.587784881401475,122.38549487855484,0.0,0.0
CVNA,2020-10-23,20,Chronos-LoRA-V3,46.86000061035156,14.738368966328377,42.88666210378629,125.12553985909399,0.0,0.0
CVNA,2020-12-22,1,Chronos-LoRA-V1,54.0,55.81319724823523,58.61301418589006,61.518173573745955,1.0,0.0
CVNA,2020-12-22,1,Chronos-LoRA-V2,54.0,55.976942640490094,58.651639926725615,61.35248886244196,1.0,0.0
CVNA,2020-12-22,1,Chronos-LoRA-V3,54.0,55.921117515355206,58.64855161721301,61.48620834414953,1.0,0.0
CVNA,2020-12-22,5,Chronos-LoRA-V1,50.06800079345703,46.85838873376721,59.685865060308004,75.75865261529611,0.0,0.0
CVNA,2020-12-22,5,Chronos-LoRA-V2,50.06800079345703,47.587947577743336,59.9622980006468,75.03686991558537,0.0,0.0
CVNA,2020-12-22,5,Chronos-LoRA-V3,50.06800079345703,47.276321861084874,59.783223936205204,75.53333189605021,0.0,0.0
CVNA,2020-12-22,10,Chronos-LoRA-V1,54.03200149536133,37.65314211370917,61.01097212513393,97.76694306958102,0.0,0.0
CVNA,2020-12-22,10,Chronos-LoRA-V2,54.03200149536133,38.87806154441454,61.58747968201619,96.0847911351435,0.0,0.0
CVNA,2020-12-22,10,Chronos-LoRA-V3,54.03200149536133,38.19941710555515,61.185319304388294,97.5044470149398,0.0,0.0
CVNA,2020-12-22,20,Chronos-LoRA-V1,54.69400024414063,24.05471814963336,63.52918792910919,163.8571997951004,0.0,0.0
CVNA,2020-12-22,20,Chronos-LoRA-V2,54.69400024414063,25.843242006509264,64.65485590036428,156.59548993028727,0.0,0.0
CVNA,2020-12-22,20,Chronos-LoRA-V3,54.69400024414063,24.766267311726985,63.788964821895235,162.11737347578253,0.0,0.0
CVNA,2021-02-24,1,Chronos-LoRA-V1,52.73199844360352,54.861274584856744,57.24081186493904,59.615551300119954,1.0,0.0
CVNA,2021-02-24,1,Chronos-LoRA-V2,52.73199844360352,54.87713181578919,57.289585996615216,59.67691502894498,1.0,0.0
CVNA,2021-02-24,1,Chronos-LoRA-V3,52.73199844360352,54.88427844967465,57.27842157273033,59.69056354638952,1.0,0.0
CVNA,2021-02-24,5,Chronos-LoRA-V1,57.6259994506836,46.6830571721879,58.15744310222932,71.89410369377873,0.0,0.0
CVNA,2021-02-24,5,Chronos-LoRA-V2,57.6259994506836,47.111696199219736,58.42270954216163,71.83057014872936,0.0,0.0
CVNA,2021-02-24,5,Chronos-LoRA-V3,57.6259994506836,46.92964396800918,58.24369224170301,71.95457324459302,0.0,0.0
CVNA,2021-02-24,10,Chronos-LoRA-V1,52.09000015258789,38.18528018765278,59.43295276444517,91.04459047682408,0.0,0.0
CVNA,2021-02-24,10,Chronos-LoRA-V2,52.09000015258789,38.98275223898592,59.89903205777375,90.38735574755358,0.0,0.0
CVNA,2021-02-24,10,Chronos-LoRA-V3,52.09000015258789,38.51493695111108,59.54523686329239,91.1206147201454,0.0,0.0
CVNA,2021-02-24,20,Chronos-LoRA-V1,50.56999969482422,24.875084812522903,61.727212563200894,148.60731396282614,0.0,0.0
CVNA,2021-02-24,20,Chronos-LoRA-V2,50.56999969482422,26.232700331807106,62.63251634741774,144.22241720024255,0.0,0.0
CVNA,2021-02-24,20,Chronos-LoRA-V3,50.56999969482422,25.354516205079307,61.93866090091513,148.26137285825942,0.0,0.0
CVNA,2021-04-23,1,Chronos-LoRA-V1,58.87799835205078,53.00149329768735,55.78115397112165,58.654699014365626,0.0,1.0
CVNA,2021-04-23,1,Chronos-LoRA-V2,58.87799835205078,53.236622336316074,55.82589566568426,58.422342773086626,0.0,1.0
CVNA,2021-04-23,1,Chronos-LoRA-V3,58.87799835205078,53.150203591897345,55.838625595980346,58.61059338850068,0.0,1.0
CVNA,2021-04-23,5,Chronos-LoRA-V1,57.05199813842773,43.56818552083219,56.44488450668388,72.85899001355541,0.0,0.0
CVNA,2021-04-23,5,Chronos-LoRA-V2,57.05199813842773,44.68808034693468,56.738732362337394,71.4194431561567,0.0,0.0
CVNA,2021-04-23,5,Chronos-LoRA-V3,57.05199813842773,44.182069605565935,56.623630745891376,72.36382805618616,0.0,0.0
CVNA,2021-04-23,10,Chronos-LoRA-V1,49.5620002746582,34.0529325494495,57.28238442988954,95.29790903037213,0.0,0.0
CVNA,2021-04-23,10,Chronos-LoRA-V2,49.5620002746582,35.878965005560374,57.88296514522607,91.58977237366032,0.0,0.0
CVNA,2021-04-23,10,Chronos-LoRA-V3,49.5620002746582,34.92981467993737,57.582327292786466,94.10338110699536,0.0,0.0
CVNA,2021-04-23,20,Chronos-LoRA-V1,49.28400039672852,20.390499625865772,58.8738781181754,165.91728413853977,0.0,0.0
CVNA,2021-04-23,20,Chronos-LoRA-V2,49.28400039672852,22.566609781280764,59.9101096583731,152.71675296054778,0.0,0.0
CVNA,2021-04-23,20,Chronos-LoRA-V3,49.28400039672852,21.44094969464626,59.36308972276228,160.5412653774578,0.0,0.0
CVNA,2021-06-23,1,Chronos-LoRA-V1,60.902000427246094,60.409475871128706,63.23230157249624,65.9857638787358,0.0,0.0
CVNA,2021-06-23,1,Chronos-LoRA-V2,60.902000427246094,60.556334988146276,63.267965228339015,65.9103075813817,0.0,0.0
CVNA,2021-06-23,1,Chronos-LoRA-V3,60.902000427246094,60.507523475364934,63.27906084997435,66.02687566193822,0.0,0.0
CVNA,2021-06-23,5,Chronos-LoRA-V1,60.36399841308594,50.52081806943562,64.20716597414165,80.41221353688681,0.0,0.0
CVNA,2021-06-23,5,Chronos-LoRA-V2,60.36399841308594,51.49348813419923,64.40752836929228,79.5995302255077,0.0,0.0
CVNA,2021-06-23,5,Chronos-LoRA-V3,60.36399841308594,51.045176597940184,64.32738349782035,80.29816736282471,0.0,0.0
CVNA,2021-06-23,10,Chronos-LoRA-V1,64.50199890136719,39.52481452433655,65.57185749537273,105.60690738242448,0.0,0.0
CVNA,2021-06-23,10,Chronos-LoRA-V2,64.50199890136719,41.79596067511985,65.90436467393698,101.35179547547543,0.0,0.0
CVNA,2021-06-23,10,Chronos-LoRA-V3,64.50199890136719,40.59164838045338,65.72393157382449,104.27512288893573,0.0,0.0
CVNA,2021-06-23,20,Chronos-LoRA-V1,67.0459976196289,17.897246142025086,67.66800182977725,237.048673886359,0.0,0.0
CVNA,2021-06-23,20,Chronos-LoRA-V2,67.0459976196289,23.587685626360887,68.50498794027413,185.6903542278321,0.0,0.0
CVNA,2021-06-23,20,Chronos-LoRA-V3,67.0459976196289,20.708159301737474,67.96745437293319,209.001316339243,0.0,0.0
CVNA,2021-08-20,1,Chronos-LoRA-V1,71.51599884033203,68.49904918451406,70.23913604079787,72.01470925607002,0.0,0.0
CVNA,2021-08-20,1,Chronos-LoRA-V2,71.51599884033203,68.32152166482956,70.26938292939805,72.1995875829504,0.0,0.0
CVNA,2021-08-20,1,Chronos-LoRA-V3,71.51599884033203,68.55148348763834,70.27758992066958,72.03126967250073,0.0,0.0
CVNA,2021-08-20,5,Chronos-LoRA-V1,67.50399780273438,62.9635697687789,71.35107802641056,80.85087906929552,0.0,0.0
CVNA,2021-08-20,5,Chronos-LoRA-V2,67.50399780273438,62.155598316393416,71.49414246412519,81.9136877670422,0.0,0.0
CVNA,2021-08-20,5,Chronos-LoRA-V3,67.50399780273438,63.17881033561356,71.45394602197264,80.84128242527429,0.0,0.0
CVNA,2021-08-20,10,Chronos-LoRA-V1,65.73200225830078,56.96854286951168,72.66383785084044,92.81995917226861,0.0,0.0
CVNA,2021-08-20,10,Chronos-LoRA-V2,65.73200225830078,55.368579943280814,72.9761646168546,95.5025702933692,0.0,0.0
CVNA,2021-08-20,10,Chronos-LoRA-V3,65.73200225830078,57.19181227649669,72.84145001763783,93.09721045747291,0.0,0.0
CVNA,2021-08-20,20,Chronos-LoRA-V1,65.30000305175781,45.35707832014359,75.21804949852613,123.61779575065182,0.0,0.0
CVNA,2021-08-20,20,Chronos-LoRA-V2,65.30000305175781,43.84004243818691,75.8449245224729,128.80587161782762,0.0,0.0
CVNA,2021-08-20,20,Chronos-LoRA-V3,65.30000305175781,46.2060045400808,75.5920195388721,123.36181008366343,0.0,0.0
CVNA,2021-10-19,1,Chronos-LoRA-V1,57.805999755859375,57.35923988799521,58.31986219869969,59.21999692881347,0.0,0.0
CVNA,2021-10-19,1,Chronos-LoRA-V2,57.805999755859375,57.151992774642174,58.35973243438454,59.53426333725698,0.0,0.0
CVNA,2021-10-19,1,Chronos-LoRA-V3,57.805999755859375,57.381718173203886,58.3622521129783,59.323467504627025,0.0,0.0
CVNA,2021-10-19,5,Chronos-LoRA-V1,58.3120002746582,54.17285366195121,58.88212224590784,63.69925631514589,0.0,0.0
CVNA,2021-10-19,5,Chronos-LoRA-V2,58.3120002746582,53.25392336974892,59.08736524049558,65.25095077885052,0.0,0.0
CVNA,2021-10-19,5,Chronos-LoRA-V3,58.3120002746582,54.25644587491778,59.043124968355464,64.09755277732158,0.0,0.0
CVNA,2021-10-19,10,Chronos-LoRA-V1,60.060001373291016,50.387791948516075,59.58441215157885,70.13957280104087,0.0,0.0
CVNA,2021-10-19,10,Chronos-LoRA-V2,60.060001373291016,48.80360730726368,59.959205926814654,73.23890889603044,0.0,0.0
CVNA,2021-10-19,10,Chronos-LoRA-V3,60.060001373291016,50.50461392972195,59.85088186029228,70.86928318506,0.0,0.0
CVNA,2021-10-19,20,Chronos-LoRA-V1,60.15800094604492,43.00793405723839,61.219928587140494,86.06057403735981,0.0,0.0
CVNA,2021-10-19,20,Chronos-LoRA-V2,60.15800094604492,40.74303006171598,61.895527241887805,92.59764075834562,0.0,0.0
CVNA,2021-10-19,20,Chronos-LoRA-V3,60.15800094604492,43.24806103057576,61.71485280389317,87.45382547773151,0.0,0.0
CVNA,2021-12-17,1,Chronos-LoRA-V1,41.12200164794922,40.172371366235616,44.47347120949725,49.43365851723327,0.0,0.0
CVNA,2021-12-17,1,Chronos-LoRA-V2,41.12200164794922,40.91429077373779,44.76315228855304,48.91640733873915,0.0,0.0
CVNA,2021-12-17,1,Chronos-LoRA-V3,41.12200164794922,40.63110884076584,44.689462689718304,49.3070921653979,0.0,0.0
CVNA,2021-12-17,5,Chronos-LoRA-V1,46.43600082397461,25.43278718692086,43.72661372068141,77.98907152172916,0.0,0.0
CVNA,2021-12-17,5,Chronos-LoRA-V2,46.43600082397461,28.625007511456314,45.047505269128834,70.74212367731077,0.0,0.0
CVNA,2021-12-17,5,Chronos-LoRA-V3,46.43600082397461,27.396211351354,44.542969336408675,73.69792648057386,0.0,0.0
CVNA,2021-12-17,10,Chronos-LoRA-V1,47.92599868774414,13.799146502654157,43.26826243094013,145.7211626571509,0.0,0.0
CVNA,2021-12-17,10,Chronos-LoRA-V2,47.92599868774414,18.142031004860527,45.63057256518576,113.38894372636294,0.0,0.0
CVNA,2021-12-17,10,Chronos-LoRA-V3,47.92599868774414,16.32984465472045,44.69019156085619,125.24775162020764,0.0,0.0
CVNA,2021-12-17,20,Chronos-LoRA-V1,32.417999267578125,3.5739222211281922,42.01192652377851,567.7926156139102,0.0,0.0
CVNA,2021-12-17,20,Chronos-LoRA-V2,32.417999267578125,6.5004110007956974,46.68427395704514,329.45266122867366,0.0,0.0
CVNA,2021-12-17,20,Chronos-LoRA-V3,32.417999267578125,4.967627498214961,44.51537557574107,425.1044565035033,0.0,0.0
CVNA,2022-02-16,1,Chronos-LoRA-V1,27.04599952697754,25.898417398794088,27.74088286158406,29.660349762735294,0.0,0.0
CVNA,2022-02-16,1,Chronos-LoRA-V2,27.04599952697754,26.175611835046187,27.781802923031346,29.390700189128047,0.0,0.0
CVNA,2022-02-16,1,Chronos-LoRA-V3,27.04599952697754,26.099633020766753,27.776239780788153,29.50836180880458,0.0,0.0
CVNA,2022-02-16,5,Chronos-LoRA-V1,25.209999084472656,19.56446107554749,27.8482947829997,39.29837149178463,0.0,0.0
CVNA,2022-02-16,5,Chronos-LoRA-V2,25.209999084472656,20.695057815083498,28.029594963864124,37.44756781058024,0.0,0.0
CVNA,2022-02-16,5,Chronos-LoRA-V3,25.209999084472656,20.34493015056077,27.950872584410014,38.0819371935569,0.0,0.0
CVNA,2022-02-16,10,Chronos-LoRA-V1,24.666000366210938,13.695921989219814,28.059012909101813,56.29697543411398,0.0,0.0
CVNA,2022-02-16,10,Chronos-LoRA-V2,24.666000366210938,15.411844861023809,28.379805542000224,50.67363579008094,0.0,0.0
CVNA,2022-02-16,10,Chronos-LoRA-V3,24.666000366210938,14.789281594443475,28.227302012472553,52.720128206784665,0.0,0.0
CVNA,2022-02-16,20,Chronos-LoRA-V1,26.972000122070312,6.807521385968699,28.447841648037624,113.6905930806545,0.0,0.0
CVNA,2022-02-16,20,Chronos-LoRA-V2,26.972000122070312,8.626307954921103,28.952726910339994,91.7402780186134,0.0,0.0
CVNA,2022-02-16,20,Chronos-LoRA-V3,26.972000122070312,7.8927934854904835,28.726391179406754,100.20329479150153,0.0,0.0
CVNA,2022-04-19,1,Chronos-LoRA-V1,18.5,18.599358272087535,20.313505792777462,22.11489662059972,1.0,0.0
CVNA,2022-04-19,1,Chronos-LoRA-V2,18.5,18.88949421132665,20.391531683188767,21.93178923420425,1.0,0.0
CVNA,2022-04-19,1,Chronos-LoRA-V3,18.5,18.78936711546752,20.368171858426233,22.034352734824314,1.0,0.0
CVNA,2022-04-19,5,Chronos-LoRA-V1,14.097999572753906,13.007224766634858,20.15398630049485,30.833329895892383,0.0,0.0
CVNA,2022-04-19,5,Chronos-LoRA-V2,14.097999572753906,14.005714258205085,20.55221166529699,29.61725641582304,0.0,0.0
CVNA,2022-04-19,5,Chronos-LoRA-V3,14.097999572753906,13.592995653618315,20.380239162577904,30.171235620391855,0.0,0.0
CVNA,2022-04-19,10,Chronos-LoRA-V1,11.465999603271484,8.360083250577615,19.97918842905476,46.682006979733686,0.0,0.0
CVNA,2022-04-19,10,Chronos-LoRA-V2,11.465999603271484,9.700275793352375,20.754587879849737,42.857117469361484,0.0,0.0
CVNA,2022-04-19,10,Chronos-LoRA-V3,11.465999603271484,9.090150398003086,20.403032783982194,44.645762010828996,0.0,0.0
CVNA,2022-04-19,20,Chronos-LoRA-V1,8.319999694824219,3.454200986356578,19.787697939985875,111.2577140539641,0.0,0.0
CVNA,2022-04-19,20,Chronos-LoRA-V2,8.319999694824219,4.601629621397316,21.13045887527081,91.52021575170376,0.0,0.0
CVNA,2022-04-19,20,Chronos-LoRA-V3,8.319999694824219,4.051105161336851,20.51933370250024,100.20900030637034,0.0,0.0
CVNA,2022-06-16,1,Chronos-LoRA-V1,4.854000091552734,3.7433100724648725,4.234858642868816,4.764405839209559,0.0,1.0
CVNA,2022-06-16,1,Chronos-LoRA-V2,4.854000091552734,3.8296363651404195,4.26734875767194,4.7454811380005735,0.0,1.0
CVNA,2022-06-16,1,Chronos-LoRA-V3,4.854000091552734,3.807683595735577,4.25656240999054,4.73938777415021,0.0,1.0
CVNA,2022-06-16,5,Chronos-LoRA-V1,6.303999900817871,2.1948553708624297,4.062179019679036,7.333984327735044,0.0,0.0
CVNA,2022-06-16,5,Chronos-LoRA-V2,6.303999900817871,2.4660283532616996,4.2223388326550495,7.151503958698709,0.0,0.0
CVNA,2022-06-16,5,Chronos-LoRA-V3,6.303999900817871,2.393778545155752,4.160908984089956,7.104176850291007,0.0,0.0
CVNA,2022-06-16,10,Chronos-LoRA-V1,4.374000072479248,1.124140887270225,3.8627809125179757,12.799414232655925,0.0,0.0
CVNA,2022-06-16,10,Chronos-LoRA-V2,4.374000072479248,1.426699532565221,4.16581534786973,11.970014605582064,0.0,0.0
CVNA,2022-06-16,10,Chronos-LoRA-V3,4.374000072479248,1.3364555179843942,4.046137146355068,11.886510363444145,0.0,0.0
CVNA,2022-06-16,20,Chronos-LoRA-V1,4.449999809265137,0.30567922274199744,3.5569132667865846,39.00118892933571,0.0,0.0
CVNA,2022-06-16,20,Chronos-LoRA-V2,4.449999809265137,0.4771449812402351,4.064450769578522,33.5850101211483,0.0,0.0
CVNA,2022-06-16,20,Chronos-LoRA-V3,4.449999809265137,0.4267915866896916,3.8734662376129756,33.47461128799072,0.0,0.0
CVNA,2022-08-17,1,Chronos-LoRA-V1,9.571999549865724,8.798284859634673,9.888373327038229,11.13062211820958,0.0,0.0
CVNA,2022-08-17,1,Chronos-LoRA-V2,9.571999549865724,8.95998305931358,9.922795023619448,10.959195338784726,0.0,0.0
CVNA,2022-08-17,1,Chronos-LoRA-V3,9.571999549865724,8.90191633610976,9.914299515874623,11.026324420397904,0.0,0.0
CVNA,2022-08-17,5,Chronos-LoRA-V1,7.217999935150146,5.466167102421928,9.766352567318474,17.4509375338394,0.0,0.0
CVNA,2022-08-17,5,Chronos-LoRA-V2,7.217999935150146,5.998736501652164,9.930689591505635,16.196780149032385,0.0,0.0
CVNA,2022-08-17,5,Chronos-LoRA-V3,7.217999935150146,5.785364768784017,9.854978454713649,16.619320510119586,0.0,0.0
CVNA,2022-08-17,10,Chronos-LoRA-V1,6.5980000495910645,3.045310760993692,9.626653244275786,30.506804343476595,0.0,0.0
CVNA,2022-08-17,10,Chronos-LoRA-V2,6.5980000495910645,3.6614245521974,9.930627676441196,26.219006178287213,0.0,0.0
CVNA,2022-08-17,10,Chronos-LoRA-V3,6.5980000495910645,3.387574125855865,9.778596179117818,27.677677311937146,0.0,0.0
CVNA,2022-08-17,20,Chronos-LoRA-V1,7.403999805450439,1.0058250906945982,9.364378124399861,88.0472952431264,0.0,0.0
CVNA,2022-08-17,20,Chronos-LoRA-V2,7.403999805450439,1.3922971163246687,9.881404365485398,66.7839207529102,0.0,0.0
CVNA,2022-08-17,20,Chronos-LoRA-V3,7.403999805450439,1.2230426195654585,9.634293372903393,73.27644736031246,0.0,0.0
CVNA,2022-10-14,1,Chronos-LoRA-V1,3.6440000534057617,3.09501980955038,3.4097172117324157,3.7497684746272024,0.0,0.0
CVNA,2022-10-14,1,Chronos-LoRA-V2,3.6440000534057617,3.122225407992639,3.4205353810271273,3.735282398765949,0.0,0.0
CVNA,2022-10-14,1,Chronos-LoRA-V3,3.6440000534057617,3.1169801483478086,3.417001611042157,3.737526757010612,0.0,0.0
CVNA,2022-10-14,5,Chronos-LoRA-V1,2.8499999046325684,2.0608955149972585,3.3434790378039914,5.3625971625583055,0.0,0.0
CVNA,2022-10-14,5,Chronos-LoRA-V2,2.8499999046325684,2.1488464841182786,3.395892969540484,5.2622842707277755,0.0,0.0
CVNA,2022-10-14,5,Chronos-LoRA-V3,2.8499999046325684,2.1256309579060577,3.370883109168181,5.247802948114669,0.0,0.0
CVNA,2022-10-14,10,Chronos-LoRA-V1,2.8980000019073486,1.245976066265862,3.2669300460126953,8.389630879303812,0.0,0.0
CVNA,2022-10-14,10,Chronos-LoRA-V2,2.8980000019073486,1.354080931274433,3.3635288085885566,8.066121160150969,0.0,0.0
CVNA,2022-10-14,10,Chronos-LoRA-V3,2.8980000019073486,1.3192711307432814,3.313892464129308,8.02488384541447,0.0,0.0
CVNA,2022-10-14,20,Chronos-LoRA-V1,2.375999927520752,0.48526986967400465,3.133935315029541,19.43965795568761,0.0,0.0
CVNA,2022-10-14,20,Chronos-LoRA-V2,2.375999927520752,0.5532498112710309,3.2908927943019215,18.276303374533672,0.0,0.0
CVNA,2022-10-14,20,Chronos-LoRA-V3,2.375999927520752,0.5384115572757474,3.219919456371627,17.909164485076758,0.0,0.0
CVNA,2022-12-14,1,Chronos-LoRA-V1,1.093999981880188,0.9194807276722101,1.045578932103888,1.1865472557664163,0.0,0.0
CVNA,2022-12-14,1,Chronos-LoRA-V2,1.093999981880188,0.9301137470123717,1.048842547694476,1.1782785401521751,0.0,0.0
CVNA,2022-12-14,1,Chronos-LoRA-V3,1.093999981880188,0.9291015021076026,1.0480088601220119,1.179895555757798,0.0,0.0
CVNA,2022-12-14,5,Chronos-LoRA-V1,0.8640000224113464,0.534483250228057,1.0206715410115503,1.9179151620682617,0.0,0.0
CVNA,2022-12-14,5,Chronos-LoRA-V2,0.8640000224113464,0.5676113205752189,1.0379196188268291,1.851427063098785,0.0,0.0
CVNA,2022-12-14,5,Chronos-LoRA-V3,0.8640000224113464,0.5606733235479526,1.0292510095149239,1.8506867381463248,0.0,0.0
CVNA,2022-12-14,10,Chronos-LoRA-V1,0.8899999856948853,0.2701478084446154,0.9940050320355798,3.521748601060096,0.0,0.0
CVNA,2022-12-14,10,Chronos-LoRA-V2,0.8899999856948853,0.30676068853528854,1.0249669872804488,3.245518703284308,0.0,0.0
CVNA,2022-12-14,10,Chronos-LoRA-V3,0.8899999856948853,0.29557191665807075,1.0080930392843037,3.266656044706203,0.0,0.0
CVNA,2022-12-14,20,Chronos-LoRA-V1,1.4040000438690186,0.069158295061427,0.9388358117724703,11.751661392775894,0.0,0.0
CVNA,2022-12-14,20,Chronos-LoRA-V2,1.4040000438690186,0.08813138349850623,0.99167657414581,10.032125104920665,0.0,0.0
CVNA,2022-12-14,20,Chronos-LoRA-V3,1.4040000438690186,0.08280511760715642,0.9640304691341469,10.136586098759608,0.0,0.0
CVNA,2023-02-14,1,Chronos-LoRA-V1,2.5380001068115234,1.8596729644933085,2.128245082843064,2.438300508301722,0.0,1.0
CVNA,2023-02-14,1,Chronos-LoRA-V2,2.5380001068115234,1.8987293477670446,2.136019403367471,2.3950937965887324,0.0,1.0
CVNA,2023-02-14,1,Chronos-LoRA-V3,2.5380001068115234,1.882621679271524,2.1347560670782344,2.4198182771366867,0.0,1.0
CVNA,2023-02-14,5,Chronos-LoRA-V1,2.013999938964844,1.0539321694217694,2.067759295262947,4.061638818026845,0.0,0.0
CVNA,2023-02-14,5,Chronos-LoRA-V2,2.013999938964844,1.168389710666336,2.106474999566094,3.724726811867325,0.0,0.0
CVNA,2023-02-14,5,Chronos-LoRA-V3,2.013999938964844,1.113451533468832,2.090975836924407,3.883056903878685,0.0,0.0
CVNA,2023-02-14,10,Chronos-LoRA-V1,1.781999945640564,0.5181144334723297,1.9988178754270094,7.677085364053615,0.0,0.0
CVNA,2023-02-14,10,Chronos-LoRA-V2,1.781999945640564,0.6386894416519383,2.0701502021269955,6.415850517594036,0.0,0.0
CVNA,2023-02-14,10,Chronos-LoRA-V3,1.781999945640564,0.5737027995423887,2.0374431912383244,7.003244012162125,0.0,0.0
CVNA,2023-02-14,20,Chronos-LoRA-V1,1.409999966621399,0.12694744211923162,1.8609520306322997,26.951485711893955,0.0,0.0
CVNA,2023-02-14,20,Chronos-LoRA-V2,1.409999966621399,0.19232291534481225,1.9824009026970348,18.769312271092836,0.0,0.0
CVNA,2023-02-14,20,Chronos-LoRA-V3,1.409999966621399,0.15392705024547645,1.926157588452723,22.651315476748465,0.0,0.0
CVNA,2023-04-17,1,Chronos-LoRA-V1,1.7599999904632568,1.6420763503409883,1.8030502379761009,1.9819011117480567,0.0,0.0
CVNA,2023-04-17,1,Chronos-LoRA-V2,1.7599999904632568,1.6588983766986882,1.8058701629826512,1.960909614920709,0.0,0.0
CVNA,2023-04-17,1,Chronos-LoRA-V3,1.7599999904632568,1.6512989391818995,1.8062616394715458,1.976154818958569,0.0,0.0
CVNA,2023-04-17,5,Chronos-LoRA-V1,1.6740000247955322,1.0891293258084105,1.7662172868045125,2.887444578002616,0.0,0.0
CVNA,2023-04-17,5,Chronos-LoRA-V2,1.6740000247955322,1.1560742152102008,1.7819820776293571,2.7248575186548876,0.0,0.0
CVNA,2023-04-17,5,Chronos-LoRA-V3,1.6740000247955322,1.1216053430329849,1.7762123027117291,2.8267516350579407,0.0,0.0
CVNA,2023-04-17,10,Chronos-LoRA-V1,1.3860000371932983,0.6448323082226425,1.7242783989020325,4.6442598696021244,0.0,0.0
CVNA,2023-04-17,10,Chronos-LoRA-V2,1.3860000371932983,0.7350367375753988,1.753819064244274,4.0970782368681995,0.0,0.0
CVNA,2023-04-17,10,Chronos-LoRA-V3,1.3860000371932983,0.6823896441252361,1.7406799117423641,4.438369466145757,0.0,0.0
CVNA,2023-04-17,20,Chronos-LoRA-V1,2.315999984741211,0.2253051359057198,1.6296556233863455,11.78587435354027,0.0,0.0
CVNA,2023-04-17,20,Chronos-LoRA-V2,2.315999984741211,0.288841136188388,1.6766099174351499,9.314292458939585,0.0,0.0
CVNA,2023-04-17,20,Chronos-LoRA-V3,2.315999984741211,0.24879569306716576,1.6545914360113856,10.898032794239429,0.0,0.0
CVNA,2023-06-14,1,Chronos-LoRA-V1,5.276000022888184,4.080572012321905,4.654458641493361,5.317178501715656,0.0,0.0
CVNA,2023-06-14,1,Chronos-LoRA-V2,5.276000022888184,4.129086014109982,4.669086951925249,5.264515276133715,0.0,1.0
CVNA,2023-06-14,1,Chronos-LoRA-V3,5.276000022888184,4.111899774568614,4.664274640990581,5.293521426071833,0.0,0.0
CVNA,2023-06-14,5,Chronos-LoRA-V1,5.107999801635742,2.3439605781346224,4.549145768800234,8.880464042282684,0.0,0.0
CVNA,2023-06-14,5,Chronos-LoRA-V2,5.107999801635742,2.491160737787416,4.622634293679249,8.466135383050784,0.0,0.0
CVNA,2023-06-14,5,Chronos-LoRA-V3,5.107999801635742,2.4235151925253815,4.579298830909388,8.65561255277678,0.0,0.0
CVNA,2023-06-14,10,Chronos-LoRA-V1,5.1479997634887695,1.1694329852513428,4.419778030964195,16.76702577140699,0.0,0.0
CVNA,2023-06-14,10,Chronos-LoRA-V2,5.1479997634887695,1.3252087907189523,4.558385873203365,15.198644639065288,0.0,0.0
CVNA,2023-06-14,10,Chronos-LoRA-V3,5.1479997634887695,1.2381019029890812,4.470189217196013,15.985008834681764,0.0,0.0
CVNA,2023-06-14,20,Chronos-LoRA-V1,7.539999961853027,0.2928430870619058,4.15964418444265,59.66122082242566,0.0,0.0
CVNA,2023-06-14,20,Chronos-LoRA-V2,7.539999961853027,0.3742779605843028,4.39815301675362,48.798481442301394,0.0,0.0
CVNA,2023-06-14,20,Chronos-LoRA-V3,7.539999961853027,0.33024654047626567,4.247667487241108,54.10793948219746,0.0,0.0
CVNA,2023-08-14,1,Chronos-LoRA-V1,7.863999843597412,7.356196803320993,8.178130682735366,9.125931101063584,0.0,0.0
CVNA,2023-08-14,1,Chronos-LoRA-V2,7.863999843597412,7.4133372717357755,8.191445939641321,9.041692980602175,0.0,0.0
CVNA,2023-08-14,1,Chronos-LoRA-V3,7.863999843597412,7.391995218267163,8.193050007355222,9.104883141897725,0.0,0.0
CVNA,2023-08-14,5,Chronos-LoRA-V1,8.067999839782715,4.652705442374823,8.01654406373117,14.193903244748798,0.0,0.0
CVNA,2023-08-14,5,Chronos-LoRA-V2,8.067999839782715,4.873805471802268,8.091432187472297,13.464109689257306,0.0,0.0
CVNA,2023-08-14,5,Chronos-LoRA-V3,8.067999839782715,4.772504978852294,8.062774196481826,13.911361909607761,0.0,0.0
CVNA,2023-08-14,10,Chronos-LoRA-V1,9.074000358581545,2.6172292614009303,7.82993607958807,24.690951868296207,0.0,0.0
CVNA,2023-08-14,10,Chronos-LoRA-V2,9.074000358581545,2.895634884004713,7.973560636623175,22.019448394753418,0.0,0.0
CVNA,2023-08-14,10,Chronos-LoRA-V3,9.074000358581545,2.740349514197833,7.906871962281911,23.683222607732848,0.0,0.0
CVNA,2023-08-14,20,Chronos-LoRA-V1,10.15999984741211,0.8463380625768621,7.4227293493772,71.22352904676006,0.0,0.0
CVNA,2023-08-14,20,Chronos-LoRA-V2,10.15999984741211,1.025212412956018,7.6877872341469216,57.74534003558716,0.0,0.0
CVNA,2023-08-14,20,Chronos-LoRA-V3,10.15999984741211,0.9346891557350431,7.566018307384848,65.37011894291483,0.0,0.0
CVNA,2023-10-12,1,Chronos-LoRA-V1,6.77400016784668,6.299642947294513,6.738582628284879,7.241062924603095,0.0,0.0
CVNA,2023-10-12,1,Chronos-LoRA-V2,6.77400016784668,6.2784832526040155,6.746855200987909,7.254347689560597,0.0,0.0
CVNA,2023-10-12,1,Chronos-LoRA-V3,6.77400016784668,6.322734589444596,6.7515488469087055,7.2365160337053105,0.0,0.0
CVNA,2023-10-12,5,Chronos-LoRA-V1,6.317999839782715,4.7309494202333715,6.612846693782296,9.494140740834839,0.0,0.0
CVNA,2023-10-12,5,Chronos-LoRA-V2,6.317999839782715,4.644473414173493,6.643090519194528,9.579608268292368,0.0,0.0
CVNA,2023-10-12,5,Chronos-LoRA-V3,6.317999839782715,4.81256914642551,6.648107060510291,9.393786019535634,0.0,0.0
CVNA,2023-10-12,10,Chronos-LoRA-V1,5.820000171661377,3.3762983535627016,6.4634342345057885,12.999737021111335,0.0,0.0
CVNA,2023-10-12,10,Chronos-LoRA-V2,5.820000171661377,3.2389311328382386,6.51035214185482,13.278833081722963,0.0,0.0
CVNA,2023-10-12,10,Chronos-LoRA-V3,5.820000171661377,3.4759596203256216,6.513566669563741,12.748343418229195,0.0,0.0
CVNA,2023-10-12,20,Chronos-LoRA-V1,6.0879998207092285,1.7007568064292686,6.178647159857043,24.595002184974536,0.0,0.0
CVNA,2023-10-12,20,Chronos-LoRA-V2,6.0879998207092285,1.5939451250799852,6.239120252871672,24.967749399019826,0.0,0.0
CVNA,2023-10-12,20,Chronos-LoRA-V3,6.0879998207092285,1.804380989299729,6.253369157724156,23.51178295801802,0.0,0.0
CVNA,2023-12-11,1,Chronos-LoRA-V1,7.900000095367432,7.3832255959855795,7.912007682122782,8.508021187758827,0.0,0.0
CVNA,2023-12-11,1,Chronos-LoRA-V2,7.900000095367432,7.360554059975859,7.9231675192541315,8.526177974855418,0.0,0.0
CVNA,2023-12-11,1,Chronos-LoRA-V3,7.900000095367432,7.401009874155956,7.925212341121016,8.515879876136738,0.0,0.0
CVNA,2023-12-11,5,Chronos-LoRA-V1,11.13599967956543,5.397310665974144,7.68616727920529,11.168283690592604,0.0,0.0
CVNA,2023-12-11,5,Chronos-LoRA-V2,11.13599967956543,5.33427461346475,7.7465466755996495,11.28018278722059,0.0,0.0
CVNA,2023-12-11,5,Chronos-LoRA-V3,11.13599967956543,5.4620086550876294,7.729810958442605,11.18581351315524,0.0,0.0
CVNA,2023-12-11,10,Chronos-LoRA-V1,10.711999893188477,3.5779435148572913,7.413251766770291,16.005329144630203,0.0,0.0
CVNA,2023-12-11,10,Chronos-LoRA-V2,10.711999893188477,3.5476237948348337,7.525295256117562,16.023959994793795,0.0,0.0
CVNA,2023-12-11,10,Chronos-LoRA-V3,10.711999893188477,3.667875817778306,7.48173475745139,15.954327170763188,0.0,0.0
CVNA,2023-12-11,20,Chronos-LoRA-V1,9.347999572753906,1.5393460433555135,6.904902982783789,33.4214492865712,0.0,0.0
CVNA,2023-12-11,20,Chronos-LoRA-V2,9.347999572753906,1.5445028763366087,7.107389250807662,32.589580917087325,0.0,0.0
CVNA,2023-12-11,20,Chronos-LoRA-V3,9.347999572753906,1.6497914947049939,7.021514342824876,32.30153525124834,0.0,0.0
CVNA,2024-02-12,1,Chronos-LoRA-V1,10.394000053405762,10.364645288153591,11.026660129330283,11.763466056997887,0.0,0.0
CVNA,2024-02-12,1,Chronos-LoRA-V2,10.394000053405762,10.34204497066883,11.043094554633965,11.793251743902307,0.0,0.0
CVNA,2024-02-12,1,Chronos-LoRA-V3,10.394000053405762,10.383111284705787,11.046558527884992,11.784201797892841,0.0,0.0
CVNA,2024-02-12,5,Chronos-LoRA-V1,10.362000465393066,8.045997873663866,10.876352531908799,14.929791267275402,0.0,0.0
CVNA,2024-02-12,5,Chronos-LoRA-V2,10.362000465393066,7.939721784431064,10.965503350002681,15.19842409269638,0.0,0.0
CVNA,2024-02-12,5,Chronos-LoRA-V3,10.362000465393066,8.109127100815673,10.938216455875956,14.999958434666095,0.0,0.0
CVNA,2024-02-12,10,Chronos-LoRA-V1,16.083999633789062,5.902951646673049,10.673669887581147,19.973186055182815,0.0,0.0
CVNA,2024-02-12,10,Chronos-LoRA-V2,16.083999633789062,5.726236377243053,10.83962731428173,20.735839510888454,0.0,0.0
CVNA,2024-02-12,10,Chronos-LoRA-V3,16.083999633789062,5.963577004331336,10.768831017639164,20.18326018055017,0.0,0.0
CVNA,2024-02-12,20,Chronos-LoRA-V1,15.255999565124512,3.261280521429837,10.271195825723536,34.57731464513878,0.0,0.0
CVNA,2024-02-12,20,Chronos-LoRA-V2,15.255999565124512,2.993083862825016,10.549879979256167,37.74000998412399,0.0,0.0
CVNA,2024-02-12,20,Chronos-LoRA-V3,15.255999565124512,3.3278973321516676,10.437077581873412,35.04640360346899,0.0,0.0
CVNA,2024-04-11,1,Chronos-LoRA-V1,14.998000144958496,15.215909002243688,16.035030968610755,16.956432098553325,1.0,0.0
CVNA,2024-04-11,1,Chronos-LoRA-V2,14.998000144958496,15.16081896528643,16.059983624440466,17.017282766104678,1.0,0.0
CVNA,2024-04-11,1,Chronos-LoRA-V3,14.998000144958496,15.23623544638378,16.061136328960686,16.98193162266737,1.0,0.0
CVNA,2024-04-11,5,Chronos-LoRA-V1,14.229999542236328,12.141027727094622,15.815028723890899,21.003796732597948,0.0,0.0
CVNA,2024-04-11,5,Chronos-LoRA-V2,14.229999542236328,11.941369307601962,15.926024720500592,21.330990482730893,0.0,0.0
CVNA,2024-04-11,5,Chronos-LoRA-V3,14.229999542236328,12.233933373020188,15.883644345230758,21.02216860768511,0.0,0.0
CVNA,2024-04-11,10,Chronos-LoRA-V1,15.5,9.196315656600202,15.524179600430482,27.401299761134993,0.0,0.0
CVNA,2024-04-11,10,Chronos-LoRA-V2,15.5,8.904980273396172,15.732304872785942,28.155306211005854,0.0,0.0
CVNA,2024-04-11,10,Chronos-LoRA-V3,15.5,9.319814725483218,15.63433877096984,27.445720787380445,0.0,0.0
CVNA,2024-04-11,20,Chronos-LoRA-V1,24.082000732421875,5.315281284497472,14.926035423944622,45.66883340272289,0.0,0.0
CVNA,2024-04-11,20,Chronos-LoRA-V2,24.082000732421875,4.939778538083099,15.303213190129197,48.290455155072046,0.0,0.0
CVNA,2024-04-11,20,Chronos-LoRA-V3,24.082000732421875,5.490071294536815,15.12572840269157,45.60773651232944,0.0,0.0
CVNA,2024-06-11,1,Chronos-LoRA-V1,22.214000701904297,20.00640621632499,20.79981159296313,21.699986338535723,0.0,1.0
CVNA,2024-06-11,1,Chronos-LoRA-V2,22.214000701904297,19.91032714328306,20.831888221965286,21.813898779520883,0.0,1.0
CVNA,2024-06-11,1,Chronos-LoRA-V3,22.214000701904297,20.027786481572658,20.836386227580096,21.746656726117585,0.0,1.0
CVNA,2024-06-11,5,Chronos-LoRA-V1,22.1560001373291,17.094980851733148,20.65102583217223,25.42212234164159,0.0,0.0
CVNA,2024-06-11,5,Chronos-LoRA-V2,22.1560001373291,16.666090451764664,20.809439688400417,26.151409666841495,0.0,0.0
CVNA,2024-06-11,5,Chronos-LoRA-V3,22.1560001373291,17.172739019295353,20.775920894267824,25.643563045615547,0.0,0.0
CVNA,2024-06-11,10,Chronos-LoRA-V1,25.31999969482422,14.121064465508468,20.453925980633727,30.950511549610187,0.0,0.0
CVNA,2024-06-11,10,Chronos-LoRA-V2,25.31999969482422,13.417786274095983,20.755897745922933,32.696830065926086,0.0,0.0
CVNA,2024-06-11,10,Chronos-LoRA-V3,25.31999969482422,14.209550405157348,20.6632382673687,31.467988605574053,0.0,0.0
CVNA,2024-06-11,20,Chronos-LoRA-V1,25.98600006103516,9.536507045661756,20.071923406795435,45.98937340792921,0.0,0.0
CVNA,2024-06-11,20,Chronos-LoRA-V2,25.98600006103516,8.629987088900107,20.640488138569363,50.98400864996908,0.0,0.0
CVNA,2024-06-11,20,Chronos-LoRA-V3,25.98600006103516,9.681862442214497,20.464565402679156,47.226744452331324,0.0,0.0
CVNA,2024-08-09,1,Chronos-LoRA-V1,26.69599914550781,25.91856407050366,27.147399454936725,28.556970850669764,0.0,0.0
CVNA,2024-08-09,1,Chronos-LoRA-V2,26.69599914550781,25.776675308537495,27.210381666491383,28.7489600989436,0.0,0.0
CVNA,2024-08-09,1,Chronos-LoRA-V3,26.69599914550781,25.93727259066053,27.20228264402822,28.629629956933297,0.0,0.0
CVNA,2024-08-09,5,Chronos-LoRA-V1,31.18600082397461,21.390447857324585,26.94963822280311,34.706301564302805,0.0,0.0
CVNA,2024-08-09,5,Chronos-LoRA-V2,31.18600082397461,20.781486605228366,27.245944544136123,35.97121218853545,0.0,0.0
CVNA,2024-08-09,5,Chronos-LoRA-V3,31.18600082397461,21.461755998049615,27.12532622936387,34.98308203273654,0.0,0.0
CVNA,2024-08-09,10,Chronos-LoRA-V1,31.95599937438965,16.877679958791617,26.732923186833148,44.38895746885101,0.0,0.0
CVNA,2024-08-09,10,Chronos-LoRA-V2,31.95599937438965,15.915039357288995,27.306949630363867,47.61974861717656,0.0,0.0
CVNA,2024-08-09,10,Chronos-LoRA-V3,31.95599937438965,16.94993031484117,27.029427976076363,45.046404617524125,0.0,0.0
CVNA,2024-08-09,20,Chronos-LoRA-V1,27.09600067138672,10.269024245062553,26.35135385622508,74.2938303929922,0.0,0.0
CVNA,2024-08-09,20,Chronos-LoRA-V2,27.09600067138672,9.16123512190721,27.39417519508681,84.17321461804542,0.0,0.0
CVNA,2024-08-09,20,Chronos-LoRA-V3,27.09600067138672,10.367939905457105,26.904684640660236,75.98882145366197,0.0,0.0
CVNA,2024-10-09,1,Chronos-LoRA-V1,38.31399917602539,36.71384040627648,38.09192103395093,39.64825315562325,0.0,0.0
CVNA,2024-10-09,1,Chronos-LoRA-V2,38.31399917602539,36.59882432671942,38.146147268136815,39.77554290011122,0.0,0.0
CVNA,2024-10-09,1,Chronos-LoRA-V3,38.31399917602539,36.74191792362252,38.145494956306656,39.70687269621167,0.0,0.0
CVNA,2024-10-09,5,Chronos-LoRA-V1,38.68000030517578,31.876782398775983,38.31097990085432,46.822683909648475,0.0,0.0
CVNA,2024-10-09,5,Chronos-LoRA-V2,38.68000030517578,31.41765233892933,38.572353356475126,47.56128688873443,0.0,0.0
CVNA,2024-10-09,5,Chronos-LoRA-V3,38.68000030517578,32.02349532019275,38.480140543380664,47.01248880980568,0.0,0.0
CVNA,2024-10-09,10,Chronos-LoRA-V1,39.46799850463867,26.819551168914575,38.55745445805088,57.59481933962756,0.0,0.0
CVNA,2024-10-09,10,Chronos-LoRA-V2,39.46799850463867,26.076922791381023,39.05588677222782,59.28479086491031,0.0,0.0
CVNA,2024-10-09,10,Chronos-LoRA-V3,39.46799850463867,26.9840227324261,38.84404017637743,58.07582395546314,0.0,0.0
CVNA,2024-10-09,20,Chronos-LoRA-V1,47.7859992980957,18.898905282334443,39.02267657249535,86.09037733791986,0.0,0.0
CVNA,2024-10-09,20,Chronos-LoRA-V2,47.7859992980957,17.799377448263904,39.95327607344332,91.55811896115887,0.0,0.0
CVNA,2024-10-09,20,Chronos-LoRA-V3,47.7859992980957,19.170160566386194,39.60709984990702,87.49198806521154,0.0,0.0
CVNA,2024-12-06,1,Chronos-LoRA-V1,48.805999755859375,48.960297590271644,50.344589084697304,51.94070793457143,1.0,0.0
CVNA,2024-12-06,1,Chronos-LoRA-V2,48.805999755859375,48.74606825917328,50.42942392610932,52.24419673964147,0.0,0.0
CVNA,2024-12-06,1,Chronos-LoRA-V3,48.805999755859375,49.000263611770855,50.422818817067615,52.02316741422639,1.0,0.0
CVNA,2024-12-06,5,Chronos-LoRA-V1,49.650001525878906,44.25276703040816,50.76413630175123,59.01187720473762,0.0,0.0
CVNA,2024-12-06,5,Chronos-LoRA-V2,49.650001525878906,43.265221949901786,51.14189349101675,60.80299209931134,0.0,0.0
CVNA,2024-12-06,5,Chronos-LoRA-V3,49.650001525878906,44.41721736709658,51.00626176331602,59.317812703211665,0.0,0.0
CVNA,2024-12-06,10,Chronos-LoRA-V1,44.891998291015625,39.18526303280593,51.23922229205923,69.16028012405842,0.0,0.0
CVNA,2024-12-06,10,Chronos-LoRA-V2,44.891998291015625,37.4165573876409,51.960429318661554,73.35335440603755,0.0,0.0
CVNA,2024-12-06,10,Chronos-LoRA-V3,44.891998291015625,39.40132539744198,51.64205762308922,69.82324456504575,0.0,0.0
CVNA,2024-12-06,20,Chronos-LoRA-V1,39.66999816894531,30.468824067963883,52.52807735372324,95.44401143781045,0.0,0.0
CVNA,2024-12-06,20,Chronos-LoRA-V2,39.66999816894531,27.747662115163443,53.79830558726195,106.88609323586412,0.0,0.0
CVNA,2024-12-06,20,Chronos-LoRA-V3,39.66999816894531,30.894711699378828,53.34806155466125,97.0235097548371,0.0,0.0
CVNA,2025-02-07,1,Chronos-LoRA-V1,53.5620002746582,51.583449249475066,53.041256140168365,54.56161270597412,0.0,0.0
CVNA,2025-02-07,1,Chronos-LoRA-V2,53.5620002746582,51.36939738217316,53.09653163321867,54.876968781609406,0.0,0.0
CVNA,2025-02-07,1,Chronos-LoRA-V3,53.5620002746582,51.60476235395495,53.09397478370815,54.67713141613298,0.0,0.0
CVNA,2025-02-07,5,Chronos-LoRA-V1,57.06600189208984,46.853674072006115,53.825547909981154,61.95721040425489,0.0,0.0
CVNA,2025-02-07,5,Chronos-LoRA-V2,57.06600189208984,45.9252270652834,54.13616716196362,63.75513256031491,0.0,0.0
CVNA,2025-02-07,5,Chronos-LoRA-V3,57.06600189208984,46.97989738674103,54.0220848894186,62.449059348664285,0.0,0.0
CVNA,2025-02-07,10,Chronos-LoRA-V1,43.130001068115234,41.90511512252483,54.79791014848082,72.31122083472452,0.0,0.0
CVNA,2025-02-07,10,Chronos-LoRA-V2,43.130001068115234,40.191295179933626,55.393568250171874,76.60281194942623,0.0,0.0
CVNA,2025-02-07,10,Chronos-LoRA-V3,43.130001068115234,41.98224252548293,55.149861226166934,73.5680508207814,0.0,0.0
CVNA,2025-02-07,20,Chronos-LoRA-V1,34.321998596191406,33.06455958725614,56.72167808067533,98.52396566462645,0.0,0.0
CVNA,2025-02-07,20,Chronos-LoRA-V2,34.321998596191406,30.25637032177546,57.94630580404939,111.00337572508575,0.0,0.0
CVNA,2025-02-07,20,Chronos-LoRA-V3,34.321998596191406,33.15031966892076,57.425484397464174,101.93883119395501,0.0,0.0
CVNA,2025-04-09,1,Chronos-LoRA-V1,40.73199844360352,39.74026585771922,44.300093654359955,49.300721077859485,0.0,0.0
CVNA,2025-04-09,1,Chronos-LoRA-V2,40.73199844360352,40.19309515897643,44.424857337839526,48.91820351302559,0.0,0.0
CVNA,2025-04-09,1,Chronos-LoRA-V3,40.73199844360352,40.23958533494247,44.36614287362585,48.888481714693214,0.0,0.0
CVNA,2025-04-09,5,Chronos-LoRA-V1,41.86000061035156,26.04478191120351,44.94917221087885,77.0258639629511,0.0,0.0
CVNA,2025-04-09,5,Chronos-LoRA-V2,41.86000061035156,27.56548035351453,45.59595542681185,74.01726798026635,0.0,0.0
CVNA,2025-04-09,5,Chronos-LoRA-V3,41.86000061035156,27.60513546325156,45.16464192780513,73.45598383822986,0.0,0.0
CVNA,2025-04-09,10,Chronos-LoRA-V1,47.00400161743164,15.386419012856786,45.912731823331534,133.9736135913706,0.0,0.0
CVNA,2025-04-09,10,Chronos-LoRA-V2,47.00400161743164,17.247545716434082,47.10948404850203,122.28780303902978,0.0,0.0
CVNA,2025-04-09,10,Chronos-LoRA-V3,47.00400161743164,17.16278868712006,46.24849639771861,121.42150728857663,0.0,0.0
CVNA,2025-04-09,20,Chronos-LoRA-V1,57.10599899291992,5.285986933473146,47.62527723837112,411.2873556464194,0.0,0.0
CVNA,2025-04-09,20,Chronos-LoRA-V2,57.10599899291992,6.8316209445601235,49.978221668255195,329.74373087366575,0.0,0.0
CVNA,2025-04-09,20,Chronos-LoRA-V3,57.10599899291992,6.551495118183865,48.274845513505596,339.5594807568446,0.0,0.0
CVNA,2025-06-09,1,Chronos-LoRA-V1,67.69999694824219,66.24672041947599,68.34125734015454,70.43814942349883,0.0,0.0
CVNA,2025-06-09,1,Chronos-LoRA-V2,67.69999694824219,66.12355050562951,68.40739614178923,70.66684000166983,0.0,0.0
CVNA,2025-06-09,1,Chronos-LoRA-V3,67.69999694824219,66.33395897298648,68.38803420178192,70.47110124466288,0.0,0.0
CVNA,2025-06-09,5,Chronos-LoRA-V1,58.0099983215332,59.65493398597247,69.75560196214269,81.03227399524604,1.0,0.0
CVNA,2025-06-09,5,Chronos-LoRA-V2,58.0099983215332,59.143443146569474,70.04728420498996,82.39268523935789,1.0,0.0
CVNA,2025-06-09,5,Chronos-LoRA-V3,58.0099983215332,60.106349945368166,69.89360538771516,81.08211456413684,1.0,0.0
CVNA,2025-06-09,10,Chronos-LoRA-V1,64.59400177001953,52.563024919358305,71.56027086052914,96.65319571241496,0.0,0.0
CVNA,2025-06-09,10,Chronos-LoRA-V2,64.59400177001953,51.61311825426834,72.1161678680489,99.7042698064809,0.0,0.0
CVNA,2025-06-09,10,Chronos-LoRA-V3,64.59400177001953,53.22908813693579,71.75713475923838,96.77398669028649,0.0,0.0
CVNA,2025-06-09,20,Chronos-LoRA-V1,70.21800231933594,40.016627727989196,75.44292497027328,139.6695902663459,0.0,0.0
CVNA,2025-06-09,20,Chronos-LoRA-V2,70.21800231933594,38.97778347084201,76.3316865648426,146.2033777762361,0.0,0.0
CVNA,2025-06-09,20,Chronos-LoRA-V3,70.21800231933594,41.06745132761814,75.77790699415546,139.6244180348555,0.0,0.0
CVNA,2025-08-08,1,Chronos-LoRA-V1,69.05000305175781,67.1192086068289,69.79631063780901,72.6265719537959,0.0,0.0
CVNA,2025-08-08,1,Chronos-LoRA-V2,69.05000305175781,67.07187350796866,69.83512008242297,72.6693714905147,0.0,0.0
CVNA,2025-08-08,1,Chronos-LoRA-V3,69.05000305175781,67.22035657230668,69.86566004343966,72.66173828383867,0.0,0.0
CVNA,2025-08-08,5,Chronos-LoRA-V1,69.99800109863281,58.330427135407795,70.89134534144114,86.51914878975883,0.0,0.0
CVNA,2025-08-08,5,Chronos-LoRA-V2,69.99800109863281,58.14004319738261,71.09658639914451,86.81611187687791,0.0,0.0
CVNA,2025-08-08,5,Chronos-LoRA-V3,69.99800109863281,58.72879301287822,71.10800020028559,86.54426803778799,0.0,0.0
CVNA,2025-08-08,10,Chronos-LoRA-V1,71.56199645996094,48.918457020096426,72.30254886970232,107.85362108026715,0.0,0.0
CVNA,2025-08-08,10,Chronos-LoRA-V2,71.56199645996094,48.701908435883674,72.70598970657903,108.15481145593233,0.0,0.0
CVNA,2025-08-08,10,Chronos-LoRA-V3,71.56199645996094,49.53518172977211,72.66905475523457,107.78925809624103,0.0,0.0
CVNA,2025-08-08,20,Chronos-LoRA-V1,74.44200134277344,33.51389135136056,75.03075193771123,170.9721643252789,0.0,0.0
CVNA,2025-08-08,20,Chronos-LoRA-V2,74.44200134277344,33.75316705800238,75.74772764057717,168.80360693180126,0.0,0.0
CVNA,2025-08-08,20,Chronos-LoRA-V3,74.44200134277344,34.354616969228196,75.66562382986984,170.21046793586655,0.0,0.0
CVNA,2025-10-07,1,Chronos-LoRA-V1,72.18199920654297,71.5473937605177,74.29827156167592,77.19433237377606,0.0,0.0
CVNA,2025-10-07,1,Chronos-LoRA-V2,72.18199920654297,71.58928583533493,74.3572496406816,77.16990130751189,0.0,0.0
CVNA,2025-10-07,1,Chronos-LoRA-V3,72.18199920654297,71.66726094310532,74.35977431749973,77.1844805222728,0.0,0.0
CVNA,2025-10-07,5,Chronos-LoRA-V1,69.18199920654297,62.1662834304956,75.17122161124529,91.15462560734964,0.0,0.0
CVNA,2025-10-07,5,Chronos-LoRA-V2,69.18199920654297,62.43051775824078,75.46828522694344,91.0345636043341,0.0,0.0
CVNA,2025-10-07,5,Chronos-LoRA-V3,69.18199920654297,62.69040825731961,75.35096559113762,90.910456095525,0.0,0.0
CVNA,2025-10-07,10,Chronos-LoRA-V1,71.17400360107422,52.25096979225963,76.30076859750876,112.00184509377732,0.0,0.0
CVNA,2025-10-07,10,Chronos-LoRA-V2,71.17400360107422,52.69275631621481,76.87620484083929,111.63269390100686,0.0,0.0
CVNA,2025-10-07,10,Chronos-LoRA-V3,71.17400360107422,52.945653208866,76.60094158136403,111.5918202721595,0.0,0.0
CVNA,2025-10-07,20,Chronos-LoRA-V1,61.95800018310547,36.90524614571345,78.3524118413576,166.61341733785585,0.0,0.0
CVNA,2025-10-07,20,Chronos-LoRA-V2,61.95800018310547,37.44955245541476,79.56840189385196,166.59663490542442,0.0,0.0
CVNA,2025-10-07,20,Chronos-LoRA-V3,61.95800018310547,37.80597614442089,78.94873863422573,166.0223759588496,0.0,0.0
CVNA,2025-12-05,1,Chronos-LoRA-V1,89.59600067138672,77.26002254377069,80.30823767105373,83.46979258042849,0.0,1.0
CVNA,2025-12-05,1,Chronos-LoRA-V2,89.59600067138672,77.27765357377666,80.3845775478268,83.5206355054798,0.0,1.0
CVNA,2025-12-05,1,Chronos-LoRA-V3,89.59600067138672,77.33555963020571,80.38287882739374,83.55158241683206,0.0,1.0
CVNA,2025-12-05,5,Chronos-LoRA-V1,91.13600158691406,67.2487267649962,81.62755360542712,99.13976851053687,0.0,0.0
CVNA,2025-12-05,5,Chronos-LoRA-V2,91.13600158691406,67.38873218018514,82.03522578903133,99.49676050692032,0.0,0.0
CVNA,2025-12-05,5,Chronos-LoRA-V3,91.13600158691406,67.55165662829782,81.87463493334126,99.47955622113572,0.0,0.0
CVNA,2025-12-05,10,Chronos-LoRA-V1,90.04399871826172,56.32493984697412,83.33930689456562,123.36495961488497,0.0,0.0
CVNA,2025-12-05,10,Chronos-LoRA-V2,90.04399871826172,56.82764195945838,84.11379411947836,123.52628594083804,0.0,0.0
CVNA,2025-12-05,10,Chronos-LoRA-V3,90.04399871826172,56.816492419237456,83.75750736319078,123.96882646510345,0.0,0.0
CVNA,2025-12-05,20,Chronos-LoRA-V1,88.08799743652344,38.77900094104288,86.617598477279,192.72527063972137,0.0,0.0
CVNA,2025-12-05,20,Chronos-LoRA-V2,88.08799743652344,39.982174540018704,88.20652147307042,191.12774704804903,0.0,0.0
CVNA,2025-12-05,20,Chronos-LoRA-V3,88.08799743652344,39.571172875819805,87.41027602377514,193.91046291828604,0.0,0.0
CVNA,2026-02-05,1,Chronos-LoRA-V1,80.73400115966797,73.58945317626035,77.01596444033207,80.49230948447186,0.0,1.0
CVNA,2026-02-05,1,Chronos-LoRA-V2,80.73400115966797,73.7322526166389,77.08895358277043,80.46044217133561,0.0,1.0
CVNA,2026-02-05,1,Chronos-LoRA-V3,80.73400115966797,73.80227388959116,77.07870528590342,80.45349573162514,0.0,1.0
CVNA,2026-02-05,5,Chronos-LoRA-V1,68.8280029296875,62.501274532163535,78.08311497796291,96.95898017935765,0.0,0.0
CVNA,2026-02-05,5,Chronos-LoRA-V2,68.8280029296875,62.96916292882593,78.52289879836124,97.15748353559465,0.0,0.0
CVNA,2026-02-05,5,Chronos-LoRA-V3,68.8280029296875,63.20231781966574,78.26813643765388,96.65087705836208,0.0,0.0
CVNA,2026-02-05,10,Chronos-LoRA-V1,67.3239974975586,51.010840389579556,79.47060938167152,121.93965133086519,0.0,0.0
CVNA,2026-02-05,10,Chronos-LoRA-V2,67.3239974975586,51.814243066528014,80.32897438176128,122.35005075877349,0.0,0.0
CVNA,2026-02-05,10,Chronos-LoRA-V3,67.3239974975586,51.98828019168473,79.79572624493167,121.44146482498104,0.0,0.0
CVNA,2026-02-05,20,Chronos-LoRA-V1,63.540000915527344,33.43134575890945,82.12497335070992,195.4920895783527,0.0,0.0
CVNA,2026-02-05,20,Chronos-LoRA-V2,63.540000915527344,34.811616715111136,83.77880838300034,194.3643770613103,0.0,0.0
CVNA,2026-02-05,20,Chronos-LoRA-V3,63.540000915527344,34.67803626661408,82.71551246586753,193.794813190435,0.0,0.0
CVNA,2026-04-08,1,Chronos-LoRA-V1,65.38600158691406,65.13490075496857,67.95504165380417,70.79027422991005,0.0,0.0
CVNA,2026-04-08,1,Chronos-LoRA-V2,65.38600158691406,65.20189078916681,68.00472815585337,70.80819430358073,0.0,0.0
CVNA,2026-04-08,1,Chronos-LoRA-V3,65.38600158691406,65.2362271001363,67.99688151570108,70.8025749344571,0.0,0.0
CVNA,2026-04-08,5,Chronos-LoRA-V1,74.21600341796875,55.35243040950133,68.64872287257721,84.38240118404059,0.0,0.0
CVNA,2026-04-08,5,Chronos-LoRA-V2,74.21600341796875,55.8607939231627,68.98552194665417,84.54339560707274,0.0,0.0
CVNA,2026-04-08,5,Chronos-LoRA-V3,74.21600341796875,55.80286711166551,68.76832765052495,84.2998508062305,0.0,0.0
CVNA,2026-04-08,10,Chronos-LoRA-V1,83.35800170898438,44.760562397406545,69.59152700548098,105.89510651592943,0.0,0.0
CVNA,2026-04-08,10,Chronos-LoRA-V2,83.35800170898438,45.96426334762396,70.19292805163218,105.3082887664317,0.0,0.0
CVNA,2026-04-08,10,Chronos-LoRA-V3,83.35800170898438,45.53776785389607,69.7707692754108,105.41258338236955,0.0,0.0
CVNA,2026-04-08,20,Chronos-LoRA-V1,77.8759994506836,28.644696721990936,71.31264286923833,171.11881421376683,0.0,0.0
CVNA,2026-04-08,20,Chronos-LoRA-V2,77.8759994506836,30.453961565135675,72.36661862612236,166.02134223231027,0.0,0.0
CVNA,2026-04-08,20,Chronos-LoRA-V3,77.8759994506836,29.86334795110653,71.63598332279366,167.92086854733384,0.0,0.0
CVNA,2026-06-05,1,Chronos-LoRA-V1,69.44999694824219,63.891923859104715,66.6697804101679,69.46634748402253,0.0,0.0
CVNA,2026-06-05,1,Chronos-LoRA-V2,69.44999694824219,63.79065509790884,66.73367108154225,69.66645001542265,0.0,0.0
CVNA,2026-06-05,1,Chronos-LoRA-V3,69.44999694824219,63.91289198315759,66.72834837680729,69.57032217631536,0.0,0.0
CVNA,2026-06-05,5,Chronos-LoRA-V1,64.0999984741211,54.205398199779914,67.44605814292649,83.13192032628457,0.0,0.0
CVNA,2026-06-05,5,Chronos-LoRA-V2,64.0999984741211,53.872214700931835,67.67064959968253,84.23132331718544,0.0,0.0
CVNA,2026-06-05,5,Chronos-LoRA-V3,64.0999984741211,54.191064620754304,67.54800025229947,83.5806011338509,0.0,0.0
CVNA,2026-06-05,10,Chronos-LoRA-V1,66.66999816894531,42.421727047730016,68.46279665980846,107.69977337775342,0.0,0.0
CVNA,2026-06-05,10,Chronos-LoRA-V2,66.66999816894531,43.149786066700294,68.87127312793471,107.59436056540407,0.0,0.0
CVNA,2026-06-05,10,Chronos-LoRA-V3,66.66999816894531,42.9504259681864,68.61508998029099,107.35358030501374,0.0,0.0
CVNA,2026-06-05,20,Chronos-LoRA-V1,67.48999786376953,22.73263966584623,70.7964329209334,204.20086253507054,0.0,0.0
CVNA,2026-06-05,20,Chronos-LoRA-V2,67.48999786376953,25.726435207107283,71.36334106441164,186.87054674908543,0.0,0.0
CVNA,2026-06-05,20,Chronos-LoRA-V3,67.48999786376953,24.404883726975292,70.96389230625388,193.6384836222941,0.0,0.0
CVNA,2026-08-06,1,Chronos-LoRA-V1,70.8499984741211,64.91356064007803,68.53218789176746,72.13868201390021,0.0,0.0
CVNA,2026-08-06,1,Chronos-LoRA-V2,70.8499984741211,65.34236839248332,68.59105318875147,71.80263048823171,0.0,0.0
CVNA,2026-08-06,1,Chronos-LoRA-V3,70.8499984741211,65.15322061021273,68.58670141093215,72.0081336445109,0.0,0.0
CVNA,2026-08-06,5,Chronos-LoRA-V1,73.69999694824219,52.92458197705017,69.29729796890435,89.17029830015227,0.0,0.0
CVNA,2026-08-06,5,Chronos-LoRA-V2,73.69999694824219,54.625897888130844,69.58176324457487,87.3942482389926,0.0,0.0
CVNA,2026-08-06,5,Chronos-LoRA-V3,73.69999694824219,53.787208489638445,69.4395030924353,88.38861024013792,0.0,0.0
CVNA,2026-08-06,10,Chronos-LoRA-V1,71.5199966430664,41.095599095022436,70.2686853007189,116.03378002877446,0.0,0.0
CVNA,2026-08-06,10,Chronos-LoRA-V2,71.5199966430664,43.81371708701602,70.7902488064186,111.34395053250678,0.0,0.0
CVNA,2026-08-06,10,Chronos-LoRA-V3,71.5199966430664,42.27363700022272,70.49477017633411,114.20236904429247,0.0,0.0
CVNA,2026-08-06,20,Chronos-LoRA-V1,73.43000030517578,24.56717075300106,71.99846491087735,198.0480872949451,0.0,0.0
CVNA,2026-08-06,20,Chronos-LoRA-V2,73.43000030517578,27.899523403286672,72.97135201105262,181.4116664469373,0.0,0.0
CVNA,2026-08-06,20,Chronos-LoRA-V3,73.43000030517578,26.03143489344186,72.37898982772555,191.35386755325374,0.0,0.0
PLUG,2011-03-11,1,Chronos-LoRA-V1,6.199999809265137,6.203507263515751,6.4663957007014385,6.757158523264143,1.0,0.0
PLUG,2011-03-11,1,Chronos-LoRA-V2,6.199999809265137,6.215634819186962,6.48248800626026,6.764233119707418,1.0,0.0
PLUG,2011-03-11,1,Chronos-LoRA-V3,6.199999809265137,6.211162411381751,6.476861168239932,6.7686362162686535,1.0,0.0
PLUG,2011-03-11,5,Chronos-LoRA-V1,6.199999809265137,5.124890760866174,6.3343717341100385,7.937430197099283,0.0,0.0
PLUG,2011-03-11,5,Chronos-LoRA-V2,6.199999809265137,5.196550477333628,6.407514495161449,7.943413952183487,0.0,0.0
PLUG,2011-03-11,5,Chronos-LoRA-V3,6.199999809265137,5.154489315534027,6.370726015137463,7.982088870477663,0.0,0.0
PLUG,2011-03-11,10,Chronos-LoRA-V1,6.5,4.01634734223077,6.184246197585914,9.761402515098704,0.0,0.0
PLUG,2011-03-11,10,Chronos-LoRA-V2,6.5,4.15311381703601,6.311939368805568,9.679396551169969,0.0,0.0
PLUG,2011-03-11,10,Chronos-LoRA-V3,6.5,4.068069105237548,6.242278359235169,9.825200358470045,0.0,0.0
PLUG,2011-03-11,20,Chronos-LoRA-V1,6.800000190734863,2.404067285778262,5.895573403976789,15.072835758614826,0.0,0.0
PLUG,2011-03-11,20,Chronos-LoRA-V2,6.800000190734863,2.6211592844125455,6.114058161051209,14.455499820380311,0.0,0.0
PLUG,2011-03-11,20,Chronos-LoRA-V3,6.800000190734863,2.5138565388872487,5.993458101300474,14.927486428405805,0.0,0.0
PLUG,2011-07-05,1,Chronos-LoRA-V1,2.259999990463257,2.129548038739008,2.2705372884707864,2.4233287603985953,0.0,0.0
PLUG,2011-07-05,1,Chronos-LoRA-V2,2.259999990463257,2.1578972884368612,2.2735266012780877,2.3925852076528016,0.0,0.0
PLUG,2011-07-05,1,Chronos-LoRA-V3,2.259999990463257,2.1417666800070774,2.272551256412679,2.4130252973177724,0.0,0.0
PLUG,2011-07-05,5,Chronos-LoRA-V1,2.0799999237060547,1.5894452540398012,2.2306430493606904,3.155544184657111,0.0,0.0
PLUG,2011-07-05,5,Chronos-LoRA-V2,2.0799999237060547,1.7208560958601187,2.2441795631097547,2.923462586354631,0.0,0.0
PLUG,2011-07-05,5,Chronos-LoRA-V3,2.0799999237060547,1.6443078446065398,2.2356117275519463,3.060576880794195,0.0,0.0
PLUG,2011-07-05,10,Chronos-LoRA-V1,2.2799999713897705,1.0906407438279704,2.1873449719844658,4.446752976125729,0.0,0.0
PLUG,2011-07-05,10,Chronos-LoRA-V2,2.2799999713897705,1.2981272173373197,2.2081436700655552,3.745062845504644,0.0,0.0
PLUG,2011-07-05,10,Chronos-LoRA-V3,2.2799999713897705,1.1732008842521429,2.1934397457549304,4.141811666803607,0.0,0.0
PLUG,2011-07-05,20,Chronos-LoRA-V1,2.119999885559082,0.575287924463619,2.079045528923263,7.7195335017805,0.0,0.0
PLUG,2011-07-05,20,Chronos-LoRA-V2,2.119999885559082,0.7357372732817063,2.123435835731713,6.108627106365693,0.0,0.0
PLUG,2011-07-05,20,Chronos-LoRA-V3,2.119999885559082,0.6416167365351658,2.095301369563721,7.011214307693281,0.0,0.0
PLUG,2011-10-25,1,Chronos-LoRA-V1,2.0299999713897705,2.0523329295364117,2.160832201827466,2.277505206753345,1.0,0.0
PLUG,2011-10-25,1,Chronos-LoRA-V2,2.0299999713897705,2.055479872235225,2.1643157556399855,2.2768520125845244,1.0,0.0
PLUG,2011-10-25,1,Chronos-LoRA-V3,2.0299999713897705,2.056976959565147,2.163562865801536,2.2783214643545846,1.0,0.0
PLUG,2011-10-25,5,Chronos-LoRA-V1,2.119999885559082,1.6271181647723216,2.1233619493677516,2.789477235069406,0.0,0.0
PLUG,2011-10-25,5,Chronos-LoRA-V2,2.119999885559082,1.650669927633182,2.1402628393680305,2.770931357717891,0.0,0.0
PLUG,2011-10-25,5,Chronos-LoRA-V3,2.119999885559082,1.6450569367466519,2.132291989215532,2.784582927654525,0.0,0.0
PLUG,2011-10-25,10,Chronos-LoRA-V1,2.1700000762939453,1.203160899827245,2.0815421284321904,3.6332064294079216,0.0,0.0
PLUG,2011-10-25,10,Chronos-LoRA-V2,2.1700000762939453,1.2536729385283123,2.1117321815431396,3.5406137412868453,0.0,0.0
PLUG,2011-10-25,10,Chronos-LoRA-V3,2.1700000762939453,1.2290982924011227,2.096908492045128,3.614476008606539,0.0,0.0
PLUG,2011-10-25,20,Chronos-LoRA-V1,2.140000104904175,0.6407812969629281,1.9997071126494843,6.37196605701876,0.0,0.0
PLUG,2011-10-25,20,Chronos-LoRA-V2,2.140000104904175,0.704091619456485,2.0472853100443773,5.903087265655189,0.0,0.0
PLUG,2011-10-25,20,Chronos-LoRA-V3,2.140000104904175,0.6669213988211561,2.02635161755451,6.294657591591053,0.0,0.0
PLUG,2012-02-17,1,Chronos-LoRA-V1,2.3299999237060547,2.181903918571251,2.3036168536038106,2.4342029182548264,0.0,0.0
PLUG,2012-02-17,1,Chronos-LoRA-V2,2.3299999237060547,2.196833300868541,2.3058819040373004,2.4195994042363527,0.0,0.0
PLUG,2012-02-17,1,Chronos-LoRA-V3,2.3299999237060547,2.1893187747615412,2.3060069873087308,2.432101057885011,0.0,0.0
PLUG,2012-02-17,5,Chronos-LoRA-V1,2.4200000762939453,1.6950242298205964,2.2727923267241,3.064915260700044,0.0,0.0
PLUG,2012-02-17,5,Chronos-LoRA-V2,2.4200000762939453,1.782720229668595,2.28673029488255,2.935602665308348,0.0,0.0
PLUG,2012-02-17,5,Chronos-LoRA-V3,2.4200000762939453,1.7309762050990505,2.2804297754300027,3.0285071737140634,0.0,0.0
PLUG,2012-02-17,10,Chronos-LoRA-V1,2.059999942779541,1.1886316305235771,2.234944545988591,4.2736946713025254,0.0,0.0
PLUG,2012-02-17,10,Chronos-LoRA-V2,2.059999942779541,1.3627602881115142,2.2611857401080253,3.757906965469645,0.0,0.0
PLUG,2012-02-17,10,Chronos-LoRA-V3,2.059999942779541,1.25141369633823,2.2474333505760447,4.102949962590226,0.0,0.0
PLUG,2012-02-17,20,Chronos-LoRA-V1,1.7699999809265137,0.5104093615558113,2.1687964330712304,9.79784707385742,0.0,0.0
PLUG,2012-02-17,20,Chronos-LoRA-V2,1.7699999809265137,0.7630719001474968,2.205845237017359,6.415240210167345,0.0,0.0
PLUG,2012-02-17,20,Chronos-LoRA-V3,1.7699999809265137,0.5973386588084048,2.1863364200368656,8.330420578677796,0.0,0.0
PLUG,2012-06-12,1,Chronos-LoRA-V1,1.1799999475479126,1.1134173905248559,1.1654478098837366,1.2203342567047575,0.0,0.0
PLUG,2012-06-12,1,Chronos-LoRA-V2,1.1799999475479126,1.1220294435365559,1.1666246074630888,1.2135328408004222,0.0,0.0
PLUG,2012-06-12,1,Chronos-LoRA-V3,1.1799999475479126,1.1181145868600495,1.1664060347780485,1.218375888127882,0.0,0.0
PLUG,2012-06-12,5,Chronos-LoRA-V1,1.149999976158142,0.9076159526247234,1.1458228978920268,1.4494510044183904,0.0,0.0
PLUG,2012-06-12,5,Chronos-LoRA-V2,1.149999976158142,0.9451383166032619,1.1524985493424564,1.409416025691569,0.0,0.0
PLUG,2012-06-12,5,Chronos-LoRA-V3,1.149999976158142,0.9251230851473943,1.1488598760639928,1.434796147747272,0.0,0.0
PLUG,2012-06-12,10,Chronos-LoRA-V1,1.1200000047683716,0.6952465264643487,1.1225513650609091,1.8245998269189112,0.0,0.0
PLUG,2012-06-12,10,Chronos-LoRA-V2,1.1200000047683716,0.7622364799501071,1.1349401139743769,1.700490691096706,0.0,0.0
PLUG,2012-06-12,10,Chronos-LoRA-V3,1.1200000047683716,0.7245752988074625,1.1278439481304943,1.7753326666547549,0.0,0.0
PLUG,2012-06-12,20,Chronos-LoRA-V1,1.100000023841858,0.39576944676604286,1.071047789939407,2.9169480360710205,0.0,0.0
PLUG,2012-06-12,20,Chronos-LoRA-V2,1.100000023841858,0.48362023462911735,1.095267555008289,2.478250012335227,0.0,0.0
PLUG,2012-06-12,20,Chronos-LoRA-V3,1.100000023841858,0.436021515541125,1.0815558844569282,2.719913588747124,0.0,0.0
PLUG,2012-10-03,1,Chronos-LoRA-V1,0.8500000238418579,0.8083982503936434,0.8369510016945565,0.8663964628473898,0.0,0.0
PLUG,2012-10-03,1,Chronos-LoRA-V2,0.8500000238418579,0.8076366711684944,0.837594797101389,0.8678740997181109,0.0,0.0
PLUG,2012-10-03,1,Chronos-LoRA-V3,0.8500000238418579,0.8094652270845042,0.8376934327384373,0.866831281538187,0.0,0.0
PLUG,2012-10-03,5,Chronos-LoRA-V1,0.8600000143051147,0.6946842628838352,0.82396009420675,0.9786523991113016,0.0,0.0
PLUG,2012-10-03,5,Chronos-LoRA-V2,0.8600000143051147,0.6902714547765475,0.8277893439599554,0.9901659871157724,0.0,0.0
PLUG,2012-10-03,5,Chronos-LoRA-V3,0.8600000143051147,0.6985021386237812,0.8264197773312898,0.9799928721864801,0.0,0.0
PLUG,2012-10-03,10,Chronos-LoRA-V1,0.8100000023841858,0.5767233297243876,0.8083898754050245,1.1395664014886944,0.0,0.0
PLUG,2012-10-03,10,Chronos-LoRA-V2,0.8100000023841858,0.5685050933361047,0.8158836716009426,1.1656965726236646,0.0,0.0
PLUG,2012-10-03,10,Chronos-LoRA-V3,0.8100000023841858,0.5816671613310463,0.8125376548601436,1.14302251669462,0.0,0.0
PLUG,2012-10-03,20,Chronos-LoRA-V1,0.7900000214576721,0.399055823790937,0.7782477113013668,1.5320738481439142,0.0,0.0
PLUG,2012-10-03,20,Chronos-LoRA-V2,0.7900000214576721,0.3858612540563614,0.7908673796021453,1.6064871939945453,0.0,0.0
PLUG,2012-10-03,20,Chronos-LoRA-V3,0.7900000214576721,0.40412296579132995,0.7857892130168764,1.5455200165944458,0.0,0.0
PLUG,2013-01-30,1,Chronos-LoRA-V1,0.449999988079071,0.42984872926935974,0.45802549854464536,0.4872306627089795,0.0,0.0
PLUG,2013-01-30,1,Chronos-LoRA-V2,0.449999988079071,0.43274930473973083,0.4585309463031022,0.4850182557290978,0.0,0.0
PLUG,2013-01-30,1,Chronos-LoRA-V3,0.449999988079071,0.4317853941465841,0.4584622878602375,0.48612636434336687,0.0,0.0
PLUG,2013-01-30,5,Chronos-LoRA-V1,0.3700000047683716,0.3258285873832239,0.4504116712667193,0.6157079617030454,0.0,0.0
PLUG,2013-01-30,5,Chronos-LoRA-V2,0.3700000047683716,0.338109950513718,0.4528818212594385,0.6004882676552151,0.0,0.0
PLUG,2013-01-30,5,Chronos-LoRA-V3,0.3700000047683716,0.3333549653544216,0.45148823035295965,0.6060376585433401,0.0,0.0
PLUG,2013-01-30,10,Chronos-LoRA-V1,0.25,0.22974801839210207,0.441527519387476,0.8304995514936938,0.0,0.0
PLUG,2013-01-30,10,Chronos-LoRA-V2,0.25,0.24863509781083143,0.44593818940876645,0.7837648811217588,0.0,0.0
PLUG,2013-01-30,10,Chronos-LoRA-V3,0.25,0.2397938006989835,0.4431546712081206,0.8031730772482621,0.0,0.0
PLUG,2013-01-30,20,Chronos-LoRA-V1,0.1700000017881393,0.11376652831600398,0.4223089111515313,1.5087838693117397,0.0,0.0
PLUG,2013-01-30,20,Chronos-LoRA-V2,0.1700000017881393,0.13280450959933277,0.4294651078692861,1.3414056334082614,0.0,0.0
PLUG,2013-01-30,20,Chronos-LoRA-V3,0.1700000017881393,0.12382307149776746,0.4250776457931048,1.4089072307010266,0.0,0.0
PLUG,2013-05-23,1,Chronos-LoRA-V1,0.3300000131130218,0.25165621678983896,0.2788185718661474,0.3086135383172925,0.0,1.0
PLUG,2013-05-23,1,Chronos-LoRA-V2,0.3300000131130218,0.25472164519375895,0.27926839634383543,0.30553098194275263,0.0,1.0
PLUG,2013-05-23,1,Chronos-LoRA-V3,0.3300000131130218,0.25381119897093424,0.27915359840607956,0.3071234046164797,0.0,1.0
PLUG,2013-05-23,5,Chronos-LoRA-V1,0.3799999952316284,0.16368990992970453,0.2738199646221581,0.45481097347654803,0.0,0.0
PLUG,2013-05-23,5,Chronos-LoRA-V2,0.3799999952316284,0.1744648688408994,0.2763599653957035,0.4332942743642432,0.0,0.0
PLUG,2013-05-23,5,Chronos-LoRA-V3,0.3799999952316284,0.1703390377495364,0.2744307118487954,0.44190683308364703,0.0,0.0
PLUG,2013-05-23,10,Chronos-LoRA-V1,0.3799999952316284,0.09538489559984704,0.2685394756981543,0.7413701035387672,0.0,0.0
PLUG,2013-05-23,10,Chronos-LoRA-V2,0.3799999952316284,0.10909153829057161,0.27303134838685844,0.6645503196372261,0.0,0.0
PLUG,2013-05-23,10,Chronos-LoRA-V3,0.3799999952316284,0.10311949677839884,0.26940805326561024,0.6963178177935986,0.0,0.0
PLUG,2013-05-23,20,Chronos-LoRA-V1,0.4199999868869781,0.029601933978560546,0.2565624473143525,2.1808497238252946,0.0,0.0
PLUG,2013-05-23,20,Chronos-LoRA-V2,0.4199999868869781,0.04086729176740749,0.2638740875889598,1.6213866334128317,0.0,0.0
PLUG,2013-05-23,20,Chronos-LoRA-V3,0.4199999868869781,0.03444565403668805,0.2580504845692753,1.9156677466090792,0.0,0.0
PLUG,2013-09-16,1,Chronos-LoRA-V1,0.5899999737739563,0.5576668739007082,0.6183127878929805,0.6839019861005085,0.0,0.0
PLUG,2013-09-16,1,Chronos-LoRA-V2,0.5899999737739563,0.5632094983732833,0.6192458581410512,0.6777466622351699,0.0,0.0
PLUG,2013-09-16,1,Chronos-LoRA-V3,0.5899999737739563,0.5618099359728751,0.6190572040455411,0.6807117085922235,0.0,0.0
PLUG,2013-09-16,5,Chronos-LoRA-V1,0.5799999833106995,0.3641955214462425,0.6107362135346145,1.0126806994877484,0.0,0.0
PLUG,2013-09-16,5,Chronos-LoRA-V2,0.5799999833106995,0.38290052237757627,0.6166329758823624,0.9736439448970682,0.0,0.0
PLUG,2013-09-16,5,Chronos-LoRA-V3,0.5799999833106995,0.378479974921878,0.6123767986290668,0.9815188755849253,0.0,0.0
PLUG,2013-09-16,10,Chronos-LoRA-V1,0.7400000095367432,0.21913679266392272,0.6036877539709976,1.6211290322393923,0.0,0.0
PLUG,2013-09-16,10,Chronos-LoRA-V2,0.7400000095367432,0.23974416926078948,0.6143494637535484,1.5076838956735277,0.0,0.0
PLUG,2013-09-16,10,Chronos-LoRA-V3,0.7400000095367432,0.23435182359694656,0.6058604535736095,1.5294933661490653,0.0,0.0
PLUG,2013-09-16,20,Chronos-LoRA-V1,0.6399999856948853,0.07783488611591977,0.5864996838947663,4.2199802028068065,0.0,0.0
PLUG,2013-09-16,20,Chronos-LoRA-V2,0.6399999856948853,0.09240947700810877,0.6050305108929601,3.6546240296379633,0.0,0.0
PLUG,2013-09-16,20,Chronos-LoRA-V3,0.6399999856948853,0.0896173341503114,0.5895184992241238,3.714855116685919,0.0,0.0
PLUG,2014-01-08,1,Chronos-LoRA-V1,3.319999933242798,4.038651915410548,4.545574286843742,5.173371047228198,1.0,0.0
PLUG,2014-01-08,1,Chronos-LoRA-V2,3.319999933242798,4.069094149810563,4.562695696708224,5.129368117487413,1.0,0.0
PLUG,2014-01-08,1,Chronos-LoRA-V3,3.319999933242798,4.07070730963164,4.555515867670991,5.134489197139068,1.0,0.0
PLUG,2014-01-08,5,Chronos-LoRA-V1,3.799999952316284,2.504164469547501,4.503916480727014,8.314887382782643,0.0,0.0
PLUG,2014-01-08,5,Chronos-LoRA-V2,3.799999952316284,2.6067599225904194,4.588822913837775,8.194280768725784,0.0,0.0
PLUG,2014-01-08,5,Chronos-LoRA-V3,3.799999952316284,2.5947435003324077,4.530071740090621,8.121841879909033,0.0,0.0
PLUG,2014-01-08,10,Chronos-LoRA-V1,3.0799999237060547,1.3429656818094673,4.45792607759355,15.271283598106658,0.0,0.0
PLUG,2014-01-08,10,Chronos-LoRA-V2,3.0799999237060547,1.4878356933545074,4.613136745153142,14.542549735150939,0.0,0.0
PLUG,2014-01-08,10,Chronos-LoRA-V3,3.0799999237060547,1.4380119280219876,4.499844142353252,14.562045066644835,0.0,0.0
PLUG,2014-01-08,20,Chronos-LoRA-V1,3.180000066757202,0.3694050880726291,4.35463393286086,54.95567987319515,0.0,0.0
PLUG,2014-01-08,20,Chronos-LoRA-V2,3.180000066757202,0.48142429331487585,4.620663683233528,46.43782655080871,0.0,0.0
PLUG,2014-01-08,20,Chronos-LoRA-V3,3.180000066757202,0.42134602389754555,4.423709195903596,50.51906238067897,0.0,0.0
PLUG,2014-05-02,1,Chronos-LoRA-V1,4.059999942779541,3.9799966912198363,4.4952235642440455,5.072150600862844,0.0,0.0
PLUG,2014-05-02,1,Chronos-LoRA-V2,4.059999942779541,4.058165419058671,4.506646478483146,4.992176608600385,0.0,0.0
PLUG,2014-05-02,1,Chronos-LoRA-V3,4.059999942779541,4.023245606624112,4.503500341097095,5.0389779426826316,0.0,0.0
PLUG,2014-05-02,5,Chronos-LoRA-V1,3.7200000286102295,2.3462588647966616,4.464117950540426,8.339248730522467,0.0,0.0
PLUG,2014-05-02,5,Chronos-LoRA-V2,3.7200000286102295,2.657604887855384,4.526458385937403,7.615461097280956,0.0,0.0
PLUG,2014-05-02,5,Chronos-LoRA-V3,3.7200000286102295,2.528301152284475,4.491479240349723,7.933007723627463,0.0,0.0
PLUG,2014-05-02,10,Chronos-LoRA-V1,4.289999961853027,1.193051688394351,4.42265238534732,15.904485352865382,0.0,0.0
PLUG,2014-05-02,10,Chronos-LoRA-V2,4.289999961853027,1.5628476313119253,4.552923909885061,12.917373758657629,0.0,0.0
PLUG,2014-05-02,10,Chronos-LoRA-V3,4.289999961853027,1.3861185227851367,4.475827463190246,14.225241175775277,0.0,0.0
PLUG,2014-05-02,20,Chronos-LoRA-V1,4.380000114440918,0.3106974053746391,4.365357929115254,56.75752694000309,0.0,0.0
PLUG,2014-05-02,20,Chronos-LoRA-V2,4.380000114440918,0.5108714252451771,4.590191380541473,39.029306074313865,0.0,0.0
PLUG,2014-05-02,20,Chronos-LoRA-V3,4.380000114440918,0.41349352567776215,4.450253694034909,46.65996003804562,0.0,0.0
PLUG,2014-08-25,1,Chronos-LoRA-V1,5.75,5.753551353807353,6.002697020616916,6.274546692841165,1.0,0.0
PLUG,2014-08-25,1,Chronos-LoRA-V2,5.75,5.7258206900309885,6.016931185847505,6.319924001496198,0.0,0.0
PLUG,2014-08-25,1,Chronos-LoRA-V3,5.75,5.760723511241075,6.014215295664664,6.289256329041143,1.0,0.0
PLUG,2014-08-25,5,Chronos-LoRA-V1,5.420000076293945,4.818660421781621,5.966174085353869,7.458839786271209,0.0,0.0
PLUG,2014-08-25,5,Chronos-LoRA-V2,5.420000076293945,4.71301770801456,6.034199036113447,7.7229850847988475,0.0,0.0
PLUG,2014-08-25,5,Chronos-LoRA-V3,5.420000076293945,4.847569781369848,6.005504401469009,7.524216479892884,0.0,0.0
PLUG,2014-08-25,10,Chronos-LoRA-V1,5.269999980926514,3.899086412309089,5.904997984332315,9.178440004105033,0.0,0.0
PLUG,2014-08-25,10,Chronos-LoRA-V2,5.269999980926514,3.715966333768055,6.0376211715534716,9.864896925094625,0.0,0.0
PLUG,2014-08-25,10,Chronos-LoRA-V3,5.269999980926514,3.922672414061093,5.975716697085053,9.380572978827612,0.0,0.0
PLUG,2014-08-25,20,Chronos-LoRA-V1,4.579999923706055,2.433134693443515,5.810479292113035,14.412410696427365,0.0,0.0
PLUG,2014-08-25,20,Chronos-LoRA-V2,4.579999923706055,2.264319503720275,6.044648615577588,16.156791191107352,0.0,0.0
PLUG,2014-08-25,20,Chronos-LoRA-V3,4.579999923706055,2.465366488298744,5.9365776719334065,14.977871897112358,0.0,0.0
PLUG,2014-12-16,1,Chronos-LoRA-V1,2.940000057220459,2.5937331699630413,2.718037766119765,2.8555500754323186,0.0,1.0
PLUG,2014-12-16,1,Chronos-LoRA-V2,2.940000057220459,2.579409406447571,2.726615181638473,2.88269093628995,0.0,1.0
PLUG,2014-12-16,1,Chronos-LoRA-V3,2.940000057220459,2.598898283639527,2.7250104469696366,2.8628337635936614,0.0,1.0
PLUG,2014-12-16,5,Chronos-LoRA-V1,3.059999942779541,2.1214144756579243,2.670422429829249,3.393601930553945,0.0,0.0
PLUG,2014-12-16,5,Chronos-LoRA-V2,3.059999942779541,2.0613059025637006,2.7096360968533486,3.562106785649528,0.0,0.0
PLUG,2014-12-16,5,Chronos-LoRA-V3,3.059999942779541,2.1416432914371906,2.694078960996844,3.426036367710425,0.0,0.0
PLUG,2014-12-16,10,Chronos-LoRA-V1,3.0,1.652015288687887,2.6116364397037843,4.239803170742299,0.0,0.0
PLUG,2014-12-16,10,Chronos-LoRA-V2,3.0,1.565573218670533,2.686320764247312,4.6345213546225,0.0,0.0
PLUG,2014-12-16,10,Chronos-LoRA-V3,3.0,1.6803900353973582,2.652703541733991,4.314091176376196,0.0,0.0
PLUG,2014-12-16,20,Chronos-LoRA-V1,2.549999952316284,0.9335564097779125,2.517948739237458,7.050456770265751,0.0,0.0
PLUG,2014-12-16,20,Chronos-LoRA-V2,2.549999952316284,0.88194188210543,2.6448147168584994,7.933132450209646,0.0,0.0
PLUG,2014-12-16,20,Chronos-LoRA-V3,2.549999952316284,0.9788060935089815,2.5879816880450144,7.162312607061132,0.0,0.0
PLUG,2015-04-13,1,Chronos-LoRA-V1,2.6700000762939453,2.5013268392603654,2.58645982927768,2.6764387800090086,0.0,0.0
PLUG,2015-04-13,1,Chronos-LoRA-V2,2.6700000762939453,2.4950207548098393,2.591613827170413,2.6921920851697227,0.0,0.0
PLUG,2015-04-13,1,Chronos-LoRA-V3,2.6700000762939453,2.505092664503242,2.591385378858136,2.682506622120611,0.0,0.0
PLUG,2015-04-13,5,Chronos-LoRA-V1,2.720000028610229,2.1676525028248124,2.5733969070262646,3.0671894197529443,0.0,0.0
PLUG,2015-04-13,5,Chronos-LoRA-V2,2.720000028610229,2.1441058395019743,2.5976811556359025,3.145410097820305,0.0,0.0
PLUG,2015-04-13,5,Chronos-LoRA-V3,2.720000028610229,2.1866852669761623,2.590429645832489,3.0833944425060476,0.0,0.0
PLUG,2015-04-13,10,Chronos-LoRA-V1,2.5899999141693115,1.8179660825913713,2.5556819071663632,3.655447952644432,0.0,0.0
PLUG,2015-04-13,10,Chronos-LoRA-V2,2.5899999141693115,1.7798469862126403,2.600699842422934,3.824871645216144,0.0,0.0
PLUG,2015-04-13,10,Chronos-LoRA-V3,2.5899999141693115,1.8496178855548109,2.5853241787619927,3.6818383538456647,0.0,0.0
PLUG,2015-04-13,20,Chronos-LoRA-V1,2.549999952316284,1.2735913331458861,2.5260666888435694,5.158146898491398,0.0,0.0
PLUG,2015-04-13,20,Chronos-LoRA-V2,2.549999952316284,1.2107087472914977,2.6098284472921054,5.6644721953214505,0.0,0.0
PLUG,2015-04-13,20,Chronos-LoRA-V3,2.549999952316284,1.3218588644368205,2.582360500786726,5.208128529534236,0.0,0.0
PLUG,2015-08-04,1,Chronos-LoRA-V1,2.7799999713897705,2.608426356344079,2.714380427215649,2.8360703821934834,0.0,0.0
PLUG,2015-08-04,1,Chronos-LoRA-V2,2.7799999713897705,2.5977532896238893,2.7208929366086743,2.8520576216703573,0.0,0.0
PLUG,2015-08-04,1,Chronos-LoRA-V3,2.7799999713897705,2.6123633302018257,2.719758917533322,2.840084313802117,0.0,0.0
PLUG,2015-08-04,5,Chronos-LoRA-V1,2.3299999237060547,2.2102332533480804,2.6859990565337246,3.330217134650855,0.0,0.0
PLUG,2015-08-04,5,Chronos-LoRA-V2,2.3299999237060547,2.1635118751792213,2.7187558344245364,3.432043286206008,0.0,0.0
PLUG,2015-08-04,5,Chronos-LoRA-V3,2.3299999237060547,2.2253226021986663,2.7049790847765975,3.3444260588378465,0.0,0.0
PLUG,2015-08-04,10,Chronos-LoRA-V1,2.259999990463257,1.8111611790832685,2.6498587256929347,4.057127440288443,0.0,0.0
PLUG,2015-08-04,10,Chronos-LoRA-V2,2.259999990463257,1.7316229930299647,2.713292934358733,4.303413365949931,0.0,0.0
PLUG,2015-08-04,10,Chronos-LoRA-V3,2.259999990463257,1.8303024789392988,2.6829353832920644,4.092730100569265,0.0,0.0
PLUG,2015-08-04,20,Chronos-LoRA-V1,1.659999966621399,1.255297889711231,2.5815893865135515,5.764754287170196,0.0,0.0
PLUG,2015-08-04,20,Chronos-LoRA-V2,1.659999966621399,1.1310442383585735,2.6970956499909797,6.5709720990987055,0.0,0.0
PLUG,2015-08-04,20,Chronos-LoRA-V3,1.659999966621399,1.2740837314776812,2.6464364820067643,5.912698072945294,0.0,0.0
PLUG,2015-11-24,1,Chronos-LoRA-V1,2.069999933242798,1.837960405412387,1.935467230409908,2.0395101463890897,0.0,1.0
PLUG,2015-11-24,1,Chronos-LoRA-V2,2.069999933242798,1.837536108685084,1.9396224266172275,2.0447214383253747,0.0,1.0
PLUG,2015-11-24,1,Chronos-LoRA-V3,2.069999933242798,1.8437467545481971,1.9385607598175354,2.0398241406956887,0.0,1.0
PLUG,2015-11-24,5,Chronos-LoRA-V1,2.109999895095825,1.4774975629220777,1.9155543588552837,2.4927188495507306,0.0,0.0
PLUG,2015-11-24,5,Chronos-LoRA-V2,2.109999895095825,1.477872374115414,1.9359552059640275,2.5236721537996916,0.0,0.0
PLUG,2015-11-24,5,Chronos-LoRA-V3,2.109999895095825,1.4990951223212021,1.9257941813420962,2.487999779530591,0.0,0.0
PLUG,2015-11-24,10,Chronos-LoRA-V1,1.9900000095367432,1.1262038376369399,1.8923067348608866,3.2258210458493175,0.0,0.0
PLUG,2015-11-24,10,Chronos-LoRA-V2,1.9900000095367432,1.1268608667145634,1.9309833677918313,3.2833690940442164,0.0,0.0
PLUG,2015-11-24,10,Chronos-LoRA-V3,1.9900000095367432,1.1501471395148717,1.9101907551458623,3.224983032712327,0.0,0.0
PLUG,2015-11-24,20,Chronos-LoRA-V1,2.2699999809265137,0.595232961147332,1.847963768595615,5.855813569378634,0.0,0.0
PLUG,2015-11-24,20,Chronos-LoRA-V2,2.2699999809265137,0.6359567679124032,1.9193528339852,5.675569965849655,0.0,0.0
PLUG,2015-11-24,20,Chronos-LoRA-V3,2.2699999809265137,0.6264957837381082,1.8824060753936873,5.768794926968049,0.0,0.0
PLUG,2016-03-21,1,Chronos-LoRA-V1,2.0799999237060547,1.9696363382037718,2.0625471135625575,2.162259771610894,0.0,0.0
PLUG,2016-03-21,1,Chronos-LoRA-V2,2.0799999237060547,1.9700972951331142,2.0654134499403414,2.1629659921913182,0.0,0.0
PLUG,2016-03-21,1,Chronos-LoRA-V3,2.0799999237060547,1.9747731398460955,2.0649852935869912,2.1609824657908665,0.0,0.0
PLUG,2016-03-21,5,Chronos-LoRA-V1,2.0799999237060547,1.6065722310549917,2.0293547554230975,2.5796142525766994,0.0,0.0
PLUG,2016-03-21,5,Chronos-LoRA-V2,2.0799999237060547,1.6136125525666838,2.0443276363403906,2.5809430935663045,0.0,0.0
PLUG,2016-03-21,5,Chronos-LoRA-V3,2.0799999237060547,1.6270617670291723,2.03776236713288,2.5650455963116663,0.0,0.0
PLUG,2016-03-21,10,Chronos-LoRA-V1,2.0,1.2292374922257048,1.990827921818466,3.267993871148008,0.0,0.0
PLUG,2016-03-21,10,Chronos-LoRA-V2,2.0,1.2514044057876315,2.0186599101,3.23101138946497,0.0,0.0
PLUG,2016-03-21,10,Chronos-LoRA-V3,2.0,1.261439272037457,2.0042287274553168,3.2171015649728547,0.0,0.0
PLUG,2016-03-21,20,Chronos-LoRA-V1,2.0999999046325684,0.7049582688923061,1.9073812703476443,5.253819997614041,0.0,0.0
PLUG,2016-03-21,20,Chronos-LoRA-V2,2.0999999046325684,0.7395203889314864,1.9607277142285522,5.113806790825893,0.0,0.0
PLUG,2016-03-21,20,Chronos-LoRA-V3,2.0999999046325684,0.7417151515997901,1.9311274447317592,5.093729070600091,0.0,0.0
PLUG,2016-07-13,1,Chronos-LoRA-V1,1.7300000190734863,1.6838981328709308,1.7347516189033503,1.7896166889363148,0.0,0.0
PLUG,2016-07-13,1,Chronos-LoRA-V2,1.7300000190734863,1.683451447218424,1.7364444442694615,1.7909075548120441,0.0,0.0
PLUG,2016-07-13,1,Chronos-LoRA-V3,1.7300000190734863,1.6847218863292024,1.7362054853255535,1.791270095634469,0.0,0.0
PLUG,2016-07-13,5,Chronos-LoRA-V1,1.7899999618530271,1.4743374519226629,1.71130669163114,2.0061355045638867,0.0,0.0
PLUG,2016-07-13,5,Chronos-LoRA-V2,1.7899999618530271,1.474431066252446,1.7204364900439852,2.0117927269807536,0.0,0.0
PLUG,2016-07-13,5,Chronos-LoRA-V3,1.7899999618530271,1.4780691112746107,1.7165578488554272,2.0107666303258536,0.0,0.0
PLUG,2016-07-13,10,Chronos-LoRA-V1,1.7899999618530271,1.2547834775441764,1.6815903637615335,2.300497009047053,0.0,0.0
PLUG,2016-07-13,10,Chronos-LoRA-V2,1.7899999618530271,1.25233474709187,1.6998160768390662,2.3163728909575902,0.0,0.0
PLUG,2016-07-13,10,Chronos-LoRA-V3,1.7899999618530271,1.2584484515472047,1.6908176648476907,2.3126853784751744,0.0,0.0
PLUG,2016-07-13,20,Chronos-LoRA-V1,1.7000000476837158,0.873182406837737,1.6228497364608139,3.110808639073714,0.0,0.0
PLUG,2016-07-13,20,Chronos-LoRA-V2,1.7000000476837158,0.8859279417080022,1.6540027206419545,3.113540683858171,0.0,0.0
PLUG,2016-07-13,20,Chronos-LoRA-V3,1.7000000476837158,0.8835608327895257,1.639340804901637,3.1266028797391496,0.0,0.0
PLUG,2016-11-02,1,Chronos-LoRA-V1,1.4800000190734863,1.422260408967438,1.4751162614022422,1.5304916581496264,0.0,0.0
PLUG,2016-11-02,1,Chronos-LoRA-V2,1.4800000190734863,1.4277641034764932,1.4768773147221044,1.5264480792287871,0.0,0.0
PLUG,2016-11-02,1,Chronos-LoRA-V3,1.4800000190734863,1.4254341970722608,1.4764180339204085,1.5297096713783653,0.0,0.0
PLUG,2016-11-02,5,Chronos-LoRA-V1,1.25,1.2111144715065854,1.45491837329551,1.7555756110749403,0.0,0.0
PLUG,2016-11-02,5,Chronos-LoRA-V2,1.25,1.2368179453668688,1.4635665689819615,1.7297122259619018,0.0,0.0
PLUG,2016-11-02,5,Chronos-LoRA-V3,1.25,1.2247549020150117,1.459152401518434,1.7452110039867943,0.0,0.0
PLUG,2016-11-02,10,Chronos-LoRA-V1,1.4800000190734863,0.9900402835946104,1.4310175814796284,2.0884763641421484,0.0,0.0
PLUG,2016-11-02,10,Chronos-LoRA-V2,1.4800000190734863,1.0349561287213511,1.4465246843381299,2.0178660726004933,0.0,0.0
PLUG,2016-11-02,10,Chronos-LoRA-V3,1.4800000190734863,1.0123444426465797,1.437694378701333,2.0600329836567504,0.0,0.0
PLUG,2016-11-02,20,Chronos-LoRA-V1,1.4199999570846558,0.6355359705687467,1.3866017748742834,3.0692047112788443,0.0,0.0
PLUG,2016-11-02,20,Chronos-LoRA-V2,1.4199999570846558,0.7092099955519985,1.4114989864469567,2.7959317110241937,0.0,0.0
PLUG,2016-11-02,20,Chronos-LoRA-V3,1.4199999570846558,0.6707731758928274,1.3964232812042612,2.9539347893331964,0.0,0.0
PLUG,2017-02-28,1,Chronos-LoRA-V1,1.0700000524520874,1.021063225824506,1.077032400810164,1.1353982544182057,0.0,0.0
PLUG,2017-02-28,1,Chronos-LoRA-V2,1.0700000524520874,1.0261147990343262,1.0780567443558238,1.1309321864555322,0.0,0.0
PLUG,2017-02-28,1,Chronos-LoRA-V3,1.0700000524520874,1.0252858568679266,1.0778954180462954,1.1328166007284792,0.0,0.0
PLUG,2017-02-28,5,Chronos-LoRA-V1,1.0700000524520874,0.8099274115169639,1.0639222978472773,1.3980074472261768,0.0,0.0
PLUG,2017-02-28,5,Chronos-LoRA-V2,1.0700000524520874,0.8341569953567549,1.070130384743016,1.3675676113466486,0.0,0.0
PLUG,2017-02-28,5,Chronos-LoRA-V3,1.0700000524520874,0.8267285214319033,1.066486533742292,1.377229391812078,0.0,0.0
PLUG,2017-02-28,10,Chronos-LoRA-V1,1.0299999713897705,0.6051994743376168,1.049675114954252,1.8223276715348684,0.0,0.0
PLUG,2017-02-28,10,Chronos-LoRA-V2,1.0299999713897705,0.6451068915217926,1.0606151357813896,1.7296445349794176,0.0,0.0
PLUG,2017-02-28,10,Chronos-LoRA-V3,1.0299999713897705,0.6292191765266396,1.053533879675725,1.7644671076376375,0.0,0.0
PLUG,2017-02-28,20,Chronos-LoRA-V1,1.5,0.33931307138094374,1.0168850443463406,3.050923898054172,0.0,0.0
PLUG,2017-02-28,20,Chronos-LoRA-V2,1.5,0.38780686944667736,1.0366190338167927,2.736961207060592,0.0,0.0
PLUG,2017-02-28,20,Chronos-LoRA-V3,1.5,0.36477930711838136,1.023901281160412,2.8782548065524427,0.0,0.0
PLUG,2017-06-21,1,Chronos-LoRA-V1,2.2100000381469727,2.0389408264570843,2.1453511401362086,2.260255701748494,0.0,0.0
PLUG,2017-06-21,1,Chronos-LoRA-V2,2.2100000381469727,2.0462801570404596,2.1478559051273365,2.2542164875233253,0.0,0.0
PLUG,2017-06-21,1,Chronos-LoRA-V3,2.2100000381469727,2.0453746550422496,2.1477181846729603,2.2577807711464004,0.0,0.0
PLUG,2017-06-21,5,Chronos-LoRA-V1,2.130000114440918,1.650075326199593,2.1255947309088574,2.7604033506721373,0.0,0.0
PLUG,2017-06-21,5,Chronos-LoRA-V2,2.130000114440918,1.6822534180669872,2.139271217300249,2.7242460930423325,0.0,0.0
PLUG,2017-06-21,5,Chronos-LoRA-V3,2.130000114440918,1.674701854350485,2.133027103273488,2.7363889293676844,0.0,0.0
PLUG,2017-06-21,10,Chronos-LoRA-V1,2.069999933242798,1.2704304840779665,2.1012595634798616,3.5360164278317243,0.0,0.0
PLUG,2017-06-21,10,Chronos-LoRA-V2,2.069999933242798,1.321320246230893,2.128289175988229,3.4363298645410767,0.0,0.0
PLUG,2017-06-21,10,Chronos-LoRA-V3,2.069999933242798,1.3044547043998778,2.114136599716711,3.4782864597541905,0.0,0.0
PLUG,2017-06-21,20,Chronos-LoRA-V1,2.119999885559082,0.7752487648070346,2.0463549551619797,5.547938159200925,0.0,0.0
PLUG,2017-06-21,20,Chronos-LoRA-V2,2.119999885559082,0.827480798579274,2.0949469678707655,5.310595124518022,0.0,0.0
PLUG,2017-06-21,20,Chronos-LoRA-V3,2.119999885559082,0.8108509106210954,2.068758143497093,5.4184128962504285,0.0,0.0
PLUG,2017-10-12,1,Chronos-LoRA-V1,2.799999952316284,2.7684851209528767,2.866191934596975,2.97200001998966,0.0,0.0
PLUG,2017-10-12,1,Chronos-LoRA-V2,2.799999952316284,2.7608753289434693,2.8690357072188144,2.9805469554181196,0.0,0.0
PLUG,2017-10-12,1,Chronos-LoRA-V3,2.799999952316284,2.770026301145417,2.869629239003726,2.9768479222980866,0.0,0.0
PLUG,2017-10-12,5,Chronos-LoRA-V1,2.5299999713897705,2.3958260578869828,2.850273620175502,3.418715410139611,0.0,0.0
PLUG,2017-10-12,5,Chronos-LoRA-V2,2.5299999713897705,2.3668092278441955,2.866743796930517,3.470995942856515,0.0,0.0
PLUG,2017-10-12,5,Chronos-LoRA-V3,2.5299999713897705,2.4026151653722705,2.8612611798902443,3.436942675259343,0.0,0.0
PLUG,2017-10-12,10,Chronos-LoRA-V1,2.690000057220459,1.9836846370279686,2.8321652897150846,4.105065867775491,0.0,0.0
PLUG,2017-10-12,10,Chronos-LoRA-V2,2.690000057220459,1.9467761319515664,2.8644918766561682,4.200881644787608,0.0,0.0
PLUG,2017-10-12,10,Chronos-LoRA-V3,2.690000057220459,1.9980107333849697,2.8507384134865372,4.133301456101186,0.0,0.0
PLUG,2017-10-12,20,Chronos-LoRA-V1,2.509999990463257,1.3438276984532853,2.8011339339058865,6.0041239184029775,0.0,0.0
PLUG,2017-10-12,20,Chronos-LoRA-V2,2.509999990463257,1.3104471258163728,2.8592341173537683,6.192050714250775,0.0,0.0
PLUG,2017-10-12,20,Chronos-LoRA-V3,2.509999990463257,1.3547665600531316,2.8304907340407155,6.088304656525562,0.0,0.0
PLUG,2018-02-06,1,Chronos-LoRA-V1,1.9800000190734863,1.7687086750494407,1.8360646018377418,1.9068854359953158,0.0,1.0
PLUG,2018-02-06,1,Chronos-LoRA-V2,1.9800000190734863,1.7708151714994034,1.8379807532326995,1.9063970835211255,0.0,1.0
PLUG,2018-02-06,1,Chronos-LoRA-V3,1.9800000190734863,1.7717501255016108,1.8379469977741585,1.9074743314419957,0.0,1.0
PLUG,2018-02-06,5,Chronos-LoRA-V1,1.7799999713897705,1.5125411326225129,1.819338929361312,2.1920539368277616,0.0,0.0
PLUG,2018-02-06,5,Chronos-LoRA-V2,1.7799999713897705,1.5223765959594544,1.8307470171881264,2.1941077748357127,0.0,0.0
PLUG,2018-02-06,5,Chronos-LoRA-V3,1.7799999713897705,1.5249365224737303,1.8256367625952752,2.1922342503462526,0.0,0.0
PLUG,2018-02-06,10,Chronos-LoRA-V1,1.9900000095367432,1.2466036521505597,1.799097175108848,2.6049439032897848,0.0,0.0
PLUG,2018-02-06,10,Chronos-LoRA-V2,1.9900000095367432,1.2631960063747107,1.8219332690671197,2.606101907169752,0.0,0.0
PLUG,2018-02-06,10,Chronos-LoRA-V3,1.9900000095367432,1.264074446340644,1.810012469940026,2.60612707168735,0.0,0.0
PLUG,2018-02-06,20,Chronos-LoRA-V1,1.830000042915344,0.8398287074009969,1.7559302804668826,3.683353193561281,0.0,0.0
PLUG,2018-02-06,20,Chronos-LoRA-V2,1.830000042915344,0.8660503435794228,1.7967321214894558,3.6625374603166034,0.0,0.0
PLUG,2018-02-06,20,Chronos-LoRA-V3,1.830000042915344,0.8658064704781784,1.7758804660365268,3.6773747917908612,0.0,0.0
PLUG,2018-05-31,1,Chronos-LoRA-V1,1.8899999856948853,1.7881197519670837,1.8657985524082557,1.9490821927972861,0.0,0.0
PLUG,2018-05-31,1,Chronos-LoRA-V2,1.8899999856948853,1.7938959852235434,1.868445128752167,1.9452482577172394,0.0,0.0
PLUG,2018-05-31,1,Chronos-LoRA-V3,1.8899999856948853,1.79344396525699,1.8678932487808653,1.9476653809047684,0.0,0.0
PLUG,2018-05-31,5,Chronos-LoRA-V1,1.850000023841858,1.494818814061806,1.8492579154576883,2.298588267283625,0.0,0.0
PLUG,2018-05-31,5,Chronos-LoRA-V2,1.850000023841858,1.5197159596023044,1.8623916789707222,2.2792497079874496,0.0,0.0
PLUG,2018-05-31,5,Chronos-LoRA-V3,1.850000023841858,1.5169004476267969,1.8557962118339966,2.283868590480128,0.0,0.0
PLUG,2018-05-31,10,Chronos-LoRA-V1,1.9900000095367432,1.188806754879719,1.8306156506645994,2.849283702681074,0.0,0.0
PLUG,2018-05-31,10,Chronos-LoRA-V2,1.9900000095367432,1.2341690591605858,1.8563728115743399,2.7819556661413323,0.0,0.0
PLUG,2018-05-31,10,Chronos-LoRA-V3,1.9900000095367432,1.2238929200942938,1.8419102667855356,2.8074386785305525,0.0,0.0
PLUG,2018-05-31,20,Chronos-LoRA-V1,1.9900000095367432,0.7475979387806763,1.7906707761768705,4.372770413975354,0.0,0.0
PLUG,2018-05-31,20,Chronos-LoRA-V2,1.9900000095367432,0.8055244470986198,1.8387673408600962,4.151784928825738,0.0,0.0
PLUG,2018-05-31,20,Chronos-LoRA-V3,1.9900000095367432,0.793365053264242,1.8103845242307735,4.230158830027181,0.0,0.0
PLUG,2018-09-21,1,Chronos-LoRA-V1,1.8799999952316284,1.8362857447531356,1.8967370076222723,1.9606820977195745,0.0,0.0
PLUG,2018-09-21,1,Chronos-LoRA-V2,1.8799999952316284,1.8369833684322063,1.8988805373054727,1.962653642212887,0.0,0.0
PLUG,2018-09-21,1,Chronos-LoRA-V3,1.8799999952316284,1.83911938931319,1.8983548681727171,1.9614912094114918,0.0,0.0
PLUG,2018-09-21,5,Chronos-LoRA-V1,1.919999957084656,1.6086100310743103,1.8822860502813137,2.2118691108358823,0.0,0.0
PLUG,2018-09-21,5,Chronos-LoRA-V2,1.919999957084656,1.6048335143259438,1.8932479479219644,2.2327135491869137,0.0,0.0
PLUG,2018-09-21,5,Chronos-LoRA-V3,1.919999957084656,1.6169547585546922,1.8880310380410665,2.2181108237121125,0.0,0.0
PLUG,2018-09-21,10,Chronos-LoRA-V1,1.870000004768372,1.3603272760991412,1.864482597479239,2.5906968451324297,0.0,0.0
PLUG,2018-09-21,10,Chronos-LoRA-V2,1.870000004768372,1.3577376393265945,1.885668734386181,2.622430807684669,0.0,0.0
PLUG,2018-09-21,10,Chronos-LoRA-V3,1.870000004768372,1.3739948893214367,1.8748567455743157,2.599744568127317,0.0,0.0
PLUG,2018-09-21,20,Chronos-LoRA-V1,1.940000057220459,0.963099733391748,1.8281080250421982,3.565545967249638,0.0,0.0
PLUG,2018-09-21,20,Chronos-LoRA-V2,1.940000057220459,0.9645400154728296,1.8663355259486225,3.614649109231229,0.0,0.0
PLUG,2018-09-21,20,Chronos-LoRA-V3,1.940000057220459,0.9866066229642738,1.8467611499764396,3.5630140163493254,0.0,0.0
PLUG,2019-01-17,1,Chronos-LoRA-V1,1.3799999952316284,1.327491024489545,1.3971280742460583,1.4705184250025785,0.0,0.0
PLUG,2019-01-17,1,Chronos-LoRA-V2,1.3799999952316284,1.329713500774826,1.399213626283321,1.471006901358205,0.0,0.0
PLUG,2019-01-17,1,Chronos-LoRA-V3,1.3799999952316284,1.333518887534101,1.3984133096850093,1.4671998724781317,0.0,0.0
PLUG,2019-01-17,5,Chronos-LoRA-V1,1.3600000143051147,1.070766513028292,1.3854441991478295,1.7896032172034284,0.0,0.0
PLUG,2019-01-17,5,Chronos-LoRA-V2,1.3600000143051147,1.0796123892206004,1.3972509618221558,1.797956541526262,0.0,0.0
PLUG,2019-01-17,5,Chronos-LoRA-V3,1.3600000143051147,1.0953252774946705,1.3902446901715628,1.7664473077111926,0.0,0.0
PLUG,2019-01-17,10,Chronos-LoRA-V1,1.340000033378601,0.8181901432509376,1.3728411887084833,2.3174221349995294,0.0,0.0
PLUG,2019-01-17,10,Chronos-LoRA-V2,1.340000033378601,0.8337438742888363,1.3957375596992847,2.3133605582839167,0.0,0.0
PLUG,2019-01-17,10,Chronos-LoRA-V3,1.340000033378601,0.8541334699887503,1.381322344440076,2.2513818567178383,0.0,0.0
PLUG,2019-01-17,20,Chronos-LoRA-V1,1.6200000047683716,0.487468137058167,1.3452408652555474,3.831198743681849,0.0,0.0
PLUG,2019-01-17,20,Chronos-LoRA-V2,1.6200000047683716,0.5031285925004804,1.3886109851100543,3.769002457361928,0.0,0.0
PLUG,2019-01-17,20,Chronos-LoRA-V3,1.6200000047683716,0.5250955429798485,1.3610160654089565,3.6153765472021675,0.0,0.0
PLUG,2019-05-13,1,Chronos-LoRA-V1,2.2799999713897705,2.1336257877918743,2.2266666001641555,2.3221879763198534,0.0,0.0
PLUG,2019-05-13,1,Chronos-LoRA-V2,2.2799999713897705,2.1432251096439043,2.230523248860472,2.317935487506265,0.0,0.0
PLUG,2019-05-13,1,Chronos-LoRA-V3,2.2799999713897705,2.1400136161133703,2.2285943502505656,2.3195806812300925,0.0,0.0
PLUG,2019-05-13,5,Chronos-LoRA-V1,2.569999933242798,1.7781775116016367,2.2102435595927754,2.7395486258049013,0.0,0.0
PLUG,2019-05-13,5,Chronos-LoRA-V2,2.569999933242798,1.822337126633403,2.226262926588668,2.703881734588538,0.0,0.0
PLUG,2019-05-13,5,Chronos-LoRA-V3,2.569999933242798,1.8071332307234187,2.216853244046413,2.71323712927001,0.0,0.0
PLUG,2019-05-13,10,Chronos-LoRA-V1,2.6700000762939453,1.4146786021143718,2.1936534993669503,3.381401497900165,0.0,0.0
PLUG,2019-05-13,10,Chronos-LoRA-V2,2.6700000762939453,1.4938010072887558,2.2234144831451217,3.2695530077685264,0.0,0.0
PLUG,2019-05-13,10,Chronos-LoRA-V3,2.6700000762939453,1.461438685952194,2.205273085218113,3.309649956753823,0.0,0.0
PLUG,2019-05-13,20,Chronos-LoRA-V1,2.619999885559082,0.9060669742193501,2.158290132750451,5.114124220694013,0.0,0.0
PLUG,2019-05-13,20,Chronos-LoRA-V2,2.619999885559082,1.0078628596473906,2.208911557490687,4.743261710827985,0.0,0.0
PLUG,2019-05-13,20,Chronos-LoRA-V3,2.619999885559082,0.9628534905851164,2.178485763740906,4.899768009603628,0.0,0.0
PLUG,2019-09-04,1,Chronos-LoRA-V1,2.1700000762939453,2.084475626067309,2.1472998219847352,2.213059594971656,0.0,0.0
PLUG,2019-09-04,1,Chronos-LoRA-V2,2.1700000762939453,2.0896222096288417,2.149179734362512,2.2097964894450137,0.0,0.0
PLUG,2019-09-04,1,Chronos-LoRA-V3,2.1700000762939453,2.088882907274619,2.1487991017214694,2.2123717530336364,0.0,0.0
PLUG,2019-09-04,5,Chronos-LoRA-V1,2.5,1.835453570394856,2.13295162814889,2.4860763876739056,0.0,1.0
PLUG,2019-09-04,5,Chronos-LoRA-V2,2.5,1.8610935901353576,2.1436773543281245,2.469857800707083,0.0,1.0
PLUG,2019-09-04,5,Chronos-LoRA-V3,2.5,1.8563923142460335,2.1381737271411274,2.4771246605181703,0.0,1.0
PLUG,2019-09-04,10,Chronos-LoRA-V1,2.819999933242798,1.5761275649489213,2.1151723441718104,2.8615356918574744,0.0,0.0
PLUG,2019-09-04,10,Chronos-LoRA-V2,2.819999933242798,1.614231916615522,2.1369891874655105,2.8302936860081878,0.0,0.0
PLUG,2019-09-04,10,Chronos-LoRA-V3,2.819999933242798,1.6060727790081823,2.1248231163582574,2.846419723495927,0.0,0.0
PLUG,2019-09-04,20,Chronos-LoRA-V1,2.4100000858306885,1.1378666656575862,2.078972639049757,3.8747119719155716,0.0,0.0
PLUG,2019-09-04,20,Chronos-LoRA-V2,2.4100000858306885,1.2022598251141932,2.118061027581367,3.72900451394766,0.0,0.0
PLUG,2019-09-04,20,Chronos-LoRA-V3,2.4100000858306885,1.1851643623702868,2.096245226576278,3.8009189703962223,0.0,0.0
PLUG,2019-12-26,1,Chronos-LoRA-V1,3.0799999237060547,3.0280882925609314,3.1490278568398598,3.2708045163253385,0.0,0.0
PLUG,2019-12-26,1,Chronos-LoRA-V2,3.0799999237060547,3.0313597362546445,3.151834382556845,3.270155282670034,0.0,0.0
PLUG,2019-12-26,1,Chronos-LoRA-V3,3.0799999237060547,3.02794567645761,3.1516558432756683,3.2767669081960924,0.0,0.0
PLUG,2019-12-26,5,Chronos-LoRA-V1,3.2300000190734863,2.575259683199864,3.1417253502611215,3.818228521046245,0.0,0.0
PLUG,2019-12-26,5,Chronos-LoRA-V2,3.2300000190734863,2.5987767669355315,3.158060920244071,3.8050907233421705,0.0,0.0
PLUG,2019-12-26,5,Chronos-LoRA-V3,3.2300000190734863,2.57635043668214,3.150234345221605,3.8390036422344753,0.0,0.0
PLUG,2019-12-26,10,Chronos-LoRA-V1,4.139999866485596,2.0816055664433755,3.1311253872513847,4.673104441845164,0.0,0.0
PLUG,2019-12-26,10,Chronos-LoRA-V2,4.139999866485596,2.147554236115765,3.1646660700271765,4.585804019400724,0.0,0.0
PLUG,2019-12-26,10,Chronos-LoRA-V3,4.139999866485596,2.0944338568345375,3.1466936754961874,4.692108542234077,0.0,0.0
PLUG,2019-12-26,20,Chronos-LoRA-V1,3.809999942779541,1.2745921026754303,3.1107116968582775,7.44917708014798,0.0,0.0
PLUG,2019-12-26,20,Chronos-LoRA-V2,3.809999942779541,1.4198039246330976,3.170806916982526,6.857280042928585,0.0,0.0
PLUG,2019-12-26,20,Chronos-LoRA-V3,3.809999942779541,1.306215504783725,3.1345662216643424,7.3782060385635715,0.0,0.0
PLUG,2020-04-21,1,Chronos-LoRA-V1,4.329999923706055,3.97654481109425,4.219788032436035,4.474924432000728,0.0,0.0
PLUG,2020-04-21,1,Chronos-LoRA-V2,4.329999923706055,4.002684433188195,4.22771288873427,4.458543602485377,0.0,0.0
PLUG,2020-04-21,1,Chronos-LoRA-V3,4.329999923706055,3.999535942756573,4.224360914080176,4.461450142690284,0.0,0.0
PLUG,2020-04-21,5,Chronos-LoRA-V1,4.440000057220459,3.115598689969906,4.216089604292031,5.697436563466811,0.0,0.0
PLUG,2020-04-21,5,Chronos-LoRA-V2,4.440000057220459,3.224025198731665,4.254195228716431,5.587746218175921,0.0,0.0
PLUG,2020-04-21,5,Chronos-LoRA-V3,4.440000057220459,3.2029798519950856,4.2314464865607,5.589992297052314,0.0,0.0
PLUG,2020-04-21,10,Chronos-LoRA-V1,4.170000076293945,2.292451021350393,4.218733776995185,7.728370512373711,0.0,0.0
PLUG,2020-04-21,10,Chronos-LoRA-V2,4.170000076293945,2.4584579205886476,4.28699722693018,7.401520023533292,0.0,0.0
PLUG,2020-04-21,10,Chronos-LoRA-V3,4.170000076293945,2.410047859597029,4.243614393348613,7.438273549371838,0.0,0.0
PLUG,2020-04-21,20,Chronos-LoRA-V1,4.170000076293945,1.1042252840759734,4.206411381637463,15.861050206579336,0.0,0.0
PLUG,2020-04-21,20,Chronos-LoRA-V2,4.170000076293945,1.3206881802586274,4.337699191395218,13.940187890623697,0.0,0.0
PLUG,2020-04-21,20,Chronos-LoRA-V3,4.170000076293945,1.243941504777073,4.251264943799408,14.371011895416432,0.0,0.0
PLUG,2020-08-12,1,Chronos-LoRA-V1,11.359999656677246,9.876341092095046,10.641246049338227,11.476501464871744,0.0,0.0
PLUG,2020-08-12,1,Chronos-LoRA-V2,11.359999656677246,9.926967088401797,10.663872953887065,11.451015405873784,0.0,0.0
PLUG,2020-08-12,1,Chronos-LoRA-V3,11.359999656677246,9.921703449056935,10.654632728990494,11.454973334833758,0.0,0.0
PLUG,2020-08-12,5,Chronos-LoRA-V1,13.649999618530272,7.267029087904984,10.681733486401848,15.799994722964618,0.0,0.0
PLUG,2020-08-12,5,Chronos-LoRA-V2,13.649999618530272,7.542475989294996,10.803711141359825,15.475180872511771,0.0,0.0
PLUG,2020-08-12,5,Chronos-LoRA-V3,13.649999618530272,7.44400844034133,10.723565047610819,15.53307587785138,0.0,0.0
PLUG,2020-08-12,10,Chronos-LoRA-V1,13.050000190734863,4.826338836921847,10.74127604622969,24.290993317704412,0.0,0.0
PLUG,2020-08-12,10,Chronos-LoRA-V2,13.050000190734863,5.33530211784119,10.980854301334395,22.572465627626567,0.0,0.0
PLUG,2020-08-12,10,Chronos-LoRA-V3,13.050000190734863,5.089477189009352,10.814998719626923,23.21289348111195,0.0,0.0
PLUG,2020-08-12,20,Chronos-LoRA-V1,12.119999885559082,2.2016777793304887,10.802108827467872,54.143253406275264,0.0,0.0
PLUG,2020-08-12,20,Chronos-LoRA-V2,12.119999885559082,2.6542551313877856,11.26167730572517,47.52406309619718,0.0,0.0
PLUG,2020-08-12,20,Chronos-LoRA-V3,12.119999885559082,2.4016910616300677,10.951000196789952,50.44210664086553,0.0,0.0
PLUG,2020-12-03,1,Chronos-LoRA-V1,24.850000381469727,22.5648281792411,23.891643217131314,25.346147343228047,0.0,0.0
PLUG,2020-12-03,1,Chronos-LoRA-V2,24.850000381469727,22.62409036485868,23.940170955632215,25.311778768232372,0.0,0.0
PLUG,2020-12-03,1,Chronos-LoRA-V3,24.850000381469727,22.65821612351425,23.9239839447539,25.294293136273147,0.0,0.0
PLUG,2020-12-03,5,Chronos-LoRA-V1,27.190000534057617,18.121380292362982,24.009472155550036,32.26344162662274,0.0,0.0
PLUG,2020-12-03,5,Chronos-LoRA-V2,27.190000534057617,18.33561560295469,24.304611581328114,32.17045502418361,0.0,0.0
PLUG,2020-12-03,5,Chronos-LoRA-V3,27.190000534057617,18.475378400618695,24.123118731697893,31.811832511894988,0.0,0.0
PLUG,2020-12-03,10,Chronos-LoRA-V1,30.56999969482422,13.863255286677548,24.148823087763127,43.2337955986628,0.0,0.0
PLUG,2020-12-03,10,Chronos-LoRA-V2,30.56999969482422,14.14175861709514,24.755627260604705,43.162391066972816,0.0,0.0
PLUG,2020-12-03,10,Chronos-LoRA-V3,30.56999969482422,14.386989180960382,24.34954977775106,42.033024409900314,0.0,0.0
PLUG,2020-12-03,20,Chronos-LoRA-V1,32.16999816894531,8.175029318500862,24.405589370774482,76.81962793450711,0.0,0.0
PLUG,2020-12-03,20,Chronos-LoRA-V2,32.16999816894531,8.425364646531913,25.56443289091863,77.34258719632751,0.0,0.0
PLUG,2020-12-03,20,Chronos-LoRA-V3,32.16999816894531,8.73800587829594,24.816448879543174,73.43123263401525,0.0,0.0
PLUG,2021-03-30,1,Chronos-LoRA-V1,35.84000015258789,31.038178055149245,34.13008142438959,37.58817025035142,0.0,0.0
PLUG,2021-03-30,1,Chronos-LoRA-V2,35.84000015258789,31.296554514451998,34.20228842844816,37.385469525661165,0.0,0.0
PLUG,2021-03-30,1,Chronos-LoRA-V3,35.84000015258789,31.22705652364024,34.18027709990788,37.45721224077191,0.0,0.0
PLUG,2021-03-30,5,Chronos-LoRA-V1,31.959999084472656,21.410905801773918,34.52804361551358,56.33373235102807,0.0,0.0
PLUG,2021-03-30,5,Chronos-LoRA-V2,31.959999084472656,22.40038479496798,34.96107161945025,54.7030896526192,0.0,0.0
PLUG,2021-03-30,5,Chronos-LoRA-V3,31.959999084472656,22.035716786422377,34.66693235232364,54.980265275801756,0.0,0.0
PLUG,2021-03-30,10,Chronos-LoRA-V1,28.38999938964844,13.564765195574992,35.068191460264025,93.0276106580633,0.0,0.0
PLUG,2021-03-30,10,Chronos-LoRA-V2,28.38999938964844,14.84665676547921,35.919973525891855,87.41488977170916,0.0,0.0
PLUG,2021-03-30,10,Chronos-LoRA-V3,28.38999938964844,14.290354772549483,35.29401225488025,88.54328583744945,0.0,0.0
PLUG,2021-03-30,20,Chronos-LoRA-V1,28.86000061035156,5.6433560924395065,35.9141528936117,243.96158282375038,0.0,0.0
PLUG,2021-03-30,20,Chronos-LoRA-V2,28.86000061035156,6.545795795647238,37.670171630715515,220.47999523330415,0.0,0.0
PLUG,2021-03-30,20,Chronos-LoRA-V3,28.86000061035156,6.119133480046686,36.37730582273117,225.9539949782972,0.0,0.0
PLUG,2021-07-22,1,Chronos-LoRA-V1,26.809999465942383,26.000893262272893,27.395450876908466,28.95008161181326,0.0,0.0
PLUG,2021-07-22,1,Chronos-LoRA-V2,26.809999465942383,26.001335435928972,27.435458199369933,28.948678011172024,0.0,0.0
PLUG,2021-07-22,1,Chronos-LoRA-V3,26.809999465942383,26.043542920536538,27.43174449821605,28.969807266074234,0.0,0.0
PLUG,2021-07-22,5,Chronos-LoRA-V1,27.200000762939453,21.15275148819615,27.606374632909237,36.66760226757626,0.0,0.0
PLUG,2021-07-22,5,Chronos-LoRA-V2,27.200000762939453,21.20567609061293,27.83318174029245,36.63721373552803,0.0,0.0
PLUG,2021-07-22,5,Chronos-LoRA-V3,27.200000762939453,21.336716832319173,27.745462981303096,36.650811182025976,0.0,0.0
PLUG,2021-07-22,10,Chronos-LoRA-V1,26.0,16.197411106584287,27.875728202177697,49.80594381510139,0.0,0.0
PLUG,2021-07-22,10,Chronos-LoRA-V2,26.0,16.373642591498477,28.323016226401162,49.22046460920508,0.0,0.0
PLUG,2021-07-22,10,Chronos-LoRA-V3,26.0,16.491345891462004,28.12610584720288,49.49624577449653,0.0,0.0
PLUG,2021-07-22,20,Chronos-LoRA-V1,23.76000022888184,9.122055810527637,28.52621488206966,94.96364601086061,0.0,0.0
PLUG,2021-07-22,20,Chronos-LoRA-V2,23.76000022888184,9.676584905685544,29.301188690258797,89.43492348804078,0.0,0.0
PLUG,2021-07-22,20,Chronos-LoRA-V3,23.76000022888184,9.601289136456158,28.957031273260924,91.96992808879727,0.0,0.0
PLUG,2021-11-11,1,Chronos-LoRA-V1,43.13999938964844,41.06752964597592,43.59658678588066,46.37164734870847,0.0,0.0
PLUG,2021-11-11,1,Chronos-LoRA-V2,43.13999938964844,41.200341187566856,43.66038099194112,46.26521086831545,0.0,0.0
PLUG,2021-11-11,1,Chronos-LoRA-V3,43.13999938964844,41.14618250009522,43.65279320589093,46.385011665675655,0.0,0.0
PLUG,2021-11-11,5,Chronos-LoRA-V1,40.41999816894531,32.97584301248472,44.12098514387022,59.74832685984322,0.0,0.0
PLUG,2021-11-11,5,Chronos-LoRA-V2,40.41999816894531,33.43685301421193,44.522825946978486,59.40299442952272,0.0,0.0
PLUG,2021-11-11,5,Chronos-LoRA-V3,40.41999816894531,33.219185509796844,44.30987617946062,59.70859265633919,0.0,0.0
PLUG,2021-11-11,10,Chronos-LoRA-V1,40.25,25.260246493031442,44.77979168206348,81.27121567999944,0.0,0.0
PLUG,2021-11-11,10,Chronos-LoRA-V2,40.25,25.898583608332878,45.61252922042872,80.49744278747313,0.0,0.0
PLUG,2021-11-11,10,Chronos-LoRA-V3,40.25,25.482192375834046,45.10092528299257,81.43067151126654,0.0,0.0
PLUG,2021-11-11,20,Chronos-LoRA-V1,33.220001220703125,14.425533155620153,45.85714669351781,154.39014580524318,0.0,0.0
PLUG,2021-11-11,20,Chronos-LoRA-V2,33.220001220703125,15.458585197084414,47.56297841183673,147.59269093092922,0.0,0.0
PLUG,2021-11-11,20,Chronos-LoRA-V3,33.220001220703125,14.783590050398745,46.6025755609601,153.61354826629665,0.0,0.0
PLUG,2022-03-08,1,Chronos-LoRA-V1,26.190000534057617,23.83931856108011,25.59023735508711,27.538105679769213,0.0,0.0
PLUG,2022-03-08,1,Chronos-LoRA-V2,26.190000534057617,24.090228050411227,25.636739978011608,27.301316715309916,0.0,0.0
PLUG,2022-03-08,1,Chronos-LoRA-V3,26.190000534057617,23.97940780989391,25.624571050082046,27.440668775620264,0.0,0.0
PLUG,2022-03-08,5,Chronos-LoRA-V1,23.09000015258789,17.94078870989621,25.551340723004504,36.94358141318546,0.0,0.0
PLUG,2022-03-08,5,Chronos-LoRA-V2,23.09000015258789,18.951637766143804,25.833398161540348,35.42214148376058,0.0,0.0
PLUG,2022-03-08,5,Chronos-LoRA-V3,23.09000015258789,18.44992391213173,25.68559478865518,36.19086730165443,0.0,0.0
PLUG,2022-03-08,10,Chronos-LoRA-V1,27.25,12.584443387025093,25.490143026876662,53.235446714092916,0.0,0.0
PLUG,2022-03-08,10,Chronos-LoRA-V2,27.25,14.057791378318994,26.053299441879716,48.72673441064845,0.0,0.0
PLUG,2022-03-08,10,Chronos-LoRA-V3,27.25,13.279269907655548,25.735161958729712,51.01740297532135,0.0,0.0
PLUG,2022-03-08,20,Chronos-LoRA-V1,30.440000534057617,6.098881924251672,25.229348238238163,110.00313082739794,0.0,0.0
PLUG,2022-03-08,20,Chronos-LoRA-V2,30.440000534057617,7.459954939171343,26.36482667302458,93.94342834827408,0.0,0.0
PLUG,2022-03-08,20,Chronos-LoRA-V3,30.440000534057617,6.717430782422214,25.776691013878107,102.85423748799589,0.0,0.0
PLUG,2022-06-30,1,Chronos-LoRA-V1,17.18000030517578,15.374928183475287,16.557753910662512,17.89790606169591,0.0,0.0
PLUG,2022-06-30,1,Chronos-LoRA-V2,17.18000030517578,15.47262192288298,16.59278777261009,17.79279239476609,0.0,0.0
PLUG,2022-06-30,1,Chronos-LoRA-V3,17.18000030517578,15.443464794916899,16.58836921599478,17.86358210938413,0.0,0.0
PLUG,2022-06-30,5,Chronos-LoRA-V1,19.770000457763672,11.420812762702013,16.490521749200944,24.358036003700267,0.0,0.0
PLUG,2022-06-30,5,Chronos-LoRA-V2,19.770000457763672,11.768869613192585,16.679040054264778,23.70866837560123,0.0,0.0
PLUG,2022-06-30,5,Chronos-LoRA-V3,19.770000457763672,11.623414402430363,16.59207180864207,24.03772827865247,0.0,0.0
PLUG,2022-06-30,10,Chronos-LoRA-V1,15.460000038146973,7.912296089922475,16.41635697434305,35.757551395759734,0.0,0.0
PLUG,2022-06-30,10,Chronos-LoRA-V2,15.460000038146973,8.395040643878,16.78673083652852,33.749393048772795,0.0,0.0
PLUG,2022-06-30,10,Chronos-LoRA-V3,15.460000038146973,8.158860982909069,16.59591893648858,34.81168663369823,0.0,0.0
PLUG,2022-06-30,20,Chronos-LoRA-V1,21.34000015258789,3.8556896174412647,16.269930156835954,74.90895489544427,0.0,0.0
PLUG,2022-06-30,20,Chronos-LoRA-V2,21.34000015258789,4.318117601090709,16.923722370231957,67.21678850274708,0.0,0.0
PLUG,2022-06-30,20,Chronos-LoRA-V3,21.34000015258789,4.051904264360137,16.589406577843754,72.09282818402438,0.0,0.0
PLUG,2022-10-21,1,Chronos-LoRA-V1,15.729999542236328,15.6178491180374,16.419023886232736,17.353066322534378,0.0,0.0
PLUG,2022-10-21,1,Chronos-LoRA-V2,15.729999542236328,15.571492099493511,16.46391439503517,17.416442798982352,0.0,0.0
PLUG,2022-10-21,1,Chronos-LoRA-V3,15.729999542236328,15.62834262175827,16.451423198132225,17.394110968790496,0.0,0.0
PLUG,2022-10-21,5,Chronos-LoRA-V1,16.09000015258789,12.575003957268375,16.1199477140005,21.29896985252362,0.0,0.0
PLUG,2022-10-21,5,Chronos-LoRA-V2,16.09000015258789,12.393861664519616,16.353593215786287,21.724562133169517,0.0,0.0
PLUG,2022-10-21,5,Chronos-LoRA-V3,16.09000015258789,12.612885865133777,16.235844937960813,21.437782417623477,0.0,0.0
PLUG,2022-10-21,10,Chronos-LoRA-V1,14.789999961853027,9.622771678371567,15.770593025353472,27.417142344816263,0.0,0.0
PLUG,2022-10-21,10,Chronos-LoRA-V2,14.789999961853027,9.360097410067747,16.2282051932433,28.462572406545934,0.0,0.0
PLUG,2022-10-21,10,Chronos-LoRA-V3,14.789999961853027,9.657130727678725,15.972232980958108,27.7332444573636,0.0,0.0
PLUG,2022-10-21,20,Chronos-LoRA-V1,15.84000015258789,5.572438571314838,15.064503395827053,45.13700207918714,0.0,0.0
PLUG,2022-10-21,20,Chronos-LoRA-V2,15.84000015258789,5.413252552372843,15.873974500694498,47.70981105165172,0.0,0.0
PLUG,2022-10-21,20,Chronos-LoRA-V3,15.84000015258789,5.640478286009065,15.421414474687017,45.97440849578723,0.0,0.0
PLUG,2023-02-15,1,Chronos-LoRA-V1,15.84000015258789,15.884175383891575,16.72300034628135,17.69558215926026,1.0,0.0
PLUG,2023-02-15,1,Chronos-LoRA-V2,15.84000015258789,15.87275339116062,16.731052439646387,17.6523081328452,1.0,0.0
PLUG,2023-02-15,1,Chronos-LoRA-V3,15.84000015258789,15.913480496077439,16.740391826676895,17.68826398280436,1.0,0.0
PLUG,2023-02-15,5,Chronos-LoRA-V1,14.649999618530272,12.680849809108366,16.442240606930046,21.972319385761402,0.0,0.0
PLUG,2023-02-15,5,Chronos-LoRA-V2,14.649999618530272,12.698491980845915,16.52923811426903,21.68132504645343,0.0,0.0
PLUG,2023-02-15,5,Chronos-LoRA-V3,14.649999618530272,12.792491479818803,16.507949237719917,21.87055742477952,0.0,0.0
PLUG,2023-02-15,10,Chronos-LoRA-V1,13.329999923706056,9.522254263026706,16.078680325639557,28.81164725530369,0.0,0.0
PLUG,2023-02-15,10,Chronos-LoRA-V2,13.329999923706056,9.607440004013544,16.267937248986758,27.9365350891505,0.0,0.0
PLUG,2023-02-15,10,Chronos-LoRA-V3,13.329999923706056,9.672695686753341,16.193674772487665,28.547478143767112,0.0,0.0
PLUG,2023-02-15,20,Chronos-LoRA-V1,11.800000190734863,5.369970705820504,15.315608807597284,49.48482252463521,0.0,0.0
PLUG,2023-02-15,20,Chronos-LoRA-V2,11.800000190734863,5.481204638979881,15.701166668912805,46.41366842572486,0.0,0.0
PLUG,2023-02-15,20,Chronos-LoRA-V3,11.800000190734863,5.544187924133098,15.543337759756568,48.18606244499625,0.0,0.0
PLUG,2023-06-09,1,Chronos-LoRA-V1,10.369999885559082,8.655830565069884,9.134960318096116,9.697484367823185,0.0,1.0
PLUG,2023-06-09,1,Chronos-LoRA-V2,10.369999885559082,8.654746765553002,9.141869876033574,9.664938257940674,0.0,1.0
PLUG,2023-06-09,1,Chronos-LoRA-V3,10.369999885559082,8.670441863942665,9.145537163437766,9.700599394068059,0.0,1.0
PLUG,2023-06-09,5,Chronos-LoRA-V1,10.56999969482422,6.865667862145313,8.976217662238739,12.139785688083085,0.0,0.0
PLUG,2023-06-09,5,Chronos-LoRA-V2,10.56999969482422,6.864263134062132,9.020544786641043,11.95429446683763,0.0,0.0
PLUG,2023-06-09,5,Chronos-LoRA-V3,10.56999969482422,6.912686725614456,9.007482105856441,12.104240212493291,0.0,0.0
PLUG,2023-06-09,10,Chronos-LoRA-V1,9.130000114440918,5.153281792202306,8.779597504116248,15.96950747284404,0.0,0.0
PLUG,2023-06-09,10,Chronos-LoRA-V2,9.130000114440918,5.154040532093806,8.871089402551428,15.513955388455278,0.0,0.0
PLUG,2023-06-09,10,Chronos-LoRA-V3,9.130000114440918,5.201938988333303,8.83321260058983,15.930074170173668,0.0,0.0
PLUG,2023-06-09,20,Chronos-LoRA-V1,11.18000030517578,2.848109198699371,8.389744526969684,28.448449690396732,0.0,0.0
PLUG,2023-06-09,20,Chronos-LoRA-V2,11.18000030517578,2.858807518815716,8.556380195422511,26.494762163796402,0.0,0.0
PLUG,2023-06-09,20,Chronos-LoRA-V3,11.18000030517578,2.9008728030986726,8.493316623925258,28.003274315737503,0.0,0.0
PLUG,2023-10-03,1,Chronos-LoRA-V1,6.53000020980835,6.151855442172074,6.484556501132976,6.85061061888313,0.0,0.0
PLUG,2023-10-03,1,Chronos-LoRA-V2,6.53000020980835,6.166436710244827,6.505812574729115,6.862747275715563,0.0,0.0
PLUG,2023-10-03,1,Chronos-LoRA-V3,6.53000020980835,6.1664828377251935,6.500905637318869,6.8676945176253765,0.0,0.0
PLUG,2023-10-03,5,Chronos-LoRA-V1,7.159999847412109,4.831656453057616,6.318236452892817,8.365873436407949,0.0,0.0
PLUG,2023-10-03,5,Chronos-LoRA-V2,7.159999847412109,4.900881618010103,6.410326615130441,8.392405682735427,0.0,0.0
PLUG,2023-10-03,5,Chronos-LoRA-V3,7.159999847412109,4.885051658020885,6.372973758331084,8.41941625889541,0.0,0.0
PLUG,2023-10-03,10,Chronos-LoRA-V1,7.71999979019165,3.54307349522089,6.118768183772431,10.84617771211859,0.0,0.0
PLUG,2023-10-03,10,Chronos-LoRA-V2,7.71999979019165,3.6859860657898493,6.294017997651449,10.756847507753514,0.0,0.0
PLUG,2023-10-03,10,Chronos-LoRA-V3,7.71999979019165,3.6181464855971326,6.213346299409625,10.93232696971484,0.0,0.0
PLUG,2023-10-03,20,Chronos-LoRA-V1,5.889999866485596,1.9043148980215845,5.793886596824127,18.780954084214073,0.0,0.0
PLUG,2023-10-03,20,Chronos-LoRA-V2,5.889999866485596,2.0874112647555356,6.059886725711252,17.623424715534643,0.0,0.0
PLUG,2023-10-03,20,Chronos-LoRA-V3,5.889999866485596,1.9954888706665033,5.945777752731188,18.635192739242328,0.0,0.0
PLUG,2024-01-26,1,Chronos-LoRA-V1,3.7899999618530273,3.120902566197888,3.383244003858942,3.6785818892149154,0.0,1.0
PLUG,2024-01-26,1,Chronos-LoRA-V2,3.7899999618530273,3.1286783514264696,3.3896703236508707,3.6737896478211174,0.0,1.0
PLUG,2024-01-26,1,Chronos-LoRA-V3,3.7899999618530273,3.138122360838686,3.3878053067915928,3.66670722492725,0.0,1.0
PLUG,2024-01-26,5,Chronos-LoRA-V1,4.659999847412109,2.2200505126986774,3.3147984693938586,5.033430177056825,0.0,0.0
PLUG,2024-01-26,5,Chronos-LoRA-V2,4.659999847412109,2.24140092682248,3.3467257281498286,5.017090742123646,0.0,0.0
PLUG,2024-01-26,5,Chronos-LoRA-V3,4.659999847412109,2.2773786372709006,3.32831832181244,4.925254074510788,0.0,0.0
PLUG,2024-01-26,10,Chronos-LoRA-V1,4.329999923706055,1.4632249133684927,3.2357219172120097,7.369408271483011,0.0,0.0
PLUG,2024-01-26,10,Chronos-LoRA-V2,4.329999923706055,1.4855003749961961,3.2912621907238266,7.326228638323221,0.0,0.0
PLUG,2024-01-26,10,Chronos-LoRA-V3,4.329999923706055,1.5301607459923927,3.255107532017908,7.076095079971334,0.0,0.0
PLUG,2024-01-26,20,Chronos-LoRA-V1,3.039999961853028,0.6248331155343029,3.058978712254833,15.785037256622454,0.0,0.0
PLUG,2024-01-26,20,Chronos-LoRA-V2,3.039999961853028,0.6522297281999916,3.159889000646265,15.509365457525902,0.0,0.0
PLUG,2024-01-26,20,Chronos-LoRA-V3,3.039999961853028,0.6834758059563218,3.093786219696322,14.62072083358412,0.0,0.0
PLUG,2024-05-20,1,Chronos-LoRA-V1,3.0799999237060547,2.9791203126634067,3.1783531332145643,3.4070583700492185,0.0,0.0
PLUG,2024-05-20,1,Chronos-LoRA-V2,3.0799999237060547,2.983717221076731,3.184826170715073,3.40309583584683,0.0,0.0
PLUG,2024-05-20,1,Chronos-LoRA-V3,3.0799999237060547,2.987473769230507,3.18350475350502,3.404412169059156,0.0,0.0
PLUG,2024-05-20,5,Chronos-LoRA-V1,3.25,2.228481565396469,3.0876079061780133,4.3800882772594285,0.0,0.0
PLUG,2024-05-20,5,Chronos-LoRA-V2,3.25,2.2528257673298175,3.1188193749295996,4.358335126143055,0.0,0.0
PLUG,2024-05-20,5,Chronos-LoRA-V3,3.25,2.263475272843838,3.104303641126038,4.344073373329995,0.0,0.0
PLUG,2024-05-20,10,Chronos-LoRA-V1,3.220000028610229,1.5561433252000203,2.9828764737016478,5.962394322490015,0.0,0.0
PLUG,2024-05-20,10,Chronos-LoRA-V2,3.220000028610229,1.5894018084614259,3.0413513119434397,5.900255191469592,0.0,0.0
PLUG,2024-05-20,10,Chronos-LoRA-V3,3.220000028610229,1.5973189161986312,3.010595829052907,5.876310013960603,0.0,0.0
PLUG,2024-05-20,20,Chronos-LoRA-V1,2.640000104904175,0.758815655468982,2.7741699803500146,11.088023783197595,0.0,0.0
PLUG,2024-05-20,20,Chronos-LoRA-V2,2.640000104904175,0.7878526714688361,2.874717680472175,10.78602539676167,0.0,0.0
PLUG,2024-05-20,20,Chronos-LoRA-V3,2.640000104904175,0.7988762261517991,2.820852946146876,10.683058575787573,0.0,0.0
PLUG,2024-09-12,1,Chronos-LoRA-V1,1.9600000381469729,1.8123383250805372,1.9260032615482716,2.055775227972048,0.0,0.0
PLUG,2024-09-12,1,Chronos-LoRA-V2,1.9600000381469729,1.8162036973586264,1.9289593666538054,2.0500492807448194,0.0,0.0
PLUG,2024-09-12,1,Chronos-LoRA-V3,1.9600000381469729,1.8169924055133972,1.9289999092190704,2.0558301238259697,0.0,0.0
PLUG,2024-09-12,5,Chronos-LoRA-V1,2.059999942779541,1.368029408182173,1.8651032949346984,2.61459296583194,0.0,0.0
PLUG,2024-09-12,5,Chronos-LoRA-V2,2.059999942779541,1.3884412698247703,1.8810099224861003,2.568574346574023,0.0,0.0
PLUG,2024-09-12,5,Chronos-LoRA-V3,2.059999942779541,1.3864444846483746,1.874845611826537,2.595460628614916,0.0,0.0
PLUG,2024-09-12,10,Chronos-LoRA-V1,2.059999942779541,0.9661993501676966,1.792539120782413,3.506475139098013,0.0,0.0
PLUG,2024-09-12,10,Chronos-LoRA-V2,2.059999942779541,0.9978942875460105,1.8224259427659473,3.3755889965247055,0.0,0.0
PLUG,2024-09-12,10,Chronos-LoRA-V3,2.059999942779541,0.9889311300925258,1.8082265611959443,3.4576257488797912,0.0,0.0
PLUG,2024-09-12,20,Chronos-LoRA-V1,1.9700000286102293,0.47288601402891517,1.6511375945676696,6.373031154493275,0.0,0.0
PLUG,2024-09-12,20,Chronos-LoRA-V2,1.9700000286102293,0.5092918687741963,1.7067838471669323,5.875618346912288,0.0,0.0
PLUG,2024-09-12,20,Chronos-LoRA-V3,1.9700000286102293,0.4958236296790624,1.6795211916109425,6.193576943901603,0.0,0.0
PLUG,2025-01-06,1,Chronos-LoRA-V1,2.950000047683716,2.8882980778669496,3.1379036724589713,3.422925279145263,0.0,0.0
PLUG,2025-01-06,1,Chronos-LoRA-V2,2.950000047683716,2.90023537739418,3.14120902882686,3.4069663362971467,0.0,0.0
PLUG,2025-01-06,1,Chronos-LoRA-V3,2.950000047683716,2.9023981724150945,3.1429519090979823,3.4146173143902665,0.0,0.0
PLUG,2025-01-06,5,Chronos-LoRA-V1,2.6600000858306885,2.058924914824866,3.0812551317792614,4.700762416246468,0.0,0.0
PLUG,2025-01-06,5,Chronos-LoRA-V2,2.6600000858306885,2.102204545445205,3.1060461063383658,4.619765047841584,0.0,0.0
PLUG,2025-01-06,5,Chronos-LoRA-V3,2.6600000858306885,2.0931983877256513,3.093363838965566,4.630459426400887,0.0,0.0
PLUG,2025-01-06,10,Chronos-LoRA-V1,2.0299999713897705,1.3567925914722583,3.0025399317732027,6.874898280437516,0.0,0.0
PLUG,2025-01-06,10,Chronos-LoRA-V2,2.0299999713897705,1.4143804159182694,3.0531166159820367,6.6581579883905535,0.0,0.0
PLUG,2025-01-06,10,Chronos-LoRA-V3,2.0299999713897705,1.3903726452378922,3.0242104071214895,6.716467669105842,0.0,0.0
PLUG,2025-01-06,20,Chronos-LoRA-V1,1.850000023841858,0.5679053734231228,2.8549401448912586,15.248507966668296,0.0,0.0
PLUG,2025-01-06,20,Chronos-LoRA-V2,1.850000023841858,0.627023632031355,2.943232117721986,14.02650634338832,0.0,0.0
PLUG,2025-01-06,20,Chronos-LoRA-V3,1.850000023841858,0.5973127804556689,2.8872550440391085,14.475428798160081,0.0,0.0
PLUG,2025-05-01,1,Chronos-LoRA-V1,0.8399999737739563,0.7815217843992148,0.8437244425148004,0.9138432867226726,0.0,0.0
PLUG,2025-05-01,1,Chronos-LoRA-V2,0.8399999737739563,0.7840661096820316,0.8458555336868373,0.9128901967746139,0.0,0.0
PLUG,2025-05-01,1,Chronos-LoRA-V3,0.8399999737739563,0.7848184493781138,0.8454658994922386,0.912648154474961,0.0,0.0
PLUG,2025-05-01,5,Chronos-LoRA-V1,0.8500000238418579,0.5697338977416354,0.8193352861155462,1.199373109579072,0.0,0.0
PLUG,2025-05-01,5,Chronos-LoRA-V2,0.8500000238418579,0.568936085788443,0.82936650391931,1.2158650233269206,0.0,0.0
PLUG,2025-05-01,5,Chronos-LoRA-V3,0.8500000238418579,0.5742338127246227,0.8248623057244654,1.1990834386016513,0.0,0.0
PLUG,2025-05-01,10,Chronos-LoRA-V1,0.699999988079071,0.38566763270785875,0.7921623080339646,1.6894294921937125,0.0,0.0
PLUG,2025-05-01,10,Chronos-LoRA-V2,0.699999988079071,0.3821479339701728,0.8090512423095224,1.7318019647051857,0.0,0.0
PLUG,2025-05-01,10,Chronos-LoRA-V3,0.699999988079071,0.3888082022102589,0.8003906653157576,1.6854132073983135,0.0,0.0
PLUG,2025-05-01,20,Chronos-LoRA-V1,0.8799999952316284,0.17492997943438077,0.7371174064301551,3.3700385171877545,0.0,0.0
PLUG,2025-05-01,20,Chronos-LoRA-V2,0.8799999952316284,0.17283720986328244,0.7643024180392909,3.4488345127610827,0.0,0.0
PLUG,2025-05-01,20,Chronos-LoRA-V3,0.8799999952316284,0.17964487130338902,0.751174588889342,3.2940361143946055,0.0,0.0
PLUG,2025-08-25,1,Chronos-LoRA-V1,1.649999976158142,1.5498313383347735,1.657402291221777,1.7803331583833608,0.0,0.0
PLUG,2025-08-25,1,Chronos-LoRA-V2,1.649999976158142,1.5554231291358307,1.6612963022966432,1.7750150097149213,0.0,0.0
PLUG,2025-08-25,1,Chronos-LoRA-V3,1.649999976158142,1.5542667993800168,1.6605382894613947,1.7802464503558724,0.0,0.0
PLUG,2025-08-25,5,Chronos-LoRA-V1,1.4800000190734863,1.151136118847459,1.605071354665491,2.2962677292772726,0.0,0.0
PLUG,2025-08-25,5,Chronos-LoRA-V2,1.4800000190734863,1.171968320100031,1.6260000057311337,2.268947659750068,0.0,0.0
PLUG,2025-08-25,5,Chronos-LoRA-V3,1.4800000190734863,1.1657575979064636,1.6169825509486373,2.289911759126883,0.0,0.0
PLUG,2025-08-25,10,Chronos-LoRA-V1,1.409999966621399,0.7883729071633369,1.5406858398370349,3.1645428694063757,0.0,0.0
PLUG,2025-08-25,10,Chronos-LoRA-V2,1.409999966621399,0.8217919624307577,1.5806745966061584,3.074642498596207,0.0,0.0
PLUG,2025-08-25,10,Chronos-LoRA-V3,1.409999966621399,0.8071914533940625,1.5608944640203564,3.141132748210734,0.0,0.0
PLUG,2025-08-25,20,Chronos-LoRA-V1,2.5299999713897705,0.3777532550166368,1.415312575057187,5.785513757728024,0.0,0.0
PLUG,2025-08-25,20,Chronos-LoRA-V2,2.5299999713897705,0.4086144823552069,1.4878053654375618,5.530052058630605,0.0,0.0
PLUG,2025-08-25,20,Chronos-LoRA-V3,2.5299999713897705,0.3960831518981326,1.4514392025386245,5.711137347362905,0.0,0.0
PLUG,2025-12-16,1,Chronos-LoRA-V1,2.1600000858306885,2.120773081213948,2.275611129425483,2.4583652082199263,0.0,0.0
PLUG,2025-12-16,1,Chronos-LoRA-V2,2.1600000858306885,2.1318223080839274,2.281121682448568,2.44250111499553,0.0,0.0
PLUG,2025-12-16,1,Chronos-LoRA-V3,2.1600000858306885,2.128901542741374,2.280606337085339,2.4539074898933926,0.0,0.0
PLUG,2025-12-16,5,Chronos-LoRA-V1,2.049999952316284,1.5419069168808843,2.215493453887081,3.3209775445746135,0.0,0.0
PLUG,2025-12-16,5,Chronos-LoRA-V2,2.049999952316284,1.5950625581763835,2.2443477060480324,3.1844165307611094,0.0,0.0
PLUG,2025-12-16,5,Chronos-LoRA-V3,2.049999952316284,1.5712565643348761,2.231660021738466,3.2598743066420464,0.0,0.0
PLUG,2025-12-16,10,Chronos-LoRA-V1,1.9700000286102293,1.0293236810942803,2.1423012959251766,4.8599232803549155,0.0,0.0
PLUG,2025-12-16,10,Chronos-LoRA-V2,1.9700000286102293,1.1101321324966233,2.1991362135062325,4.427066128782875,0.0,0.0
PLUG,2025-12-16,10,Chronos-LoRA-V3,1.9700000286102293,1.0678686437879195,2.1700552055092692,4.668345173012062,0.0,0.0
PLUG,2025-12-16,20,Chronos-LoRA-V1,2.259999990463257,0.477243166781933,1.98874722303343,9.586928588934603,0.0,0.0
PLUG,2025-12-16,20,Chronos-LoRA-V2,2.259999990463257,0.5412555237652871,2.097831967500611,8.405771558499136,0.0,0.0
PLUG,2025-12-16,20,Chronos-LoRA-V3,2.259999990463257,0.5100361006645936,2.0418971601283333,9.027934586885765,0.0,0.0
PLUG,2026-04-13,1,Chronos-LoRA-V1,2.940000057220459,2.573260851767507,2.7580365578569466,2.9680833514084117,0.0,0.0
PLUG,2026-04-13,1,Chronos-LoRA-V2,2.940000057220459,2.5907480340191524,2.762952941304386,2.948418140049875,0.0,0.0
PLUG,2026-04-13,1,Chronos-LoRA-V3,2.940000057220459,2.580933206187272,2.7624406395076297,2.968121697235403,0.0,0.0
PLUG,2026-04-13,5,Chronos-LoRA-V1,3.220000028610229,1.9071832322399114,2.7043641164053818,3.9422186574751397,0.0,0.0
PLUG,2026-04-13,5,Chronos-LoRA-V2,3.220000028610229,1.9776184459923682,2.732245158368557,3.809790423807007,0.0,0.0
PLUG,2026-04-13,5,Chronos-LoRA-V3,3.220000028610229,1.935889811765194,2.7196353865328784,3.917693311841385,0.0,0.0
PLUG,2026-04-13,10,Chronos-LoRA-V1,3.0799999237060547,1.3202964006625522,2.637407775188513,5.544214720800927,0.0,0.0
PLUG,2026-04-13,10,Chronos-LoRA-V2,3.0799999237060547,1.4173446958181424,2.693392940236667,5.201666704951483,0.0,0.0
PLUG,2026-04-13,10,Chronos-LoRA-V3,3.0799999237060547,1.353532324997231,2.665398584937498,5.497832345612837,0.0,0.0
PLUG,2026-04-13,20,Chronos-LoRA-V1,3.5199999809265137,0.6292145548439874,2.505506172989475,10.999562367740557,0.0,0.0
PLUG,2026-04-13,20,Chronos-LoRA-V2,3.5199999809265137,0.7219702363872255,2.6074396914942204,9.71608323500629,0.0,0.0
PLUG,2026-04-13,20,Chronos-LoRA-V3,3.5199999809265137,0.6605888458018645,2.555792113211918,10.830469432202733,0.0,0.0
PLUG,2026-08-06,1,Chronos-LoRA-V1,2.180000066757202,1.9409147951231362,2.057797833690916,2.1968778059995597,0.0,0.0
PLUG,2026-08-06,1,Chronos-LoRA-V2,2.180000066757202,1.9506791599390596,2.06252862549502,2.1853053530394306,0.0,0.0
PLUG,2026-08-06,1,Chronos-LoRA-V3,2.180000066757202,1.9457439363710778,2.061169267226684,2.1968940103943253,0.0,0.0
PLUG,2026-08-06,5,Chronos-LoRA-V1,2.299999952316284,1.4884208905143483,2.0052611691403195,2.811998662027862,0.0,0.0
PLUG,2026-08-06,5,Chronos-LoRA-V2,2.299999952316284,1.5298237244532154,2.0308360906355625,2.736718866206794,0.0,0.0
PLUG,2026-08-06,5,Chronos-LoRA-V3,2.299999952316284,1.5074387507626987,2.018239328731721,2.7987407807558986,0.0,0.0
PLUG,2026-08-06,10,Chronos-LoRA-V1,2.200000047683716,1.0682271843685378,1.9430849173601088,3.826219566788841,0.0,0.0
PLUG,2026-08-06,10,Chronos-LoRA-V2,2.200000047683716,1.1313092948607004,1.991861110598391,3.6064840723505736,0.0,0.0
PLUG,2026-08-06,10,Chronos-LoRA-V3,2.200000047683716,1.092743697526548,1.9658741935425217,3.7908058993535847,0.0,0.0
PLUG,2026-08-06,20,Chronos-LoRA-V1,2.109999895095825,0.5390744519363406,1.8250557726620587,7.210918130793228,0.0,0.0
PLUG,2026-08-06,20,Chronos-LoRA-V2,2.109999895095825,0.6107187920024049,1.9093365820675152,6.304883074562134,0.0,0.0
PLUG,2026-08-06,20,Chronos-LoRA-V3,2.109999895095825,0.5666182501185136,1.8652564039169761,7.025808525111877,0.0,0.0
RKLB,2022-02-02,1,Chronos-LoRA-V1,9.029999732971191,8.873659068975957,9.413280064951373,9.998910616650596,0.0,0.0
RKLB,2022-02-02,1,Chronos-LoRA-V2,9.029999732971191,8.953349584313147,9.42376819061158,9.913490656025,0.0,0.0
RKLB,2022-02-02,1,Chronos-LoRA-V3,9.029999732971191,8.927635725051607,9.421664797764507,9.95604263775849,0.0,0.0
RKLB,2022-02-02,5,Chronos-LoRA-V1,10.640000343322754,6.928501843007362,9.39518520440049,12.803026600390918,0.0,0.0
RKLB,2022-02-02,5,Chronos-LoRA-V2,10.640000343322754,7.294657256018798,9.44769892583407,12.19981318757146,0.0,0.0
RKLB,2022-02-02,5,Chronos-LoRA-V3,10.640000343322754,7.158957786084655,9.424250511297695,12.459829572957394,0.0,0.0
RKLB,2022-02-02,10,Chronos-LoRA-V1,9.9399995803833,5.0079845617102245,9.387633179530031,17.79421916397395,0.0,0.0
RKLB,2022-02-02,10,Chronos-LoRA-V2,9.9399995803833,5.621934046246169,9.47913429053604,15.82623635303855,0.0,0.0
RKLB,2022-02-02,10,Chronos-LoRA-V3,9.9399995803833,5.359490644924779,9.432659757104869,16.709978511448558,0.0,0.0
RKLB,2022-02-02,20,Chronos-LoRA-V1,8.479999542236328,2.1587019723664573,9.3600431515488,42.86227042984967,0.0,0.0
RKLB,2022-02-02,20,Chronos-LoRA-V2,8.479999542236328,3.2070157538727035,9.50347965389883,27.810198014705097,0.0,0.0
RKLB,2022-02-02,20,Chronos-LoRA-V3,8.479999542236328,2.824536937027754,9.4237679846365,32.28533564422793,0.0,0.0
RKLB,2022-03-08,1,Chronos-LoRA-V1,8.829999923706055,7.903280724356164,8.494919519713866,9.16454225251779,0.0,0.0
RKLB,2022-03-08,1,Chronos-LoRA-V2,8.829999923706055,8.048328116622375,8.506195378883183,8.990520206535642,0.0,0.0
RKLB,2022-03-08,1,Chronos-LoRA-V3,8.829999923706055,8.00613567017788,8.503477154865195,9.04986478431923,0.0,0.0
RKLB,2022-03-08,5,Chronos-LoRA-V1,7.920000076293945,5.824077178231383,8.432753856322433,12.500904538649383,0.0,0.0
RKLB,2022-03-08,5,Chronos-LoRA-V2,7.920000076293945,6.421015142480413,8.503191875224152,11.274492819751801,0.0,0.0
RKLB,2022-03-08,5,Chronos-LoRA-V3,7.920000076293945,6.227014850642465,8.470620485271567,11.631717355082444,0.0,0.0
RKLB,2022-03-08,10,Chronos-LoRA-V1,9.0,3.937628773773326,8.391900591116327,18.770965697559088,0.0,0.0
RKLB,2022-03-08,10,Chronos-LoRA-V2,9.0,4.829387890278148,8.509144639096865,14.962294365654452,0.0,0.0
RKLB,2022-03-08,10,Chronos-LoRA-V3,9.0,4.504208921776957,8.445213653587267,16.08972643433825,0.0,0.0
RKLB,2022-03-08,20,Chronos-LoRA-V1,8.199999809265137,1.8712455166125146,8.266620395472007,39.28805594179532,0.0,0.0
RKLB,2022-03-08,20,Chronos-LoRA-V2,8.199999809265137,2.707307758820899,8.48890684178352,26.535509306097964,0.0,0.0
RKLB,2022-03-08,20,Chronos-LoRA-V3,8.199999809265137,2.3793930418978957,8.386979446955106,30.279755944574898,0.0,0.0
RKLB,2022-04-08,1,Chronos-LoRA-V1,7.829999923706055,7.466890088320068,7.783332262956385,8.121744962797298,0.0,0.0
RKLB,2022-04-08,1,Chronos-LoRA-V2,7.829999923706055,7.489361127217752,7.795304518258985,8.11426537900171,0.0,0.0
RKLB,2022-04-08,1,Chronos-LoRA-V3,7.829999923706055,7.492526721274867,7.793512492525093,8.11705387661019,0.0,0.0
RKLB,2022-04-08,5,Chronos-LoRA-V1,7.980000019073486,6.177524746847672,7.722256316969504,9.686445276803624,0.0,0.0
RKLB,2022-04-08,5,Chronos-LoRA-V2,7.980000019073486,6.334571791099716,7.777726016849155,9.551022307308576,0.0,0.0
RKLB,2022-04-08,5,Chronos-LoRA-V3,7.980000019073486,6.31186795309337,7.757627832963357,9.576040378706502,0.0,0.0
RKLB,2022-04-08,10,Chronos-LoRA-V1,7.829999923706055,4.784167776705087,7.6628328346365375,12.463133090638095,0.0,0.0
RKLB,2022-04-08,10,Chronos-LoRA-V2,7.829999923706055,5.123393517867868,7.765785099041457,11.78584792456458,0.0,0.0
RKLB,2022-04-08,10,Chronos-LoRA-V3,7.829999923706055,5.033725028873704,7.722991926341946,12.005764827647235,0.0,0.0
RKLB,2022-04-08,20,Chronos-LoRA-V1,5.670000076293945,2.899207051376092,7.55803771180811,20.090234031252344,0.0,0.0
RKLB,2022-04-08,20,Chronos-LoRA-V2,5.670000076293945,3.330889681056977,7.729788488256618,17.856210901106607,0.0,0.0
RKLB,2022-04-08,20,Chronos-LoRA-V3,5.670000076293945,3.2045838930473285,7.660465072763761,18.653784589390707,0.0,0.0
RKLB,2022-05-12,1,Chronos-LoRA-V1,5.860000133514404,4.88262361217863,5.174504395231101,5.487205395765804,0.0,1.0
RKLB,2022-05-12,1,Chronos-LoRA-V2,5.860000133514404,4.908314605377984,5.181376242444396,5.463819900936792,0.0,1.0
RKLB,2022-05-12,1,Chronos-LoRA-V3,5.860000133514404,4.900120840545583,5.180637772634288,5.4800303441669245,0.0,1.0
RKLB,2022-05-12,5,Chronos-LoRA-V1,4.75,3.8215342043125307,5.121879852212712,6.896831541746001,0.0,0.0
RKLB,2022-05-12,5,Chronos-LoRA-V2,4.75,3.9326263895395903,5.153778559947422,6.725990248315305,0.0,0.0
RKLB,2022-05-12,5,Chronos-LoRA-V3,4.75,3.889617159627979,5.142536547249757,6.818265697017503,0.0,0.0
RKLB,2022-05-12,10,Chronos-LoRA-V1,4.659999847412109,2.812790390805579,5.0694016268435655,9.206281948269625,0.0,0.0
RKLB,2022-05-12,10,Chronos-LoRA-V2,4.659999847412109,2.98651393858722,5.127527062511302,8.70420728745309,0.0,0.0
RKLB,2022-05-12,10,Chronos-LoRA-V3,4.659999847412109,2.9092194349577367,5.1030814757159755,8.978023525076102,0.0,0.0
RKLB,2022-05-12,20,Chronos-LoRA-V1,4.21999979019165,1.5264659422694926,4.916057869423611,16.034255639646492,0.0,0.0
RKLB,2022-05-12,20,Chronos-LoRA-V2,4.21999979019165,1.7403896829949073,5.04300656061625,14.28032455406583,0.0,0.0
RKLB,2022-05-12,20,Chronos-LoRA-V3,4.21999979019165,1.6325648510601336,4.984074318664445,15.310367833938995,0.0,0.0
RKLB,2022-06-15,1,Chronos-LoRA-V1,4.139999866485596,4.067686690529986,4.317113506043617,4.589659374267831,0.0,0.0
RKLB,2022-06-15,1,Chronos-LoRA-V2,4.139999866485596,4.092314221799752,4.325057484087895,4.57022237451702,0.0,0.0
RKLB,2022-06-15,1,Chronos-LoRA-V3,4.139999866485596,4.084208306681221,4.3226495012341,4.582957261851319,0.0,0.0
RKLB,2022-06-15,5,Chronos-LoRA-V1,4.070000171661377,3.161474845228584,4.25911343107976,5.797073616845508,0.0,0.0
RKLB,2022-06-15,5,Chronos-LoRA-V2,4.070000171661377,3.2676321366048238,4.303866506031954,5.664671142033434,0.0,0.0
RKLB,2022-06-15,5,Chronos-LoRA-V3,4.070000171661377,3.223582919690714,4.280129928842238,5.734159824925101,0.0,0.0
RKLB,2022-06-15,10,Chronos-LoRA-V1,3.7899999618530273,2.3078286487843784,4.196198028417314,7.765394404940954,0.0,0.0
RKLB,2022-06-15,10,Chronos-LoRA-V2,3.7899999618530273,2.4701024247495145,4.280157461487276,7.370625842606216,0.0,0.0
RKLB,2022-06-15,10,Chronos-LoRA-V3,3.7899999618530273,2.3938289690715293,4.231757624778395,7.585909384302799,0.0,0.0
RKLB,2022-06-15,20,Chronos-LoRA-V1,3.950000047683716,1.2651513479111662,4.063945891701628,13.683462472788465,0.0,0.0
RKLB,2022-06-15,20,Chronos-LoRA-V2,3.950000047683716,1.4174641959864909,4.206507742411195,12.449239643619329,0.0,0.0
RKLB,2022-06-15,20,Chronos-LoRA-V3,3.950000047683716,1.3645005275868385,4.12732866159451,12.963516251925169,0.0,0.0
RKLB,2022-07-20,1,Chronos-LoRA-V1,4.360000133514404,4.152754519857516,4.365976770664071,4.597820536446863,0.0,0.0
RKLB,2022-07-20,1,Chronos-LoRA-V2,4.360000133514404,4.173579037557461,4.3686712403663766,4.570291329669682,0.0,0.0
RKLB,2022-07-20,1,Chronos-LoRA-V3,4.360000133514404,4.166206837870871,4.369505184092209,4.588827847896721,0.0,0.0
RKLB,2022-07-20,5,Chronos-LoRA-V1,4.28000020980835,3.355050054414639,4.345989924761106,5.655145939371461,0.0,0.0
RKLB,2022-07-20,5,Chronos-LoRA-V2,4.28000020980835,3.4625481886335496,4.3604344924616925,5.4709732173123475,0.0,0.0
RKLB,2022-07-20,5,Chronos-LoRA-V3,4.28000020980835,3.4113442742513516,4.354493741292577,5.58096008729897,0.0,0.0
RKLB,2022-07-20,10,Chronos-LoRA-V1,5.150000095367432,2.517182385374216,4.3210582958717545,7.448532773869985,0.0,0.0
RKLB,2022-07-20,10,Chronos-LoRA-V2,5.150000095367432,2.727981071910467,4.351159838905171,6.85680606625025,0.0,0.0
RKLB,2022-07-20,10,Chronos-LoRA-V3,5.150000095367432,2.6106091560988616,4.335365156073014,7.209372084286866,0.0,0.0
RKLB,2022-07-20,20,Chronos-LoRA-V1,6.019999980926514,1.2619264706888034,4.271306619622084,14.648113787788715,0.0,0.0
RKLB,2022-07-20,20,Chronos-LoRA-V2,6.019999980926514,1.5877244021251482,4.31890220401047,11.41653057570281,0.0,0.0
RKLB,2022-07-20,20,Chronos-LoRA-V3,6.019999980926514,1.4139619789608424,4.297001928539685,13.109507633305572,0.0,0.0
RKLB,2022-08-22,1,Chronos-LoRA-V1,5.349999904632568,5.1278669280039475,5.476097123151732,5.846947142391586,0.0,0.0
RKLB,2022-08-22,1,Chronos-LoRA-V2,5.349999904632568,5.171667572450948,5.484397693813938,5.807625057131585,0.0,0.0
RKLB,2022-08-22,1,Chronos-LoRA-V3,5.349999904632568,5.153932425468528,5.48253864799664,5.830308783332164,0.0,0.0
RKLB,2022-08-22,5,Chronos-LoRA-V1,5.130000114440918,3.9039966934522767,5.428379041159061,7.572577805237425,0.0,0.0
RKLB,2022-08-22,5,Chronos-LoRA-V2,5.130000114440918,4.068881854964991,5.468337680235979,7.311151190794979,0.0,0.0
RKLB,2022-08-22,5,Chronos-LoRA-V3,5.130000114440918,3.998535791430797,5.4502617808426095,7.439641366306125,0.0,0.0
RKLB,2022-08-22,10,Chronos-LoRA-V1,5.260000228881836,2.8047645245626,5.378920434196241,10.403122000464425,0.0,0.0
RKLB,2022-08-22,10,Chronos-LoRA-V2,5.260000228881836,3.028540898612683,5.45239004542664,9.70055546806272,0.0,0.0
RKLB,2022-08-22,10,Chronos-LoRA-V3,5.260000228881836,2.9302727372653794,5.413690556792003,10.035738288895448,0.0,0.0
RKLB,2022-08-22,20,Chronos-LoRA-V1,5.050000190734863,1.5514726893298456,5.283098837273597,18.26664811620893,0.0,0.0
RKLB,2022-08-22,20,Chronos-LoRA-V2,5.050000190734863,1.7580149269446212,5.407460137416919,16.275116650949773,0.0,0.0
RKLB,2022-08-22,20,Chronos-LoRA-V3,5.050000190734863,1.6778669550599257,5.345542582765988,17.184716187509622,0.0,0.0
RKLB,2022-09-23,1,Chronos-LoRA-V1,4.230000019073486,3.868759445232466,4.105207185799184,4.349663170782132,0.0,0.0
RKLB,2022-09-23,1,Chronos-LoRA-V2,4.230000019073486,3.8885895260392336,4.112235028554595,4.341169201189074,0.0,0.0
RKLB,2022-09-23,1,Chronos-LoRA-V3,4.230000019073486,3.8839718769357208,4.110138842378128,4.3451309281907795,0.0,0.0
RKLB,2022-09-23,5,Chronos-LoRA-V1,4.070000171661377,3.01530752330284,4.053231616323109,5.4206585350184895,0.0,0.0
RKLB,2022-09-23,5,Chronos-LoRA-V2,4.070000171661377,3.0923513419943722,4.090058016902606,5.370805213879433,0.0,0.0
RKLB,2022-09-23,5,Chronos-LoRA-V3,4.070000171661377,3.074186401995696,4.070733535294713,5.373042232497403,0.0,0.0
RKLB,2022-09-23,10,Chronos-LoRA-V1,4.360000133514404,2.223045154806298,3.994359169457498,7.101021791517385,0.0,0.0
RKLB,2022-09-23,10,Chronos-LoRA-V2,4.360000133514404,2.339499074588575,4.064950549487493,6.950550682841752,0.0,0.0
RKLB,2022-09-23,10,Chronos-LoRA-V3,4.360000133514404,2.303535214212645,4.023819577021238,6.977144676660595,0.0,0.0
RKLB,2022-09-23,20,Chronos-LoRA-V1,4.239999771118164,1.1954367650995545,3.8940160158267965,12.441380261908527,0.0,0.0
RKLB,2022-09-23,20,Chronos-LoRA-V2,4.239999771118164,1.3332999242460175,4.011950690656198,11.651217858565719,0.0,0.0
RKLB,2022-09-23,20,Chronos-LoRA-V3,4.239999771118164,1.2930902427319206,3.9440931562006867,11.893836550360222,0.0,0.0
RKLB,2022-10-26,1,Chronos-LoRA-V1,4.789999961853027,4.41744444706821,4.682048578498612,4.96485795317416,0.0,0.0
RKLB,2022-10-26,1,Chronos-LoRA-V2,4.789999961853027,4.451687821632938,4.686021226847775,4.926072127635785,0.0,0.0
RKLB,2022-10-26,1,Chronos-LoRA-V3,4.789999961853027,4.435976050299918,4.686183908946615,4.9524174499841545,0.0,0.0
RKLB,2022-10-26,5,Chronos-LoRA-V1,4.889999866485596,3.4478322475893775,4.643045753150854,6.274569479839076,0.0,0.0
RKLB,2022-10-26,5,Chronos-LoRA-V2,4.889999866485596,3.608368149341002,4.667425507056265,6.0093185419654365,0.0,0.0
RKLB,2022-10-26,5,Chronos-LoRA-V3,4.889999866485596,3.5201589551853174,4.65548771340069,6.17736364743544,0.0,0.0
RKLB,2022-10-26,10,Chronos-LoRA-V1,4.739999771118164,2.512937906493901,4.597504214053731,8.457496305730526,0.0,0.0
RKLB,2022-10-26,10,Chronos-LoRA-V2,4.739999771118164,2.772537484658933,4.641972340683233,7.683655411966067,0.0,0.0
RKLB,2022-10-26,10,Chronos-LoRA-V3,4.739999771118164,2.6136028863600824,4.617855054725716,8.18248905082732,0.0,0.0
RKLB,2022-10-26,20,Chronos-LoRA-V1,4.400000095367432,1.3665709459448272,4.489945411957879,14.933303861611483,0.0,0.0
RKLB,2022-10-26,20,Chronos-LoRA-V2,4.400000095367432,1.630498874206877,4.573394057095487,12.542817468455494,0.0,0.0
RKLB,2022-10-26,20,Chronos-LoRA-V3,4.400000095367432,1.4767792265235535,4.529320143735122,13.991849315361526,0.0,0.0
RKLB,2022-11-29,1,Chronos-LoRA-V1,4.190000057220459,3.728938708660071,3.9506160934186973,4.185668913893321,0.0,1.0
RKLB,2022-11-29,1,Chronos-LoRA-V2,4.190000057220459,3.743839455917026,3.9556857413423927,4.172397529975352,0.0,1.0
RKLB,2022-11-29,1,Chronos-LoRA-V3,4.190000057220459,3.7414065704404122,3.955004762923258,4.182210294234398,0.0,1.0
RKLB,2022-11-29,5,Chronos-LoRA-V1,4.0,2.9300262121705605,3.9107745202449595,5.231489693042004,0.0,0.0
RKLB,2022-11-29,5,Chronos-LoRA-V2,4.0,2.992953591312879,3.9378966330350904,5.146091542224376,0.0,0.0
RKLB,2022-11-29,5,Chronos-LoRA-V3,4.0,2.973841451241791,3.925669493562356,5.196048960825638,0.0,0.0
RKLB,2022-11-29,10,Chronos-LoRA-V1,4.170000076293945,2.1725551570029764,3.867472486635366,6.9010868765584155,0.0,0.0
RKLB,2022-11-29,10,Chronos-LoRA-V2,4.170000076293945,2.2694508919112453,3.9193049712289643,6.662769137281545,0.0,0.0
RKLB,2022-11-29,10,Chronos-LoRA-V3,4.170000076293945,2.232276139656855,3.8924882829454805,6.808757414815487,0.0,0.0
RKLB,2022-11-29,20,Chronos-LoRA-V1,3.5799999237060547,1.2396236614950564,3.7895295351933243,11.690716173757437,0.0,0.0
RKLB,2022-11-29,20,Chronos-LoRA-V2,3.5799999237060547,1.3311340032083328,3.8732965439244893,10.985191282229597,0.0,0.0
RKLB,2022-11-29,20,Chronos-LoRA-V3,3.5799999237060547,1.301600568045282,3.831462082572029,11.389881759082115,0.0,0.0
RKLB,2023-01-03,1,Chronos-LoRA-V1,4.039999961853027,3.685476895910229,3.862695289246903,4.046069837552638,0.0,0.0
RKLB,2023-01-03,1,Chronos-LoRA-V2,4.039999961853027,3.6996588819320833,3.865318915517086,4.031694880426022,0.0,1.0
RKLB,2023-01-03,1,Chronos-LoRA-V3,4.039999961853027,3.6941901955754646,3.866075159169029,4.0439819516833015,0.0,0.0
RKLB,2023-01-03,5,Chronos-LoRA-V1,4.380000114440918,3.0172840896243223,3.830525071224635,4.853921147018338,0.0,0.0
RKLB,2023-01-03,5,Chronos-LoRA-V2,4.380000114440918,3.0864790613653343,3.844355969088751,4.756467681075553,0.0,0.0
RKLB,2023-01-03,5,Chronos-LoRA-V3,4.380000114440918,3.0514625819656054,3.8409112363398226,4.8263843896935175,0.0,0.0
RKLB,2023-01-03,10,Chronos-LoRA-V1,5.170000076293945,2.3267086820582144,3.796641776264631,6.148327480223295,0.0,0.0
RKLB,2023-01-03,10,Chronos-LoRA-V2,5.170000076293945,2.4563208321112215,3.819138716842687,5.844488239352746,0.0,0.0
RKLB,2023-01-03,10,Chronos-LoRA-V3,5.170000076293945,2.378227492534734,3.8137135578280073,6.0659603364968016,0.0,0.0
RKLB,2023-01-03,20,Chronos-LoRA-V1,4.980000019073486,1.299553504186674,3.7445468066766607,10.618256763465368,0.0,0.0
RKLB,2023-01-03,20,Chronos-LoRA-V2,4.980000019073486,1.5066221943693139,3.766614461685435,9.128772016194846,0.0,0.0
RKLB,2023-01-03,20,Chronos-LoRA-V3,4.980000019073486,1.3840797700674894,3.7692270726380372,10.12283724134576,0.0,0.0
RKLB,2023-02-06,1,Chronos-LoRA-V1,4.900000095367432,4.6078039942906655,4.911253016792676,5.2248077602368355,0.0,0.0
RKLB,2023-02-06,1,Chronos-LoRA-V2,4.900000095367432,4.665757294232676,4.917225422557039,5.170771772786197,0.0,0.0
RKLB,2023-02-06,1,Chronos-LoRA-V3,4.900000095367432,4.634994071919674,4.9162795457973045,5.206415190364632,0.0,0.0
RKLB,2023-02-06,5,Chronos-LoRA-V1,4.710000038146973,3.534783691472433,4.872603596444072,6.689720132439533,0.0,0.0
RKLB,2023-02-06,5,Chronos-LoRA-V2,4.710000038146973,3.7664535471593386,4.904085138545917,6.326689132276618,0.0,0.0
RKLB,2023-02-06,5,Chronos-LoRA-V3,4.710000038146973,3.6347218814719016,4.889592329769926,6.544669760426422,0.0,0.0
RKLB,2023-02-06,10,Chronos-LoRA-V1,4.579999923706055,2.5825186319058084,4.824127808287632,8.97623449736042,0.0,0.0
RKLB,2023-02-06,10,Chronos-LoRA-V2,4.579999923706055,2.90059858748323,4.885060302358041,8.086618706067295,0.0,0.0
RKLB,2023-02-06,10,Chronos-LoRA-V3,4.579999923706055,2.71263323217347,4.852746319045262,8.621459746700104,0.0,0.0
RKLB,2023-02-06,20,Chronos-LoRA-V1,4.400000095367432,1.5398587183901262,4.726537683652483,14.51540607245244,0.0,0.0
RKLB,2023-02-06,20,Chronos-LoRA-V2,4.400000095367432,1.7888705295071123,4.821013475230727,12.629721187229997,0.0,0.0
RKLB,2023-02-06,20,Chronos-LoRA-V3,4.400000095367432,1.6585122809196202,4.772006725904861,13.690818460630169,0.0,0.0
RKLB,2023-03-10,1,Chronos-LoRA-V1,3.940000057220459,3.7129323901590876,3.8955033666692698,4.092922437271064,0.0,0.0
RKLB,2023-03-10,1,Chronos-LoRA-V2,3.940000057220459,3.721000420412931,3.9013073720432208,4.0875564905961435,0.0,0.0
RKLB,2023-03-10,1,Chronos-LoRA-V3,3.940000057220459,3.722133670893554,3.900042637349161,4.091533946548947,0.0,0.0
RKLB,2023-03-10,5,Chronos-LoRA-V1,3.880000114440918,3.0240816600093936,3.8397750070352674,4.926559287469665,0.0,0.0
RKLB,2023-03-10,5,Chronos-LoRA-V2,3.880000114440918,3.0525745786968383,3.8664834558405787,4.8956497896161615,0.0,0.0
RKLB,2023-03-10,5,Chronos-LoRA-V3,3.880000114440918,3.0572004140138413,3.8550885411876745,4.906280846380281,0.0,0.0
RKLB,2023-03-10,10,Chronos-LoRA-V1,3.930000066757202,2.3531555194295803,3.785307496782008,6.189288224967506,0.0,0.0
RKLB,2023-03-10,10,Chronos-LoRA-V2,3.930000066757202,2.392321494709467,3.828331528247866,6.108989107079227,0.0,0.0
RKLB,2023-03-10,10,Chronos-LoRA-V3,3.930000066757202,2.3960976376761045,3.8087258173514638,6.138907747718425,0.0,0.0
RKLB,2023-03-10,20,Chronos-LoRA-V1,4.0,1.4187143583027757,3.6748845911064776,9.802228187918226,0.0,0.0
RKLB,2023-03-10,20,Chronos-LoRA-V2,4.0,1.4661673792543588,3.7438713467168365,9.487935134274855,0.0,0.0
RKLB,2023-03-10,20,Chronos-LoRA-V3,4.0,1.4657978518876953,3.7137543084363105,9.636017507766915,0.0,0.0
RKLB,2023-04-13,1,Chronos-LoRA-V1,4.019999980926514,3.924012422410895,4.10565365174954,4.301320406279409,0.0,0.0
RKLB,2023-04-13,1,Chronos-LoRA-V2,4.019999980926514,3.9363350126845065,4.106165738109053,4.27973741859194,0.0,0.0
RKLB,2023-04-13,1,Chronos-LoRA-V3,4.019999980926514,3.932607711001382,4.10892137989785,4.296861985942136,0.0,0.0
RKLB,2023-04-13,5,Chronos-LoRA-V1,3.950000047683716,3.2579281522748036,4.077892601975904,5.138450357167389,0.0,0.0
RKLB,2023-04-13,5,Chronos-LoRA-V2,3.950000047683716,3.3113397176005166,4.085585905218168,5.0274498484438075,0.0,0.0
RKLB,2023-04-13,5,Chronos-LoRA-V3,3.950000047683716,3.2875854507567017,4.0870162147036195,5.107182957380659,0.0,0.0
RKLB,2023-04-13,10,Chronos-LoRA-V1,3.900000095367432,2.5766391803007074,4.039189581649861,6.390998176589125,0.0,0.0
RKLB,2023-04-13,10,Chronos-LoRA-V2,3.900000095367432,2.6700279034204897,4.055558244120503,6.117978502990562,0.0,0.0
RKLB,2023-04-13,10,Chronos-LoRA-V3,3.900000095367432,2.6203211586059743,4.053164697091408,6.314502776537011,0.0,0.0
RKLB,2023-04-13,20,Chronos-LoRA-V1,4.099999904632568,1.603283009972248,3.949675712570564,9.800081611189615,0.0,0.0
RKLB,2023-04-13,20,Chronos-LoRA-V2,4.099999904632568,1.738868952945992,3.9817293692935807,8.96862130202592,0.0,0.0
RKLB,2023-04-13,20,Chronos-LoRA-V3,4.099999904632568,1.6550099284740352,3.9800069073200235,9.61798917889568,0.0,0.0
RKLB,2023-05-16,1,Chronos-LoRA-V1,4.5,4.117453520182928,4.27319441780512,4.434591463386014,0.0,1.0
RKLB,2023-05-16,1,Chronos-LoRA-V2,4.5,4.124893725780154,4.276704877468087,4.429218604538523,0.0,1.0
RKLB,2023-05-16,1,Chronos-LoRA-V3,4.5,4.124036322200409,4.276277212661379,4.433042458681534,0.0,1.0
RKLB,2023-05-16,5,Chronos-LoRA-V1,4.519999980926514,3.535260911686198,4.247124198238172,5.113446041884723,0.0,0.0
RKLB,2023-05-16,5,Chronos-LoRA-V2,4.519999980926514,3.5631068645558415,4.262292075606925,5.085933004091756,0.0,0.0
RKLB,2023-05-16,5,Chronos-LoRA-V3,4.519999980926514,3.560732742012172,4.256040998656765,5.096081580843601,0.0,0.0
RKLB,2023-05-16,10,Chronos-LoRA-V1,4.579999923706055,2.9415707302848735,4.215816873825483,6.068590472717867,0.0,0.0
RKLB,2023-05-16,10,Chronos-LoRA-V2,4.579999923706055,2.9768743325464393,4.240435755811392,6.015398935043677,0.0,0.0
RKLB,2023-05-16,10,Chronos-LoRA-V3,4.579999923706055,2.9777726467476904,4.229789992984713,6.033022663048069,0.0,0.0
RKLB,2023-05-16,20,Chronos-LoRA-V1,5.690000057220459,2.0532152791085574,4.150119439947795,8.460359136741273,0.0,0.0
RKLB,2023-05-16,20,Chronos-LoRA-V2,5.690000057220459,2.0823263986454577,4.188510887803177,8.356124573268112,0.0,0.0
RKLB,2023-05-16,20,Chronos-LoRA-V3,5.690000057220459,2.1036459049112985,4.177535982868262,8.381837750746273,0.0,0.0
RKLB,2023-06-20,1,Chronos-LoRA-V1,5.900000095367432,5.571019447687312,5.810074154900502,6.061227755671539,0.0,0.0
RKLB,2023-06-20,1,Chronos-LoRA-V2,5.900000095367432,5.573690067317326,5.811680455284802,6.053138017971876,0.0,0.0
RKLB,2023-06-20,1,Chronos-LoRA-V3,5.900000095367432,5.576925125474256,5.814112322994058,6.063575880778993,0.0,0.0
RKLB,2023-06-20,5,Chronos-LoRA-V1,5.5,4.704972038585955,5.8050573189587045,7.188995746781405,0.0,0.0
RKLB,2023-06-20,5,Chronos-LoRA-V2,5.5,4.718711587739378,5.8156621261105395,7.145911818551829,0.0,0.0
RKLB,2023-06-20,5,Chronos-LoRA-V3,5.5,4.726096281551532,5.814997482674309,7.185742579888144,0.0,0.0
RKLB,2023-06-20,10,Chronos-LoRA-V1,5.860000133514404,3.815377124631832,5.798457343930502,8.863719037109549,0.0,0.0
RKLB,2023-06-20,10,Chronos-LoRA-V2,5.860000133514404,3.838603416809545,5.816053339970257,8.755187578158147,0.0,0.0
RKLB,2023-06-20,10,Chronos-LoRA-V3,5.860000133514404,3.84281115384989,5.811354691197432,8.853137584772242,0.0,0.0
RKLB,2023-06-20,20,Chronos-LoRA-V1,7.929999828338623,2.494210700403284,5.786019703618722,13.63828720230767,0.0,0.0
RKLB,2023-06-20,20,Chronos-LoRA-V2,7.929999828338623,2.530566679061429,5.807149561538346,13.157915472463394,0.0,0.0
RKLB,2023-06-20,20,Chronos-LoRA-V3,7.929999828338623,2.5343389686247493,5.798590164212377,13.520254141683827,0.0,0.0
RKLB,2023-07-24,1,Chronos-LoRA-V1,7.619999885559082,7.025826172210558,7.375900442941688,7.753348390210636,0.0,0.0
RKLB,2023-07-24,1,Chronos-LoRA-V2,7.619999885559082,7.042322349003806,7.384240564723225,7.739871332548555,0.0,0.0
RKLB,2023-07-24,1,Chronos-LoRA-V3,7.619999885559082,7.039339859790166,7.383406166989672,7.750257492765826,0.0,0.0
RKLB,2023-07-24,5,Chronos-LoRA-V1,7.369999885559082,5.720400408376712,7.321831634043964,9.4536970163801,0.0,0.0
RKLB,2023-07-24,5,Chronos-LoRA-V2,7.369999885559082,5.79671023671835,7.362413477654198,9.355869260647616,0.0,0.0
RKLB,2023-07-24,5,Chronos-LoRA-V3,7.369999885559082,5.771419755154408,7.342969484700547,9.404833427509777,0.0,0.0
RKLB,2023-07-24,10,Chronos-LoRA-V1,6.590000152587891,4.422102863493537,7.268633257294988,12.121739525483333,0.0,0.0
RKLB,2023-07-24,10,Chronos-LoRA-V2,6.590000152587891,4.554763259005807,7.338192208732455,11.821338251794993,0.0,0.0
RKLB,2023-07-24,10,Chronos-LoRA-V3,6.590000152587891,4.49011857446809,7.298420642801442,11.994879954911811,0.0,0.0
RKLB,2023-07-24,20,Chronos-LoRA-V1,5.880000114440918,2.693113673502753,7.118446267234721,19.32755277633745,0.0,0.0
RKLB,2023-07-24,20,Chronos-LoRA-V2,5.880000114440918,2.8435134356067637,7.257304010987262,18.474969353125882,0.0,0.0
RKLB,2023-07-24,20,Chronos-LoRA-V3,5.880000114440918,2.77537328775313,7.178881715445921,18.982511089641243,0.0,0.0
RKLB,2023-08-25,1,Chronos-LoRA-V1,5.929999828338623,5.5373540678920055,5.777025608565081,6.036089953438168,0.0,0.0
RKLB,2023-08-25,1,Chronos-LoRA-V2,5.929999828338623,5.532622113482948,5.782900419311733,6.04510574842728,0.0,0.0
RKLB,2023-08-25,1,Chronos-LoRA-V3,5.929999828338623,5.542567175320839,5.783902914650936,6.044715898674567,0.0,0.0
RKLB,2023-08-25,5,Chronos-LoRA-V1,6.340000152587891,4.627439383361104,5.716340826623607,7.124116567235523,0.0,0.0
RKLB,2023-08-25,5,Chronos-LoRA-V2,6.340000152587891,4.612174775841605,5.7513104858064805,7.1887919041398325,0.0,0.0
RKLB,2023-08-25,5,Chronos-LoRA-V3,6.340000152587891,4.6444050822324305,5.7396935286609905,7.161075334857961,0.0,0.0
RKLB,2023-08-25,10,Chronos-LoRA-V1,6.039999961853027,3.7000002987836624,5.643682470520845,8.730974947549004,0.0,0.0
RKLB,2023-08-25,10,Chronos-LoRA-V2,6.039999961853027,3.682428072913073,5.71173406695562,8.886749809386659,0.0,0.0
RKLB,2023-08-25,10,Chronos-LoRA-V3,6.039999961853027,3.716955888305238,5.68306391823992,8.830236583421287,0.0,0.0
RKLB,2023-08-25,20,Chronos-LoRA-V1,4.349999904632568,2.338702670983099,5.4911265399881275,13.250230288042554,0.0,0.0
RKLB,2023-08-25,20,Chronos-LoRA-V2,4.349999904632568,2.326454490445056,5.614144564148848,13.631759126722487,0.0,0.0
RKLB,2023-08-25,20,Chronos-LoRA-V3,4.349999904632568,2.3674680144914446,5.5561366427832,13.456308177201452,0.0,0.0
RKLB,2023-09-28,1,Chronos-LoRA-V1,4.380000114440918,4.129741131760872,4.32765748996576,4.534009309921643,0.0,0.0
RKLB,2023-09-28,1,Chronos-LoRA-V2,4.380000114440918,4.139363627709414,4.331376279719059,4.52832677122938,0.0,0.0
RKLB,2023-09-28,1,Chronos-LoRA-V3,4.380000114440918,4.135898311023015,4.331660202564427,4.535218510081731,0.0,0.0
RKLB,2023-09-28,5,Chronos-LoRA-V1,4.449999809265137,3.382208410660192,4.274219177523166,5.396111848524332,0.0,0.0
RKLB,2023-09-28,5,Chronos-LoRA-V2,4.449999809265137,3.422544195146415,4.294093857381622,5.36847895662019,0.0,0.0
RKLB,2023-09-28,5,Chronos-LoRA-V3,4.449999809265137,3.405865826692176,4.286701640394631,5.389071067794655,0.0,0.0
RKLB,2023-09-28,10,Chronos-LoRA-V1,4.420000076293945,2.6411437568418124,4.211361217725679,6.6757091854989845,0.0,0.0
RKLB,2023-09-28,10,Chronos-LoRA-V2,4.420000076293945,2.706359815925217,4.248541167430519,6.614768837989884,0.0,0.0
RKLB,2023-09-28,10,Chronos-LoRA-V3,4.420000076293945,2.6729094591556533,4.231619107538364,6.663040442244251,0.0,0.0
RKLB,2023-09-28,20,Chronos-LoRA-V1,4.28000020980835,1.5943205953997297,4.0836142660554415,10.306762003503191,0.0,0.0
RKLB,2023-09-28,20,Chronos-LoRA-V2,4.28000020980835,1.6839540075690103,4.1513223426218175,10.045011983488077,0.0,0.0
RKLB,2023-09-28,20,Chronos-LoRA-V3,4.28000020980835,1.637612678541363,4.120735764400162,10.246075309579533,0.0,0.0
RKLB,2023-10-31,1,Chronos-LoRA-V1,4.239999771118164,4.031713851524405,4.223779141827377,4.4202074714570685,0.0,0.0
RKLB,2023-10-31,1,Chronos-LoRA-V2,4.239999771118164,4.042290130558821,4.226077882381068,4.411882223149968,0.0,0.0
RKLB,2023-10-31,1,Chronos-LoRA-V3,4.239999771118164,4.0370368094611475,4.226902640260627,4.4208989232870115,0.0,0.0
RKLB,2023-10-31,5,Chronos-LoRA-V1,4.5,3.3242513275761714,4.193630958054724,5.254603041082682,0.0,0.0
RKLB,2023-10-31,5,Chronos-LoRA-V2,4.5,3.3667422259079527,4.205881521368494,5.2205094568820485,0.0,0.0
RKLB,2023-10-31,5,Chronos-LoRA-V3,4.5,3.343449979139812,4.202603483444877,5.252100552781455,0.0,0.0
RKLB,2023-10-31,10,Chronos-LoRA-V1,4.320000171661377,2.611878156458778,4.15710346285352,6.528839390792691,0.0,0.0
RKLB,2023-10-31,10,Chronos-LoRA-V2,4.320000171661377,2.6831956153547805,4.178382757213386,6.436281838400342,0.0,0.0
RKLB,2023-10-31,10,Chronos-LoRA-V3,4.320000171661377,2.6376112091515798,4.171174837231224,6.527046826775324,0.0,0.0
RKLB,2023-10-31,20,Chronos-LoRA-V1,4.389999866485596,1.6256061442818917,4.073517589942116,9.93295415601172,0.0,0.0
RKLB,2023-10-31,20,Chronos-LoRA-V2,4.389999866485596,1.7037692784955545,4.1126454977442215,9.713011459281887,0.0,0.0
RKLB,2023-10-31,20,Chronos-LoRA-V3,4.389999866485596,1.6585448834076444,4.0960513499065785,9.914905936919917,0.0,0.0
RKLB,2023-12-04,1,Chronos-LoRA-V1,4.449999809265137,4.38236846670563,4.572820562212653,4.7680734179864315,0.0,0.0
RKLB,2023-12-04,1,Chronos-LoRA-V2,4.449999809265137,4.391440524394588,4.574884055118937,4.758907893698698,0.0,0.0
RKLB,2023-12-04,1,Chronos-LoRA-V3,4.449999809265137,4.387254255214977,4.576185289019312,4.770144224077069,0.0,0.0
RKLB,2023-12-04,5,Chronos-LoRA-V1,4.659999847412109,3.659545511436277,4.543434598190172,5.6236803648975595,0.0,0.0
RKLB,2023-12-04,5,Chronos-LoRA-V2,4.659999847412109,3.7053136159353985,4.553502644082426,5.56337219653538,0.0,0.0
RKLB,2023-12-04,5,Chronos-LoRA-V3,4.659999847412109,3.6776565674225554,4.550583455568155,5.620124374085023,0.0,0.0
RKLB,2023-12-04,10,Chronos-LoRA-V1,4.489999771118164,2.9101412841296064,4.506502959463943,6.931490591839583,0.0,0.0
RKLB,2023-12-04,10,Chronos-LoRA-V2,4.489999771118164,2.994201191808782,4.52204483616205,6.759088314010281,0.0,0.0
RKLB,2023-12-04,10,Chronos-LoRA-V3,4.489999771118164,2.938535906438592,4.515477801423107,6.906732131989313,0.0,0.0
RKLB,2023-12-04,20,Chronos-LoRA-V1,5.099999904632568,1.838313329209039,4.416658248654165,10.440831812329808,0.0,0.0
RKLB,2023-12-04,20,Chronos-LoRA-V2,5.099999904632568,1.9501823561357443,4.450639112834434,9.933109315969299,0.0,0.0
RKLB,2023-12-04,20,Chronos-LoRA-V3,5.099999904632568,1.8818592165067238,4.436365299642157,10.323994804880213,0.0,0.0
RKLB,2024-01-08,1,Chronos-LoRA-V1,5.449999809265137,5.280648852456637,5.540496804868443,5.81008736740968,0.0,0.0
RKLB,2024-01-08,1,Chronos-LoRA-V2,5.449999809265137,5.284199278360235,5.545303082284821,5.8119386795909085,0.0,0.0
RKLB,2024-01-08,1,Chronos-LoRA-V3,5.449999809265137,5.288602284070243,5.545284878863365,5.811202262083897,0.0,0.0
RKLB,2024-01-08,5,Chronos-LoRA-V1,4.940000057220459,4.331692969747623,5.501684434988408,6.968571257118844,0.0,0.0
RKLB,2024-01-08,5,Chronos-LoRA-V2,4.940000057220459,4.342482678734251,5.527723576570403,6.993702604060167,0.0,0.0
RKLB,2024-01-08,5,Chronos-LoRA-V3,4.940000057220459,4.35691190111968,5.514438883696169,6.963352250958226,0.0,0.0
RKLB,2024-01-08,10,Chronos-LoRA-V1,5.079999923706055,3.383239829199973,5.458531450970648,8.740089118591625,0.0,0.0
RKLB,2024-01-08,10,Chronos-LoRA-V2,5.079999923706055,3.4039161122651613,5.506355041739225,8.79451952693877,0.0,0.0
RKLB,2024-01-08,10,Chronos-LoRA-V3,5.079999923706055,3.411759600530131,5.476627546912872,8.73277023374701,0.0,0.0
RKLB,2024-01-08,20,Chronos-LoRA-V1,4.260000228881836,2.034074092058303,5.3527334888510545,13.857489970563021,0.0,0.0
RKLB,2024-01-08,20,Chronos-LoRA-V2,4.260000228881836,2.060773352000897,5.442114412425557,13.985730194567285,0.0,0.0
RKLB,2024-01-08,20,Chronos-LoRA-V3,4.260000228881836,2.067828076130734,5.385493143429363,13.834919722537563,0.0,0.0
RKLB,2024-02-09,1,Chronos-LoRA-V1,4.71999979019165,4.139824135252655,4.3347859389322005,4.534911098980451,0.0,1.0
RKLB,2024-02-09,1,Chronos-LoRA-V2,4.71999979019165,4.149091653686727,4.338922604095139,4.532108040952657,0.0,1.0
RKLB,2024-02-09,1,Chronos-LoRA-V3,4.71999979019165,4.147694970311126,4.3392025075843605,4.535790509666889,0.0,1.0
RKLB,2024-02-09,5,Chronos-LoRA-V1,4.889999866485596,3.4294788310986504,4.311813823723141,5.3948475756246435,0.0,0.0
RKLB,2024-02-09,5,Chronos-LoRA-V2,4.889999866485596,3.4634597983478783,4.332760189867358,5.392359130222692,0.0,0.0
RKLB,2024-02-09,5,Chronos-LoRA-V3,4.889999866485596,3.458242958463701,4.325572907908239,5.388797962794956,0.0,0.0
RKLB,2024-02-09,10,Chronos-LoRA-V1,4.570000171661377,2.7083108569363414,4.287165287506649,6.700552230875101,0.0,0.0
RKLB,2024-02-09,10,Chronos-LoRA-V2,4.570000171661377,2.7665508840393755,4.325030939926408,6.684308833656764,0.0,0.0
RKLB,2024-02-09,10,Chronos-LoRA-V3,4.570000171661377,2.750324662830533,4.309417817732971,6.686418379998712,0.0,0.0
RKLB,2024-02-09,20,Chronos-LoRA-V1,4.480000019073486,1.6764205647931267,4.235134317223787,10.459311877232125,0.0,0.0
RKLB,2024-02-09,20,Chronos-LoRA-V2,4.480000019073486,1.7476376230642958,4.303224090975218,10.347506732454868,0.0,0.0
RKLB,2024-02-09,20,Chronos-LoRA-V3,4.480000019073486,1.7272146392026249,4.275046020177865,10.396193187459184,0.0,0.0
RKLB,2024-03-14,1,Chronos-LoRA-V1,4.119999885559082,3.971586950311531,4.162696536681454,4.358791060064798,0.0,0.0
RKLB,2024-03-14,1,Chronos-LoRA-V2,4.119999885559082,3.9859812494015707,4.166612471573634,4.350235152987028,0.0,0.0
RKLB,2024-03-14,1,Chronos-LoRA-V3,4.119999885559082,3.980787241091397,4.1666724736223495,4.357776512880616,0.0,0.0
RKLB,2024-03-14,5,Chronos-LoRA-V1,4.090000152587891,3.2607621112374594,4.134897307052889,5.220642759496605,0.0,0.0
RKLB,2024-03-14,5,Chronos-LoRA-V2,4.090000152587891,3.322480992998914,4.151776227892041,5.162137794776289,0.0,0.0
RKLB,2024-03-14,5,Chronos-LoRA-V3,4.090000152587891,3.2957380907197957,4.146638481481763,5.200846897712239,0.0,0.0
RKLB,2024-03-14,10,Chronos-LoRA-V1,4.110000133514404,2.5501998142771543,4.10334917550706,6.528320730365714,0.0,0.0
RKLB,2024-03-14,10,Chronos-LoRA-V2,4.110000133514404,2.652604646697054,4.13342241241003,6.372956819637319,0.0,0.0
RKLB,2024-03-14,10,Chronos-LoRA-V3,4.110000133514404,2.5996885504943985,4.122117352932579,6.474386308432033,0.0,0.0
RKLB,2024-03-14,20,Chronos-LoRA-V1,3.7300000190734863,1.5406412216179102,4.026247698662233,10.28333320012443,0.0,0.0
RKLB,2024-03-14,20,Chronos-LoRA-V2,3.7300000190734863,1.6723920910533132,4.084759812721553,9.754894436097619,0.0,0.0
RKLB,2024-03-14,20,Chronos-LoRA-V3,3.7300000190734863,1.6045985050699352,4.065381318900486,10.116905094969402,0.0,0.0
RKLB,2024-04-17,1,Chronos-LoRA-V1,3.549999952316284,3.419400458628376,3.5641686553571605,3.7114639882361784,0.0,0.0
RKLB,2024-04-17,1,Chronos-LoRA-V2,3.549999952316284,3.4273735210661416,3.5666677346286546,3.706160549276198,0.0,0.0
RKLB,2024-04-17,1,Chronos-LoRA-V3,3.549999952316284,3.4262159178685736,3.5672012246085383,3.7114067202229806,0.0,0.0
RKLB,2024-04-17,5,Chronos-LoRA-V1,3.690000057220459,2.8729375660841665,3.5388743470239192,4.341681141850271,0.0,0.0
RKLB,2024-04-17,5,Chronos-LoRA-V2,3.690000057220459,2.9098055864042016,3.5520305371159697,4.312699095890135,0.0,0.0
RKLB,2024-04-17,5,Chronos-LoRA-V3,3.690000057220459,2.9012925057404386,3.5481956108466286,4.330067063701792,0.0,0.0
RKLB,2024-04-17,10,Chronos-LoRA-V1,3.849999904632568,2.311181240508777,3.5121534339282867,5.2777159995748475,0.0,0.0
RKLB,2024-04-17,10,Chronos-LoRA-V2,3.849999904632568,2.3747750295317855,3.534621245408604,5.203229439367139,0.0,0.0
RKLB,2024-04-17,10,Chronos-LoRA-V3,3.849999904632568,2.35258216073041,3.526966816680404,5.252459674327325,0.0,0.0
RKLB,2024-04-17,20,Chronos-LoRA-V1,4.340000152587891,1.4891661621674235,3.4505924441380724,7.815870227000103,0.0,0.0
RKLB,2024-04-17,20,Chronos-LoRA-V2,4.340000152587891,1.5760758012600051,3.4901062474289493,7.542490932173065,0.0,0.0
RKLB,2024-04-17,20,Chronos-LoRA-V3,4.340000152587891,1.5432837166454856,3.475590566941818,7.718156643098734,0.0,0.0
RKLB,2024-05-20,1,Chronos-LoRA-V1,4.460000038146973,4.21509407651075,4.395806428505958,4.580533535991713,0.0,0.0
RKLB,2024-05-20,1,Chronos-LoRA-V2,4.460000038146973,4.224439621702025,4.3997624892120655,4.5757533341549115,0.0,0.0
RKLB,2024-05-20,1,Chronos-LoRA-V3,4.460000038146973,4.222161905055695,4.400215505078938,4.581375354373524,0.0,0.0
RKLB,2024-05-20,5,Chronos-LoRA-V1,4.389999866485596,3.548367468226916,4.374291934917223,5.378558915175207,0.0,0.0
RKLB,2024-05-20,5,Chronos-LoRA-V2,4.389999866485596,3.5898243670501278,4.395130868486982,5.354745441541449,0.0,0.0
RKLB,2024-05-20,5,Chronos-LoRA-V3,4.389999866485596,3.578175406116367,4.389391459472277,5.368371101304271,0.0,0.0
RKLB,2024-05-20,10,Chronos-LoRA-V1,4.28000020980835,2.8719051226193644,4.352522295678347,6.541274549700889,0.0,0.0
RKLB,2024-05-20,10,Chronos-LoRA-V2,4.28000020980835,2.9380932076379493,4.390431965388659,6.48845181092137,0.0,0.0
RKLB,2024-05-20,10,Chronos-LoRA-V3,4.28000020980835,2.9139095411194114,4.377018246460894,6.522508415630002,0.0,0.0
RKLB,2024-05-20,20,Chronos-LoRA-V1,4.909999847412109,1.8867490277404158,4.303203222164968,9.617913380323046,0.0,0.0
RKLB,2024-05-20,20,Chronos-LoRA-V2,4.909999847412109,1.968605832224238,4.367632194066819,9.442527495500267,0.0,0.0
RKLB,2024-05-20,20,Chronos-LoRA-V3,4.909999847412109,1.9468549559532318,4.346864516542208,9.545105021228117,0.0,0.0
RKLB,2024-06-24,1,Chronos-LoRA-V1,4.739999771118164,4.627151331210664,4.827577254292553,5.035775813552263,0.0,0.0
RKLB,2024-06-24,1,Chronos-LoRA-V2,4.739999771118164,4.639464076409384,4.832718708269054,5.029823627268051,0.0,0.0
RKLB,2024-06-24,1,Chronos-LoRA-V3,4.739999771118164,4.635801176275237,4.831965983366974,5.035926137486609,0.0,0.0
RKLB,2024-06-24,5,Chronos-LoRA-V1,4.539999961853027,3.9042941172030994,4.816360390899314,5.940881781373205,0.0,0.0
RKLB,2024-06-24,5,Chronos-LoRA-V2,4.539999961853027,3.9564007689410188,4.842312773668408,5.908621743508093,0.0,0.0
RKLB,2024-06-24,5,Chronos-LoRA-V3,4.539999961853027,3.9373267392016866,4.830833268290907,5.9322795663680425,0.0,0.0
RKLB,2024-06-24,10,Chronos-LoRA-V1,5.079999923706055,3.1668682508617017,4.801456825452535,7.268201181916162,0.0,0.0
RKLB,2024-06-24,10,Chronos-LoRA-V2,5.079999923706055,3.2505389846334274,4.850281073328129,7.1968945923487695,0.0,0.0
RKLB,2024-06-24,10,Chronos-LoRA-V3,5.079999923706055,3.211629818806807,4.8255826324960704,7.250886814287466,0.0,0.0
RKLB,2024-06-24,20,Chronos-LoRA-V1,5.400000095367432,2.0871778619384784,4.765572004878836,10.841321749643727,0.0,0.0
RKLB,2024-06-24,20,Chronos-LoRA-V2,5.400000095367432,2.1844560069043326,4.850947980869843,10.63696928726418,0.0,0.0
RKLB,2024-06-24,20,Chronos-LoRA-V3,5.400000095367432,2.1436188741424322,4.811245707429974,10.78877893179331,0.0,0.0
RKLB,2024-07-26,1,Chronos-LoRA-V1,5.320000171661377,5.183263698140098,5.403372098955451,5.633755251024395,0.0,0.0
RKLB,2024-07-26,1,Chronos-LoRA-V2,5.320000171661377,5.19539475728753,5.407216404485534,5.623055672276837,0.0,0.0
RKLB,2024-07-26,1,Chronos-LoRA-V3,5.320000171661377,5.19290793111355,5.408272553834491,5.634827325107084,0.0,0.0
RKLB,2024-07-26,5,Chronos-LoRA-V1,4.809999942779541,4.398749167441786,5.408480803736443,6.6666857553480465,0.0,0.0
RKLB,2024-07-26,5,Chronos-LoRA-V2,4.809999942779541,4.4528973214711245,5.431502495240976,6.608467336040693,0.0,0.0
RKLB,2024-07-26,5,Chronos-LoRA-V3,4.809999942779541,4.434364689757107,5.4248848039849324,6.6604545023057975,0.0,0.0
RKLB,2024-07-26,10,Chronos-LoRA-V1,5.369999885559082,3.578246433918273,5.412748918608871,8.222903901637089,0.0,0.0
RKLB,2024-07-26,10,Chronos-LoRA-V2,5.369999885559082,3.6740373617289053,5.456619048903549,8.06824801172806,0.0,0.0
RKLB,2024-07-26,10,Chronos-LoRA-V3,5.369999885559082,3.628767835628209,5.440533376125876,8.21176213277403,0.0,0.0
RKLB,2024-07-26,20,Chronos-LoRA-V1,6.960000038146973,2.3701412164714637,5.426232800958649,12.510388023997455,0.0,0.0
RKLB,2024-07-26,20,Chronos-LoRA-V2,6.960000038146973,2.497951077330235,5.500069813661976,11.989897833530804,0.0,0.0
RKLB,2024-07-26,20,Chronos-LoRA-V3,6.960000038146973,2.4401066101397078,5.4785105009839885,12.438720498562898,0.0,0.0
RKLB,2024-08-28,1,Chronos-LoRA-V1,6.230000019073486,5.797621995638215,6.086397255424228,6.384712978494614,0.0,0.0
RKLB,2024-08-28,1,Chronos-LoRA-V2,6.230000019073486,5.7936629764328815,6.09188767370664,6.392536009668813,0.0,0.0
RKLB,2024-08-28,1,Chronos-LoRA-V3,6.230000019073486,5.809321274230964,6.092192265436023,6.384254826225196,0.0,0.0
RKLB,2024-08-28,5,Chronos-LoRA-V1,6.079999923706055,4.768005555031728,6.067055213305956,7.6981942954155285,0.0,0.0
RKLB,2024-08-28,5,Chronos-LoRA-V2,6.079999923706055,4.75580193904148,6.1038328339155425,7.759671989576321,0.0,0.0
RKLB,2024-08-28,5,Chronos-LoRA-V3,6.079999923706055,4.810012979591485,6.089315657067428,7.683578274229275,0.0,0.0
RKLB,2024-08-28,10,Chronos-LoRA-V1,6.860000133514404,3.7515899474084407,6.0457750400472685,9.663647800033926,0.0,0.0
RKLB,2024-08-28,10,Chronos-LoRA-V2,6.860000133514404,3.731494601934655,6.120203888215999,9.834687178508663,0.0,0.0
RKLB,2024-08-28,10,Chronos-LoRA-V3,6.860000133514404,3.8023449210229536,6.083714439466281,9.643834214683622,0.0,0.0
RKLB,2024-08-28,20,Chronos-LoRA-V1,8.6899995803833,2.3173027140278624,6.008526043384589,15.262828873127056,0.0,0.0
RKLB,2024-08-28,20,Chronos-LoRA-V2,8.6899995803833,2.2906982373045484,6.1353613022751174,15.75238958209279,0.0,0.0
RKLB,2024-08-28,20,Chronos-LoRA-V3,8.6899995803833,2.3797254260520013,6.072133525130874,15.184969198101287,0.0,0.0
RKLB,2024-10-01,1,Chronos-LoRA-V1,9.710000038146973,8.781412600255035,9.229758102240595,9.706341024584226,0.0,1.0
RKLB,2024-10-01,1,Chronos-LoRA-V2,9.710000038146973,8.796011423748434,9.242052794832876,9.70453729509697,0.0,1.0
RKLB,2024-10-01,1,Chronos-LoRA-V3,9.710000038146973,8.798833863228937,9.23949696531407,9.707351285567173,0.0,1.0
RKLB,2024-10-01,5,Chronos-LoRA-V1,9.40999984741211,7.2126175973540185,9.218744488071858,11.824402590201798,0.0,0.0
RKLB,2024-10-01,5,Chronos-LoRA-V2,9.40999984741211,7.274399752623716,9.283973082519083,11.83312863336385,0.0,0.0
RKLB,2024-10-01,5,Chronos-LoRA-V3,9.40999984741211,7.269396242553998,9.252775998312313,11.810643775352261,0.0,0.0
RKLB,2024-10-01,10,Chronos-LoRA-V1,9.9399995803833,5.646382792785464,9.21794495960048,15.123829606877822,0.0,0.0
RKLB,2024-10-01,10,Chronos-LoRA-V2,9.9399995803833,5.759453442495662,9.339517735189009,15.100567106020094,0.0,0.0
RKLB,2024-10-01,10,Chronos-LoRA-V3,9.9399995803833,5.724902351910054,9.27343073454181,15.063261061061102,0.0,0.0
RKLB,2024-10-01,20,Chronos-LoRA-V1,11.470000267028809,3.4261990295562583,9.19031081069465,24.905144801556677,0.0,0.0
RKLB,2024-10-01,20,Chronos-LoRA-V2,11.470000267028809,3.593303260662061,9.406711129985544,24.52503799212236,0.0,0.0
RKLB,2024-10-01,20,Chronos-LoRA-V3,11.470000267028809,3.5219055388488,9.29272752357767,24.64093105666929,0.0,0.0
RKLB,2024-11-01,1,Chronos-LoRA-V1,11.25,10.896295474386203,11.430180786545053,11.987405850298005,0.0,0.0
RKLB,2024-11-01,1,Chronos-LoRA-V2,11.25,10.927578331668016,11.443448003515043,11.971011142251577,0.0,0.0
RKLB,2024-11-01,1,Chronos-LoRA-V3,11.25,10.921498269982951,11.442390206157883,11.986393439371982,0.0,0.0
RKLB,2024-11-01,5,Chronos-LoRA-V1,13.510000228881836,9.067998197206885,11.454197065509975,14.458915474482351,0.0,0.0
RKLB,2024-11-01,5,Chronos-LoRA-V2,13.510000228881836,9.190813487077204,11.527341094213373,14.398572892106879,0.0,0.0
RKLB,2024-11-01,5,Chronos-LoRA-V3,13.510000228881836,9.149560680876665,11.495931769865646,14.439148970234427,0.0,0.0
RKLB,2024-11-01,10,Chronos-LoRA-V1,19.0,7.247684314909436,11.491066078533077,18.15734907543475,0.0,1.0
RKLB,2024-11-01,10,Chronos-LoRA-V2,19.0,7.44056420903113,11.63136409449192,18.02879630697428,0.0,1.0
RKLB,2024-11-01,10,Chronos-LoRA-V3,19.0,7.344084146101779,11.563264471766038,18.14658862501716,0.0,1.0
RKLB,2024-11-01,20,Chronos-LoRA-V1,24.155000686645508,4.545459947154442,11.506545455347757,28.84277756381924,0.0,0.0
RKLB,2024-11-01,20,Chronos-LoRA-V2,24.155000686645508,4.828523809671267,11.77049925763558,28.241059168982595,0.0,0.0
RKLB,2024-11-01,20,Chronos-LoRA-V3,24.155000686645508,4.662866050752716,11.644590637187129,28.91969043728387,0.0,0.0
RKLB,2024-12-05,1,Chronos-LoRA-V1,24.68000030517578,22.668352340495552,23.964757763216017,25.358619418193427,0.0,0.0
RKLB,2024-12-05,1,Chronos-LoRA-V2,24.68000030517578,22.702169274976878,23.992181717796594,25.312698856643127,0.0,0.0
RKLB,2024-12-05,1,Chronos-LoRA-V3,24.68000030517578,22.713234010464358,23.990091009800604,25.33721298549825,0.0,0.0
RKLB,2024-12-05,5,Chronos-LoRA-V1,22.57999992370605,18.261432727239434,24.11790174357643,32.0567735490513,0.0,0.0
RKLB,2024-12-05,5,Chronos-LoRA-V2,22.57999992370605,18.408172955788498,24.274408257979314,31.81200784627605,0.0,0.0
RKLB,2024-12-05,5,Chronos-LoRA-V3,22.57999992370605,18.385799037731363,24.191814855342088,31.831266165503603,0.0,0.0
RKLB,2024-12-05,10,Chronos-LoRA-V1,23.21999931335449,13.976010766120764,24.339404079603852,42.887703981697975,0.0,0.0
RKLB,2024-12-05,10,Chronos-LoRA-V2,23.21999931335449,14.201517326636377,24.65091185948154,42.221651723164946,0.0,0.0
RKLB,2024-12-05,10,Chronos-LoRA-V3,23.21999931335449,14.107164772656363,24.45797581533313,42.31202653519626,0.0,0.0
RKLB,2024-12-05,20,Chronos-LoRA-V1,28.799999237060547,8.167717195309221,24.73680119004359,77.39920446003855,0.0,0.0
RKLB,2024-12-05,20,Chronos-LoRA-V2,28.799999237060547,8.431675012508476,25.316861569451326,74.38564653560901,0.0,0.0
RKLB,2024-12-05,20,Chronos-LoRA-V3,28.799999237060547,8.304296393681197,24.942943809348712,75.08051615925211,0.0,0.0
RKLB,2025-01-10,1,Chronos-LoRA-V1,23.90999984741211,25.484682008212136,26.96418534180658,28.54133587775315,1.0,0.0
RKLB,2025-01-10,1,Chronos-LoRA-V2,23.90999984741211,25.592884626307022,27.000320445661536,28.458844274903946,1.0,0.0
RKLB,2025-01-10,1,Chronos-LoRA-V3,23.90999984741211,25.566588530658613,26.992667066880845,28.508894548692325,1.0,0.0
RKLB,2025-01-10,5,Chronos-LoRA-V1,24.0,20.357073547960486,27.141932134626284,36.34005793908272,0.0,0.0
RKLB,2025-01-10,5,Chronos-LoRA-V2,24.0,20.867366902352995,27.340178340448393,35.748774855332286,0.0,0.0
RKLB,2025-01-10,5,Chronos-LoRA-V3,24.0,20.661539280073324,27.24187804528751,36.03313551814046,0.0,0.0
RKLB,2025-01-10,10,Chronos-LoRA-V1,29.43000030517578,15.363497700077977,27.39680791694089,49.225782694599424,0.0,0.0
RKLB,2025-01-10,10,Chronos-LoRA-V2,29.43000030517578,16.19902406886439,27.795469131736223,47.42536023005914,0.0,0.0
RKLB,2025-01-10,10,Chronos-LoRA-V3,29.43000030517578,15.776600187869573,27.57119044315777,48.344397610562055,0.0,0.0
RKLB,2025-01-10,20,Chronos-LoRA-V1,30.600000381469727,8.678573459445555,27.806916552462248,91.64561819222847,0.0,0.0
RKLB,2025-01-10,20,Chronos-LoRA-V2,30.600000381469727,9.62497677604983,28.59622271070588,84.52504871456254,0.0,0.0
RKLB,2025-01-10,20,Chronos-LoRA-V3,30.600000381469727,9.124301973241902,28.153703196484603,88.08014443532778,0.0,0.0
RKLB,2025-02-14,1,Chronos-LoRA-V1,27.739999771118164,26.42780217206704,28.052891581122168,29.771418177315326,0.0,0.0
RKLB,2025-02-14,1,Chronos-LoRA-V2,27.739999771118164,26.565553555804787,28.09482485706267,29.68504476829569,0.0,0.0
RKLB,2025-02-14,1,Chronos-LoRA-V3,27.739999771118164,26.518529141954346,28.08683997556664,29.7529786959524,0.0,0.0
RKLB,2025-02-14,5,Chronos-LoRA-V1,22.489999771118164,20.825995424195145,28.13731196244728,38.123401803654744,0.0,0.0
RKLB,2025-02-14,5,Chronos-LoRA-V2,22.489999771118164,21.397658051622663,28.374559844314575,37.575116311407434,0.0,0.0
RKLB,2025-02-14,5,Chronos-LoRA-V3,22.489999771118164,21.14428780693944,28.258457850102644,37.86277522451771,0.0,0.0
RKLB,2025-02-14,10,Chronos-LoRA-V1,18.65999984741211,15.48975066757542,28.25975810794699,51.84180452089829,0.0,0.0
RKLB,2025-02-14,10,Chronos-LoRA-V2,18.65999984741211,16.36206097463904,28.734175377674557,50.26666626289956,0.0,0.0
RKLB,2025-02-14,10,Chronos-LoRA-V3,18.65999984741211,15.910512032510288,28.47952982634914,51.15251317418695,0.0,0.0
RKLB,2025-02-14,20,Chronos-LoRA-V1,19.100000381469727,8.595750202883691,28.42233999708174,96.06959979036162,0.0,0.0
RKLB,2025-02-14,20,Chronos-LoRA-V2,19.100000381469727,9.463519031574265,29.363225365486663,90.74524518188335,0.0,0.0
RKLB,2025-02-14,20,Chronos-LoRA-V3,19.100000381469727,9.0059979208642,28.873226350893425,94.01425823581663,0.0,0.0
RKLB,2025-03-20,1,Chronos-LoRA-V1,18.940000534057617,17.337141183180634,18.547738636035202,19.828357889321847,0.0,0.0
RKLB,2025-03-20,1,Chronos-LoRA-V2,18.940000534057617,17.433168149037915,18.58217624254823,19.779716209382315,0.0,0.0
RKLB,2025-03-20,1,Chronos-LoRA-V3,18.940000534057617,17.413362254751515,18.56582845853686,19.78423141593625,0.0,0.0
RKLB,2025-03-20,5,Chronos-LoRA-V1,18.420000076293945,13.281350770299806,18.61123153236563,26.004371085134455,0.0,0.0
RKLB,2025-03-20,5,Chronos-LoRA-V2,18.420000076293945,13.663230449835511,18.79104469650425,25.712834778934262,0.0,0.0
RKLB,2025-03-20,5,Chronos-LoRA-V3,18.420000076293945,13.562553036201345,18.664749137034384,25.607248054074198,0.0,0.0
RKLB,2025-03-20,10,Chronos-LoRA-V1,17.889999389648438,9.594452162881524,18.69051821891717,36.26133806127695,0.0,0.0
RKLB,2025-03-20,10,Chronos-LoRA-V2,17.889999389648438,10.136381664640215,19.053244793644666,35.5470809948486,0.0,0.0
RKLB,2025-03-20,10,Chronos-LoRA-V3,17.889999389648438,9.948049434270146,18.786253208974145,35.26977658957875,0.0,0.0
RKLB,2025-03-20,20,Chronos-LoRA-V1,19.739999771118164,4.999307798897882,18.78515116437278,70.53278021333935,0.0,0.0
RKLB,2025-03-20,20,Chronos-LoRA-V2,19.739999771118164,5.544235951882247,19.490232488040274,67.81366049832727,0.0,0.0
RKLB,2025-03-20,20,Chronos-LoRA-V3,19.739999771118164,5.352455797600743,18.957731807595938,66.810243597904,0.0,0.0
RKLB,2025-04-23,1,Chronos-LoRA-V1,21.8799991607666,18.923233759675036,20.31297365070993,21.82145144359624,0.0,1.0
RKLB,2025-04-23,1,Chronos-LoRA-V2,21.8799991607666,19.016008917720157,20.349425420829842,21.7556381627965,0.0,1.0
RKLB,2025-04-23,1,Chronos-LoRA-V3,21.8799991607666,19.014049155024523,20.337761547341504,21.757551906715747,0.0,1.0
RKLB,2025-04-23,5,Chronos-LoRA-V1,21.790000915527344,14.314900899933209,20.4178640003693,29.377052888921117,0.0,0.0
RKLB,2025-04-23,5,Chronos-LoRA-V2,21.790000915527344,14.6958369458438,20.619983655669444,28.895954732381174,0.0,0.0
RKLB,2025-04-23,5,Chronos-LoRA-V3,21.790000915527344,14.626320408998742,20.497786376089586,28.766430204362607,0.0,0.0
RKLB,2025-04-23,10,Chronos-LoRA-V1,22.290000915527344,10.151246380498216,20.548436571020726,42.385441885711266,0.0,0.0
RKLB,2025-04-23,10,Chronos-LoRA-V2,22.290000915527344,10.71679784045741,20.94402292721016,40.89338501963829,0.0,0.0
RKLB,2025-04-23,10,Chronos-LoRA-V3,22.290000915527344,10.554535150123002,20.694894491849787,40.69021197763135,0.0,0.0
RKLB,2025-04-23,20,Chronos-LoRA-V1,25.170000076293945,5.262919734662891,20.824186540097084,85.87781259117442,0.0,0.0
RKLB,2025-04-23,20,Chronos-LoRA-V2,25.170000076293945,5.713713017043406,21.540667327217626,81.40067809931162,0.0,0.0
RKLB,2025-04-23,20,Chronos-LoRA-V3,25.170000076293945,5.629846845713224,21.096837668549842,80.10506663485636,0.0,0.0
RKLB,2025-05-27,1,Chronos-LoRA-V1,28.93000030517578,26.996491427621034,28.82197992271607,30.762063448839662,0.0,0.0
RKLB,2025-05-27,1,Chronos-LoRA-V2,28.93000030517578,27.11876900232453,28.858295642218426,30.675984925426857,0.0,0.0
RKLB,2025-05-27,1,Chronos-LoRA-V3,28.93000030517578,27.111857733007813,28.852984074624388,30.708862182127486,0.0,0.0
RKLB,2025-05-27,5,Chronos-LoRA-V1,26.71999931335449,21.026717447946453,29.02195337516934,39.93580743511964,0.0,0.0
RKLB,2025-05-27,5,Chronos-LoRA-V2,26.71999931335449,21.535219014665465,29.264756302939,39.562356762420286,0.0,0.0
RKLB,2025-05-27,5,Chronos-LoRA-V3,26.71999931335449,21.4199871675988,29.117494496896857,39.52960216837827,0.0,0.0
RKLB,2025-05-27,10,Chronos-LoRA-V1,27.170000076293945,15.360572678982189,29.261471232799412,55.20910178565198,0.0,0.0
RKLB,2025-05-27,10,Chronos-LoRA-V2,27.170000076293945,16.181828798861748,29.759155658547666,54.01047769035133,0.0,0.0
RKLB,2025-05-27,10,Chronos-LoRA-V3,27.170000076293945,15.90808580675925,29.43029526358761,54.051313531275895,0.0,0.0
RKLB,2025-05-27,20,Chronos-LoRA-V1,32.349998474121094,8.521579627963593,29.802970522206536,103.41936986122442,0.0,0.0
RKLB,2025-05-27,20,Chronos-LoRA-V2,32.349998474121094,9.159958075755117,30.632735105434772,100.15483571398137,0.0,0.0
RKLB,2025-05-27,20,Chronos-LoRA-V3,32.349998474121094,8.973683499896667,30.063175591361265,100.20850569324064,0.0,0.0
RKLB,2025-06-30,1,Chronos-LoRA-V1,34.33000183105469,33.66173192269784,35.818176802095785,38.13521135087409,0.0,0.0
RKLB,2025-06-30,1,Chronos-LoRA-V2,34.33000183105469,33.80475244511856,35.87195215081342,38.03003157680427,0.0,0.0
RKLB,2025-06-30,1,Chronos-LoRA-V3,34.33000183105469,33.79510071805813,35.85829883254972,38.07156213213784,0.0,0.0
RKLB,2025-06-30,5,Chronos-LoRA-V1,38.7400016784668,26.4181396510541,35.975131668024495,49.1292504314207,0.0,0.0
RKLB,2025-06-30,5,Chronos-LoRA-V2,38.7400016784668,26.994982338419742,36.277649028286504,48.59821128190459,0.0,0.0
RKLB,2025-06-30,5,Chronos-LoRA-V3,38.7400016784668,26.906535365144947,36.11138532504552,48.63760759429896,0.0,0.0
RKLB,2025-06-30,10,Chronos-LoRA-V1,44.59999847412109,19.34752412669678,36.168554216097476,67.91212311350165,0.0,0.0
RKLB,2025-06-30,10,Chronos-LoRA-V2,44.59999847412109,20.345276771262377,36.7916185246508,65.91293039559142,0.0,0.0
RKLB,2025-06-30,10,Chronos-LoRA-V3,44.59999847412109,20.05701477111825,36.41063492734225,66.2994862513394,0.0,0.0
RKLB,2025-06-30,20,Chronos-LoRA-V1,43.790000915527344,10.89646012342584,36.58607037740349,126.16012610333416,0.0,0.0
RKLB,2025-06-30,20,Chronos-LoRA-V2,43.790000915527344,11.742028353235613,37.649428096813914,119.06241101559684,0.0,0.0
RKLB,2025-06-30,20,Chronos-LoRA-V3,43.790000915527344,11.602788044864239,36.99640088004456,120.28187507215728,0.0,0.0
RKLB,2025-08-01,1,Chronos-LoRA-V1,44.540000915527344,42.333386015055495,44.84479902332959,47.59323950717499,0.0,0.0
RKLB,2025-08-01,1,Chronos-LoRA-V2,44.540000915527344,42.436360497086376,44.921120138059905,47.544295163394395,0.0,0.0
RKLB,2025-08-01,1,Chronos-LoRA-V3,44.540000915527344,42.43727077618314,44.89474258223863,47.561622596904066,0.0,0.0
RKLB,2025-08-01,5,Chronos-LoRA-V1,44.68999862670898,33.64276370792604,44.938398434628525,60.68535767301777,0.0,0.0
RKLB,2025-08-01,5,Chronos-LoRA-V2,44.68999862670898,34.11950596088865,45.33251522501876,60.38120207151449,0.0,0.0
RKLB,2025-08-01,5,Chronos-LoRA-V3,44.68999862670898,34.089369956212,45.0988030562517,60.22950793763904,0.0,0.0
RKLB,2025-08-01,10,Chronos-LoRA-V1,44.27000045776367,25.18376302805479,45.141013211469854,82.2901677296631,0.0,0.0
RKLB,2025-08-01,10,Chronos-LoRA-V2,44.27000045776367,26.022370345907426,45.90640308061888,81.11705464705616,0.0,0.0
RKLB,2025-08-01,10,Chronos-LoRA-V3,44.27000045776367,25.85037409067229,45.40160452023575,80.90271475395252,0.0,0.0
RKLB,2025-08-01,20,Chronos-LoRA-V1,48.59999847412109,14.287925110271747,45.41538389869761,151.2979757774378,0.0,0.0
RKLB,2025-08-01,20,Chronos-LoRA-V2,48.59999847412109,15.10815841255966,46.79880133028477,146.0945851510621,0.0,0.0
RKLB,2025-08-01,20,Chronos-LoRA-V3,48.59999847412109,14.961699721402752,45.87988961277565,146.31267206912742,0.0,0.0
RKLB,2025-09-04,1,Chronos-LoRA-V1,45.84000015258789,40.67718943083541,43.04292270930123,45.55681486395952,0.0,1.0
RKLB,2025-09-04,1,Chronos-LoRA-V2,45.84000015258789,40.74578163352128,43.113622861785,45.56893903089948,0.0,1.0
RKLB,2025-09-04,1,Chronos-LoRA-V3,45.84000015258789,40.76460412822033,43.08775523764002,45.54919864022461,0.0,1.0
RKLB,2025-09-04,5,Chronos-LoRA-V1,48.43000030517578,32.449238590392284,43.29234286855876,57.80452291352287,0.0,0.0
RKLB,2025-09-04,5,Chronos-LoRA-V2,48.43000030517578,32.93965930222833,43.642506080235044,57.59848117440973,0.0,0.0
RKLB,2025-09-04,5,Chronos-LoRA-V3,48.43000030517578,32.88227135141006,43.40760858911598,57.41738525415946,0.0,0.0
RKLB,2025-09-04,10,Chronos-LoRA-V1,47.18000030517578,24.475113533830424,43.63919085431528,77.34978875615572,0.0,0.0
RKLB,2025-09-04,10,Chronos-LoRA-V2,47.18000030517578,25.411849007066664,44.34503731162036,76.46357472311585,0.0,0.0
RKLB,2025-09-04,10,Chronos-LoRA-V3,47.18000030517578,25.1739465090167,43.846970027953375,76.27769662524486,0.0,0.0
RKLB,2025-09-04,20,Chronos-LoRA-V1,52.470001220703125,13.68287718288219,44.101840396093124,140.86881744700213,0.0,0.0
RKLB,2025-09-04,20,Chronos-LoRA-V2,52.470001220703125,14.974131969139169,45.424057200747384,134.73549956137776,0.0,0.0
RKLB,2025-09-04,20,Chronos-LoRA-V3,52.470001220703125,14.599074103023245,44.47461994442203,135.64887973163678,0.0,0.0
RKLB,2025-10-07,1,Chronos-LoRA-V1,65.30999755859375,57.92514669404855,61.70697784039279,65.71387471847306,0.0,0.0
RKLB,2025-10-07,1,Chronos-LoRA-V2,65.30999755859375,58.275467585405174,61.80665128693794,65.45206548950546,0.0,0.0
RKLB,2025-10-07,1,Chronos-LoRA-V3,65.30999755859375,58.17714929133288,61.7881576219072,65.61730769573933,0.0,0.0
RKLB,2025-10-07,5,Chronos-LoRA-V1,68.02999877929688,45.57318926773486,62.29879919213681,85.01154696665004,0.0,0.0
RKLB,2025-10-07,5,Chronos-LoRA-V2,68.02999877929688,46.912167421755896,62.861306678942384,83.70245262251544,0.0,0.0
RKLB,2025-10-07,5,Chronos-LoRA-V3,68.02999877929688,46.4384995970847,62.572840213749664,84.28878488108136,0.0,0.0
RKLB,2025-10-07,10,Chronos-LoRA-V1,65.4000015258789,33.76657439853429,63.08631059470075,117.16695873261035,0.0,0.0
RKLB,2025-10-07,10,Chronos-LoRA-V2,65.4000015258789,35.841527531899104,64.19147957965379,113.29536000966155,0.0,0.0
RKLB,2025-10-07,10,Chronos-LoRA-V3,65.4000015258789,34.895641928576545,63.5575596580027,115.23696853626718,0.0,0.0
RKLB,2025-10-07,20,Chronos-LoRA-V1,56.56999969482422,18.206725865396315,64.66112352383816,228.647187454331,0.0,0.0
RKLB,2025-10-07,20,Chronos-LoRA-V2,56.56999969482422,20.641014166175246,66.6902936195365,209.70342835663266,0.0,0.0
RKLB,2025-10-07,20,Chronos-LoRA-V3,56.56999969482422,19.533682737101064,65.53986923055857,219.05886924464954,0.0,0.0
RKLB,2025-11-07,1,Chronos-LoRA-V1,51.900001525878906,48.38058777410505,51.75120498054844,55.33218884612814,0.0,0.0
RKLB,2025-11-07,1,Chronos-LoRA-V2,51.900001525878906,48.6475570925218,51.84915700523234,55.19010994780748,0.0,0.0
RKLB,2025-11-07,1,Chronos-LoRA-V3,51.900001525878906,48.59918757855749,51.82047543120131,55.25291755616278,0.0,0.0
RKLB,2025-11-07,5,Chronos-LoRA-V1,45.540000915527344,37.30120060591522,52.17312855506309,72.85789312046327,0.0,0.0
RKLB,2025-11-07,5,Chronos-LoRA-V2,45.540000915527344,38.437351704889764,52.74804311757644,72.0224203998201,0.0,0.0
RKLB,2025-11-07,5,Chronos-LoRA-V3,45.540000915527344,38.09562519927993,52.42253372329415,72.13967462569417,0.0,0.0
RKLB,2025-11-07,10,Chronos-LoRA-V1,40.29999923706055,26.97972891503115,52.76342506245871,102.39810817343184,0.0,0.0
RKLB,2025-11-07,10,Chronos-LoRA-V2,40.29999923706055,28.73118013367659,53.905260664551754,99.89165177875117,0.0,0.0
RKLB,2025-11-07,10,Chronos-LoRA-V3,40.29999923706055,28.042666016162908,53.212773955116305,100.44961214143974,0.0,0.0
RKLB,2025-11-07,20,Chronos-LoRA-V1,51.560001373291016,13.963220452578911,53.834058966593695,205.28753093507356,0.0,0.0
RKLB,2025-11-07,20,Chronos-LoRA-V2,51.560001373291016,15.95509299292095,56.026201956979584,191.7012418391971,0.0,0.0
RKLB,2025-11-07,20,Chronos-LoRA-V3,51.560001373291016,15.104809776315992,54.68817333945917,196.19402034130385,0.0,0.0
RKLB,2025-12-11,1,Chronos-LoRA-V1,61.4900016784668,59.51013628128656,63.73322786734969,68.25979051895054,0.0,0.0
RKLB,2025-12-11,1,Chronos-LoRA-V2,61.4900016784668,59.889150093023886,63.85904440502776,68.0137758775472,0.0,0.0
RKLB,2025-12-11,1,Chronos-LoRA-V3,61.4900016784668,59.77007862562537,63.82338161529139,68.17867881332548,0.0,0.0
RKLB,2025-12-11,5,Chronos-LoRA-V1,59.91999816894531,45.954928802100035,64.44603259022801,90.37505140664742,0.0,0.0
RKLB,2025-12-11,5,Chronos-LoRA-V2,59.91999816894531,47.428415324403154,65.128587734505,89.0209233438763,0.0,0.0
RKLB,2025-12-11,5,Chronos-LoRA-V3,59.91999816894531,46.7755939941675,64.73409606773687,89.64083253455253,0.0,0.0
RKLB,2025-12-11,10,Chronos-LoRA-V1,70.6500015258789,33.26752316274777,65.2967690639575,127.8342398019525,0.0,0.0
RKLB,2025-12-11,10,Chronos-LoRA-V2,70.6500015258789,35.52900502134086,66.64101258974941,123.75821976165028,0.0,0.0
RKLB,2025-12-11,10,Chronos-LoRA-V3,70.6500015258789,34.3185991698474,65.79896372336333,125.9509979549491,0.0,0.0
RKLB,2025-12-11,20,Chronos-LoRA-V1,87.9000015258789,16.906457984672464,66.8270667104145,263.12718510569584,0.0,0.0
RKLB,2025-12-11,20,Chronos-LoRA-V2,87.9000015258789,19.603027088531654,69.50035624165223,241.1057231870384,0.0,0.0
RKLB,2025-12-11,20,Chronos-LoRA-V3,87.9000015258789,18.072561076820044,67.80262310344628,253.22356149382313,0.0,0.0
RKLB,2026-01-15,1,Chronos-LoRA-V1,96.3000030517578,84.70596984762264,91.05418069495468,97.85978620762978,0.0,0.0
RKLB,2026-01-15,1,Chronos-LoRA-V2,96.3000030517578,85.58129817164858,91.22618786322816,97.1109245216714,0.0,0.0
RKLB,2026-01-15,1,Chronos-LoRA-V3,96.3000030517578,85.12117253875702,91.16503911673865,97.60893276085876,0.0,0.0
RKLB,2026-01-15,5,Chronos-LoRA-V1,88.9000015258789,64.52079120556763,92.1345803306067,131.36638134920094,0.0,0.0
RKLB,2026-01-15,5,Chronos-LoRA-V2,88.9000015258789,67.64666444033959,93.05779773726472,127.37520122664262,0.0,0.0
RKLB,2026-01-15,5,Chronos-LoRA-V3,88.9000015258789,65.72565094965937,92.48580870788827,129.7737578235633,0.0,0.0
RKLB,2026-01-15,10,Chronos-LoRA-V1,80.06999969482422,45.82723163477478,93.47423874226986,189.7518348474551,0.0,0.0
RKLB,2026-01-15,10,Chronos-LoRA-V2,80.06999969482422,50.519631703712264,95.36309262555113,178.49908281606238,0.0,0.0
RKLB,2026-01-15,10,Chronos-LoRA-V3,80.06999969482422,47.37952703339607,94.12080517909595,185.7375572088382,0.0,0.0
RKLB,2026-01-15,20,Chronos-LoRA-V1,67.44000244140625,22.328475097273838,95.94900898923325,411.8643529846685,0.0,0.0
RKLB,2026-01-15,20,Chronos-LoRA-V2,67.44000244140625,27.578738453925293,99.72275673061637,355.5724931009339,0.0,0.0
RKLB,2026-01-15,20,Chronos-LoRA-V3,67.44000244140625,24.113706720601012,97.21790635568459,388.4855104341621,0.0,0.0
RKLB,2026-02-19,1,Chronos-LoRA-V1,70.86000061035156,71.01226884289075,76.84003926187981,83.12259291226265,1.0,0.0
RKLB,2026-02-19,1,Chronos-LoRA-V2,70.86000061035156,71.695010760608,76.98159264198652,82.4455383781588,1.0,0.0
RKLB,2026-02-19,1,Chronos-LoRA-V3,70.86000061035156,71.32792487282704,76.9553366084219,83.00504159243286,1.0,0.0
RKLB,2026-02-19,5,Chronos-LoRA-V1,72.6500015258789,52.635473816608766,77.85994038394716,115.26957133182269,0.0,0.0
RKLB,2026-02-19,5,Chronos-LoRA-V2,72.6500015258789,55.22324937686578,78.70689156965926,111.00944624758405,0.0,0.0
RKLB,2026-02-19,5,Chronos-LoRA-V3,72.6500015258789,53.50771096753766,78.26237725580846,114.16024359961091,0.0,0.0
RKLB,2026-02-19,10,Chronos-LoRA-V1,70.0,36.18119971480976,79.14187455679047,173.66535850355186,0.0,0.0
RKLB,2026-02-19,10,Chronos-LoRA-V2,70.0,39.99564969105271,80.84431049132031,160.59616552554516,0.0,0.0
RKLB,2026-02-19,10,Chronos-LoRA-V3,70.0,37.21670980661932,79.87450543592244,170.54235896674598,0.0,0.0
RKLB,2026-02-19,20,Chronos-LoRA-V1,71.93000030517578,16.2079473251963,81.63346063007324,414.61698781346206,0.0,0.0
RKLB,2026-02-19,20,Chronos-LoRA-V2,71.93000030517578,20.368894910338334,85.09560482141839,343.8925140121375,0.0,0.0
RKLB,2026-02-19,20,Chronos-LoRA-V3,71.93000030517578,17.417706433983096,83.02136742786338,393.09168173113676,0.0,0.0
RKLB,2026-03-24,1,Chronos-LoRA-V1,72.87999725341797,61.685841589345614,66.2819864380674,71.21881429268984,0.0,1.0
RKLB,2026-03-24,1,Chronos-LoRA-V2,72.87999725341797,62.0695730065187,66.3985838764365,70.87888369213428,0.0,1.0
RKLB,2026-03-24,1,Chronos-LoRA-V3,72.87999725341797,61.84551690550453,66.3717536158155,71.15654603326924,0.0,1.0
RKLB,2026-03-24,5,Chronos-LoRA-V1,64.22000122070312,46.94219507488779,67.26807709274149,96.27827122818881,0.0,0.0
RKLB,2026-03-24,5,Chronos-LoRA-V2,64.22000122070312,48.47555939462322,67.84511897556227,94.14709793305352,0.0,0.0
RKLB,2026-03-24,5,Chronos-LoRA-V3,64.22000122070312,47.49886838189341,67.52169338225809,95.45512582220894,0.0,0.0
RKLB,2026-03-24,10,Chronos-LoRA-V1,69.08000183105469,33.5457504481654,68.55382441984011,139.65366517695787,0.0,0.0
RKLB,2026-03-24,10,Chronos-LoRA-V2,69.08000183105469,35.805022226944665,69.7138418158584,133.77738573327596,0.0,0.0
RKLB,2026-03-24,10,Chronos-LoRA-V3,69.08000183105469,34.19352536663206,69.02314898876077,137.91926394070973,0.0,0.0
RKLB,2026-03-24,20,Chronos-LoRA-V1,90.04000091552734,16.93830911494938,70.95557143407159,297.5130942382585,0.0,0.0
RKLB,2026-03-24,20,Chronos-LoRA-V2,90.04000091552734,19.34633779089587,73.21222925862713,269.87464040562645,0.0,0.0
RKLB,2026-03-24,20,Chronos-LoRA-V3,90.04000091552734,17.738816399710313,71.8802000722917,286.78056435217604,0.0,0.0
RKLB,2026-04-27,1,Chronos-LoRA-V1,78.58999633789062,76.9724252920645,82.64831969621537,88.68876533875037,0.0,0.0
RKLB,2026-04-27,1,Chronos-LoRA-V2,78.58999633789062,77.43488058321603,82.7789193639401,88.32346127455645,0.0,0.0
RKLB,2026-04-27,1,Chronos-LoRA-V3,78.58999633789062,77.19303871303123,82.75691599599944,88.64266393683783,0.0,0.0
RKLB,2026-04-27,5,Chronos-LoRA-V1,80.30999755859375,58.58182594347659,84.10044297828274,120.65555769479941,0.0,0.0
RKLB,2026-04-27,5,Chronos-LoRA-V2,80.30999755859375,60.65918431060801,84.73506254063749,117.63107970252958,0.0,0.0
RKLB,2026-04-27,5,Chronos-LoRA-V3,80.30999755859375,59.560954579804054,84.41861937098429,119.2667921904319,0.0,0.0
RKLB,2026-04-27,10,Chronos-LoRA-V1,117.3499984741211,41.935178870282705,86.1555101387288,175.96050196209967,0.0,0.0
RKLB,2026-04-27,10,Chronos-LoRA-V2,117.3499984741211,44.91765491265132,87.41488041319461,167.49907566557818,0.0,0.0
RKLB,2026-04-27,10,Chronos-LoRA-V3,117.3499984741211,43.13933327599948,86.72597251962968,172.49017407150228,0.0,0.0
RKLB,2026-04-27,20,Chronos-LoRA-V1,143.1999969482422,21.724262267636583,90.16324729030909,372.25320248688195,0.0,0.0
RKLB,2026-04-27,20,Chronos-LoRA-V2,143.1999969482422,24.668443015312835,92.5371144878829,337.2670944986348,0.0,0.0
RKLB,2026-04-27,20,Chronos-LoRA-V3,143.1999969482422,22.921488815559936,91.20560343146256,356.96168800022537,0.0,0.0
RKLB,2026-05-29,1,Chronos-LoRA-V1,122.38999938964844,135.21758327876918,144.14551172549156,153.7614945729726,1.0,0.0
RKLB,2026-05-29,1,Chronos-LoRA-V2,122.38999938964844,135.0484074583729,144.40054605871865,154.19806566627898,1.0,0.0
RKLB,2026-05-29,1,Chronos-LoRA-V3,122.38999938964844,135.01456551225817,144.35435157956292,154.29663531872848,1.0,0.0
RKLB,2026-05-29,5,Chronos-LoRA-V1,110.08000183105467,104.00785961343684,146.97583235817424,206.4629526970368,0.0,0.0
RKLB,2026-05-29,5,Chronos-LoRA-V2,110.08000183105467,105.51288376225082,148.08419922454166,206.89742869240874,0.0,0.0
RKLB,2026-05-29,5,Chronos-LoRA-V3,110.08000183105467,104.88026905432854,147.4780894863439,207.22895749341134,0.0,0.0
RKLB,2026-05-29,10,Chronos-LoRA-V1,102.38999938964844,75.39578584434787,150.87179551502828,299.2348146813909,0.0,0.0
RKLB,2026-05-29,10,Chronos-LoRA-V2,102.38999938964844,77.83773485908134,153.1430227199345,298.45717003959703,0.0,0.0
RKLB,2026-05-29,10,Chronos-LoRA-V3,102.38999938964844,76.40274324378123,151.85907460909968,300.5271423878363,0.0,0.0
RKLB,2026-05-29,20,Chronos-LoRA-V1,98.01000213623048,38.96051513255821,158.4175594130025,645.9597907342662,0.0,0.0
RKLB,2026-05-29,20,Chronos-LoRA-V2,98.01000213623048,41.782340349505795,163.04690174351995,626.7753332146015,0.0,0.0
RKLB,2026-05-29,20,Chronos-LoRA-V3,98.01000213623048,40.13573561063291,160.60815419600797,641.555437488449,0.0,0.0
RKLB,2026-07-02,1,Chronos-LoRA-V1,93.08999633789062,94.0509651304509,100.95822167230125,108.3840487345026,1.0,0.0
RKLB,2026-07-02,1,Chronos-LoRA-V2,93.08999633789062,94.22647763995265,101.14129826607981,108.44451200156314,1.0,0.0
RKLB,2026-07-02,1,Chronos-LoRA-V3,93.08999633789062,94.30883083570201,101.09805958657604,108.38797337263732,1.0,0.0
RKLB,2026-07-02,5,Chronos-LoRA-V1,81.04000091552734,71.98558089571003,102.75334380462878,146.72927580354536,0.0,0.0
RKLB,2026-07-02,5,Chronos-LoRA-V2,81.04000091552734,72.75173691054222,103.79129194507546,147.2540121000976,0.0,0.0
RKLB,2026-07-02,5,Chronos-LoRA-V3,81.04000091552734,72.86117516691962,103.24426361234808,146.22860711571718,0.0,0.0
RKLB,2026-07-02,10,Chronos-LoRA-V1,67.62000274658203,51.68660184319939,105.21133791194703,213.85429823187766,0.0,0.0
RKLB,2026-07-02,10,Chronos-LoRA-V2,67.62000274658203,52.879612974843454,107.23710012827968,215.084041183865,0.0,0.0
RKLB,2026-07-02,10,Chronos-LoRA-V3,67.62000274658203,52.70237211231089,106.07350740140556,212.59004557794256,0.0,0.0
RKLB,2026-07-02,20,Chronos-LoRA-V1,64.94999694824219,25.68089954076646,110.2102539629077,472.9344081835487,0.0,0.0
RKLB,2026-07-02,20,Chronos-LoRA-V2,64.94999694824219,27.082707350972523,113.93896981033967,469.5263956248694,0.0,0.0
RKLB,2026-07-02,20,Chronos-LoRA-V3,64.94999694824219,26.692306290942522,111.72258492708518,463.99656118418636,0.0,0.0
RKLB,2026-08-06,1,Chronos-LoRA-V1,82.83000183105469,70.53893172172262,76.04185459032958,81.96738403503191,0.0,1.0
RKLB,2026-08-06,1,Chronos-LoRA-V2,82.83000183105469,70.74116016411918,76.13941141269285,81.85816943885078,0.0,1.0
RKLB,2026-08-06,1,Chronos-LoRA-V3,82.83000183105469,70.74892580531113,76.13008613786084,81.92276405980303,0.0,1.0
RKLB,2026-08-06,5,Chronos-LoRA-V1,80.0999984741211,53.30394619854989,77.3936141799619,112.1501070570648,0.0,0.0
RKLB,2026-08-06,5,Chronos-LoRA-V2,80.0999984741211,53.9469320584442,77.9707078136163,112.0263419372831,0.0,0.0
RKLB,2026-08-06,5,Chronos-LoRA-V3,80.0999984741211,53.891005150932536,77.6268638864016,111.49883322589271,0.0,0.0
RKLB,2026-08-06,10,Chronos-LoRA-V1,72.94999694824219,37.962842003367854,79.1368258917461,164.4451343209912,0.0,0.0
RKLB,2026-08-06,10,Chronos-LoRA-V2,72.94999694824219,38.78004347888028,80.30338261405862,164.34539313996444,0.0,0.0
RKLB,2026-08-06,10,Chronos-LoRA-V3,72.94999694824219,38.51555570929158,79.53536267842951,163.21591430898965,0.0,0.0
RKLB,2026-08-06,20,Chronos-LoRA-V1,63.810001373291016,18.96111449791439,82.43537879895548,358.521445860692,0.0,0.0
RKLB,2026-08-06,20,Chronos-LoRA-V2,63.810001373291016,19.700230806597855,84.72334213695794,358.2326033099305,0.0,0.0
RKLB,2026-08-06,20,Chronos-LoRA-V3,63.810001373291016,19.405241773055455,83.2152766080229,355.1597636946588,0.0,0.0
IONQ,2022-03-11,1,Chronos-LoRA-V1,11.40999984741211,11.40343405482549,12.325398229892901,13.33217787161785,0.0,0.0
IONQ,2022-03-11,1,Chronos-LoRA-V2,11.40999984741211,11.496060690501706,12.348890852634012,13.24014383550885,1.0,0.0
IONQ,2022-03-11,1,Chronos-LoRA-V3,11.40999984741211,11.458344025469827,12.343997426629475,13.296636196655797,1.0,0.0
IONQ,2022-03-11,5,Chronos-LoRA-V1,14.359999656677246,8.32236619303918,12.301709333798307,18.304473272577525,0.0,0.0
IONQ,2022-03-11,5,Chronos-LoRA-V2,14.359999656677246,8.677742004272533,12.427209557745707,17.663830768573224,0.0,0.0
IONQ,2022-03-11,5,Chronos-LoRA-V3,14.359999656677246,8.496195347241786,12.368937358108953,18.00692004461954,0.0,0.0
IONQ,2022-03-11,10,Chronos-LoRA-V1,13.18000030517578,5.627562121855896,12.29579128196744,27.137838554098067,0.0,0.0
IONQ,2022-03-11,10,Chronos-LoRA-V2,13.18000030517578,6.1338033023427005,12.528502947132559,25.127298809917004,0.0,0.0
IONQ,2022-03-11,10,Chronos-LoRA-V3,13.18000030517578,5.846835373013008,12.412997463522041,26.210590029135492,0.0,0.0
IONQ,2022-03-11,20,Chronos-LoRA-V1,12.31999969482422,2.5729268447453477,12.238747641859621,59.174489609383976,0.0,0.0
IONQ,2022-03-11,20,Chronos-LoRA-V2,12.31999969482422,3.113639922605295,12.675905303358606,50.056376187669066,0.0,0.0
IONQ,2022-03-11,20,Chronos-LoRA-V3,12.31999969482422,2.809526676807095,12.46451345987612,54.780620446496094,0.0,0.0
IONQ,2022-04-12,1,Chronos-LoRA-V1,11.369999885559082,10.212672718373373,10.985703244840634,11.77109293023939,0.0,0.0
IONQ,2022-04-12,1,Chronos-LoRA-V2,11.369999885559082,10.308358341353529,11.005929814275852,11.690574419630554,0.0,0.0
IONQ,2022-04-12,1,Chronos-LoRA-V3,11.369999885559082,10.287508861477978,10.997678163818154,11.71760763561573,0.0,0.0
IONQ,2022-04-12,5,Chronos-LoRA-V1,9.800000190734863,7.558183912103879,10.963887253122547,15.63777183701698,0.0,0.0
IONQ,2022-04-12,5,Chronos-LoRA-V2,9.800000190734863,7.9674370726684876,11.081511729391547,15.044097600811476,0.0,0.0
IONQ,2022-04-12,5,Chronos-LoRA-V3,9.800000190734863,7.83878974634663,11.007985984760937,15.224036291190853,0.0,0.0
IONQ,2022-04-12,10,Chronos-LoRA-V1,8.199999809265137,5.244375075964695,10.961251578690623,22.114350244337604,0.0,0.0
IONQ,2022-04-12,10,Chronos-LoRA-V2,8.199999809265137,5.82644989341677,11.177063856420029,20.39486240969006,0.0,0.0
IONQ,2022-04-12,10,Chronos-LoRA-V3,8.199999809265137,5.627271857320705,11.03392227045172,20.938249700031076,0.0,0.0
IONQ,2022-04-12,20,Chronos-LoRA-V1,4.340000152587891,2.5162528638877126,10.930842511476262,44.69025869527822,0.0,0.0
IONQ,2022-04-12,20,Chronos-LoRA-V2,4.340000152587891,3.1608224848102227,11.312312469461062,37.13660939956842,0.0,0.0
IONQ,2022-04-12,20,Chronos-LoRA-V3,4.340000152587891,2.9392527332698903,11.05578420854751,39.480023830570836,0.0,0.0
IONQ,2022-05-16,1,Chronos-LoRA-V1,5.710000038146973,4.421638359349168,4.854699301293506,5.309196500799521,0.0,1.0
IONQ,2022-05-16,1,Chronos-LoRA-V2,5.710000038146973,4.4496458114939506,4.864962495510845,5.2954011330848285,0.0,1.0
IONQ,2022-05-16,1,Chronos-LoRA-V3,5.710000038146973,4.453769664183424,4.860940866350439,5.285308811092712,0.0,1.0
IONQ,2022-05-16,5,Chronos-LoRA-V1,5.760000228881836,2.997056946028625,4.833799938042154,7.624159691049996,0.0,0.0
IONQ,2022-05-16,5,Chronos-LoRA-V2,5.760000228881836,3.117187278444805,4.891365990799109,7.485710590799896,0.0,0.0
IONQ,2022-05-16,5,Chronos-LoRA-V3,5.760000228881836,3.112893176166542,4.857901124992855,7.398575932094396,0.0,0.0
IONQ,2022-05-16,10,Chronos-LoRA-V1,5.75,1.8429330196215885,4.8180267516340445,12.058233365025751,0.0,0.0
IONQ,2022-05-16,10,Chronos-LoRA-V2,5.75,2.0122311512114286,4.923732780413395,11.462234767144349,0.0,0.0
IONQ,2022-05-16,10,Chronos-LoRA-V3,5.75,1.9904835698424936,4.8556324192746985,11.247212822168718,0.0,0.0
IONQ,2022-05-16,20,Chronos-LoRA-V1,4.610000133514404,0.7045377125569938,4.7399255078792875,29.571033159765815,0.0,0.0
IONQ,2022-05-16,20,Chronos-LoRA-V2,4.610000133514404,0.8518171793985613,4.952117828376673,26.349597857731062,0.0,0.0
IONQ,2022-05-16,20,Chronos-LoRA-V3,4.610000133514404,0.8231987958575919,4.8185383662683225,25.920059103710127,0.0,0.0
IONQ,2022-06-16,1,Chronos-LoRA-V1,5.039999961853027,4.27089440933619,4.753225969545443,5.290015898711846,0.0,0.0
IONQ,2022-06-16,1,Chronos-LoRA-V2,5.039999961853027,4.376685023682777,4.7635048465173755,5.16930234165712,0.0,0.0
IONQ,2022-06-16,1,Chronos-LoRA-V3,5.039999961853027,4.355027426380441,4.758790357013651,5.1946184224645355,0.0,0.0
IONQ,2022-06-16,5,Chronos-LoRA-V1,5.110000133514404,2.689535481823359,4.723385726078733,8.300567494874867,0.0,0.0
IONQ,2022-06-16,5,Chronos-LoRA-V2,5.110000133514404,3.0971687655160554,4.769607603425851,7.220964858179213,0.0,0.0
IONQ,2022-06-16,5,Chronos-LoRA-V3,5.110000133514404,3.0014375225139127,4.73636468683386,7.406149881291701,0.0,0.0
IONQ,2022-06-16,10,Chronos-LoRA-V1,4.389999866485596,1.4859371077987509,4.694951515217346,14.949339944824345,0.0,0.0
IONQ,2022-06-16,10,Chronos-LoRA-V2,4.389999866485596,2.0122727837060155,4.778321594388846,10.941362001841432,0.0,0.0
IONQ,2022-06-16,10,Chronos-LoRA-V3,4.389999866485596,1.877056558749094,4.711816394456955,11.551463627123155,0.0,0.0
IONQ,2022-06-16,20,Chronos-LoRA-V1,4.590000152587891,0.5578717321915052,4.590703237460835,38.5287484589434,0.0,0.0
IONQ,2022-06-16,20,Chronos-LoRA-V2,4.590000152587891,0.8784374269437378,4.765201303004586,24.219091732106154,0.0,0.0
IONQ,2022-06-16,20,Chronos-LoRA-V3,4.590000152587891,0.7924344774203567,4.634738956706269,26.119960179568015,0.0,0.0
IONQ,2022-07-21,1,Chronos-LoRA-V1,4.880000114440918,4.912278853261699,5.263883080547211,5.631278950042663,1.0,0.0
IONQ,2022-07-21,1,Chronos-LoRA-V2,4.880000114440918,4.95663786921371,5.268513245210687,5.5814924803861885,1.0,0.0
IONQ,2022-07-21,1,Chronos-LoRA-V3,4.880000114440918,4.930520219439001,5.269958749341269,5.622625909077118,1.0,0.0
IONQ,2022-07-21,5,Chronos-LoRA-V1,5.289999961853027,3.681390336135067,5.260405679104678,7.44620117516672,0.0,0.0
IONQ,2022-07-21,5,Chronos-LoRA-V2,5.289999961853027,3.8785316973026953,5.290238763888086,7.107039486138405,0.0,0.0
IONQ,2022-07-21,5,Chronos-LoRA-V3,5.289999961853027,3.7385213938007893,5.275709583055981,7.377788376383824,0.0,0.0
IONQ,2022-07-21,10,Chronos-LoRA-V1,6.199999809265137,2.545171096176332,5.246100309412137,10.576489343144496,0.0,0.0
IONQ,2022-07-21,10,Chronos-LoRA-V2,6.199999809265137,2.851903821658774,5.313869734603193,9.556465270301175,0.0,0.0
IONQ,2022-07-21,10,Chronos-LoRA-V3,6.199999809265137,2.6101093155193804,5.2732201112980785,10.384155781413595,0.0,0.0
IONQ,2022-07-21,20,Chronos-LoRA-V1,7.630000114440918,1.2401976115816091,5.206225017376312,20.735230666818328,0.0,0.0
IONQ,2022-07-21,20,Chronos-LoRA-V2,7.630000114440918,1.5665955812746084,5.329637206176676,16.850145152884043,0.0,0.0
IONQ,2022-07-21,20,Chronos-LoRA-V3,7.630000114440918,1.3170720150811197,5.255205867116453,19.83139711653313,0.0,0.0
IONQ,2022-08-22,1,Chronos-LoRA-V1,6.429999828338623,5.837455993846278,6.405886000681067,7.0154585928597495,0.0,0.0
IONQ,2022-08-22,1,Chronos-LoRA-V2,6.429999828338623,5.90160592781577,6.420271040963166,6.956800947836015,0.0,0.0
IONQ,2022-08-22,1,Chronos-LoRA-V3,6.429999828338623,5.881180306746562,6.416809929938278,6.979420466892906,0.0,0.0
IONQ,2022-08-22,5,Chronos-LoRA-V1,6.190000057220459,4.005718776819157,6.36046742188934,10.059345606335823,0.0,0.0
IONQ,2022-08-22,5,Chronos-LoRA-V2,6.190000057220459,4.2397962086636305,6.426123411907644,9.595082046141124,0.0,0.0
IONQ,2022-08-22,5,Chronos-LoRA-V3,6.190000057220459,4.148045747972848,6.393950890867065,9.75311338080337,0.0,0.0
IONQ,2022-08-22,10,Chronos-LoRA-V1,5.630000114440918,2.5752261897013926,6.324378518123252,15.419642297705662,0.0,0.0
IONQ,2022-08-22,10,Chronos-LoRA-V2,5.630000114440918,2.8632494919562164,6.438220169197315,14.058629888012026,0.0,0.0
IONQ,2022-08-22,10,Chronos-LoRA-V3,5.630000114440918,2.742006565077294,6.37641735308185,14.530379739492663,0.0,0.0
IONQ,2022-08-22,20,Chronos-LoRA-V1,5.269999980926514,1.289769665378521,6.257760160955043,29.977903991633863,0.0,0.0
IONQ,2022-08-22,20,Chronos-LoRA-V2,5.269999980926514,1.45384273683995,6.448275625897748,27.053934966848203,0.0,0.0
IONQ,2022-08-22,20,Chronos-LoRA-V3,5.269999980926514,1.3926724630885712,6.342875502860786,27.99884974862011,0.0,0.0
IONQ,2022-09-23,1,Chronos-LoRA-V1,4.789999961853027,4.482883176517225,4.750899425085934,5.049788214356701,0.0,0.0
IONQ,2022-09-23,1,Chronos-LoRA-V2,4.789999961853027,4.510542092497266,4.764074667338881,5.027539537548665,0.0,0.0
IONQ,2022-09-23,1,Chronos-LoRA-V3,4.789999961853027,4.494969578984371,4.760533697733124,5.050191069030749,0.0,0.0
IONQ,2022-09-23,5,Chronos-LoRA-V1,5.070000171661377,3.488010843327251,4.68199367434337,6.401028148180369,0.0,0.0
IONQ,2022-09-23,5,Chronos-LoRA-V2,5.070000171661377,3.610154665091752,4.747789643506774,6.230912618583053,0.0,0.0
IONQ,2022-09-23,5,Chronos-LoRA-V3,5.070000171661377,3.535117592402156,4.7187658829400165,6.37113425176259,0.0,0.0
IONQ,2022-09-23,10,Chronos-LoRA-V1,5.28000020980835,2.5594264161573865,4.597634526076706,8.573990154888172,0.0,0.0
IONQ,2022-09-23,10,Chronos-LoRA-V2,5.28000020980835,2.7510084706868683,4.723899609646903,8.082479494381273,0.0,0.0
IONQ,2022-09-23,10,Chronos-LoRA-V3,5.28000020980835,2.6243877889414193,4.661810925414094,8.473050114981103,0.0,0.0
IONQ,2022-09-23,20,Chronos-LoRA-V1,5.130000114440918,1.4306520186940348,4.43838785331307,14.72517284527553,0.0,0.0
IONQ,2022-09-23,20,Chronos-LoRA-V2,5.130000114440918,1.6453154970365886,4.673272872767721,13.163201918058116,0.0,0.0
IONQ,2022-09-23,20,Chronos-LoRA-V3,5.130000114440918,1.497744320033921,4.54823643331804,14.386007486011763,0.0,0.0
IONQ,2022-10-25,1,Chronos-LoRA-V1,5.53000020980835,5.072891517751996,5.388349303426419,5.7294694570156945,0.0,0.0
IONQ,2022-10-25,1,Chronos-LoRA-V2,5.53000020980835,5.11866797182243,5.3972980359082925,5.685155170230578,0.0,0.0
IONQ,2022-10-25,1,Chronos-LoRA-V3,5.53000020980835,5.092119496792727,5.396482930234096,5.723578722011707,0.0,0.0
IONQ,2022-10-25,5,Chronos-LoRA-V1,5.610000133514404,3.9279157678610295,5.3357827089522685,7.2933846916108696,0.0,0.0
IONQ,2022-10-25,5,Chronos-LoRA-V2,5.610000133514404,4.134224270156891,5.389616720319429,6.9932888695552435,0.0,0.0
IONQ,2022-10-25,5,Chronos-LoRA-V3,5.610000133514404,4.005907689690655,5.365240658396607,7.223750254539674,0.0,0.0
IONQ,2022-10-25,10,Chronos-LoRA-V1,4.960000038146973,2.832648302870619,5.271454591066632,9.938476187727607,0.0,0.0
IONQ,2022-10-25,10,Chronos-LoRA-V2,4.960000038146973,3.1684462461988394,5.3757976079817675,9.012656830872347,0.0,0.0
IONQ,2022-10-25,10,Chronos-LoRA-V3,4.960000038146973,2.9498127060595163,5.32279558924833,9.687009267978668,0.0,0.0
IONQ,2022-10-25,20,Chronos-LoRA-V1,4.849999904632568,1.4359246591880919,5.130531833752808,18.598703549626304,0.0,0.0
IONQ,2022-10-25,20,Chronos-LoRA-V2,4.849999904632568,1.8122751098866243,5.33388815350581,15.243239638152682,0.0,0.0
IONQ,2022-10-25,20,Chronos-LoRA-V3,4.849999904632568,1.5770122284568662,5.2283243956371415,17.460253102651134,0.0,0.0
IONQ,2022-11-28,1,Chronos-LoRA-V1,4.829999923706055,4.641035947956547,4.925928299703726,5.2434328218403135,0.0,0.0
IONQ,2022-11-28,1,Chronos-LoRA-V2,4.829999923706055,4.672125801338986,4.93500354080892,5.20941802081716,0.0,0.0
IONQ,2022-11-28,1,Chronos-LoRA-V3,4.829999923706055,4.652673130456017,4.933537309762263,5.24253135897691,0.0,0.0
IONQ,2022-11-28,5,Chronos-LoRA-V1,4.650000095367432,3.585522318573677,4.869629034887467,6.73381526611909,0.0,0.0
IONQ,2022-11-28,5,Chronos-LoRA-V2,4.650000095367432,3.730307289947812,4.921238319108235,6.48721555885271,0.0,0.0
IONQ,2022-11-28,5,Chronos-LoRA-V3,4.650000095367432,3.6313564872702124,4.8990978822378,6.698825436086613,0.0,0.0
IONQ,2022-11-28,10,Chronos-LoRA-V1,4.46999979019165,2.5895715875923586,4.801809553115095,9.226829408331461,0.0,0.0
IONQ,2022-11-28,10,Chronos-LoRA-V2,4.46999979019165,2.8161458786442,4.903597061018686,8.507687222821568,0.0,0.0
IONQ,2022-11-28,10,Chronos-LoRA-V3,4.46999979019165,2.6533465621857606,4.8529453713732185,9.107124292507729,0.0,0.0
IONQ,2022-11-28,20,Chronos-LoRA-V1,3.0999999046325684,1.3778708396992634,4.678223171369807,17.013176858653775,0.0,0.0
IONQ,2022-11-28,20,Chronos-LoRA-V2,3.0999999046325684,1.632807387978706,4.864166383344615,14.420443612756868,0.0,0.0
IONQ,2022-11-28,20,Chronos-LoRA-V3,3.0999999046325684,1.4296498970418106,4.76754086181305,16.68577901293787,0.0,0.0
IONQ,2022-12-29,1,Chronos-LoRA-V1,3.450000047683716,3.2959606715874274,3.5265652970000247,3.7854891958181502,0.0,0.0
IONQ,2022-12-29,1,Chronos-LoRA-V2,3.450000047683716,3.30608655651913,3.53533522318024,3.778849915083252,0.0,0.0
IONQ,2022-12-29,1,Chronos-LoRA-V3,3.450000047683716,3.3053004373818844,3.5329410403980073,3.784663949429641,0.0,0.0
IONQ,2022-12-29,5,Chronos-LoRA-V1,3.7699999809265137,2.468024719622547,3.4576143481596295,4.9434482283580605,0.0,0.0
IONQ,2022-12-29,5,Chronos-LoRA-V2,3.7699999809265137,2.512796518212978,3.5054850414139693,4.890872980721887,0.0,0.0
IONQ,2022-12-29,5,Chronos-LoRA-V3,3.7699999809265137,2.4958660315234487,3.482867096844075,4.927576671466636,0.0,0.0
IONQ,2022-12-29,10,Chronos-LoRA-V1,4.409999847412109,1.7270926871602865,3.3730950335321794,6.852303436805699,0.0,0.0
IONQ,2022-12-29,10,Chronos-LoRA-V2,4.409999847412109,1.7958031803951864,3.4676227345592423,6.673771830084366,0.0,0.0
IONQ,2022-12-29,10,Chronos-LoRA-V3,4.409999847412109,1.7588700298171651,3.418687248757804,6.815454740335167,0.0,0.0
IONQ,2022-12-29,20,Chronos-LoRA-V1,4.460000038146973,0.884224267641077,3.222416175568105,12.90625267733296,0.0,0.0
IONQ,2022-12-29,20,Chronos-LoRA-V2,4.460000038146973,0.9501352089672691,3.3914085214512606,12.040551386421372,0.0,0.0
IONQ,2022-12-29,20,Chronos-LoRA-V3,4.460000038146973,0.9080843890842357,3.3005777115161914,12.769359439688666,0.0,0.0
IONQ,2023-02-02,1,Chronos-LoRA-V1,5.5,5.129442118754869,5.495152954713665,5.920631961733148,0.0,0.0
IONQ,2023-02-02,1,Chronos-LoRA-V2,5.5,5.164769298248451,5.499202390744292,5.865033945874881,0.0,0.0
IONQ,2023-02-02,1,Chronos-LoRA-V3,5.5,5.15383320136909,5.50172699451029,5.901250923866701,0.0,0.0
IONQ,2023-02-02,5,Chronos-LoRA-V1,4.690000057220459,3.881839750901664,5.454940881910803,7.900162227114696,0.0,0.0
IONQ,2023-02-02,5,Chronos-LoRA-V2,4.690000057220459,4.032205925288434,5.490751485324291,7.539580730762647,0.0,0.0
IONQ,2023-02-02,5,Chronos-LoRA-V3,4.690000057220459,3.960951142883119,5.479100706646595,7.765751993749075,0.0,0.0
IONQ,2023-02-02,10,Chronos-LoRA-V1,5.28000020980835,2.76127755395489,5.387602492159756,11.144007756187047,0.0,0.0
IONQ,2023-02-02,10,Chronos-LoRA-V2,5.28000020980835,2.9681263243235922,5.4668413239075315,10.178569841643867,0.0,0.0
IONQ,2023-02-02,10,Chronos-LoRA-V3,5.28000020980835,2.852494063311076,5.430610204956292,10.8093935319842,0.0,0.0
IONQ,2023-02-02,20,Chronos-LoRA-V1,5.03000020980835,1.388198374181683,5.242996806232365,22.204259235850003,0.0,0.0
IONQ,2023-02-02,20,Chronos-LoRA-V2,5.03000020980835,1.6115208550145461,5.3865418065812944,18.209120809797877,0.0,0.0
IONQ,2023-02-02,20,Chronos-LoRA-V3,5.03000020980835,1.4796547397568929,5.320900675232238,20.753345884880527,0.0,0.0
IONQ,2023-03-07,1,Chronos-LoRA-V1,5.059999942779541,4.657198069758036,4.924123344857868,5.223405730026967,0.0,0.0
IONQ,2023-03-07,1,Chronos-LoRA-V2,5.059999942779541,4.66547428468968,4.9324526071255805,5.214310429198226,0.0,0.0
IONQ,2023-03-07,1,Chronos-LoRA-V3,5.059999942779541,4.662406324764775,4.930887101211303,5.225970568989414,0.0,0.0
IONQ,2023-03-07,5,Chronos-LoRA-V1,4.789999961853027,3.6653900340094436,4.856335421260184,6.571486768105794,0.0,0.0
IONQ,2023-03-07,5,Chronos-LoRA-V2,4.789999961853027,3.7012813381244407,4.8996371475772165,6.509701299773403,0.0,0.0
IONQ,2023-03-07,5,Chronos-LoRA-V3,4.789999961853027,3.6809632076670096,4.87830248355431,6.5605094022904975,0.0,0.0
IONQ,2023-03-07,10,Chronos-LoRA-V1,4.869999885559082,2.727055914749557,4.773680113602919,8.707905780261227,0.0,0.0
IONQ,2023-03-07,10,Chronos-LoRA-V2,4.869999885559082,2.7803760543767444,4.8566259303441575,8.53420962608675,0.0,0.0
IONQ,2023-03-07,10,Chronos-LoRA-V3,4.869999885559082,2.7418177686912126,4.811132989220047,8.680168880801029,0.0,0.0
IONQ,2023-03-07,20,Chronos-LoRA-V1,7.070000171661377,1.5229407563722956,4.598644072765631,14.973221710743125,0.0,0.0
IONQ,2023-03-07,20,Chronos-LoRA-V2,7.070000171661377,1.586842856921182,4.753765531091693,14.41439897818181,0.0,0.0
IONQ,2023-03-07,20,Chronos-LoRA-V3,7.070000171661377,1.5408702902266467,4.676339646866508,14.93118641761661,0.0,0.0
IONQ,2023-04-10,1,Chronos-LoRA-V1,6.78000020980835,6.435702479785868,6.833411421940825,7.2988472995761455,0.0,0.0
IONQ,2023-04-10,1,Chronos-LoRA-V2,6.78000020980835,6.433416259712193,6.8444887651001345,7.289006392497775,0.0,0.0
IONQ,2023-04-10,1,Chronos-LoRA-V3,6.78000020980835,6.443666241421006,6.842579777762397,7.296121434819326,0.0,0.0
IONQ,2023-04-10,5,Chronos-LoRA-V1,6.550000190734863,4.990495413074884,6.752224030155099,9.489003260423909,0.0,0.0
IONQ,2023-04-10,5,Chronos-LoRA-V2,6.550000190734863,4.986945043513465,6.811848424515877,9.408951481398523,0.0,0.0
IONQ,2023-04-10,5,Chronos-LoRA-V3,6.550000190734863,5.0076398589541755,6.783015788551773,9.446038036040111,0.0,0.0
IONQ,2023-04-10,10,Chronos-LoRA-V1,5.840000152587891,3.640869194445491,6.659226560476827,13.149074905704468,0.0,0.0
IONQ,2023-04-10,10,Chronos-LoRA-V2,5.840000152587891,3.632859614752932,6.771155570956734,12.888566207106159,0.0,0.0
IONQ,2023-04-10,10,Chronos-LoRA-V3,5.840000152587891,3.652002005707148,6.709850465044348,13.018754011886458,0.0,0.0
IONQ,2023-04-10,20,Chronos-LoRA-V1,6.150000095367432,1.927981918984145,6.463613970447345,25.120413358578514,0.0,0.0
IONQ,2023-04-10,20,Chronos-LoRA-V2,6.150000095367432,1.9387284281696744,6.672040885646596,23.84876912735478,0.0,0.0
IONQ,2023-04-10,20,Chronos-LoRA-V3,6.150000095367432,1.9416486762054934,6.5589062373278395,24.49846268359911,0.0,0.0
IONQ,2023-05-10,1,Chronos-LoRA-V1,7.019999980926514,6.584230782370222,6.947040104334297,7.374424536384668,0.0,0.0
IONQ,2023-05-10,1,Chronos-LoRA-V2,7.019999980926514,6.589017329809663,6.952732130382487,7.347223936411138,0.0,0.0
IONQ,2023-05-10,1,Chronos-LoRA-V3,7.019999980926514,6.594477050523634,6.955797123154427,7.370343785218248,0.0,0.0
IONQ,2023-05-10,5,Chronos-LoRA-V1,8.960000038146973,5.295871022779073,6.902090505667232,9.303357230061506,0.0,0.0
IONQ,2023-05-10,5,Chronos-LoRA-V2,8.960000038146973,5.328783999330254,6.946352425498786,9.135800067270722,0.0,0.0
IONQ,2023-05-10,5,Chronos-LoRA-V3,8.960000038146973,5.326408252975358,6.93203992049212,9.254190211346812,0.0,0.0
IONQ,2023-05-10,10,Chronos-LoRA-V1,10.239999771118164,4.034096545319911,6.818332339772884,12.331996229334063,0.0,0.0
IONQ,2023-05-10,10,Chronos-LoRA-V2,10.239999771118164,4.093814524796633,6.913333503654036,11.872611247003979,0.0,0.0
IONQ,2023-05-10,10,Chronos-LoRA-V3,10.239999771118164,4.067220697942216,6.868810717112358,12.205846343138788,0.0,0.0
IONQ,2023-05-10,20,Chronos-LoRA-V1,10.649999618530272,2.3648272295154666,6.624693784108385,20.972063906105358,0.0,0.0
IONQ,2023-05-10,20,Chronos-LoRA-V2,10.649999618530272,2.4268803875153484,6.81483003470979,19.703187613868398,0.0,0.0
IONQ,2023-05-10,20,Chronos-LoRA-V3,10.649999618530272,2.405436802755439,6.728232662144284,20.621013536690782,0.0,0.0
IONQ,2023-06-13,1,Chronos-LoRA-V1,9.9399995803833,9.938068725073638,10.606329500850583,11.383474760370886,0.0,0.0
IONQ,2023-06-13,1,Chronos-LoRA-V2,9.9399995803833,9.943858015732197,10.620994022287023,11.352984081711305,1.0,0.0
IONQ,2023-06-13,1,Chronos-LoRA-V3,9.9399995803833,9.950568903764935,10.622416871771454,11.381769797537151,1.0,0.0
IONQ,2023-06-13,5,Chronos-LoRA-V1,9.220000267028809,7.552860702394968,10.506113114978143,15.128997285236863,0.0,0.0
IONQ,2023-06-13,5,Chronos-LoRA-V2,9.220000267028809,7.599816809920416,10.594043311363206,14.889731011070301,0.0,0.0
IONQ,2023-06-13,5,Chronos-LoRA-V3,9.220000267028809,7.5903747849357455,10.563860448346608,15.056731717722197,0.0,0.0
IONQ,2023-06-13,10,Chronos-LoRA-V1,13.350000381469728,5.342616559116832,10.384324417794462,21.62702765911928,0.0,0.0
IONQ,2023-06-13,10,Chronos-LoRA-V2,13.350000381469728,5.4350986402751476,10.55887894069809,20.803128829967406,0.0,0.0
IONQ,2023-06-13,10,Chronos-LoRA-V3,13.350000381469728,5.380318119723432,10.482596931134243,21.380206577778655,0.0,0.0
IONQ,2023-06-13,20,Chronos-LoRA-V1,14.460000038146973,2.6500110152271046,10.120378981434555,44.73400733015111,0.0,0.0
IONQ,2023-06-13,20,Chronos-LoRA-V2,14.460000038146973,2.7689560340868473,10.45281496773431,40.6008819726247,0.0,0.0
IONQ,2023-06-13,20,Chronos-LoRA-V3,14.460000038146973,2.7001918037180173,10.296461397917222,43.25385430596667,0.0,0.0
IONQ,2023-07-17,1,Chronos-LoRA-V1,15.710000038146973,13.92757505125485,14.873506661556794,16.0245140155878,0.0,0.0
IONQ,2023-07-17,1,Chronos-LoRA-V2,15.710000038146973,13.951574638694348,14.902216552532744,15.946388273490347,0.0,0.0
IONQ,2023-07-17,1,Chronos-LoRA-V3,15.710000038146973,13.954197996207773,14.896978794170622,16.018935921027285,0.0,0.0
IONQ,2023-07-17,5,Chronos-LoRA-V1,14.390000343322754,10.644491048086783,14.741339451249301,21.45061889197143,0.0,0.0
IONQ,2023-07-17,5,Chronos-LoRA-V2,14.390000343322754,10.738655303992637,14.905384783736205,20.953038926643483,0.0,0.0
IONQ,2023-07-17,5,Chronos-LoRA-V3,14.390000343322754,10.721296467939148,14.82430700294654,21.340327446744606,0.0,0.0
IONQ,2023-07-17,10,Chronos-LoRA-V1,19.25,7.664054654098003,14.600012076624369,30.56939573285039,0.0,0.0
IONQ,2023-07-17,10,Chronos-LoRA-V2,19.25,7.782558003815772,14.913913457603337,29.20824549035469,0.0,0.0
IONQ,2023-07-17,10,Chronos-LoRA-V3,19.25,7.743875763622343,14.740925076410635,30.273416483945173,0.0,0.0
IONQ,2023-07-17,20,Chronos-LoRA-V1,14.880000114440918,3.840878919319961,14.24027125350211,63.49298700835993,0.0,0.0
IONQ,2023-07-17,20,Chronos-LoRA-V2,14.880000114440918,4.042754602099666,14.82379469089305,56.558949844462894,0.0,0.0
IONQ,2023-07-17,20,Chronos-LoRA-V3,14.880000114440918,3.9371160099483093,14.5191837778046,61.4789762694744,0.0,0.0
IONQ,2023-08-17,1,Chronos-LoRA-V1,13.420000076293944,12.069872609951123,12.966279542008538,14.022335714585482,0.0,0.0
IONQ,2023-08-17,1,Chronos-LoRA-V2,13.420000076293944,12.069363450853468,13.002855655970937,14.025670102563728,0.0,0.0
IONQ,2023-08-17,1,Chronos-LoRA-V3,13.420000076293944,12.10246671943023,12.995011949031289,14.0197787243747,0.0,0.0
IONQ,2023-08-17,5,Chronos-LoRA-V1,14.619999885559082,8.969816304103105,12.823248447117656,19.0790167803106,0.0,0.0
IONQ,2023-08-17,5,Chronos-LoRA-V2,14.619999885559082,8.973756951621612,12.993285987676707,19.02068939519666,0.0,0.0
IONQ,2023-08-17,5,Chronos-LoRA-V3,14.619999885559082,9.06416828950182,12.916718087706542,18.955267396376378,0.0,0.0
IONQ,2023-08-17,10,Chronos-LoRA-V1,17.190000534057617,6.203385513746574,12.711271091149685,28.109080337337662,0.0,0.0
IONQ,2023-08-17,10,Chronos-LoRA-V2,17.190000534057617,6.241120836066643,13.014809174565096,27.606695361523027,0.0,0.0
IONQ,2023-08-17,10,Chronos-LoRA-V3,17.190000534057617,6.307046059919292,12.859783642010518,27.684166443931414,0.0,0.0
IONQ,2023-08-17,20,Chronos-LoRA-V1,17.079999923706055,2.987214342173168,12.426739538527093,59.89528215110058,0.0,0.0
IONQ,2023-08-17,20,Chronos-LoRA-V2,17.079999923706055,3.0453236518663642,12.956008528719673,56.81206332149438,0.0,0.0
IONQ,2023-08-17,20,Chronos-LoRA-V3,17.079999923706055,3.0821665648362724,12.687306036589137,57.83227380380193,0.0,0.0
IONQ,2023-09-20,1,Chronos-LoRA-V1,13.529999732971191,13.77253173404393,14.743444661371875,15.862474838614446,1.0,0.0
IONQ,2023-09-20,1,Chronos-LoRA-V2,13.529999732971191,13.790630245711244,14.785922419806642,15.855493199247157,1.0,0.0
IONQ,2023-09-20,1,Chronos-LoRA-V3,13.529999732971191,13.81972342506438,14.776643810244869,15.867711991954387,1.0,0.0
IONQ,2023-09-20,5,Chronos-LoRA-V1,14.239999771118164,10.320285458324278,14.555093647037996,21.176871321210612,0.0,0.0
IONQ,2023-09-20,5,Chronos-LoRA-V2,14.239999771118164,10.418660250508475,14.745694020050138,20.974881464650217,0.0,0.0
IONQ,2023-09-20,5,Chronos-LoRA-V3,14.239999771118164,10.475819667285887,14.65771301201409,21.086674323076963,0.0,0.0
IONQ,2023-09-20,10,Chronos-LoRA-V1,14.770000457763672,7.19207948029208,14.383371548700085,30.659819242058695,0.0,0.0
IONQ,2023-09-20,10,Chronos-LoRA-V2,14.770000457763672,7.365414913233632,14.719171816924677,29.71221727813552,0.0,0.0
IONQ,2023-09-20,10,Chronos-LoRA-V3,14.770000457763672,7.381169914490925,14.531642561680457,30.251611112463166,0.0,0.0
IONQ,2023-09-20,20,Chronos-LoRA-V1,13.6899995803833,3.470517131001185,14.04265185529673,64.44414826944862,0.0,0.0
IONQ,2023-09-20,20,Chronos-LoRA-V2,13.6899995803833,3.6177760762075097,14.603324628231341,60.00521218278685,0.0,0.0
IONQ,2023-09-20,20,Chronos-LoRA-V3,13.6899995803833,3.6249362383771295,14.292367757849147,62.483916076486565,0.0,0.0
IONQ,2023-10-20,1,Chronos-LoRA-V1,12.640000343322754,11.665122522933588,12.46898876818619,13.454189082814645,0.0,0.0
IONQ,2023-10-20,1,Chronos-LoRA-V2,12.640000343322754,11.760692979019062,12.582932935729316,13.479589169841017,0.0,0.0
IONQ,2023-10-20,1,Chronos-LoRA-V3,12.640000343322754,11.71710862657422,12.525333368621721,13.487042188005272,0.0,0.0
IONQ,2023-10-20,5,Chronos-LoRA-V1,10.140000343322754,8.66421829475672,12.161545090235983,17.98847189992676,0.0,0.0
IONQ,2023-10-20,5,Chronos-LoRA-V2,10.140000343322754,8.918076147432227,12.545024146874185,17.873158451283462,0.0,0.0
IONQ,2023-10-20,5,Chronos-LoRA-V3,10.140000343322754,8.824121628271511,12.337514139977488,18.016668081876603,0.0,0.0
IONQ,2023-10-20,10,Chronos-LoRA-V1,11.579999923706056,6.112581510539603,12.051468939161035,26.28751869284001,0.0,0.0
IONQ,2023-10-20,10,Chronos-LoRA-V2,11.579999923706056,6.349302379936939,12.519858407279274,25.321466686910316,0.0,0.0
IONQ,2023-10-20,10,Chronos-LoRA-V3,11.579999923706056,6.289183601948836,12.25800220509839,26.03265299584393,0.0,0.0
IONQ,2023-10-20,20,Chronos-LoRA-V1,12.699999809265137,3.042641692023526,12.029028688874375,58.12256817510106,0.0,0.0
IONQ,2023-10-20,20,Chronos-LoRA-V2,12.699999809265137,3.1618122574010066,12.402647167936271,51.180930503175695,0.0,0.0
IONQ,2023-10-20,20,Chronos-LoRA-V3,12.699999809265137,3.1685489070074815,12.226293251085318,55.535721691193,0.0,0.0
IONQ,2023-11-22,1,Chronos-LoRA-V1,12.359999656677246,11.59191348495645,12.367914985228515,13.270370793331034,0.0,0.0
IONQ,2023-11-22,1,Chronos-LoRA-V2,12.359999656677246,11.611628440040965,12.397003723784602,13.2456990980644,0.0,0.0
IONQ,2023-11-22,1,Chronos-LoRA-V3,12.359999656677246,11.632186709353851,12.393208042212695,13.26966921639827,0.0,0.0
IONQ,2023-11-22,5,Chronos-LoRA-V1,12.229999542236328,8.81644727620642,12.145654715819584,17.270838791633494,0.0,0.0
IONQ,2023-11-22,5,Chronos-LoRA-V2,12.229999542236328,8.864225039175093,12.302190423697802,17.192714054091976,0.0,0.0
IONQ,2023-11-22,5,Chronos-LoRA-V3,12.229999542236328,8.948263038878443,12.22712387400633,17.191702127829302,0.0,0.0
IONQ,2023-11-22,10,Chronos-LoRA-V1,13.199999809265137,6.2134918436963025,11.874895044976773,24.289804006168076,0.0,0.0
IONQ,2023-11-22,10,Chronos-LoRA-V2,13.199999809265137,6.326511423375676,12.185024433341805,23.796791696432518,0.0,0.0
IONQ,2023-11-22,10,Chronos-LoRA-V3,13.199999809265137,6.386708739490738,12.00992086546532,23.979495661031045,0.0,0.0
IONQ,2023-11-22,20,Chronos-LoRA-V1,13.789999961853027,3.064292689250889,11.50662577939212,49.80757675998704,0.0,0.0
IONQ,2023-11-22,20,Chronos-LoRA-V2,13.789999961853027,3.174046005181704,11.89761453480955,45.93245345462281,0.0,0.0
IONQ,2023-11-22,20,Chronos-LoRA-V3,13.789999961853027,3.2183610189439396,11.674616980981263,47.71225831681221,0.0,0.0
IONQ,2023-12-26,1,Chronos-LoRA-V1,13.210000038146973,12.673175646448582,13.481695686228218,14.421112946496475,0.0,0.0
IONQ,2023-12-26,1,Chronos-LoRA-V2,13.210000038146973,12.707301949983144,13.498754866445735,14.348083292334556,0.0,0.0
IONQ,2023-12-26,1,Chronos-LoRA-V3,13.210000038146973,12.697933303739989,13.505826685981223,14.424304435823277,0.0,0.0
IONQ,2023-12-26,5,Chronos-LoRA-V1,11.93000030517578,9.629429898193303,13.248762264832429,18.8386015750542,0.0,0.0
IONQ,2023-12-26,5,Chronos-LoRA-V2,11.93000030517578,9.879626167214527,13.400894428982065,18.29905855418564,0.0,0.0
IONQ,2023-12-26,5,Chronos-LoRA-V3,11.93000030517578,9.744724752270452,13.358045979484322,18.76571440361464,0.0,0.0
IONQ,2023-12-26,10,Chronos-LoRA-V1,12.09000015258789,6.768529925158984,12.884146338829316,26.143958520126265,0.0,0.0
IONQ,2023-12-26,10,Chronos-LoRA-V2,12.09000015258789,7.2197305217661745,13.275765653323491,24.690068322438943,0.0,0.0
IONQ,2023-12-26,10,Chronos-LoRA-V3,12.09000015258789,6.940091838580846,13.116802947421279,25.993549276011098,0.0,0.0
IONQ,2023-12-26,20,Chronos-LoRA-V1,11.279999732971191,3.4193818292192675,12.650989085648531,52.068856274925146,0.0,0.0
IONQ,2023-12-26,20,Chronos-LoRA-V2,11.279999732971191,3.8582530442700227,13.005700255879407,44.85907126651612,0.0,0.0
IONQ,2023-12-26,20,Chronos-LoRA-V3,11.279999732971191,3.597900021736913,12.866527446529325,49.46537418683857,0.0,0.0
IONQ,2024-01-30,1,Chronos-LoRA-V1,10.270000457763672,10.047451729543122,10.645138012919169,11.34538693741613,0.0,0.0
IONQ,2024-01-30,1,Chronos-LoRA-V2,10.270000457763672,10.090244356034605,10.669426580342012,11.288610671942047,0.0,0.0
IONQ,2024-01-30,1,Chronos-LoRA-V3,10.270000457763672,10.067546754672772,10.66256447132625,11.346326312814249,0.0,0.0
IONQ,2024-01-30,5,Chronos-LoRA-V1,10.4399995803833,7.8443346486124454,10.447514382474333,14.425885611703631,0.0,0.0
IONQ,2024-01-30,5,Chronos-LoRA-V2,10.4399995803833,7.997741630820235,10.557317601094946,14.070210646726403,0.0,0.0
IONQ,2024-01-30,5,Chronos-LoRA-V3,10.4399995803833,7.907874924846655,10.506077442827266,14.372475845211127,0.0,0.0
IONQ,2024-01-30,10,Chronos-LoRA-V1,10.539999961853027,5.760249730283251,10.210668706600757,19.43101772820795,0.0,0.0
IONQ,2024-01-30,10,Chronos-LoRA-V2,10.539999961853027,6.000747473346693,10.420794246052463,18.42494592993665,0.0,0.0
IONQ,2024-01-30,10,Chronos-LoRA-V3,10.539999961853027,5.845313879989396,10.308943917270291,19.25101283158079,0.0,0.0
IONQ,2024-01-30,20,Chronos-LoRA-V1,11.260000228881836,3.131999546233325,9.720121084582248,34.462216917963296,0.0,0.0
IONQ,2024-01-30,20,Chronos-LoRA-V2,11.260000228881836,3.3882951055437482,10.122347157248148,31.293901767813164,0.0,0.0
IONQ,2024-01-30,20,Chronos-LoRA-V3,11.260000228881836,3.2320694223314543,9.90345749489425,33.60074627816791,0.0,0.0
IONQ,2024-03-01,1,Chronos-LoRA-V1,10.09000015258789,10.003522021449491,10.62140403814916,11.306946545786765,0.0,0.0
IONQ,2024-03-01,1,Chronos-LoRA-V2,10.09000015258789,10.040042857008826,10.637640666160305,11.27136586985591,0.0,0.0
IONQ,2024-03-01,1,Chronos-LoRA-V3,10.09000015258789,10.03775990697922,10.63605528576594,11.296335816668051,0.0,0.0
IONQ,2024-03-01,5,Chronos-LoRA-V1,10.8100004196167,7.801245528063558,10.456203574855648,14.257842156280878,0.0,0.0
IONQ,2024-03-01,5,Chronos-LoRA-V2,10.8100004196167,7.927300671055764,10.548889397612868,14.086963253213666,0.0,0.0
IONQ,2024-03-01,5,Chronos-LoRA-V3,10.8100004196167,7.91215015325916,10.50928196325015,14.169828270029772,0.0,0.0
IONQ,2024-03-01,10,Chronos-LoRA-V1,9.3100004196167,5.7410111781331885,10.27227465752955,18.986747877472077,0.0,0.0
IONQ,2024-03-01,10,Chronos-LoRA-V2,9.3100004196167,5.9294681396308535,10.447430134257544,18.52779761426316,0.0,0.0
IONQ,2024-03-01,10,Chronos-LoRA-V3,9.3100004196167,5.882399999197315,10.361185599123996,18.770295374632028,0.0,0.0
IONQ,2024-03-01,20,Chronos-LoRA-V1,9.989999771118164,3.1508532922128554,9.850409630564489,32.64095739034493,0.0,0.0
IONQ,2024-03-01,20,Chronos-LoRA-V2,9.989999771118164,3.3520840701990355,10.19201483908118,31.40475112693679,0.0,0.0
IONQ,2024-03-01,20,Chronos-LoRA-V3,9.989999771118164,3.3205653212773822,10.01102059299101,31.709829351430642,0.0,0.0
IONQ,2024-04-04,1,Chronos-LoRA-V1,9.210000038146973,8.592295303137808,9.091172328855176,9.652848833652083,0.0,0.0
IONQ,2024-04-04,1,Chronos-LoRA-V2,9.210000038146973,8.612689448654736,9.102509480360096,9.618952746675316,0.0,0.0
IONQ,2024-04-04,1,Chronos-LoRA-V3,9.210000038146973,8.611048437018173,9.102268726163194,9.647268033329192,0.0,0.0
IONQ,2024-04-04,5,Chronos-LoRA-V1,8.239999771118164,6.7261782880407495,8.958083144546489,12.222328283663444,0.0,0.0
IONQ,2024-04-04,5,Chronos-LoRA-V2,8.239999771118164,6.82124365086824,9.016291935341723,11.971407830782208,0.0,0.0
IONQ,2024-04-04,5,Chronos-LoRA-V3,8.239999771118164,6.790159447641609,8.991457352507373,12.135041704194665,0.0,0.0
IONQ,2024-04-04,10,Chronos-LoRA-V1,7.369999885559082,4.949051915302981,8.800856139119599,16.437470845731262,0.0,0.0
IONQ,2024-04-04,10,Chronos-LoRA-V2,7.369999885559082,5.103897253013996,8.913158531775075,15.703293019004091,0.0,0.0
IONQ,2024-04-04,10,Chronos-LoRA-V3,7.369999885559082,5.028424183510119,8.854961815757315,16.198931102639747,0.0,0.0
IONQ,2024-04-04,20,Chronos-LoRA-V1,9.0,2.6470620692323323,8.440926813238791,29.38647688053302,0.0,0.0
IONQ,2024-04-04,20,Chronos-LoRA-V2,9.0,2.843352838056092,8.67733489502816,26.99143033838591,0.0,0.0
IONQ,2024-04-04,20,Chronos-LoRA-V3,9.0,2.7305611393082225,8.551952384340323,28.663229194865064,0.0,0.0
IONQ,2024-05-06,1,Chronos-LoRA-V1,8.630000114440918,8.723007703976512,9.260885014758555,9.859351061700911,1.0,0.0
IONQ,2024-05-06,1,Chronos-LoRA-V2,8.630000114440918,8.766967620685252,9.271702430191432,9.806958821404026,1.0,0.0
IONQ,2024-05-06,1,Chronos-LoRA-V3,8.630000114440918,8.752230305543904,9.272736842139983,9.849576754876837,1.0,0.0
IONQ,2024-05-06,5,Chronos-LoRA-V1,8.770000457763672,6.792971554227687,9.150745966657645,12.539214469048222,0.0,0.0
IONQ,2024-05-06,5,Chronos-LoRA-V2,8.770000457763672,6.975509677324073,9.230655557822491,12.246040318347585,0.0,0.0
IONQ,2024-05-06,5,Chronos-LoRA-V3,8.770000457763672,6.896441759140275,9.1957055846555,12.45851144166866,0.0,0.0
IONQ,2024-05-06,10,Chronos-LoRA-V1,8.880000114440918,4.986021250521828,9.009295420610465,16.874502437000064,0.0,0.0
IONQ,2024-05-06,10,Chronos-LoRA-V2,8.880000114440918,5.248805480585122,9.167396405949061,16.114088565747647,0.0,0.0
IONQ,2024-05-06,10,Chronos-LoRA-V3,8.880000114440918,5.116146812160045,9.08593416435431,16.669754089907933,0.0,0.0
IONQ,2024-05-06,20,Chronos-LoRA-V1,7.710000038146973,2.7199871457445903,8.772661104913183,30.142905448777576,0.0,0.0
IONQ,2024-05-06,20,Chronos-LoRA-V2,7.710000038146973,2.969843671610714,9.013078763218932,27.799841555516018,0.0,0.0
IONQ,2024-05-06,20,Chronos-LoRA-V3,7.710000038146973,2.8388386339064398,8.882182518712591,29.394070485028383,0.0,0.0
IONQ,2024-06-07,1,Chronos-LoRA-V1,8.220000267028809,7.424703731315551,7.844863085239372,8.302603966985453,0.0,0.0
IONQ,2024-06-07,1,Chronos-LoRA-V2,8.220000267028809,7.455611796146699,7.853248284427378,8.271812970007518,0.0,0.0
IONQ,2024-06-07,1,Chronos-LoRA-V3,8.220000267028809,7.440856256647755,7.854235123271134,8.304474491179764,0.0,0.0
IONQ,2024-06-07,5,Chronos-LoRA-V1,7.699999809265137,5.891823090587092,7.776704497229257,10.368725209024845,0.0,0.0
IONQ,2024-06-07,5,Chronos-LoRA-V2,7.699999809265137,6.0300326460718,7.827670347130904,10.177695063276449,0.0,0.0
IONQ,2024-06-07,5,Chronos-LoRA-V3,7.699999809265137,5.9554043833430494,7.807181517592764,10.334621367235266,0.0,0.0
IONQ,2024-06-07,10,Chronos-LoRA-V1,6.760000228881836,4.418875948773166,7.689332391012866,13.630594724768615,0.0,0.0
IONQ,2024-06-07,10,Chronos-LoRA-V2,6.760000228881836,4.632027141275337,7.788490282027848,13.132932198162976,0.0,0.0
IONQ,2024-06-07,10,Chronos-LoRA-V3,6.760000228881836,4.501126443637401,7.74237582599464,13.571691607849758,0.0,0.0
IONQ,2024-06-07,20,Chronos-LoRA-V1,7.929999828338623,2.4949509296001486,7.515517587457065,23.611465186331507,0.0,0.0
IONQ,2024-06-07,20,Chronos-LoRA-V2,7.929999828338623,2.727492731497242,7.697610750465114,21.843317926693683,0.0,0.0
IONQ,2024-06-07,20,Chronos-LoRA-V3,7.929999828338623,2.5852270499836685,7.609734950140054,23.331751858133615,0.0,0.0
IONQ,2024-07-11,1,Chronos-LoRA-V1,8.449999809265137,7.60812463048511,8.009156187734176,8.452503213850225,0.0,0.0
IONQ,2024-07-11,1,Chronos-LoRA-V2,8.449999809265137,7.60780059789325,8.018970368959417,8.44845252570969,0.0,1.0
IONQ,2024-07-11,1,Chronos-LoRA-V3,8.449999809265137,7.614638335148865,8.017963736570593,8.46125048238605,0.0,0.0
IONQ,2024-07-11,5,Chronos-LoRA-V1,8.210000038146973,6.123869160627255,7.947455201136821,10.4702823823051,0.0,0.0
IONQ,2024-07-11,5,Chronos-LoRA-V2,8.210000038146973,6.1552462305731535,8.001109647107123,10.416843418911276,0.0,0.0
IONQ,2024-07-11,5,Chronos-LoRA-V3,8.210000038146973,6.15708256173156,7.977368775890777,10.478373863208962,0.0,0.0
IONQ,2024-07-11,10,Chronos-LoRA-V1,7.929999828338623,4.661151714222054,7.846690826228015,13.596419034811772,0.0,0.0
IONQ,2024-07-11,10,Chronos-LoRA-V2,7.929999828338623,4.7330652303780365,7.96997563893221,13.459299297555486,0.0,0.0
IONQ,2024-07-11,10,Chronos-LoRA-V3,7.929999828338623,4.7153513173012955,7.910008237348663,13.619471209608204,0.0,0.0
IONQ,2024-07-11,20,Chronos-LoRA-V1,7.110000133514404,2.7099442686355766,7.64482294088355,22.84048566670378,0.0,0.0
IONQ,2024-07-11,20,Chronos-LoRA-V2,7.110000133514404,2.798411329096916,7.873671260531962,22.344852175801527,0.0,0.0
IONQ,2024-07-11,20,Chronos-LoRA-V3,7.110000133514404,2.7761126424211913,7.7553035920756175,22.816828642929707,0.0,0.0
IONQ,2024-08-13,1,Chronos-LoRA-V1,7.309999942779541,6.862083515857527,7.27739676394862,7.7382491759951595,0.0,0.0
IONQ,2024-08-13,1,Chronos-LoRA-V2,7.309999942779541,6.841829127501281,7.2755332394584125,7.735277775088007,0.0,0.0
IONQ,2024-08-13,1,Chronos-LoRA-V3,7.309999942779541,6.8627453803987155,7.279633884337072,7.738846268505709,0.0,0.0
IONQ,2024-08-13,5,Chronos-LoRA-V1,7.210000038146973,5.360157819775942,7.233529598173001,9.899578356550002,0.0,0.0
IONQ,2024-08-13,5,Chronos-LoRA-V2,7.210000038146973,5.34262210782647,7.259045400388383,9.888149284738954,0.0,0.0
IONQ,2024-08-13,5,Chronos-LoRA-V3,7.210000038146973,5.382129828917307,7.24409526872386,9.873980739715167,0.0,0.0
IONQ,2024-08-13,10,Chronos-LoRA-V1,7.28000020980835,3.9142046216859194,7.128748408033474,13.33771460869024,0.0,0.0
IONQ,2024-08-13,10,Chronos-LoRA-V2,7.28000020980835,3.9360067883982195,7.236901331897425,13.367203118866056,0.0,0.0
IONQ,2024-08-13,10,Chronos-LoRA-V3,7.28000020980835,3.9529397776685036,7.1801268889500784,13.358772207579987,0.0,0.0
IONQ,2024-08-13,20,Chronos-LoRA-V1,7.230000019073486,2.0461225028668553,6.909482682183214,24.74560043198667,0.0,0.0
IONQ,2024-08-13,20,Chronos-LoRA-V2,7.230000019073486,2.1147916723869984,7.148249733831845,24.456302530063738,0.0,0.0
IONQ,2024-08-13,20,Chronos-LoRA-V3,7.230000019073486,2.0923479108644174,7.0333758197280645,24.82726733385356,0.0,0.0
IONQ,2024-09-13,1,Chronos-LoRA-V1,7.820000171661377,7.359230053579915,7.78912892245073,8.27759261948748,0.0,0.0
IONQ,2024-09-13,1,Chronos-LoRA-V2,7.820000171661377,7.33920874395889,7.760209086597422,8.202327000259306,0.0,0.0
IONQ,2024-09-13,1,Chronos-LoRA-V3,7.820000171661377,7.3517127634420465,7.779905449218189,8.258329652842859,0.0,0.0
IONQ,2024-09-13,5,Chronos-LoRA-V1,8.220000267028809,5.923667688836228,7.893544809294834,10.689062086608311,0.0,0.0
IONQ,2024-09-13,5,Chronos-LoRA-V2,8.220000267028809,5.873830228144913,7.759130629714385,10.243480170385093,0.0,0.0
IONQ,2024-09-13,5,Chronos-LoRA-V3,8.220000267028809,5.882092971113602,7.823926772209021,10.54694635834783,0.0,0.0
IONQ,2024-09-13,10,Chronos-LoRA-V1,9.710000038146973,4.422903939153384,7.883957026949668,14.47180496044809,0.0,0.0
IONQ,2024-09-13,10,Chronos-LoRA-V2,9.710000038146973,4.447363548224823,7.737593594997483,13.45137564055678,0.0,0.0
IONQ,2024-09-13,10,Chronos-LoRA-V3,9.710000038146973,4.408421701522852,7.810330474068119,14.190264953209164,0.0,0.0
IONQ,2024-09-13,20,Chronos-LoRA-V1,10.65999984741211,2.36891457659612,7.582851379108546,25.783616508141435,0.0,0.0
IONQ,2024-09-13,20,Chronos-LoRA-V2,10.65999984741211,2.524287823690703,7.645007713805462,23.19883261802903,0.0,0.0
IONQ,2024-09-13,20,Chronos-LoRA-V3,10.65999984741211,2.4170725929054857,7.623468589407344,25.272226623511283,0.0,0.0
IONQ,2024-10-16,1,Chronos-LoRA-V1,12.5,11.603161590854583,12.349181580456642,13.217934721939791,0.0,0.0
IONQ,2024-10-16,1,Chronos-LoRA-V2,12.5,11.546974367999997,12.317246933308196,13.155036146920335,0.0,0.0
IONQ,2024-10-16,1,Chronos-LoRA-V3,12.5,11.600821271735592,12.343678566597218,13.189444599770562,0.0,0.0
IONQ,2024-10-16,5,Chronos-LoRA-V1,14.739999771118164,9.228777453425,12.565093149411274,17.51855137165013,0.0,0.0
IONQ,2024-10-16,5,Chronos-LoRA-V2,14.739999771118164,9.012161740812314,12.386529027521023,17.15075485246657,0.0,0.0
IONQ,2024-10-16,5,Chronos-LoRA-V3,14.739999771118164,9.182179841071386,12.47410194952635,17.249862944116078,0.0,0.0
IONQ,2024-10-16,10,Chronos-LoRA-V1,16.8700008392334,6.717441292834924,12.631456790488842,24.755305180409476,0.0,0.0
IONQ,2024-10-16,10,Chronos-LoRA-V2,16.8700008392334,6.6102392581076845,12.442026260071378,23.740201534781377,0.0,0.0
IONQ,2024-10-16,10,Chronos-LoRA-V3,16.8700008392334,6.724065016605192,12.5294677869611,24.081860960972964,0.0,0.0
IONQ,2024-10-16,20,Chronos-LoRA-V1,26.76000022888184,3.5074881934451305,12.144845496839315,45.60369196619102,0.0,0.0
IONQ,2024-10-16,20,Chronos-LoRA-V2,26.76000022888184,3.581134527644309,12.439278045509855,44.259118750910844,0.0,0.0
IONQ,2024-10-16,20,Chronos-LoRA-V3,26.76000022888184,3.582068716523404,12.316410786324948,45.03921576137501,0.0,0.0
IONQ,2024-11-15,1,Chronos-LoRA-V1,25.229999542236328,27.189059680107725,29.299551611735424,31.85634100802717,1.0,0.0
IONQ,2024-11-15,1,Chronos-LoRA-V2,25.229999542236328,27.093247176479313,29.251066515996424,31.639285273510556,1.0,0.0
IONQ,2024-11-15,1,Chronos-LoRA-V3,25.229999542236328,27.224173061404326,29.283617155328763,31.6813815799732,1.0,0.0
IONQ,2024-11-15,5,Chronos-LoRA-V1,31.799999237060547,20.73217342386926,29.933941877137034,45.072152546727864,0.0,0.0
IONQ,2024-11-15,5,Chronos-LoRA-V2,31.799999237060547,20.372339618627134,29.667788849101484,43.62448457062305,0.0,0.0
IONQ,2024-11-15,5,Chronos-LoRA-V3,31.799999237060547,20.76406008116996,29.7309299090369,43.67921063579999,0.0,0.0
IONQ,2024-11-15,10,Chronos-LoRA-V1,32.060001373291016,14.629447201675513,30.73465829298838,69.855146577213,0.0,0.0
IONQ,2024-11-15,10,Chronos-LoRA-V2,32.060001373291016,14.312972484673592,30.143210073977894,64.47139268428866,0.0,0.0
IONQ,2024-11-15,10,Chronos-LoRA-V3,32.060001373291016,14.65757997321386,30.265551872553946,65.45538012887447,0.0,0.0
IONQ,2024-11-15,20,Chronos-LoRA-V1,41.810001373291016,6.820672657425826,30.405679021760772,161.7182824380707,0.0,0.0
IONQ,2024-11-15,20,Chronos-LoRA-V2,41.810001373291016,6.970013996881433,30.73733897910315,140.1580315534706,0.0,0.0
IONQ,2024-11-15,20,Chronos-LoRA-V3,41.810001373291016,7.022592311136831,30.312178255516407,144.69279135880004,0.0,0.0
IONQ,2024-12-19,1,Chronos-LoRA-V1,44.41999816894531,34.06958455781507,37.845194756033685,42.09564846057234,0.0,1.0
IONQ,2024-12-19,1,Chronos-LoRA-V2,44.41999816894531,34.52060965615,37.90725929734439,41.554902306758315,0.0,1.0
IONQ,2024-12-19,1,Chronos-LoRA-V3,44.41999816894531,34.42015288124114,37.882321618752215,41.71273238093383,0.0,1.0
IONQ,2024-12-19,5,Chronos-LoRA-V1,45.47999954223633,22.74268583666359,38.29283507478393,64.84738737553553,0.0,0.0
IONQ,2024-12-19,5,Chronos-LoRA-V2,45.47999954223633,24.204351778770235,38.544423926012406,61.02863498044813,0.0,0.0
IONQ,2024-12-19,5,Chronos-LoRA-V3,45.47999954223633,23.80173420615421,38.31296138065833,61.724691453378306,0.0,0.0
IONQ,2024-12-19,10,Chronos-LoRA-V1,51.06999969482422,13.72117675534117,38.942026267004586,111.4570343734827,0.0,0.0
IONQ,2024-12-19,10,Chronos-LoRA-V2,51.06999969482422,15.596953274655254,39.372324333456355,98.36194743943533,0.0,0.0
IONQ,2024-12-19,10,Chronos-LoRA-V3,51.06999969482422,14.989446912307258,38.888924830168,100.88820182983696,0.0,0.0
IONQ,2024-12-19,20,Chronos-LoRA-V1,42.040000915527344,5.080523395265237,39.1250198257134,309.06449817461964,0.0,0.0
IONQ,2024-12-19,20,Chronos-LoRA-V2,42.040000915527344,6.516061415845417,40.66396713986052,249.76997422360827,0.0,0.0
IONQ,2024-12-19,20,Chronos-LoRA-V3,42.040000915527344,6.103561032545777,39.515709512770705,258.5756890352272,0.0,0.0
IONQ,2025-01-24,1,Chronos-LoRA-V1,38.540000915527344,35.8219767188978,40.84651969835885,46.573399192975955,0.0,0.0
IONQ,2025-01-24,1,Chronos-LoRA-V2,38.540000915527344,36.62759563854325,40.958505046059784,45.654879929242675,0.0,0.0
IONQ,2025-01-24,1,Chronos-LoRA-V3,38.540000915527344,36.41685788377259,40.899242378618,45.88906933756372,0.0,0.0
IONQ,2025-01-24,5,Chronos-LoRA-V1,39.4900016784668,21.28703913872629,41.284384549812664,79.98440883699213,0.0,0.0
IONQ,2025-01-24,5,Chronos-LoRA-V2,39.4900016784668,23.787529184718878,41.74882453889965,72.79614088008744,0.0,0.0
IONQ,2025-01-24,5,Chronos-LoRA-V3,39.4900016784668,23.023803873442013,41.353709976136685,74.18578221528124,0.0,0.0
IONQ,2025-01-24,10,Chronos-LoRA-V1,40.56999969482422,11.188427646380976,42.07894452647791,159.88952646646055,0.0,0.0
IONQ,2025-01-24,10,Chronos-LoRA-V2,40.56999969482422,13.99135301573271,42.82593733545242,130.31760341949914,0.0,0.0
IONQ,2025-01-24,10,Chronos-LoRA-V3,40.56999969482422,12.987812471642904,42.05433440565016,136.57932789022087,0.0,0.0
IONQ,2025-01-24,20,Chronos-LoRA-V1,31.239999771118164,2.9375947720323743,42.68356654306653,651.2593975281999,0.0,0.0
IONQ,2025-01-24,20,Chronos-LoRA-V2,31.239999771118164,4.688132753206703,44.53427006330532,422.04566728895327,0.0,0.0
IONQ,2025-01-24,20,Chronos-LoRA-V3,31.239999771118164,4.024806189651683,43.00321994646003,469.47323477671483,0.0,0.0
IONQ,2025-02-27,1,Chronos-LoRA-V1,24.56999969482422,22.80528610371429,24.928823422964125,27.261185488753124,0.0,0.0
IONQ,2025-02-27,1,Chronos-LoRA-V2,24.56999969482422,23.117429147096306,25.058966288745523,27.13446323135892,0.0,0.0
IONQ,2025-02-27,1,Chronos-LoRA-V3,24.56999969482422,22.976190708154444,24.975940929802128,27.16554365072904,0.0,0.0
IONQ,2025-02-27,5,Chronos-LoRA-V1,20.479999542236328,16.263265184508402,25.039962600585156,38.987739451030784,0.0,0.0
IONQ,2025-02-27,5,Chronos-LoRA-V2,20.479999542236328,17.020662853663765,25.344038796233026,37.71699528736723,0.0,0.0
IONQ,2025-02-27,5,Chronos-LoRA-V3,20.479999542236328,16.719602630710963,25.13970088864133,37.995727842843536,0.0,0.0
IONQ,2025-02-27,10,Chronos-LoRA-V1,21.3700008392334,11.259674217230273,25.316945216217267,58.301092681908905,0.0,0.0
IONQ,2025-02-27,10,Chronos-LoRA-V2,21.3700008392334,11.905278512716428,25.76255745437159,55.445389199436626,0.0,0.0
IONQ,2025-02-27,10,Chronos-LoRA-V3,21.3700008392334,11.59877901663866,25.38040708922143,56.19347921256732,0.0,0.0
IONQ,2025-02-27,20,Chronos-LoRA-V1,23.649999618530277,5.146828819952939,25.034003508439223,125.47876082398962,0.0,0.0
IONQ,2025-02-27,20,Chronos-LoRA-V2,23.649999618530277,5.583036239592029,26.244857405656404,121.36393864120032,0.0,0.0
IONQ,2025-02-27,20,Chronos-LoRA-V3,23.649999618530277,5.498852390562663,25.45270418163183,119.76827278487788,0.0,0.0
IONQ,2025-04-01,1,Chronos-LoRA-V1,25.049999237060547,21.390739666739375,23.129013234499386,25.06094644643278,0.0,0.0
IONQ,2025-04-01,1,Chronos-LoRA-V2,25.049999237060547,21.451316900290745,23.21911777875104,25.100868398983437,0.0,0.0
IONQ,2025-04-01,1,Chronos-LoRA-V3,25.049999237060547,21.497964456625045,23.18409922030281,25.04209272260257,0.0,1.0
IONQ,2025-04-01,5,Chronos-LoRA-V1,21.280000686645508,15.406899518105234,22.96722884169915,34.84093550679821,0.0,0.0
IONQ,2025-04-01,5,Chronos-LoRA-V2,21.280000686645508,15.689523199535447,23.36774018012248,34.721764853743956,0.0,0.0
IONQ,2025-04-01,5,Chronos-LoRA-V3,21.280000686645508,15.809691974039282,23.113773418375796,34.184555067551216,0.0,0.0
IONQ,2025-04-01,10,Chronos-LoRA-V1,25.399999618530277,10.265944329505958,22.906558446262466,52.696643239288036,0.0,0.0
IONQ,2025-04-01,10,Chronos-LoRA-V2,25.399999618530277,10.621771516509298,23.587625545009004,51.986091100988226,0.0,0.0
IONQ,2025-04-01,10,Chronos-LoRA-V3,25.399999618530277,10.729593797487432,23.095600382249163,50.55460255607547,0.0,0.0
IONQ,2025-04-01,20,Chronos-LoRA-V1,27.459999084472656,4.501713672657001,22.409111601843716,117.50481651931219,0.0,0.0
IONQ,2025-04-01,20,Chronos-LoRA-V2,27.459999084472656,4.87708967163079,23.799591514464073,114.08977458718735,0.0,0.0
IONQ,2025-04-01,20,Chronos-LoRA-V3,27.459999084472656,4.957390539548654,22.843002266086142,108.52750933988557,0.0,0.0
IONQ,2025-05-02,1,Chronos-LoRA-V1,29.81999969482422,28.41106628248153,30.863568557409657,33.50938738968999,0.0,0.0
IONQ,2025-05-02,1,Chronos-LoRA-V2,29.81999969482422,28.60348420892057,30.97352465050861,33.4883161012134,0.0,0.0
IONQ,2025-05-02,1,Chronos-LoRA-V3,29.81999969482422,28.61265847087842,30.93542558282757,33.45998455098967,0.0,0.0
IONQ,2025-05-02,5,Chronos-LoRA-V1,31.270000457763672,20.20380844670403,30.692912312789986,47.10720113928006,0.0,0.0
IONQ,2025-05-02,5,Chronos-LoRA-V2,31.270000457763672,20.993135003452068,31.225853205245382,46.27961458406074,0.0,0.0
IONQ,2025-05-02,5,Chronos-LoRA-V3,31.270000457763672,20.870175785118892,30.915929463087792,46.195461001799295,0.0,0.0
IONQ,2025-05-02,10,Chronos-LoRA-V1,34.9900016784668,13.435580070171973,30.770953170173964,72.16009691158837,0.0,0.0
IONQ,2025-05-02,10,Chronos-LoRA-V2,34.9900016784668,14.333504214545064,31.54879789207253,68.89283061257662,0.0,0.0
IONQ,2025-05-02,10,Chronos-LoRA-V3,34.9900016784668,14.180965334215056,31.01782884392201,68.94054628966325,0.0,0.0
IONQ,2025-05-02,20,Chronos-LoRA-V1,40.56999969482422,6.0432130781267075,30.518229395205946,162.50808477171248,0.0,0.0
IONQ,2025-05-02,20,Chronos-LoRA-V2,40.56999969482422,6.707484936097902,31.966848784181778,150.70997914106724,0.0,0.0
IONQ,2025-05-02,20,Chronos-LoRA-V3,40.56999969482422,6.551535276203496,30.937122124436907,152.18399522385144,0.0,0.0
IONQ,2025-06-05,1,Chronos-LoRA-V1,39.02000045776367,34.0441027037104,36.551226878488585,39.304038309935244,0.0,0.0
IONQ,2025-06-05,1,Chronos-LoRA-V2,39.02000045776367,34.02804776110935,36.710206958993496,39.556678627068734,0.0,0.0
IONQ,2025-06-05,1,Chronos-LoRA-V3,39.02000045776367,34.15297614674502,36.64099656915026,39.386709815028006,0.0,0.0
IONQ,2025-06-05,5,Chronos-LoRA-V1,38.709999084472656,25.127634254735586,36.19389938911479,52.93739301576499,0.0,0.0
IONQ,2025-06-05,5,Chronos-LoRA-V2,38.709999084472656,25.28150858117299,36.91884908533705,53.81178668257088,0.0,0.0
IONQ,2025-06-05,5,Chronos-LoRA-V3,38.709999084472656,25.57359867955798,36.49198308254066,52.802276900863056,0.0,0.0
IONQ,2025-06-05,10,Chronos-LoRA-V1,40.36000061035156,17.089756003478087,36.05580142011396,78.95168664067839,0.0,0.0
IONQ,2025-06-05,10,Chronos-LoRA-V2,40.36000061035156,17.46882045331925,37.202267335866026,79.08029965158816,0.0,0.0
IONQ,2025-06-05,10,Chronos-LoRA-V3,40.36000061035156,17.644309128045986,36.42711686435448,77.38711761954657,0.0,0.0
IONQ,2025-06-05,20,Chronos-LoRA-V1,45.20000076293945,8.074935689564006,35.6372515670287,169.39209135823134,0.0,0.0
IONQ,2025-06-05,20,Chronos-LoRA-V2,45.20000076293945,8.469624474094852,37.51701279172832,166.64111043267644,0.0,0.0
IONQ,2025-06-05,20,Chronos-LoRA-V3,45.20000076293945,8.486288084807542,36.17056628015144,163.54264670112812,0.0,0.0
IONQ,2025-07-09,1,Chronos-LoRA-V1,45.93000030517578,42.682578044650896,45.381378668212406,48.31126695680587,0.0,0.0
IONQ,2025-07-09,1,Chronos-LoRA-V2,45.93000030517578,42.85906539050526,45.56782265071294,48.39185802236265,0.0,0.0
IONQ,2025-07-09,1,Chronos-LoRA-V3,45.93000030517578,42.78115395321716,45.50550950463127,48.46378691883851,0.0,0.0
IONQ,2025-07-09,5,Chronos-LoRA-V1,43.540000915527344,32.89905222980691,44.69416835433364,61.399002316765106,0.0,0.0
IONQ,2025-07-09,5,Chronos-LoRA-V2,43.540000915527344,33.55828348357244,45.5928248525506,61.87650174353328,0.0,0.0
IONQ,2025-07-09,5,Chronos-LoRA-V3,43.540000915527344,33.204922284171005,45.16311540410609,62.08746921708682,0.0,0.0
IONQ,2025-07-09,10,Chronos-LoRA-V1,43.27999877929688,23.73988017406114,44.03480635150021,83.29470488868408,0.0,0.0
IONQ,2025-07-09,10,Chronos-LoRA-V2,43.27999877929688,24.771071664610172,45.67681340450849,83.87866584677673,0.0,0.0
IONQ,2025-07-09,10,Chronos-LoRA-V3,43.27999877929688,24.10808099978794,44.80743112778879,84.7642300887761,0.0,0.0
IONQ,2025-07-09,20,Chronos-LoRA-V1,41.22999954223633,11.93429721210768,43.22714372226129,163.16844477693732,0.0,0.0
IONQ,2025-07-09,20,Chronos-LoRA-V2,41.22999954223633,13.205677827675963,45.67515663511701,157.5862057933865,0.0,0.0
IONQ,2025-07-09,20,Chronos-LoRA-V3,41.22999954223633,12.459331761786208,44.24173796246625,163.54590319370777,0.0,0.0
IONQ,2025-08-11,1,Chronos-LoRA-V1,43.0,42.28494297733447,44.8872797833014,47.66117655940011,0.0,0.0
IONQ,2025-08-11,1,Chronos-LoRA-V2,43.0,42.4157820556697,44.98490052409717,47.63474431006901,0.0,0.0
IONQ,2025-08-11,1,Chronos-LoRA-V3,43.0,42.39049296831594,44.96108469874083,47.71572429527534,0.0,0.0
IONQ,2025-08-11,5,Chronos-LoRA-V1,40.22999954223633,33.10186443997071,44.51979882940463,60.216637614033374,0.0,0.0
IONQ,2025-08-11,5,Chronos-LoRA-V2,40.22999954223633,33.60753267169925,45.06743041628821,60.22841131234006,0.0,0.0
IONQ,2025-08-11,5,Chronos-LoRA-V3,40.22999954223633,33.42548211369003,44.79670897644124,60.43673146640505,0.0,0.0
IONQ,2025-08-11,10,Chronos-LoRA-V1,38.68000030517578,24.45088631529661,44.168962264147204,80.38361872395836,0.0,0.0
IONQ,2025-08-11,10,Chronos-LoRA-V2,38.68000030517578,25.258929233544393,45.200516677811585,80.1393452778127,0.0,0.0
IONQ,2025-08-11,10,Chronos-LoRA-V3,38.68000030517578,24.855356919297012,44.638402863745526,80.94158373638852,0.0,0.0
IONQ,2025-08-11,20,Chronos-LoRA-V1,44.0,13.145676807938782,43.39788771915633,147.0358258136969,0.0,0.0
IONQ,2025-08-11,20,Chronos-LoRA-V2,44.0,14.14279340132686,45.200184434288246,142.53951648660234,0.0,0.0
IONQ,2025-08-11,20,Chronos-LoRA-V3,44.0,13.643015576437266,44.21721287642133,146.98461781067758,0.0,0.0
IONQ,2025-09-11,1,Chronos-LoRA-V1,55.61000061035156,44.164200473377406,46.93662666192862,49.92686895369961,0.0,1.0
IONQ,2025-09-11,1,Chronos-LoRA-V2,55.61000061035156,44.39968572348856,47.04386944039004,49.78107955850917,0.0,1.0
IONQ,2025-09-11,1,Chronos-LoRA-V3,55.61000061035156,44.374170910726825,47.03204659240618,49.89373095938833,0.0,1.0
IONQ,2025-09-11,5,Chronos-LoRA-V1,66.80999755859375,34.65730173528824,46.4262348122107,62.636161323172864,0.0,1.0
IONQ,2025-09-11,5,Chronos-LoRA-V2,66.80999755859375,35.391544476582716,47.1017519828393,62.41684456587827,0.0,1.0
IONQ,2025-09-11,5,Chronos-LoRA-V3,66.80999755859375,35.25362685785122,46.77948030612762,62.53437439723619,0.0,1.0
IONQ,2025-09-11,10,Chronos-LoRA-V1,69.43000030517578,25.801902877476785,45.8071713496157,82.33328820766124,0.0,0.0
IONQ,2025-09-11,10,Chronos-LoRA-V2,69.43000030517578,26.767779811407532,47.12517455041092,82.23318812646355,0.0,0.0
IONQ,2025-09-11,10,Chronos-LoRA-V3,69.43000030517578,26.46695526322018,46.42431249939741,82.44261520802424,0.0,0.0
IONQ,2025-09-11,20,Chronos-LoRA-V1,77.5,14.263893740734462,44.81239450623867,145.47547947708762,0.0,0.0
IONQ,2025-09-11,20,Chronos-LoRA-V2,77.5,15.31394111550745,46.98452724835682,142.18279544673265,0.0,0.0
IONQ,2025-09-11,20,Chronos-LoRA-V3,77.5,15.065406704672395,45.76868463694107,143.7805016850599,0.0,0.0
IONQ,2025-10-14,1,Chronos-LoRA-V1,72.41000366210938,72.36879301674819,77.56361544981624,83.3059898009804,0.0,0.0
IONQ,2025-10-14,1,Chronos-LoRA-V2,72.41000366210938,72.51300255878289,77.77921969725614,83.36722417940915,1.0,0.0
IONQ,2025-10-14,1,Chronos-LoRA-V3,72.41000366210938,72.61754815430449,77.68322351688884,83.28656112172446,1.0,0.0
IONQ,2025-10-14,5,Chronos-LoRA-V1,59.5,55.311085799852194,77.57132833393749,110.21135113945677,0.0,0.0
IONQ,2025-10-14,5,Chronos-LoRA-V2,59.5,55.477100728590635,78.57926862317412,111.25333743350807,0.0,0.0
IONQ,2025-10-14,5,Chronos-LoRA-V3,59.5,55.929685385650465,77.96004303383498,110.0773276316856,0.0,0.0
IONQ,2025-10-14,10,Chronos-LoRA-V1,57.150001525878906,40.0381111845534,77.40570447988338,153.50527088546966,0.0,0.0
IONQ,2025-10-14,10,Chronos-LoRA-V2,57.150001525878906,39.968322856024564,79.48890378730071,157.97547289292675,0.0,0.0
IONQ,2025-10-14,10,Chronos-LoRA-V3,57.150001525878906,40.61092490303498,78.11512037331184,154.18069571531558,0.0,0.0
IONQ,2025-10-14,20,Chronos-LoRA-V1,54.41999816894531,20.604155405657007,77.57359391858108,314.0767778181247,0.0,0.0
IONQ,2025-10-14,20,Chronos-LoRA-V2,54.41999816894531,20.57950984171334,80.95785783273139,320.5970695982198,0.0,0.0
IONQ,2025-10-14,20,Chronos-LoRA-V3,54.41999816894531,21.10618523289048,78.59965219450868,314.26201496230044,0.0,0.0
IONQ,2025-11-13,1,Chronos-LoRA-V1,47.18000030517578,41.887271662220975,45.392840484544024,49.32153197224023,0.0,0.0
IONQ,2025-11-13,1,Chronos-LoRA-V2,47.18000030517578,42.02760594084854,45.53040558866355,49.290845679948944,0.0,0.0
IONQ,2025-11-13,1,Chronos-LoRA-V3,47.18000030517578,42.149801571655786,45.4673963764247,49.178068961359855,0.0,0.0
IONQ,2025-11-13,5,Chronos-LoRA-V1,41.0,30.48245645822424,45.386208807864705,68.74088012473315,0.0,0.0
IONQ,2025-11-13,5,Chronos-LoRA-V2,41.0,30.92625520060849,45.99000793492057,68.34474384634005,0.0,0.0
IONQ,2025-11-13,5,Chronos-LoRA-V3,41.0,31.33494055625031,45.623690142036054,67.37551400551885,0.0,0.0
IONQ,2025-11-13,10,Chronos-LoRA-V1,49.29999923706055,20.961289108399708,45.396732670578054,101.40822809562238,0.0,0.0
IONQ,2025-11-13,10,Chronos-LoRA-V2,49.29999923706055,21.29057300167881,46.59992488144488,101.6327598602484,0.0,0.0
IONQ,2025-11-13,10,Chronos-LoRA-V3,49.29999923706055,21.863063011139776,45.789367993334075,98.48923389013943,0.0,0.0
IONQ,2025-11-13,20,Chronos-LoRA-V1,50.34999847412109,9.96398265390696,45.4666788068919,223.23590247488127,0.0,0.0
IONQ,2025-11-13,20,Chronos-LoRA-V2,50.34999847412109,10.104553997021144,47.40922119001832,223.63037124698255,0.0,0.0
IONQ,2025-11-13,20,Chronos-LoRA-V3,50.34999847412109,10.606991239058933,46.07595843537453,214.1471795430734,0.0,0.0
IONQ,2025-12-17,1,Chronos-LoRA-V1,46.43999862670898,42.1877817857812,45.82440024775803,49.96479081793482,0.0,0.0
IONQ,2025-12-17,1,Chronos-LoRA-V2,46.43999862670898,42.5048283118125,45.924396701669664,49.577253803018145,0.0,0.0
IONQ,2025-12-17,1,Chronos-LoRA-V3,46.43999862670898,42.41556583186932,45.899243957850715,49.8461085595577,0.0,0.0
IONQ,2025-12-17,5,Chronos-LoRA-V1,49.81999969482422,30.03230456201257,45.64840733851287,71.05590418734256,0.0,0.0
IONQ,2025-12-17,5,Chronos-LoRA-V2,49.81999969482422,31.387706839283066,46.17444014692091,67.95838824225203,0.0,0.0
IONQ,2025-12-17,5,Chronos-LoRA-V3,49.81999969482422,30.83294241971747,45.889147606732045,69.72304623578155,0.0,0.0
IONQ,2025-12-17,10,Chronos-LoRA-V1,46.77000045776367,19.58511417482477,45.455527398153976,110.51165017456526,0.0,0.0
IONQ,2025-12-17,10,Chronos-LoRA-V2,46.77000045776367,21.514091681593268,46.48678622039465,100.38626995479987,0.0,0.0
IONQ,2025-12-17,10,Chronos-LoRA-V3,46.77000045776367,20.57346667544612,45.86966057966008,106.26431434717419,0.0,0.0
IONQ,2025-12-17,20,Chronos-LoRA-V1,50.79999923706055,7.889914836423802,44.9314676713579,284.1326504953816,0.0,0.0
IONQ,2025-12-17,20,Chronos-LoRA-V2,50.79999923706055,9.745310298389002,46.85934581444997,225.00859806388289,0.0,0.0
IONQ,2025-12-17,20,Chronos-LoRA-V3,50.79999923706055,8.683204376082388,45.61703435560027,260.65776657060076,0.0,0.0
IONQ,2026-01-21,1,Chronos-LoRA-V1,49.33000183105469,45.01672472296243,48.403943183378765,52.07913508962301,0.0,0.0
IONQ,2026-01-21,1,Chronos-LoRA-V2,49.33000183105469,45.322535405732886,48.46556380367912,51.75336911994197,0.0,0.0
IONQ,2026-01-21,1,Chronos-LoRA-V3,49.33000183105469,45.20867984449481,48.466843535602656,52.013008866949974,0.0,0.0
IONQ,2026-01-21,5,Chronos-LoRA-V1,45.79999923706055,33.265332477903705,48.64076977916584,71.6175924703338,0.0,0.0
IONQ,2026-01-21,5,Chronos-LoRA-V2,45.79999923706055,34.78779364202488,48.953111503072805,68.67068274148266,0.0,0.0
IONQ,2026-01-21,5,Chronos-LoRA-V3,45.79999923706055,34.08943011551107,48.81291073238175,70.51227844684,0.0,0.0
IONQ,2026-01-21,10,Chronos-LoRA-V1,35.34000015258789,22.49859320960872,48.98347107056072,108.1025170288525,0.0,0.0
IONQ,2026-01-21,10,Chronos-LoRA-V2,35.34000015258789,24.99453613154272,49.604341174493925,97.69292895226998,0.0,0.0
IONQ,2026-01-21,10,Chronos-LoRA-V3,35.34000015258789,23.687277349435984,49.26240178797577,103.9807700338643,0.0,0.0
IONQ,2026-01-21,20,Chronos-LoRA-V1,33.43000030517578,9.73945427068404,49.73260066584933,256.9774335267759,0.0,0.0
IONQ,2026-01-21,20,Chronos-LoRA-V2,33.43000030517578,12.373113699910878,50.67756743001488,203.6960848430964,0.0,0.0
IONQ,2026-01-21,20,Chronos-LoRA-V3,33.43000030517578,10.909878187259356,50.13961863821497,234.1610393527807,0.0,0.0
IONQ,2026-02-24,1,Chronos-LoRA-V1,33.59000015258789,29.19725363057351,31.65389399891693,34.34394503131487,0.0,0.0
IONQ,2026-02-24,1,Chronos-LoRA-V2,33.59000015258789,29.44201632433619,31.664362012567548,34.03577540937726,0.0,0.0
IONQ,2026-02-24,1,Chronos-LoRA-V3,33.59000015258789,29.359899746018183,31.682976249211535,34.224397324862714,0.0,0.0
IONQ,2026-02-24,5,Chronos-LoRA-V1,37.04999923706055,20.793090216395385,31.75060122993951,48.910114646518196,0.0,0.0
IONQ,2026-02-24,5,Chronos-LoRA-V2,37.04999923706055,21.96844199699081,31.84582909083831,46.204374447102985,0.0,0.0
IONQ,2026-02-24,5,Chronos-LoRA-V3,37.04999923706055,21.43522399796817,31.80788231695862,47.6319598364374,0.0,0.0
IONQ,2026-02-24,10,Chronos-LoRA-V1,35.119998931884766,13.19909396963188,31.88446387094114,78.53554672057273,0.0,0.0
IONQ,2026-02-24,10,Chronos-LoRA-V2,35.119998931884766,15.148723611552537,32.11628621699613,67.89992643899284,0.0,0.0
IONQ,2026-02-24,10,Chronos-LoRA-V3,35.119998931884766,14.085449932857316,31.999078716590766,73.62627945839947,0.0,0.0
IONQ,2026-02-24,20,Chronos-LoRA-V1,32.70000076293945,5.0193184257255234,32.20957979619797,214.60706995379715,0.0,0.0
IONQ,2026-02-24,20,Chronos-LoRA-V2,32.70000076293945,6.785137986607222,32.58640683207789,154.6447715185029,0.0,0.0
IONQ,2026-02-24,20,Chronos-LoRA-V3,32.70000076293945,5.799368943410651,32.38572226867815,184.534582503006,0.0,0.0
IONQ,2026-03-26,1,Chronos-LoRA-V1,27.51000022888184,27.802720309323455,29.793335895213637,32.13067232280336,1.0,0.0
IONQ,2026-03-26,1,Chronos-LoRA-V2,27.51000022888184,28.034858524689778,29.86311506267506,31.837608233490414,1.0,0.0
IONQ,2026-03-26,1,Chronos-LoRA-V3,27.51000022888184,27.92615780054433,29.84305462813397,32.06703628027474,1.0,0.0
IONQ,2026-03-26,5,Chronos-LoRA-V1,29.299999237060547,20.64847365980322,29.599783826228585,44.082360928980265,0.0,0.0
IONQ,2026-03-26,5,Chronos-LoRA-V2,29.299999237060547,21.71433554513282,29.909480058634173,41.6049035912692,0.0,0.0
IONQ,2026-03-26,5,Chronos-LoRA-V3,29.299999237060547,21.162490840065686,29.75401419170544,43.253399132913835,0.0,0.0
IONQ,2026-03-26,10,Chronos-LoRA-V1,28.790000915527344,14.092964974386165,29.369813481822906,66.20442943570244,0.0,0.0
IONQ,2026-03-26,10,Chronos-LoRA-V2,28.790000915527344,15.770213466010816,29.941500058159637,57.88188115269555,0.0,0.0
IONQ,2026-03-26,10,Chronos-LoRA-V3,28.790000915527344,14.845277492995278,29.61475672597692,63.149961513195734,0.0,0.0
IONQ,2026-03-26,20,Chronos-LoRA-V1,42.68999862670898,6.512535302817384,28.88845425806816,147.1073882898468,0.0,0.0
IONQ,2026-03-26,20,Chronos-LoRA-V2,42.68999862670898,8.16683953598721,29.898234959983714,112.98211724070059,0.0,0.0
IONQ,2026-03-26,20,Chronos-LoRA-V3,42.68999862670898,7.356877464649342,29.3325141129003,131.37846869930615,0.0,0.0
IONQ,2026-04-29,1,Chronos-LoRA-V1,45.119998931884766,39.00880932392921,42.104815683263816,45.58961966442464,0.0,0.0
IONQ,2026-04-29,1,Chronos-LoRA-V2,45.119998931884766,39.41153983045093,42.161704160666105,45.08720407106672,0.0,1.0
IONQ,2026-04-29,1,Chronos-LoRA-V3,45.119998931884766,39.27649934032348,42.164871977900326,45.41096161590009,0.0,0.0
IONQ,2026-04-29,5,Chronos-LoRA-V1,52.56999969482422,28.457876608767364,42.07328927444338,63.579159382548596,0.0,0.0
IONQ,2026-04-29,5,Chronos-LoRA-V2,52.56999969482422,30.143666786062013,42.407632686083815,59.87059104215857,0.0,0.0
IONQ,2026-04-29,5,Chronos-LoRA-V3,52.56999969482422,29.487713851707806,42.2861531514883,61.962129543939305,0.0,0.0
IONQ,2026-04-29,10,Chronos-LoRA-V1,55.2599983215332,19.0998136628995,42.085260120687835,96.96007105769574,0.0,0.0
IONQ,2026-04-29,10,Chronos-LoRA-V2,55.2599983215332,21.585546929041698,42.70271129340327,85.0458931998822,0.0,0.0
IONQ,2026-04-29,10,Chronos-LoRA-V3,55.2599983215332,20.444702000689944,42.416388033370104,91.92477341215137,0.0,0.0
IONQ,2026-04-29,20,Chronos-LoRA-V1,70.13999938964844,8.962136440387173,41.94759997835092,214.72771796056918,0.0,0.0
IONQ,2026-04-29,20,Chronos-LoRA-V2,70.13999938964844,11.023765920624946,43.16930745434543,171.51072299930235,0.0,0.0
IONQ,2026-04-29,20,Chronos-LoRA-V3,70.13999938964844,10.095021028654243,42.6001767686447,196.31193666259256,0.0,0.0
IONQ,2026-06-01,1,Chronos-LoRA-V1,71.4000015258789,64.38600843013721,69.26997629780519,74.95713717882234,0.0,0.0
IONQ,2026-06-01,1,Chronos-LoRA-V2,71.4000015258789,64.7298577819042,69.44217350760294,74.5511525823588,0.0,0.0
IONQ,2026-06-01,1,Chronos-LoRA-V3,71.4000015258789,64.6275459495425,69.39606855002052,74.91026625536917,0.0,0.0
IONQ,2026-06-01,5,Chronos-LoRA-V1,62.79999923706055,47.807201249294614,69.0473136502029,103.27834632338013,0.0,0.0
IONQ,2026-06-01,5,Chronos-LoRA-V2,62.79999923706055,49.23560802737788,69.97094325861904,100.41930041299214,0.0,0.0
IONQ,2026-06-01,5,Chronos-LoRA-V3,62.79999923706055,48.64511794764871,69.4992060429707,102.46727413137572,0.0,0.0
IONQ,2026-06-01,10,Chronos-LoRA-V1,61.18000030517578,32.71742902720489,68.91361103187344,155.55605014924407,0.0,0.0
IONQ,2026-06-01,10,Chronos-LoRA-V2,61.18000030517578,34.94704408115478,70.67611563567765,145.30294633377903,0.0,0.0
IONQ,2026-06-01,10,Chronos-LoRA-V3,61.18000030517578,33.850043299053034,69.6436945046085,152.30136024973675,0.0,0.0
IONQ,2026-06-01,20,Chronos-LoRA-V1,53.2599983215332,15.317956515961399,68.35772309815083,349.7122893257786,0.0,0.0
IONQ,2026-06-01,20,Chronos-LoRA-V2,53.2599983215332,17.46121369498807,71.70441417179457,304.42263311426143,0.0,0.0
IONQ,2026-06-01,20,Chronos-LoRA-V3,53.2599983215332,16.452915656624395,69.71978308983222,333.76682287119377,0.0,0.0
IONQ,2026-07-06,1,Chronos-LoRA-V1,45.36000061035156,45.40587024994463,48.89638616569157,52.74327606532269,1.0,0.0
IONQ,2026-07-06,1,Chronos-LoRA-V2,45.36000061035156,45.694979890845474,48.96691017178089,52.4567179402823,1.0,0.0
IONQ,2026-07-06,1,Chronos-LoRA-V3,45.36000061035156,45.57054172222226,48.97090318042001,52.72505924929138,1.0,0.0
IONQ,2026-07-06,5,Chronos-LoRA-V1,38.880001068115234,33.67084318213327,48.98788307957673,72.21667251132384,0.0,0.0
IONQ,2026-07-06,5,Chronos-LoRA-V2,38.880001068115234,34.85889427511533,49.40282528704197,70.22181741852734,0.0,0.0
IONQ,2026-07-06,5,Chronos-LoRA-V3,38.880001068115234,34.30458614447723,49.25792552727729,71.71288257254396,0.0,0.0
IONQ,2026-07-06,10,Chronos-LoRA-V1,34.2400016784668,23.051104531515698,49.266247224406186,107.87213656240861,0.0,0.0
IONQ,2026-07-06,10,Chronos-LoRA-V2,34.2400016784668,24.8609494609292,50.0224763898213,101.01849835483002,0.0,0.0
IONQ,2026-07-06,10,Chronos-LoRA-V3,34.2400016784668,23.914173944519725,49.68479983175781,105.81855007875363,0.0,0.0
IONQ,2026-07-06,20,Chronos-LoRA-V1,38.84999847412109,10.75055903856119,49.56700763829487,240.06510056078386,0.0,0.0
IONQ,2026-07-06,20,Chronos-LoRA-V2,38.84999847412109,12.560073571789381,50.993121274462204,208.45425361154136,0.0,0.0
IONQ,2026-07-06,20,Chronos-LoRA-V3,38.84999847412109,11.61543385500117,50.37301446311021,230.23141692144475,0.0,0.0
IONQ,2026-08-06,1,Chronos-LoRA-V1,44.43000030517578,37.03022986125897,39.66591579268839,42.72976373427413,0.0,1.0
IONQ,2026-08-06,1,Chronos-LoRA-V2,44.43000030517578,37.134351510639384,39.76435417575245,42.613453250207044,0.0,1.0
IONQ,2026-08-06,1,Chronos-LoRA-V3,44.43000030517578,37.113955285464776,39.726083341082926,42.74586599264542,0.0,1.0
IONQ,2026-08-06,5,Chronos-LoRA-V1,44.97999954223633,27.923105701026884,39.38743581873011,57.440462127275275,0.0,0.0
IONQ,2026-08-06,5,Chronos-LoRA-V2,44.97999954223633,28.34354118349688,39.932391982332945,56.738754552883044,0.0,0.0
IONQ,2026-08-06,5,Chronos-LoRA-V3,44.97999954223633,28.26092818900798,39.61515671707382,57.27349941008218,0.0,0.0
IONQ,2026-08-06,10,Chronos-LoRA-V1,41.52999877929688,19.677169855630364,39.11946584975341,82.99076949331878,0.0,0.0
IONQ,2026-08-06,10,Chronos-LoRA-V2,41.52999877929688,20.31002291650347,40.17725032295756,80.60743454164361,0.0,0.0
IONQ,2026-08-06,10,Chronos-LoRA-V3,41.52999877929688,20.092930261151427,39.50120004358962,82.55406122809694,0.0,0.0
IONQ,2026-08-06,20,Chronos-LoRA-V1,39.02000045776367,9.682593022460967,38.30218757138744,173.29799608636844,0.0,0.0
IONQ,2026-08-06,20,Chronos-LoRA-V2,39.02000045776367,10.466711316835616,40.323219449436564,159.98093811491344,0.0,0.0
IONQ,2026-08-06,20,Chronos-LoRA-V3,39.02000045776367,10.058213559291126,39.03715953940313,170.98471562190133,0.0,0.0
