ticker,date,actual_return,threshold,actual_spike,model,spike_warning
AAPL,2011-03-14,0.004460158412304516,0.02885882011001267,False,Chronos-LoRA-V1,False
AAPL,2011-03-14,0.004460158412304516,0.02885882011001267,False,Chronos-LoRA-V2,False
AAPL,2011-03-14,0.004460158412304516,0.02885882011001267,False,Chronos-LoRA-V3,False
AAPL,2011-03-14,0.004460158412304516,0.02885882011001267,False,XGBoost,False
AAPL,2011-07-06,0.006667573682985539,0.032177449317118245,False,Chronos-LoRA-V1,False
AAPL,2011-07-06,0.006667573682985539,0.032177449317118245,False,Chronos-LoRA-V2,False
AAPL,2011-07-06,0.006667573682985539,0.032177449317118245,False,Chronos-LoRA-V3,False
AAPL,2011-07-06,0.006667573682985539,0.032177449317118245,False,XGBoost,False
AAPL,2011-10-26,0.007114830957233975,0.049160836161456604,False,Chronos-LoRA-V1,False
AAPL,2011-10-26,0.007114830957233975,0.049160836161456604,False,Chronos-LoRA-V2,False
AAPL,2011-10-26,0.007114830957233975,0.049160836161456604,False,Chronos-LoRA-V3,False
AAPL,2011-10-26,0.007114830957233975,0.049160836161456604,False,XGBoost,False
AAPL,2012-02-21,0.02535302995483213,0.035584133733980505,False,Chronos-LoRA-V1,False
AAPL,2012-02-21,0.02535302995483213,0.035584133733980505,False,Chronos-LoRA-V2,False
AAPL,2012-02-21,0.02535302995483213,0.035584133733980505,False,Chronos-LoRA-V3,False
AAPL,2012-02-21,0.02535302995483213,0.035584133733980505,False,XGBoost,False
AAPL,2012-06-13,-0.0069428418656197755,0.03929342052266589,False,Chronos-LoRA-V1,False
AAPL,2012-06-13,-0.0069428418656197755,0.03929342052266589,False,Chronos-LoRA-V2,False
AAPL,2012-06-13,-0.0069428418656197755,0.03929342052266589,False,Chronos-LoRA-V3,False
AAPL,2012-06-13,-0.0069428418656197755,0.03929342052266589,False,XGBoost,False
AAPL,2012-10-04,-0.006925222819020527,0.02930300755163749,False,Chronos-LoRA-V1,False
AAPL,2012-10-04,-0.006925222819020527,0.02930300755163749,False,Chronos-LoRA-V2,False
AAPL,2012-10-04,-0.006925222819020527,0.02930300755163749,False,Chronos-LoRA-V3,False
AAPL,2012-10-04,-0.006925222819020527,0.02930300755163749,False,XGBoost,False
AAPL,2013-01-31,-0.0029329128527638693,0.06900682738796965,False,Chronos-LoRA-V1,False
AAPL,2013-01-31,-0.0029329128527638693,0.06900682738796965,False,Chronos-LoRA-V2,False
AAPL,2013-01-31,-0.0029329128527638693,0.06900682738796965,False,Chronos-LoRA-V3,False
AAPL,2013-01-31,-0.0029329128527638693,0.06900682738796965,False,XGBoost,False
AAPL,2013-05-24,0.0068077533326771356,0.03436672094761819,False,Chronos-LoRA-V1,False
AAPL,2013-05-24,0.0068077533326771356,0.03436672094761819,False,Chronos-LoRA-V2,False
AAPL,2013-05-24,0.0068077533326771356,0.03436672094761819,False,Chronos-LoRA-V3,False
AAPL,2013-05-24,0.0068077533326771356,0.03436672094761819,False,XGBoost,False
AAPL,2013-09-17,0.01155270804636599,0.036533530044340075,False,Chronos-LoRA-V1,False
AAPL,2013-09-17,0.01155270804636599,0.036533530044340075,False,Chronos-LoRA-V2,False
AAPL,2013-09-17,0.01155270804636599,0.036533530044340075,False,Chronos-LoRA-V3,False
AAPL,2013-09-17,0.01155270804636599,0.036533530044340075,False,XGBoost,False
AAPL,2014-01-09,-0.012769852206867327,0.025244626316059476,False,Chronos-LoRA-V1,False
AAPL,2014-01-09,-0.012769852206867327,0.025244626316059476,False,Chronos-LoRA-V2,False
AAPL,2014-01-09,-0.012769852206867327,0.025244626316059476,False,Chronos-LoRA-V3,False
AAPL,2014-01-09,-0.012769852206867327,0.025244626316059476,False,XGBoost,False
AAPL,2014-05-05,0.01414124446716336,0.04384350883042597,False,Chronos-LoRA-V1,False
AAPL,2014-05-05,0.01414124446716336,0.04384350883042597,False,Chronos-LoRA-V2,False
AAPL,2014-05-05,0.01414124446716336,0.04384350883042597,False,Chronos-LoRA-V3,False
AAPL,2014-05-05,0.01414124446716336,0.04384350883042597,False,XGBoost,False
AAPL,2014-08-26,-0.0064013082158485,0.018046368175844228,False,Chronos-LoRA-V1,False
AAPL,2014-08-26,-0.0064013082158485,0.018046368175844228,False,Chronos-LoRA-V2,False
AAPL,2014-08-26,-0.0064013082158485,0.018046368175844228,False,Chronos-LoRA-V3,False
AAPL,2014-08-26,-0.0064013082158485,0.018046368175844228,False,XGBoost,False
AAPL,2014-12-17,0.024918085674496826,0.028236830508079586,False,Chronos-LoRA-V1,False
AAPL,2014-12-17,0.024918085674496826,0.028236830508079586,False,Chronos-LoRA-V2,False
AAPL,2014-12-17,0.024918085674496826,0.028236830508079586,False,Chronos-LoRA-V3,False
AAPL,2014-12-17,0.024918085674496826,0.028236830508079586,False,XGBoost,False
AAPL,2015-04-14,-0.0043361181523605685,0.025301045108785017,False,Chronos-LoRA-V1,False
AAPL,2015-04-14,-0.0043361181523605685,0.025301045108785017,False,Chronos-LoRA-V2,False
AAPL,2015-04-14,-0.0043361181523605685,0.025301045108785017,False,Chronos-LoRA-V3,False
AAPL,2015-04-14,-0.0043361181523605685,0.025301045108785017,False,XGBoost,False
AAPL,2015-08-05,0.006629199065646407,0.03630499270474385,False,Chronos-LoRA-V1,False
AAPL,2015-08-05,0.006629199065646407,0.03630499270474385,False,Chronos-LoRA-V2,False
AAPL,2015-08-05,0.006629199065646407,0.03630499270474385,False,Chronos-LoRA-V3,False
AAPL,2015-08-05,0.006629199065646407,0.03630499270474385,False,XGBoost,False
AAPL,2015-11-25,-0.007150188201904051,0.03492737916885329,False,Chronos-LoRA-V1,False
AAPL,2015-11-25,-0.007150188201904051,0.03492737916885329,False,Chronos-LoRA-V2,False
AAPL,2015-11-25,-0.007150188201904051,0.03492737916885329,False,Chronos-LoRA-V3,False
AAPL,2015-11-25,-0.007150188201904051,0.03492737916885329,False,XGBoost,False
AAPL,2016-03-22,0.007647852886431661,0.025676942299089334,False,Chronos-LoRA-V1,False
AAPL,2016-03-22,0.007647852886431661,0.025676942299089334,False,Chronos-LoRA-V2,False
AAPL,2016-03-22,0.007647852886431661,0.025676942299089334,False,Chronos-LoRA-V3,False
AAPL,2016-03-22,0.007647852886431661,0.025676942299089334,False,XGBoost,False
AAPL,2016-07-14,0.019820451362967173,0.02276684138375036,False,Chronos-LoRA-V1,False
AAPL,2016-07-14,0.019820451362967173,0.02276684138375036,False,Chronos-LoRA-V2,False
AAPL,2016-07-14,0.019820451362967173,0.02276684138375036,False,Chronos-LoRA-V3,False
AAPL,2016-07-14,0.019820451362967173,0.02276684138375036,False,XGBoost,False
AAPL,2016-11-03,-0.01071878092459111,0.01825842281181891,False,Chronos-LoRA-V1,False
AAPL,2016-11-03,-0.01071878092459111,0.01825842281181891,False,Chronos-LoRA-V2,False
AAPL,2016-11-03,-0.01071878092459111,0.01825842281181891,False,Chronos-LoRA-V3,False
AAPL,2016-11-03,-0.01071878092459111,0.01825842281181891,False,XGBoost,False
AAPL,2017-03-01,0.02043904268959773,0.027389205272767014,False,Chronos-LoRA-V1,False
AAPL,2017-03-01,0.02043904268959773,0.027389205272767014,False,Chronos-LoRA-V2,False
AAPL,2017-03-01,0.02043904268959773,0.027389205272767014,False,Chronos-LoRA-V3,False
AAPL,2017-03-01,0.02043904268959773,0.027389205272767014,False,XGBoost,False
AAPL,2017-06-22,-0.0016450556162370678,0.02793663806100878,False,Chronos-LoRA-V1,False
AAPL,2017-06-22,-0.0016450556162370678,0.02793663806100878,False,Chronos-LoRA-V2,False
AAPL,2017-06-22,-0.0016450556162370678,0.02793663806100878,False,Chronos-LoRA-V3,False
AAPL,2017-06-22,-0.0016450556162370678,0.02793663806100878,False,XGBoost,False
AAPL,2017-10-13,0.0063463683018247785,0.01821537406870928,False,Chronos-LoRA-V1,False
AAPL,2017-10-13,0.0063463683018247785,0.01821537406870928,False,Chronos-LoRA-V2,False
AAPL,2017-10-13,0.0063463683018247785,0.01821537406870928,False,Chronos-LoRA-V3,False
AAPL,2017-10-13,0.0063463683018247785,0.01821537406870928,False,XGBoost,False
AAPL,2018-02-07,-0.021407164107031362,0.03441424703035487,False,Chronos-LoRA-V1,False
AAPL,2018-02-07,-0.021407164107031362,0.03441424703035487,False,Chronos-LoRA-V2,False
AAPL,2018-02-07,-0.021407164107031362,0.03441424703035487,False,Chronos-LoRA-V3,False
AAPL,2018-02-07,-0.021407164107031362,0.03441424703035487,False,XGBoost,False
AAPL,2018-06-01,0.018034057036322437,0.02081419383406024,False,Chronos-LoRA-V1,False
AAPL,2018-06-01,0.018034057036322437,0.02081419383406024,False,Chronos-LoRA-V2,False
AAPL,2018-06-01,0.018034057036322437,0.02081419383406024,False,Chronos-LoRA-V3,False
AAPL,2018-06-01,0.018034057036322437,0.02081419383406024,False,XGBoost,False
AAPL,2018-09-24,0.014380374473740964,0.0273090721707684,False,Chronos-LoRA-V1,False
AAPL,2018-09-24,0.014380374473740964,0.0273090721707684,False,Chronos-LoRA-V2,False
AAPL,2018-09-24,0.014380374473740964,0.0273090721707684,False,Chronos-LoRA-V3,False
AAPL,2018-09-24,0.014380374473740964,0.0273090721707684,False,XGBoost,False
AAPL,2019-01-18,0.006159089013166419,0.06819397608010681,False,Chronos-LoRA-V1,False
AAPL,2019-01-18,0.006159089013166419,0.06819397608010681,False,Chronos-LoRA-V2,False
AAPL,2019-01-18,0.006159089013166419,0.06819397608010681,False,Chronos-LoRA-V3,False
AAPL,2019-01-18,0.006159089013166419,0.06819397608010681,False,XGBoost,False
AAPL,2019-05-14,0.0158301003006458,0.04147145332141114,False,Chronos-LoRA-V1,False
AAPL,2019-05-14,0.0158301003006458,0.04147145332141114,False,Chronos-LoRA-V2,False
AAPL,2019-05-14,0.0158301003006458,0.04147145332141114,False,Chronos-LoRA-V3,False
AAPL,2019-05-14,0.0158301003006458,0.04147145332141114,False,XGBoost,False
AAPL,2019-09-05,0.01955146618513659,0.04006074807744136,False,Chronos-LoRA-V1,False
AAPL,2019-09-05,0.01955146618513659,0.04006074807744136,False,Chronos-LoRA-V2,False
AAPL,2019-09-05,0.01955146618513659,0.04006074807744136,False,Chronos-LoRA-V3,False
AAPL,2019-09-05,0.01955146618513659,0.04006074807744136,False,XGBoost,False
AAPL,2019-12-27,-0.00037961355973947786,0.022124974430602365,False,Chronos-LoRA-V1,False
AAPL,2019-12-27,-0.00037961355973947786,0.022124974430602365,False,Chronos-LoRA-V2,False
AAPL,2019-12-27,-0.00037961355973947786,0.022124974430602365,False,Chronos-LoRA-V3,False
AAPL,2019-12-27,-0.00037961355973947786,0.022124974430602365,False,XGBoost,False
AAPL,2020-04-22,0.028803637237555968,0.07929357388154565,False,Chronos-LoRA-V1,False
AAPL,2020-04-22,0.028803637237555968,0.07929357388154565,False,Chronos-LoRA-V2,False
AAPL,2020-04-22,0.028803637237555968,0.07929357388154565,False,Chronos-LoRA-V3,False
AAPL,2020-04-22,0.028803637237555968,0.07929357388154565,False,XGBoost,False
AAPL,2020-08-13,0.017697432091819953,0.06254374021310118,False,Chronos-LoRA-V1,False
AAPL,2020-08-13,0.017697432091819953,0.06254374021310118,False,Chronos-LoRA-V2,False
AAPL,2020-08-13,0.017697432091819953,0.06254374021310118,False,Chronos-LoRA-V3,False
AAPL,2020-08-13,0.017697432091819953,0.06254374021310118,False,XGBoost,False
AAPL,2020-12-04,-0.005612256345542632,0.03325324391036956,False,Chronos-LoRA-V1,False
AAPL,2020-12-04,-0.005612256345542632,0.03325324391036956,False,Chronos-LoRA-V2,False
AAPL,2020-12-04,-0.005612256345542632,0.03325324391036956,False,Chronos-LoRA-V3,False
AAPL,2020-12-04,-0.005612256345542632,0.03325324391036956,False,XGBoost,False
AAPL,2021-03-31,0.018765881887806923,0.041323913460440474,False,Chronos-LoRA-V1,False
AAPL,2021-03-31,0.018765881887806923,0.041323913460440474,False,Chronos-LoRA-V2,False
AAPL,2021-03-31,0.018765881887806923,0.041323913460440474,False,Chronos-LoRA-V3,False
AAPL,2021-03-31,0.018765881887806923,0.041323913460440474,False,XGBoost,False
AAPL,2021-07-23,0.011989285888479362,0.026934522770551778,False,Chronos-LoRA-V1,False
AAPL,2021-07-23,0.011989285888479362,0.026934522770551778,False,Chronos-LoRA-V2,False
AAPL,2021-07-23,0.011989285888479362,0.026934522770551778,False,Chronos-LoRA-V3,False
AAPL,2021-07-23,0.011989285888479362,0.026934522770551778,False,XGBoost,False
AAPL,2021-11-12,0.014336998971469006,0.020571554189529776,False,Chronos-LoRA-V1,False
AAPL,2021-11-12,0.014336998971469006,0.020571554189529776,False,Chronos-LoRA-V2,False
AAPL,2021-11-12,0.014336998971469006,0.020571554189529776,False,Chronos-LoRA-V3,False
AAPL,2021-11-12,0.014336998971469006,0.020571554189529776,False,XGBoost,False
AAPL,2022-03-09,0.03499723576428515,0.03289848603709963,True,Chronos-LoRA-V1,False
AAPL,2022-03-09,0.03499723576428515,0.03289848603709963,True,Chronos-LoRA-V2,False
AAPL,2022-03-09,0.03499723576428515,0.03289848603709963,True,Chronos-LoRA-V3,False
AAPL,2022-03-09,0.03499723576428515,0.03289848603709963,True,XGBoost,False
AAPL,2022-07-01,0.016164423114502835,0.049775836015079226,False,Chronos-LoRA-V1,False
AAPL,2022-07-01,0.016164423114502835,0.049775836015079226,False,Chronos-LoRA-V2,False
AAPL,2022-07-01,0.016164423114502835,0.049775836015079226,False,Chronos-LoRA-V3,False
AAPL,2022-07-01,0.016164423114502835,0.049775836015079226,False,XGBoost,False
AAPL,2022-10-24,0.014802569726696024,0.04699504326924561,False,Chronos-LoRA-V1,False
AAPL,2022-10-24,0.014802569726696024,0.04699504326924561,False,Chronos-LoRA-V2,False
AAPL,2022-10-24,0.014802569726696024,0.04699504326924561,False,Chronos-LoRA-V3,False
AAPL,2022-10-24,0.014802569726696024,0.04699504326924561,False,XGBoost,False
AAPL,2023-02-16,-0.010429329152483402,0.031007762469612756,False,Chronos-LoRA-V1,False
AAPL,2023-02-16,-0.010429329152483402,0.031007762469612756,False,Chronos-LoRA-V2,False
AAPL,2023-02-16,-0.010429329152483402,0.031007762469612756,False,Chronos-LoRA-V3,False
AAPL,2023-02-16,-0.010429329152483402,0.031007762469612756,False,XGBoost,False
AAPL,2023-06-12,0.015638804671419537,0.01723665275684881,False,Chronos-LoRA-V1,False
AAPL,2023-06-12,0.015638804671419537,0.01723665275684881,False,Chronos-LoRA-V2,False
AAPL,2023-06-12,0.015638804671419537,0.01723665275684881,False,Chronos-LoRA-V3,False
AAPL,2023-06-12,0.015638804671419537,0.01723665275684881,False,XGBoost,False
AAPL,2023-10-04,0.007308546369570346,0.02932136906241544,False,Chronos-LoRA-V1,False
AAPL,2023-10-04,0.007308546369570346,0.02932136906241544,False,Chronos-LoRA-V2,False
AAPL,2023-10-04,0.007308546369570346,0.02932136906241544,False,Chronos-LoRA-V3,False
AAPL,2023-10-04,0.007308546369570346,0.02932136906241544,False,XGBoost,False
AAPL,2024-01-29,-0.0035858916774162974,0.028846921644196735,False,Chronos-LoRA-V1,False
AAPL,2024-01-29,-0.0035858916774162974,0.028846921644196735,False,Chronos-LoRA-V2,False
AAPL,2024-01-29,-0.0035858916774162974,0.028846921644196735,False,Chronos-LoRA-V3,False
AAPL,2024-01-29,-0.0035858916774162974,0.028846921644196735,False,XGBoost,False
AAPL,2024-05-21,0.006857242566348232,0.032487030129917764,False,Chronos-LoRA-V1,False
AAPL,2024-05-21,0.006857242566348232,0.032487030129917764,False,Chronos-LoRA-V2,False
AAPL,2024-05-21,0.006857242566348232,0.032487030129917764,False,Chronos-LoRA-V3,False
AAPL,2024-05-21,0.006857242566348232,0.032487030129917764,False,XGBoost,False
AAPL,2024-09-13,-0.0012119483310931711,0.01916237887056088,False,Chronos-LoRA-V1,False
AAPL,2024-09-13,-0.0012119483310931711,0.01916237887056088,False,Chronos-LoRA-V2,False
AAPL,2024-09-13,-0.0012119483310931711,0.01916237887056088,False,Chronos-LoRA-V3,False
AAPL,2024-09-13,-0.0012119483310931711,0.01916237887056088,False,XGBoost,False
AAPL,2025-01-07,-0.011387749975879102,0.02392768102009191,False,Chronos-LoRA-V1,False
AAPL,2025-01-07,-0.011387749975879102,0.02392768102009191,False,Chronos-LoRA-V2,False
AAPL,2025-01-07,-0.011387749975879102,0.02392768102009191,False,Chronos-LoRA-V3,False
AAPL,2025-01-07,-0.011387749975879102,0.02392768102009191,False,XGBoost,False
AAPL,2025-05-02,-0.037361645758300144,0.10196754422079546,False,Chronos-LoRA-V1,False
AAPL,2025-05-02,-0.037361645758300144,0.10196754422079546,False,Chronos-LoRA-V2,False
AAPL,2025-05-02,-0.037361645758300144,0.10196754422079546,False,Chronos-LoRA-V3,False
AAPL,2025-05-02,-0.037361645758300144,0.10196754422079546,False,XGBoost,False
AAPL,2025-08-26,0.009464706476046691,0.039045681744688525,False,Chronos-LoRA-V1,False
AAPL,2025-08-26,0.009464706476046691,0.039045681744688525,False,Chronos-LoRA-V2,False
AAPL,2025-08-26,0.009464706476046691,0.039045681744688525,False,Chronos-LoRA-V3,False
AAPL,2025-08-26,0.009464706476046691,0.039045681744688525,False,XGBoost,False
AAPL,2025-12-17,-0.010087037063657212,0.018531925152240517,False,Chronos-LoRA-V1,False
AAPL,2025-12-17,-0.010087037063657212,0.018531925152240517,False,Chronos-LoRA-V2,False
AAPL,2025-12-17,-0.010087037063657212,0.018531925152240517,False,Chronos-LoRA-V3,False
AAPL,2025-12-17,-0.010087037063657212,0.018531925152240517,False,XGBoost,False
AAPL,2026-04-14,-0.0014275206833038734,0.02479581757465648,False,Chronos-LoRA-V1,False
AAPL,2026-04-14,-0.0014275206833038734,0.02479581757465648,False,Chronos-LoRA-V2,False
AAPL,2026-04-14,-0.0014275206833038734,0.02479581757465648,False,Chronos-LoRA-V3,False
AAPL,2026-04-14,-0.0014275206833038734,0.02479581757465648,False,XGBoost,False
AAPL,2026-08-07,0.0029447910342257355,0.04714774899941368,False,Chronos-LoRA-V1,False
AAPL,2026-08-07,0.0029447910342257355,0.04714774899941368,False,Chronos-LoRA-V2,False
AAPL,2026-08-07,0.0029447910342257355,0.04714774899941368,False,Chronos-LoRA-V3,False
AAPL,2026-08-07,0.0029447910342257355,0.04714774899941368,False,XGBoost,False
MSFT,2011-03-14,0.00038940062789150076,0.01699216002400379,False,Chronos-LoRA-V1,False
MSFT,2011-03-14,0.00038940062789150076,0.01699216002400379,False,Chronos-LoRA-V2,False
MSFT,2011-03-14,0.00038940062789150076,0.01699216002400379,False,Chronos-LoRA-V3,False
MSFT,2011-03-14,0.00038940062789150076,0.01699216002400379,False,XGBoost,False
MSFT,2011-07-06,0.01152560222949428,0.02636190169441356,False,Chronos-LoRA-V1,False
MSFT,2011-07-06,0.01152560222949428,0.02636190169441356,False,Chronos-LoRA-V2,False
MSFT,2011-07-06,0.01152560222949428,0.02636190169441356,False,Chronos-LoRA-V3,False
MSFT,2011-07-06,0.01152560222949428,0.02636190169441356,False,XGBoost,False
MSFT,2011-10-26,-0.00820580042843444,0.02833153164098282,False,Chronos-LoRA-V1,False
MSFT,2011-10-26,-0.00820580042843444,0.02833153164098282,False,Chronos-LoRA-V2,False
MSFT,2011-10-26,-0.00820580042843444,0.02833153164098282,False,Chronos-LoRA-V3,False
MSFT,2011-10-26,-0.00820580042843444,0.02833153164098282,False,XGBoost,False
MSFT,2012-02-21,0.006080178793221869,0.02322671477928609,False,Chronos-LoRA-V1,False
MSFT,2012-02-21,0.006080178793221869,0.02322671477928609,False,Chronos-LoRA-V2,False
MSFT,2012-02-21,0.006080178793221869,0.02322671477928609,False,Chronos-LoRA-V3,False
MSFT,2012-02-21,0.006080178793221869,0.02322671477928609,False,XGBoost,False
MSFT,2012-06-13,-0.005462963620600059,0.029285797289682832,False,Chronos-LoRA-V1,False
MSFT,2012-06-13,-0.005462963620600059,0.029285797289682832,False,Chronos-LoRA-V2,False
MSFT,2012-06-13,-0.005462963620600059,0.029285797289682832,False,Chronos-LoRA-V3,False
MSFT,2012-06-13,-0.005462963620600059,0.029285797289682832,False,XGBoost,False
MSFT,2012-10-04,0.005693368507290408,0.021938772765380168,False,Chronos-LoRA-V1,False
MSFT,2012-10-04,0.005693368507290408,0.021938772765380168,False,Chronos-LoRA-V2,False
MSFT,2012-10-04,0.005693368507290408,0.021938772765380168,False,Chronos-LoRA-V3,False
MSFT,2012-10-04,0.005693368507290408,0.021938772765380168,False,XGBoost,False
MSFT,2013-01-31,-0.014363194400999535,0.0234509760308416,False,Chronos-LoRA-V1,False
MSFT,2013-01-31,-0.014363194400999535,0.0234509760308416,False,Chronos-LoRA-V2,False
MSFT,2013-01-31,-0.014363194400999535,0.0234509760308416,False,Chronos-LoRA-V3,False
MSFT,2013-01-31,-0.014363194400999535,0.0234509760308416,False,XGBoost,False
MSFT,2013-05-24,0.0035135223938420612,0.025316433219765986,False,Chronos-LoRA-V1,False
MSFT,2013-05-24,0.0035135223938420612,0.025316433219765986,False,Chronos-LoRA-V2,False
MSFT,2013-05-24,0.0035135223938420612,0.025316433219765986,False,Chronos-LoRA-V3,False
MSFT,2013-05-24,0.0035135223938420612,0.025316433219765986,False,XGBoost,False
MSFT,2013-09-17,0.0039636407930720985,0.04809534324354191,False,Chronos-LoRA-V1,False
MSFT,2013-09-17,0.0039636407930720985,0.04809534324354191,False,Chronos-LoRA-V2,False
MSFT,2013-09-17,0.0039636407930720985,0.04809534324354191,False,Chronos-LoRA-V3,False
MSFT,2013-09-17,0.0039636407930720985,0.04809534324354191,False,XGBoost,False
MSFT,2014-01-09,-0.006432089867985047,0.02092676123131707,False,Chronos-LoRA-V1,False
MSFT,2014-01-09,-0.006432089867985047,0.02092676123131707,False,Chronos-LoRA-V2,False
MSFT,2014-01-09,-0.006432089867985047,0.02092676123131707,False,Chronos-LoRA-V3,False
MSFT,2014-01-09,-0.006432089867985047,0.02092676123131707,False,XGBoost,False
MSFT,2014-05-05,-0.00655075242126979,0.026102328692710123,False,Chronos-LoRA-V1,False
MSFT,2014-05-05,-0.00655075242126979,0.026102328692710123,False,Chronos-LoRA-V2,False
MSFT,2014-05-05,-0.00655075242126979,0.026102328692710123,False,Chronos-LoRA-V3,False
MSFT,2014-05-05,-0.00655075242126979,0.026102328692710123,False,XGBoost,False
MSFT,2014-08-26,-0.0035425357123077816,0.015756447062779528,False,Chronos-LoRA-V1,False
MSFT,2014-08-26,-0.0035425357123077816,0.015756447062779528,False,Chronos-LoRA-V2,False
MSFT,2014-08-26,-0.0035425357123077816,0.015756447062779528,False,Chronos-LoRA-V3,False
MSFT,2014-08-26,-0.0035425357123077816,0.015756447062779528,False,XGBoost,False
MSFT,2014-12-17,0.012842864143595367,0.02303657524480972,False,Chronos-LoRA-V1,False
MSFT,2014-12-17,0.012842864143595367,0.02303657524480972,False,Chronos-LoRA-V2,False
MSFT,2014-12-17,0.012842864143595367,0.02303657524480972,False,Chronos-LoRA-V3,False
MSFT,2014-12-17,0.012842864143595367,0.02303657524480972,False,XGBoost,False
MSFT,2015-04-14,-0.0026339204015698447,0.025126819354865826,False,Chronos-LoRA-V1,False
MSFT,2015-04-14,-0.0026339204015698447,0.025126819354865826,False,Chronos-LoRA-V2,False
MSFT,2015-04-14,-0.0026339204015698447,0.025126819354865826,False,Chronos-LoRA-V3,False
MSFT,2015-04-14,-0.0026339204015698447,0.025126819354865826,False,XGBoost,False
MSFT,2015-08-05,0.0008414803849277064,0.026252744466876244,False,Chronos-LoRA-V1,False
MSFT,2015-08-05,0.0008414803849277064,0.026252744466876244,False,Chronos-LoRA-V2,False
MSFT,2015-08-05,0.0008414803849277064,0.026252744466876244,False,Chronos-LoRA-V3,False
MSFT,2015-08-05,0.0008414803849277064,0.026252744466876244,False,XGBoost,False
MSFT,2015-11-25,-0.010322592115779794,0.020567005281044826,False,Chronos-LoRA-V1,False
MSFT,2015-11-25,-0.010322592115779794,0.020567005281044826,False,Chronos-LoRA-V2,False
MSFT,2015-11-25,-0.010322592115779794,0.020567005281044826,False,Chronos-LoRA-V3,False
MSFT,2015-11-25,-0.010322592115779794,0.020567005281044826,False,XGBoost,False
MSFT,2016-03-22,0.003898706215324399,0.03264835685764351,False,Chronos-LoRA-V1,False
MSFT,2016-03-22,0.003898706215324399,0.03264835685764351,False,Chronos-LoRA-V2,False
MSFT,2016-03-22,0.003898706215324399,0.03264835685764351,False,Chronos-LoRA-V3,False
MSFT,2016-03-22,0.003898706215324399,0.03264835685764351,False,XGBoost,False
MSFT,2016-07-14,0.004298124820355964,0.03186292848229578,False,Chronos-LoRA-V1,False
MSFT,2016-07-14,0.004298124820355964,0.03186292848229578,False,Chronos-LoRA-V2,False
MSFT,2016-07-14,0.004298124820355964,0.03186292848229578,False,Chronos-LoRA-V3,False
MSFT,2016-07-14,0.004298124820355964,0.03186292848229578,False,XGBoost,False
MSFT,2016-11-03,-0.00370172117854517,0.024367081089664705,False,Chronos-LoRA-V1,False
MSFT,2016-11-03,-0.00370172117854517,0.024367081089664705,False,Chronos-LoRA-V2,False
MSFT,2016-11-03,-0.00370172117854517,0.024367081089664705,False,Chronos-LoRA-V3,False
MSFT,2016-11-03,-0.00370172117854517,0.024367081089664705,False,XGBoost,False
MSFT,2017-03-01,0.015004834110202703,0.012906359568683962,True,Chronos-LoRA-V1,True
MSFT,2017-03-01,0.015004834110202703,0.012906359568683962,True,Chronos-LoRA-V2,False
MSFT,2017-03-01,0.015004834110202703,0.012906359568683962,True,Chronos-LoRA-V3,True
MSFT,2017-03-01,0.015004834110202703,0.012906359568683962,True,XGBoost,False
MSFT,2017-06-22,-0.0001422962827062335,0.02095464301137146,False,Chronos-LoRA-V1,False
MSFT,2017-06-22,-0.0001422962827062335,0.02095464301137146,False,Chronos-LoRA-V2,False
MSFT,2017-06-22,-0.0001422962827062335,0.02095464301137146,False,Chronos-LoRA-V3,False
MSFT,2017-06-22,-0.0001422962827062335,0.02095464301137146,False,XGBoost,False
MSFT,2017-10-13,0.004798054494645765,0.014467120913778343,False,Chronos-LoRA-V1,False
MSFT,2017-10-13,0.004798054494645765,0.014467120913778343,False,Chronos-LoRA-V2,False
MSFT,2017-10-13,0.004798054494645765,0.014467120913778343,False,Chronos-LoRA-V3,False
MSFT,2017-10-13,0.004798054494645765,0.014467120913778343,False,XGBoost,False
MSFT,2018-02-07,-0.0188329633758042,0.036186355482616936,False,Chronos-LoRA-V1,False
MSFT,2018-02-07,-0.0188329633758042,0.036186355482616936,False,Chronos-LoRA-V2,False
MSFT,2018-02-07,-0.0188329633758042,0.036186355482616936,False,Chronos-LoRA-V3,False
MSFT,2018-02-07,-0.0188329633758042,0.036186355482616936,False,XGBoost,False
MSFT,2018-06-01,0.01972889819126511,0.01432559665557468,True,Chronos-LoRA-V1,False
MSFT,2018-06-01,0.01972889819126511,0.01432559665557468,True,Chronos-LoRA-V2,False
MSFT,2018-06-01,0.01972889819126511,0.01432559665557468,True,Chronos-LoRA-V3,False
MSFT,2018-06-01,0.01972889819126511,0.01432559665557468,True,XGBoost,False
MSFT,2018-09-24,0.003588646248586569,0.022692453813010202,False,Chronos-LoRA-V1,False
MSFT,2018-09-24,0.003588646248586569,0.022692453813010202,False,Chronos-LoRA-V2,False
MSFT,2018-09-24,0.003588646248586569,0.022692453813010202,False,Chronos-LoRA-V3,False
MSFT,2018-09-24,0.003588646248586569,0.022692453813010202,False,XGBoost,False
MSFT,2019-01-18,0.014983216703295055,0.05222364168256083,False,Chronos-LoRA-V1,False
MSFT,2019-01-18,0.014983216703295055,0.05222364168256083,False,Chronos-LoRA-V2,False
MSFT,2019-01-18,0.014983216703295055,0.05222364168256083,False,Chronos-LoRA-V3,False
MSFT,2019-01-18,0.014983216703295055,0.05222364168256083,False,XGBoost,False
MSFT,2019-05-14,0.011187776142994155,0.0296197974668137,False,Chronos-LoRA-V1,False
MSFT,2019-05-14,0.011187776142994155,0.0296197974668137,False,Chronos-LoRA-V2,False
MSFT,2019-05-14,0.011187776142994155,0.0296197974668137,False,Chronos-LoRA-V3,False
MSFT,2019-05-14,0.011187776142994155,0.0296197974668137,False,XGBoost,False
MSFT,2019-09-05,0.017583106370801627,0.032747935758096924,False,Chronos-LoRA-V1,False
MSFT,2019-09-05,0.017583106370801627,0.032747935758096924,False,Chronos-LoRA-V2,False
MSFT,2019-09-05,0.017583106370801627,0.032747935758096924,False,Chronos-LoRA-V3,False
MSFT,2019-09-05,0.017583106370801627,0.032747935758096924,False,XGBoost,False
MSFT,2019-12-27,0.0018272287767484574,0.012913019714996858,False,Chronos-LoRA-V1,False
MSFT,2019-12-27,0.0018272287767484574,0.012913019714996858,False,Chronos-LoRA-V2,False
MSFT,2019-12-27,0.0018272287767484574,0.012913019714996858,False,Chronos-LoRA-V3,False
MSFT,2019-12-27,0.0018272287767484574,0.012913019714996858,False,XGBoost,False
MSFT,2020-04-22,0.033964825292713385,0.07915426421554306,False,Chronos-LoRA-V1,False
MSFT,2020-04-22,0.033964825292713385,0.07915426421554306,False,Chronos-LoRA-V2,False
MSFT,2020-04-22,0.033964825292713385,0.07915426421554306,False,Chronos-LoRA-V3,False
MSFT,2020-04-22,0.033964825292713385,0.07915426421554306,False,XGBoost,False
MSFT,2020-08-13,-0.002342406358526783,0.0474107502875576,False,Chronos-LoRA-V1,False
MSFT,2020-08-13,-0.002342406358526783,0.0474107502875576,False,Chronos-LoRA-V2,False
MSFT,2020-08-13,-0.002342406358526783,0.0474107502875576,False,Chronos-LoRA-V3,False
MSFT,2020-08-13,-0.002342406358526783,0.0474107502875576,False,XGBoost,False
MSFT,2020-12-04,0.0005600780015806439,0.030712302842185724,False,Chronos-LoRA-V1,False
MSFT,2020-12-04,0.0005600780015806439,0.030712302842185724,False,Chronos-LoRA-V2,False
MSFT,2020-12-04,0.0005600780015806439,0.030712302842185724,False,Chronos-LoRA-V3,False
MSFT,2020-12-04,0.0005600780015806439,0.030712302842185724,False,XGBoost,False
MSFT,2021-03-31,0.016907346926239297,0.03290125159977762,False,Chronos-LoRA-V1,False
MSFT,2021-03-31,0.016907346926239297,0.03290125159977762,False,Chronos-LoRA-V2,False
MSFT,2021-03-31,0.016907346926239297,0.03290125159977762,False,Chronos-LoRA-V3,False
MSFT,2021-03-31,0.016907346926239297,0.03290125159977762,False,XGBoost,False
MSFT,2021-07-23,0.012336333261592669,0.01805819605153792,False,Chronos-LoRA-V1,False
MSFT,2021-07-23,0.012336333261592669,0.01805819605153792,False,Chronos-LoRA-V2,False
MSFT,2021-07-23,0.012336333261592669,0.01805819605153792,False,Chronos-LoRA-V3,False
MSFT,2021-07-23,0.012336333261592669,0.01805819605153792,False,XGBoost,False
MSFT,2021-11-12,0.012904933380037953,0.023804444959101938,False,Chronos-LoRA-V1,False
MSFT,2021-11-12,0.012904933380037953,0.023804444959101938,False,Chronos-LoRA-V2,False
MSFT,2021-11-12,0.012904933380037953,0.023804444959101938,False,Chronos-LoRA-V3,False
MSFT,2021-11-12,0.012904933380037953,0.023804444959101938,False,XGBoost,False
MSFT,2022-03-09,0.045858193526622015,0.043598762317416176,True,Chronos-LoRA-V1,False
MSFT,2022-03-09,0.045858193526622015,0.043598762317416176,True,Chronos-LoRA-V2,False
MSFT,2022-03-09,0.045858193526622015,0.043598762317416176,True,Chronos-LoRA-V3,False
MSFT,2022-03-09,0.045858193526622015,0.043598762317416176,True,XGBoost,False
MSFT,2022-07-01,0.01070740653859037,0.0465691435232946,False,Chronos-LoRA-V1,False
MSFT,2022-07-01,0.01070740653859037,0.0465691435232946,False,Chronos-LoRA-V2,False
MSFT,2022-07-01,0.01070740653859037,0.0465691435232946,False,Chronos-LoRA-V3,False
MSFT,2022-07-01,0.01070740653859037,0.0465691435232946,False,XGBoost,False
MSFT,2022-10-24,0.021187822286735214,0.048004484864539995,False,Chronos-LoRA-V1,False
MSFT,2022-10-24,0.021187822286735214,0.048004484864539995,False,Chronos-LoRA-V2,False
MSFT,2022-10-24,0.021187822286735214,0.048004484864539995,False,Chronos-LoRA-V3,False
MSFT,2022-10-24,0.021187822286735214,0.048004484864539995,False,XGBoost,False
MSFT,2023-02-16,-0.026622609529353358,0.04286169418295984,False,Chronos-LoRA-V1,False
MSFT,2023-02-16,-0.026622609529353358,0.04286169418295984,False,Chronos-LoRA-V2,False
MSFT,2023-02-16,-0.026622609529353358,0.04286169418295984,False,Chronos-LoRA-V3,False
MSFT,2023-02-16,-0.026622609529353358,0.04286169418295984,False,XGBoost,False
MSFT,2023-06-12,0.015483641353713606,0.028916426723550714,False,Chronos-LoRA-V1,False
MSFT,2023-06-12,0.015483641353713606,0.028916426723550714,False,Chronos-LoRA-V2,False
MSFT,2023-06-12,0.015483641353713606,0.028916426723550714,False,Chronos-LoRA-V3,False
MSFT,2023-06-12,0.015483641353713606,0.028916426723550714,False,XGBoost,False
MSFT,2023-10-04,0.017773407368518068,0.026949648333060884,False,Chronos-LoRA-V1,False
MSFT,2023-10-04,0.017773407368518068,0.026949648333060884,False,Chronos-LoRA-V2,False
MSFT,2023-10-04,0.017773407368518068,0.026949648333060884,False,Chronos-LoRA-V3,False
MSFT,2023-10-04,0.017773407368518068,0.026949648333060884,False,XGBoost,False
MSFT,2024-01-29,0.014334168125398561,0.016402696840657597,False,Chronos-LoRA-V1,False
MSFT,2024-01-29,0.014334168125398561,0.016402696840657597,False,Chronos-LoRA-V2,False
MSFT,2024-01-29,0.014334168125398561,0.016402696840657597,False,Chronos-LoRA-V3,False
MSFT,2024-01-29,0.014334168125398561,0.016402696840657597,False,XGBoost,False
MSFT,2024-05-21,0.008698966983980538,0.028625633222993982,False,Chronos-LoRA-V1,False
MSFT,2024-05-21,0.008698966983980538,0.028625633222993982,False,Chronos-LoRA-V2,False
MSFT,2024-05-21,0.008698966983980538,0.028625633222993982,False,Chronos-LoRA-V3,False
MSFT,2024-05-21,0.008698966983980538,0.028625633222993982,False,XGBoost,False
MSFT,2024-09-13,0.00840751533485129,0.02350628156823535,False,Chronos-LoRA-V1,False
MSFT,2024-09-13,0.00840751533485129,0.02350628156823535,False,Chronos-LoRA-V2,False
MSFT,2024-09-13,0.00840751533485129,0.02350628156823535,False,Chronos-LoRA-V3,False
MSFT,2024-09-13,0.00840751533485129,0.02350628156823535,False,XGBoost,False
MSFT,2025-01-07,-0.012808087589131767,0.023785328350633475,False,Chronos-LoRA-V1,False
MSFT,2025-01-07,-0.012808087589131767,0.023785328350633475,False,Chronos-LoRA-V2,False
MSFT,2025-01-07,-0.012808087589131767,0.023785328350633475,False,Chronos-LoRA-V3,False
MSFT,2025-01-07,-0.012808087589131767,0.023785328350633475,False,XGBoost,False
MSFT,2025-05-02,0.02322516970818489,0.06886670186951155,False,Chronos-LoRA-V1,False
MSFT,2025-05-02,0.02322516970818489,0.06886670186951155,False,Chronos-LoRA-V2,False
MSFT,2025-05-02,0.02322516970818489,0.06886670186951155,False,Chronos-LoRA-V3,False
MSFT,2025-05-02,0.02322516970818489,0.06886670186951155,False,XGBoost,False
MSFT,2025-08-26,-0.004402532224849209,0.02727238110017713,False,Chronos-LoRA-V1,False
MSFT,2025-08-26,-0.004402532224849209,0.02727238110017713,False,Chronos-LoRA-V2,False
MSFT,2025-08-26,-0.004402532224849209,0.02727238110017713,False,Chronos-LoRA-V3,False
MSFT,2025-08-26,-0.004402532224849209,0.02727238110017713,False,XGBoost,False
MSFT,2025-12-17,-0.0005668537354907022,0.028540408020713767,False,Chronos-LoRA-V1,False
MSFT,2025-12-17,-0.0005668537354907022,0.028540408020713767,False,Chronos-LoRA-V2,False
MSFT,2025-12-17,-0.0005668537354907022,0.028540408020713767,False,Chronos-LoRA-V3,False
MSFT,2025-12-17,-0.0005668537354907022,0.028540408020713767,False,XGBoost,False
MSFT,2026-04-14,0.02273847493355685,0.032298569969164026,False,Chronos-LoRA-V1,False
MSFT,2026-04-14,0.02273847493355685,0.032298569969164026,False,Chronos-LoRA-V2,False
MSFT,2026-04-14,0.02273847493355685,0.032298569969164026,False,Chronos-LoRA-V3,False
MSFT,2026-04-14,0.02273847493355685,0.032298569969164026,False,XGBoost,False
MSFT,2026-08-07,0.00026008287542045316,0.07701573395003532,False,Chronos-LoRA-V1,False
MSFT,2026-08-07,0.00026008287542045316,0.07701573395003532,False,Chronos-LoRA-V2,False
MSFT,2026-08-07,0.00026008287542045316,0.07701573395003532,False,Chronos-LoRA-V3,False
MSFT,2026-08-07,0.00026008287542045316,0.07701573395003532,False,XGBoost,False
NVDA,2011-03-14,0.00831032622493022,0.08392890430901953,False,Chronos-LoRA-V1,False
NVDA,2011-03-14,0.00831032622493022,0.08392890430901953,False,Chronos-LoRA-V2,False
NVDA,2011-03-14,0.00831032622493022,0.08392890430901953,False,Chronos-LoRA-V3,False
NVDA,2011-03-14,0.00831032622493022,0.08392890430901953,False,XGBoost,False
NVDA,2011-07-06,-0.013224300249123355,0.036946031477589,False,Chronos-LoRA-V1,False
NVDA,2011-07-06,-0.013224300249123355,0.036946031477589,False,Chronos-LoRA-V2,False
NVDA,2011-07-06,-0.013224300249123355,0.036946031477589,False,Chronos-LoRA-V3,False
NVDA,2011-07-06,-0.013224300249123355,0.036946031477589,False,XGBoost,False
NVDA,2011-10-26,0.011764694223536765,0.08392580167127314,False,Chronos-LoRA-V1,False
NVDA,2011-10-26,0.011764694223536765,0.08392580167127314,False,Chronos-LoRA-V2,False
NVDA,2011-10-26,0.011764694223536765,0.08392580167127314,False,Chronos-LoRA-V3,False
NVDA,2011-10-26,0.011764694223536765,0.08392580167127314,False,XGBoost,False
NVDA,2012-02-21,0.005047337525964535,0.03806956471099442,False,Chronos-LoRA-V1,False
NVDA,2012-02-21,0.005047337525964535,0.03806956471099442,False,Chronos-LoRA-V2,False
NVDA,2012-02-21,0.005047337525964535,0.03806956471099442,False,Chronos-LoRA-V3,False
NVDA,2012-02-21,0.005047337525964535,0.03806956471099442,False,XGBoost,False
NVDA,2012-06-13,-0.026378724943484033,0.04941210736675583,False,Chronos-LoRA-V1,False
NVDA,2012-06-13,-0.026378724943484033,0.04941210736675583,False,Chronos-LoRA-V2,False
NVDA,2012-06-13,-0.026378724943484033,0.04941210736675583,False,Chronos-LoRA-V3,False
NVDA,2012-06-13,-0.026378724943484033,0.04941210736675583,False,XGBoost,False
NVDA,2012-10-04,0.04447857155193535,0.02952085485556574,True,Chronos-LoRA-V1,False
NVDA,2012-10-04,0.04447857155193535,0.02952085485556574,True,Chronos-LoRA-V2,False
NVDA,2012-10-04,0.04447857155193535,0.02952085485556574,True,Chronos-LoRA-V3,False
NVDA,2012-10-04,0.04447857155193535,0.02952085485556574,True,XGBoost,False
NVDA,2013-01-31,-0.004869928754259734,0.03566967180308187,False,Chronos-LoRA-V1,False
NVDA,2013-01-31,-0.004869928754259734,0.03566967180308187,False,Chronos-LoRA-V2,False
NVDA,2013-01-31,-0.004869928754259734,0.03566967180308187,False,Chronos-LoRA-V3,False
NVDA,2013-01-31,-0.004869928754259734,0.03566967180308187,False,XGBoost,False
NVDA,2013-05-24,-0.0061514059475916705,0.03428714029033653,False,Chronos-LoRA-V1,False
NVDA,2013-05-24,-0.0061514059475916705,0.03428714029033653,False,Chronos-LoRA-V2,False
NVDA,2013-05-24,-0.0061514059475916705,0.03428714029033653,False,Chronos-LoRA-V3,False
NVDA,2013-05-24,-0.0061514059475916705,0.03428714029033653,False,XGBoost,False
NVDA,2013-09-17,0.0031623470998938252,0.018118175482849132,False,Chronos-LoRA-V1,False
NVDA,2013-09-17,0.0031623470998938252,0.018118175482849132,False,Chronos-LoRA-V2,False
NVDA,2013-09-17,0.0031623470998938252,0.018118175482849132,False,Chronos-LoRA-V3,False
NVDA,2013-09-17,0.0031623470998938252,0.018118175482849132,False,XGBoost,False
NVDA,2014-01-09,-0.03728619026923796,0.023508970474077247,True,Chronos-LoRA-V1,False
NVDA,2014-01-09,-0.03728619026923796,0.023508970474077247,True,Chronos-LoRA-V2,False
NVDA,2014-01-09,-0.03728619026923796,0.023508970474077247,True,Chronos-LoRA-V3,False
NVDA,2014-01-09,-0.03728619026923796,0.023508970474077247,True,XGBoost,False
NVDA,2014-05-05,0.010851884747056229,0.031056518154309414,False,Chronos-LoRA-V1,False
NVDA,2014-05-05,0.010851884747056229,0.031056518154309414,False,Chronos-LoRA-V2,False
NVDA,2014-05-05,0.010851884747056229,0.031056518154309414,False,Chronos-LoRA-V3,False
NVDA,2014-05-05,0.010851884747056229,0.031056518154309414,False,XGBoost,False
NVDA,2014-08-26,0.017791799649245377,0.045192048942629265,False,Chronos-LoRA-V1,False
NVDA,2014-08-26,0.017791799649245377,0.045192048942629265,False,Chronos-LoRA-V2,False
NVDA,2014-08-26,0.017791799649245377,0.045192048942629265,False,Chronos-LoRA-V3,False
NVDA,2014-08-26,0.017791799649245377,0.045192048942629265,False,XGBoost,False
NVDA,2014-12-17,0.0408267941063476,0.029405132124624523,True,Chronos-LoRA-V1,False
NVDA,2014-12-17,0.0408267941063476,0.029405132124624523,True,Chronos-LoRA-V2,False
NVDA,2014-12-17,0.0408267941063476,0.029405132124624523,True,Chronos-LoRA-V3,False
NVDA,2014-12-17,0.0408267941063476,0.029405132124624523,True,XGBoost,False
NVDA,2015-04-14,-0.008425732411800002,0.04251867350884823,False,Chronos-LoRA-V1,False
NVDA,2015-04-14,-0.008425732411800002,0.04251867350884823,False,Chronos-LoRA-V2,False
NVDA,2015-04-14,-0.008425732411800002,0.04251867350884823,False,Chronos-LoRA-V3,False
NVDA,2015-04-14,-0.008425732411800002,0.04251867350884823,False,XGBoost,False
NVDA,2015-08-05,0.010309508005790669,0.02547023149292882,False,Chronos-LoRA-V1,False
NVDA,2015-08-05,0.010309508005790669,0.02547023149292882,False,Chronos-LoRA-V2,False
NVDA,2015-08-05,0.010309508005790669,0.02547023149292882,False,Chronos-LoRA-V3,False
NVDA,2015-08-05,0.010309508005790669,0.02547023149292882,False,XGBoost,False
NVDA,2015-11-25,-0.0012833917522123706,0.07013750947108263,False,Chronos-LoRA-V1,False
NVDA,2015-11-25,-0.0012833917522123706,0.07013750947108263,False,Chronos-LoRA-V2,False
NVDA,2015-11-25,-0.0012833917522123706,0.07013750947108263,False,Chronos-LoRA-V3,False
NVDA,2015-11-25,-0.0012833917522123706,0.07013750947108263,False,XGBoost,False
NVDA,2016-03-22,-0.0017692593135198997,0.030774977874197192,False,Chronos-LoRA-V1,False
NVDA,2016-03-22,-0.0017692593135198997,0.030774977874197192,False,Chronos-LoRA-V2,False
NVDA,2016-03-22,-0.0017692593135198997,0.030774977874197192,False,Chronos-LoRA-V3,False
NVDA,2016-03-22,-0.0017692593135198997,0.030774977874197192,False,XGBoost,False
NVDA,2016-07-14,0.010231171029156272,0.041013039802495016,False,Chronos-LoRA-V1,False
NVDA,2016-07-14,0.010231171029156272,0.041013039802495016,False,Chronos-LoRA-V2,False
NVDA,2016-07-14,0.010231171029156272,0.041013039802495016,False,Chronos-LoRA-V3,False
NVDA,2016-07-14,0.010231171029156272,0.041013039802495016,False,XGBoost,False
NVDA,2016-11-03,-0.011634857588338043,0.03352781756263682,False,Chronos-LoRA-V1,False
NVDA,2016-11-03,-0.011634857588338043,0.03352781756263682,False,Chronos-LoRA-V2,False
NVDA,2016-11-03,-0.011634857588338043,0.03352781756263682,False,Chronos-LoRA-V3,False
NVDA,2016-11-03,-0.011634857588338043,0.03352781756263682,False,XGBoost,False
NVDA,2017-03-01,0.012909225885266995,0.06121472688215743,False,Chronos-LoRA-V1,False
NVDA,2017-03-01,0.012909225885266995,0.06121472688215743,False,Chronos-LoRA-V2,False
NVDA,2017-03-01,0.012909225885266995,0.06121472688215743,False,Chronos-LoRA-V3,False
NVDA,2017-03-01,0.012909225885266995,0.06121472688215743,False,XGBoost,False
NVDA,2017-06-22,-0.0068980167489305355,0.05102460841742252,False,Chronos-LoRA-V1,False
NVDA,2017-06-22,-0.0068980167489305355,0.05102460841742252,False,Chronos-LoRA-V2,False
NVDA,2017-06-22,-0.0068980167489305355,0.05102460841742252,False,Chronos-LoRA-V3,False
NVDA,2017-06-22,-0.0068980167489305355,0.05102460841742252,False,XGBoost,False
NVDA,2017-10-13,0.01863563452087824,0.045228907734187626,False,Chronos-LoRA-V1,False
NVDA,2017-10-13,0.01863563452087824,0.045228907734187626,False,Chronos-LoRA-V2,False
NVDA,2017-10-13,0.01863563452087824,0.045228907734187626,False,Chronos-LoRA-V3,False
NVDA,2017-10-13,0.01863563452087824,0.045228907734187626,False,XGBoost,False
NVDA,2018-02-07,0.014274237144638935,0.056836444205440616,False,Chronos-LoRA-V1,False
NVDA,2018-02-07,0.014274237144638935,0.056836444205440616,False,Chronos-LoRA-V2,False
NVDA,2018-02-07,0.014274237144638935,0.056836444205440616,False,Chronos-LoRA-V3,False
NVDA,2018-02-07,0.014274237144638935,0.056836444205440616,False,XGBoost,False
NVDA,2018-06-01,0.021531310333329667,0.03633053753226069,False,Chronos-LoRA-V1,False
NVDA,2018-06-01,0.021531310333329667,0.03633053753226069,False,Chronos-LoRA-V2,False
NVDA,2018-06-01,0.021531310333329667,0.03633053753226069,False,Chronos-LoRA-V3,False
NVDA,2018-06-01,0.021531310333329667,0.03633053753226069,False,XGBoost,False
NVDA,2018-09-24,0.008540738570075534,0.02734895076821342,False,Chronos-LoRA-V1,True
NVDA,2018-09-24,0.008540738570075534,0.02734895076821342,False,Chronos-LoRA-V2,False
NVDA,2018-09-24,0.008540738570075534,0.02734895076821342,False,Chronos-LoRA-V3,True
NVDA,2018-09-24,0.008540738570075534,0.02734895076821342,False,XGBoost,True
NVDA,2019-01-18,0.03433977610028838,0.0682941372894323,False,Chronos-LoRA-V1,False
NVDA,2019-01-18,0.03433977610028838,0.0682941372894323,False,Chronos-LoRA-V2,False
NVDA,2019-01-18,0.03433977610028838,0.0682941372894323,False,Chronos-LoRA-V3,False
NVDA,2019-01-18,0.03433977610028838,0.0682941372894323,False,XGBoost,False
NVDA,2019-05-14,0.022656726242920255,0.04362070354214918,False,Chronos-LoRA-V1,False
NVDA,2019-05-14,0.022656726242920255,0.04362070354214918,False,Chronos-LoRA-V2,False
NVDA,2019-05-14,0.022656726242920255,0.04362070354214918,False,Chronos-LoRA-V3,False
NVDA,2019-05-14,0.022656726242920255,0.04362070354214918,False,XGBoost,False
NVDA,2019-09-05,0.06506256965675927,0.06600401761533907,False,Chronos-LoRA-V1,False
NVDA,2019-09-05,0.06506256965675927,0.06600401761533907,False,Chronos-LoRA-V2,False
NVDA,2019-09-05,0.06506256965675927,0.06600401761533907,False,Chronos-LoRA-V3,False
NVDA,2019-09-05,0.06506256965675927,0.06600401761533907,False,XGBoost,False
NVDA,2019-12-27,-0.009699530910257659,0.027830927615931405,False,Chronos-LoRA-V1,False
NVDA,2019-12-27,-0.009699530910257659,0.027830927615931405,False,Chronos-LoRA-V2,False
NVDA,2019-12-27,-0.009699530910257659,0.027830927615931405,False,Chronos-LoRA-V3,False
NVDA,2019-12-27,-0.009699530910257659,0.027830927615931405,False,XGBoost,False
NVDA,2020-04-22,0.06174179847587036,0.11651275839819637,False,Chronos-LoRA-V1,False
NVDA,2020-04-22,0.06174179847587036,0.11651275839819637,False,Chronos-LoRA-V2,False
NVDA,2020-04-22,0.06174179847587036,0.11651275839819637,False,Chronos-LoRA-V3,False
NVDA,2020-04-22,0.06174179847587036,0.11651275839819637,False,XGBoost,False
NVDA,2020-08-13,0.0002403552635039663,0.043800628386052004,False,Chronos-LoRA-V1,False
NVDA,2020-08-13,0.0002403552635039663,0.043800628386052004,False,Chronos-LoRA-V2,False
NVDA,2020-08-13,0.0002403552635039663,0.043800628386052004,False,Chronos-LoRA-V3,False
NVDA,2020-08-13,0.0002403552635039663,0.043800628386052004,False,XGBoost,False
NVDA,2020-12-04,0.012112279502925816,0.05490950086781845,False,Chronos-LoRA-V1,False
NVDA,2020-12-04,0.012112279502925816,0.05490950086781845,False,Chronos-LoRA-V2,False
NVDA,2020-12-04,0.012112279502925816,0.05490950086781845,False,Chronos-LoRA-V3,False
NVDA,2020-12-04,0.012112279502925816,0.05490950086781845,False,XGBoost,False
NVDA,2021-03-31,0.03701904375142173,0.06805918438433195,False,Chronos-LoRA-V1,False
NVDA,2021-03-31,0.03701904375142173,0.06805918438433195,False,Chronos-LoRA-V2,False
NVDA,2021-03-31,0.03701904375142173,0.06805918438433195,False,Chronos-LoRA-V3,False
NVDA,2021-03-31,0.03701904375142173,0.06805918438433195,False,XGBoost,False
NVDA,2021-07-23,-0.0018370719298593796,0.04996830387511289,False,Chronos-LoRA-V1,False
NVDA,2021-07-23,-0.0018370719298593796,0.04996830387511289,False,Chronos-LoRA-V2,False
NVDA,2021-07-23,-0.0018370719298593796,0.04996830387511289,False,Chronos-LoRA-V3,False
NVDA,2021-07-23,-0.0018370719298593796,0.04996830387511289,False,XGBoost,False
NVDA,2021-11-12,0.0,0.06493782059249706,False,Chronos-LoRA-V1,False
NVDA,2021-11-12,0.0,0.06493782059249706,False,Chronos-LoRA-V2,False
NVDA,2021-11-12,0.0,0.06493782059249706,False,Chronos-LoRA-V3,False
NVDA,2021-11-12,0.0,0.06493782059249706,False,XGBoost,False
NVDA,2022-03-09,0.06972213759898471,0.09208585002719777,False,Chronos-LoRA-V1,False
NVDA,2022-03-09,0.06972213759898471,0.09208585002719777,False,Chronos-LoRA-V2,False
NVDA,2022-03-09,0.06972213759898471,0.09208585002719777,False,Chronos-LoRA-V3,False
NVDA,2022-03-09,0.06972213759898471,0.09208585002719777,False,XGBoost,False
NVDA,2022-07-01,-0.04195521455421303,0.08119550039153942,False,Chronos-LoRA-V1,False
NVDA,2022-07-01,-0.04195521455421303,0.08119550039153942,False,Chronos-LoRA-V2,False
NVDA,2022-07-01,-0.04195521455421303,0.08119550039153942,False,Chronos-LoRA-V3,False
NVDA,2022-07-01,-0.04195521455421303,0.08119550039153942,False,XGBoost,False
NVDA,2022-10-24,0.010668878248522917,0.07120565303442254,False,Chronos-LoRA-V1,False
NVDA,2022-10-24,0.010668878248522917,0.07120565303442254,False,Chronos-LoRA-V2,False
NVDA,2022-10-24,0.010668878248522917,0.07120565303442254,False,Chronos-LoRA-V3,False
NVDA,2022-10-24,0.010668878248522917,0.07120565303442254,False,XGBoost,False
NVDA,2023-02-16,-0.033473928389564644,0.07713114567091621,False,Chronos-LoRA-V1,False
NVDA,2023-02-16,-0.033473928389564644,0.07713114567091621,False,Chronos-LoRA-V2,False
NVDA,2023-02-16,-0.033473928389564644,0.07713114567091621,False,Chronos-LoRA-V3,False
NVDA,2023-02-16,-0.033473928389564644,0.07713114567091621,False,XGBoost,False
NVDA,2023-06-12,0.018364850532781363,0.11942160737020799,False,Chronos-LoRA-V1,False
NVDA,2023-06-12,0.018364850532781363,0.11942160737020799,False,Chronos-LoRA-V2,False
NVDA,2023-06-12,0.018364850532781363,0.11942160737020799,False,Chronos-LoRA-V3,False
NVDA,2023-06-12,0.018364850532781363,0.11942160737020799,False,XGBoost,False
NVDA,2023-10-04,0.012041212392453815,0.03838967632730832,False,Chronos-LoRA-V1,False
NVDA,2023-10-04,0.012041212392453815,0.03838967632730832,False,Chronos-LoRA-V2,False
NVDA,2023-10-04,0.012041212392453815,0.03838967632730832,False,Chronos-LoRA-V3,False
NVDA,2023-10-04,0.012041212392453815,0.03838967632730832,False,XGBoost,False
NVDA,2024-01-29,0.02349622488881553,0.04105561806031558,False,Chronos-LoRA-V1,False
NVDA,2024-01-29,0.02349622488881553,0.04105561806031558,False,Chronos-LoRA-V2,False
NVDA,2024-01-29,0.02349622488881553,0.04105561806031558,False,Chronos-LoRA-V3,False
NVDA,2024-01-29,0.02349622488881553,0.04105561806031558,False,XGBoost,False
NVDA,2024-05-21,0.006393639372646032,0.055621393595403495,False,Chronos-LoRA-V1,False
NVDA,2024-05-21,0.006393639372646032,0.055621393595403495,False,Chronos-LoRA-V2,False
NVDA,2024-05-21,0.006393639372646032,0.055621393595403495,False,Chronos-LoRA-V3,False
NVDA,2024-05-21,0.006393639372646032,0.055621393595403495,False,XGBoost,False
NVDA,2024-09-13,-0.0003358228004953778,0.08302911561318294,False,Chronos-LoRA-V1,False
NVDA,2024-09-13,-0.0003358228004953778,0.08302911561318294,False,Chronos-LoRA-V2,False
NVDA,2024-09-13,-0.0003358228004953778,0.08302911561318294,False,Chronos-LoRA-V3,False
NVDA,2024-09-13,-0.0003358228004953778,0.08302911561318294,False,XGBoost,False
NVDA,2025-01-07,-0.06216962397175585,0.04910341235803364,True,Chronos-LoRA-V1,False
NVDA,2025-01-07,-0.06216962397175585,0.04910341235803364,True,Chronos-LoRA-V2,False
NVDA,2025-01-07,-0.06216962397175585,0.04910341235803364,True,Chronos-LoRA-V3,False
NVDA,2025-01-07,-0.06216962397175585,0.04910341235803364,True,XGBoost,False
NVDA,2025-05-02,0.02589380833985855,0.11810725405509022,False,Chronos-LoRA-V1,False
NVDA,2025-05-02,0.02589380833985855,0.11810725405509022,False,Chronos-LoRA-V2,False
NVDA,2025-05-02,0.02589380833985855,0.11810725405509022,False,Chronos-LoRA-V3,False
NVDA,2025-05-02,0.02589380833985855,0.11810725405509022,False,XGBoost,False
NVDA,2025-08-26,0.010900419888796531,0.03117924306542168,False,Chronos-LoRA-V1,False
NVDA,2025-08-26,0.010900419888796531,0.03117924306542168,False,Chronos-LoRA-V2,False
NVDA,2025-08-26,0.010900419888796531,0.03117924306542168,False,Chronos-LoRA-V3,False
NVDA,2025-08-26,0.010900419888796531,0.03117924306542168,False,XGBoost,False
NVDA,2025-12-17,-0.038149918132835525,0.0380944494402619,True,Chronos-LoRA-V1,False
NVDA,2025-12-17,-0.038149918132835525,0.0380944494402619,True,Chronos-LoRA-V2,False
NVDA,2025-12-17,-0.038149918132835525,0.0380944494402619,True,Chronos-LoRA-V3,False
NVDA,2025-12-17,-0.038149918132835525,0.0380944494402619,True,XGBoost,False
NVDA,2026-04-14,0.03803286541178319,0.04370416458926145,False,Chronos-LoRA-V1,False
NVDA,2026-04-14,0.03803286541178319,0.04370416458926145,False,Chronos-LoRA-V2,False
NVDA,2026-04-14,0.03803286541178319,0.04370416458926145,False,Chronos-LoRA-V3,False
NVDA,2026-04-14,0.03803286541178319,0.04370416458926145,False,XGBoost,False
NVDA,2026-08-07,0.022695105237842572,0.055272168220090054,False,Chronos-LoRA-V1,False
NVDA,2026-08-07,0.022695105237842572,0.055272168220090054,False,Chronos-LoRA-V2,False
NVDA,2026-08-07,0.022695105237842572,0.055272168220090054,False,Chronos-LoRA-V3,False
NVDA,2026-08-07,0.022695105237842572,0.055272168220090054,False,XGBoost,False
AMZN,2011-03-14,-0.007972801640726224,0.028712906747746122,False,Chronos-LoRA-V1,False
AMZN,2011-03-14,-0.007972801640726224,0.028712906747746122,False,Chronos-LoRA-V2,False
AMZN,2011-03-14,-0.007972801640726224,0.028712906747746122,False,Chronos-LoRA-V3,False
AMZN,2011-03-14,-0.007972801640726224,0.028712906747746122,False,XGBoost,False
AMZN,2011-07-06,0.004690669371196776,0.03374324904405169,False,Chronos-LoRA-V1,False
AMZN,2011-07-06,0.004690669371196776,0.03374324904405169,False,Chronos-LoRA-V2,False
AMZN,2011-07-06,0.004690669371196776,0.03374324904405169,False,Chronos-LoRA-V3,False
AMZN,2011-07-06,0.004690669371196776,0.03374324904405169,False,XGBoost,False
AMZN,2011-10-26,-0.12656834605710776,0.05123217451536922,True,Chronos-LoRA-V1,False
AMZN,2011-10-26,-0.12656834605710776,0.05123217451536922,True,Chronos-LoRA-V2,False
AMZN,2011-10-26,-0.12656834605710776,0.05123217451536922,True,Chronos-LoRA-V3,False
AMZN,2011-10-26,-0.12656834605710776,0.05123217451536922,True,XGBoost,False
AMZN,2012-02-21,-0.001315077690228983,0.05232318132336524,False,Chronos-LoRA-V1,False
AMZN,2012-02-21,-0.001315077690228983,0.05232318132336524,False,Chronos-LoRA-V2,False
AMZN,2012-02-21,-0.001315077690228983,0.05232318132336524,False,Chronos-LoRA-V3,False
AMZN,2012-02-21,-0.001315077690228983,0.05232318132336524,False,XGBoost,False
AMZN,2012-06-13,-0.007808918956720312,0.032369705324580424,False,Chronos-LoRA-V1,False
AMZN,2012-06-13,-0.007808918956720312,0.032369705324580424,False,Chronos-LoRA-V2,False
AMZN,2012-06-13,-0.007808918956720312,0.032369705324580424,False,Chronos-LoRA-V3,False
AMZN,2012-06-13,-0.007808918956720312,0.032369705324580424,False,XGBoost,False
AMZN,2012-10-04,0.017779065640609604,0.028789376142595427,False,Chronos-LoRA-V1,False
AMZN,2012-10-04,0.017779065640609604,0.028789376142595427,False,Chronos-LoRA-V2,False
AMZN,2012-10-04,0.017779065640609604,0.028789376142595427,False,Chronos-LoRA-V3,False
AMZN,2012-10-04,0.017779065640609604,0.028789376142595427,False,XGBoost,False
AMZN,2013-01-31,-0.026616800737933488,0.04711788111365021,False,Chronos-LoRA-V1,False
AMZN,2013-01-31,-0.026616800737933488,0.04711788111365021,False,Chronos-LoRA-V2,False
AMZN,2013-01-31,-0.026616800737933488,0.04711788111365021,False,Chronos-LoRA-V3,False
AMZN,2013-01-31,-0.026616800737933488,0.04711788111365021,False,XGBoost,False
AMZN,2013-05-24,-0.00022920239606116777,0.043179888722985345,False,Chronos-LoRA-V1,False
AMZN,2013-05-24,-0.00022920239606116777,0.043179888722985345,False,Chronos-LoRA-V2,False
AMZN,2013-05-24,-0.00022920239606116777,0.043179888722985345,False,Chronos-LoRA-V3,False
AMZN,2013-05-24,-0.00022920239606116777,0.043179888722985345,False,XGBoost,False
AMZN,2013-09-17,0.027393058568022433,0.022445539237543846,True,Chronos-LoRA-V1,False
AMZN,2013-09-17,0.027393058568022433,0.022445539237543846,True,Chronos-LoRA-V2,False
AMZN,2013-09-17,0.027393058568022433,0.022445539237543846,True,Chronos-LoRA-V3,False
AMZN,2013-09-17,0.027393058568022433,0.022445539237543846,True,XGBoost,False
AMZN,2014-01-09,-0.0022641222191301935,0.021977510751698792,False,Chronos-LoRA-V1,True
AMZN,2014-01-09,-0.0022641222191301935,0.021977510751698792,False,Chronos-LoRA-V2,False
AMZN,2014-01-09,-0.0022641222191301935,0.021977510751698792,False,Chronos-LoRA-V3,True
AMZN,2014-01-09,-0.0022641222191301935,0.021977510751698792,False,XGBoost,False
AMZN,2014-05-05,0.006623114890180748,0.061550639534693835,False,Chronos-LoRA-V1,False
AMZN,2014-05-05,0.006623114890180748,0.061550639534693835,False,Chronos-LoRA-V2,False
AMZN,2014-05-05,0.006623114890180748,0.061550639534693835,False,Chronos-LoRA-V3,False
AMZN,2014-05-05,0.006623114890180748,0.061550639534693835,False,XGBoost,False
AMZN,2014-08-26,0.02338178013264769,0.025861446816036807,False,Chronos-LoRA-V1,False
AMZN,2014-08-26,0.02338178013264769,0.025861446816036807,False,Chronos-LoRA-V2,False
AMZN,2014-08-26,0.02338178013264769,0.025861446816036807,False,Chronos-LoRA-V3,False
AMZN,2014-08-26,0.02338178013264769,0.025861446816036807,False,XGBoost,False
AMZN,2014-12-17,0.012946518090075854,0.03309981541293613,False,Chronos-LoRA-V1,False
AMZN,2014-12-17,0.012946518090075854,0.03309981541293613,False,Chronos-LoRA-V2,False
AMZN,2014-12-17,0.012946518090075854,0.03309981541293613,False,Chronos-LoRA-V3,False
AMZN,2014-12-17,0.012946518090075854,0.03309981541293613,False,XGBoost,False
AMZN,2015-04-14,0.007192214809078834,0.01746235762132719,False,Chronos-LoRA-V1,True
AMZN,2015-04-14,0.007192214809078834,0.01746235762132719,False,Chronos-LoRA-V2,True
AMZN,2015-04-14,0.007192214809078834,0.01746235762132719,False,Chronos-LoRA-V3,True
AMZN,2015-04-14,0.007192214809078834,0.01746235762132719,False,XGBoost,False
AMZN,2015-08-05,0.009607099080793713,0.0492773391890814,False,Chronos-LoRA-V1,False
AMZN,2015-08-05,0.009607099080793713,0.0492773391890814,False,Chronos-LoRA-V2,False
AMZN,2015-08-05,0.009607099080793713,0.0492773391890814,False,Chronos-LoRA-V3,False
AMZN,2015-08-05,0.009607099080793713,0.0492773391890814,False,XGBoost,False
AMZN,2015-11-25,0.006242996820356117,0.030994100477834442,False,Chronos-LoRA-V1,False
AMZN,2015-11-25,0.006242996820356117,0.030994100477834442,False,Chronos-LoRA-V2,False
AMZN,2015-11-25,0.006242996820356117,0.030994100477834442,False,Chronos-LoRA-V3,False
AMZN,2015-11-25,0.006242996820356117,0.030994100477834442,False,XGBoost,False
AMZN,2016-03-22,0.011733303365531578,0.03015774279783713,False,Chronos-LoRA-V1,False
AMZN,2016-03-22,0.011733303365531578,0.03015774279783713,False,Chronos-LoRA-V2,False
AMZN,2016-03-22,0.011733303365531578,0.03015774279783713,False,Chronos-LoRA-V3,False
AMZN,2016-03-22,0.011733303365531578,0.03015774279783713,False,XGBoost,False
AMZN,2016-07-14,-0.0019255583636402784,0.026316447115941027,False,Chronos-LoRA-V1,False
AMZN,2016-07-14,-0.0019255583636402784,0.026316447115941027,False,Chronos-LoRA-V2,False
AMZN,2016-07-14,-0.0019255583636402784,0.026316447115941027,False,Chronos-LoRA-V3,False
AMZN,2016-07-14,-0.0019255583636402784,0.026316447115941027,False,XGBoost,False
AMZN,2016-11-03,0.0019202044816464259,0.03123718325935572,False,Chronos-LoRA-V1,False
AMZN,2016-11-03,0.0019202044816464259,0.03123718325935572,False,Chronos-LoRA-V2,False
AMZN,2016-11-03,0.0019202044816464259,0.03123718325935572,False,Chronos-LoRA-V3,False
AMZN,2016-11-03,0.0019202044816464259,0.03123718325935572,False,XGBoost,False
AMZN,2017-03-01,0.009514352875576781,0.02137201252079136,False,Chronos-LoRA-V1,False
AMZN,2017-03-01,0.009514352875576781,0.02137201252079136,False,Chronos-LoRA-V2,False
AMZN,2017-03-01,0.009514352875576781,0.02137201252079136,False,Chronos-LoRA-V3,False
AMZN,2017-03-01,0.009514352875576781,0.02137201252079136,False,XGBoost,False
AMZN,2017-06-22,-0.0009279538602159354,0.024563703531101082,False,Chronos-LoRA-V1,False
AMZN,2017-06-22,-0.0009279538602159354,0.024563703531101082,False,Chronos-LoRA-V2,False
AMZN,2017-06-22,-0.0009279538602159354,0.024563703531101082,False,Chronos-LoRA-V3,False
AMZN,2017-06-22,-0.0009279538602159354,0.024563703531101082,False,XGBoost,False
AMZN,2017-10-13,0.0020080964130191337,0.017288215574747,False,Chronos-LoRA-V1,False
AMZN,2017-10-13,0.0020080964130191337,0.017288215574747,False,Chronos-LoRA-V2,False
AMZN,2017-10-13,0.0020080964130191337,0.017288215574747,False,Chronos-LoRA-V3,False
AMZN,2017-10-13,0.0020080964130191337,0.017288215574747,False,XGBoost,False
AMZN,2018-02-07,-0.018061620618718965,0.038077311872179484,False,Chronos-LoRA-V1,False
AMZN,2018-02-07,-0.018061620618718965,0.038077311872179484,False,Chronos-LoRA-V2,False
AMZN,2018-02-07,-0.018061620618718965,0.038077311872179484,False,Chronos-LoRA-V3,False
AMZN,2018-02-07,-0.018061620618718965,0.038077311872179484,False,XGBoost,False
AMZN,2018-06-01,0.007314596664868223,0.013699143950387196,False,Chronos-LoRA-V1,False
AMZN,2018-06-01,0.007314596664868223,0.013699143950387196,False,Chronos-LoRA-V2,True
AMZN,2018-06-01,0.007314596664868223,0.013699143950387196,False,Chronos-LoRA-V3,False
AMZN,2018-06-01,0.007314596664868223,0.013699143950387196,False,XGBoost,False
AMZN,2018-09-24,0.010104372755515678,0.031596780437823886,False,Chronos-LoRA-V1,False
AMZN,2018-09-24,0.010104372755515678,0.031596780437823886,False,Chronos-LoRA-V2,False
AMZN,2018-09-24,0.010104372755515678,0.031596780437823886,False,Chronos-LoRA-V3,False
AMZN,2018-09-24,0.010104372755515678,0.031596780437823886,False,XGBoost,False
AMZN,2019-01-18,0.0017598946424279838,0.06710966251580212,False,Chronos-LoRA-V1,False
AMZN,2019-01-18,0.0017598946424279838,0.06710966251580212,False,Chronos-LoRA-V2,False
AMZN,2019-01-18,0.0017598946424279838,0.06710966251580212,False,Chronos-LoRA-V3,False
AMZN,2019-01-18,0.0017598946424279838,0.06710966251580212,False,XGBoost,False
AMZN,2019-05-14,0.009568262041155462,0.030122448117694118,False,Chronos-LoRA-V1,False
AMZN,2019-05-14,0.009568262041155462,0.030122448117694118,False,Chronos-LoRA-V2,False
AMZN,2019-05-14,0.009568262041155462,0.030122448117694118,False,Chronos-LoRA-V3,False
AMZN,2019-05-14,0.009568262041155462,0.030122448117694118,False,XGBoost,False
AMZN,2019-09-05,0.022270161635782104,0.03060555924498794,False,Chronos-LoRA-V1,False
AMZN,2019-09-05,0.022270161635782104,0.03060555924498794,False,Chronos-LoRA-V2,False
AMZN,2019-09-05,0.022270161635782104,0.03060555924498794,False,Chronos-LoRA-V3,False
AMZN,2019-09-05,0.022270161635782104,0.03060555924498794,False,XGBoost,False
AMZN,2019-12-27,0.0005511476895356804,0.024419504872338592,False,Chronos-LoRA-V1,False
AMZN,2019-12-27,0.0005511476895356804,0.024419504872338592,False,Chronos-LoRA-V2,False
AMZN,2019-12-27,0.0005511476895356804,0.024419504872338592,False,Chronos-LoRA-V3,False
AMZN,2019-12-27,0.0005511476895356804,0.024419504872338592,False,XGBoost,False
AMZN,2020-04-22,0.015192527091639096,0.05623748538120904,False,Chronos-LoRA-V1,False
AMZN,2020-04-22,0.015192527091639096,0.05623748538120904,False,Chronos-LoRA-V2,False
AMZN,2020-04-22,0.015192527091639096,0.05623748538120904,False,Chronos-LoRA-V3,False
AMZN,2020-04-22,0.015192527091639096,0.05623748538120904,False,XGBoost,False
AMZN,2020-08-13,-0.0003858318082136103,0.051536110354246406,False,Chronos-LoRA-V1,False
AMZN,2020-08-13,-0.0003858318082136103,0.051536110354246406,False,Chronos-LoRA-V2,False
AMZN,2020-08-13,-0.0003858318082136103,0.051536110354246406,False,Chronos-LoRA-V3,False
AMZN,2020-08-13,-0.0003858318082136103,0.051536110354246406,False,XGBoost,False
AMZN,2020-12-04,-0.007578327983446487,0.03750163538171917,False,Chronos-LoRA-V1,False
AMZN,2020-12-04,-0.007578327983446487,0.03750163538171917,False,Chronos-LoRA-V2,False
AMZN,2020-12-04,-0.007578327983446487,0.03750163538171917,False,Chronos-LoRA-V3,False
AMZN,2020-12-04,-0.007578327983446487,0.03750163538171917,False,XGBoost,False
AMZN,2021-03-31,0.01269600564306872,0.033827508129492645,False,Chronos-LoRA-V1,False
AMZN,2021-03-31,0.01269600564306872,0.033827508129492645,False,Chronos-LoRA-V2,False
AMZN,2021-03-31,0.01269600564306872,0.033827508129492645,False,Chronos-LoRA-V3,False
AMZN,2021-03-31,0.01269600564306872,0.033827508129492645,False,XGBoost,False
AMZN,2021-07-23,0.005115384934792244,0.02992600601726164,False,Chronos-LoRA-V1,False
AMZN,2021-07-23,0.005115384934792244,0.02992600601726164,False,Chronos-LoRA-V2,False
AMZN,2021-07-23,0.005115384934792244,0.02992600601726164,False,Chronos-LoRA-V3,False
AMZN,2021-07-23,0.005115384934792244,0.02992600601726164,False,XGBoost,False
AMZN,2021-11-12,0.015162029225161966,0.0357839653248157,False,Chronos-LoRA-V1,False
AMZN,2021-11-12,0.015162029225161966,0.0357839653248157,False,Chronos-LoRA-V2,False
AMZN,2021-11-12,0.015162029225161966,0.0357839653248157,False,Chronos-LoRA-V3,False
AMZN,2021-11-12,0.015162029225161966,0.0357839653248157,False,XGBoost,False
AMZN,2022-03-09,0.024001199930983708,0.046479490298601364,False,Chronos-LoRA-V1,False
AMZN,2022-03-09,0.024001199930983708,0.046479490298601364,False,Chronos-LoRA-V2,False
AMZN,2022-03-09,0.024001199930983708,0.046479490298601364,False,Chronos-LoRA-V3,False
AMZN,2022-03-09,0.024001199930983708,0.046479490298601364,False,XGBoost,False
AMZN,2022-07-01,0.03154127203651269,0.06726728382500183,False,Chronos-LoRA-V1,False
AMZN,2022-07-01,0.03154127203651269,0.06726728382500183,False,Chronos-LoRA-V2,False
AMZN,2022-07-01,0.03154127203651269,0.06726728382500183,False,Chronos-LoRA-V3,False
AMZN,2022-07-01,0.03154127203651269,0.06726728382500183,False,XGBoost,False
AMZN,2022-10-24,0.004190412347291339,0.0576740287926608,False,Chronos-LoRA-V1,False
AMZN,2022-10-24,0.004190412347291339,0.0576740287926608,False,Chronos-LoRA-V2,False
AMZN,2022-10-24,0.004190412347291339,0.0576740287926608,False,Chronos-LoRA-V3,False
AMZN,2022-10-24,0.004190412347291339,0.0576740287926608,False,XGBoost,False
AMZN,2023-02-16,-0.02975486385196624,0.06252555931450908,False,Chronos-LoRA-V1,False
AMZN,2023-02-16,-0.02975486385196624,0.06252555931450908,False,Chronos-LoRA-V2,False
AMZN,2023-02-16,-0.02975486385196624,0.06252555931450908,False,Chronos-LoRA-V3,False
AMZN,2023-02-16,-0.02975486385196624,0.06252555931450908,False,XGBoost,False
AMZN,2023-06-12,0.025439515368102628,0.03922572948770367,False,Chronos-LoRA-V1,False
AMZN,2023-06-12,0.025439515368102628,0.03922572948770367,False,Chronos-LoRA-V2,False
AMZN,2023-06-12,0.025439515368102628,0.03922572948770367,False,Chronos-LoRA-V3,False
AMZN,2023-06-12,0.025439515368102628,0.03922572948770367,False,XGBoost,False
AMZN,2023-10-04,0.018280939360016735,0.04419120026292831,False,Chronos-LoRA-V1,False
AMZN,2023-10-04,0.018280939360016735,0.04419120026292831,False,Chronos-LoRA-V2,False
AMZN,2023-10-04,0.018280939360016735,0.04419120026292831,False,Chronos-LoRA-V3,False
AMZN,2023-10-04,0.018280939360016735,0.04419120026292831,False,XGBoost,False
AMZN,2024-01-29,0.01344896590822775,0.024937698331817047,False,Chronos-LoRA-V1,False
AMZN,2024-01-29,0.01344896590822775,0.024937698331817047,False,Chronos-LoRA-V2,False
AMZN,2024-01-29,0.01344896590822775,0.024937698331817047,False,Chronos-LoRA-V3,False
AMZN,2024-01-29,0.01344896590822775,0.024937698331817047,False,XGBoost,False
AMZN,2024-05-21,-0.0021248741632043933,0.033201814189365714,False,Chronos-LoRA-V1,False
AMZN,2024-05-21,-0.0021248741632043933,0.033201814189365714,False,Chronos-LoRA-V2,False
AMZN,2024-05-21,-0.0021248741632043933,0.033201814189365714,False,Chronos-LoRA-V3,False
AMZN,2024-05-21,-0.0021248741632043933,0.033201814189365714,False,XGBoost,False
AMZN,2024-09-13,-0.0027272433520636463,0.04220913242417309,False,Chronos-LoRA-V1,False
AMZN,2024-09-13,-0.0027272433520636463,0.04220913242417309,False,Chronos-LoRA-V2,False
AMZN,2024-09-13,-0.0027272433520636463,0.04220913242417309,False,Chronos-LoRA-V3,False
AMZN,2024-09-13,-0.0027272433520636463,0.04220913242417309,False,XGBoost,False
AMZN,2025-01-07,-0.02416414035082548,0.03490366635566539,False,Chronos-LoRA-V1,False
AMZN,2025-01-07,-0.02416414035082548,0.03490366635566539,False,Chronos-LoRA-V2,False
AMZN,2025-01-07,-0.02416414035082548,0.03490366635566539,False,Chronos-LoRA-V3,False
AMZN,2025-01-07,-0.02416414035082548,0.03490366635566539,False,XGBoost,False
AMZN,2025-05-02,-0.0011566836184704332,0.0875651401775387,False,Chronos-LoRA-V1,False
AMZN,2025-05-02,-0.0011566836184704332,0.0875651401775387,False,Chronos-LoRA-V2,False
AMZN,2025-05-02,-0.0011566836184704332,0.0875651401775387,False,Chronos-LoRA-V3,False
AMZN,2025-05-02,-0.0011566836184704332,0.0875651401775387,False,XGBoost,False
AMZN,2025-08-26,0.0033781006590050122,0.04981149086461627,False,Chronos-LoRA-V1,False
AMZN,2025-08-26,0.0033781006590050122,0.04981149086461627,False,Chronos-LoRA-V2,False
AMZN,2025-08-26,0.0033781006590050122,0.04981149086461627,False,Chronos-LoRA-V3,False
AMZN,2025-08-26,0.0033781006590050122,0.04981149086461627,False,XGBoost,False
AMZN,2025-12-17,-0.005796159688549629,0.0333875344200916,False,Chronos-LoRA-V1,False
AMZN,2025-12-17,-0.005796159688549629,0.0333875344200916,False,Chronos-LoRA-V2,False
AMZN,2025-12-17,-0.005796159688549629,0.0333875344200916,False,Chronos-LoRA-V3,False
AMZN,2025-12-17,-0.005796159688549629,0.0333875344200916,False,XGBoost,False
AMZN,2026-04-14,0.03805913087682655,0.046227933661375425,False,Chronos-LoRA-V1,False
AMZN,2026-04-14,0.03805913087682655,0.046227933661375425,False,Chronos-LoRA-V2,False
AMZN,2026-04-14,0.03805913087682655,0.046227933661375425,False,Chronos-LoRA-V3,False
AMZN,2026-04-14,0.03805913087682655,0.046227933661375425,False,XGBoost,False
AMZN,2026-08-07,0.00815397466052481,0.08163270284597263,False,Chronos-LoRA-V1,False
AMZN,2026-08-07,0.00815397466052481,0.08163270284597263,False,Chronos-LoRA-V2,False
AMZN,2026-08-07,0.00815397466052481,0.08163270284597263,False,Chronos-LoRA-V3,False
AMZN,2026-08-07,0.00815397466052481,0.08163270284597263,False,XGBoost,False
ENPH,2013-06-12,-0.09264707305439579,0.066978902013286,True,Chronos-LoRA-V1,False
ENPH,2013-06-12,-0.09264707305439579,0.066978902013286,True,Chronos-LoRA-V2,False
ENPH,2013-06-12,-0.09264707305439579,0.066978902013286,True,Chronos-LoRA-V3,False
ENPH,2013-06-12,-0.09264707305439579,0.066978902013286,True,XGBoost,False
ENPH,2013-09-17,-0.007371058610079473,0.0764482184679313,False,Chronos-LoRA-V1,False
ENPH,2013-09-17,-0.007371058610079473,0.0764482184679313,False,Chronos-LoRA-V2,False
ENPH,2013-09-17,-0.007371058610079473,0.0764482184679313,False,Chronos-LoRA-V3,False
ENPH,2013-09-17,-0.007371058610079473,0.0764482184679313,False,XGBoost,False
ENPH,2013-12-23,-0.015789417326723676,0.10378418939080811,False,Chronos-LoRA-V1,False
ENPH,2013-12-23,-0.015789417326723676,0.10378418939080811,False,Chronos-LoRA-V2,False
ENPH,2013-12-23,-0.015789417326723676,0.10378418939080811,False,Chronos-LoRA-V3,False
ENPH,2013-12-23,-0.015789417326723676,0.10378418939080811,False,XGBoost,False
ENPH,2014-04-01,0.0733695587034151,0.05877606416088332,True,Chronos-LoRA-V1,False
ENPH,2014-04-01,0.0733695587034151,0.05877606416088332,True,Chronos-LoRA-V2,False
ENPH,2014-04-01,0.0733695587034151,0.05877606416088332,True,Chronos-LoRA-V3,False
ENPH,2014-04-01,0.0733695587034151,0.05877606416088332,True,XGBoost,False
ENPH,2014-07-09,0.010917072394709626,0.03733097399245795,False,Chronos-LoRA-V1,False
ENPH,2014-07-09,0.010917072394709626,0.03733097399245795,False,Chronos-LoRA-V2,False
ENPH,2014-07-09,0.010917072394709626,0.03733097399245795,False,Chronos-LoRA-V3,False
ENPH,2014-07-09,0.010917072394709626,0.03733097399245795,False,XGBoost,False
ENPH,2014-10-13,-0.03886254407579781,0.09914892694353988,False,Chronos-LoRA-V1,False
ENPH,2014-10-13,-0.03886254407579781,0.09914892694353988,False,Chronos-LoRA-V2,False
ENPH,2014-10-13,-0.03886254407579781,0.09914892694353988,False,Chronos-LoRA-V3,False
ENPH,2014-10-13,-0.03886254407579781,0.09914892694353988,False,XGBoost,False
ENPH,2015-01-21,-0.016037742469437344,0.07929953489557338,False,Chronos-LoRA-V1,False
ENPH,2015-01-21,-0.016037742469437344,0.07929953489557338,False,Chronos-LoRA-V2,False
ENPH,2015-01-21,-0.016037742469437344,0.07929953489557338,False,Chronos-LoRA-V3,False
ENPH,2015-01-21,-0.016037742469437344,0.07929953489557338,False,XGBoost,False
ENPH,2015-04-28,0.0161538490882287,0.050491129999175106,False,Chronos-LoRA-V1,False
ENPH,2015-04-28,0.0161538490882287,0.050491129999175106,False,Chronos-LoRA-V2,False
ENPH,2015-04-28,0.0161538490882287,0.050491129999175106,False,Chronos-LoRA-V3,False
ENPH,2015-04-28,0.0161538490882287,0.050491129999175106,False,XGBoost,False
ENPH,2015-08-04,0.03107862574305309,0.11038569590490642,False,Chronos-LoRA-V1,False
ENPH,2015-08-04,0.03107862574305309,0.11038569590490642,False,Chronos-LoRA-V2,False
ENPH,2015-08-04,0.03107862574305309,0.11038569590490642,False,Chronos-LoRA-V3,False
ENPH,2015-08-04,0.03107862574305309,0.11038569590490642,False,XGBoost,False
ENPH,2015-11-06,-0.04782604233754284,0.21459873417414907,False,Chronos-LoRA-V1,False
ENPH,2015-11-06,-0.04782604233754284,0.21459873417414907,False,Chronos-LoRA-V2,False
ENPH,2015-11-06,-0.04782604233754284,0.21459873417414907,False,Chronos-LoRA-V3,False
ENPH,2015-11-06,-0.04782604233754284,0.21459873417414907,False,XGBoost,False
ENPH,2016-02-17,0.051643140462787285,0.13600722705748017,False,Chronos-LoRA-V1,False
ENPH,2016-02-17,0.051643140462787285,0.13600722705748017,False,Chronos-LoRA-V2,False
ENPH,2016-02-17,0.051643140462787285,0.13600722705748017,False,Chronos-LoRA-V3,False
ENPH,2016-02-17,0.051643140462787285,0.13600722705748017,False,XGBoost,False
ENPH,2016-05-23,0.07027026678716464,0.08731703863679559,False,Chronos-LoRA-V1,False
ENPH,2016-05-23,0.07027026678716464,0.08731703863679559,False,Chronos-LoRA-V2,False
ENPH,2016-05-23,0.07027026678716464,0.08731703863679559,False,Chronos-LoRA-V3,False
ENPH,2016-05-23,0.07027026678716464,0.08731703863679559,False,XGBoost,False
ENPH,2016-08-29,0.016574636214070848,0.06415521408075024,False,Chronos-LoRA-V1,False
ENPH,2016-08-29,0.016574636214070848,0.06415521408075024,False,Chronos-LoRA-V2,False
ENPH,2016-08-29,0.016574636214070848,0.06415521408075024,False,Chronos-LoRA-V3,False
ENPH,2016-08-29,0.016574636214070848,0.06415521408075024,False,XGBoost,False
ENPH,2016-12-02,0.02702700090373522,0.06769360809497689,False,Chronos-LoRA-V1,False
ENPH,2016-12-02,0.02702700090373522,0.06769360809497689,False,Chronos-LoRA-V2,False
ENPH,2016-12-02,0.02702700090373522,0.06769360809497689,False,Chronos-LoRA-V3,False
ENPH,2016-12-02,0.02702700090373522,0.06769360809497689,False,XGBoost,False
ENPH,2017-03-14,0.04065036710645531,0.13509920097309744,False,Chronos-LoRA-V1,False
ENPH,2017-03-14,0.04065036710645531,0.13509920097309744,False,Chronos-LoRA-V2,False
ENPH,2017-03-14,0.04065036710645531,0.13509920097309744,False,Chronos-LoRA-V3,False
ENPH,2017-03-14,0.04065036710645531,0.13509920097309744,False,XGBoost,False
ENPH,2017-06-19,0.03896108017862199,0.07295634088109539,False,Chronos-LoRA-V1,False
ENPH,2017-06-19,0.03896108017862199,0.07295634088109539,False,Chronos-LoRA-V2,False
ENPH,2017-06-19,0.03896108017862199,0.07295634088109539,False,Chronos-LoRA-V3,False
ENPH,2017-06-19,0.03896108017862199,0.07295634088109539,False,XGBoost,False
ENPH,2017-09-25,-0.03546095992902232,0.1315483118648176,False,Chronos-LoRA-V1,False
ENPH,2017-09-25,-0.03546095992902232,0.1315483118648176,False,Chronos-LoRA-V2,False
ENPH,2017-09-25,-0.03546095992902232,0.1315483118648176,False,Chronos-LoRA-V3,False
ENPH,2017-09-25,-0.03546095992902232,0.1315483118648176,False,XGBoost,False
ENPH,2017-12-29,-0.03212848329303353,0.07207837259179166,False,Chronos-LoRA-V1,False
ENPH,2017-12-29,-0.03212848329303353,0.07207837259179166,False,Chronos-LoRA-V2,False
ENPH,2017-12-29,-0.03212848329303353,0.07207837259179166,False,Chronos-LoRA-V3,False
ENPH,2017-12-29,-0.03212848329303353,0.07207837259179166,False,XGBoost,False
ENPH,2018-04-10,-0.036144600462750365,0.08294850586265144,False,Chronos-LoRA-V1,False
ENPH,2018-04-10,-0.036144600462750365,0.08294850586265144,False,Chronos-LoRA-V2,False
ENPH,2018-04-10,-0.036144600462750365,0.08294850586265144,False,Chronos-LoRA-V3,False
ENPH,2018-04-10,-0.036144600462750365,0.08294850586265144,False,XGBoost,False
ENPH,2018-07-16,-0.04403408301978806,0.09623329844621761,False,Chronos-LoRA-V1,False
ENPH,2018-07-16,-0.04403408301978806,0.09623329844621761,False,Chronos-LoRA-V2,False
ENPH,2018-07-16,-0.04403408301978806,0.09623329844621761,False,Chronos-LoRA-V3,False
ENPH,2018-07-16,-0.04403408301978806,0.09623329844621761,False,XGBoost,False
ENPH,2018-10-19,-0.026694069300988055,0.08586244444632302,False,Chronos-LoRA-V1,False
ENPH,2018-10-19,-0.026694069300988055,0.08586244444632302,False,Chronos-LoRA-V2,False
ENPH,2018-10-19,-0.026694069300988055,0.08586244444632302,False,Chronos-LoRA-V3,False
ENPH,2018-10-19,-0.026694069300988055,0.08586244444632302,False,XGBoost,False
ENPH,2019-01-29,0.028985479203023967,0.06637805129464955,False,Chronos-LoRA-V1,False
ENPH,2019-01-29,0.028985479203023967,0.06637805129464955,False,Chronos-LoRA-V2,False
ENPH,2019-01-29,0.028985479203023967,0.06637805129464955,False,Chronos-LoRA-V3,False
ENPH,2019-01-29,0.028985479203023967,0.06637805129464955,False,XGBoost,False
ENPH,2019-05-07,0.03345454822887084,0.14190215659605673,False,Chronos-LoRA-V1,False
ENPH,2019-05-07,0.03345454822887084,0.14190215659605673,False,Chronos-LoRA-V2,False
ENPH,2019-05-07,0.03345454822887084,0.14190215659605673,False,Chronos-LoRA-V3,False
ENPH,2019-05-07,0.03345454822887084,0.14190215659605673,False,XGBoost,False
ENPH,2019-08-12,-0.029827339138499886,0.14869737900201524,False,Chronos-LoRA-V1,False
ENPH,2019-08-12,-0.029827339138499886,0.14869737900201524,False,Chronos-LoRA-V2,False
ENPH,2019-08-12,-0.029827339138499886,0.14869737900201524,False,Chronos-LoRA-V3,False
ENPH,2019-08-12,-0.029827339138499886,0.14869737900201524,False,XGBoost,False
ENPH,2019-11-15,0.01737756333246243,0.1334280172124478,False,Chronos-LoRA-V1,False
ENPH,2019-11-15,0.01737756333246243,0.1334280172124478,False,Chronos-LoRA-V2,False
ENPH,2019-11-15,0.01737756333246243,0.1334280172124478,False,Chronos-LoRA-V3,False
ENPH,2019-11-15,0.01737756333246243,0.1334280172124478,False,XGBoost,False
ENPH,2020-02-25,-0.07889969106197625,0.2078924229558855,False,Chronos-LoRA-V1,False
ENPH,2020-02-25,-0.07889969106197625,0.2078924229558855,False,Chronos-LoRA-V2,False
ENPH,2020-02-25,-0.07889969106197625,0.2078924229558855,False,Chronos-LoRA-V3,False
ENPH,2020-02-25,-0.07889969106197625,0.2078924229558855,False,XGBoost,False
ENPH,2020-06-02,-0.045743959924202104,0.11544213153450389,False,Chronos-LoRA-V1,False
ENPH,2020-06-02,-0.045743959924202104,0.11544213153450389,False,Chronos-LoRA-V2,False
ENPH,2020-06-02,-0.045743959924202104,0.11544213153450389,False,Chronos-LoRA-V3,False
ENPH,2020-06-02,-0.045743959924202104,0.11544213153450389,False,XGBoost,False
ENPH,2020-09-04,-0.02418878046947104,0.08124705134339935,False,Chronos-LoRA-V1,False
ENPH,2020-09-04,-0.02418878046947104,0.08124705134339935,False,Chronos-LoRA-V2,False
ENPH,2020-09-04,-0.02418878046947104,0.08124705134339935,False,Chronos-LoRA-V3,False
ENPH,2020-09-04,-0.02418878046947104,0.08124705134339935,False,XGBoost,False
ENPH,2020-12-11,0.06630589515336638,0.05911325323987824,True,Chronos-LoRA-V1,True
ENPH,2020-12-11,0.06630589515336638,0.05911325323987824,True,Chronos-LoRA-V2,True
ENPH,2020-12-11,0.06630589515336638,0.05911325323987824,True,Chronos-LoRA-V3,True
ENPH,2020-12-11,0.06630589515336638,0.05911325323987824,True,XGBoost,False
ENPH,2021-03-22,0.03975478401698185,0.13809811346681944,False,Chronos-LoRA-V1,False
ENPH,2021-03-22,0.03975478401698185,0.13809811346681944,False,Chronos-LoRA-V2,False
ENPH,2021-03-22,0.03975478401698185,0.13809811346681944,False,Chronos-LoRA-V3,False
ENPH,2021-03-22,0.03975478401698185,0.13809811346681944,False,XGBoost,False
ENPH,2021-06-28,0.07377845080356371,0.052327496532058176,True,Chronos-LoRA-V1,True
ENPH,2021-06-28,0.07377845080356371,0.052327496532058176,True,Chronos-LoRA-V2,True
ENPH,2021-06-28,0.07377845080356371,0.052327496532058176,True,Chronos-LoRA-V3,True
ENPH,2021-06-28,0.07377845080356371,0.052327496532058176,True,XGBoost,False
ENPH,2021-10-01,0.035940517075253364,0.04208983477830065,False,Chronos-LoRA-V1,False
ENPH,2021-10-01,0.035940517075253364,0.04208983477830065,False,Chronos-LoRA-V2,False
ENPH,2021-10-01,0.035940517075253364,0.04208983477830065,False,Chronos-LoRA-V3,False
ENPH,2021-10-01,0.035940517075253364,0.04208983477830065,False,XGBoost,False
ENPH,2022-01-07,-0.041982971679531356,0.07248706151391021,False,Chronos-LoRA-V1,False
ENPH,2022-01-07,-0.041982971679531356,0.07248706151391021,False,Chronos-LoRA-V2,False
ENPH,2022-01-07,-0.041982971679531356,0.07248706151391021,False,Chronos-LoRA-V3,False
ENPH,2022-01-07,-0.041982971679531356,0.07248706151391021,False,XGBoost,False
ENPH,2022-04-14,-0.014076495786598087,0.059653724843409826,False,Chronos-LoRA-V1,False
ENPH,2022-04-14,-0.014076495786598087,0.059653724843409826,False,Chronos-LoRA-V2,False
ENPH,2022-04-14,-0.014076495786598087,0.059653724843409826,False,Chronos-LoRA-V3,False
ENPH,2022-04-14,-0.014076495786598087,0.059653724843409826,False,XGBoost,False
ENPH,2022-07-25,0.03313798803114798,0.08465923285998596,False,Chronos-LoRA-V1,False
ENPH,2022-07-25,0.03313798803114798,0.08465923285998596,False,Chronos-LoRA-V2,False
ENPH,2022-07-25,0.03313798803114798,0.08465923285998596,False,Chronos-LoRA-V3,False
ENPH,2022-07-25,0.03313798803114798,0.08465923285998596,False,XGBoost,False
ENPH,2022-10-27,0.048686030399845315,0.08142274371998078,False,Chronos-LoRA-V1,False
ENPH,2022-10-27,0.048686030399845315,0.08142274371998078,False,Chronos-LoRA-V2,False
ENPH,2022-10-27,0.048686030399845315,0.08142274371998078,False,Chronos-LoRA-V3,False
ENPH,2022-10-27,0.048686030399845315,0.08142274371998078,False,XGBoost,True
ENPH,2023-02-06,0.00026920028419019637,0.06943124737288041,False,Chronos-LoRA-V1,False
ENPH,2023-02-06,0.00026920028419019637,0.06943124737288041,False,Chronos-LoRA-V2,False
ENPH,2023-02-06,0.00026920028419019637,0.06943124737288041,False,Chronos-LoRA-V3,False
ENPH,2023-02-06,0.00026920028419019637,0.06943124737288041,False,XGBoost,False
ENPH,2023-05-12,0.04204247806388839,0.1268996669810854,False,Chronos-LoRA-V1,False
ENPH,2023-05-12,0.04204247806388839,0.1268996669810854,False,Chronos-LoRA-V2,False
ENPH,2023-05-12,0.04204247806388839,0.1268996669810854,False,Chronos-LoRA-V3,False
ENPH,2023-05-12,0.04204247806388839,0.1268996669810854,False,XGBoost,False
ENPH,2023-08-21,-0.0013809473748537249,0.04985466032684889,False,Chronos-LoRA-V1,False
ENPH,2023-08-21,-0.0013809473748537249,0.04985466032684889,False,Chronos-LoRA-V2,False
ENPH,2023-08-21,-0.0013809473748537249,0.04985466032684889,False,Chronos-LoRA-V3,False
ENPH,2023-08-21,-0.0013809473748537249,0.04985466032684889,False,XGBoost,False
ENPH,2023-11-24,0.00019964344381429022,0.11353029440741016,False,Chronos-LoRA-V1,False
ENPH,2023-11-24,0.00019964344381429022,0.11353029440741016,False,Chronos-LoRA-V2,False
ENPH,2023-11-24,0.00019964344381429022,0.11353029440741016,False,Chronos-LoRA-V3,False
ENPH,2023-11-24,0.00019964344381429022,0.11353029440741016,False,XGBoost,False
ENPH,2024-03-05,0.009034404341043523,0.10531530308765066,False,Chronos-LoRA-V1,False
ENPH,2024-03-05,0.009034404341043523,0.10531530308765066,False,Chronos-LoRA-V2,False
ENPH,2024-03-05,0.009034404341043523,0.10531530308765066,False,Chronos-LoRA-V3,False
ENPH,2024-03-05,0.009034404341043523,0.10531530308765066,False,XGBoost,False
ENPH,2024-06-10,0.06452137001177438,0.07674852514599058,False,Chronos-LoRA-V1,False
ENPH,2024-06-10,0.06452137001177438,0.07674852514599058,False,Chronos-LoRA-V2,False
ENPH,2024-06-10,0.06452137001177438,0.07674852514599058,False,Chronos-LoRA-V3,False
ENPH,2024-06-10,0.06452137001177438,0.07674852514599058,False,XGBoost,False
ENPH,2024-09-17,0.0631446860742575,0.06903918739001408,False,Chronos-LoRA-V1,False
ENPH,2024-09-17,0.0631446860742575,0.06903918739001408,False,Chronos-LoRA-V2,False
ENPH,2024-09-17,0.0631446860742575,0.06903918739001408,False,Chronos-LoRA-V3,False
ENPH,2024-09-17,0.0631446860742575,0.06903918739001408,False,XGBoost,False
ENPH,2024-12-20,0.08586616465716768,0.07717643351293026,True,Chronos-LoRA-V1,False
ENPH,2024-12-20,0.08586616465716768,0.07717643351293026,True,Chronos-LoRA-V2,False
ENPH,2024-12-20,0.08586616465716768,0.07717643351293026,True,Chronos-LoRA-V3,False
ENPH,2024-12-20,0.08586616465716768,0.07717643351293026,True,XGBoost,False
ENPH,2025-04-02,0.002083684394726948,0.06450848593173622,False,Chronos-LoRA-V1,False
ENPH,2025-04-02,0.002083684394726948,0.06450848593173622,False,Chronos-LoRA-V2,False
ENPH,2025-04-02,0.002083684394726948,0.06450848593173622,False,Chronos-LoRA-V3,False
ENPH,2025-04-02,0.002083684394726948,0.06450848593173622,False,XGBoost,False
ENPH,2025-07-10,0.002800530941780899,0.1458865742840226,False,Chronos-LoRA-V1,False
ENPH,2025-07-10,0.002800530941780899,0.1458865742840226,False,Chronos-LoRA-V2,False
ENPH,2025-07-10,0.002800530941780899,0.1458865742840226,False,Chronos-LoRA-V3,False
ENPH,2025-07-10,0.002800530941780899,0.1458865742840226,False,XGBoost,False
ENPH,2025-10-15,0.03018667207117054,0.0672734896298396,False,Chronos-LoRA-V1,False
ENPH,2025-10-15,0.03018667207117054,0.0672734896298396,False,Chronos-LoRA-V2,False
ENPH,2025-10-15,0.03018667207117054,0.0672734896298396,False,Chronos-LoRA-V3,False
ENPH,2025-10-15,0.03018667207117054,0.0672734896298396,False,XGBoost,False
ENPH,2026-01-22,0.12538221207891986,0.047227355559039265,True,Chronos-LoRA-V1,True
ENPH,2026-01-22,0.12538221207891986,0.047227355559039265,True,Chronos-LoRA-V2,False
ENPH,2026-01-22,0.12538221207891986,0.047227355559039265,True,Chronos-LoRA-V3,False
ENPH,2026-01-22,0.12538221207891986,0.047227355559039265,True,XGBoost,False
ENPH,2026-04-30,0.056748910551710496,0.07525869464572564,False,Chronos-LoRA-V1,False
ENPH,2026-04-30,0.056748910551710496,0.07525869464572564,False,Chronos-LoRA-V2,False
ENPH,2026-04-30,0.056748910551710496,0.07525869464572564,False,Chronos-LoRA-V3,False
ENPH,2026-04-30,0.056748910551710496,0.07525869464572564,False,XGBoost,False
ENPH,2026-08-07,0.05545754636968114,0.08486661052106255,False,Chronos-LoRA-V1,False
ENPH,2026-08-07,0.05545754636968114,0.08486661052106255,False,Chronos-LoRA-V2,False
ENPH,2026-08-07,0.05545754636968114,0.08486661052106255,False,Chronos-LoRA-V3,False
ENPH,2026-08-07,0.05545754636968114,0.08486661052106255,False,XGBoost,False
SMCI,2011-03-14,-0.01221996338745368,0.043013848592295525,False,Chronos-LoRA-V1,False
SMCI,2011-03-14,-0.01221996338745368,0.043013848592295525,False,Chronos-LoRA-V2,False
SMCI,2011-03-14,-0.01221996338745368,0.043013848592295525,False,Chronos-LoRA-V3,False
SMCI,2011-03-14,-0.01221996338745368,0.043013848592295525,False,XGBoost,False
SMCI,2011-07-06,-0.011801275302449121,0.03153657854256318,False,Chronos-LoRA-V1,False
SMCI,2011-07-06,-0.011801275302449121,0.03153657854256318,False,Chronos-LoRA-V2,False
SMCI,2011-07-06,-0.011801275302449121,0.03153657854256318,False,Chronos-LoRA-V3,False
SMCI,2011-07-06,-0.011801275302449121,0.03153657854256318,False,XGBoost,False
SMCI,2011-10-26,0.10387809942087722,0.08930981634524011,True,Chronos-LoRA-V1,False
SMCI,2011-10-26,0.10387809942087722,0.08930981634524011,True,Chronos-LoRA-V2,False
SMCI,2011-10-26,0.10387809942087722,0.08930981634524011,True,Chronos-LoRA-V3,False
SMCI,2011-10-26,0.10387809942087722,0.08930981634524011,True,XGBoost,False
SMCI,2012-02-21,-0.012987013861192942,0.03287698196410106,False,Chronos-LoRA-V1,False
SMCI,2012-02-21,-0.012987013861192942,0.03287698196410106,False,Chronos-LoRA-V2,False
SMCI,2012-02-21,-0.012987013861192942,0.03287698196410106,False,Chronos-LoRA-V3,False
SMCI,2012-02-21,-0.012987013861192942,0.03287698196410106,False,XGBoost,False
SMCI,2012-06-13,-0.033268101304723685,0.055216227530658586,False,Chronos-LoRA-V1,False
SMCI,2012-06-13,-0.033268101304723685,0.055216227530658586,False,Chronos-LoRA-V2,False
SMCI,2012-06-13,-0.033268101304723685,0.055216227530658586,False,Chronos-LoRA-V3,False
SMCI,2012-06-13,-0.033268101304723685,0.055216227530658586,False,XGBoost,False
SMCI,2012-10-04,-0.03412076474583969,0.03595607687977983,False,Chronos-LoRA-V1,False
SMCI,2012-10-04,-0.03412076474583969,0.03595607687977983,False,Chronos-LoRA-V2,False
SMCI,2012-10-04,-0.03412076474583969,0.03595607687977983,False,Chronos-LoRA-V3,False
SMCI,2012-10-04,-0.03412076474583969,0.03595607687977983,False,XGBoost,False
SMCI,2013-01-31,0.010612254033531388,0.08953555890592714,False,Chronos-LoRA-V1,False
SMCI,2013-01-31,0.010612254033531388,0.08953555890592714,False,Chronos-LoRA-V2,False
SMCI,2013-01-31,0.010612254033531388,0.08953555890592714,False,Chronos-LoRA-V3,False
SMCI,2013-01-31,0.010612254033531388,0.08953555890592714,False,XGBoost,False
SMCI,2013-05-24,-0.0009755390673276132,0.03927249294193282,False,Chronos-LoRA-V1,False
SMCI,2013-05-24,-0.0009755390673276132,0.03927249294193282,False,Chronos-LoRA-V2,False
SMCI,2013-05-24,-0.0009755390673276132,0.03927249294193282,False,Chronos-LoRA-V3,False
SMCI,2013-05-24,-0.0009755390673276132,0.03927249294193282,False,XGBoost,False
SMCI,2013-09-17,-0.0030120095284850157,0.029411505184356798,False,Chronos-LoRA-V1,False
SMCI,2013-09-17,-0.0030120095284850157,0.029411505184356798,False,Chronos-LoRA-V2,False
SMCI,2013-09-17,-0.0030120095284850157,0.029411505184356798,False,Chronos-LoRA-V3,False
SMCI,2013-09-17,-0.0030120095284850157,0.029411505184356798,False,XGBoost,False
SMCI,2014-01-09,-0.009557964269971131,0.02995768998684258,False,Chronos-LoRA-V1,False
SMCI,2014-01-09,-0.009557964269971131,0.02995768998684258,False,Chronos-LoRA-V2,False
SMCI,2014-01-09,-0.009557964269971131,0.02995768998684258,False,Chronos-LoRA-V3,False
SMCI,2014-01-09,-0.009557964269971131,0.02995768998684258,False,XGBoost,False
SMCI,2014-05-05,-0.022671268023721547,0.05168387732632361,False,Chronos-LoRA-V1,False
SMCI,2014-05-05,-0.022671268023721547,0.05168387732632361,False,Chronos-LoRA-V2,False
SMCI,2014-05-05,-0.022671268023721547,0.05168387732632361,False,Chronos-LoRA-V3,False
SMCI,2014-05-05,-0.022671268023721547,0.05168387732632361,False,XGBoost,False
SMCI,2014-08-26,0.00529100991178888,0.05571094661920018,False,Chronos-LoRA-V1,False
SMCI,2014-08-26,0.00529100991178888,0.05571094661920018,False,Chronos-LoRA-V2,False
SMCI,2014-08-26,0.00529100991178888,0.05571094661920018,False,Chronos-LoRA-V3,False
SMCI,2014-08-26,0.00529100991178888,0.05571094661920018,False,XGBoost,False
SMCI,2014-12-17,0.04314477235063752,0.036924377403208676,True,Chronos-LoRA-V1,False
SMCI,2014-12-17,0.04314477235063752,0.036924377403208676,True,Chronos-LoRA-V2,False
SMCI,2014-12-17,0.04314477235063752,0.036924377403208676,True,Chronos-LoRA-V3,False
SMCI,2014-12-17,0.04314477235063752,0.036924377403208676,True,XGBoost,False
SMCI,2015-04-14,0.0036806373741233855,0.04425077576476291,False,Chronos-LoRA-V1,False
SMCI,2015-04-14,0.0036806373741233855,0.04425077576476291,False,Chronos-LoRA-V2,False
SMCI,2015-04-14,0.0036806373741233855,0.04425077576476291,False,Chronos-LoRA-V3,False
SMCI,2015-04-14,0.0036806373741233855,0.04425077576476291,False,XGBoost,False
SMCI,2015-08-05,0.08136373205521541,0.04321477331880777,True,Chronos-LoRA-V1,False
SMCI,2015-08-05,0.08136373205521541,0.04321477331880777,True,Chronos-LoRA-V2,False
SMCI,2015-08-05,0.08136373205521541,0.04321477331880777,True,Chronos-LoRA-V3,False
SMCI,2015-08-05,0.08136373205521541,0.04321477331880777,True,XGBoost,True
SMCI,2015-11-25,0.009197355666802132,0.06558830106189431,False,Chronos-LoRA-V1,False
SMCI,2015-11-25,0.009197355666802132,0.06558830106189431,False,Chronos-LoRA-V2,False
SMCI,2015-11-25,0.009197355666802132,0.06558830106189431,False,Chronos-LoRA-V3,False
SMCI,2015-11-25,0.009197355666802132,0.06558830106189431,False,XGBoost,False
SMCI,2016-03-22,0.0,0.03510057232581904,False,Chronos-LoRA-V1,True
SMCI,2016-03-22,0.0,0.03510057232581904,False,Chronos-LoRA-V2,False
SMCI,2016-03-22,0.0,0.03510057232581904,False,Chronos-LoRA-V3,True
SMCI,2016-03-22,0.0,0.03510057232581904,False,XGBoost,False
SMCI,2016-07-14,0.003068621656252768,0.051240618151808186,False,Chronos-LoRA-V1,False
SMCI,2016-07-14,0.003068621656252768,0.051240618151808186,False,Chronos-LoRA-V2,False
SMCI,2016-07-14,0.003068621656252768,0.051240618151808186,False,Chronos-LoRA-V3,False
SMCI,2016-07-14,0.003068621656252768,0.051240618151808186,False,XGBoost,False
SMCI,2016-11-03,-0.011061989147312823,0.05899934683192977,False,Chronos-LoRA-V1,False
SMCI,2016-11-03,-0.011061989147312823,0.05899934683192977,False,Chronos-LoRA-V2,False
SMCI,2016-11-03,-0.011061989147312823,0.05899934683192977,False,Chronos-LoRA-V3,False
SMCI,2016-11-03,-0.011061989147312823,0.05899934683192977,False,XGBoost,False
SMCI,2017-03-01,0.023076993614966845,0.030700295733723803,False,Chronos-LoRA-V1,False
SMCI,2017-03-01,0.023076993614966845,0.030700295733723803,False,Chronos-LoRA-V2,False
SMCI,2017-03-01,0.023076993614966845,0.030700295733723803,False,Chronos-LoRA-V3,False
SMCI,2017-03-01,0.023076993614966845,0.030700295733723803,False,XGBoost,False
SMCI,2017-06-22,0.008316000484173136,0.02518171954634252,False,Chronos-LoRA-V1,False
SMCI,2017-06-22,0.008316000484173136,0.02518171954634252,False,Chronos-LoRA-V2,False
SMCI,2017-06-22,0.008316000484173136,0.02518171954634252,False,Chronos-LoRA-V3,False
SMCI,2017-06-22,0.008316000484173136,0.02518171954634252,False,XGBoost,False
SMCI,2017-10-13,0.004444440205891853,0.06676013713323309,False,Chronos-LoRA-V1,False
SMCI,2017-10-13,0.004444440205891853,0.06676013713323309,False,Chronos-LoRA-V2,False
SMCI,2017-10-13,0.004444440205891853,0.06676013713323309,False,Chronos-LoRA-V3,False
SMCI,2017-10-13,0.004444440205891853,0.06676013713323309,False,XGBoost,False
SMCI,2018-02-07,0.012787711309132144,0.07454162869196877,False,Chronos-LoRA-V1,False
SMCI,2018-02-07,0.012787711309132144,0.07454162869196877,False,Chronos-LoRA-V2,False
SMCI,2018-02-07,0.012787711309132144,0.07454162869196877,False,Chronos-LoRA-V3,False
SMCI,2018-02-07,0.012787711309132144,0.07454162869196877,False,XGBoost,False
SMCI,2018-06-01,0.012448120465286205,0.08786914800364982,False,Chronos-LoRA-V1,False
SMCI,2018-06-01,0.012448120465286205,0.08786914800364982,False,Chronos-LoRA-V2,False
SMCI,2018-06-01,0.012448120465286205,0.08786914800364982,False,Chronos-LoRA-V3,False
SMCI,2018-06-01,0.012448120465286205,0.08786914800364982,False,XGBoost,False
SMCI,2018-09-24,-0.03816419300664142,0.07317898217534796,False,Chronos-LoRA-V1,False
SMCI,2018-09-24,-0.03816419300664142,0.07317898217534796,False,Chronos-LoRA-V2,False
SMCI,2018-09-24,-0.03816419300664142,0.07317898217534796,False,Chronos-LoRA-V3,False
SMCI,2018-09-24,-0.03816419300664142,0.07317898217534796,False,XGBoost,False
SMCI,2019-01-18,0.01351350045186761,0.05873682459930594,False,Chronos-LoRA-V1,False
SMCI,2019-01-18,0.01351350045186761,0.05873682459930594,False,Chronos-LoRA-V2,False
SMCI,2019-01-18,0.01351350045186761,0.05873682459930594,False,Chronos-LoRA-V3,False
SMCI,2019-01-18,0.01351350045186761,0.05873682459930594,False,XGBoost,False
SMCI,2019-05-14,0.013231563586021844,0.030764286667236865,False,Chronos-LoRA-V1,True
SMCI,2019-05-14,0.013231563586021844,0.030764286667236865,False,Chronos-LoRA-V2,True
SMCI,2019-05-14,0.013231563586021844,0.030764286667236865,False,Chronos-LoRA-V3,True
SMCI,2019-05-14,0.013231563586021844,0.030764286667236865,False,XGBoost,False
SMCI,2019-09-05,0.016172491148951362,0.09218023842940623,False,Chronos-LoRA-V1,False
SMCI,2019-09-05,0.016172491148951362,0.09218023842940623,False,Chronos-LoRA-V2,False
SMCI,2019-09-05,0.016172491148951362,0.09218023842940623,False,Chronos-LoRA-V3,False
SMCI,2019-09-05,0.016172491148951362,0.09218023842940623,False,XGBoost,False
SMCI,2019-12-27,0.01260502938959629,0.04412681331781077,False,Chronos-LoRA-V1,False
SMCI,2019-12-27,0.01260502938959629,0.04412681331781077,False,Chronos-LoRA-V2,False
SMCI,2019-12-27,0.01260502938959629,0.04412681331781077,False,Chronos-LoRA-V3,False
SMCI,2019-12-27,0.01260502938959629,0.04412681331781077,False,XGBoost,False
SMCI,2020-04-22,0.02287886450029264,0.08731259301651961,False,Chronos-LoRA-V1,False
SMCI,2020-04-22,0.02287886450029264,0.08731259301651961,False,Chronos-LoRA-V2,False
SMCI,2020-04-22,0.02287886450029264,0.08731259301651961,False,Chronos-LoRA-V3,False
SMCI,2020-04-22,0.02287886450029264,0.08731259301651961,False,XGBoost,False
SMCI,2020-08-13,-0.000768970936491864,0.07772349308973467,False,Chronos-LoRA-V1,False
SMCI,2020-08-13,-0.000768970936491864,0.07772349308973467,False,Chronos-LoRA-V2,False
SMCI,2020-08-13,-0.000768970936491864,0.07772349308973467,False,Chronos-LoRA-V3,False
SMCI,2020-08-13,-0.000768970936491864,0.07772349308973467,False,XGBoost,False
SMCI,2020-12-04,0.032355900196874066,0.03770956760957125,False,Chronos-LoRA-V1,False
SMCI,2020-12-04,0.032355900196874066,0.03770956760957125,False,Chronos-LoRA-V2,False
SMCI,2020-12-04,0.032355900196874066,0.03770956760957125,False,Chronos-LoRA-V3,False
SMCI,2020-12-04,0.032355900196874066,0.03770956760957125,False,XGBoost,False
SMCI,2021-03-31,0.029520292884097632,0.04200527420907593,False,Chronos-LoRA-V1,False
SMCI,2021-03-31,0.029520292884097632,0.04200527420907593,False,Chronos-LoRA-V2,False
SMCI,2021-03-31,0.029520292884097632,0.04200527420907593,False,Chronos-LoRA-V3,False
SMCI,2021-03-31,0.029520292884097632,0.04200527420907593,False,XGBoost,False
SMCI,2021-07-23,0.019755979062941575,0.0390094458536866,False,Chronos-LoRA-V1,False
SMCI,2021-07-23,0.019755979062941575,0.0390094458536866,False,Chronos-LoRA-V2,False
SMCI,2021-07-23,0.019755979062941575,0.0390094458536866,False,Chronos-LoRA-V3,False
SMCI,2021-07-23,0.019755979062941575,0.0390094458536866,False,XGBoost,False
SMCI,2021-11-12,-0.013992388039319126,0.08317777036174097,False,Chronos-LoRA-V1,False
SMCI,2021-11-12,-0.013992388039319126,0.08317777036174097,False,Chronos-LoRA-V2,False
SMCI,2021-11-12,-0.013992388039319126,0.08317777036174097,False,Chronos-LoRA-V3,False
SMCI,2021-11-12,-0.013992388039319126,0.08317777036174097,False,XGBoost,False
SMCI,2022-03-09,0.027667982327340024,0.041412243582079504,False,Chronos-LoRA-V1,False
SMCI,2022-03-09,0.027667982327340024,0.041412243582079504,False,Chronos-LoRA-V2,False
SMCI,2022-03-09,0.027667982327340024,0.041412243582079504,False,Chronos-LoRA-V3,False
SMCI,2022-03-09,0.027667982327340024,0.041412243582079504,False,XGBoost,False
SMCI,2022-07-01,-0.03023537675691168,0.07765424695072572,False,Chronos-LoRA-V1,False
SMCI,2022-07-01,-0.03023537675691168,0.07765424695072572,False,Chronos-LoRA-V2,False
SMCI,2022-07-01,-0.03023537675691168,0.07765424695072572,False,Chronos-LoRA-V3,False
SMCI,2022-07-01,-0.03023537675691168,0.07765424695072572,False,XGBoost,False
SMCI,2022-10-24,-0.023554927753222876,0.08170690022531536,False,Chronos-LoRA-V1,False
SMCI,2022-10-24,-0.023554927753222876,0.08170690022531536,False,Chronos-LoRA-V2,False
SMCI,2022-10-24,-0.023554927753222876,0.08170690022531536,False,Chronos-LoRA-V3,False
SMCI,2022-10-24,-0.023554927753222876,0.08170690022531536,False,XGBoost,False
SMCI,2023-02-16,0.03096775278547259,0.08147125302369583,False,Chronos-LoRA-V1,False
SMCI,2023-02-16,0.03096775278547259,0.08147125302369583,False,Chronos-LoRA-V2,False
SMCI,2023-02-16,0.03096775278547259,0.08147125302369583,False,Chronos-LoRA-V3,False
SMCI,2023-02-16,0.03096775278547259,0.08147125302369583,False,XGBoost,False
SMCI,2023-06-12,-0.011503500377591735,0.11630187015990262,False,Chronos-LoRA-V1,False
SMCI,2023-06-12,-0.011503500377591735,0.11630187015990262,False,Chronos-LoRA-V2,False
SMCI,2023-06-12,-0.011503500377591735,0.11630187015990262,False,Chronos-LoRA-V3,False
SMCI,2023-06-12,-0.011503500377591735,0.11630187015990262,False,XGBoost,False
SMCI,2023-10-04,0.038633966179515866,0.07757713279191264,False,Chronos-LoRA-V1,False
SMCI,2023-10-04,0.038633966179515866,0.07757713279191264,False,Chronos-LoRA-V2,False
SMCI,2023-10-04,0.038633966179515866,0.07757713279191264,False,Chronos-LoRA-V3,False
SMCI,2023-10-04,0.038633966179515866,0.07757713279191264,False,XGBoost,False
SMCI,2024-01-29,0.0453864892058109,0.17061269206378912,False,Chronos-LoRA-V1,False
SMCI,2024-01-29,0.0453864892058109,0.17061269206378912,False,Chronos-LoRA-V2,False
SMCI,2024-01-29,0.0453864892058109,0.17061269206378912,False,Chronos-LoRA-V3,False
SMCI,2024-01-29,0.0453864892058109,0.17061269206378912,False,XGBoost,False
SMCI,2024-05-21,-0.005520284142921383,0.12156726592353993,False,Chronos-LoRA-V1,False
SMCI,2024-05-21,-0.005520284142921383,0.12156726592353993,False,Chronos-LoRA-V2,False
SMCI,2024-05-21,-0.005520284142921383,0.12156726592353993,False,Chronos-LoRA-V3,False
SMCI,2024-05-21,-0.005520284142921383,0.12156726592353993,False,XGBoost,False
SMCI,2024-09-13,0.03399448826173712,0.11982058704036616,False,Chronos-LoRA-V1,False
SMCI,2024-09-13,0.03399448826173712,0.11982058704036616,False,Chronos-LoRA-V2,False
SMCI,2024-09-13,0.03399448826173712,0.11982058704036616,False,Chronos-LoRA-V3,False
SMCI,2024-09-13,0.03399448826173712,0.11982058704036616,False,XGBoost,False
SMCI,2025-01-07,-0.0567901138956598,0.1081493688321439,False,Chronos-LoRA-V1,False
SMCI,2025-01-07,-0.0567901138956598,0.1081493688321439,False,Chronos-LoRA-V2,False
SMCI,2025-01-07,-0.0567901138956598,0.1081493688321439,False,Chronos-LoRA-V3,False
SMCI,2025-01-07,-0.0567901138956598,0.1081493688321439,False,XGBoost,False
SMCI,2025-05-02,0.02994193571471615,0.1409761250439799,False,Chronos-LoRA-V1,False
SMCI,2025-05-02,0.02994193571471615,0.1409761250439799,False,Chronos-LoRA-V2,False
SMCI,2025-05-02,0.02994193571471615,0.1409761250439799,False,Chronos-LoRA-V3,False
SMCI,2025-05-02,0.02994193571471615,0.1409761250439799,False,XGBoost,False
SMCI,2025-08-26,0.006580461028716567,0.09496809819955616,False,Chronos-LoRA-V1,False
SMCI,2025-08-26,0.006580461028716567,0.09496809819955616,False,Chronos-LoRA-V2,False
SMCI,2025-08-26,0.006580461028716567,0.09496809819955616,False,Chronos-LoRA-V3,False
SMCI,2025-08-26,0.006580461028716567,0.09496809819955616,False,XGBoost,False
SMCI,2025-12-17,-0.057485777119262504,0.05594794874168798,True,Chronos-LoRA-V1,False
SMCI,2025-12-17,-0.057485777119262504,0.05594794874168798,True,Chronos-LoRA-V2,False
SMCI,2025-12-17,-0.057485777119262504,0.05594794874168798,True,Chronos-LoRA-V3,False
SMCI,2025-12-17,-0.057485777119262504,0.05594794874168798,True,XGBoost,False
SMCI,2026-04-14,0.04736239823281263,0.17900171624826994,False,Chronos-LoRA-V1,False
SMCI,2026-04-14,0.04736239823281263,0.17900171624826994,False,Chronos-LoRA-V2,False
SMCI,2026-04-14,0.04736239823281263,0.17900171624826994,False,Chronos-LoRA-V3,False
SMCI,2026-04-14,0.04736239823281263,0.17900171624826994,False,XGBoost,False
SMCI,2026-08-07,0.05956433117727622,0.1352480828244276,False,Chronos-LoRA-V1,False
SMCI,2026-08-07,0.05956433117727622,0.1352480828244276,False,Chronos-LoRA-V2,False
SMCI,2026-08-07,0.05956433117727622,0.1352480828244276,False,Chronos-LoRA-V3,False
SMCI,2026-08-07,0.05956433117727622,0.1352480828244276,False,XGBoost,False
CVNA,2018-07-09,-0.049819828945157574,0.09369505099987833,False,Chronos-LoRA-V1,False
CVNA,2018-07-09,-0.049819828945157574,0.09369505099987833,False,Chronos-LoRA-V2,False
CVNA,2018-07-09,-0.049819828945157574,0.09369505099987833,False,Chronos-LoRA-V3,False
CVNA,2018-07-09,-0.049819828945157574,0.09369505099987833,False,XGBoost,False
CVNA,2018-09-05,-0.07707158264471425,0.05817287254322222,True,Chronos-LoRA-V1,False
CVNA,2018-09-05,-0.07707158264471425,0.05817287254322222,True,Chronos-LoRA-V2,False
CVNA,2018-09-05,-0.07707158264471425,0.05817287254322222,True,Chronos-LoRA-V3,False
CVNA,2018-09-05,-0.07707158264471425,0.05817287254322222,True,XGBoost,False
CVNA,2018-11-01,0.14554842056766626,0.09010999949413306,True,Chronos-LoRA-V1,False
CVNA,2018-11-01,0.14554842056766626,0.09010999949413306,True,Chronos-LoRA-V2,False
CVNA,2018-11-01,0.14554842056766626,0.09010999949413306,True,Chronos-LoRA-V3,False
CVNA,2018-11-01,0.14554842056766626,0.09010999949413306,True,XGBoost,False
CVNA,2019-01-04,0.019542899706884942,0.10415194138994296,False,Chronos-LoRA-V1,False
CVNA,2019-01-04,0.019542899706884942,0.10415194138994296,False,Chronos-LoRA-V2,False
CVNA,2019-01-04,0.019542899706884942,0.10415194138994296,False,Chronos-LoRA-V3,False
CVNA,2019-01-04,0.019542899706884942,0.10415194138994296,False,XGBoost,False
CVNA,2019-03-06,0.05460610496678875,0.10950833769872094,False,Chronos-LoRA-V1,False
CVNA,2019-03-06,0.05460610496678875,0.10950833769872094,False,Chronos-LoRA-V2,False
CVNA,2019-03-06,0.05460610496678875,0.10950833769872094,False,Chronos-LoRA-V3,False
CVNA,2019-03-06,0.05460610496678875,0.10950833769872094,False,XGBoost,False
CVNA,2019-05-06,-0.0019395870172659313,0.046774641644885546,False,Chronos-LoRA-V1,True
CVNA,2019-05-06,-0.0019395870172659313,0.046774641644885546,False,Chronos-LoRA-V2,True
CVNA,2019-05-06,-0.0019395870172659313,0.046774641644885546,False,Chronos-LoRA-V3,True
CVNA,2019-05-06,-0.0019395870172659313,0.046774641644885546,False,XGBoost,False
CVNA,2019-07-03,-0.008191649925161637,0.07546337674797475,False,Chronos-LoRA-V1,False
CVNA,2019-07-03,-0.008191649925161637,0.07546337674797475,False,Chronos-LoRA-V2,False
CVNA,2019-07-03,-0.008191649925161637,0.07546337674797475,False,Chronos-LoRA-V3,False
CVNA,2019-07-03,-0.008191649925161637,0.07546337674797475,False,XGBoost,False
CVNA,2019-09-03,-0.01897489883661385,0.12917031213602007,False,Chronos-LoRA-V1,False
CVNA,2019-09-03,-0.01897489883661385,0.12917031213602007,False,Chronos-LoRA-V2,False
CVNA,2019-09-03,-0.01897489883661385,0.12917031213602007,False,Chronos-LoRA-V3,False
CVNA,2019-09-03,-0.01897489883661385,0.12917031213602007,False,XGBoost,False
CVNA,2019-10-30,-0.026095137713546324,0.05850481857115416,False,Chronos-LoRA-V1,False
CVNA,2019-10-30,-0.026095137713546324,0.05850481857115416,False,Chronos-LoRA-V2,False
CVNA,2019-10-30,-0.026095137713546324,0.05850481857115416,False,Chronos-LoRA-V3,False
CVNA,2019-10-30,-0.026095137713546324,0.05850481857115416,False,XGBoost,False
CVNA,2019-12-31,-0.002492388845730553,0.05925819258147331,False,Chronos-LoRA-V1,False
CVNA,2019-12-31,-0.002492388845730553,0.05925819258147331,False,Chronos-LoRA-V2,False
CVNA,2019-12-31,-0.002492388845730553,0.05925819258147331,False,Chronos-LoRA-V3,False
CVNA,2019-12-31,-0.002492388845730553,0.05925819258147331,False,XGBoost,False
CVNA,2020-03-02,-0.006633735706963573,0.11113575995456951,False,Chronos-LoRA-V1,False
CVNA,2020-03-02,-0.006633735706963573,0.11113575995456951,False,Chronos-LoRA-V2,False
CVNA,2020-03-02,-0.006633735706963573,0.11113575995456951,False,Chronos-LoRA-V3,False
CVNA,2020-03-02,-0.006633735706963573,0.11113575995456951,False,XGBoost,False
CVNA,2020-04-29,0.023264320692089946,0.1771357986422858,False,Chronos-LoRA-V1,False
CVNA,2020-04-29,0.023264320692089946,0.1771357986422858,False,Chronos-LoRA-V2,False
CVNA,2020-04-29,0.023264320692089946,0.1771357986422858,False,Chronos-LoRA-V3,False
CVNA,2020-04-29,0.023264320692089946,0.1771357986422858,False,XGBoost,False
CVNA,2020-06-29,0.02521075909664039,0.1348981575412342,False,Chronos-LoRA-V1,False
CVNA,2020-06-29,0.02521075909664039,0.1348981575412342,False,Chronos-LoRA-V2,False
CVNA,2020-06-29,0.02521075909664039,0.1348981575412342,False,Chronos-LoRA-V3,False
CVNA,2020-06-29,0.02521075909664039,0.1348981575412342,False,XGBoost,False
CVNA,2020-08-26,0.024096995914046015,0.1462630214238306,False,Chronos-LoRA-V1,False
CVNA,2020-08-26,0.024096995914046015,0.1462630214238306,False,Chronos-LoRA-V2,False
CVNA,2020-08-26,0.024096995914046015,0.1462630214238306,False,Chronos-LoRA-V3,False
CVNA,2020-08-26,0.024096995914046015,0.1462630214238306,False,XGBoost,False
CVNA,2020-10-26,-0.00621789632170866,0.08251355824497948,False,Chronos-LoRA-V1,False
CVNA,2020-10-26,-0.00621789632170866,0.08251355824497948,False,Chronos-LoRA-V2,False
CVNA,2020-10-26,-0.00621789632170866,0.08251355824497948,False,Chronos-LoRA-V3,False
CVNA,2020-10-26,-0.00621789632170866,0.08251355824497948,False,XGBoost,False
CVNA,2020-12-23,-0.07381999162001884,0.07755853650850192,False,Chronos-LoRA-V1,False
CVNA,2020-12-23,-0.07381999162001884,0.07755853650850192,False,Chronos-LoRA-V2,False
CVNA,2020-12-23,-0.07381999162001884,0.07755853650850192,False,Chronos-LoRA-V3,False
CVNA,2020-12-23,-0.07381999162001884,0.07755853650850192,False,XGBoost,False
CVNA,2021-02-25,-0.07468239973835011,0.07511496365365418,False,Chronos-LoRA-V1,False
CVNA,2021-02-25,-0.07468239973835011,0.07511496365365418,False,Chronos-LoRA-V2,False
CVNA,2021-02-25,-0.07468239973835011,0.07511496365365418,False,Chronos-LoRA-V3,False
CVNA,2021-02-25,-0.07468239973835011,0.07511496365365418,False,XGBoost,False
CVNA,2021-04-26,0.05891869162514052,0.05682687133258685,True,Chronos-LoRA-V1,False
CVNA,2021-04-26,0.05891869162514052,0.05682687133258685,True,Chronos-LoRA-V2,False
CVNA,2021-04-26,0.05891869162514052,0.05682687133258685,True,Chronos-LoRA-V3,False
CVNA,2021-04-26,0.05891869162514052,0.05682687133258685,True,XGBoost,False
CVNA,2021-06-24,-0.032472257903743085,0.04720992276550522,False,Chronos-LoRA-V1,True
CVNA,2021-06-24,-0.032472257903743085,0.04720992276550522,False,Chronos-LoRA-V2,False
CVNA,2021-06-24,-0.032472257903743085,0.04720992276550522,False,Chronos-LoRA-V3,True
CVNA,2021-06-24,-0.032472257903743085,0.04720992276550522,False,XGBoost,False
CVNA,2021-08-23,0.022358121047920454,0.03275137596553132,False,Chronos-LoRA-V1,False
CVNA,2021-08-23,0.022358121047920454,0.03275137596553132,False,Chronos-LoRA-V2,False
CVNA,2021-08-23,0.022358121047920454,0.03275137596553132,False,Chronos-LoRA-V3,False
CVNA,2021-08-23,0.022358121047920454,0.03275137596553132,False,XGBoost,False
CVNA,2021-10-20,-0.006257493975309503,0.027793037378395752,False,Chronos-LoRA-V1,False
CVNA,2021-10-20,-0.006257493975309503,0.027793037378395752,False,Chronos-LoRA-V2,False
CVNA,2021-10-20,-0.006257493975309503,0.027793037378395752,False,Chronos-LoRA-V3,False
CVNA,2021-10-20,-0.006257493975309503,0.027793037378395752,False,XGBoost,False
CVNA,2021-12-20,-0.08041497779281048,0.08489852484330226,False,Chronos-LoRA-V1,True
CVNA,2021-12-20,-0.08041497779281048,0.08489852484330226,False,Chronos-LoRA-V2,True
CVNA,2021-12-20,-0.08041497779281048,0.08489852484330226,False,Chronos-LoRA-V3,True
CVNA,2021-12-20,-0.08041497779281048,0.08489852484330226,False,XGBoost,False
CVNA,2022-02-17,-0.024455395363073507,0.13867996593376355,False,Chronos-LoRA-V1,False
CVNA,2022-02-17,-0.024455395363073507,0.13867996593376355,False,Chronos-LoRA-V2,False
CVNA,2022-02-17,-0.024455395363073507,0.13867996593376355,False,Chronos-LoRA-V3,False
CVNA,2022-02-17,-0.024455395363073507,0.13867996593376355,False,XGBoost,False
CVNA,2022-04-20,-0.09108775096852695,0.12321279235707991,False,Chronos-LoRA-V1,False
CVNA,2022-04-20,-0.09108775096852695,0.12321279235707991,False,Chronos-LoRA-V2,False
CVNA,2022-04-20,-0.09108775096852695,0.12321279235707991,False,Chronos-LoRA-V3,False
CVNA,2022-04-20,-0.09108775096852695,0.12321279235707991,False,XGBoost,False
CVNA,2022-06-17,0.13411211532863154,0.19057632638433358,False,Chronos-LoRA-V1,False
CVNA,2022-06-17,0.13411211532863154,0.19057632638433358,False,Chronos-LoRA-V2,False
CVNA,2022-06-17,0.13411211532863154,0.19057632638433358,False,Chronos-LoRA-V3,False
CVNA,2022-06-17,0.13411211532863154,0.19057632638433358,False,XGBoost,False
CVNA,2022-08-18,-0.035469593318052106,0.22163789430845057,False,Chronos-LoRA-V1,False
CVNA,2022-08-18,-0.035469593318052106,0.22163789430845057,False,Chronos-LoRA-V2,False
CVNA,2022-08-18,-0.035469593318052106,0.22163789430845057,False,Chronos-LoRA-V3,False
CVNA,2022-08-18,-0.035469593318052106,0.22163789430845057,False,XGBoost,False
CVNA,2022-10-17,0.0630105256100364,0.14111554843365162,False,Chronos-LoRA-V1,False
CVNA,2022-10-17,0.0630105256100364,0.14111554843365162,False,Chronos-LoRA-V2,False
CVNA,2022-10-17,0.0630105256100364,0.14111554843365162,False,Chronos-LoRA-V3,False
CVNA,2022-10-17,0.0630105256100364,0.14111554843365162,False,XGBoost,False
CVNA,2022-12-15,0.03992389189757617,0.2810952631175327,False,Chronos-LoRA-V1,False
CVNA,2022-12-15,0.03992389189757617,0.2810952631175327,False,Chronos-LoRA-V2,False
CVNA,2022-12-15,0.03992389189757617,0.2810952631175327,False,Chronos-LoRA-V3,False
CVNA,2022-12-15,0.03992389189757617,0.2810952631175327,False,XGBoost,False
CVNA,2023-02-15,0.18376867704825361,0.24691162917120252,False,Chronos-LoRA-V1,False
CVNA,2023-02-15,0.18376867704825361,0.24691162917120252,False,Chronos-LoRA-V2,False
CVNA,2023-02-15,0.18376867704825361,0.24691162917120252,False,Chronos-LoRA-V3,False
CVNA,2023-02-15,0.18376867704825361,0.24691162917120252,False,XGBoost,False
CVNA,2023-04-18,-0.02869759643287917,0.13489361735351285,False,Chronos-LoRA-V1,False
CVNA,2023-04-18,-0.02869759643287917,0.13489361735351285,False,Chronos-LoRA-V2,False
CVNA,2023-04-18,-0.02869759643287917,0.13489361735351285,False,Chronos-LoRA-V3,False
CVNA,2023-04-18,-0.02869759643287917,0.13489361735351285,False,XGBoost,False
CVNA,2023-06-15,0.12735047359203389,0.3105376657311972,False,Chronos-LoRA-V1,False
CVNA,2023-06-15,0.12735047359203389,0.3105376657311972,False,Chronos-LoRA-V2,False
CVNA,2023-06-15,0.12735047359203389,0.3105376657311972,False,Chronos-LoRA-V3,False
CVNA,2023-06-15,0.12735047359203389,0.3105376657311972,False,XGBoost,False
CVNA,2023-08-15,-0.043076241256148506,0.22598068741692434,False,Chronos-LoRA-V1,False
CVNA,2023-08-15,-0.043076241256148506,0.22598068741692434,False,Chronos-LoRA-V2,False
CVNA,2023-08-15,-0.043076241256148506,0.22598068741692434,False,Chronos-LoRA-V3,False
CVNA,2023-08-15,-0.043076241256148506,0.22598068741692434,False,XGBoost,False
CVNA,2023-10-13,0.0,0.0854427422777791,False,Chronos-LoRA-V1,False
CVNA,2023-10-13,0.0,0.0854427422777791,False,Chronos-LoRA-V2,False
CVNA,2023-10-13,0.0,0.0854427422777791,False,Chronos-LoRA-V3,False
CVNA,2023-10-13,0.0,0.0854427422777791,False,XGBoost,True
CVNA,2023-12-12,-0.008285210152836342,0.12182163201158855,False,Chronos-LoRA-V1,False
CVNA,2023-12-12,-0.008285210152836342,0.12182163201158855,False,Chronos-LoRA-V2,False
CVNA,2023-12-12,-0.008285210152836342,0.12182163201158855,False,Chronos-LoRA-V3,False
CVNA,2023-12-12,-0.008285210152836342,0.12182163201158855,False,XGBoost,False
CVNA,2024-02-13,-0.059876964279306666,0.09403324021805638,False,Chronos-LoRA-V1,False
CVNA,2024-02-13,-0.059876964279306666,0.09403324021805638,False,Chronos-LoRA-V2,False
CVNA,2024-02-13,-0.059876964279306666,0.09403324021805638,False,Chronos-LoRA-V3,False
CVNA,2024-02-13,-0.059876964279306666,0.09403324021805638,False,XGBoost,False
CVNA,2024-04-12,-0.06775231497810541,0.0648414336988304,True,Chronos-LoRA-V1,False
CVNA,2024-04-12,-0.06775231497810541,0.0648414336988304,True,Chronos-LoRA-V2,False
CVNA,2024-04-12,-0.06775231497810541,0.0648414336988304,True,Chronos-LoRA-V3,False
CVNA,2024-04-12,-0.06775231497810541,0.0648414336988304,True,XGBoost,False
CVNA,2024-06-12,0.06674996814826617,0.046613059207346465,True,Chronos-LoRA-V1,False
CVNA,2024-06-12,0.06674996814826617,0.046613059207346465,True,Chronos-LoRA-V2,True
CVNA,2024-06-12,0.06674996814826617,0.046613059207346465,True,Chronos-LoRA-V3,False
CVNA,2024-06-12,0.06674996814826617,0.046613059207346465,True,XGBoost,False
CVNA,2024-08-12,-0.017951768300362603,0.0949874283579495,False,Chronos-LoRA-V1,False
CVNA,2024-08-12,-0.017951768300362603,0.0949874283579495,False,Chronos-LoRA-V2,False
CVNA,2024-08-12,-0.017951768300362603,0.0949874283579495,False,Chronos-LoRA-V3,False
CVNA,2024-08-12,-0.017951768300362603,0.0949874283579495,False,XGBoost,False
CVNA,2024-10-10,0.007891809268748773,0.05282615834446083,False,Chronos-LoRA-V1,False
CVNA,2024-10-10,0.007891809268748773,0.05282615834446083,False,Chronos-LoRA-V2,False
CVNA,2024-10-10,0.007891809268748773,0.05282615834446083,False,Chronos-LoRA-V3,False
CVNA,2024-10-10,0.007891809268748773,0.05282615834446083,False,XGBoost,False
CVNA,2024-12-09,-0.02858168081290513,0.038192780813530225,False,Chronos-LoRA-V1,False
CVNA,2024-12-09,-0.02858168081290513,0.038192780813530225,False,Chronos-LoRA-V2,True
CVNA,2024-12-09,-0.02858168081290513,0.038192780813530225,False,Chronos-LoRA-V3,False
CVNA,2024-12-09,-0.02858168081290513,0.038192780813530225,False,XGBoost,False
CVNA,2025-02-10,0.014162932372149495,0.05819866045906689,False,Chronos-LoRA-V1,False
CVNA,2025-02-10,0.014162932372149495,0.05819866045906689,False,Chronos-LoRA-V2,False
CVNA,2025-02-10,0.014162932372149495,0.05819866045906689,False,Chronos-LoRA-V3,False
CVNA,2025-02-10,0.014162932372149495,0.05819866045906689,False,XGBoost,False
CVNA,2025-04-10,-0.07612054782193733,0.18915628864513168,False,Chronos-LoRA-V1,False
CVNA,2025-04-10,-0.07612054782193733,0.18915628864513168,False,Chronos-LoRA-V2,False
CVNA,2025-04-10,-0.07612054782193733,0.18915628864513168,False,Chronos-LoRA-V3,False
CVNA,2025-04-10,-0.07612054782193733,0.18915628864513168,False,XGBoost,False
CVNA,2025-06-10,-0.004148234837024978,0.04526123929264819,False,Chronos-LoRA-V1,False
CVNA,2025-06-10,-0.004148234837024978,0.04526123929264819,False,Chronos-LoRA-V2,False
CVNA,2025-06-10,-0.004148234837024978,0.04526123929264819,False,Chronos-LoRA-V3,False
CVNA,2025-06-10,-0.004148234837024978,0.04526123929264819,False,XGBoost,False
CVNA,2025-08-11,-0.006646305370923811,0.08942309552519256,False,Chronos-LoRA-V1,False
CVNA,2025-08-11,-0.006646305370923811,0.08942309552519256,False,Chronos-LoRA-V2,False
CVNA,2025-08-11,-0.006646305370923811,0.08942309552519256,False,Chronos-LoRA-V3,False
CVNA,2025-08-11,-0.006646305370923811,0.08942309552519256,False,XGBoost,False
CVNA,2025-10-08,-0.02538410174284622,0.05899970411980671,False,Chronos-LoRA-V1,False
CVNA,2025-10-08,-0.02538410174284622,0.05899970411980671,False,Chronos-LoRA-V2,False
CVNA,2025-10-08,-0.02538410174284622,0.05899970411980671,False,Chronos-LoRA-V3,False
CVNA,2025-10-08,-0.02538410174284622,0.05899970411980671,False,XGBoost,False
CVNA,2025-12-08,0.12059431678160437,0.06284111273676421,True,Chronos-LoRA-V1,False
CVNA,2025-12-08,0.12059431678160437,0.06284111273676421,True,Chronos-LoRA-V2,False
CVNA,2025-12-08,0.12059431678160437,0.06284111273676421,True,Chronos-LoRA-V3,False
CVNA,2025-12-08,0.12059431678160437,0.06284111273676421,True,XGBoost,False
CVNA,2026-02-06,0.052073317669170116,0.0864806616944795,False,Chronos-LoRA-V1,False
CVNA,2026-02-06,0.052073317669170116,0.0864806616944795,False,Chronos-LoRA-V2,False
CVNA,2026-02-06,0.052073317669170116,0.0864806616944795,False,Chronos-LoRA-V3,False
CVNA,2026-02-06,0.052073317669170116,0.0864806616944795,False,XGBoost,False
CVNA,2026-04-09,-0.03506389147754463,0.07957738655449229,False,Chronos-LoRA-V1,False
CVNA,2026-04-09,-0.03506389147754463,0.07957738655449229,False,Chronos-LoRA-V2,False
CVNA,2026-04-09,-0.03506389147754463,0.07957738655449229,False,Chronos-LoRA-V3,False
CVNA,2026-04-09,-0.03506389147754463,0.07957738655449229,False,XGBoost,False
CVNA,2026-06-08,0.0442037996930118,0.06864083374262568,False,Chronos-LoRA-V1,False
CVNA,2026-06-08,0.0442037996930118,0.06864083374262568,False,Chronos-LoRA-V2,False
CVNA,2026-06-08,0.0442037996930118,0.06864083374262568,False,Chronos-LoRA-V3,False
CVNA,2026-06-08,0.0442037996930118,0.06864083374262568,False,XGBoost,False
CVNA,2026-08-07,0.03672815731245249,0.08110856959946162,False,Chronos-LoRA-V1,False
CVNA,2026-08-07,0.03672815731245249,0.08110856959946162,False,Chronos-LoRA-V2,False
CVNA,2026-08-07,0.03672815731245249,0.08110856959946162,False,Chronos-LoRA-V3,False
CVNA,2026-08-07,0.03672815731245249,0.08110856959946162,False,XGBoost,False
PLUG,2011-03-14,-0.04615387549767125,0.0368250190745519,True,Chronos-LoRA-V1,True
PLUG,2011-03-14,-0.04615387549767125,0.0368250190745519,True,Chronos-LoRA-V2,True
PLUG,2011-03-14,-0.04615387549767125,0.0368250190745519,True,Chronos-LoRA-V3,True
PLUG,2011-03-14,-0.04615387549767125,0.0368250190745519,True,XGBoost,False
PLUG,2011-07-06,-0.008771921569070362,0.07954304252832375,False,Chronos-LoRA-V1,False
PLUG,2011-07-06,-0.008771921569070362,0.07954304252832375,False,Chronos-LoRA-V2,False
PLUG,2011-07-06,-0.008771921569070362,0.07954304252832375,False,Chronos-LoRA-V3,False
PLUG,2011-07-06,-0.008771921569070362,0.07954304252832375,False,XGBoost,False
PLUG,2011-10-26,-0.06451617510690377,0.09512577717624648,False,Chronos-LoRA-V1,False
PLUG,2011-10-26,-0.06451617510690377,0.09512577717624648,False,Chronos-LoRA-V2,False
PLUG,2011-10-26,-0.06451617510690377,0.09512577717624648,False,Chronos-LoRA-V3,False
PLUG,2011-10-26,-0.06451617510690377,0.09512577717624648,False,XGBoost,False
PLUG,2012-02-21,0.00865800061555344,0.08330063263340795,False,Chronos-LoRA-V1,False
PLUG,2012-02-21,0.00865800061555344,0.08330063263340795,False,Chronos-LoRA-V2,False
PLUG,2012-02-21,0.00865800061555344,0.08330063263340795,False,Chronos-LoRA-V3,False
PLUG,2012-02-21,0.00865800061555344,0.08330063263340795,False,XGBoost,False
PLUG,2012-06-13,0.008547000709448138,0.0393536018302039,False,Chronos-LoRA-V1,True
PLUG,2012-06-13,0.008547000709448138,0.0393536018302039,False,Chronos-LoRA-V2,True
PLUG,2012-06-13,0.008547000709448138,0.0393536018302039,False,Chronos-LoRA-V3,True
PLUG,2012-06-13,0.008547000709448138,0.0393536018302039,False,XGBoost,False
PLUG,2012-10-04,0.011904821881092875,0.07467608199921769,False,Chronos-LoRA-V1,False
PLUG,2012-10-04,0.011904821881092875,0.07467608199921769,False,Chronos-LoRA-V2,False
PLUG,2012-10-04,0.011904821881092875,0.07467608199921769,False,Chronos-LoRA-V3,False
PLUG,2012-10-04,0.011904821881092875,0.07467608199921769,False,XGBoost,False
PLUG,2013-01-31,-0.021739174096029212,0.12839361641582217,False,Chronos-LoRA-V1,False
PLUG,2013-01-31,-0.021739174096029212,0.12839361641582217,False,Chronos-LoRA-V2,False
PLUG,2013-01-31,-0.021739174096029212,0.12839361641582217,False,Chronos-LoRA-V3,False
PLUG,2013-01-31,-0.021739174096029212,0.12839361641582217,False,XGBoost,False
PLUG,2013-05-24,0.17857147038591115,0.27622736815165777,False,Chronos-LoRA-V1,False
PLUG,2013-05-24,0.17857147038591115,0.27622736815165777,False,Chronos-LoRA-V2,False
PLUG,2013-05-24,0.17857147038591115,0.27622736815165777,False,Chronos-LoRA-V3,False
PLUG,2013-05-24,0.17857147038591115,0.27622736815165777,False,XGBoost,False
PLUG,2013-09-17,-0.0483871463930442,0.16796416282267218,False,Chronos-LoRA-V1,False
PLUG,2013-09-17,-0.0483871463930442,0.16796416282267218,False,Chronos-LoRA-V2,False
PLUG,2013-09-17,-0.0483871463930442,0.16796416282267218,False,Chronos-LoRA-V3,False
PLUG,2013-09-17,-0.0483871463930442,0.16796416282267218,False,XGBoost,False
PLUG,2014-01-09,-0.27032971558917895,0.30208662400424713,False,Chronos-LoRA-V1,False
PLUG,2014-01-09,-0.27032971558917895,0.30208662400424713,False,Chronos-LoRA-V2,False
PLUG,2014-01-09,-0.27032971558917895,0.30208662400424713,False,Chronos-LoRA-V3,False
PLUG,2014-01-09,-0.27032971558917895,0.30208662400424713,False,XGBoost,False
PLUG,2014-05-05,-0.09777779049343538,0.09943455236461794,False,Chronos-LoRA-V1,True
PLUG,2014-05-05,-0.09777779049343538,0.09943455236461794,False,Chronos-LoRA-V2,True
PLUG,2014-05-05,-0.09777779049343538,0.09943455236461794,False,Chronos-LoRA-V3,True
PLUG,2014-05-05,-0.09777779049343538,0.09943455236461794,False,XGBoost,True
PLUG,2014-08-26,-0.04326126771715766,0.05439981229798637,False,Chronos-LoRA-V1,False
PLUG,2014-08-26,-0.04326126771715766,0.05439981229798637,False,Chronos-LoRA-V2,False
PLUG,2014-08-26,-0.04326126771715766,0.05439981229798637,False,Chronos-LoRA-V3,False
PLUG,2014-08-26,-0.04326126771715766,0.05439981229798637,False,XGBoost,False
PLUG,2014-12-17,0.07692309035889422,0.07682211100977382,True,Chronos-LoRA-V1,False
PLUG,2014-12-17,0.07692309035889422,0.07682211100977382,True,Chronos-LoRA-V2,False
PLUG,2014-12-17,0.07692309035889422,0.07682211100977382,True,Chronos-LoRA-V3,False
PLUG,2014-12-17,0.07692309035889422,0.07682211100977382,True,XGBoost,False
PLUG,2015-04-14,0.03088809450802321,0.05029478653132077,False,Chronos-LoRA-V1,False
PLUG,2015-04-14,0.03088809450802321,0.05029478653132077,False,Chronos-LoRA-V2,False
PLUG,2015-04-14,0.03088809450802321,0.05029478653132077,False,Chronos-LoRA-V3,False
PLUG,2015-04-14,0.03088809450802321,0.05029478653132077,False,XGBoost,False
PLUG,2015-08-05,0.022058802260453758,0.08197075204353814,False,Chronos-LoRA-V1,False
PLUG,2015-08-05,0.022058802260453758,0.08197075204353814,False,Chronos-LoRA-V2,False
PLUG,2015-08-05,0.022058802260453758,0.08197075204353814,False,Chronos-LoRA-V3,False
PLUG,2015-08-05,0.022058802260453758,0.08197075204353814,False,XGBoost,False
PLUG,2015-11-25,0.06701024339586703,0.13350024053662216,False,Chronos-LoRA-V1,False
PLUG,2015-11-25,0.06701024339586703,0.13350024053662216,False,Chronos-LoRA-V2,False
PLUG,2015-11-25,0.06701024339586703,0.13350024053662216,False,Chronos-LoRA-V3,False
PLUG,2015-11-25,0.06701024339586703,0.13350024053662216,False,XGBoost,False
PLUG,2016-03-22,0.004830913423070182,0.0704382496623687,False,Chronos-LoRA-V1,False
PLUG,2016-03-22,0.004830913423070182,0.0704382496623687,False,Chronos-LoRA-V2,False
PLUG,2016-03-22,0.004830913423070182,0.0704382496623687,False,Chronos-LoRA-V3,False
PLUG,2016-03-22,0.004830913423070182,0.0704382496623687,False,XGBoost,False
PLUG,2016-07-14,-0.0057471209243954435,0.05828661708544164,False,Chronos-LoRA-V1,False
PLUG,2016-07-14,-0.0057471209243954435,0.05828661708544164,False,Chronos-LoRA-V2,False
PLUG,2016-07-14,-0.0057471209243954435,0.05828661708544164,False,Chronos-LoRA-V3,False
PLUG,2016-07-14,-0.0057471209243954435,0.05828661708544164,False,XGBoost,False
PLUG,2016-11-03,0.0,0.04434201308217582,False,Chronos-LoRA-V1,False
PLUG,2016-11-03,0.0,0.04434201308217582,False,Chronos-LoRA-V2,False
PLUG,2016-11-03,0.0,0.04434201308217582,False,Chronos-LoRA-V3,False
PLUG,2016-11-03,0.0,0.04434201308217582,False,XGBoost,False
PLUG,2017-03-01,-0.009259250061012025,0.19519666258920929,False,Chronos-LoRA-V1,False
PLUG,2017-03-01,-0.009259250061012025,0.19519666258920929,False,Chronos-LoRA-V2,False
PLUG,2017-03-01,-0.009259250061012025,0.19519666258920929,False,Chronos-LoRA-V3,False
PLUG,2017-03-01,-0.009259250061012025,0.19519666258920929,False,XGBoost,False
PLUG,2017-06-22,0.02790694889215195,0.08141890799243018,False,Chronos-LoRA-V1,False
PLUG,2017-06-22,0.02790694889215195,0.08141890799243018,False,Chronos-LoRA-V2,False
PLUG,2017-06-22,0.02790694889215195,0.08141890799243018,False,Chronos-LoRA-V3,False
PLUG,2017-06-22,0.02790694889215195,0.08141890799243018,False,XGBoost,False
PLUG,2017-10-13,-0.0243902216146471,0.09920262622201537,False,Chronos-LoRA-V1,False
PLUG,2017-10-13,-0.0243902216146471,0.09920262622201537,False,Chronos-LoRA-V2,False
PLUG,2017-10-13,-0.0243902216146471,0.09920262622201537,False,Chronos-LoRA-V3,False
PLUG,2017-10-13,-0.0243902216146471,0.09920262622201537,False,XGBoost,False
PLUG,2018-02-07,0.07608694736696164,0.04783347675699684,True,Chronos-LoRA-V1,False
PLUG,2018-02-07,0.07608694736696164,0.04783347675699684,True,Chronos-LoRA-V2,False
PLUG,2018-02-07,0.07608694736696164,0.04783347675699684,True,Chronos-LoRA-V3,False
PLUG,2018-02-07,0.07608694736696164,0.04783347675699684,True,XGBoost,False
PLUG,2018-06-01,0.010695176938777973,0.07618656708670185,False,Chronos-LoRA-V1,False
PLUG,2018-06-01,0.010695176938777973,0.07618656708670185,False,Chronos-LoRA-V2,False
PLUG,2018-06-01,0.010695176938777973,0.07618656708670185,False,Chronos-LoRA-V3,False
PLUG,2018-06-01,0.010695176938777973,0.07618656708670185,False,XGBoost,False
PLUG,2018-09-24,-0.01052630588288439,0.05276537264915838,False,Chronos-LoRA-V1,False
PLUG,2018-09-24,-0.01052630588288439,0.05276537264915838,False,Chronos-LoRA-V2,False
PLUG,2018-09-24,-0.01052630588288439,0.05276537264915838,False,Chronos-LoRA-V3,False
PLUG,2018-09-24,-0.01052630588288439,0.05276537264915838,False,XGBoost,False
PLUG,2019-01-18,-0.014285700905079524,0.17437060296941606,False,Chronos-LoRA-V1,False
PLUG,2019-01-18,-0.014285700905079524,0.17437060296941606,False,Chronos-LoRA-V2,False
PLUG,2019-01-18,-0.014285700905079524,0.17437060296941606,False,Chronos-LoRA-V3,False
PLUG,2019-01-18,-0.014285700905079524,0.17437060296941606,False,XGBoost,False
PLUG,2019-05-14,0.02242150308907087,0.04956623138686814,False,Chronos-LoRA-V1,False
PLUG,2019-05-14,0.02242150308907087,0.04956623138686814,False,Chronos-LoRA-V2,False
PLUG,2019-05-14,0.02242150308907087,0.04956623138686814,False,Chronos-LoRA-V3,False
PLUG,2019-05-14,0.02242150308907087,0.04956623138686814,False,XGBoost,False
PLUG,2019-09-05,0.009302316297383761,0.050667147631876845,False,Chronos-LoRA-V1,False
PLUG,2019-09-05,0.009302316297383761,0.050667147631876845,False,Chronos-LoRA-V2,False
PLUG,2019-09-05,0.009302316297383761,0.050667147631876845,False,Chronos-LoRA-V3,False
PLUG,2019-09-05,0.009302316297383761,0.050667147631876845,False,XGBoost,False
PLUG,2019-12-27,-0.022222276045109846,0.08067048477966032,False,Chronos-LoRA-V1,False
PLUG,2019-12-27,-0.022222276045109846,0.08067048477966032,False,Chronos-LoRA-V2,False
PLUG,2019-12-27,-0.022222276045109846,0.08067048477966032,False,Chronos-LoRA-V3,False
PLUG,2019-12-27,-0.022222276045109846,0.08067048477966032,False,XGBoost,False
PLUG,2020-04-22,0.026066383645343416,0.0944113411095105,False,Chronos-LoRA-V1,False
PLUG,2020-04-22,0.026066383645343416,0.0944113411095105,False,Chronos-LoRA-V2,False
PLUG,2020-04-22,0.026066383645343416,0.0944113411095105,False,Chronos-LoRA-V3,False
PLUG,2020-04-22,0.026066383645343416,0.0944113411095105,False,XGBoost,False
PLUG,2020-08-13,0.0686735215782941,0.13133527841391446,False,Chronos-LoRA-V1,False
PLUG,2020-08-13,0.0686735215782941,0.13133527841391446,False,Chronos-LoRA-V2,False
PLUG,2020-08-13,0.0686735215782941,0.13133527841391446,False,Chronos-LoRA-V3,False
PLUG,2020-08-13,0.0686735215782941,0.13133527841391446,False,XGBoost,False
PLUG,2020-12-04,0.041928720503373595,0.11967815777726291,False,Chronos-LoRA-V1,False
PLUG,2020-12-04,0.041928720503373595,0.11967815777726291,False,Chronos-LoRA-V2,False
PLUG,2020-12-04,0.041928720503373595,0.11967815777726291,False,Chronos-LoRA-V3,False
PLUG,2020-12-04,0.041928720503373595,0.11967815777726291,False,XGBoost,False
PLUG,2021-03-31,0.05287894208720423,0.14359577848365523,False,Chronos-LoRA-V1,False
PLUG,2021-03-31,0.05287894208720423,0.14359577848365523,False,Chronos-LoRA-V2,False
PLUG,2021-03-31,0.05287894208720423,0.14359577848365523,False,Chronos-LoRA-V3,False
PLUG,2021-03-31,0.05287894208720423,0.14359577848365523,False,XGBoost,False
PLUG,2021-07-23,-0.019026727377068897,0.06805441347698608,False,Chronos-LoRA-V1,False
PLUG,2021-07-23,-0.019026727377068897,0.06805441347698608,False,Chronos-LoRA-V2,False
PLUG,2021-07-23,-0.019026727377068897,0.06805441347698608,False,Chronos-LoRA-V3,False
PLUG,2021-07-23,-0.019026727377068897,0.06805441347698608,False,XGBoost,False
PLUG,2021-11-12,-0.006906060003328052,0.08362622497388962,False,Chronos-LoRA-V1,False
PLUG,2021-11-12,-0.006906060003328052,0.08362622497388962,False,Chronos-LoRA-V2,False
PLUG,2021-11-12,-0.006906060003328052,0.08362622497388962,False,Chronos-LoRA-V3,False
PLUG,2021-11-12,-0.006906060003328052,0.08362622497388962,False,XGBoost,False
PLUG,2022-03-09,0.0238467792091841,0.1173591333721997,False,Chronos-LoRA-V1,False
PLUG,2022-03-09,0.0238467792091841,0.1173591333721997,False,Chronos-LoRA-V2,False
PLUG,2022-03-09,0.0238467792091841,0.1173591333721997,False,Chronos-LoRA-V3,False
PLUG,2022-03-09,0.0238467792091841,0.1173591333721997,False,XGBoost,False
PLUG,2022-07-01,0.036813555919503305,0.11122472734617567,False,Chronos-LoRA-V1,False
PLUG,2022-07-01,0.036813555919503305,0.11122472734617567,False,Chronos-LoRA-V2,False
PLUG,2022-07-01,0.036813555919503305,0.11122472734617567,False,Chronos-LoRA-V3,False
PLUG,2022-07-01,0.036813555919503305,0.11122472734617567,False,XGBoost,False
PLUG,2022-10-24,-0.04608855302793624,0.0914479577595835,False,Chronos-LoRA-V1,False
PLUG,2022-10-24,-0.04608855302793624,0.0914479577595835,False,Chronos-LoRA-V2,False
PLUG,2022-10-24,-0.04608855302793624,0.0914479577595835,False,Chronos-LoRA-V3,False
PLUG,2022-10-24,-0.04608855302793624,0.0914479577595835,False,XGBoost,False
PLUG,2023-02-16,-0.055456188419198194,0.0947989589405166,False,Chronos-LoRA-V1,False
PLUG,2023-02-16,-0.055456188419198194,0.0947989589405166,False,Chronos-LoRA-V2,False
PLUG,2023-02-16,-0.055456188419198194,0.0947989589405166,False,Chronos-LoRA-V3,False
PLUG,2023-02-16,-0.055456188419198194,0.0947989589405166,False,XGBoost,False
PLUG,2023-06-12,0.13086148301866962,0.10378408586455858,True,Chronos-LoRA-V1,False
PLUG,2023-06-12,0.13086148301866962,0.10378408586455858,True,Chronos-LoRA-V2,False
PLUG,2023-06-12,0.13086148301866962,0.10378408586455858,True,Chronos-LoRA-V3,False
PLUG,2023-06-12,0.13086148301866962,0.10378408586455858,True,XGBoost,False
PLUG,2023-10-04,0.0,0.07229778078032,False,Chronos-LoRA-V1,False
PLUG,2023-10-04,0.0,0.07229778078032,False,Chronos-LoRA-V2,False
PLUG,2023-10-04,0.0,0.07229778078032,False,Chronos-LoRA-V3,False
PLUG,2023-10-04,0.0,0.07229778078032,False,XGBoost,False
PLUG,2024-01-29,0.11470583986658633,0.18907392705970144,False,Chronos-LoRA-V1,False
PLUG,2024-01-29,0.11470583986658633,0.18907392705970144,False,Chronos-LoRA-V2,False
PLUG,2024-01-29,0.11470583986658633,0.18907392705970144,False,Chronos-LoRA-V3,False
PLUG,2024-01-29,0.11470583986658633,0.18907392705970144,False,XGBoost,False
PLUG,2024-05-21,-0.03750003818422498,0.14245905123923722,False,Chronos-LoRA-V1,False
PLUG,2024-05-21,-0.03750003818422498,0.14245905123923722,False,Chronos-LoRA-V2,False
PLUG,2024-05-21,-0.03750003818422498,0.14245905123923722,False,Chronos-LoRA-V3,False
PLUG,2024-05-21,-0.03750003818422498,0.14245905123923722,False,XGBoost,False
PLUG,2024-09-13,0.010309268214748979,0.09662461168141326,False,Chronos-LoRA-V1,False
PLUG,2024-09-13,0.010309268214748979,0.09662461168141326,False,Chronos-LoRA-V2,False
PLUG,2024-09-13,0.010309268214748979,0.09662461168141326,False,Chronos-LoRA-V3,False
PLUG,2024-09-13,0.010309268214748979,0.09662461168141326,False,XGBoost,False
PLUG,2025-01-07,-0.06349207670750479,0.1545443518288309,False,Chronos-LoRA-V1,False
PLUG,2025-01-07,-0.06349207670750479,0.1545443518288309,False,Chronos-LoRA-V2,False
PLUG,2025-01-07,-0.06349207670750479,0.1545443518288309,False,Chronos-LoRA-V3,False
PLUG,2025-01-07,-0.06349207670750479,0.1545443518288309,False,XGBoost,False
PLUG,2025-05-02,-0.01176476445577379,0.17557283466677526,False,Chronos-LoRA-V1,False
PLUG,2025-05-02,-0.01176476445577379,0.17557283466677526,False,Chronos-LoRA-V2,False
PLUG,2025-05-02,-0.01176476445577379,0.17557283466677526,False,Chronos-LoRA-V3,False
PLUG,2025-05-02,-0.01176476445577379,0.17557283466677526,False,XGBoost,False
PLUG,2025-08-26,-0.01197603679070025,0.0991714023977059,False,Chronos-LoRA-V1,False
PLUG,2025-08-26,-0.01197603679070025,0.0991714023977059,False,Chronos-LoRA-V2,False
PLUG,2025-08-26,-0.01197603679070025,0.0991714023977059,False,Chronos-LoRA-V3,False
PLUG,2025-08-26,-0.01197603679070025,0.0991714023977059,False,XGBoost,False
PLUG,2025-12-17,-0.05676850575890213,0.0883996522704485,False,Chronos-LoRA-V1,False
PLUG,2025-12-17,-0.05676850575890213,0.0883996522704485,False,Chronos-LoRA-V2,False
PLUG,2025-12-17,-0.05676850575890213,0.0883996522704485,False,Chronos-LoRA-V3,False
PLUG,2025-12-17,-0.05676850575890213,0.0883996522704485,False,XGBoost,False
PLUG,2026-04-14,0.06137186912076564,0.08980637466943688,False,Chronos-LoRA-V1,False
PLUG,2026-04-14,0.06137186912076564,0.08980637466943688,False,Chronos-LoRA-V2,False
PLUG,2026-04-14,0.06137186912076564,0.08980637466943688,False,Chronos-LoRA-V3,False
PLUG,2026-04-14,0.06137186912076564,0.08980637466943688,False,XGBoost,False
PLUG,2026-08-07,0.053140162831832205,0.08105571959581954,False,Chronos-LoRA-V1,False
PLUG,2026-08-07,0.053140162831832205,0.08105571959581954,False,Chronos-LoRA-V2,False
PLUG,2026-08-07,0.053140162831832205,0.08105571959581954,False,Chronos-LoRA-V3,False
PLUG,2026-08-07,0.053140162831832205,0.08105571959581954,False,XGBoost,False
RKLB,2022-02-03,-0.041401309996187186,0.09142644484302015,False,Chronos-LoRA-V1,False
RKLB,2022-02-03,-0.041401309996187186,0.09142644484302015,False,Chronos-LoRA-V2,False
RKLB,2022-02-03,-0.041401309996187186,0.09142644484302015,False,Chronos-LoRA-V3,False
RKLB,2022-02-03,-0.041401309996187186,0.09142644484302015,False,XGBoost,False
RKLB,2022-03-09,0.03760278333932132,0.10785585988003792,False,Chronos-LoRA-V1,False
RKLB,2022-03-09,0.03760278333932132,0.10785585988003792,False,Chronos-LoRA-V2,False
RKLB,2022-03-09,0.03760278333932132,0.10785585988003792,False,Chronos-LoRA-V3,False
RKLB,2022-03-09,0.03760278333932132,0.10785585988003792,False,XGBoost,False
RKLB,2022-04-11,0.0038461195176413554,0.08719603572369572,False,Chronos-LoRA-V1,False
RKLB,2022-04-11,0.0038461195176413554,0.08719603572369572,False,Chronos-LoRA-V2,False
RKLB,2022-04-11,0.0038461195176413554,0.08719603572369572,False,Chronos-LoRA-V3,False
RKLB,2022-04-11,0.0038461195176413554,0.08719603572369572,False,XGBoost,False
RKLB,2022-05-13,0.12909442560830509,0.08589070760366267,True,Chronos-LoRA-V1,False
RKLB,2022-05-13,0.12909442560830509,0.08589070760366267,True,Chronos-LoRA-V2,False
RKLB,2022-05-13,0.12909442560830509,0.08589070760366267,True,Chronos-LoRA-V3,False
RKLB,2022-05-13,0.12909442560830509,0.08589070760366267,True,XGBoost,False
RKLB,2022-06-16,-0.04387992160929133,0.11287556987040107,False,Chronos-LoRA-V1,False
RKLB,2022-06-16,-0.04387992160929133,0.11287556987040107,False,Chronos-LoRA-V2,False
RKLB,2022-06-16,-0.04387992160929133,0.11287556987040107,False,Chronos-LoRA-V3,False
RKLB,2022-06-16,-0.04387992160929133,0.11287556987040107,False,XGBoost,False
RKLB,2022-07-21,-0.0022882728390274387,0.06664785878237954,False,Chronos-LoRA-V1,False
RKLB,2022-07-21,-0.0022882728390274387,0.06664785878237954,False,Chronos-LoRA-V2,False
RKLB,2022-07-21,-0.0022882728390274387,0.06664785878237954,False,Chronos-LoRA-V3,False
RKLB,2022-07-21,-0.0022882728390274387,0.06664785878237954,False,XGBoost,False
RKLB,2022-08-23,-0.02550088749039814,0.12951042318820605,False,Chronos-LoRA-V1,False
RKLB,2022-08-23,-0.02550088749039814,0.12951042318820605,False,Chronos-LoRA-V2,False
RKLB,2022-08-23,-0.02550088749039814,0.12951042318820605,False,Chronos-LoRA-V3,False
RKLB,2022-08-23,-0.02550088749039814,0.12951042318820605,False,XGBoost,False
RKLB,2022-09-26,0.026699062274240237,0.09234872130363772,False,Chronos-LoRA-V1,False
RKLB,2022-09-26,0.026699062274240237,0.09234872130363772,False,Chronos-LoRA-V2,False
RKLB,2022-09-26,0.026699062274240237,0.09234872130363772,False,Chronos-LoRA-V3,False
RKLB,2022-09-26,0.026699062274240237,0.09234872130363772,False,XGBoost,False
RKLB,2022-10-27,0.021321941026122948,0.08564151856692966,False,Chronos-LoRA-V1,False
RKLB,2022-10-27,0.021321941026122948,0.08564151856692966,False,Chronos-LoRA-V2,False
RKLB,2022-10-27,0.021321941026122948,0.08564151856692966,False,Chronos-LoRA-V3,False
RKLB,2022-10-27,0.021321941026122948,0.08564151856692966,False,XGBoost,False
RKLB,2022-11-30,0.05808081233784823,0.10762679012816868,False,Chronos-LoRA-V1,False
RKLB,2022-11-30,0.05808081233784823,0.10762679012816868,False,Chronos-LoRA-V2,False
RKLB,2022-11-30,0.05808081233784823,0.10762679012816868,False,Chronos-LoRA-V3,False
RKLB,2022-11-30,0.05808081233784823,0.10762679012816868,False,XGBoost,False
RKLB,2023-01-04,0.043927669592007224,0.05284368248189258,False,Chronos-LoRA-V1,False
RKLB,2023-01-04,0.043927669592007224,0.05284368248189258,False,Chronos-LoRA-V2,False
RKLB,2023-01-04,0.043927669592007224,0.05284368248189258,False,Chronos-LoRA-V3,False
RKLB,2023-01-04,0.043927669592007224,0.05284368248189258,False,XGBoost,False
RKLB,2023-02-07,-0.004065036710645509,0.08712872082946876,False,Chronos-LoRA-V1,False
RKLB,2023-02-07,-0.004065036710645509,0.08712872082946876,False,Chronos-LoRA-V2,False
RKLB,2023-02-07,-0.004065036710645509,0.08712872082946876,False,Chronos-LoRA-V3,False
RKLB,2023-02-07,-0.004065036710645509,0.08712872082946876,False,XGBoost,False
RKLB,2023-03-13,0.007672626785478975,0.0764951181429714,False,Chronos-LoRA-V1,False
RKLB,2023-03-13,0.007672626785478975,0.0764951181429714,False,Chronos-LoRA-V2,False
RKLB,2023-03-13,0.007672626785478975,0.0764951181429714,False,Chronos-LoRA-V3,False
RKLB,2023-03-13,0.007672626785478975,0.0764951181429714,False,XGBoost,False
RKLB,2023-04-14,-0.02189784663362837,0.055251493741913744,False,Chronos-LoRA-V1,False
RKLB,2023-04-14,-0.02189784663362837,0.055251493741913744,False,Chronos-LoRA-V2,False
RKLB,2023-04-14,-0.02189784663362837,0.055251493741913744,False,Chronos-LoRA-V3,False
RKLB,2023-04-14,-0.02189784663362837,0.055251493741913744,False,XGBoost,False
RKLB,2023-05-17,0.051401817618486056,0.04855861034677461,True,Chronos-LoRA-V1,False
RKLB,2023-05-17,0.051401817618486056,0.04855861034677461,True,Chronos-LoRA-V2,False
RKLB,2023-05-17,0.051401817618486056,0.04855861034677461,True,Chronos-LoRA-V3,False
RKLB,2023-05-17,0.051401817618486056,0.04855861034677461,True,XGBoost,False
RKLB,2023-06-21,0.015490559978359242,0.08578705520213575,False,Chronos-LoRA-V1,False
RKLB,2023-06-21,0.015490559978359242,0.08578705520213575,False,Chronos-LoRA-V2,False
RKLB,2023-06-21,0.015490559978359242,0.08578705520213575,False,Chronos-LoRA-V3,False
RKLB,2023-06-21,0.015490559978359242,0.08578705520213575,False,XGBoost,False
RKLB,2023-07-25,0.031123142520822045,0.10032719102458439,False,Chronos-LoRA-V1,False
RKLB,2023-07-25,0.031123142520822045,0.10032719102458439,False,Chronos-LoRA-V2,False
RKLB,2023-07-25,0.031123142520822045,0.10032719102458439,False,Chronos-LoRA-V3,False
RKLB,2023-07-25,0.031123142520822045,0.10032719102458439,False,XGBoost,False
RKLB,2023-08-28,0.02417959713436524,0.060430904164795345,False,Chronos-LoRA-V1,False
RKLB,2023-08-28,0.02417959713436524,0.060430904164795345,False,Chronos-LoRA-V2,False
RKLB,2023-08-28,0.02417959713436524,0.060430904164795345,False,Chronos-LoRA-V3,False
RKLB,2023-08-28,0.02417959713436524,0.060430904164795345,False,XGBoost,False
RKLB,2023-09-29,0.009216580748085068,0.06855681627677682,False,Chronos-LoRA-V1,False
RKLB,2023-09-29,0.009216580748085068,0.06855681627677682,False,Chronos-LoRA-V2,False
RKLB,2023-09-29,0.009216580748085068,0.06855681627677682,False,Chronos-LoRA-V3,False
RKLB,2023-09-29,0.009216580748085068,0.06855681627677682,False,XGBoost,False
RKLB,2023-11-01,0.0023640075649142833,0.06841385694251378,False,Chronos-LoRA-V1,False
RKLB,2023-11-01,0.0023640075649142833,0.06841385694251378,False,Chronos-LoRA-V2,False
RKLB,2023-11-01,0.0023640075649142833,0.06841385694251378,False,Chronos-LoRA-V3,False
RKLB,2023-11-01,0.0023640075649142833,0.06841385694251378,False,XGBoost,False
RKLB,2023-12-05,-0.028384304935910154,0.05209398889366413,False,Chronos-LoRA-V1,False
RKLB,2023-12-05,-0.028384304935910154,0.05209398889366413,False,Chronos-LoRA-V2,False
RKLB,2023-12-05,-0.028384304935910154,0.05209398889366413,False,Chronos-LoRA-V3,False
RKLB,2023-12-05,-0.028384304935910154,0.05209398889366413,False,XGBoost,False
RKLB,2024-01-09,-0.018018086132081,0.13754290568208488,False,Chronos-LoRA-V1,False
RKLB,2024-01-09,-0.018018086132081,0.13754290568208488,False,Chronos-LoRA-V2,False
RKLB,2024-01-09,-0.018018086132081,0.13754290568208488,False,Chronos-LoRA-V3,False
RKLB,2024-01-09,-0.018018086132081,0.13754290568208488,False,XGBoost,False
RKLB,2024-02-12,0.08755751710680704,0.09184656418043356,False,Chronos-LoRA-V1,False
RKLB,2024-02-12,0.08755751710680704,0.09184656418043356,False,Chronos-LoRA-V2,False
RKLB,2024-02-12,0.08755751710680704,0.09184656418043356,False,Chronos-LoRA-V3,False
RKLB,2024-02-12,0.08755751710680704,0.09184656418043356,False,XGBoost,False
RKLB,2024-03-15,-0.011990453194260065,0.051054071424843535,False,Chronos-LoRA-V1,False
RKLB,2024-03-15,-0.011990453194260065,0.051054071424843535,False,Chronos-LoRA-V2,False
RKLB,2024-03-15,-0.011990453194260065,0.051054071424843535,False,Chronos-LoRA-V3,False
RKLB,2024-03-15,-0.011990453194260065,0.051054071424843535,False,XGBoost,False
RKLB,2024-04-18,-0.005602235658404231,0.04525771212784048,False,Chronos-LoRA-V1,False
RKLB,2024-04-18,-0.005602235658404231,0.04525771212784048,False,Chronos-LoRA-V2,False
RKLB,2024-04-18,-0.005602235658404231,0.04525771212784048,False,Chronos-LoRA-V3,False
RKLB,2024-04-18,-0.005602235658404231,0.04525771212784048,False,XGBoost,False
RKLB,2024-05-21,0.013636350336153846,0.06354993046845174,False,Chronos-LoRA-V1,False
RKLB,2024-05-21,0.013636350336153846,0.06354993046845174,False,Chronos-LoRA-V2,False
RKLB,2024-05-21,0.013636350336153846,0.06354993046845174,False,Chronos-LoRA-V3,False
RKLB,2024-05-21,0.013636350336153846,0.06354993046845174,False,XGBoost,False
RKLB,2024-06-25,-0.01863357225869966,0.07968221561553063,False,Chronos-LoRA-V1,False
RKLB,2024-06-25,-0.01863357225869966,0.07968221561553063,False,Chronos-LoRA-V2,False
RKLB,2024-06-25,-0.01863357225869966,0.07968221561553063,False,Chronos-LoRA-V3,False
RKLB,2024-06-25,-0.01863357225869966,0.07968221561553063,False,XGBoost,False
RKLB,2024-07-29,-0.014814800424667651,0.060915289938231004,False,Chronos-LoRA-V1,False
RKLB,2024-07-29,-0.014814800424667651,0.060915289938231004,False,Chronos-LoRA-V2,False
RKLB,2024-07-29,-0.014814800424667651,0.060915289938231004,False,Chronos-LoRA-V3,False
RKLB,2024-07-29,-0.014814800424667651,0.060915289938231004,False,XGBoost,False
RKLB,2024-08-29,0.022988483247591285,0.13122094548871951,False,Chronos-LoRA-V1,False
RKLB,2024-08-29,0.022988483247591285,0.13122094548871951,False,Chronos-LoRA-V2,False
RKLB,2024-08-29,0.022988483247591285,0.13122094548871951,False,Chronos-LoRA-V3,False
RKLB,2024-08-29,0.022988483247591285,0.13122094548871951,False,XGBoost,False
RKLB,2024-10-02,0.05200439000177304,0.10702808508307485,False,Chronos-LoRA-V1,False
RKLB,2024-10-02,0.05200439000177304,0.10702808508307485,False,Chronos-LoRA-V2,False
RKLB,2024-10-02,0.05200439000177304,0.10702808508307485,False,Chronos-LoRA-V3,False
RKLB,2024-10-02,0.05200439000177304,0.10702808508307485,False,XGBoost,False
RKLB,2024-11-04,-0.014886171204747667,0.07884596489911076,False,Chronos-LoRA-V1,False
RKLB,2024-11-04,-0.014886171204747667,0.07884596489911076,False,Chronos-LoRA-V2,False
RKLB,2024-11-04,-0.014886171204747667,0.07884596489911076,False,Chronos-LoRA-V3,False
RKLB,2024-11-04,-0.014886171204747667,0.07884596489911076,False,XGBoost,False
RKLB,2024-12-06,0.03177258471813471,0.1630692630563698,False,Chronos-LoRA-V1,False
RKLB,2024-12-06,0.03177258471813471,0.1630692630563698,False,Chronos-LoRA-V2,False
RKLB,2024-12-06,0.03177258471813471,0.1630692630563698,False,Chronos-LoRA-V3,False
RKLB,2024-12-06,0.03177258471813471,0.1630692630563698,False,XGBoost,False
RKLB,2025-01-13,-0.11148272081051336,0.12023302012137906,False,Chronos-LoRA-V1,False
RKLB,2025-01-13,-0.11148272081051336,0.12023302012137906,False,Chronos-LoRA-V2,False
RKLB,2025-01-13,-0.11148272081051336,0.12023302012137906,False,Chronos-LoRA-V3,False
RKLB,2025-01-13,-0.11148272081051336,0.12023302012137906,False,XGBoost,False
RKLB,2025-02-18,-0.009992886583552019,0.16126461969425637,False,Chronos-LoRA-V1,False
RKLB,2025-02-18,-0.009992886583552019,0.16126461969425637,False,Chronos-LoRA-V2,False
RKLB,2025-02-18,-0.009992886583552019,0.16126461969425637,False,Chronos-LoRA-V3,False
RKLB,2025-02-18,-0.009992886583552019,0.16126461969425637,False,XGBoost,False
RKLB,2025-03-21,0.022126272650793588,0.11724571104761372,False,Chronos-LoRA-V1,False
RKLB,2025-03-21,0.022126272650793588,0.11724571104761372,False,Chronos-LoRA-V2,False
RKLB,2025-03-21,0.022126272650793588,0.11724571104761372,False,Chronos-LoRA-V3,False
RKLB,2025-03-21,0.022126272650793588,0.11724571104761372,False,XGBoost,False
RKLB,2025-04-24,0.07836363595343543,0.13905328398207098,False,Chronos-LoRA-V1,False
RKLB,2025-04-24,0.07836363595343543,0.13905328398207098,False,Chronos-LoRA-V2,False
RKLB,2025-04-24,0.07836363595343543,0.13905328398207098,False,Chronos-LoRA-V3,False
RKLB,2025-04-24,0.07836363595343543,0.13905328398207098,False,XGBoost,False
RKLB,2025-05-28,0.005910990088352719,0.1008765449762346,False,Chronos-LoRA-V1,False
RKLB,2025-05-28,0.005910990088352719,0.1008765449762346,False,Chronos-LoRA-V2,False
RKLB,2025-05-28,0.005910990088352719,0.1008765449762346,False,Chronos-LoRA-V3,False
RKLB,2025-05-28,0.005910990088352719,0.1008765449762346,False,XGBoost,False
RKLB,2025-07-01,-0.04025715986247469,0.10228826245649657,False,Chronos-LoRA-V1,False
RKLB,2025-07-01,-0.04025715986247469,0.10228826245649657,False,Chronos-LoRA-V2,False
RKLB,2025-07-01,-0.04025715986247469,0.10228826245649657,False,Chronos-LoRA-V3,False
RKLB,2025-07-01,-0.04025715986247469,0.10228826245649657,False,XGBoost,False
RKLB,2025-08-04,-0.006025450780829611,0.09793970496002338,False,Chronos-LoRA-V1,False
RKLB,2025-08-04,-0.006025450780829611,0.09793970496002338,False,Chronos-LoRA-V2,False
RKLB,2025-08-04,-0.006025450780829611,0.09793970496002338,False,Chronos-LoRA-V3,False
RKLB,2025-08-04,-0.006025450780829611,0.09793970496002338,False,XGBoost,False
RKLB,2025-09-05,0.06629444900786363,0.08924011388383325,False,Chronos-LoRA-V1,False
RKLB,2025-09-05,0.06629444900786363,0.08924011388383325,False,Chronos-LoRA-V2,False
RKLB,2025-09-05,0.06629444900786363,0.08924011388383325,False,Chronos-LoRA-V3,False
RKLB,2025-09-05,0.06629444900786363,0.08924011388383325,False,XGBoost,False
RKLB,2025-10-08,0.06177856187211539,0.1104687661387328,False,Chronos-LoRA-V1,False
RKLB,2025-10-08,0.06177856187211539,0.1104687661387328,False,Chronos-LoRA-V2,False
RKLB,2025-10-08,0.06177856187211539,0.1104687661387328,False,Chronos-LoRA-V3,False
RKLB,2025-10-08,0.06177856187211539,0.1104687661387328,False,XGBoost,False
RKLB,2025-11-10,0.005034898127488807,0.0959406105650685,False,Chronos-LoRA-V1,False
RKLB,2025-11-10,0.005034898127488807,0.0959406105650685,False,Chronos-LoRA-V2,False
RKLB,2025-11-10,0.005034898127488807,0.0959406105650685,False,Chronos-LoRA-V3,False
RKLB,2025-11-10,0.005034898127488807,0.0959406105650685,False,XGBoost,False
RKLB,2025-12-12,-0.03211076877109709,0.11244847514349417,False,Chronos-LoRA-V1,False
RKLB,2025-12-12,-0.03211076877109709,0.11244847514349417,False,Chronos-LoRA-V2,False
RKLB,2025-12-12,-0.03211076877109709,0.11244847514349417,False,Chronos-LoRA-V3,False
RKLB,2025-12-12,-0.03211076877109709,0.11244847514349417,False,XGBoost,False
RKLB,2026-01-16,0.06104011442410262,0.1237317535275086,False,Chronos-LoRA-V1,False
RKLB,2026-01-16,0.06104011442410262,0.1237317535275086,False,Chronos-LoRA-V2,False
RKLB,2026-01-16,0.06104011442410262,0.1237317535275086,False,Chronos-LoRA-V3,False
RKLB,2026-01-16,0.06104011442410262,0.1237317535275086,False,XGBoost,False
RKLB,2026-02-20,-0.07469314552018658,0.12811432559832978,False,Chronos-LoRA-V1,False
RKLB,2026-02-20,-0.07469314552018658,0.12811432559832978,False,Chronos-LoRA-V2,False
RKLB,2026-02-20,-0.07469314552018658,0.12811432559832978,False,Chronos-LoRA-V3,False
RKLB,2026-02-20,-0.07469314552018658,0.12811432559832978,False,XGBoost,False
RKLB,2026-03-25,0.10307246238911705,0.09620362188706663,True,Chronos-LoRA-V1,False
RKLB,2026-03-25,0.10307246238911705,0.09620362188706663,True,Chronos-LoRA-V2,False
RKLB,2026-03-25,0.10307246238911705,0.09620362188706663,True,Chronos-LoRA-V3,False
RKLB,2026-03-25,0.10307246238911705,0.09620362188706663,True,XGBoost,False
RKLB,2026-04-28,-0.044962991086059945,0.10260376756159975,False,Chronos-LoRA-V1,False
RKLB,2026-04-28,-0.044962991086059945,0.10260376756159975,False,Chronos-LoRA-V2,False
RKLB,2026-04-28,-0.044962991086059945,0.10260376756159975,False,Chronos-LoRA-V3,False
RKLB,2026-04-28,-0.044962991086059945,0.10260376756159975,False,XGBoost,False
RKLB,2026-06-01,-0.1469891062579861,0.18275712365966865,False,Chronos-LoRA-V1,False
RKLB,2026-06-01,-0.1469891062579861,0.18275712365966865,False,Chronos-LoRA-V2,False
RKLB,2026-06-01,-0.1469891062579861,0.18275712365966865,False,Chronos-LoRA-V3,False
RKLB,2026-06-01,-0.1469891062579861,0.18275712365966865,False,XGBoost,False
RKLB,2026-07-06,-0.07336256035981947,0.13755934146665946,False,Chronos-LoRA-V1,False
RKLB,2026-07-06,-0.07336256035981947,0.13755934146665946,False,Chronos-LoRA-V2,False
RKLB,2026-07-06,-0.07336256035981947,0.13755934146665946,False,Chronos-LoRA-V3,False
RKLB,2026-07-06,-0.07336256035981947,0.13755934146665946,False,XGBoost,False
RKLB,2026-08-07,0.09462143300338832,0.11419302119226235,False,Chronos-LoRA-V1,False
RKLB,2026-08-07,0.09462143300338832,0.11419302119226235,False,Chronos-LoRA-V2,False
RKLB,2026-08-07,0.09462143300338832,0.11419302119226235,False,Chronos-LoRA-V3,False
RKLB,2026-08-07,0.09462143300338832,0.11419302119226235,False,XGBoost,False
IONQ,2022-03-14,-0.0746147673955071,0.1293993848544868,False,Chronos-LoRA-V1,False
IONQ,2022-03-14,-0.0746147673955071,0.1293993848544868,False,Chronos-LoRA-V2,False
IONQ,2022-03-14,-0.0746147673955071,0.1293993848544868,False,Chronos-LoRA-V3,False
IONQ,2022-03-14,-0.0746147673955071,0.1293993848544868,False,XGBoost,False
IONQ,2022-04-13,0.03457689921337059,0.0928169758111837,False,Chronos-LoRA-V1,False
IONQ,2022-04-13,0.03457689921337059,0.0928169758111837,False,Chronos-LoRA-V2,False
IONQ,2022-04-13,0.03457689921337059,0.0928169758111837,False,Chronos-LoRA-V3,False
IONQ,2022-04-13,0.03457689921337059,0.0928169758111837,False,XGBoost,False
IONQ,2022-05-17,0.17489709491384509,0.14660302858369983,True,Chronos-LoRA-V1,False
IONQ,2022-05-17,0.17489709491384509,0.14660302858369983,True,Chronos-LoRA-V2,False
IONQ,2022-05-17,0.17489709491384509,0.14660302858369983,True,Chronos-LoRA-V3,False
IONQ,2022-05-17,0.17489709491384509,0.14660302858369983,True,XGBoost,False
IONQ,2022-06-17,0.05882347048478298,0.1195457349864154,False,Chronos-LoRA-V1,False
IONQ,2022-06-17,0.05882347048478298,0.1195457349864154,False,Chronos-LoRA-V2,False
IONQ,2022-06-17,0.05882347048478298,0.1195457349864154,False,Chronos-LoRA-V3,False
IONQ,2022-06-17,0.05882347048478298,0.1195457349864154,False,XGBoost,False
IONQ,2022-07-22,-0.07224336462086012,0.0878001324928163,False,Chronos-LoRA-V1,False
IONQ,2022-07-22,-0.07224336462086012,0.0878001324928163,False,Chronos-LoRA-V2,False
IONQ,2022-07-22,-0.07224336462086012,0.0878001324928163,False,Chronos-LoRA-V3,False
IONQ,2022-07-22,-0.07224336462086012,0.0878001324928163,False,XGBoost,False
IONQ,2022-08-23,0.0015575937579195287,0.18432341375518824,False,Chronos-LoRA-V1,False
IONQ,2022-08-23,0.0015575937579195287,0.18432341375518824,False,Chronos-LoRA-V2,False
IONQ,2022-08-23,0.0015575937579195287,0.18432341375518824,False,Chronos-LoRA-V3,False
IONQ,2022-08-23,0.0015575937579195287,0.18432341375518824,False,XGBoost,False
IONQ,2022-09-26,0.004192868135531658,0.08219957744901515,False,Chronos-LoRA-V1,False
IONQ,2022-09-26,0.004192868135531658,0.08219957744901515,False,Chronos-LoRA-V2,False
IONQ,2022-09-26,0.004192868135531658,0.08219957744901515,False,Chronos-LoRA-V3,False
IONQ,2022-09-26,0.004192868135531658,0.08219957744901515,False,XGBoost,False
IONQ,2022-10-26,0.02407409484167289,0.09759116225919809,False,Chronos-LoRA-V1,False
IONQ,2022-10-26,0.02407409484167289,0.09759116225919809,False,Chronos-LoRA-V2,False
IONQ,2022-10-26,0.02407409484167289,0.09759116225919809,False,Chronos-LoRA-V3,False
IONQ,2022-10-26,0.02407409484167289,0.09759116225919809,False,XGBoost,False
IONQ,2022-11-29,-0.02226723324701685,0.12566210323411275,False,Chronos-LoRA-V1,False
IONQ,2022-11-29,-0.02226723324701685,0.12566210323411275,False,Chronos-LoRA-V2,False
IONQ,2022-11-29,-0.02226723324701685,0.12566210323411275,False,Chronos-LoRA-V3,False
IONQ,2022-11-29,-0.02226723324701685,0.12566210323411275,False,XGBoost,False
IONQ,2022-12-30,-0.02542370484156764,0.0992077101334063,False,Chronos-LoRA-V1,False
IONQ,2022-12-30,-0.02542370484156764,0.0992077101334063,False,Chronos-LoRA-V2,False
IONQ,2022-12-30,-0.02542370484156764,0.0992077101334063,False,Chronos-LoRA-V3,False
IONQ,2022-12-30,-0.02542370484156764,0.0992077101334063,False,XGBoost,False
IONQ,2023-02-03,0.001821535391393958,0.09442935934788367,False,Chronos-LoRA-V1,False
IONQ,2023-02-03,0.001821535391393958,0.09442935934788367,False,Chronos-LoRA-V2,False
IONQ,2023-02-03,0.001821535391393958,0.09442935934788367,False,Chronos-LoRA-V3,False
IONQ,2023-02-03,0.001821535391393958,0.09442935934788367,False,XGBoost,False
IONQ,2023-03-08,0.024291474528160384,0.10185703531601473,False,Chronos-LoRA-V1,False
IONQ,2023-03-08,0.024291474528160384,0.10185703531601473,False,Chronos-LoRA-V2,False
IONQ,2023-03-08,0.024291474528160384,0.10185703531601473,False,Chronos-LoRA-V3,False
IONQ,2023-03-08,0.024291474528160384,0.10185703531601473,False,XGBoost,False
IONQ,2023-04-11,-0.010218933693251442,0.1355637815232327,False,Chronos-LoRA-V1,False
IONQ,2023-04-11,-0.010218933693251442,0.1355637815232327,False,Chronos-LoRA-V2,False
IONQ,2023-04-11,-0.010218933693251442,0.1355637815232327,False,Chronos-LoRA-V3,False
IONQ,2023-04-11,-0.010218933693251442,0.1355637815232327,False,XGBoost,False
IONQ,2023-05-11,0.010071967421935613,0.0792591599862848,False,Chronos-LoRA-V1,False
IONQ,2023-05-11,0.010071967421935613,0.0792591599862848,False,Chronos-LoRA-V2,False
IONQ,2023-05-11,0.010071967421935613,0.0792591599862848,False,Chronos-LoRA-V3,False
IONQ,2023-05-11,0.010071967421935613,0.0792591599862848,False,XGBoost,False
IONQ,2023-06-14,-0.06491067983341292,0.16593193849174143,False,Chronos-LoRA-V1,False
IONQ,2023-06-14,-0.06491067983341292,0.16593193849174143,False,Chronos-LoRA-V2,False
IONQ,2023-06-14,-0.06491067983341292,0.16593193849174143,False,Chronos-LoRA-V3,False
IONQ,2023-06-14,-0.06491067983341292,0.16593193849174143,False,XGBoost,False
IONQ,2023-07-18,0.05436244566136428,0.13592389224386056,False,Chronos-LoRA-V1,False
IONQ,2023-07-18,0.05436244566136428,0.13592389224386056,False,Chronos-LoRA-V2,False
IONQ,2023-07-18,0.05436244566136428,0.13592389224386056,False,Chronos-LoRA-V3,False
IONQ,2023-07-18,0.05436244566136428,0.13592389224386056,False,XGBoost,False
IONQ,2023-08-18,0.031514207547969075,0.14233794764111532,False,Chronos-LoRA-V1,False
IONQ,2023-08-18,0.031514207547969075,0.14233794764111532,False,Chronos-LoRA-V2,False
IONQ,2023-08-18,0.031514207547969075,0.14233794764111532,False,Chronos-LoRA-V3,False
IONQ,2023-08-18,0.031514207547969075,0.14233794764111532,False,XGBoost,False
IONQ,2023-09-21,-0.08581084063490219,0.119838157710751,False,Chronos-LoRA-V1,False
IONQ,2023-09-21,-0.08581084063490219,0.119838157710751,False,Chronos-LoRA-V2,False
IONQ,2023-09-21,-0.08581084063490219,0.119838157710751,False,Chronos-LoRA-V3,False
IONQ,2023-09-21,-0.08581084063490219,0.119838157710751,False,XGBoost,False
IONQ,2023-10-23,0.003971420979259177,0.09962886886035506,False,Chronos-LoRA-V1,False
IONQ,2023-10-23,0.003971420979259177,0.09962886886035506,False,Chronos-LoRA-V2,False
IONQ,2023-10-23,0.003971420979259177,0.09962886886035506,False,Chronos-LoRA-V3,False
IONQ,2023-10-23,0.003971420979259177,0.09962886886035506,False,XGBoost,False
IONQ,2023-11-24,-0.004830951630283797,0.09977395149951383,False,Chronos-LoRA-V1,False
IONQ,2023-11-24,-0.004830951630283797,0.09977395149951383,False,Chronos-LoRA-V2,False
IONQ,2023-11-24,-0.004830951630283797,0.09977395149951383,False,Chronos-LoRA-V3,False
IONQ,2023-11-24,-0.004830951630283797,0.09977395149951383,False,XGBoost,False
IONQ,2023-12-27,-0.02292902434324151,0.0908528580127625,False,Chronos-LoRA-V1,False
IONQ,2023-12-27,-0.02292902434324151,0.0908528580127625,False,Chronos-LoRA-V2,False
IONQ,2023-12-27,-0.02292902434324151,0.0908528580127625,False,Chronos-LoRA-V3,False
IONQ,2023-12-27,-0.02292902434324151,0.0908528580127625,False,XGBoost,False
IONQ,2024-01-31,-0.03928897465911496,0.06837975221259236,False,Chronos-LoRA-V1,False
IONQ,2024-01-31,-0.03928897465911496,0.06837975221259236,False,Chronos-LoRA-V2,False
IONQ,2024-01-31,-0.03928897465911496,0.06837975221259236,False,Chronos-LoRA-V3,False
IONQ,2024-01-31,-0.03928897465911496,0.06837975221259236,False,XGBoost,False
IONQ,2024-03-04,-0.05347089146184136,0.08444101990386589,False,Chronos-LoRA-V1,False
IONQ,2024-03-04,-0.05347089146184136,0.08444101990386589,False,Chronos-LoRA-V2,False
IONQ,2024-03-04,-0.05347089146184136,0.08444101990386589,False,Chronos-LoRA-V3,False
IONQ,2024-03-04,-0.05347089146184136,0.08444101990386589,False,XGBoost,False
IONQ,2024-04-05,0.00986843790759262,0.08690571818374129,False,Chronos-LoRA-V1,False
IONQ,2024-04-05,0.00986843790759262,0.08690571818374129,False,Chronos-LoRA-V2,False
IONQ,2024-04-05,0.00986843790759262,0.08690571818374129,False,Chronos-LoRA-V3,False
IONQ,2024-04-05,0.00986843790759262,0.08690571818374129,False,XGBoost,False
IONQ,2024-05-07,-0.0700430643570894,0.0816615213986192,False,Chronos-LoRA-V1,False
IONQ,2024-05-07,-0.0700430643570894,0.0816615213986192,False,Chronos-LoRA-V2,False
IONQ,2024-05-07,-0.0700430643570894,0.0816615213986192,False,Chronos-LoRA-V3,False
IONQ,2024-05-07,-0.0700430643570894,0.0816615213986192,False,XGBoost,False
IONQ,2024-06-10,0.04580154292611183,0.056772455714597894,False,Chronos-LoRA-V1,False
IONQ,2024-06-10,0.04580154292611183,0.056772455714597894,False,Chronos-LoRA-V2,False
IONQ,2024-06-10,0.04580154292611183,0.056772455714597894,False,Chronos-LoRA-V3,False
IONQ,2024-06-10,0.04580154292611183,0.056772455714597894,False,XGBoost,False
IONQ,2024-07-12,0.05361587617930974,0.07104688827084044,False,Chronos-LoRA-V1,False
IONQ,2024-07-12,0.05361587617930974,0.07104688827084044,False,Chronos-LoRA-V2,False
IONQ,2024-07-12,0.05361587617930974,0.07104688827084044,False,Chronos-LoRA-V3,False
IONQ,2024-07-12,0.05361587617930974,0.07104688827084044,False,XGBoost,False
IONQ,2024-08-14,0.004120842322335783,0.12395989010166633,False,Chronos-LoRA-V1,False
IONQ,2024-08-14,0.004120842322335783,0.12395989010166633,False,Chronos-LoRA-V2,False
IONQ,2024-08-14,0.004120842322335783,0.12395989010166633,False,Chronos-LoRA-V3,False
IONQ,2024-08-14,0.004120842322335783,0.12395989010166633,False,XGBoost,False
IONQ,2024-09-16,0.007731951161061623,0.07627622571415915,False,Chronos-LoRA-V1,False
IONQ,2024-09-16,0.007731951161061623,0.07627622571415915,False,Chronos-LoRA-V2,False
IONQ,2024-09-16,0.007731951161061623,0.07627622571415915,False,Chronos-LoRA-V3,False
IONQ,2024-09-16,0.007731951161061623,0.07627622571415915,False,XGBoost,False
IONQ,2024-10-17,0.016260146842582035,0.1557566950083895,False,Chronos-LoRA-V1,False
IONQ,2024-10-17,0.016260146842582035,0.1557566950083895,False,Chronos-LoRA-V2,False
IONQ,2024-10-17,0.016260146842582035,0.1557566950083895,False,Chronos-LoRA-V3,False
IONQ,2024-10-17,0.016260146842582035,0.1557566950083895,False,XGBoost,False
IONQ,2024-11-18,-0.13417981912522214,0.19968685982441037,False,Chronos-LoRA-V1,False
IONQ,2024-11-18,-0.13417981912522214,0.19968685982441037,False,Chronos-LoRA-V2,False
IONQ,2024-11-18,-0.13417981912522214,0.19968685982441037,False,Chronos-LoRA-V3,False
IONQ,2024-11-18,-0.13417981912522214,0.19968685982441037,False,XGBoost,False
IONQ,2024-12-20,0.17637712244320047,0.19155965464227773,False,Chronos-LoRA-V1,False
IONQ,2024-12-20,0.17637712244320047,0.19155965464227773,False,Chronos-LoRA-V2,False
IONQ,2024-12-20,0.17637712244320047,0.19155965464227773,False,Chronos-LoRA-V3,False
IONQ,2024-12-20,0.17637712244320047,0.19155965464227773,False,XGBoost,False
IONQ,2025-01-27,-0.05446510052560649,0.27846550802267395,False,Chronos-LoRA-V1,False
IONQ,2025-01-27,-0.05446510052560649,0.27846550802267395,False,Chronos-LoRA-V2,False
IONQ,2025-01-27,-0.05446510052560649,0.27846550802267395,False,Chronos-LoRA-V3,False
IONQ,2025-01-27,-0.05446510052560649,0.27846550802267395,False,XGBoost,False
IONQ,2025-02-28,-0.013649143101990502,0.09888289765338892,False,Chronos-LoRA-V1,False
IONQ,2025-02-28,-0.013649143101990502,0.09888289765338892,False,Chronos-LoRA-V2,False
IONQ,2025-02-28,-0.013649143101990502,0.09888289765338892,False,Chronos-LoRA-V3,False
IONQ,2025-02-28,-0.013649143101990502,0.09888289765338892,False,XGBoost,False
IONQ,2025-04-02,0.0802069279934372,0.17007134262285659,False,Chronos-LoRA-V1,False
IONQ,2025-04-02,0.0802069279934372,0.17007134262285659,False,Chronos-LoRA-V2,False
IONQ,2025-04-02,0.0802069279934372,0.17007134262285659,False,Chronos-LoRA-V3,False
IONQ,2025-04-02,0.0802069279934372,0.17007134262285659,False,XGBoost,False
IONQ,2025-05-05,-0.03557569142158856,0.15541888220499572,False,Chronos-LoRA-V1,False
IONQ,2025-05-05,-0.03557569142158856,0.15541888220499572,False,Chronos-LoRA-V2,False
IONQ,2025-05-05,-0.03557569142158856,0.15541888220499572,False,Chronos-LoRA-V3,False
IONQ,2025-05-05,-0.03557569142158856,0.15541888220499572,False,XGBoost,False
IONQ,2025-06-06,0.06437535788801041,0.1897228788849197,False,Chronos-LoRA-V1,False
IONQ,2025-06-06,0.06437535788801041,0.1897228788849197,False,Chronos-LoRA-V2,False
IONQ,2025-06-06,0.06437535788801041,0.1897228788849197,False,Chronos-LoRA-V3,False
IONQ,2025-06-06,0.06437535788801041,0.1897228788849197,False,XGBoost,False
IONQ,2025-07-10,0.008121135222389997,0.08855001340201858,False,Chronos-LoRA-V1,False
IONQ,2025-07-10,0.008121135222389997,0.08855001340201858,False,Chronos-LoRA-V2,False
IONQ,2025-07-10,0.008121135222389997,0.08855001340201858,False,Chronos-LoRA-V3,False
IONQ,2025-07-10,0.008121135222389997,0.08855001340201858,False,XGBoost,False
IONQ,2025-08-12,-0.043168640097732136,0.07718927162090053,False,Chronos-LoRA-V1,False
IONQ,2025-08-12,-0.043168640097732136,0.07718927162090053,False,Chronos-LoRA-V2,False
IONQ,2025-08-12,-0.043168640097732136,0.07718927162090053,False,Chronos-LoRA-V3,False
IONQ,2025-08-12,-0.043168640097732136,0.07718927162090053,False,XGBoost,False
IONQ,2025-09-12,0.1819341447841818,0.08178086139635264,True,Chronos-LoRA-V1,False
IONQ,2025-09-12,0.1819341447841818,0.08178086139635264,True,Chronos-LoRA-V2,False
IONQ,2025-09-12,0.1819341447841818,0.08178086139635264,True,Chronos-LoRA-V3,False
IONQ,2025-09-12,0.1819341447841818,0.08178086139635264,True,XGBoost,False
IONQ,2025-10-15,-0.06627980899263075,0.12714067524078612,False,Chronos-LoRA-V1,False
IONQ,2025-10-15,-0.06627980899263075,0.12714067524078612,False,Chronos-LoRA-V2,False
IONQ,2025-10-15,-0.06627980899263075,0.12714067524078612,False,Chronos-LoRA-V3,False
IONQ,2025-10-15,-0.06627980899263075,0.12714067524078612,False,XGBoost,True
IONQ,2025-11-14,0.03920702025268086,0.1123456057884368,False,Chronos-LoRA-V1,False
IONQ,2025-11-14,0.03920702025268086,0.1123456057884368,False,Chronos-LoRA-V2,False
IONQ,2025-11-14,0.03920702025268086,0.1123456057884368,False,Chronos-LoRA-V3,False
IONQ,2025-11-14,0.03920702025268086,0.1123456057884368,False,XGBoost,False
IONQ,2025-12-18,0.012868051738778252,0.13320499004108904,False,Chronos-LoRA-V1,False
IONQ,2025-12-18,0.012868051738778252,0.13320499004108904,False,Chronos-LoRA-V2,False
IONQ,2025-12-18,0.012868051738778252,0.13320499004108904,False,Chronos-LoRA-V3,False
IONQ,2025-12-18,0.012868051738778252,0.13320499004108904,False,XGBoost,False
IONQ,2026-01-22,0.02069108135968345,0.09500963405816845,False,Chronos-LoRA-V1,False
IONQ,2026-01-22,0.02069108135968345,0.09500963405816845,False,Chronos-LoRA-V2,False
IONQ,2026-01-22,0.02069108135968345,0.09500963405816845,False,Chronos-LoRA-V3,False
IONQ,2026-01-22,0.02069108135968345,0.09500963405816845,False,XGBoost,False
IONQ,2026-02-25,0.0623023169218313,0.1273291981669404,False,Chronos-LoRA-V1,False
IONQ,2026-02-25,0.0623023169218313,0.1273291981669404,False,Chronos-LoRA-V2,False
IONQ,2026-02-25,0.0623023169218313,0.1273291981669404,False,Chronos-LoRA-V3,False
IONQ,2026-02-25,0.0623023169218313,0.1273291981669404,False,XGBoost,False
IONQ,2026-03-27,-0.07808310696352261,0.05416780516283042,True,Chronos-LoRA-V1,True
IONQ,2026-03-27,-0.07808310696352261,0.05416780516283042,True,Chronos-LoRA-V2,True
IONQ,2026-03-27,-0.07808310696352261,0.05416780516283042,True,Chronos-LoRA-V3,True
IONQ,2026-03-27,-0.07808310696352261,0.05416780516283042,True,XGBoost,False
IONQ,2026-04-30,0.07147941766577137,0.14386662360966862,False,Chronos-LoRA-V1,False
IONQ,2026-04-30,0.07147941766577137,0.14386662360966862,False,Chronos-LoRA-V2,False
IONQ,2026-04-30,0.07147941766577137,0.14386662360966862,False,Chronos-LoRA-V3,False
IONQ,2026-04-30,0.07147941766577137,0.14386662360966862,False,XGBoost,False
IONQ,2026-06-02,0.030600502077600567,0.13463026617980256,False,Chronos-LoRA-V1,False
IONQ,2026-06-02,0.030600502077600567,0.13463026617980256,False,Chronos-LoRA-V2,False
IONQ,2026-06-02,0.030600502077600567,0.13463026617980256,False,Chronos-LoRA-V3,False
IONQ,2026-06-02,0.030600502077600567,0.13463026617980256,False,XGBoost,False
IONQ,2026-07-07,-0.07182317164412988,0.12186652814673359,False,Chronos-LoRA-V1,False
IONQ,2026-07-07,-0.07182317164412988,0.12186652814673359,False,Chronos-LoRA-V2,False
IONQ,2026-07-07,-0.07182317164412988,0.12186652814673359,False,Chronos-LoRA-V3,False
IONQ,2026-07-07,-0.07182317164412988,0.12186652814673359,False,XGBoost,False
IONQ,2026-08-07,0.11858003372914494,0.11364073570962493,True,Chronos-LoRA-V1,False
IONQ,2026-08-07,0.11858003372914494,0.11364073570962493,True,Chronos-LoRA-V2,False
IONQ,2026-08-07,0.11858003372914494,0.11364073570962493,True,Chronos-LoRA-V3,False
IONQ,2026-08-07,0.11858003372914494,0.11364073570962493,True,XGBoost,False
