date,open,high,low,close,volume
2010-01-04,6.383613336260824,6.415616579465497,6.352208299446395,6.400960922241211,493729600
2010-01-05,6.418607628910021,6.448218044792189,6.378229099307333,6.412027359008789,601904800
2010-01-06,6.41202652609242,6.4374498935262014,6.30345448284563,6.31003475189209,552160000
2010-01-07,6.333365034922471,6.340842614608591,6.252608771659164,6.298370361328125,477131200
2010-01-08,6.289995680420881,6.3408424220691435,6.252908483650669,6.340243816375732,447610800
2010-01-11,6.364769556807789,6.370751620073476,6.234662875472427,6.284313201904297,462229600
2010-01-12,6.2567941645910246,6.274142544217993,6.173944999568623,6.212827205657959,594459600
2010-01-13,6.217315791073566,6.308838565159838,6.104556292714503,6.300463676452637,605892000
2010-01-14,6.284313204871239,6.294781416254468,6.251711359394519,6.263974189758301,432894000
2010-01-15,6.3088382974007065,6.328878208813834,6.157495694788184,6.159290313720703,594067600
2010-01-19,6.231074020814712,6.436254011409336,6.198472972021278,6.431767463684082,730007600
2010-01-20,6.42787950870807,6.447021714149782,6.266068671057579,6.332767486572266,612152800
2010-01-21,6.343235015761773,6.380023507346333,6.197574568577351,6.223296642303467,608154400
2010-01-22,6.184712618533898,6.206247243345846,5.896982221246319,5.914628505706787,881767600
2010-01-25,6.057000162844568,6.122501765117006,5.98760981974489,6.073749542236328,1065699600
2010-01-26,6.159888870628499,6.391987741067914,6.059093497535075,6.159589767456055,1867110000
2010-01-27,6.186805050602594,6.298367696968971,5.9678664020496175,6.217612266540527,1722568400
2010-01-28,6.129380020445659,6.146428098361098,5.9430427837290445,5.960689067840576,1173502400
2010-01-29,6.014228453730677,6.047727206104738,5.690306947287805,5.744443416595459,1245952400
2010-02-01,5.753714509120713,5.862286537561374,5.721711276341434,5.824301242828369,749876400
2010-02-02,5.859597760314996,5.871860593741406,5.783926238416115,5.858101844787598,698342400
2010-02-03,5.837463529930272,5.987909248788236,5.815031188677767,5.958896636962891,615328000
2010-02-04,5.884120218095248,5.933172327051471,5.729787014285656,5.744143962860107,757652000
2010-02-05,5.761492296256562,5.862287663516904,5.70825273331596,5.846136093139648,850306800
2010-02-08,5.85301536902158,5.918517357098311,5.802467738760923,5.806056976318359,478270800
2010-02-09,5.874849917057479,5.907152260900157,5.8249008854362385,5.867970943450928,632886800
2010-02-10,5.858997208486419,5.880233932124005,5.810244990888686,5.835967063903809,370361600
2010-02-11,5.828788999074848,5.974449043187598,5.804262939310698,5.942146301269531,550345600
2010-02-12,5.925398996041233,6.030980451681968,5.8473350407230935,5.9932942390441895,655468800
2010-02-16,6.039949909567215,6.092291754738826,6.027387978540274,6.0836181640625,543737600
2010-02-17,6.107248347933426,6.110837586259954,6.007648981055815,6.058197021484375,436396800
2010-02-18,6.03067894363634,6.098275464709223,6.009443416194751,6.069561958312988,422825200
2010-02-19,6.037558492774495,6.077637117382451,6.015125756234615,6.031875133514404,415469600
2010-02-22,6.051913322464912,6.05669857222823,5.95769785249416,5.994486331939697,390563600
2010-02-23,5.981926764257897,6.021706689433857,5.853614691798294,5.8939924240112305,575094800
2010-02-24,5.928985681934489,6.02499579176906,5.91732065964729,6.00166654586792,460566400
2010-02-25,5.9035636633669295,6.067468214648124,5.888908006704064,6.041746139526367,665126000
2010-02-26,6.053111094904654,6.136558878657093,6.0417455743253345,6.120108604431152,507460800
2010-03-01,6.153906140994697,6.266067422499071,6.144933446129398,6.250813961029053,550093600
2010-03-02,6.2789283174990125,6.305847200165035,6.2134263286390725,6.246626377105713,566546400
2010-03-03,6.249318765133386,6.27713456168702,6.219409246358365,6.260982990264893,372052800
2010-03-04,6.259487860890823,6.308539180929514,6.240045756492917,6.302258014678955,366041200
2010-03-05,6.4287761169098925,6.571146020879175,6.4195039193079255,6.548713684082031,899620400
2010-03-08,6.580417128646695,6.5828095542466105,6.527776178053072,6.552601337432861,429889600
2010-03-09,6.52957106301053,6.7296662644469905,6.51700913091817,6.670445442199707,920259200
2010-03-10,6.694674375714589,6.744025208624183,6.675831272336492,6.72488260269165,596218000
2010-03-11,6.697064924420288,6.744620323181152,6.679417840576331,6.744620323181152,405700400
2010-03-12,6.800552308907803,6.811320022510453,6.7520991950425024,6.777522563934326,416323600
2010-03-15,6.741032245754629,6.744620684665739,6.587595533716245,6.694971561431885,493502800
2010-03-16,6.705139490458278,6.729066938143257,6.655190474195433,6.713214874267578,446908000
2010-03-17,6.726675977268429,6.773035769422474,6.67792375915226,6.7033467292785645,450956800
2010-03-18,6.702749057738693,6.729668347705449,6.6581842750295985,6.719200134277344,342109600
2010-03-19,6.723386726169925,6.736845970108549,6.616907989386436,6.647416114807129,559445600
2010-03-22,6.59417741081305,6.759577879117497,6.584606108833464,6.7221903800964355,456419600
2010-03-23,6.748808542458553,6.842725334329942,6.702747455973985,6.83016300201416,602431200
2010-03-24,6.808627472667242,6.885196271682155,6.8047387328904225,6.860371112823486,597780400
2010-03-25,6.9067297528700955,6.908225667512822,6.767051418627092,6.77901554107666,542284400
2010-03-26,6.847809268959068,6.937537802088686,6.835845145072524,6.90613317489624,640875200
2010-03-29,6.968944544248869,6.994965320607175,6.927669107717339,6.9506988525390625,540744400
2010-03-30,7.0766153334846775,7.102936399285196,7.006327321685903,7.054183006286621,527310000
2010-03-31,7.043420704823231,7.076919466360517,7.012613472894717,7.028764247894287,430659600
2010-04-01,7.100845073825864,7.140325090720783,6.961466206121079,7.057775020599365,603145200
2010-04-05,7.028166245560301,7.133746876578261,7.02188467921546,7.133148670196533,684507600
2010-04-06,7.12447414179449,7.185489587374595,7.08858256227561,7.164553165435791,447017200
2010-04-07,7.164849784617754,7.235736012912815,7.138230011206968,7.196255207061768,628502000
2010-04-08,7.191471641707396,7.224372189670462,7.1196884827564695,7.176815986633301,572989200
2010-04-09,7.22108227906302,7.234841023686074,7.192069673433655,7.231849193572998,334182800
2010-04-12,7.244112863095408,7.270134440302184,7.232448238464335,7.246805191040039,333026400
2010-04-13,7.233943186719953,7.262058083082497,7.211510051982407,7.250990867614746,306210800
2010-04-14,7.3362364647337905,7.352088536934341,7.300046171121156,7.348499298095703,404076400
2010-04-15,7.35118781851533,7.448394333917617,7.343112433770998,7.445104598999023,376784800
2010-04-16,7.434635379169868,7.511503679299242,7.314399125411475,7.399641513824463,750545600
2010-04-19,7.388575049072381,7.414297117309566,7.231250011266838,7.389771461486816,566924400
2010-04-20,7.433737590548452,7.454973509199437,7.266842070716127,7.315594673156738,738326400
2010-04-21,7.740613877315479,7.783983444033988,7.648791187247704,7.753176212310791,982391200
2010-04-22,7.723868053058333,7.978399002306758,7.662851771100418,7.970024108886719,793424800
2010-04-23,8.015480127221611,8.140801534588055,7.985870117428201,8.100423812866211,796955600
2010-04-26,8.131830053198263,8.149177236588994,8.021462991577705,8.06064510345459,479068800
2010-04-27,7.993947979894557,8.010996463062442,7.792058510033163,7.837520599365234,709343600
2010-04-28,7.873712157549433,7.896143701016188,7.669130347320277,7.824361324310303,758402400
2010-04-29,7.866827038224069,8.075596151658992,7.83661883157341,8.034919738769531,558840800
2010-04-30,8.054961296665562,8.092647491415498,7.806413390668551,7.809104919433594,542463600
2010-05-03,7.8913563458967095,8.012191612316485,7.862642445911094,7.966429233551025,454342000
2010-05-04,7.862942819948685,7.874906146380382,7.67929749295413,7.737022399902344,723819600
2010-05-05,7.568032122344776,7.720870198193756,7.439420197331774,7.656564235687256,883103200
2010-05-06,7.591961364358396,7.724161758819521,5.959493548811017,7.365246772766113,1285860800
2010-05-07,7.289276919591063,7.374818031210971,6.73594802859363,7.054485321044922,1676018400
2010-05-10,7.484885530404795,7.616487730803058,7.4334405837241295,7.596746921539307,984306400
2010-05-11,7.532441661577364,7.773214520188351,7.492363434454046,7.672419548034668,848906800
2010-05-12,7.7537722805530835,7.870121414083094,7.737622307124629,7.839015483856201,654379600
2010-05-13,7.872810954516791,7.926050505320398,7.668827441257063,7.727450847625732,599712400
2010-05-14,7.631739514853696,7.671220323956218,7.462451159726779,7.591660499572754,759362800
2010-05-17,7.617983202576855,7.662249670585014,7.40891449115609,7.603626251220703,762834800
2010-05-18,7.68617998827105,7.7331380028197865,7.4851865877553525,7.54799747467041,782678400
2010-05-19,7.4624514706299285,7.564742335381858,7.323372122382237,7.427756309509277,1025726800
2010-05-20,7.234540799994964,7.293463720653182,7.06495370824584,7.111314296722412,1282915200
2010-05-21,6.963560181371839,7.312905491462048,6.9195932139468415,7.247702598571777,1223891200
2010-05-24,7.396055114590714,7.50432808434508,7.365547384786211,7.380501747131348,754238800
2010-05-25,7.158873056669264,7.380503401259674,7.093371433411102,7.334443092346191,1048006400
2010-05-26,7.479801449573694,7.541116403793462,7.290472729645426,7.30124044418335,850654000
2010-05-27,7.495352455851365,7.593755385430298,7.450787289079932,7.577603816986084,666282400
2010-05-28,7.758254450850459,7.758553154461645,7.5775994652127485,7.683180809020996,815614800
2010-06-01,7.76723264944348,7.954167741179766,7.745398516997595,7.801329612731934,876472800
2010-06-02,7.912293008326273,7.920069689810586,7.7863733842635865,7.894647121429443,688548000
2010-06-03,7.93143727824357,7.942504496982415,7.788768632955469,7.869824409484863,650106800
2010-06-04,7.722966385537215,7.833332664756656,7.615890640668938,7.655670166015625,758304400
2010-06-07,7.725359824151968,7.751081901269591,7.493858734073013,7.505524158477783,886942000
2010-06-08,7.5743129737149,7.591062745946915,7.347298930731133,7.457366466522217,1000770400
2010-06-09,7.521374244108151,7.534236077945992,7.252786024608087,7.274021148681641,854630000
2010-06-10,7.323074521162981,7.5067190812277405,7.244112879168164,7.49266242980957,776356000
2010-06-11,7.42446565445393,7.592857085792999,7.398743589571692,7.582388877868652,545759200
2010-06-14,7.655672958566449,7.751084113432225,7.597349014590724,7.605424404144287,602960400
2010-06-15,7.6460993699099085,7.772019022981305,7.641911925069058,7.767233371734619,585074000
2010-06-16,7.809406098121297,8.008305344852324,7.7953486462498365,7.993350982666016,783678000
2010-06-17,8.093545065143282,8.162337983476187,8.060644520900524,8.13153076171875,872855200
2010-06-18,8.142899098024763,8.225151289795212,8.118073928809522,8.197334289550781,784621600
2010-06-21,8.305604633026528,8.345085448937557,8.037614608264724,8.080684661865234,776490400
2010-06-22,8.140202902243766,8.25415837431745,8.120462898684966,8.190750122070312,717262000
2010-06-23,8.212583691611057,8.214976515962363,8.012786851642092,8.104609489440918,768457200
2010-06-24,8.105509727499351,8.17131162550665,8.018772205167624,8.04569149017334,714277200
2010-06-25,8.07739622109782,8.083676988724301,7.950279362574045,7.976899147033691,549942400
2010-06-28,7.983778737224344,8.068125044280665,7.911696859862335,8.024755477905273,584948000
2010-06-29,7.899734076227757,7.907810263658174,7.606021860292635,7.661952972412109,1133344800
2010-06-30,7.678102904531436,7.715789112811963,7.477709331284063,7.523171424865723,739452000
2010-07-01,7.60601937254756,7.620974530792418,7.274621052574866,7.431945323944092,1022896000
2010-07-02,7.492061820023172,7.50522315576773,7.274020840375886,7.385883808135986,693842800
2010-07-06,7.507314927571304,7.5611518798511,7.362552244380553,7.436429500579834,615235600
2010-07-07,7.492064947490719,7.739717638264629,7.469932905069292,7.736725807189941,654556000
2010-07-08,7.850678116350871,7.863240445989237,7.623664064975756,7.719374656677246,738144400
2010-07-09,7.683486080139986,7.773514147626952,7.6317424239923115,7.765140056610107,433322400
2010-07-12,7.732536867530049,7.83183671778165,7.622768806315392,7.695448875427246,562878400
2010-07-13,7.666434554711841,7.668826580465801,7.370627624971782,7.531242370605469,1190924000
2010-07-14,7.458865077902778,7.650883731130224,7.447498358248449,7.559061050415039,812047600
2010-07-15,7.424465574724774,7.6858752609904375,7.396649389352535,7.5207743644714355,824866000
2010-07-16,7.572520652150088,7.6260589209069405,7.429852035857252,7.474417209625244,1039858400
2010-07-19,7.473818697747353,7.473818697747353,7.166347843425876,7.3452067375183105,1024478000
2010-07-20,7.26505093088392,7.564146956283608,7.178612098877389,7.533937931060791,1074950800
2010-07-21,7.928742533750669,7.930537152385525,7.597045575476529,7.604223251342773,1185671200
2010-07-22,7.707109090585966,7.776499384678108,7.6362228822557245,7.747188091278076,645318800
2010-07-23,7.6894654082834215,7.787868330448795,7.665238456778938,7.774707794189453,533388800
2010-07-26,7.776505660664986,7.779496692882238,7.708013019573658,7.754971027374268,420551600
2010-07-27,7.802524668946968,7.920069400970533,7.785476190266656,7.898534774780273,584771600
2010-07-28,7.886271580161792,7.955661904155881,7.783980712826016,7.805215835571289,519985200
2010-07-29,7.797739258029704,7.855763668344253,7.65985630808127,7.719974040985107,643806800
2010-07-30,7.653577956867061,7.767532692194126,7.623966338090875,7.694254398345947,448210000
2010-08-02,7.789665302731576,7.853970491291645,7.765139640056266,7.8318376541137695,428055600
2010-08-03,7.806710877651475,7.874007073020566,7.759154686611158,7.834227561950684,417653600
2010-08-04,7.8614469975397,7.904516251078113,7.785775902043083,7.865634441375732,420375200
2010-08-05,7.828245619010839,7.871615166320179,7.7929522542066,7.827348709106445,289097200
2010-08-06,7.769921283863598,7.821067508414228,7.705615323184659,7.779193878173828,444897600
2010-08-09,7.820771222093249,7.8408115369831055,7.763644504289697,7.828847408294678,303128000
2010-08-10,7.772014923176767,7.789961105885075,7.703222021467936,7.758854389190674,451920000
2010-08-11,7.638917912785053,7.647591502042179,7.471722899094827,7.48308801651001,620054400
2010-08-12,7.3784077741420075,7.570128528812577,7.361359291418905,7.530947208404541,534920400
2010-08-13,7.526756420761207,7.53363539183201,7.450187634443101,7.45048713684082,354869200
2010-08-16,7.405028538862517,7.477709426618803,7.376314628436218,7.40682315826416,318430000
2010-08-17,7.479798084180795,7.615887175225347,7.453477016041869,7.536327362060547,422640400
2010-08-18,7.547996379459705,7.617087226898174,7.524666328197667,7.5692315101623535,339696000
2010-08-19,7.562351882509301,7.581494487020337,7.437928147881242,7.473819732666016,426706000
2010-08-20,7.45916424536566,7.594654401976816,7.4474988211392645,7.466641426086426,384230000
2010-08-23,7.53094433376052,7.537225099101043,7.335335711570201,7.351785182952881,414041600
2010-08-24,7.258169737248307,7.268038942264973,7.137932678217879,7.176217079162598,602565600
2010-08-25,7.119688100445603,7.29765087184718,7.094564235763863,7.264749526977539,596867600
2010-08-26,7.341319749352104,7.350292845139562,7.186686992645264,7.186686992645264,466505200
2010-08-27,7.2306538961708275,7.256375969005686,7.04551263597331,7.226765155792236,548391200
2010-08-30,7.201042934729832,7.3502926282332695,7.198650109257122,7.253086090087891,383289200
2010-08-31,7.233641988119372,7.3146977216857,7.188778125183641,7.271029472351074,420786800
2010-09-01,7.401737493564574,7.52107688018743,7.366145409229864,7.487279415130615,697037600
2010-09-02,7.515092254118155,7.5423102378845215,7.434635513936337,7.5423102378845215,415427600
2010-09-03,7.629648949267494,7.740015233706759,7.612002259964697,7.739716529846191,520788800
2010-09-07,7.676008154645424,7.762446975307128,7.664343530188129,7.711002826690674,342557600
2010-09-08,7.769921900538552,7.907805628477003,7.749582890594908,7.8638386726379395,526551200
2010-09-09,7.927251670439631,7.971517356501092,7.863843375336578,7.8683295249938965,438575200
2010-09-10,7.871912565507376,7.911094663198912,7.818374321012901,7.878492832183838,387542400
2010-09-13,7.950576964131887,8.024154733618643,7.948783144101849,7.987066745758057,388780000
2010-09-14,7.962244273974723,8.050776430532173,7.941606551257833,8.017577171325684,408150400
2010-09-15,8.020864927716781,8.086965518025243,8.010994125599625,8.082179069519043,429368800
2010-09-16,8.082778135409319,8.275096248148172,8.060644504764703,8.27210521697998,652103200
2010-09-17,8.305604166502249,8.313680350186583,8.185667407811946,8.236214637756348,634477200
2010-09-20,8.257446814178634,8.487751345407526,8.250567844118832,8.471301078796387,658677600
2010-09-21,8.490144833721196,8.594528999544789,8.458141207710522,8.487452507019043,668074400
2010-09-22,8.455750134560994,8.613373875587017,8.446777041483841,8.606494903564453,585289600
2010-09-23,8.564026155089026,8.75634512680784,8.554156148475593,8.641491889953613,786116800
2010-09-24,8.73660652398713,8.779377091999033,8.690246716868462,8.743185997009277,649488000
2010-09-27,8.792836851957786,8.815268399672503,8.704005175570202,8.708491325378418,482834800
2010-09-28,8.726734899394494,8.726734899394494,8.225151160664064,8.579878807067871,1035042400
2010-09-29,8.590943476031569,8.66811049651884,8.554154984144002,8.595130920410156,469644000
2010-09-30,8.643885873330703,8.673795396960612,8.412086066857034,8.486860275268555,673391600
2010-10-01,8.55863915031484,8.571500184305421,8.41507285670427,8.450067520141602,448142800
2010-10-04,8.422552756605297,8.46143457121864,8.307998239591015,8.334020614624023,435302000
2010-10-05,8.43451889441407,8.657344818340508,8.429134237416232,8.642091751098633,501967200
2010-10-06,8.661528867961026,8.733312020128778,8.532020011068774,8.649564743041992,670868800
2010-10-07,8.683961857874912,8.68814930191243,8.5813722743122,8.650463104248047,408399600
2010-10-08,8.72493406759216,8.808381812903937,8.6737894482136,8.795520782470703,658403200
2010-10-11,8.81556555349602,8.890338949862313,8.811378109122385,8.834108352661133,427753200
2010-10-12,8.83560763687579,8.957938883181557,8.748271075413683,8.929224967956543,558544000
2010-10-13,8.978868287730736,9.031508827100835,8.96690416574979,8.977073669433594,630092400
2010-10-14,9.023434444932258,9.04676368670963,8.984850546600702,9.04197883605957,435296400
2010-10-15,9.195414943839651,9.421532097543826,9.119743855505344,9.413755416870117,922194000
2010-10-18,9.525318432167493,9.541169697866826,9.400295737047719,9.511260986328125,1093010800
2010-10-19,9.074587223194488,9.384749783746033,8.973492695389474,9.256736755371094,1232784000
2010-10-20,9.242073547804731,9.399099071186543,9.178366588280838,9.287835121154785,721624400
2010-10-21,9.342570371419722,9.413755311753219,9.17627304146629,9.257627487182617,551460000
2010-10-22,9.244166846138873,9.273179445563226,9.161318088332163,9.196311950683594,372778000
2010-10-25,9.244766451859462,9.31983853446543,9.225324351058607,9.237288475036621,392462000
2010-10-26,9.178367824235844,9.2642084232969,9.14187724346657,9.213661193847656,392929600
2010-10-27,9.201697938051224,9.268994149962314,9.140382990453,9.20708179473877,399002800
2010-10-28,9.21066801492205,9.21216392964486,8.999806335508065,9.129613876342773,551051200
2010-10-29,9.099406649132632,9.14875746854641,8.998909592816409,9.00220012664795,430511200
2010-11-01,9.039287315276386,9.1403817702267,9.03868910905763,9.097909927368164,423889200
2010-11-02,9.18225600705539,9.27766710982737,9.18225600705539,9.25284194946289,433930000
2010-11-03,9.312964412648713,9.358128604850364,9.22802148418655,9.355735778808594,508348400
2010-11-04,9.43499500470311,9.576468031970784,9.422432669501747,9.519340515136719,642488000
2010-11-05,9.510960939424855,9.558217627411517,9.473872957203817,9.485238075256348,361253200
2010-11-08,9.48733429019819,9.564201799915937,9.474173752137334,9.529806137084961,281758400
2010-11-09,9.602489058017971,9.609967038021729,9.406581635920205,9.453838348388672,383544000
2010-11-10,9.470581562659289,9.534289313132783,9.378160718584775,9.51215648651123,384227200
2010-11-11,9.421534604704632,9.523228089383776,9.399102265359138,9.47088623046875,361284000
2010-11-12,9.451443263356635,9.466397622442539,9.081461845136733,9.21306324005127,795846800
2010-11-15,9.22592541078386,9.288137271979405,9.160423015424893,9.183453559875488,403606000
2010-11-16,9.143969734262765,9.20019951364965,8.952547764281633,9.020442962646484,657650000
2010-11-17,9.008779933254,9.092227707204204,8.905890855804703,8.98784351348877,479449600
2010-11-18,9.12841782117455,9.262114118278317,9.113164760313083,9.22502613067627,494491200
2010-11-19,9.211271847865884,9.224132887592297,9.129618661660235,9.17418384552002,384843200
2010-11-22,9.172688188240372,9.372485160827637,9.148462023612433,9.372485160827637,393075200
2010-11-23,9.28544707101638,9.324330491511672,9.169098708122414,9.234002113342285,519447600
2010-11-24,9.331802013547058,9.433495462986086,9.324325634587217,9.415549278259277,413725200
2010-11-26,9.383852135660547,9.502294647003469,9.359924670220304,9.421538352966309,237585600
2010-11-29,9.43649079233586,9.495711636576967,9.313263452008135,9.47746753692627,445785200
2010-11-30,9.377866800370473,9.402393262536984,9.298008243414298,9.30638313293457,501858000
2010-12-01,9.429608308558747,9.50378428721754,9.421532923410922,9.463406562805176,461750800
2010-12-02,9.497204582558188,9.541171547131045,9.418242949143837,9.515748977661133,462837200
2010-12-03,9.481650570295532,9.530701881540406,9.461611061853999,9.494511604309082,342092800
2010-12-06,9.530404975373823,9.640772043838249,9.523824705907021,9.575569152832031,448481600
2010-12-07,9.684737890786934,9.690419652114407,9.514851310279758,9.517542839050293,391454000
2010-12-08,9.560014314986745,9.601589251618604,9.484642720617616,9.601289749145508,321935600
2010-12-09,9.634791020253427,9.64585664026793,9.54177112621885,9.563904762268066,294151200
2010-12-10,9.56061541023484,9.602489063319686,9.52920997075283,9.587833404541016,262511200
2010-12-13,9.701788826160024,9.722426547537449,9.600993044862948,9.621031761169434,439815600
2010-12-14,9.622828712916766,9.647055676541042,9.541174724650954,9.579758644104004,351008000
2010-12-15,9.571079634180116,9.66080896748348,9.54685348091445,9.58184814453125,417312000
2010-12-16,9.603682405625696,9.649145282896765,9.574072393645519,9.608468055725098,322030800
2010-12-17,9.619833624445821,9.624619274370973,9.577959986273955,9.589325904846191,386929200
2010-12-20,9.618936390140611,9.66828800809109,9.518141428977286,9.637181282043457,385610400
2010-12-21,9.660810424479301,9.702384563940583,9.632396823498118,9.696702003479004,256354000
2010-12-22,9.701485873730421,9.742163095622747,9.677258922583148,9.72541332244873,265921600
2010-12-23,9.72063227184789,9.72511842065104,9.665897582551565,9.67875862121582,223157200
2010-12-27,9.656324734773122,9.733790456909643,9.616544413634731,9.711058616638184,249816000
2010-12-28,9.747846590156039,9.770278924900895,9.72242402287354,9.734686851501465,175924000
2010-12-29,9.757119709679891,9.763999481733705,9.723620954252313,9.729304313659668,163139200
2010-12-30,9.734987665093655,9.735884575314687,9.662307587601221,9.68055248260498,157494400
2010-12-31,9.65931725179191,9.675169322450696,9.610265124441513,9.647652626037598,193508000
2011-01-03,9.739774111864326,9.877956600351084,9.715846653709976,9.857318878173828,445138400
2011-01-04,9.943157642895155,9.94495226182154,9.814845185015239,9.908761978149414,309080800
2011-01-05,9.856717467001092,9.99998426414615,9.855221552098996,9.989814758300781,255519600
2011-01-06,10.011351920540081,10.02720398894985,9.95691674185182,9.981741905212402,300428800
2011-01-07,9.98951774143444,10.060104490699267,9.927006378250361,10.05322551727295,311931200
2011-01-10,10.134278871545082,10.265881047979047,10.08462935160275,10.242551803588867,448560000
2011-01-11,10.315232628232604,10.317624654480955,10.1534214369418,10.2183256149292,444108000
2011-01-12,10.266478647084655,10.301771212616869,10.22909116201611,10.301471710205078,302590400
2011-01-13,10.323605496687676,10.367871953831619,10.284424191237653,10.339158058166504,296780400
2011-01-14,10.345442109661567,10.422907829284668,10.302073350666031,10.422907829284668,308840000
2011-01-18,9.855821691958365,10.311644542998547,9.75053977151162,10.188715934753418,1880998000
2011-01-19,10.419022111988896,10.426500092289286,10.075959882123513,10.13458251953125,1135612800
2011-01-20,10.062494454375239,10.118425532053923,9.873764804513986,9.950333595275879,764789200
2011-01-21,9.982938207583866,10.016138261854556,9.769383325068606,9.772075653076172,754401200
2011-01-24,9.77656124196231,10.093005180358887,9.772074295464193,10.093005180358887,574683200
2011-01-25,10.059509225825524,10.212347380955343,10.006867856490686,10.211150169372559,546868000
2011-01-26,10.257805005501085,10.336766625768139,10.21413755068243,10.284424781799316,506875600
2011-01-27,10.282333974631419,10.309551965895656,10.253920369266927,10.26528549194336,285026000
2011-01-28,10.293998472472362,10.300877445965419,9.975759891365895,10.052626609802246,592057200
2011-01-31,10.043655296446458,10.17047265543817,9.998791414425856,10.148937225341797,377246800
2011-02-01,10.208156642137459,10.338262910012496,10.19858534195137,10.319719314575195,426633200
2011-02-02,10.302373542815971,10.326300199212024,10.27545425735536,10.298484802246094,258955200
2011-02-03,10.282933014297488,10.296093555874302,10.125907419059347,10.272165298461914,393797600
2011-02-04,10.27814371536446,10.369667670140373,10.274255774251417,10.363685607910156,321840400
2011-02-07,10.405260825434643,10.565576116524914,10.397783646205207,10.524600982666016,485021600
2011-02-08,10.578438331542552,10.633471714422077,10.532676747081865,10.623900413513184,381040800
2011-02-09,10.623603117031607,10.73755943689093,10.614032613528192,10.712434768676758,482745200
2011-02-10,10.689401586101136,10.767465497713829,10.408548969470704,10.604158401489258,928550000
2011-02-11,10.61044298848787,10.70166666367894,10.57425190278752,10.673253059387207,367572800
2011-02-14,10.67145535220292,10.751911289555283,10.669062527438356,10.742938995361328,310416400
2011-02-15,10.743237994068169,10.766568036163157,10.694186682394283,10.764473915100098,284174800
2011-02-16,10.791395249450002,10.914025158409386,10.782422952637079,10.861085891723633,481157600
2011-02-17,10.685216764054907,10.77554352546373,10.663381833286747,10.716621398925781,530583200
2011-02-18,10.72888288278141,10.752511630931881,10.454013093835313,10.485119819641113,816057200
2011-02-22,10.233581899450671,10.330788445826675,10.101082771710692,10.127701759338379,872555600
2011-02-23,10.132484892471762,10.308053227547815,10.12769844401453,10.247636795043945,671854400
2011-02-24,10.289510811388473,10.323308266224656,10.120521141187886,10.255413055419922,499900800
2011-02-25,10.326600333417097,10.42141404798934,10.312842385346766,10.413338661193848,380018800
2011-02-28,10.505457575507666,10.619413068754973,10.501868338071334,10.564379692077637,403074000
2011-03-01,10.631974531383422,10.639451709428453,10.398978411548061,10.447731018066406,456136800
2011-03-02,10.467173656093502,10.598477136319826,10.42051436594921,10.531778335571289,602590800
2011-03-03,10.683424186017358,10.761188629130107,10.645438475469787,10.75430965423584,500788400
2011-03-04,10.769556052211565,10.77613631865259,10.700165748906661,10.767462730407715,453266800
2011-03-07,10.809341388124857,10.817417573360151,10.507553865459307,10.628687858581543,546123200
2011-03-08,10.615229281959566,10.689704786409992,10.535669422059415,10.640652656555176,356316800
2011-03-09,10.608647078219063,10.610741199733404,10.486317476439554,10.542247772216797,453306000
2011-03-10,10.442051750752933,10.461493858898427,10.31583338979606,10.368773460388184,507539200
2011-03-11,10.328693234638198,10.537761963263925,10.318824027778634,10.527891159057617,471080400
2011-03-14,10.563481303557591,10.662183729358205,10.507551020457235,10.574847221374512,435957200
2011-03-15,10.232083815704389,10.403765014757868,10.172264788514392,10.331683158874512,721081200
2011-03-16,10.229095792213098,10.259005314602613,9.758317721436878,9.870478630065918,1162011200
2011-03-17,10.074458486104437,10.1576075438399,9.889916281017326,10.008956909179688,659422400
2011-03-18,10.083432658340145,10.115436294080324,9.870177316914756,9.890216827392578,753214000
2011-03-21,10.04933607352134,10.161496149081042,10.027501146504708,10.148336410522461,409402000
2011-03-22,10.245844850492508,10.24763946962991,10.143553157007476,10.205166816711426,325922800
2011-03-23,10.14773585489262,10.175850742887297,10.048136536039593,10.145044326782227,372996400
2011-03-24,10.224610500688513,10.348735548150197,10.135180629895489,10.317928314208984,404712000
2011-03-25,10.410643266380362,10.52998260871089,10.37923784000994,10.514430046081543,448910000
2011-03-28,10.562584982570499,10.597579647937343,10.481529235839844,10.481529235839844,309355200
2011-03-29,10.398382965992996,10.497084617614746,10.350528055392163,10.497084617614746,352900800
2011-03-30,10.48751053004918,10.494689803007525,10.391799935599387,10.42739200592041,329406000
2011-03-31,10.359497363474128,10.46238642986008,10.350525069495632,10.423803329467773,274019200
2011-04-01,10.501570160667109,10.51592631245881,10.267975005179798,10.30566120147705,418661600
2011-04-04,10.298183066731164,10.306856656822823,10.12141673827479,10.204864501953125,460084800
2011-04-05,10.079245119874612,10.236569359765124,10.049634311811232,10.136073112487793,482731200
2011-04-06,10.205763255580775,10.285920494209364,10.083731580941933,10.110650062561035,402539200
2011-04-07,10.112449100016267,10.182138159430457,10.050535926299984,10.111851692199707,373447200
2011-04-08,10.166884448855484,10.173763423719882,9.988324215556032,10.021523475646973,377535200
2011-04-11,9.991607451620569,10.039761845540484,9.870773810578894,9.894103050231934,398946800
2011-04-12,9.8848320413596,9.981739849524045,9.876158450696764,9.941960334777832,425639200
2011-04-13,10.020324919345514,10.053823674833794,9.945550726152868,10.0535249710083,346220000
2011-04-14,10.013746115261647,10.049637701299815,9.931794232857131,9.942561149597168,301800800
2011-04-15,9.968877882268504,9.97904738764789,9.774465659701555,9.794205665588379,453605600
2011-04-18,9.753529557792314,9.936875370965462,9.57586630435539,9.925509452819824,609898800
2011-04-19,9.962896689419205,10.108855009589865,9.921321757646009,10.105266571044922,419378400
2011-04-20,10.274257398464508,10.341254908687885,10.214139660230073,10.24135684967041,700666400
2011-04-21,10.617920498198101,10.621809239315594,10.424106407628866,10.489309310913086,753810400
2011-04-25,10.478539705822474,10.580531878916114,10.47734249460051,10.558398246765137,266546000
2011-04-26,10.576644765664657,10.617620703750585,10.448930501802568,10.480934143066406,338800000
2011-04-27,10.535368839675822,10.538659373875923,10.381633803969777,10.472857475280762,356213200
2011-04-28,10.354414546464747,10.460892067034974,10.334375035906328,10.371164321899414,360959200
2011-04-29,10.372063850742606,10.586515659702425,10.368773316114792,10.472261428833008,1006345200
2011-05-02,10.460595424457523,10.482429558114845,10.33377886587079,10.357108116149902,442713600
2011-05-03,10.408249988557902,10.465077978112776,10.337363754485654,10.414530754089355,313348000
2011-05-04,10.416329924375743,10.523107777109303,10.375054478736669,10.455512046813965,389250400
2011-05-05,10.420514342121997,10.496784442966401,10.350227102606082,10.371164321899414,335969200
2011-05-06,10.459100276785053,10.468372076363492,10.35501476240304,10.368474006652832,280134400
2011-05-09,10.40436134618978,10.444441160483679,10.364581832997342,10.396585464477539,204747200
2011-05-10,10.435172637013649,10.45910089368988,10.368474618212288,10.451922416687012,282091600
2011-05-11,10.439061920163867,10.468373237440943,10.326003297517866,10.385522842407227,336000000
2011-05-12,10.35232333834431,10.382232859056295,10.237171404067466,10.365781784057617,322000000
2011-05-13,10.338561957435202,10.356207843366763,10.179741795992259,10.18422794342041,326116000
2011-05-16,10.145349306940957,10.205766558246554,9.947944382275088,9.968881607055664,449775200
2011-05-17,9.929997959139182,10.053823471069336,9.89201225765175,10.053823471069336,452334400
2011-05-18,10.063694466562351,10.200680530845718,10.049637016178707,10.165387153625488,334776400
2011-05-19,10.231488008852876,10.2413580148794,10.129495816783033,10.185128211975098,261170000
2011-05-20,10.156114685298984,10.197689626013984,10.02032504270128,10.026307106018066,337968400
2011-05-23,9.869279521238896,10.049036094472516,9.852829249815942,10.001778602600098,383600000
2011-05-24,10.034680572912624,10.046644697851079,9.910256069572378,9.93567943572998,321927200
2011-05-25,9.972766169506476,10.126203269467156,9.95541898781246,10.07296371459961,294224000
2011-05-26,10.048736491436708,10.076253175935191,10.0026754161052,10.019723892211914,222560800
2011-05-27,10.013743446160785,10.098387634194014,9.999087792313304,10.09180736541748,203599200
2011-05-31,10.202173130253575,10.403464317321777,10.19918130069718,10.403464317321777,417754400
2011-06-01,10.434570097984448,10.532074501297684,10.308351800780029,10.334073066711426,554682800
2011-06-02,10.363685888395072,10.40795235142351,10.297884799428232,10.35172176361084,338783200
2011-06-03,10.264389413476366,10.328694608588462,10.229394736347489,10.272165298461914,313250000
2011-06-06,10.339758256120772,10.380135978549426,10.103771090267381,10.110650062561035,461941200
2011-06-07,10.11454387343868,10.11603899042347,9.927009720742417,9.931197166442871,529785200
2011-06-08,9.923420661128688,10.013747445296532,9.889623192379744,9.937178611755371,333723600
2011-06-09,9.967383978009277,9.979946309711226,9.892609791415623,9.914743423461914,275088800
2011-06-10,9.886629398266697,9.919829452606034,9.735884587079903,9.747550010681152,433955200
2011-06-13,9.786429503842442,9.819629550298702,9.72272253697699,9.768484115600586,329473200
2011-06-14,9.870178573672957,9.967385107123675,9.84954085430424,9.943158149719238,334569200
2011-06-15,9.862700655086194,9.879150928847835,9.717040217736066,9.772972106933594,399196000
2011-06-16,9.777456461851996,9.83069521495169,9.52113110171964,9.72541332244873,510591200
2011-06-17,9.839968289196305,9.847744969977123,9.551937987247959,9.578856468200684,615020000
2011-06-20,9.492118184150144,9.502287688951949,9.286938261658305,9.431102752685547,640645600
2011-06-21,9.471783211597772,9.744558127955061,9.427516738940204,9.72960376739502,493382400
2011-06-22,9.725410582031822,9.837273509719944,9.642261543122467,9.649141311645508,390583200
2011-06-23,9.539376062716455,9.920724154243834,9.514851204248862,9.906966209411621,559759200
2011-06-24,9.911152915499876,9.964391669495038,9.723320163683374,9.761006355285645,439807200
2011-06-27,9.79809980785251,9.986829574932443,9.787930296865692,9.931197166442871,339813600
2011-06-28,9.979347651416216,10.070572114308915,9.973066884683698,10.027502059936523,294299600
2011-06-29,10.050835439667761,10.060705447428427,9.92641088561156,9.991016387939453,352545200
2011-06-30,10.01075354945105,10.05352490200932,9.955121959018275,10.039765357971191,322954800
2011-07-01,10.04813989001986,10.273957576511737,9.995798036868276,10.266779899597168,435313200
2011-07-05,10.259006424036215,10.463289546283962,10.244052060560987,10.451325416564941,355054000
2011-07-06,10.43696441683823,10.590999731928337,10.36996691371868,10.521010398864746,444626000
2011-07-07,10.60805137896502,10.70764995467193,10.588011064128905,10.683722496032715,399663600
2011-07-08,10.568268565842734,10.76746726777044,10.534171605862069,10.758792877197266,489633200
2011-07-11,10.657995340212802,10.760585697879248,10.55271265554467,10.588006019592285,442674400
2011-07-12,10.573953865405562,10.698079706502682,10.427097776664237,10.580534934997559,451609200
2011-07-13,10.7175172304151,10.767467055490277,10.65919331608786,10.708246231079102,391638800
2011-07-14,10.79767741875774,10.815623610732784,10.657999818582416,10.700770378112793,430533600
2011-07-15,10.802459531725129,10.917013224288027,10.742640508748233,10.914620399475098,484467200
2011-07-18,10.929878313727029,11.20564508635188,10.925392164874838,11.180222511291504,572653200
2011-07-19,11.305840940542248,11.32528224705732,11.165863853103078,11.271445274353027,819145600
2011-07-20,11.84780232847559,11.852288476048507,11.54511635303145,11.57203483581543,941340400
2011-07-21,11.573530673793083,11.666548950408979,11.482306217255834,11.583700180053711,526534400
2011-07-22,11.614506188223263,11.815798191650826,11.597457710027294,11.763456344604492,516728800
2011-07-25,11.675223552316941,11.963852103178088,11.653390220289074,11.918988227844238,589806000
2011-07-26,11.96385235579708,12.098446380660508,11.954281853429801,12.065844535827637,476582400
2011-07-27,11.981497788861855,12.042812731726443,11.729060341047536,11.742220878601074,659324400
2011-07-28,11.71320838036264,11.873822356935626,11.60882339217195,11.719189643859863,594034000
2011-07-29,11.594167640957998,11.818788882178056,11.485296506398518,11.679110527038574,632584400
2011-08-01,11.89745606269522,11.948900221459168,11.73564480756301,11.866649627685547,612836000
2011-08-02,11.893562106635164,11.901039284348041,11.615402629781112,11.63215160369873,639539600
2011-08-03,11.694065926050317,11.770934233130918,11.432656976175423,11.741622924804688,732508000
2011-08-04,11.64710805173262,11.704234750054,11.286397681525935,11.286995887756348,871407600
2011-08-05,11.378821496498158,11.470345476125189,10.844336470536442,11.174837112426758,1204590800
2011-08-08,10.81801274819275,10.999863451600858,10.558696333466836,10.564379692077637,1143833600
2011-08-09,10.806347002425808,11.204444827283739,10.617916049973838,11.186498641967773,1082583600
2011-08-10,11.100962612182252,11.205646352397565,10.84224509278141,10.877837181091309,878656800
2011-08-11,11.082114779507629,11.229569821717279,10.90863896397264,11.177227973937988,741969200
2011-08-12,11.307934403360143,11.354892403142573,11.193081980522953,11.275632858276367,528976000
2011-08-15,11.354594662459336,11.514312574442451,11.308533568945068,11.467653274536133,460544000
2011-08-16,11.411120187962098,11.466453062884465,11.247813091730787,11.380013465881348,498750000
2011-08-17,11.43474959632226,11.500849387893732,11.305838949426523,11.37881851196289,442061200
2011-08-18,11.091689116042476,11.145826396029703,10.808444375044742,10.948421478271484,851435200
2011-08-19,10.832373761687075,10.97683782733869,10.647831460307554,10.648728370666504,775888400
2011-08-22,10.902357919663118,10.91342513411278,10.620609178332252,10.66098690032959,535315200
2011-08-23,10.776439797430125,11.175434617566378,10.67773815309842,11.174238204956055,656835200
2011-08-24,11.170350902841202,11.334554960719721,11.08451028368166,11.2514066696167,626267600
2011-08-25,10.91940829289698,11.229571484285495,10.917015467592357,11.177827835083008,871346000
2011-08-26,11.101559715191033,11.479318691758527,11.090493295511427,11.472739219665527,641477200
2011-08-29,11.610319198424593,11.709619839008854,11.604936140824474,11.663857460021973,405269200
2011-08-30,11.61241321906155,11.71978925117422,11.551397774975362,11.664456367492676,417922400
2011-08-31,11.68180640182315,11.72696978653239,11.421293507446181,11.510125160217285,522586400
2011-09-01,11.53973193355317,11.585194006191463,11.387192551323809,11.396464347839355,343725200
2011-09-02,11.20833624090048,11.305842287596985,11.121300004304677,11.187699317932129,438939200
2011-09-06,10.98789952147383,11.375528386059582,10.961279742686044,11.357882499694824,509698000
2011-09-07,11.531959372363687,11.533155785159058,11.425480230922396,11.483206748962402,350576800
2011-09-08,11.437439742718043,11.62317916020464,11.43474821435147,11.489482879638672,416158400
2011-09-09,11.48320705452866,11.545119421653093,11.216711288645325,11.290289878845215,564813200
2011-09-12,11.156293052083871,11.391979951950711,11.123391704599257,11.363865852355957,467832400
2011-09-13,11.429668415403565,11.551400629853893,11.373139105173934,11.50384521484375,440560400
2011-09-14,11.575624934533753,11.730855875122836,11.53793873636315,11.643818855285645,534724400
2011-09-15,11.707527634910122,11.774226444986597,11.661766047102958,11.753289222717285,417818800
2011-09-16,11.830455325620179,11.978806495666504,11.815201464202687,11.978806495666504,698513200
2011-09-19,11.874121969410883,12.359555569600934,11.820285801776775,12.311699867248535,823860800
2011-09-20,12.419973520312217,12.64758662372534,12.298540836656912,12.36613655090332,775754000
2011-09-21,12.551276605196959,12.609600519304033,12.32276739766691,12.32695484161377,605976000
2011-09-22,11.994656851612358,12.257562477182086,11.865148009240574,12.018284797668457,968480800
2011-09-23,11.972228316622997,12.165444980320874,11.959367279034325,12.0924654006958,546277200
2011-09-26,11.959666971092922,12.082895097191006,11.703641013554856,12.05866813659668,812876400
2011-09-27,12.22496001669518,12.24051257788028,11.9058246239224,11.941716194152832,632497600
2011-09-28,11.969533672880305,12.075713286084607,11.859466118368855,11.874422073364258,429637600
2011-09-29,12.021279147266986,12.029952739342447,11.551398078668505,11.681804656982422,651086800
2011-09-30,11.57861575328353,11.631556610445339,11.400952479078878,11.405139923095703,547640800
2011-10-03,11.37672706895739,11.444621490430796,11.161377583143413,11.204147338867188,669099200
2011-10-04,11.203252470218093,11.419498905591825,10.595190403097252,11.141339302062988,1233677200
2011-10-05,11.002554086698954,11.360272577426965,10.776436955028634,11.313315391540527,786469600
2011-10-06,11.166160625232639,11.508626104748345,11.12039904661589,11.286995887756348,812582400
2011-10-07,11.239440895987133,11.298063515508991,11.021399892990605,11.06058120727539,535458000
2011-10-10,11.33844358504708,11.629164695739746,11.312122504501518,11.629164695739746,442514800
2011-10-11,11.741625427068305,12.058967129713807,11.709622583064728,11.972527503967285,605687600
2011-10-12,12.183389585065004,12.240516292891735,11.968040098323591,12.0293550491333,622286000
2011-10-13,12.112801629764128,12.215991020202637,12.049094654448783,12.215991020202637,426185200
2011-10-14,12.467230645890782,12.62186336517334,12.420570559088697,12.62186336517334,573367200
2011-10-17,12.614088452711355,12.762440426600495,12.440611813175186,12.561746597290039,686044800
2011-10-18,12.614682816070745,12.705908060597144,12.442104725680112,12.629039764404297,881602400
2011-10-19,12.004231024253158,12.215691767735345,11.898051398765501,11.922577857971191,1104059600
2011-10-20,11.963850631463867,11.974318841131591,11.790674320923491,11.82357406616211,549270400
2011-10-21,11.907020334986768,11.938126254198162,11.687183981101377,11.750592231750488,621244400
2011-10-24,11.849599476129884,12.158265982647874,11.826270225894705,12.136432647705078,502138000
2011-10-25,12.11429601808874,12.159758893233976,11.885488123459462,11.897151947021484,430427200
2011-10-26,12.016492539841813,12.040122087886347,11.758970719290353,11.98179817199707,456304800
2011-10-27,12.18996657072554,12.233037417700524,12.020379503463998,12.1041259765625,494664800
2011-10-28,12.053581178939588,12.153778742285308,12.03892552322723,12.111905097961426,322842800
2011-10-31,12.03623146457203,12.24290731494175,11.995254739015873,12.106818199157715,385501200
2011-11-01,11.886387746778263,11.948898315864877,11.761066307409447,11.859468460083008,531790000
2011-11-02,11.966543001590981,11.977011211296112,11.817592046102497,11.886384963989258,327350800
2011-11-03,11.936038523279871,12.065547420754873,11.82507402524042,12.05567741394043,441386400
2011-11-04,12.024574247446312,12.066746612703827,11.938733601166506,11.971035957336426,302229200
2011-11-07,11.96115896192014,11.963850490581528,11.848100382024368,11.955774307250977,270275600
2011-11-08,12.029954067649674,12.203131217831555,12.010512759950466,12.150190353393555,400442000
2011-11-09,11.873224842580298,11.990470871932791,11.791272982089842,11.822677612304688,558684000
2011-11-10,11.875021050041696,11.880404907029067,11.429965921838987,11.521788597106934,744752400
2011-11-11,11.563364758581903,11.62587613317554,11.373438607728874,11.50384521484375,653786000
2011-11-14,11.470942555646067,11.522687007170346,11.311823655035914,11.343527793884277,432905200
2011-11-15,11.389586134686562,11.649799452676758,11.349208412586323,11.6297607421875,430810800
2011-11-16,11.64232345079695,11.698852746654094,11.494868397071619,11.508328437805176,349210400
2011-11-17,11.48470219325471,11.502648386945285,11.231069045149297,11.288196563720703,479900400
2011-11-18,11.33335702615259,11.365359865291968,11.212521749197458,11.214316368103027,371938000
2011-11-21,11.078525354864698,11.116810553423464,10.944231650824685,11.036952018737793,447980400
2011-11-22,11.09707125374696,11.303747140684068,11.09467842851234,11.261275291442871,409021200
2011-11-23,11.201458704649298,11.241239036363758,10.973248123154466,10.97653865814209,428271200
2011-11-25,11.019305160628628,11.100958318627539,10.866765758662881,10.87424373626709,254760800
2011-11-28,11.13685274082726,11.267558046980232,11.076435490336564,11.249611854553223,346413200
2011-11-29,11.241237918426064,11.330667781903461,11.072547700653464,11.162276268005371,375855200
2011-11-30,11.404241289220066,11.433851297996357,11.314810660674006,11.431458473205566,405938400
2011-12-01,11.44163309725704,11.634848993514211,11.388094816621198,11.602846145629883,387181200
2011-12-02,11.659668733113712,11.773325512579147,11.622282044450776,11.655780792236328,379055600
2011-12-05,11.76914153675763,11.856478068410206,11.676421946511354,11.75478458404541,357210000
2011-12-06,11.739830801096055,11.803239880020577,11.646214296037197,11.693171501159668,283598000
2011-12-07,11.662660866108428,11.692869882057957,11.567847173230037,11.637537002563477,304746400
2011-12-08,11.708127541868462,11.829261550093157,11.67163774785802,11.68449878692627,376356400
2011-12-09,11.750000532531727,11.785592615546163,11.695564548461672,11.773030281066895,296993200
2011-12-12,11.715005761162569,11.781405074090081,11.648307744372339,11.719791412353516,301067200
2011-12-13,11.754486136162289,11.826270102613151,11.578019248598808,11.629164695739746,338928800
2011-12-14,11.56605637006752,11.586395389049086,11.29627165472932,11.371344566345215,406887600
2011-12-15,11.465259258838344,11.477522089265698,11.31511266471368,11.333955764770508,256200000
2011-12-16,11.37642584064295,11.489783127126904,11.352797093632919,11.39616584777832,421478400
2011-12-19,11.43953556180093,11.510720507615856,11.380014439754714,11.431758880615234,235530400
2011-12-20,11.597755966991418,11.84720316292385,11.582801610510426,11.842716217041016,337215200
2011-12-21,11.864851322196142,11.883097014318059,11.724874237815685,11.857673645019531,262948000
2011-12-22,11.87412299912006,11.937831572298554,11.847205312305361,11.920483589172363,202358800
2011-12-23,11.954576832871844,12.071224631943211,11.948594771585148,12.063447952270508,269399200
2011-12-27,12.05657104077698,12.235729414217655,12.054177417180323,12.159160614013672,265076000
2011-12-28,12.169929340382025,12.210605770124138,12.003930691513187,12.042813301086426,228662000
2011-12-29,12.065546889430369,12.132843912214685,11.97910885896695,12.11699104309082,215978000
2011-12-30,12.068836389519557,12.151686777268672,12.06823898179761,12.113402366638184,179662000
2012-01-03,12.245004047749019,12.337723632941984,12.233039921140891,12.299737930297852,302220800
2012-01-04,12.262944226692184,12.402922061607073,12.241409605221538,12.365833282470703,260022000
2012-01-05,12.411002851224561,12.518676804155074,12.342808123069357,12.503124237060547,271269600
2012-01-06,12.555166977704031,12.644297328712831,12.5387167022535,12.633829116821289,318292800
2012-01-09,12.72654849721382,12.793844710241878,12.60242268487397,12.613788604736328,394024400
2012-01-10,12.738811263125324,12.741503591005689,12.606909559841455,12.658952713012695,258196400
2012-01-11,12.642201234827132,12.647286387395624,12.54140627493996,12.638313293457031,215084800
2012-01-12,12.630239357903685,12.648782955498568,12.524657937124418,12.603619575500488,212587200
2012-01-13,12.553073215267382,12.57550475481812,12.521966485849804,12.55636215209961,226021600
2012-01-17,12.687663443162165,12.741202501503011,12.650575455511326,12.702618598937988,242897200
2012-01-18,12.770215316722766,12.845288207977948,12.750475308209058,12.834521293640137,276791200
2012-01-19,12.865628338992744,12.902117327797745,12.756757182888084,12.793845176696777,261738400
2012-01-20,12.786069010737858,12.78636771457843,12.55456794358173,12.57101821899414,413974400
2012-01-23,12.641904436554807,12.814782877803466,12.630838018365782,12.783676147460938,306062400
2012-01-24,12.714584021856203,12.714584021856203,12.54858536982371,12.574307441711426,547638000
2012-01-25,13.592129795244757,13.592428499008205,13.271797962507321,13.3594331741333,958314000
2012-01-26,13.410280161892766,13.42314039743311,13.254152334022391,13.298717498779297,323985200
2012-01-27,13.29004550065294,13.413871812721558,13.272997818563773,13.37798023223877,299709200
2012-01-30,13.331023540988467,13.575983876040885,13.321453037041946,13.54936408996582,379341200
2012-01-31,13.626529819702219,13.705790169922501,13.551157411691452,13.653149604797363,391683600
2012-02-01,13.710875089019746,13.728222274399137,13.62533397746936,13.644474983215332,270046000
2012-02-02,13.635799873080742,13.673784773855655,13.57837366754,13.612470626831055,186796400
2012-02-03,13.677677146807081,13.758432615330673,13.625633988330003,13.748861312866211,286599600
2012-02-06,13.709977236980336,13.907380537271937,13.704594178590096,13.877171516418457,249412800
2012-02-07,13.915456876648241,14.050050908711816,13.895416564685773,14.022533416748047,316223600
2012-02-08,14.072479626923153,14.260610293966229,14.04855137783967,14.25732135772705,407890000
2012-02-09,14.379356327762538,14.857611560409644,14.373374263788325,14.750535011291504,884214800
2012-02-10,14.684434828934137,14.883631963513498,14.61235135920828,14.758011817932129,631302000
2012-02-13,14.94075596192085,15.069367907845821,14.867776397791733,15.03257942199707,517216000
2012-02-14,15.094194221954853,15.240750776744953,15.014635177546891,15.237760543823242,460398400
2012-02-15,15.381325843082145,15.741137735299969,14.861795270328129,14.885126113891602,1506120000
2012-02-16,14.700585021147555,15.101074993487627,14.554924568184838,15.020916938781738,944552000
2012-02-17,15.047828042678196,15.187207659822429,14.963782087217192,15.018218040466309,535805200
2012-02-21,15.16059532976335,15.398975372314453,15.078044449614318,15.398975372314453,605595200
2012-02-22,15.346034555115953,15.418116424868694,15.226096176525905,15.34483814239502,483302400
2012-02-23,15.405852710745027,15.488104882584341,15.238957139108354,15.44503402709961,568027600
2012-02-24,15.543135879957962,15.639743391440797,15.512329456901448,15.62508773803711,415072000
2012-02-27,15.592189481139965,15.807240261214462,15.441744983847114,15.725288391113281,547582000
2012-02-28,15.791098757989145,16.013925552368164,15.727989151979592,16.013925552368164,600387200
2012-02-29,16.19785693135452,16.378810713183913,16.022586507772967,16.22417640686035,952011200
2012-03-01,16.395556866082533,16.39675487568339,16.11440637560763,16.28489112854004,683270000
2012-03-02,16.278018371597287,16.35458558668021,16.226572627528867,16.306133270263672,431712400
2012-03-05,16.31331362983988,16.374926492551,15.732467199958862,15.946621894836426,809124400
2012-03-06,15.662473390573949,15.962466194478806,15.439945489564991,15.85987663269043,810238800
2012-03-07,16.05549222085559,16.084803535480262,15.651711690422134,15.8727445602417,798520800
2012-03-08,15.992382538020355,16.24063259909942,15.915515013606552,16.210723876953125,516457200
2012-03-09,16.277123722162525,16.38270516192945,16.24422316670125,16.305837631225586,418919200
2012-03-12,16.419792020148734,16.510120391845703,16.360570382619066,16.510120391845703,407282400
2012-03-13,16.67581238694278,16.994050081753326,16.622272535542333,16.991657257080078,690855200
2012-03-14,17.28926712064256,17.787859821418433,17.210005164696152,17.634124755859375,1418844000
2012-03-15,17.934115497502034,17.946079625128302,17.304219352773632,17.513885498046875,1159718000
2012-03-16,17.488757769664687,17.62275278093743,17.287765252755573,17.51418113708496,825487600
2012-03-19,17.897022693494808,17.998714551772515,17.618264996502564,17.978675842285156,901236000
2012-03-20,17.931122667631204,18.152153903468072,17.69094883036438,18.124040603637695,816662000
2012-03-21,18.02773206515054,18.234407968771865,17.98795333909706,18.020553588867188,644042000
2012-03-22,17.879376747580338,18.080370851321423,17.812080541662734,17.926036834716797,623870800
2012-03-23,17.960427645263138,17.999608945741375,17.77827748677992,17.82762908935547,430488800
2012-03-26,17.939494082572395,18.159630781305225,17.804005562369678,18.154544830322266,595742000
2012-03-27,18.130623753118705,18.432710805172565,18.127034514622288,18.378873825073242,607129600
2012-03-28,18.49551619138832,18.587339658925128,18.25414594333953,18.47278594970703,655460400
2012-03-29,18.32801527036319,18.44107381414074,18.162017489553804,18.240678787231445,608238400
2012-03-30,18.208083626849366,18.2616218881939,17.88416252999481,17.93231773376465,731038000
2012-04-02,18.00050873559921,18.50717736705382,17.957139188846675,18.50299072265625,598351600
2012-04-03,18.76231487246712,18.90917335834854,18.61904881998988,18.82273292541504,834559600
2012-04-04,18.67407658527212,18.71923996074658,18.454240173266477,18.672880172729492,572980800
2012-04-05,18.75273754291141,18.982443934938075,18.64566102760864,18.95313262939453,641298000
2012-04-09,18.727316698633608,19.137377925006295,18.70249233564967,19.029403686523438,597536800
2012-04-10,19.14007075730099,19.261802950047038,18.723430032051606,18.796409606933594,889725200
2012-04-11,19.028512729694484,19.048551447794598,18.643873169727236,18.729415893554688,696614800
2012-04-12,18.693522242063917,18.88285097698609,18.558928195700833,18.62682342529297,614336800
2012-04-13,18.666907119789215,18.684554612647403,18.05076873906709,18.10221290588379,859644800
2012-04-16,18.246671344355576,18.253250815804986,17.295246867427064,17.351476669311523,1050786800
2012-04-17,17.315889220577873,18.24488080764977,17.10562401628645,18.23590850830078,1025528000
2012-04-18,18.356130565046925,18.551441244393537,18.026824926530022,18.19521713256836,954531200
2012-04-19,17.952359202653316,18.087251937339946,17.482777607207158,17.570114135742188,834719200
2012-04-20,17.687952062567724,17.784859857908177,17.0610464168586,17.137615203857422,1030985200
2012-04-23,17.066738277974235,17.247990831610238,16.648302067904467,17.09933853149414,966529200
2012-04-24,16.82746150174514,16.97940274824039,16.59984913456971,16.75777244567871,1076149200
2012-04-25,18.41356979820139,18.484156564077754,18.125240670015994,18.2448787689209,905777600
2012-04-26,18.37259204837886,18.385155182192303,18.009489527598515,18.17608642578125,536068400
2012-04-27,18.097427698554068,18.130626962512498,17.960739504970025,18.035512924194336,406722400
2012-04-30,17.879978924424638,17.897925114968487,17.437315808423428,17.46662712097168,506144800
2012-05-01,17.49414068683618,17.848868188232522,17.384372641335574,17.411291122436523,610999200
2012-05-02,17.35476605549874,17.56891915117918,17.3134906132427,17.526447296142578,427389200
2012-05-03,17.661647836313854,17.688566336623847,17.356568837221396,17.40203094482422,390549600
2012-05-04,17.26024342823814,17.298527019436293,16.90401930034978,16.90641212463379,529992400
2012-05-07,16.794264900418487,17.131346707379887,16.786188712574347,17.032943725585938,460118400
2012-05-08,17.03592572831041,17.093351932601426,16.711407214500863,16.99405288696289,497252000
2012-05-09,16.860058291716268,17.167529931145634,16.77481589325117,17.023962020874023,480704000
2012-05-10,17.185472696620547,17.224355302129986,17.001828978347234,17.06403923034668,333200000
2012-05-11,16.898937350598143,17.182181975439,16.879496049863107,16.950082778930664,399546000
2012-05-14,16.826264561357586,16.97401755931798,16.677613854396515,16.696157455444336,352626400
2012-05-15,16.792761393620133,16.845700650701957,16.502636949575866,16.545108795166016,476336000
2012-05-16,16.571437515670876,16.656381246039725,16.18231255188953,16.333057403564453,560896000
2012-05-17,16.310022688405578,16.37552508906303,15.855695724487305,15.855695724487305,717220000
2012-05-18,15.970548533495807,16.253194266271407,15.618213752420242,15.863471984863281,732292400
2012-05-21,15.986695809791877,16.795451429521226,15.973234972190834,16.787673950195312,631106000
2012-05-22,17.035021281193643,17.16453089009959,16.527456642476476,16.65876007080078,694870400
2012-05-23,16.67461184994659,17.132230713940896,16.546899245071195,17.06523323059082,584897600
2012-05-24,17.22406028303289,17.242904182273804,16.786182821719564,16.90851402282715,496230000
2012-05-25,16.88668119634307,16.92436740039238,16.703633234954914,16.817888259887695,328507200
2012-05-29,17.075405563186404,17.168125128901938,16.90821132166339,17.11638069152832,380508800
2012-05-30,17.02455871863394,17.34728337650167,16.945597097491508,17.322757720947266,529429600
2012-05-31,17.369718152137533,17.39244999200476,17.092158409965613,17.279691696166992,491674400
2012-06-01,17.023365226833473,17.127750230076643,16.764946493192873,16.779003143310547,520987600
2012-06-04,16.794257637232636,16.973714734408404,16.40543312801184,16.877704620361328,556995600
2012-06-05,16.787375478848347,16.94290589936385,16.69944156165401,16.834033966064453,388214400
2012-06-06,16.981786512645975,17.16363638782831,16.91389131351887,17.092153549194336,401455600
2012-06-07,17.266534333555466,17.267430445178782,17.063447645875673,17.099937438964844,379766800
2012-06-08,17.09634331004442,17.36493232613053,17.01857809473201,17.357154846191406,347516400
2012-06-11,17.578487988775024,17.601817236051648,17.067332280711867,17.083484649658203,591264800
2012-06-12,17.181891436119184,17.24649453697788,16.949792129322834,17.232736587524414,435380400
2012-06-13,17.183679160050083,17.30212079851325,17.05985286686117,17.11309242248535,293580000
2012-06-14,17.08557422738262,17.153170729676734,16.966535186301652,17.094247817993164,345573200
2012-06-15,17.078400749631765,17.186673708078366,17.035031186543915,17.17201805114746,335255200
2012-06-18,17.07720316189503,17.5835716007849,17.05955567726428,17.520462036132812,440412000
2012-06-19,17.449279309403302,17.64668260626296,17.440307013126652,17.569217681884766,361404400
2012-06-20,17.593141804300036,17.624248528980573,17.37151158232716,17.51926612854004,358943200
2012-06-21,17.510300649169157,17.59344896099479,17.27102282870301,17.277902603149414,326351200
2012-06-22,17.318869609448264,17.41308428977041,17.210596684212156,17.41039276123047,284471600
2012-06-25,17.266829011664125,17.341603998349136,17.059555726027245,17.07151985168457,304382400
2012-06-26,17.088274848438395,17.182789881495985,16.968636738822923,17.10921287536621,276536400
2012-06-27,17.198033121688365,17.250076260648655,17.105912564707957,17.18307876586914,202997200
2012-06-28,17.098446736639435,17.168135806150172,16.917194137243342,17.020082473754883,282836400
2012-06-29,17.287767318699633,17.467226028442383,17.175606423783773,17.467226028442383,421500800
2012-07-02,17.48906005406007,17.75046903853292,17.455261794934234,17.722055435180664,400092000
2012-07-03,17.792640969788504,17.94577858880738,17.766321489778345,17.928131103515625,241712800
2012-07-05,17.962523214308828,18.374678490517727,17.935306030891237,18.24307632446289,484383200
2012-07-06,18.157839875151186,18.19821760784211,17.993038409956633,18.12164878845215,418930400
2012-07-09,18.10429959877065,18.361521924645817,18.068707521064177,18.361223220825195,379405600
2012-07-10,18.48325622084076,18.540085028527628,18.104600365973997,18.19133949279785,511957600
2012-07-11,18.128824021337017,18.174885105740387,17.86262941758988,18.078277587890625,469322000
2012-07-12,17.95295706015484,18.049564582800564,17.726839869502005,17.912878036499023,428041600
2012-07-13,18.034014477271807,18.160829433237197,17.945780237400584,18.094430923461914,311427200
2012-07-16,18.098912306903806,18.29332372294643,18.09592047735753,18.152450561523438,301260400
2012-07-17,18.26850194090361,18.289738662434285,18.039991942009873,18.153350830078125,293624800
2012-07-18,18.14287895928892,18.195220800683874,18.052251923358014,18.13300895690918,252700000
2012-07-19,18.283166304715607,18.404898541054454,18.12524297180379,18.37409210205078,436861600
2012-07-20,18.335494867475585,18.377667998869903,18.05643850604134,18.074384689331055,397471200
2012-07-23,17.778281199892348,18.122242581848802,17.578186414450546,18.06032943725586,487975600
2012-07-24,18.16650639210383,18.2352993004211,17.901207955628326,17.973291397094727,565132400
2012-07-25,17.181880961026025,17.371506696280342,17.048483402186147,17.197134017944336,877312800
2012-07-26,17.340406012249495,17.3595486133275,17.059257045649005,17.194448471069336,406632800
2012-07-27,17.198338560581607,17.521961012416376,17.096047669315098,17.501920700073242,403936400
2012-07-30,17.674196283738073,17.929025735944347,17.58147512126876,17.7971248626709,379142400
2012-07-31,18.042379703904455,18.295715590790426,18.027126646590528,18.26759910583496,462327600
2012-08-01,18.421647753971953,18.43630341450852,18.03551302919736,18.14946937561035,384501600
2012-08-02,18.030720321364047,18.265509481199267,17.95325381150584,18.17877197265625,332158400
2012-08-03,18.35344824580737,18.483555330307627,18.291535087195797,18.415361404418945,344920800
2012-08-06,18.462915298754282,18.68963150105217,18.402200152527946,18.620241165161133,302103200
2012-08-07,18.626816846189513,18.69351563940205,18.4853446740836,18.571186065673828,290446800
2012-08-08,18.52572141880616,18.660016706793645,18.457228809276277,18.539779663085938,244706000
2012-08-09,18.558999800367907,18.67554844335034,18.55749826524387,18.645509719848633,221642400
2012-08-10,18.584842894947556,18.676457436486118,18.58454290861847,18.67465591430664,194938800
2012-08-13,18.725418450891286,18.923969268798828,18.721212226032446,18.923969268798828,278832400
2012-08-14,18.980143034950363,19.182600118487386,18.930279531990227,18.974735260009766,340169200
2012-08-15,18.963013102494216,19.044115253462202,18.856378436398323,18.948894500732422,257342400
2012-08-16,18.960324767898506,19.127035409310377,18.938996855565378,19.11441993713379,254534000
2012-08-17,19.224352215256882,19.470363456636942,19.18860732121805,19.467960357666016,442761200
2012-08-20,19.525030899666,19.979806900024414,19.52172623791166,19.979806900024414,613384800
2012-08-21,20.15013029979278,20.272085201743096,19.53464963147872,19.706768035888672,812719600
2012-08-22,19.657497353751197,20.095451646505023,19.46795736313769,20.0915470123291,565322800
2012-08-23,20.008643452004943,20.12248745076695,19.859654534198913,19.904111862182617,420128800
2012-08-24,19.810395934390076,20.10987535592056,19.691445731763906,19.921836853027344,437340400
2012-08-27,20.425574617315213,20.452008708297207,20.23182995957956,20.296112060546875,427008400
2012-08-28,20.275084286936618,20.30872767570195,20.145620125028916,20.269678115844727,267416800
2012-08-29,20.283187296332613,20.355878612611907,20.203586671483702,20.229719161987305,202806800
2012-08-30,20.144715269636492,20.172049313210742,19.910717953716663,19.941356658935547,302699600
2012-08-31,20.04288928754724,20.08344038182797,19.74250831596366,19.982513427734375,338321200
2012-09-04,19.998126588499126,20.279882641508742,19.96027859287946,20.274776458740234,367892000
2012-09-05,20.292795650204745,20.316225051545217,20.113468087161547,20.13239288330078,336375200
2012-09-06,20.220706058929988,20.374501122236694,20.149516286067136,20.313823699951172,391196400
2012-09-07,20.367297748568323,20.50036814608045,20.298812638802435,20.439090728759766,329666400
2012-09-10,20.439386967852663,20.524693754162477,19.888188695123716,19.907413482666016,487998000
2012-09-11,19.978612108383246,20.12850102850841,19.719983737712095,19.84284019470215,503983200
2012-09-12,20.03086921362319,20.122485340889646,19.704957393774134,20.11918067932129,712233200
2012-09-13,20.346876666122434,20.591086420332346,20.268777542593355,20.515390396118164,598360000
2012-09-14,20.72505231734847,20.935918621895837,20.66287173497578,20.76470184326172,600474000
2012-09-17,21.007106290181405,21.020623318482837,20.864726711512372,21.020023345947266,398031200
2012-09-18,21.023024125192542,21.09661700505584,20.919092530474202,21.084001541137695,373503200
2012-09-19,21.034444381389306,21.14648525491468,21.013718055024828,21.08971405029297,326874800
2012-09-20,21.001405901865482,21.028441572162894,20.83499527926821,20.98758888244629,336568400
2012-09-21,21.099019451315616,21.178920060668798,21.007403337111587,21.02933120727539,571589200
2012-09-24,20.631936104836363,20.880050477549936,20.5159889770659,20.749984741210938,639766400
2012-09-25,20.67398963057064,20.809763134322957,20.215608874844058,20.231830596923828,518789600
2012-09-26,20.087645680202353,20.206295885786595,19.861159214517276,19.980710983276367,576503200
2012-09-27,19.95397925440555,20.491059109597522,19.83562902122767,20.465526580810547,594090000
2012-09-28,20.388328289072195,20.45921811104702,20.027871431216727,20.03838539123535,535110800
2012-10-01,20.16033691411867,20.328250648257633,19.719979452657384,19.80678939819336,543594800
2012-10-02,19.879478556354982,20.01585200242854,19.544254305887886,19.864459991455078,627992400
2012-10-03,19.97109715214971,20.18136348660222,19.904111975594844,20.16904640197754,424281200
2012-10-04,20.163040033337925,20.253154641179517,19.991824845166793,20.02937126159668,370725600
2012-10-05,19.98130761224064,20.005336993977732,19.563178082082075,19.602527618408203,594006000
2012-10-08,19.43100767396037,19.45143400865341,19.1074973967643,19.169376373291016,637994000
2012-10-09,19.183800153867175,19.23906982320062,18.730225673357282,19.099693298339844,838597200
2012-10-10,19.216543078963852,19.37394286738095,19.13423933807553,19.25168800354004,510356000
2012-10-11,19.419603017576915,19.440629334741484,18.866901397705078,18.866901397705078,546081200
2012-10-12,18.910748382663897,19.085569768356432,18.782787412448616,18.915254592895508,460014800
2012-10-15,18.994573703832415,19.07807904221931,18.739249883332164,19.066965103149414,432502000
2012-10-16,19.085265609835943,19.533733692616806,18.95399840299618,19.518413543701172,549771600
2012-10-17,19.490786075785856,19.60853469446523,19.344500261225186,19.362823486328125,389037600
2012-10-18,19.21203976204105,19.286232647103112,18.923974243268542,19.00327491760254,476624400
2012-10-19,18.955511940823595,18.977138227821545,18.31179582695271,18.318405151367188,744086000
2012-10-22,18.395906275387812,19.08557978728186,18.346042763050047,19.045028686523438,546730800
2012-10-23,18.954005620041983,19.041117142888268,18.37427331808701,18.424135208129883,707145600
2012-10-24,18.666854165828976,18.82034776745855,18.34244208118252,18.528377532958984,558527200
2012-10-25,18.623587030645083,18.683664494351788,18.18953738164312,18.309389114379883,656325600
2012-10-26,18.306082647177014,18.44335763295072,17.752482910515443,18.142976760864258,1018432800
2012-10-31,17.869038507172952,18.08170799670712,17.653365945417256,17.88225555419922,510003200
2012-11-01,17.969363013581436,18.11294417586914,17.84770972977055,17.918899536132812,361298000
2012-11-02,17.899367136012856,17.93120738377848,17.26436370217559,17.32594108581543,599373600
2012-11-05,17.52780070931199,17.655461717143133,17.349974615517368,17.560842514038086,529135600
2012-11-06,17.72936474977762,17.7446833080868,17.424779064314322,17.50768280029297,374917200
2012-11-07,17.315761226286277,17.336883573950207,16.76989027339794,16.837785720825195,793648800
2012-11-08,16.91714331019871,16.965424797201354,16.1525037924078,16.226734161376953,1056146000
2012-11-09,16.307300418181978,16.743633821382204,16.105125748280614,16.50766372680664,929913600
2012-11-12,16.72160935164304,16.732171330584183,16.25389288687839,16.38002586364746,515802000
2012-11-13,16.261738161131337,16.610865201796752,16.184790750240182,16.382137298583984,532949200
2012-11-14,16.460596147209376,16.519438011443714,16.179362880889784,16.200485229492188,477170400
2012-11-15,16.220102719580503,16.279547309701712,15.770190311311762,15.86071491241455,789910800
2012-11-16,15.84803594064922,15.99287718249319,15.261127393609,15.922870635986328,1266893600
2012-11-19,16.316047028736737,17.12444093048561,16.29100222563031,17.07103157043457,823317600
2012-11-20,17.257521196600873,17.25872823376539,16.734584028678377,16.92559242248535,642754000
2012-11-21,17.02638553421805,17.12053124490119,16.79554321684222,16.949438095092773,373002000
2012-11-23,17.114493344911665,17.2602402933024,16.97659294552264,17.24515151977539,272826400
2012-11-26,17.37791884619633,17.80338893531666,17.311834775743947,17.789207458496094,630579600
2012-11-27,17.789815330831892,17.816068797410246,17.504659591427306,17.6458797454834,533330000
2012-11-28,17.419269656972133,17.676665247245772,17.268091788541746,17.590364456176758,520864400
2012-11-29,17.810034524159803,17.931639117872976,17.66006374406013,17.784082412719727,514698800
2012-11-30,17.706529414438172,17.755112262018372,17.582509154243887,17.660964965820312,391319600
2012-12-03,17.913537366342286,17.941901944678772,17.66760788269831,17.68842887878418,364280000
2012-12-04,17.555953795962218,17.555953795962218,17.26416019758406,17.37641143798828,557068400
2012-12-05,17.16699776329698,17.17725677506849,16.257515258685284,16.258119583129883,1044638000
2012-12-06,15.96089220995405,16.69626153153506,15.649784399154681,16.513099670410156,1177212400
2012-12-07,16.698979041236697,16.75329410797323,15.992878339066452,16.0909481048584,787040800
2012-12-10,15.842004994530098,16.249672654183957,15.738805702961116,15.98745059967041,630484400
2012-12-11,16.287690349766443,16.58310668444516,16.215269723605175,16.33657455444336,592345600
2012-12-12,16.529086066340398,16.53602693144492,16.182071818676835,16.264450073242188,487144000
2012-12-13,16.027576555344684,16.22341469508621,15.866138166522102,15.9835205078125,625259600
2012-12-14,15.532703131673054,15.634695350616912,15.255996722004138,15.383033752441406,1009579200
2012-12-17,15.357089158700356,15.691129153880015,15.124740065126861,15.655823707580566,757607200
2012-12-18,15.842006851221795,16.140741423165107,15.698673947844377,16.110567092895508,625685200
2012-12-19,16.037240160877808,16.10453129992046,15.857093421031516,15.881535530090332,449369200
2012-12-20,15.992879897285786,15.998915084348061,15.657331554282836,15.743330955505371,481689600
2012-12-21,15.46390700000687,15.6811688935432,15.396615874803796,15.670909881591797,596268400
2012-12-24,15.701689111744107,15.81937123168698,15.652200577388397,15.696256637573242,175753200
2012-12-26,15.660949208686866,15.674830943059519,15.423169312593231,15.479898452758789,302436400
2012-12-27,15.496197236905711,15.577972827514927,15.228241329745126,15.542064666748047,455120400
2012-12-28,15.398130496985184,15.524564880112136,15.3326491024507,15.377006530761719,354278400
2012-12-31,15.405360941398849,16.15582044861464,15.35919379272257,16.058353424072266,659492400
2013-01-02,16.711651862584453,16.747258656453155,16.343816519107673,16.56711196899414,560518000
2013-01-03,16.532416533748496,16.586430261739544,16.32481088561631,16.358003616333008,352965200
2013-01-04,16.203200504914253,16.253291750454373,15.867047846235717,15.902353286743164,594333600
2013-01-07,15.75147961515601,15.971758335651735,15.546288058816002,15.808813095092773,484156400
2013-01-08,15.96904119552355,16.049911094120493,15.728847186193946,15.851357460021973,458707200
2013-01-09,15.76656190465764,15.8423022815988,15.570121028724184,15.603616714477539,407604400
2013-01-10,15.949125684404125,15.954255190681812,15.555942501514966,15.797043800354004,601146000
2013-01-11,15.721304311874087,15.85166114084993,15.661556760455131,15.70018196105957,350506800
2013-01-14,15.16848919136307,15.313934764238715,15.04265918265751,15.140427589416504,734207600
2013-01-15,15.036326177169174,15.057147171968465,14.586110841405027,14.66275691986084,876772400
2013-01-16,14.925888601131616,15.372482942208986,14.861314492620732,15.271394729614258,690804800
2013-01-17,15.398728354522223,15.412005765480133,15.148878067168981,15.168490409851074,453678400
2013-01-18,15.042966062091969,15.154614632599456,14.978994675205733,15.087626457214355,472922800
2013-01-22,15.225218442923559,15.325399302807991,14.985928566613746,15.231554985046387,461546400
2013-01-23,15.353461520042934,15.539944717886964,15.231553999455755,15.51037311553955,861509600
2013-01-24,13.880613465837238,14.053517957874336,13.586404125077882,13.593949317932129,1460852400
2013-01-25,13.629859202687767,13.766853944399083,13.126233631115351,13.273488998413086,1208026400
2013-01-28,13.211624392559917,13.67571887027351,13.152179024868156,13.573726654052734,785517600
2013-01-29,13.835348154840005,13.886646433469787,13.642829737525677,13.828407287597656,571158000
2013-01-30,13.790083576048593,13.959065553954654,13.714646171484702,13.784954071044922,417155200
2013-01-31,13.789485748951874,13.858887992356571,13.72913548161192,13.744524002075195,319334400
2013-02-01,13.853756395665187,13.86492108868927,13.529071393973474,13.688094139099121,539484400
2013-02-04,13.696849113681505,13.758105072329736,13.337462075451452,13.347118377685547,477117200
2013-02-05,13.399319421329912,13.872769842847928,13.344098660362903,13.815436363220215,573347600
2013-02-06,13.774094817781325,14.076751817987013,13.656712434600815,13.800649642944336,593706400
2013-02-07,14.060148978838713,14.265017535468122,13.783042333003308,14.210993766784668,704580800
2013-02-08,14.386424259132006,14.532412771135823,14.211904244454665,14.416168212890625,633158400
2013-02-11,14.462305244676632,14.718469645173425,14.363665514312462,14.56640911102295,517490400
2013-02-12,14.553659373567887,14.64076783142043,14.19642716647436,14.20128345489502,609053200
2013-02-13,14.180341944437458,14.375499589198705,14.059241081492106,14.174271583557129,475207600
2013-02-14,14.09869300540337,14.314792919289554,14.083517918628022,14.161520004272461,355275200
2013-02-15,14.230115111616572,14.269876374547316,13.95908042858967,13.966364860534668,391745200
2013-02-19,13.99489447747439,14.044366694473313,13.77484920129554,13.961203575134277,435783600
2013-02-20,13.891397029360894,13.891397029360894,13.621574799371137,13.623093605041504,476302400
2013-02-21,13.536592893397534,13.632806887260761,13.440076597216056,13.538414001464844,447182400
2013-02-22,13.635234713826774,13.706558608185224,13.554803658419894,13.682581901550293,330654800
2013-02-25,13.774849992135788,13.81339556363661,13.43248897169051,13.439470291137695,372579200
2013-02-26,13.470427700463238,13.704738744310278,13.283465466761998,13.626736640930176,501499600
2013-02-27,13.610351245262969,13.732059990801144,13.374220620787145,13.493196487426758,587350400
2013-02-28,13.477412461018494,13.59335313002659,13.396982192993164,13.396982192993164,322515200
2013-03-01,13.293785779193511,13.29924991452392,13.050370788201239,13.065242767333984,552448400
2013-03-04,12.984200862200952,12.996341580575608,12.717111541653205,12.748980522155762,582755600
2013-03-05,12.79238307934309,13.208496093783785,12.770226672319735,13.08557415008545,638433600
2013-03-06,13.187858794999705,13.210319127125866,12.881919132976845,12.919251441955566,460250000
2013-03-07,12.88404571253845,13.111983301670067,12.779637938790811,13.068580627441406,468473600
2013-03-08,13.044906093422227,13.21578227909565,13.0087878547056,13.103179931640625,391482000
2013-03-11,13.043388775709113,13.324440800231175,12.90346979951235,13.289839744567871,474236000
2013-03-12,13.220941498862379,13.320492969376984,12.977221818005113,13.003323554992676,465911600
2013-03-13,13.003930536704821,13.187553642618935,12.910145509074155,13.000894546508789,405549200
2013-03-14,13.136867867015669,13.191803406644855,13.064632207460768,13.126852989196777,303875600
2013-03-15,13.291658297923613,13.482870569104417,13.271019075705624,13.465570449829102,643960800
2013-03-18,13.398499674163755,13.884420397283558,13.390912126946048,13.831610679626465,606197200
2013-03-19,13.946331575866168,13.99094912584412,13.612469889861714,13.79427433013916,526775200
2013-03-20,13.88320562322486,13.889579096984505,13.64555544982795,13.721129417419434,308660800
2013-03-21,13.66467408905341,13.900197551311397,13.661031873394345,13.740854263305664,383255600
2013-03-22,13.797005381474467,14.025244423971937,13.75238945308444,14.019478797912598,395105200
2013-03-25,14.103855872284957,14.263503919079513,14.015534965269751,14.07016658782959,501135600
2013-03-26,14.126620585012585,14.138761307571764,13.977597673140325,13.996111869812012,294294000
2013-03-27,13.854067890696024,13.864386693837911,13.680155696743869,13.721129417419434,331237200
2013-03-28,13.652535714256148,13.713237698072378,13.403656608055185,13.435221672058105,442839600
2013-04-01,13.412157333811376,13.466789779964184,12.98238625111522,13.01789665222168,389732000
2013-04-02,12.978131127088997,13.298030947048556,12.941708972488103,13.044599533081055,529519200
2013-04-03,13.092554832924538,13.271930312105429,13.060382737492189,13.111372947692871,363216000
2013-04-04,13.165095958507463,13.202730569217342,12.906807411023536,12.98177433013916,358447600
2013-04-05,12.884043998514393,12.897702713646419,12.737751565421979,12.844588279724121,383695200
2013-04-08,12.894669771216758,12.975100033491131,12.82304193819029,12.93594741821289,300829200
2013-04-09,12.94049704163011,13.005447459294208,12.830929074761569,12.959314346313477,306614000
2013-04-10,12.993310786926456,13.265257297082547,12.929876727699208,13.223675727844238,375928000
2013-04-11,13.163882836879823,13.293482202337294,13.087397912317247,13.182397842407227,328364400
2013-04-12,13.176932348216148,13.176932348216148,13.023356289317386,13.044905662536621,238613200
2013-04-15,12.959925311436612,12.986938015168347,12.733809611156401,12.742915153503418,317520000
2013-04-16,12.795117134295323,12.94808617538897,12.764766140510567,12.936857223510742,305771200
2013-04-17,12.755654987044599,12.765671483270054,12.083074699634013,12.225420951843262,945056000
2013-04-18,12.291893225909648,12.316173852620944,11.829038460569668,11.899149894714355,666299200
2013-04-19,11.775318816964315,12.12830256505214,11.68821036333158,11.853017807006836,609274400
2013-04-22,11.917057867897139,12.20721540854536,11.875477927209134,12.100074768066406,429920400
2013-04-23,12.261542178972208,12.394783736988224,12.104323105512927,12.326494216918945,664238400
2013-04-24,11.94437447172445,12.6032962581509,11.912808599128772,12.306159019470215,969651200
2013-04-25,12.48128745539755,12.563538823251273,12.352902153026726,12.394786834716797,384837600
2013-04-26,12.438189575591748,12.710135291936554,12.390841565510867,12.662484169006348,764097600
2013-04-29,12.761124852834156,13.16084963400752,12.747466945160014,13.054620742797852,640326400
2013-04-30,13.205767573571991,13.513831494206862,13.113803633916895,13.438863754272461,691538400
2013-05-01,13.489852401375718,13.504117342313279,13.184217471153254,13.332937240600586,506909200
2013-05-02,13.408511943279478,13.615202447217374,13.373608586618289,13.522026062011719,421828400
2013-05-03,13.697756461317717,13.756031915859838,13.632198195881687,13.657390594482422,361300800
2013-05-06,13.831301549626867,14.028281085509116,13.78881065034346,13.98305892944336,496641600
2013-05-07,14.112355693912347,14.136029291169434,13.770298553564947,13.9208402633667,483753200
2013-05-08,13.932372825039009,14.124496097816577,13.834339334462285,14.078058242797852,472598000
2013-05-09,14.048116930446804,14.14557720045161,13.918881848400119,13.955238342285156,398487600
2013-05-10,13.991903071713713,14.045063966290774,13.763068598193904,13.839142799377441,334852000
2013-05-13,13.794536605915493,13.98976391661551,13.794231486758779,13.893218994140625,316948800
2013-05-14,13.86602752331957,13.907272449270424,13.508568235106058,13.560812950134277,447118000
2013-05-15,13.417217534950463,13.473432873617439,12.903943575339213,13.102225303649902,741613600
2013-05-16,12.930831753757882,13.37719661168965,12.798236266755126,13.277291297912598,603204000
2013-05-17,13.413855921087277,13.445629913603694,13.168217921221805,13.236959457397461,427904400
2013-05-20,13.19571573183709,13.62008339587959,13.140416562967372,13.53239917755127,451578400
2013-05-21,13.386361754991535,13.610307786496039,13.265681422009362,13.4324951171875,456022000
2013-05-22,13.566617713363529,13.697991892349522,13.388499121258649,13.484127044677734,443038400
2013-05-23,13.319144012914103,13.631080125695126,13.314255581222739,13.508260726928711,353021200
2013-05-24,13.468848302028047,13.615803101241243,13.453877888629044,13.600221633911133,276166800
2013-05-28,13.745346497279254,13.782313227027277,13.468850663668915,13.486875534057617,386145200
2013-05-29,13.44288209115845,13.67202247445655,13.424550468897865,13.594114303588867,330576400
2013-05-30,13.615498036437693,13.885884115360804,13.580668775965112,13.796671867370605,353519600
2013-05-31,13.824781587569184,13.965322398220748,13.733126736328906,13.740154266357422,384302800
2013-06-03,13.77070707382451,13.820506765260015,13.51865334577733,13.770401954650879,372352400
2013-06-04,13.84677792407503,13.883746284727815,13.668660162575241,13.727319717407227,292728800
2013-06-05,13.61549952763516,13.770398870642591,13.556228917691238,13.59900188446045,290589600
2013-06-06,13.610001064304795,13.656745475113356,13.26109736208503,13.395831108093262,416934000
2013-06-07,13.335952040732922,13.541872399513517,13.221992478452059,13.498183250427246,404535600
2013-06-10,13.587393601747056,13.720294200651345,13.34511676364582,13.40896987915039,450153200
2013-06-11,13.31273084543524,13.527205115243666,13.238794118093983,13.369556427001953,286112400
2013-06-12,13.42760322392043,13.481069218509914,13.183186549374508,13.204267501831055,265227200
2013-06-13,13.213742242610977,13.3555027059447,13.099171645485745,13.319451332092285,285832400
2013-06-14,13.302344533896312,13.329536035641093,13.091534931410527,13.138891220092773,271866000
2013-06-17,13.181352839265545,13.311504056306825,13.14835674458147,13.198461532592773,259414400
2013-06-18,13.185023968243314,13.287067558979395,13.143779038812124,13.191439628601074,195025600
2013-06-19,13.180136279760903,13.188079983783298,12.923500061035156,12.923500061035156,310940000
2013-06-20,12.810454259922246,13.014540585640825,12.684274464003394,12.735296249389648,357310800
2013-06-21,12.78570451904303,12.831838682304804,12.468269756474234,12.63325023651123,481118400
2013-06-24,12.446884684449772,12.485380268853877,12.161223071278547,12.298401832580566,480746000
2013-06-25,12.394948898198896,12.458802009875132,12.185056309150815,12.301154136657715,314162800
2013-06-26,12.339955362203966,12.367146861936128,12.088206781980436,12.161837577819824,367724000
2013-06-27,12.197886901152135,12.263267231838343,12.023434654929456,12.030766487121582,337246000
2013-06-28,11.956832347380624,12.229049992104375,11.880757341902637,12.114786148071289,578516400
2013-07-01,12.302985269001688,12.595673597879978,12.258073209527666,12.50248908996582,391053600
2013-07-02,12.52510078419525,12.881642290988939,12.510130366422452,12.7857084274292,469865200
2013-07-03,12.85811730389627,12.922888224639244,12.753935432071314,12.856284141540527,240928800
2013-07-05,12.843756770707257,12.932357156727544,12.689774419930906,12.753016471862793,274024800
2013-07-08,12.835200085764477,12.862390762013172,12.546177286561807,12.6806058883667,298138400
2013-07-09,12.636306012693295,12.938770354663054,12.53792878100161,12.90363597869873,352584400
2013-07-10,12.819623618299149,12.978494449469807,12.77837868289602,12.854146957397461,281405600
2013-07-11,12.921970906314495,13.083896980306395,12.86758872279957,13.054566383361816,326292400
2013-07-12,13.065566193492174,13.13094735504611,12.936025978668546,13.030736923217773,279563200
2013-07-15,12.984905726098312,13.18196532687491,12.978489251554713,13.0591459274292,241917200
2013-07-16,13.031042246597957,13.159055235985807,12.959245423339839,13.143474578857422,216538000
2013-07-17,13.128195588307255,13.205186764304699,13.082978405989849,13.146831512451172,198990400
2013-07-18,13.24062437574925,13.286146670667936,13.155996260213131,13.191130638122559,218878800
2013-07-19,13.232073563301952,13.258959127264731,12.964743519323106,12.983075141906738,268721600
2013-07-22,13.12086572227712,13.12972559966273,12.998963273040225,13.024626731872559,207796400
2013-07-23,13.015153524883688,13.044483303539568,12.792429625905365,12.800984382629395,369395600
2013-07-24,13.41019121231435,13.583115437876927,13.2980656439914,13.458463668823242,591936800
2013-07-25,13.464269808822111,13.485655886943361,13.314869933636706,13.397054672241211,229493600
2013-07-26,13.299287112551001,13.47465554600039,13.26995733393872,13.473128318786621,200152400
2013-07-29,13.467322601228908,13.748095812701898,13.448991795934285,13.68088150024414,248057600
2013-07-30,13.747177101028896,13.96684651289034,13.724874039372994,13.849832534790039,309422400
2013-07-31,13.900856733281907,13.972652730764135,13.730986965955935,13.825697898864746,322957600
2013-08-01,13.92407502093745,13.956153315819218,13.84799920716011,13.952486991882324,206250800
2013-08-02,13.993121172539139,14.140992969386158,13.95187625346757,14.131521224975586,274783600
2013-08-05,14.197212301161674,14.379913409788708,14.119610872903953,14.342639923095703,318855600
2013-08-06,14.298951050551954,14.417187173455634,14.120221382485797,14.214322090148926,334857600
2013-08-07,14.170018573539595,14.267785588872268,14.107997811847808,14.206069946289062,298858000
2013-08-08,14.265425371989473,14.27280643596237,14.083669545902962,14.177777290344238,255777200
2013-08-09,14.10489239000404,14.16086464794966,13.951432255576707,13.976034164428711,266865200
2013-08-12,14.050148004893959,14.41273329604763,14.043074075281984,14.373062133789062,364434000
2013-08-13,14.48315861067442,15.212637180153871,14.394278729042034,15.056100845336914,881941200
2013-08-14,15.31166923058412,15.507569656053644,15.173892637912259,15.33073616027832,756372400
2013-08-15,15.2667647378576,15.450672118528088,15.041031333447863,15.312586784362793,490294000
2013-08-16,15.381484414549048,15.467288092417617,15.3418132297698,15.448528289794922,362306000
2013-08-19,15.510337145787346,15.799422283406903,15.49988145843777,15.614900588989258,510518400
2013-08-20,15.675483368148726,15.701931357564314,15.40208181476751,15.409770011901855,358688400
2013-08-21,15.48726671381517,15.596749183246096,15.413764869023426,15.449440002441406,335879600
2013-08-22,15.530021516384359,15.548781314166286,15.321510519377785,15.46789836883545,244207600
2013-08-23,15.477429063442083,15.479889418069526,15.356874971549974,15.408233642578125,222731600
2013-08-26,15.399930474428212,15.690554544636193,15.392242276355086,15.468204498291016,330965600
2013-08-27,15.315351154630322,15.454052370357589,14.955533439347937,15.025959014892578,424188800
2013-08-28,14.946314168493176,15.247701069514354,14.946314168493176,15.097006797790527,307608000
2013-08-29,15.12007333026669,15.269228651291607,15.104081023344634,15.121610641479492,239657600
2013-08-30,15.130835405615892,15.160050886925568,14.961690119879611,14.983833312988281,272297200
2013-09-03,15.164658639154442,15.395311063634297,14.987825223214939,15.025651931762695,331928800
2013-09-04,15.3633322740476,15.445752507789878,15.262459381461623,15.336575508117676,345032800
2013-09-05,15.384556084716298,15.397780903976805,15.181272940171715,15.231401443481445,236367600
2013-09-06,15.3288941406365,15.357800852301036,15.067794267526578,15.322127342224121,359525600
2013-09-09,15.530632827353891,15.62043413257687,15.483887729908007,15.566615104675293,340687200
2013-09-10,15.567541629282756,15.605984269930238,15.053954782727711,15.212028503417969,743195600
2013-09-11,14.362297333772162,14.567731997110156,14.29463923078571,14.38382625579834,898696400
2013-09-12,14.408122430052071,14.62032226743413,14.33154430314754,14.536980628967285,404051200
2013-09-13,14.43395931424486,14.510535824205085,14.291263626147435,14.297412872314453,298835600
2013-09-16,14.177468522754952,14.196226671824716,13.75368151516139,13.842866897583008,543706800
2013-09-17,13.776441776163388,14.137798596889727,13.762295556845908,14.002789497375488,399380800
2013-09-18,14.244513812361586,14.342003322595115,14.167014275156548,14.290644645690918,456862000
2013-09-19,14.475781766643095,14.633548324489059,14.431188246003519,14.52498722076416,404541200
2013-09-20,14.700280098809179,14.717193802633728,14.331235169613496,14.374598503112793,699302800
2013-09-23,15.25692726690555,15.28183795041071,14.84175139838826,15.089012145996094,762106800
2013-09-24,15.219409238512773,15.237553126490374,15.002288638241298,15.04165267944336,364344400
2013-09-25,15.044724632076186,15.058254939518356,14.805768037057794,14.808842658996582,316957200
2013-09-26,14.94631311577476,15.025041180995231,14.881729626381025,14.953078269958496,237221600
2013-09-27,14.878038902028743,14.905409936992232,14.783932800000363,14.846363067626953,228040400
2013-09-30,14.677214923889727,14.812838252458993,14.589873993018925,14.66183853149414,260156400
2013-10-01,14.71412793582626,15.042885991189278,14.711974713947516,15.006596565246582,353883600
2013-10-02,14.934934440438155,15.124683958694717,14.877117747443544,15.055795669555664,289184000
2013-10-03,15.085009877029107,15.14159803032624,14.78454770753149,14.866659164428711,322753200
2013-10-04,14.880501605839134,14.903259068804987,14.718737367605161,14.854976654052734,258868400
2013-10-07,14.963540772257463,15.150829999887222,14.926328305314785,15.000137329101562,312292400
2013-10-08,15.067486510075367,15.089015442013928,14.77840294961565,14.790704727172852,290917200
2013-10-09,14.904483796695883,15.001357366980564,14.70889056930342,14.96445369720459,301725200
2013-10-10,15.10991977060894,15.142516998740865,14.978292468903456,15.058252334594727,278602800
2013-10-11,14.97676540513321,15.187428030844524,14.9204859985029,15.155752182006836,267738800
2013-10-14,15.064101459820826,15.302442188785735,15.049339329979414,15.255081176757812,261898000
2013-10-15,15.300286150730475,15.438371495166743,15.239087706276306,15.336268424987793,320073600
2013-10-16,15.401157880756369,15.454669766325937,15.353182613653237,15.410999298095703,251101200
2013-10-17,15.376250120281291,15.52386812351916,15.367024610988837,15.515256881713867,253593200
2013-10-18,15.561082193844474,15.661646332544183,15.552470951145711,15.650267601013184,290542000
2013-10-21,15.7388369235637,16.124181367105198,15.731148725505497,16.03376579284668,398106800
2013-10-22,16.189072599768643,16.25181000640073,15.623818387723889,15.987942695617676,534063600
2013-10-23,15.96118093427011,16.166310082746033,15.96118093427011,16.144474029541016,313723200
2013-10-24,16.14570673047526,16.37543781339272,16.06728580566447,16.35821533203125,384764800
2013-10-25,16.340072692949914,16.39881243471926,16.14909298057998,16.175233840942383,337792000
2013-10-28,16.26995218056471,16.330230868418596,16.090658355304328,16.295785903930664,550440800
2013-10-29,16.49230393332476,16.5839496883376,15.824025236064942,15.889837265014648,635807200
2013-10-30,15.97994806829258,16.223209507202995,15.90029530784374,16.142635345458984,354163600
2013-10-31,16.145714184855056,16.222290700373723,16.031002157286206,16.074979782104492,275696400
2013-11-01,16.115570981654134,16.13955862074964,15.864005441267874,15.992863655090332,274890000
2013-11-04,16.02576887945372,16.20168096151944,15.955343276849774,16.199527740478516,244627600
2013-11-05,16.132798391907443,16.26534717855705,16.084207188940653,16.15955352783203,265213200
2013-11-06,16.213683451856348,16.235647003021384,16.029630710310816,16.11376953125,223375600
2013-11-07,16.07231413340946,16.18398211459583,15.849594372782155,15.852995872497559,262620400
2013-11-08,15.917647586076669,16.120260668385757,15.856090187767702,16.102628707885742,279316800
2013-11-11,16.085002502946494,16.13696997037967,15.912394914816016,16.055925369262695,227452400
2013-11-12,16.01323235445056,16.206566075949013,15.992507820051413,16.085617065429688,204276800
2013-11-13,16.02344599322937,16.154913434287263,15.991274631742042,16.104801177978516,197220800
2013-11-14,16.172234487180482,16.3723729292323,16.14315735244814,16.33772850036621,282419200
2013-11-15,16.28885553522148,16.366496995370184,16.224205530934924,16.23967170715332,317920400
2013-11-18,16.239667516548778,16.307720656768296,16.029630223556854,16.042930603027344,244944000
2013-11-19,16.055300662661203,16.18986062662058,16.02251145963776,16.071386337280273,208938800
2013-11-20,16.0614909956653,16.098302864457267,15.90991854304837,15.930643081665039,193916800
2013-11-21,16.0110691787654,16.122738836492637,15.889502294583286,16.120573043823242,262026800
2013-11-22,16.070459118229635,16.152123205062875,16.039835705173015,16.079120635986328,223725600
2013-11-25,16.116859498940194,16.266885645083992,16.116241645099844,16.200998306274414,229311600
2013-11-26,16.212755989446595,16.58457522650032,16.209045561551175,16.49981689453125,401382800
2013-11-27,16.589832045041348,16.88957544884424,16.499815354603044,16.888338088989258,363448400
2013-11-29,16.99722410711957,17.270982954014606,16.945565572176974,17.201074600219727,318127600
2013-12-02,17.26077891613968,17.45658578691663,17.038678555704042,17.051361083984375,472544800
2013-12-03,17.270050263056415,17.519991936133664,17.25087201603732,17.51813507080078,450968000
2013-12-04,17.492778263664714,17.606922670896132,17.34801043215841,17.477312088012695,377809600
2013-12-05,17.713940596261416,17.790964150599702,17.520917494158653,17.567007064819336,447580000
2013-12-06,17.501742868824625,17.531439502098095,17.30933921446168,17.323257446289062,344352400
2013-12-09,17.350480321760845,17.61898078776068,17.350480321760845,17.521541595458984,320493600
2013-12-10,17.433387712510456,17.566401457027833,17.359765606041968,17.494325637817383,278269600
2013-12-11,17.539170434464108,17.66197630655352,17.313049168498168,17.36470603942871,359718800
2013-12-12,17.388844154401305,17.487829665763154,17.323574643262827,17.3393497467041,262290000
2013-12-13,17.410803346507514,17.411731779511275,17.126836660655083,17.150344848632812,332822000
2013-12-16,17.16859301384698,17.40430426631498,17.16828408691059,17.24530601501465,282592800
2013-12-17,17.19302098116262,17.30530843198462,17.11785265249038,17.16765594482422,229902400
2013-12-18,17.00402650107201,17.058159748532574,16.666853419400656,17.037124633789062,565863200
2013-12-19,16.99784205740585,17.01330822967558,16.81935661431742,16.841938018798828,320308800
2013-12-20,16.871945815634014,17.06311380960926,16.853076488241687,16.982995986938477,436413600
2013-12-23,17.570112059060943,17.654250902134123,17.40802282604042,17.634763717651367,501306400
2013-12-24,17.628567446517543,17.69012484547656,17.509164727271102,17.55989646911621,167554800
2013-12-26,17.573196808209154,17.61650439261956,17.427191684799208,17.44327735900879,204008000
2013-12-27,17.44080592954456,17.45905574740533,17.307174376475167,17.325424194335938,225884400
2013-12-30,17.244070882418676,17.325424398408476,17.0850726258152,17.153125762939453,253629600
2013-12-31,17.142296466886318,17.362230930069913,17.13703644982961,17.354188919067383,223084400
2014-01-02,17.189008849514835,17.23076850299422,17.075792907895675,17.11012840270996,234684800
2014-01-03,17.101784544718868,17.127767458789975,16.717282681716082,16.734296798706055,392467600
2014-01-06,16.625095119800914,16.914320123952447,16.50600130490388,16.825542449951172,412610800
2014-01-07,16.837607745304627,16.888337846615133,16.639635127395696,16.70521354675293,317209200
2014-01-08,16.66715984651306,16.875959719975132,16.66344942001279,16.81100082397461,258529600
2014-01-09,16.914320032581443,16.916176898266297,16.56013446730561,16.59632682800293,279148800
2014-01-10,16.69871602749191,16.72872159028717,16.428978193318883,16.485586166381836,304976000
2014-01-13,16.39185627569099,16.781305716149877,16.390927842974133,16.571887969970703,378492800
2014-01-14,16.648912680919196,16.91215476246521,16.631589645090926,16.90163803100586,332561600
2014-01-15,17.122194993040395,17.328829143003322,17.064658582943586,17.240978240966797,391638800
2014-01-16,17.16487252715032,17.225192546955764,17.065265941163144,17.144765853881836,229278000
2014-01-17,17.0590923522114,17.077342173100956,16.70088406821548,16.724702835083008,426739600
2014-01-21,16.734599214080415,17.01547328252543,16.716967249814573,16.984540939331055,328526800
2014-01-22,17.041460047245646,17.238813180210105,16.945567127689177,17.060020446777344,379985200
2014-01-23,17.011452229299667,17.214374281272015,16.85276455134417,17.20447540283203,403239200
2014-01-24,17.137042297752615,17.187154550216896,16.850909827543646,16.891742706298828,429354800
2014-01-27,17.01546816450075,17.16178220079994,16.88183664941904,17.02876853942871,554878800
2014-01-28,15.737620568556597,15.930643758625065,15.53067584047744,15.667712211608887,1065523200
2014-01-29,15.588833380732389,15.69462518612319,15.423958872446484,15.489846229553223,502810000
2014-01-30,15.545212171195026,15.667709126245523,15.364562615810978,15.45983600616455,678501600
2014-01-31,15.317546552324279,15.513972902685405,15.267125373029137,15.485204696655273,464797200
2014-02-03,15.547379088496234,15.705757833342817,15.444990459643606,15.513970375061035,401464000
2014-02-04,15.647605746167443,15.759275426475897,15.552021746626542,15.73854923248291,376681200
2014-02-05,15.669565018119837,15.939302829214096,15.659975067278927,15.85609245300293,328344800
2014-02-06,15.872276974593815,15.97932523220175,15.802259274109753,15.948516845703125,257765200
2014-02-07,16.224534502218802,16.272767948727857,16.10006119909248,16.171632766723633,370280400
2014-02-10,16.13989746107188,16.554707234203555,16.119359641704165,16.46135139465332,345559200
2014-02-11,16.511762823826214,16.73394784998315,16.477220134465725,16.678247451782227,282256800
2014-02-12,16.709043644932468,16.790262538722736,16.59359452144773,16.676990509033203,308100800
2014-02-13,16.63778568529348,16.954883636503983,16.62347170522086,16.941814422607422,307398000
2014-02-14,16.88082971861534,16.99005676132659,16.841622056396915,16.928129196166992,272924400
2014-02-18,16.990669128723837,17.15217296708488,16.978532243237616,16.990358352661133,260251600
2014-02-19,16.95177580174137,17.01836998050353,16.628144811717426,16.722122192382812,313768000
2014-02-20,16.58581822158103,16.710603955440153,16.461655701772425,16.528560638427734,305858000
2014-02-21,16.579597638494295,16.634988914155308,16.32473794189308,16.3449649810791,278784800
2014-02-24,16.279611335982317,16.490282578540914,16.256894772147398,16.41653060913086,288909600
2014-02-25,16.473488152176504,16.479399547458954,16.212715350219856,16.24570083618164,231952000
2014-02-26,16.293942090426256,16.337196506673735,16.044682845547417,16.099140167236328,276217200
2014-02-27,16.092595118582246,16.454813850097363,16.0586756479131,16.420272827148438,301882000
2014-02-28,16.46415140016263,16.578357495071536,16.2475669865012,16.375776290893555,371968800
2014-03-03,16.288020040754684,16.51300703062209,16.269037765820865,16.42307472229004,238781200
2014-03-04,16.523899410549625,16.57493317939292,16.423385753736692,16.5313663482666,259140000
2014-03-05,16.521401786558304,16.64058356025087,16.46569809284958,16.566211700439453,200062800
2014-03-06,16.57959852591875,16.630944728871757,16.433653392214477,16.516117095947266,185488800
2014-03-07,16.52669867446406,16.55439431416619,16.369861416140083,16.506471633911133,220729600
2014-03-10,16.44174848529322,16.59640701540066,16.44112527096294,16.521411895751953,178584000
2014-03-11,16.662372616424758,16.76475090976732,16.573372653056513,16.682287216186523,279224400
2014-03-12,16.63312332120208,16.721498418542282,16.555015470065463,16.698471069335938,199326400
2014-03-13,16.724298825517096,16.79338086667553,16.466637170849946,16.513004302978516,257742800
2014-03-14,16.455118078963253,16.520467461371798,16.274942775219223,16.327533721923828,237199200
2014-03-17,16.421208932676628,16.49184653027719,16.363638891775036,16.391334533691406,199544800
2014-03-18,16.365187621316085,16.554076307689048,16.343405045410382,16.536338806152344,209647200
2014-03-19,16.56310348446291,16.686953567554852,16.461655869334944,16.531984329223633,224756000
2014-03-20,16.489358291826143,16.575868748061566,16.410318097828316,16.452327728271484,208398400
2014-03-21,16.5528410957301,16.609477155297952,16.378578725997826,16.58209228515625,374046400
2014-03-24,16.75479575661425,16.819521950207786,16.650237036560398,16.778757095336914,355700800
2014-03-25,16.850637847113866,16.982890517720904,16.79119984507488,16.959239959716797,282293200
2014-03-26,17.006850445638513,17.084024282419488,16.76848355265457,16.79711151123047,299768000
2014-03-27,16.804587491523762,16.850643857749567,16.65210773107857,16.724924087524414,222031600
2014-03-28,16.751682379894433,16.77097542822125,16.625030306508396,16.706249237060547,200564000
2014-03-31,16.779999270722026,16.8291667070271,16.677306885250907,16.7025146484375,168669200
2014-04-01,16.734253279650414,16.862151763227875,16.703446561916614,16.855304718017578,200760000
2014-04-02,16.878030011005634,16.912260269039287,16.81205902868278,16.883319854736328,180420800
2014-04-03,16.847217897110337,16.88175892035495,16.730523948439863,16.76630973815918,162344000
2014-04-04,16.798053161564532,16.803964556844402,16.510829483344324,16.549415588378906,275251200
2014-04-07,16.431166791277665,16.5207883338966,16.240411691172994,16.28957748413086,289850400
2014-04-08,16.343098259965622,16.372038663524293,16.14113864921217,16.28864097595215,243888400
2014-04-09,16.263739343506696,16.508019255609888,16.24444630258087,16.502729415893555,206169600
2014-04-10,16.513937790880668,16.56248368305668,16.280239119021353,16.289886474609375,239652000
2014-04-11,16.150478264275034,16.269663436282833,16.092599102225897,16.169462203979492,271717600
2014-04-14,16.240720659956192,16.24881081184515,16.094775516450746,16.233875274658203,205674000
2014-04-15,16.189992751762173,16.23262391717716,15.911793319821644,16.11810874938965,266490000
2014-04-16,16.12091105335715,16.215511635350616,15.999238049308042,16.150785446166992,214765600
2014-04-17,16.181593111154914,16.423072814739598,16.156697782361302,16.335317611694336,284334400
2014-04-21,16.347762571197965,16.5593678452182,16.30481896708664,16.529184341430664,182548800
2014-04-22,16.440186387687366,16.549724167683124,16.38386278613624,16.545679092407227,202563200
2014-04-23,16.463531264130243,16.527946698057615,16.320073971249826,16.329410552978516,394940000
2014-04-24,17.681813768385897,17.737515818745177,17.449047435679493,17.668121337890625,759911600
2014-04-25,17.567302308185237,17.799445497928133,17.549566458803152,17.79789161682129,390275200
2014-04-28,17.824655523150554,18.53882435577207,17.81687448329908,18.487167358398438,669485600
2014-04-29,18.476267814825313,18.545973074003655,18.34463667129193,18.432390213012695,337377600
2014-04-30,18.442036861461588,18.653331387656333,18.35366010895267,18.36268424987793,456640800
2014-05-01,18.422117493394524,18.509249464814246,18.24661044626886,18.40593719482422,244048000
2014-05-02,18.432705257595707,18.490586074656008,18.350863098500966,18.44017219543457,191514400
2014-05-05,18.364239051740242,18.70218560660832,18.359881538957467,18.700939178466797,287067200
2014-05-06,18.727088157613622,18.80830711576737,18.49712371826172,18.49712371826172,374564400
2014-05-07,18.523256501805463,18.586737928744267,18.28924539531229,18.432390213012695,282864400
2014-05-08,18.407669562741017,18.600430931454202,18.349779652453318,18.399534225463867,230297200
2014-05-09,18.291575374903985,18.34508510408532,18.15983405065607,18.32286834716797,291597600
2014-05-12,18.38388696270023,18.576959155225385,18.381069342025103,18.550987243652344,213208800
2014-05-13,18.525015607581487,18.604497252534614,18.484337249301333,18.580089569091797,159737200
2014-05-14,18.538466414802144,18.693988684167728,18.51687468765325,18.583526611328125,166404000
2014-05-15,18.609507859102127,18.668962007836623,18.401100813001275,18.425508499145508,230846000
2014-05-16,18.419555056818115,18.698056588019583,18.31848170740069,18.697431564331055,276256400
2014-05-19,18.70806737089569,19.00471793864761,18.691795032151177,18.918977737426758,317755200
2014-05-20,18.91647662164069,18.975618232658938,18.798191728417923,18.9227352142334,234836000
2014-05-21,18.89521153230678,18.98501947857383,18.83982503543891,18.972816467285156,196859600
2014-05-22,18.981886443786745,19.083586535969054,18.903656503516494,19.002851486206055,200760000
2014-05-23,19.002223392146373,19.23628982234467,18.977815708203448,19.217514038085938,232209600
2014-05-27,19.27227518947203,19.584571542451254,19.264452363949097,19.577375411987305,348866000
2014-05-28,19.589578688197737,19.708802829048864,19.519484098274425,19.526681900024414,315481600
2014-05-29,19.646840461280643,19.929097190232213,19.644337023780825,19.882471084594727,376474000
2014-05-30,19.963835404320413,20.157534326556487,19.679701872034013,19.808000564575195,564020800
2014-06-02,19.838039664316344,19.865263296603064,19.479429725052157,19.671876907348633,369350800
2014-06-03,19.665930212889222,19.98761527072653,19.659359106761517,19.950063705444336,292709200
2014-06-04,19.94693165363899,20.27393603990303,19.905312427405708,20.177867889404297,335482000
2014-06-05,20.22106007345671,20.320256727718792,20.108721203632562,20.25704574584961,303805600
2014-06-06,20.336834275439976,20.37939271149661,20.16691805665327,20.201337814331055,349938400
2014-06-09,20.305545638938884,20.56401975802744,20.09745279077887,20.52459144592285,301660000
2014-06-10,20.750206103040288,20.820300681159253,20.49611221286743,20.645063400268555,251108000
2014-06-11,20.61877486938194,20.75677475490569,20.474205550245596,20.559633255004883,182724000
2014-06-12,20.599066526012265,20.616590590496042,20.1303086637852,20.215736389160156,218996000
2014-06-13,20.19601129700412,20.248583464159456,19.906871062393513,19.994489669799805,218100000
2014-06-16,20.04487778238195,20.31649405436796,20.031733900495208,20.19601821899414,142244000
2014-06-17,20.220114546199746,20.305542263025693,20.108402406465263,20.169734954833984,118904000
2014-06-18,20.211352263469433,20.21573411469076,20.009830558139473,20.191638946533203,134056000
2014-06-19,20.215735545311137,20.217926471076847,20.007641048422823,20.121545791625977,142112000
2014-06-20,20.11935789406134,20.27269096819223,19.911265037039293,19.913455963134766,403592000
2014-06-23,20.003263222435336,20.068977633647556,19.845549972475528,19.895931243896484,174776000
2014-06-24,19.878405355745453,20.095260218966754,19.755740248660558,19.775453567504883,156144000
2014-06-25,19.760124891426535,19.867456884363943,19.637459756640926,19.79298210144043,147476000
2014-06-26,19.795174200355667,19.944125446213175,19.670318131856526,19.91126823425293,130516000
2014-06-27,19.893735180647088,20.152209235515286,19.882782224544503,20.147829055786133,256116000
2014-06-30,20.174114315702543,20.531159976786377,20.171923390153598,20.35592269897461,197929200
2014-07-01,20.48516273498535,20.605638594955696,20.399735005619778,20.48516273498535,152892000
2014-07-02,20.561828096395466,20.603445658443892,20.39097098315027,20.47640037536621,113860000
2014-07-03,20.51801762328902,20.61220737467242,20.4150658402436,20.596874237060547,91567200
2014-07-07,20.6209697024921,21.026204063357227,20.61220767070424,21.02182388305664,225872000
2014-07-08,21.08753280480913,21.203628451633314,20.572775646376744,20.886011123657227,260888000
2014-07-09,20.90573216404705,21.017444321342865,20.756780949799094,20.894779205322266,145744000
2014-07-10,20.537727439808307,20.929819484203666,20.485155263076717,20.818105697631836,158744000
2014-07-11,20.888208317290136,21.004302327766272,20.77868541364293,20.857542037963867,136072000
2014-07-14,20.997726466869363,21.223343329911085,20.95172705829463,21.126962661743164,171240000
2014-07-15,21.203638429751816,21.21458971927158,20.815926348871916,20.87944984436035,181911600
2014-07-16,21.240866813234945,21.269342159333505,20.752394051541504,20.76115608215332,213585200
2014-07-17,20.815915670800372,20.870677103869376,20.27706336994372,20.390966415405273,229192000
2014-07-18,20.507073136380814,20.752403419511914,20.375644289060904,20.684499740600586,199952000
2014-07-21,20.807151148169176,20.80934207316162,20.5289638368288,20.5771541595459,156316000
2014-07-22,20.73925241921723,20.785251827821423,20.616587329606045,20.748014450073242,220788000
2014-07-23,20.901342995607372,21.440195286742473,20.846581563526332,21.28905487060547,371672000
2014-07-24,21.256205894934503,21.31753845518711,21.120396889241636,21.25401496887207,182916000
2014-07-25,21.21458758568981,21.43144248214287,21.168588163483825,21.39420509338379,173876000
2014-07-28,21.427058523699277,21.73810313588963,21.367916897342347,21.689912796020508,221272000
2014-07-29,21.75782486284928,21.781920040244994,21.521254941793487,21.54973030090332,172572000
2014-07-30,21.56285778457365,21.619808459468345,21.394191671115635,21.49933433532715,132040000
2014-07-31,21.282487449332315,21.346009250895598,20.88163329604182,20.94077491760254,227372000
2014-08-01,20.787447908438267,21.164206972747305,20.767732916326462,21.056873321533203,194044000
2014-08-04,21.10943662461403,21.15543602524246,20.84658075806932,20.938579559326172,159832000
2014-08-05,20.888200924081545,20.958295490758882,20.669155194316584,20.835630416870117,223732000
2014-08-06,20.754594900517787,20.91449911106317,20.745832865716523,20.800594329833984,154232000
2014-08-07,20.89744775802445,21.121985064390376,20.71473502392806,20.79838752746582,186844000
2014-08-08,20.74995731674768,20.87323256791423,20.534223947706884,20.855621337890625,167460000
2014-08-11,20.972296783807593,21.150607582563673,20.877638503813515,21.130794525146484,146340000
2014-08-12,21.141797956206833,21.326710833032575,21.04713969416527,21.126388549804688,135180000
2014-08-13,21.16600770963444,21.405954360961914,21.14179269424373,21.405954360961914,127664000
2014-08-14,21.425773195798197,21.478605207509528,21.309101733498466,21.46319580078125,112464000
2014-08-15,21.551255495065643,21.615094961122043,21.322314482846075,21.568866729736328,195804000
2014-08-18,21.681128957843377,21.874849130060053,21.56886114476254,21.82862091064453,190288000
2014-08-19,21.88365276582043,22.163223880666045,21.86383971386331,22.130203247070312,277596000
2014-08-20,22.110392488197125,22.253479105250783,22.00252497015768,22.139009475708008,210796000
2014-08-21,22.139012546921492,22.220463232750582,22.037750485336375,22.14121437072754,133912000
2014-08-22,22.077374248383297,22.337134026155308,22.055361049487246,22.304113388061523,176736000
2014-08-25,22.407570976683797,22.491221780793467,22.295301510497936,22.352537155151367,161080000
2014-08-26,22.326123123011765,22.343734351195952,22.202847884720757,22.20945167541504,132608000
2014-08-27,22.238069624388846,22.579280047358814,22.167626388101404,22.482419967651367,209476000
2014-08-28,22.363548522110356,22.625510115762786,22.3569447305896,22.508838653564453,273840000
2014-08-29,22.643120237032985,22.651925851795795,22.49783011269557,22.563871383666992,178380000
2014-09-02,22.687145105260296,22.836837187160192,22.61229990405993,22.739978790283203,214256000
2014-09-03,22.69595755214121,22.717970754445,21.700946364312667,21.780195236206055,501684000
2014-09-04,21.76038164603197,22.033349042819065,21.527038684222003,21.59968376159668,342872000
2014-09-05,21.749373962181778,21.879253016764185,21.641506427918998,21.78679656982422,233828000
2014-09-08,21.859435497022403,21.861635640736306,21.584266377873075,21.652507781982422,185426800
2014-09-09,21.811010488533906,22.69155187268627,21.163812033742108,21.571062088012695,759385200
2014-09-10,21.575466937295737,22.25788621212751,21.520433097720602,22.233671188354492,403478400
2014-09-11,22.10379365173893,22.330532817646482,21.929886505193423,22.328330993652344,249412400
2014-09-12,22.279897744242295,22.49563111820736,22.251280754425235,22.37895965576172,250504400
2014-09-15,22.632108493239834,22.684942171765766,22.330524222607735,22.37234878540039,245266000
2014-09-16,21.96950930808373,22.2909067278762,21.769185326983912,22.202852249145508,267632400
2014-09-17,22.29310600573387,22.409779151229472,22.143413901559665,22.36134910583496,243706000
2014-09-18,22.438392509394927,22.5308489377262,22.35694183900834,22.407573699951172,149197600
2014-09-19,22.517641516313713,22.530849097740795,22.123599101913857,22.22486114501953,283609600
2014-09-22,22.409780957914958,22.484626176286397,22.141215542347677,22.24687957763672,211153600
2014-09-23,22.145612174999037,22.660729681295887,22.132404593644992,22.594688415527344,253608800
2014-09-24,22.489027583347497,22.64091982887855,22.277696174827142,22.398771286010742,240687200
2014-09-25,22.125802445148047,22.16982883926195,21.511624674113175,21.544645309448242,400368000
2014-09-26,21.689930208375163,22.178630828857422,21.66131322482854,22.178630828857422,249482000
2014-09-29,21.716350951921452,22.110393399813915,21.711947304738683,22.037748336791992,199065200
2014-09-30,22.19183840903294,22.352537912330774,22.130200795548514,22.178630828857422,221056400
2014-10-01,22.143413027106423,22.165427904688674,21.72735736919206,21.833023071289062,205965200
2014-10-02,21.8528354897304,22.061965080257448,21.582069949326208,21.99152183532715,191031200
2014-10-03,21.89025571931255,22.059759168688142,21.802201259591836,21.929880142211914,173878400
2014-10-06,22.00252351794481,22.15661924233084,21.885852072601992,21.929880142211914,148204800
2014-10-07,21.888057274118513,22.039951198592288,21.733963205449022,21.738365173339844,168376800
2014-10-08,21.740565677436457,22.25788336742628,21.641503771162263,22.18964195251465,229618800
2014-10-09,22.352546593992493,22.537459506265392,22.147820624261975,22.238075256347656,309506000
2014-10-10,22.165426868188895,22.46040740360441,22.07957422403069,22.174232482910156,265326400
2014-10-13,22.306314963421556,22.40537519710047,21.971708297729492,21.971708297729492,214333600
2014-10-14,22.09938700236498,22.128003992403777,21.69874074432492,21.738365173339844,254754400
2014-10-15,21.56665838041112,21.82641813496269,20.952480612967168,21.472000122070312,403734400
2014-10-16,21.03393351779293,21.51162682769899,21.003114702927988,21.190229415893555,288618000
2014-10-17,21.463201088799842,21.793404182473687,21.311307128269945,21.50062370300293,272718800
2014-10-20,21.64370557616282,22.004727382965225,21.62169237906497,21.96070098876953,310069200
2014-10-21,22.67834156976872,22.67834156976872,22.293104731870155,22.557268142700195,378495600
2014-10-22,22.63871132105193,22.9182840663317,22.585879324270284,22.67173194885254,273052400
2014-10-23,22.91168644465775,23.125217991820485,22.81262453458775,23.0767879486084,284298800
2014-10-24,23.153830189960857,23.222071593366035,23.010741913579906,23.162635803222656,188215600
2014-10-27,23.081192070736737,23.219878421879475,23.04817143096468,23.138427734375,136750800
2014-10-28,23.20226147148168,23.497241973876953,23.19125403443746,23.497241973876953,192243600
2014-10-29,23.477429838628733,23.635927521712993,23.413590400747626,23.629322052001953,210751600
2014-10-30,23.545669977419987,23.631522604557773,23.31232711181461,23.550073623657227,162619200
2014-10-31,23.77681806507058,23.78342185641776,23.600709124815626,23.774616241455078,178557200
2014-11-03,23.823038327751647,24.280920075894983,23.776810124261036,24.08279800415039,209130400
2014-11-04,24.074003480755767,24.102620473383844,23.71298161906517,23.906700134277344,166297600
2014-11-05,24.01676213447372,24.06079020444703,23.803230613725788,23.963930130004883,149743600
2014-11-06,24.010362051173367,24.052369670628885,23.833491148778272,24.032470703125,139874000
2014-11-07,24.04353123362499,24.169552433309246,23.999313919862317,24.101015090942383,134766000
2014-11-10,24.10322420275976,24.171763230279307,24.02584306212384,24.06121826171875,108782000
2014-11-11,24.032465453069754,24.264610464803315,23.966139511704206,24.253555297851562,109769200
2014-11-12,24.18280620208753,24.63604105086422,24.180596518160232,24.59624481201172,187769600
2014-11-13,24.717850337094166,25.08264730558386,24.673631347095846,24.943361282348633,238091600
2014-11-14,25.016319146486598,25.246252813871656,24.587404258596987,25.244041442871094,176254400
2014-11-17,25.26394080279144,25.92942183910874,25.049485027961467,25.202035903930664,186986800
2014-11-18,25.19098005636245,25.57788732469698,25.179924888268733,25.529247283935547,176896000
2014-11-19,25.52261325514403,25.588939199196034,25.16002602995825,25.352373123168945,167476800
2014-11-20,25.40543377108037,25.836558274983865,25.392167233957633,25.71495819091797,173582000
2014-11-21,25.98026934507698,25.993534196612814,25.653055617345306,25.750335693359375,228717200
2014-11-24,25.83435032577972,26.258842460731472,25.78350060154979,26.227890014648438,189803200
2014-11-25,26.32517794362727,26.47551916376126,25.96701164915981,26.00017547607422,275361600
2014-11-26,26.075337679508856,26.3318010306518,26.051017660851112,26.3096923828125,163073200
2014-11-28,26.36938972160525,26.398132486064725,26.099661480031198,26.294219970703125,99257600
2014-12-01,26.267690733633167,26.36497083034559,24.600672669074193,25.440814971923828,335256000
2014-12-02,25.0937034914248,25.59115576328124,24.927886067472656,25.343534469604492,237395600
2014-12-03,25.591152775811693,25.72380636213123,25.4496553921666,25.630949020385742,172253600
2014-12-04,25.5955772354945,25.911735863111595,25.489455027036534,25.533672332763672,168178000
2014-12-05,25.644211504623197,25.664110468463395,25.34574054127392,25.42533302307129,153275600
2014-12-08,25.22635218661906,25.347952281911827,24.678050289328496,24.850500106811523,230659600
2014-12-09,24.361898126984364,25.270577807107532,24.176181722375464,25.23078155517578,240832000
2014-12-10,25.29489542229406,25.39217382802734,24.660366823283695,24.751012802124023,178261200
2014-12-11,24.819550289844862,25.160028905932492,24.616146319202365,24.67805290222168,165606800
2014-12-12,24.421587536211593,24.733325071482163,24.227029052288938,24.26019287109375,224112400
2014-12-15,24.47464698303927,24.6736281956619,23.512906423275293,23.928556442260742,268872400
2014-12-16,23.51733531489035,24.35526631115576,23.493015288833345,23.601348876953125,243162800
2014-12-17,23.683153183691054,24.28451635798088,23.61682553200901,24.189449310302734,213647200
2014-12-18,24.733325235400784,24.90577507019043,24.46580668569096,24.90577507019043,236024800
2014-12-19,24.819548559326147,25.036215681050155,24.686894978526297,24.713424682617188,353719200
2014-12-22,24.79744265899785,25.09149092821709,24.755435040488535,24.969892501831055,180670000
2014-12-23,25.0340108577416,25.056119511037437,24.86377068512118,24.881458282470703,104113600
2014-12-24,24.89029574433089,24.919036817620086,24.76427459716797,24.76427459716797,57918400
2014-12-26,24.784176149838448,25.319213274885985,24.764278869539766,25.202035903930664,134884000
2014-12-29,25.15782719389278,25.374494413910494,25.1379282200154,25.184358596801758,110395600
2014-12-30,25.124654513235008,25.186559411437624,24.786387257497882,24.877033233642578,119526000
2014-12-31,24.943365837553042,25.01190317608937,24.366320985254372,24.403905868530273,165613600
2015-01-02,24.627197466302736,24.63825263316067,23.73399429855066,24.1717529296875,212818400
2015-01-05,23.94182638039237,24.02141888235011,23.30508805151262,23.490802764892578,257142000
2015-01-06,23.554920196804904,23.75169008997391,23.13263764142683,23.49301528930664,263188400
2015-01-07,23.700839061411305,23.92192898432291,23.5902940999555,23.822439193725586,160423600
2015-01-08,24.149648973158683,24.79523103500176,24.032469916763375,24.737747192382812,237458000
2015-01-09,24.910193021196864,25.03842553916101,24.36631219203154,24.76427459716797,214798000
2015-01-12,24.89472264264528,24.90135506982409,24.05458202661501,24.154071807861328,198603200
2015-01-13,24.636041150327515,24.938934840971154,24.078895490924804,24.36852264404297,268367600
2015-01-14,24.107638425429208,24.428218046235322,23.988249699167007,24.275667190551758,195826400
2015-01-15,24.319883257835752,24.33314810893353,23.581443975843946,23.616817474365234,240056000
2015-01-16,23.663254726706114,23.784854861833168,23.258659753591324,23.433320999145508,314053200
2015-01-20,23.84232798019317,24.092160583588473,23.54606839872821,24.036888122558594,199599600
2015-01-21,24.087740769849525,24.554240532584878,23.93739959010379,24.220396041870117,194303600
2015-01-22,24.377367950769774,24.865976329232264,24.257979226331894,24.850500106811523,215185600
2015-01-23,24.828393786716223,25.14897343268383,24.658153637343272,24.978734970092773,185859200
2015-01-26,25.14675974776766,25.2838360657216,24.938936430150594,25.00526237487793,222460000
2015-01-27,24.854923832502017,24.868190372275148,24.105429276423866,24.129749298095703,382274800
2015-01-28,26.00680788896372,26.115143169273217,25.493879318237305,25.493879318237305,585908400
2015-01-29,25.71717393553082,26.3517024776813,25.549145159911046,26.287586212158203,337745600
2015-01-30,26.177042138049725,26.530785608810817,25.83435214922315,25.902891159057617,334982000
2015-02-02,26.099659175210917,26.347278743875204,25.66411187232302,26.227890014648438,250956400
2015-02-03,26.199153148470717,26.329595379807706,26.00238327242477,26.232316970825195,207662800
2015-02-04,26.19914749363281,26.643538568988248,26.157139881931943,26.433502197265625,280598800
2015-02-05,26.639929015987743,26.686542614611152,26.469018696977805,26.622173309326172,168984800
2015-02-06,26.63992940997086,26.69098151265496,26.291448471680404,26.397991180419922,174826400
2015-02-09,26.31364763164002,26.599977685665074,26.287011529513478,26.57334327697754,155559200
2015-02-10,26.673228279711168,27.11271469344844,26.67100987439836,27.083858489990234,248034000
2015-02-11,27.250328990690907,27.727548592488432,27.190399874855444,27.718669891357422,294247200
2015-02-12,27.980583052789616,28.29577098667342,27.87182193753955,28.069368362426758,297898000
2015-02-13,28.2513791917622,28.2513791917622,27.889581022925857,28.206987380981445,217088800
2015-02-17,28.29799265505498,28.60652202264807,28.17147412459932,28.37346076965332,252609600
2015-02-18,28.329068715519657,28.584325888211506,28.289115404198853,28.571008682250977,179566800
2015-02-19,28.51773266825435,28.63981268474202,28.484439657793157,28.51107406616211,149449600
2015-02-20,28.54881066804694,28.744138717651367,28.422293826373803,28.744138717651367,195793600
2015-02-23,28.859554753512104,29.5210018157959,28.779648146956642,29.5210018157959,283896400
2015-02-24,29.507686850482216,29.654182871424286,29.114812389547758,29.336774826049805,276912400
2015-02-25,29.20137905755122,29.21025945210493,28.44448629856083,28.5865421295166,298846800
2015-02-26,28.586533970196474,29.048216135746504,28.102657598353304,28.948333740234375,365150000
2015-02-27,28.855112929405834,28.981633127182146,28.46446031209903,28.51329231262207,248059200
2015-03-02,28.688644379661472,28.917265414019177,28.477780746316142,28.65312957763672,192386800
2015-03-03,28.62428056375755,28.748579000464154,28.431170918915576,28.713064193725586,151265200
2015-03-04,28.65534962054463,28.75745043653652,28.48221920483862,28.531047821044922,126665200
2015-03-05,28.539921711284027,28.57765490745504,27.91398790066022,28.058263778686523,226068400
2015-03-06,28.49997036948319,28.71527416514138,28.024972669659746,28.100439071655273,291368400
2015-03-09,28.402311702567367,28.759673035766372,27.758620331316582,28.22030258178711,354114000
2015-03-10,28.058270302932478,28.23805932109031,27.478948251714044,27.63654136657715,275426400
2015-03-11,27.689812781183356,27.694251284612303,27.103832109104772,27.132686614990234,275756000
2015-03-12,27.148228533817743,27.723112198365833,26.997293989982648,27.623228073120117,193450800
2015-03-13,27.612129452813793,27.834091905499694,27.208157856663018,27.43233871459961,207309200
2015-03-16,27.496707402099535,27.734207153320312,27.27252654927481,27.734207153320312,143497200
2015-03-17,27.94506973590977,28.260255973996387,27.889579129481607,28.19810676574707,204092400
2015-03-18,28.18923120800626,28.668670913843595,28.049395473856592,28.51551628112793,261083600
2015-03-19,28.577665927363377,28.68864715426576,28.27801695341477,28.300212860107422,183238000
2015-03-20,28.46668163836852,28.499974648106683,27.780818542739226,27.945070266723633,274780400
2015-03-23,28.21586594437631,28.377897577031884,28.08268712580474,28.235841751098633,150838800
2015-03-24,28.240282285363186,28.42006962832753,28.0915661619747,28.12042236328125,131369200
2015-03-25,28.087127139075744,28.149276350834853,27.385725021362305,27.385725021362305,206620800
2015-03-26,27.2481090167944,27.71866829557392,27.21259421431497,27.57661247253418,190291600
2015-03-27,27.64985522013545,27.678709721579036,27.281398528451987,27.35686492919922,158184800
2015-03-30,27.534441806126317,28.056053209901737,27.523343006570627,28.049394607543945,188398800
2015-03-31,27.98723875412255,28.076024054558175,27.603244742888702,27.61878204345703,168362400
2015-04-01,27.705347314713894,27.77193671356621,27.32357170729665,27.578828811645508,162485600
2015-04-02,27.751968263824242,27.869608105834285,27.565520595756848,27.81633758544922,128880400
2015-04-06,27.62766506018275,28.302431078124016,27.596590454190107,28.266916275024414,148776000
2015-04-07,28.33128631931343,28.4378273444935,27.962829541527025,27.9694881439209,140049200
2015-04-08,27.933971518838366,28.056051532897612,27.738645189782524,27.878480911254883,149316800
2015-04-09,27.93397485203498,28.096008190626378,27.669840679958504,28.091567993164062,129936000
2015-04-10,27.95617052668988,28.235843694120984,27.80301758429594,28.211427688598633,160752000
2015-04-13,28.4933213129138,28.537716516607965,28.10266858330623,28.15593910217285,145460400
2015-04-14,28.189224625196186,28.253593924009675,27.94728642354705,28.033851623535156,102098400
2015-04-15,28.058269202501947,28.218080716019593,27.969483899366274,28.14039421081543,115881600
2015-04-16,28.029417072356306,28.211426208146708,27.991683863416124,28.005001068115234,113476000
2015-04-17,27.867384238290143,27.99834126136886,27.625444304883104,27.6898136138916,207828000
2015-04-20,27.871821413307316,28.43782457640034,27.78303610534011,28.322404861450195,188217200
2015-04-21,28.4333901506331,28.45558436268727,28.115982097667967,28.169254302978516,129740400
2015-04-22,28.18701463633331,28.604303485768572,28.038300182344283,28.548812866210938,150618000
2015-04-23,28.477780534714668,28.948339803973433,28.442265732953803,28.78186798095703,183083600
2015-04-24,28.96388235945139,28.994956968091703,28.68420749481025,28.917268753051758,178103600
2015-04-27,29.367854798675836,29.549865655571534,29.110377512428638,29.443321228027344,387816800
2015-04-28,29.845069485394777,29.862823499138404,28.759673350630607,28.979413986206055,475696000
2015-04-29,28.890633230589536,29.208037907572134,28.47778293917561,28.55324935913086,253544400
2015-04-30,28.553247201201735,28.553247201201735,27.652080266524873,27.77859878540039,332781600
2015-05-01,27.989468054022616,28.883978260196198,27.811899088213334,28.622060775756836,234050400
2015-05-04,28.744131345987658,28.98163274420011,28.468896745483764,28.566560745239258,203953200
2015-05-05,28.444488016495587,28.511077432157443,27.918438067835837,27.92287826538086,197085600
2015-05-06,28.091566948029953,28.13374035515713,27.381287790009118,27.747526168823242,288564000
2015-05-07,27.809937979380642,28.101924546751007,27.64277075933011,27.91915512084961,175763600
2015-05-08,28.235656481395708,28.445173263549805,28.108609468932926,28.445173263549805,222201600
2015-05-11,28.3939044649695,28.431795286787377,28.001618314143666,28.155412673950195,168143200
2015-05-12,27.994927891644913,28.280226251224054,27.821074310058396,28.05510902404785,192640000
2015-05-13,28.117527196618326,28.34933261614382,28.055118372229334,28.086322784423828,138776800
2015-05-14,28.398364898742013,28.741613388061523,28.342642498454563,28.741613388061523,180814000
2015-05-15,28.768361775895382,28.861974998052265,28.576676587376436,28.701494216918945,152832000
2015-05-18,28.614568107450665,29.136128958323642,28.610109363136893,29.01799774169922,203531600
2015-05-19,29.1294376182623,29.171787179520763,28.89540289621937,28.991247177124023,178532800
2015-05-20,28.97564656274828,29.19407740762655,28.828538617799044,28.9890193939209,145819600
2015-05-21,28.991247064087794,29.338954237870233,28.93775234465018,29.285459518432617,158921600
2015-05-22,29.332278507419666,29.637636231336028,29.28769785780397,29.541791915893555,182384000
2015-05-26,29.555152958874476,29.624248168824646,28.779494947824322,28.890939712524414,282790400
2015-05-27,29.051428192419124,29.47937579485799,28.986791708108267,29.430339813232422,183332800
2015-05-28,29.390220414402172,29.410279660533305,29.220825556475184,29.37238883972168,122933200
2015-05-29,29.249801770794196,29.298837755739736,28.953358189450856,29.038057327270508,203538000
2015-06-01,29.038058226335675,29.285465830393612,28.98679456813284,29.09600830078125,128451200
2015-06-02,28.94444742383134,29.122759807642176,28.824088520348884,28.966737747192383,134670400
2015-06-03,29.12275601135268,29.185164827397315,28.95335773835263,29.00239372253418,123934000
2015-06-04,28.88203616955327,29.104925780306708,28.732700538471533,28.83300018310547,153800400
2015-06-05,28.86419923940893,28.90654880176201,28.610105266315358,28.674741744995117,142507200
2015-06-08,28.730467037838547,28.799565668194397,28.26908735110113,28.48529052734375,210699200
2015-06-09,28.240115810867255,28.547704592626324,27.99939629970257,28.400596618652344,224301600
2015-06-10,28.512041454093158,28.828544324928362,28.49643924779883,28.726016998291016,156349200
2015-06-11,28.79287335531546,29.015762927910345,28.636851334704033,28.66136932373047,141563600
2015-06-12,28.572210264055876,28.60341466316417,28.331489156210008,28.34486198425293,147544800
2015-06-15,28.106378922142444,28.360472936450034,28.01945211201157,28.289148330688477,175955600
2015-06-16,28.313664973998538,28.496434373834333,28.16655872560029,28.440711975097656,125976400
2015-06-17,28.467455448341372,28.503116894392807,28.2490229269188,28.373842239379883,131672400
2015-06-18,28.358243547924655,28.59896301497603,28.35601417586037,28.50312042236328,141628800
2015-06-19,28.465221000322252,28.489738984084482,28.17323626707839,28.21781349182129,218867600
2015-06-22,28.416186679551828,28.543233647994953,28.324802853379442,28.442934036254883,136157200
2015-06-23,28.41396864362743,28.44294368116358,28.280233515275235,28.31366729736328,121075600
2015-06-24,28.353783269452745,28.93106816595417,28.333724023497552,28.554384231567383,221123600
2015-06-25,28.72155074944432,28.797332388642655,28.418420791625977,28.418420791625977,127752400
2015-06-26,28.456307282890617,28.527631867968932,28.19775629967382,28.251249313354492,176267200
2015-06-29,27.963728508622573,28.18884747671424,27.745297656841196,27.756441116333008,196645600
2015-06-30,27.988247102160244,28.11083706279536,27.82999568966663,27.957042694091797,177482800
2015-07-01,28.284681029447757,28.293596814498763,28.081850745689692,28.21781349182129,120955200
2015-07-02,28.17992814465645,28.23787990846841,28.032820213559727,28.182157516479492,108844000
2015-07-06,27.847824958735146,28.135352723984397,27.827764012060165,28.084087371826172,112241600
2015-07-07,28.05956899589914,28.117520762647978,27.587042475701974,28.014991760253906,187787200
2015-07-08,27.74529424836351,27.780955695074073,27.3128879411029,27.3195743560791,243046400
2015-07-09,27.604874335956396,27.65168094402224,26.572896185523614,26.762351989746094,314380000
2015-07-10,27.179161511889212,27.604879812864063,27.01645133684347,27.477832794189453,245418000
2015-07-13,27.86788117866016,28.030591304307357,27.70962979646213,28.008302688598633,165762000
2015-07-14,28.09299871644799,28.166552675103212,27.8701091693805,27.997156143188477,127072400
2015-07-15,28.02168272503407,28.340414943131908,27.990478314913677,28.266860961914062,134596800
2015-07-16,28.47191330005847,28.6569137524723,28.38498650348072,28.643537521362305,144889600
2015-07-17,28.770580863099013,28.890939712524414,28.59895497317406,28.890939712524414,184658800
2015-07-20,29.191854657351737,29.6376339103909,29.131673505904224,29.437034606933594,235600800
2015-07-21,29.6108899615348,29.62649046776288,29.046979445804723,29.142820358276367,307025600
2015-07-22,27.190300334606057,27.972643263784516,27.190300334606057,27.910234451293945,461802400
2015-07-23,28.128663785055895,28.32703537147196,27.87456980469121,27.896860122680664,203998000
2015-07-24,27.93252142787519,28.02613464110773,27.616018639986606,27.749752044677734,168649200
2015-07-27,27.435477505696046,27.551381039244013,27.21927604215904,27.364152908325195,177822000
2015-07-28,27.500120162963867,27.61825308767303,27.315123074389323,27.500120162963867,134472400
2015-07-29,27.448853993158306,27.526865011387642,27.252710061024363,27.413190841674805,148046800
2015-07-30,27.26385445887506,27.319576856125906,27.127891673541978,27.274999618530273,134513200
2015-07-31,27.32626015786236,27.335175944468048,26.949577951718467,27.0365047454834,171540000
2015-08-03,27.08108369318085,27.31957547332252,26.19398242562316,26.3990421295166,279904000
2015-08-04,26.17169774277363,26.23410656183663,25.242248472058005,25.552064895629883,496554400
2015-08-05,25.17537419809003,26.176149510139687,24.985918419143797,25.721454620361328,397250400
2015-08-06,25.965512864034878,26.08417881192571,25.551300924114155,25.777437210083008,211612000
2015-08-07,25.6542846212377,26.02819462000205,25.63637233539987,25.864748001098633,154681600
2015-08-10,26.090895064834488,26.86558376287846,26.090895064834488,26.805131912231445,219806400
2015-08-11,26.377489540503973,26.460332624963517,25.37442492040761,25.410247802734375,388331200
2015-08-12,25.19529825058655,25.842364787119756,24.5459922507262,25.80206298828125,404870000
2015-08-13,25.981179450302577,26.061783038599437,25.6453317351356,25.781909942626953,194143200
2015-08-14,25.59607301858743,26.041630495528047,25.526665039524,25.963266372680664,171718000
2015-08-17,25.981180030642193,26.341656722963474,25.86027464549625,26.23194694519043,163538800
2015-08-18,26.068502283275883,26.29464024535976,25.97446532375149,26.08417510986328,138242800
2015-08-19,25.9946092467708,26.08864618414876,25.676673863325544,25.750560760498047,193146000
2015-08-20,25.542333254611485,25.602785078981558,24.99378107725444,25.222158432006836,274006400
2015-08-21,24.725107924238447,25.054238945973523,23.654873519011304,23.679502487182617,513102000
2015-08-24,21.24124891448916,24.360154736085217,20.5986596770011,23.088411331176758,648825200
2015-08-25,24.87735855766184,24.87735855766184,23.173491104077257,23.22722625732422,414406400
2015-08-26,23.977289788865253,24.604206278523865,23.5205383474457,24.55942726135254,387098400
2015-08-27,25.12812308238822,25.354259280563266,24.633306018698555,25.282611846923828,338464400
2015-08-28,25.114690636761168,25.36993475251835,24.973635217487907,25.36545753479004,212657600
2015-08-31,25.08334141563656,25.643087503491376,25.07662473589582,25.246788024902344,224917200
2015-09-01,24.66242450275572,25.049768020045622,24.037747371674186,24.118350982666016,307383600
2015-09-02,24.680333362901482,25.15275764465332,24.434043636790502,25.15275764465332,247555200
2015-09-03,25.18634515621451,25.251275934886365,24.63779444111156,24.711681365966797,212935600
2015-09-04,24.398220724141225,24.729589559846293,24.295227615302622,24.465389251708984,199985200
2015-09-08,25.020655451685165,25.202012676117203,24.700480552968315,25.146038055419922,219374400
2015-09-09,25.470692029743567,25.52890440569898,24.577335848265434,24.662418365478516,340043200
2015-09-10,24.689285047222274,25.363219961491765,24.60644370150344,25.204252243041992,251571200
2015-09-11,25.0296134146864,25.571447372436523,25.022896733028254,25.571447372436523,199662000
2015-09-14,26.10208772561707,26.171495714483527,25.716982029564473,25.81773567199707,233453600
2015-09-15,25.9565498932683,26.09088863465027,25.618462722692676,26.034914016723633,173364800
2015-09-16,26.0282012980391,26.093132069703284,25.846844054976746,26.06402587890625,148694000
2015-09-17,25.896102040885058,26.08193650274731,25.461738392332965,25.50651741027832,256450400
2015-09-18,25.123649612050556,25.5915983491532,25.047524944621284,25.401283264160156,297141200
2015-09-21,25.450545184122053,25.83117370539688,25.448307428760756,25.79534912109375,200888000
2015-09-22,25.385612015661604,25.564731503889117,25.193059163690542,25.390090942382812,201384800
2015-09-23,25.441582658931672,25.685632880726555,25.367697461699983,25.596073150634766,143026800
2015-09-24,25.356504883973493,25.86027650418489,25.15947482080196,25.748327255249023,200878000
2015-09-25,26.0707385859665,26.126713203879884,25.528902986325477,25.683393478393555,224607600
2015-09-28,25.49084207726823,25.6520492591599,25.175146102905273,25.175146102905273,208436000
2015-09-29,25.262463628536743,25.414714649525106,24.1496880100466,24.418365478515625,293461600
2015-09-30,24.666895064629845,24.973636596352218,24.344482415888265,24.696002960205078,265892000
2015-10-01,24.420608956887314,24.543753813306612,24.02654712455552,24.53479766845703,255716400
2015-10-02,24.183274673339884,24.854970095848202,24.080281580207117,24.713912963867188,232079200
2015-10-05,24.60197490307582,24.935585011053202,24.420617603237915,24.803483963012695,208258800
2015-10-06,24.769889081482127,25.018416539507857,24.577336245386334,24.92214012145996,192787200
2015-10-07,25.018426390875174,25.025143074837974,24.496744007307655,24.803483963012695,187062400
2015-10-08,24.671376269120408,24.671376269120408,24.228056487373365,24.51688575744629,247918400
2015-10-09,24.6288311899875,25.139319417702776,24.51464249435338,25.103496551513672,211064400
2015-10-12,25.240078386513723,25.244555604853414,24.951249119619337,24.987071990966797,121868800
2015-10-13,24.812431676777347,25.17738561645559,24.781086023465594,25.029613494873047,132197200
2015-10-14,24.917664521660804,24.96916022058333,24.530319361136108,24.675853729248047,177849600
2015-10-15,24.837054832184776,25.099015605606812,24.738538968726402,25.04528045654297,150694000
2015-10-16,25.02737685884069,25.076634807669382,24.747503702505092,24.861692428588867,156930400
2015-10-19,24.80795814905237,25.020661072198596,24.653467614596753,25.016183853149414,119036800
2015-10-20,24.92886309933888,25.562496389600017,24.81243660792982,25.472936630249023,195871200
2015-10-21,25.52442492668545,25.878184910201075,25.45725470412081,25.47068977355957,167180800
2015-10-22,25.59831067247697,25.860271453857422,25.54681327641116,25.860271453857422,166616400
2015-10-23,26.128953305791157,26.695417924855107,26.046111957092148,26.661832809448242,237467600
2015-10-26,26.437936407238446,26.449130307785506,25.730416297397827,25.811019897460938,265335200
2015-10-27,25.837879165546948,26.09312323910901,25.52218155928313,25.647565841674805,279537600
2015-10-28,26.1804488844097,26.71108888783793,25.9856565952047,26.704370498657227,342205600
2015-10-29,26.57674800554642,27.022307195784105,26.480471594031872,26.986482620239258,204909200
2015-10-30,27.08947524439327,27.140972643796445,26.744671397677827,26.75586700439453,197461200
2015-11-02,27.046938231860914,27.172320839432444,26.7804984825615,27.13201904296875,128813200
2015-11-03,27.04470015338393,27.64922542308177,27.024548400015334,27.443239212036133,182076000
2015-11-04,27.56861744404648,27.72310793187973,27.23053199102812,27.31561279296875,179544400
2015-11-05,27.39881233945184,27.58769302350806,27.023301736159723,27.189695358276367,158210800
2015-11-06,27.23242158696415,27.389820743995365,27.122242177042295,27.22117805480957,132169200
2015-11-09,27.19868647267791,27.389814466848353,26.994067615431497,27.110992431640625,135485600
2015-11-10,26.2857689753872,26.548851106859324,26.09688830871263,26.25653648376465,236511600
2015-11-11,26.166596587071624,26.402695289372794,25.9057617744091,26.10813331604004,180872000
2015-11-12,26.14186590486939,26.267785230646265,26.004703046924377,26.020442962646484,130102400
2015-11-13,25.90351845193162,25.986716136195962,25.244687558009065,25.260427474975586,183249600
2015-11-16,25.04455815911912,25.687648959867616,24.95911316407321,25.674158096313477,152426800
2015-11-17,25.840555041603942,25.869787537109683,25.480784337672787,25.563982009887695,110467600
2015-11-18,26.02943758532632,26.418439096918082,25.97097430567729,26.37346839904785,186698800
2015-11-19,26.45216886984242,26.926617125113335,26.25429539081163,26.708505630493164,173183200
2015-11-20,26.802939041576014,26.964836267435388,26.72423947776155,26.82542610168457,137148400
2015-11-23,26.818677971561094,26.922113640808906,26.384704146405184,26.476896286010742,129930000
2015-11-24,26.382460384517966,26.836670565894213,26.33524064156712,26.730987548828125,171212800
2015-11-25,26.80518713090661,26.80968522897599,26.515121564214937,26.53985595703125,85553200
2015-11-27,26.598324759283052,26.625308206750216,26.44317293851058,26.490392684936523,52185600
2015-11-30,26.530865778854082,26.850163888211174,26.476900601922452,26.60057258605957,156721200
2015-12-01,26.70175553371693,26.715246398072217,26.276776151306265,26.384706497192383,139409600
2015-12-02,26.38470624073377,26.557847004045957,26.101387798895118,26.146358489990234,133546400
2015-12-03,26.207080776111372,26.261045969051857,25.683163619559938,25.903522491455078,166278000
2015-12-04,25.92374906366475,26.814182073839056,25.88327475795129,26.764713287353516,231108000
2015-12-07,26.7534759244012,26.951349387744692,26.490392035729663,26.5960750579834,128336800
2015-12-08,26.425175646278795,26.668021450389926,26.276771020780824,26.58482551574707,137238000
2015-12-09,26.452157741467275,26.463401269344825,25.87652479698384,25.997947692871094,185445600
2015-12-10,26.092395120589035,26.294766675544988,25.9732212369822,26.121625900268555,116850800
2015-12-11,25.901263557714888,25.9462342457726,25.37509758672638,25.44930076599121,187544800
2015-12-14,25.224435280798794,25.336863678071825,24.687027679075385,25.291893005371094,257274800
2015-12-15,25.17047629202846,25.363853319917258,24.81295300910973,24.844432830810547,213292400
2015-12-16,24.974853819286913,25.181721739036185,24.464429451891355,25.035564422607422,224954000
2015-12-17,25.188467206019784,25.24018504378991,24.50490379333496,24.50490379333496,179091200
2015-12-18,24.489168477940314,24.626329623645198,23.792110639367774,23.84157943725586,385813200
2015-12-21,24.122646621391503,24.142884633341986,23.738141549551425,24.13389015197754,190362400
2015-12-22,24.14963731897851,24.221591475984052,23.93602218233656,24.111412048339844,131157600
2015-12-23,24.120401793897972,24.47567615012773,24.104661877635753,24.421710968017578,130629600
2015-12-24,24.50940559649959,24.50940559649959,24.273305131608815,24.29129409790039,54281600
2015-12-28,24.192349850721047,24.21483691016716,23.87530255568779,24.019210815429688,106816800
2015-12-29,24.05069228904836,24.606089071221,24.02820694358233,24.450937271118164,123724800
2015-12-30,24.41496347968314,24.441945210706056,24.10016346541331,24.131643295288086,100855200
2015-12-31,24.06194141393159,24.066437797861447,23.569504170781183,23.668441772460938,163649200
2016-01-04,23.07256004790502,23.693165394769228,22.935397240889355,23.68866729736328,270597600
2016-01-05,23.778619886268466,23.80110523572787,23.02759857808662,23.095054626464844,223164000
2016-01-06,22.611603751375167,23.018595806788426,22.4564536951053,22.643083572387695,273829600
2016-01-07,22.188874316419493,22.514916066969125,21.682946397311802,21.687442779541016,324377600
2016-01-08,22.15964349622422,22.285562784635363,21.75714952445672,21.802120208740234,283192000
2016-01-11,22.254085126159012,22.27432142139755,21.887567323079747,22.155147552490234,198957600
2016-01-12,22.609360561798336,22.64084038858028,22.22485377727822,22.476694107055664,196616800
2016-01-13,22.557647959573476,22.75327411329118,21.878580761401423,21.89881706237793,249758400
2016-01-14,22.026979932182503,22.593620234931443,21.52779738017287,22.377756118774414,252680400
2016-01-15,21.63122844203972,21.97076276836972,21.44234951010831,21.84034538269043,319335600
2016-01-19,22.12816830586096,22.18213348140118,21.473833904788066,21.734668731689453,212350800
2016-01-20,21.383886403780675,22.078694972485735,21.00612682165017,21.76389503479004,289337600
2016-01-21,21.824618559662806,22.009001219962943,21.34792284624046,21.653728485107422,208646000
2016-01-22,22.177635981262224,22.813981435821805,22.119174420983356,22.80498695373535,263202000
2016-01-25,22.8274708513021,22.829719900561372,22.308051981335268,22.359769821166992,207178000
2016-01-26,22.469940003447093,22.683553276390857,22.05170621986519,22.483430862426758,300308000
2016-01-27,21.59525980863434,21.727924574163627,20.988145067039827,21.006134033203125,533478800
2016-01-28,21.08932801960842,21.253472589399497,20.774528029001694,21.156784057617188,222715200
2016-01-29,21.314185372152718,21.887569427490234,21.21524778897145,21.887569427490234,257666000
2016-02-01,21.69194163910943,21.745906805363436,21.45134486663825,21.682947158813477,163774000
2016-02-02,21.455844447191097,21.595256339276258,21.19950772487338,21.24448013305664,149428800
2016-02-03,21.361402524248767,21.775138339162716,21.154534616791793,21.664958953857422,183857200
2016-02-04,21.671736666003714,22.00407006002564,21.52026552275693,21.839033126831055,185886800
2016-02-05,21.820952730410887,21.911383881383404,21.181156088787205,21.255760192871094,185672400
2016-02-08,21.054561467402788,21.635579594125613,21.034215354615913,21.47958755493164,216085600
2016-02-09,21.316806256746773,21.689833751804365,21.23541837692217,21.475059509277344,177324800
2016-02-10,21.685306155065295,21.78251933732667,21.2738460702259,21.312278747558594,169374400
2016-02-11,21.20376419556052,21.414015895957743,20.93247073304399,21.18341636657715,200298800
2016-02-12,21.294194097976302,21.364277419045337,21.027423157507165,21.248977661132812,161405600
2016-02-16,21.481838095692634,21.8955594642295,21.389147412617355,21.84808349609375,196231600
2016-02-17,21.854865502856725,22.20302432690373,21.737306209266045,22.18267822265625,179452800
2016-02-18,22.345453970297296,22.35675851231295,21.723742105717225,21.762176513671875,156084000
2016-02-19,21.70339529502139,21.875214324059627,21.65818057808912,21.712438583374023,141496800
2016-02-22,21.77346852510472,21.90685481040241,21.68529866059866,21.902332305908203,137123200
2016-02-23,21.793821816655242,21.816429170311224,21.37557973711279,21.407230377197266,127770400
2016-02-24,21.246713954975633,21.78929729175872,21.09750232997903,21.725996017456055,145022800
2016-02-25,21.714701034154015,21.875215530395508,21.53383870678927,21.875215530395508,110330800
2016-02-26,21.974679451788347,22.16006248687138,21.8345128428416,21.90911865234375,115964400
2016-02-29,21.897817210770345,22.207543305482968,21.85034125023726,21.859384536743164,140865200
2016-03-01,22.076418865566318,22.781777984759973,22.024420397887784,22.727519989013672,201628400
2016-03-02,22.72299992186078,22.808908561560344,22.526312309459705,22.777257919311523,132678400
2016-03-03,22.738826954826482,22.994293365018642,22.70943583850376,22.94681739807129,147822800
2016-03-04,23.143505499426116,23.455491170685054,22.917428476094212,23.28819465637207,184220400
2016-03-07,23.148025368283808,23.24749980657361,22.82473516867268,23.030466079711914,143315600
2016-03-08,22.78403595054956,23.00559213219759,22.698127325942952,22.84055519104004,126247600
2016-03-09,22.903865790375907,22.964907560865505,22.668745447219944,22.860912322998047,108806800
2016-03-10,22.926471182400185,23.114113796134067,22.641613657275727,22.872211456298828,134054400
2016-03-11,23.11411839250172,23.123161681983586,22.946821849164948,23.118640899658203,109632800
2016-03-14,23.039512345350563,23.26558938899134,23.010121225785447,23.177417755126953,100304400
2016-03-15,23.502961009900737,23.77877518241644,23.47809240583258,23.643129348754883,160270800
2016-03-16,23.649913549723195,24.03424373446791,23.645391044116028,23.957378387451172,153214000
2016-03-17,23.855648015777817,24.07042223430001,23.729045427903444,23.9189510345459,137682800
2016-03-18,24.041035025193867,24.07720818465786,23.781047772078935,23.946083068847656,176820800
2016-03-21,23.948341735398174,24.337194533472676,23.769740660709026,23.94382095336914,142010800
2016-03-22,23.7946062792447,24.25580360555607,23.785562991493798,24.12693977355957,129777600
2016-03-23,24.0726834109702,24.206068033508796,23.9415583169001,23.993555068969727,102814000
2016-03-24,23.844345980833857,24.020685798250415,23.713220882046333,23.88956069946289,104532000
2016-03-28,23.96416393181516,24.007119117223695,23.751650982738123,23.781042098999023,77645600
2016-03-29,23.713214362107195,24.368837950950414,23.710953109348186,24.343969345092773,124760400
2016-03-30,24.563266114296848,24.96342164079904,24.551961574493767,24.76899528503418,182404400
2016-03-31,24.805177561223108,24.84587150472734,24.615271916592942,24.640140533447266,103553600
2016-04-01,24.59265606401662,24.86847028312969,24.461530988564398,24.866209030151367,103496000
2016-04-04,24.963424355728954,25.363581650581384,24.929512457462184,25.121679306030273,149424800
2016-04-05,24.757697483706366,25.03351175238245,24.73734965290633,24.825519561767578,106314800
2016-04-06,24.920469282378427,25.090027037913124,24.68760851591967,25.08550453186035,105616400
2016-04-07,24.85716642817889,24.963422898290155,24.443446812937044,24.53839874267578,127207600
2016-04-08,24.62205385765068,24.81647854576308,24.45475558848368,24.565534591674805,94326800
2016-04-11,24.63561261993056,25.006378786836184,24.60396197579208,24.646915435791016,117630000
2016-04-12,24.719259012369672,24.981509167293467,24.5655283041007,24.967945098876953,108929200
2016-04-13,25.049331153367543,25.397488199719643,25.049331153367543,25.329666137695312,133029200
2016-04-14,25.234717106917486,25.408795650036424,25.16915456540157,25.343233108520508,101895600
2016-04-15,25.345492997748178,25.38844818035454,24.807430350412904,24.834558486938477,187756000
2016-04-18,24.617527169502473,24.63109123908705,24.176677659695585,24.29875946044922,243286000
2016-04-19,24.389190358549207,24.416320224181874,24.016164623877835,24.169897079467773,129539600
2016-04-20,24.108850137937278,24.43666108435248,23.977725069438975,24.219627380371094,122444000
2016-04-21,24.17441208617142,24.17441208617142,23.85564270925603,23.957378387451172,126210000
2016-04-22,23.74034970949823,24.072683223858203,23.652179804647325,23.891820907592773,134732400
2016-04-25,23.73808560575489,23.885036004470937,23.627308355880622,23.75617218017578,112126400
2016-04-26,23.49166611475082,23.805913063172742,23.49166611475082,23.59113883972168,224064800
2016-04-27,21.703392818744632,22.31606130487743,21.63104824500871,22.114852905273438,458408400
2016-04-28,22.067378589818784,22.128418627758244,21.307759646400942,21.438884735107422,328970800
2016-04-29,21.2489783607375,21.414015342196215,20.914385341232986,21.192459106445312,274126000
2016-05-02,21.244457131151787,21.269325740502186,20.889516290677836,21.169851303100586,192640400
2016-05-03,21.296458627351374,21.64461751106802,21.17889931361265,21.518014907836914,227325200
2016-05-04,21.52252208566093,21.680776964497124,21.210536557121603,21.294185638427734,164102000
2016-05-05,21.38063073917821,21.396552416060036,21.080392164169012,21.207765579223633,143562000
2016-05-06,21.237336027241078,21.255530990193993,20.891605701145775,21.08949089050293,174799600
2016-05-09,21.15317847035698,21.328316926403854,21.059921689302147,21.10541343688965,131745600
2016-05-10,21.228233023346398,21.28282137090078,20.950739509002165,21.248703002929688,134747200
2016-05-11,21.262351491200416,21.282821470879867,21.03034797617292,21.04172134399414,114876400
2016-05-12,21.089483696513835,21.103130347906575,20.35026000031779,20.54814338684082,305258800
2016-05-13,20.47081528916561,20.850662223051433,20.47081528916561,20.58909034729004,177571200
2016-05-16,21.01442543613503,21.46933236491437,20.846110358379693,21.353330612182617,245039200
2016-05-17,21.505725491322284,21.539842122301142,21.155446952171033,21.264623641967773,187667600
2016-05-18,21.417019421056718,21.655844521716993,21.35560601279247,21.507999420166016,168249600
2016-05-19,21.52620086154741,21.52620086154741,21.28282566605792,21.42612075805664,121768400
2016-05-20,21.526199567022662,21.70588804415121,21.498904521712273,21.658123016357422,128104000
2016-05-23,21.805966673755872,22.106205210629504,21.760474934634164,21.933340072631836,152074400
2016-05-24,22.113022260128254,22.3109056293014,22.02658884800029,22.267690658569336,140560800
2016-05-25,22.442830846238675,22.686205961289858,22.315457473227085,22.658912658691406,152675200
2016-05-26,22.672564068641318,22.91139092849649,22.43601222959086,22.838605880737305,225324800
2016-05-27,22.617982684960637,22.852259575384032,22.57476595301859,22.82496452331543,145364800
2016-05-31,22.654366400203152,22.836329879454723,22.47695296236566,22.713504791259766,169228800
2016-06-01,22.522438677649962,22.640715437250694,22.36549698538301,22.395065307617188,116693200
2016-06-02,22.19946200391749,22.254050359871055,21.978831823800608,22.226757049560547,160766400
2016-06-03,22.24267898283072,22.351855696000037,22.1653438869476,22.272247314453125,114019600
2016-06-06,22.28816291833011,23.17523171397771,22.18808458108011,22.433732986450195,93170000
2016-06-07,22.57476119621173,22.715782999184874,22.50879946911135,22.524721145629883,89638000
2016-06-08,22.522444533680854,22.645269630433198,22.445111177577044,22.504249572753906,83392400
2016-06-09,22.40416156094424,22.74306666617626,22.39506321602992,22.665733337402344,106405600
2016-06-10,22.41098842871252,22.597500190611726,22.39961679727079,22.479225158691406,126851600
2016-06-13,22.447385329224215,22.545190398665728,22.085733380235403,22.140321731567383,152082000
2016-06-14,22.13577254221866,22.399619411239556,22.006124128394898,22.16761589050293,127727600
2016-06-15,22.24949606499538,22.383694500789666,22.069807634038472,22.09482765197754,117780800
2016-06-16,21.937883477740435,22.23357364230803,21.851451795717487,22.18808364868164,125307200
2016-06-17,21.97654532098173,21.98336864445566,21.676306940808296,21.683130264282227,244032800
2016-06-20,21.835535441907616,21.965183864180645,21.61490527489348,21.630826950073242,137647600
2016-06-21,21.59443710572884,21.915145657075037,21.53529870638396,21.815067291259766,142185600
2016-06-22,21.89239197979388,22.03796203179401,21.68768355187748,21.73317527770996,116876400
2016-06-23,21.82188662145151,21.901494989448125,21.664943170735132,21.858278274536133,128960800
2016-06-24,21.13270605917647,21.530749694370524,21.073567661768816,21.244157791137695,301245600
2016-06-27,21.15316761615492,21.16454098104903,20.811987493313712,20.934812545776367,181958400
2016-06-28,21.13043274479156,21.303297909072985,20.95756758051013,21.28737449645996,161779600
2016-06-29,21.373802149958266,21.50572557469528,21.29646707033125,21.471607208251953,146124000
2016-06-30,21.480705590379575,21.78321737716716,21.448862244401933,21.744550704956055,143345600
2016-07-01,21.719534608765013,21.942439806207698,21.68314295050178,21.810516357421875,104106000
2016-07-05,21.696790008403283,21.699065029378403,21.485258176363672,21.60580825805664,110820800
2016-07-06,21.517102043514402,21.75820394800162,21.464788707162878,21.728633880615234,123796400
2016-07-07,21.767290273663196,21.94925369270956,21.74909532002398,21.821880340576172,100558400
2016-07-08,21.946977620278027,22.03795932543814,21.846899306400424,21.99019432067871,115648400
2016-07-11,22.006126093637636,22.210834590412393,22.001577787190417,22.058441162109375,95179600
2016-07-12,22.101660174289954,22.222210273431067,22.090288538433565,22.158523559570312,96670000
2016-07-13,22.1562418216382,22.21537847033125,22.02659168673724,22.033416748046875,103568800
2016-07-14,22.15169380085942,22.51561901394798,22.13577212701593,22.470129013061523,155676000
2016-07-15,22.49969880324895,22.586132240019165,22.404168753975735,22.46785545349121,120548000
2016-07-18,22.44966430949929,22.774922949887216,22.42691930195225,22.706687927246094,145975600
2016-07-19,22.645260891821938,22.745340947296217,22.595220864084798,22.71577262878418,95119600
2016-07-20,22.745346363142545,22.849974748173135,22.686207976705354,22.736248016357422,105104000
2016-07-21,22.706683422887863,22.972803602596557,22.5474649309773,22.61570167541504,130808000
2016-07-22,22.577031117300013,22.586129464017173,22.360949287264944,22.44055938720703,113254800
2016-07-25,22.347305239005255,22.481501964223952,22.04479168290332,22.140321731567383,161531600
2016-07-26,22.02205058157523,22.28362248667355,21.931068823019373,21.987932205200195,224959200
2016-07-27,23.71658039183368,23.734777091927548,23.370851766714377,23.41634178161621,369379200
2016-07-28,23.38904086214345,23.757514374908947,23.386765841538203,23.732494354248047,159479200
2016-07-29,23.698376422764657,23.78025980674225,23.582374672907697,23.702924728393555,110934800
2016-08-01,23.74841921797252,24.144187796248808,23.74841921797252,24.121442794799805,152671600
2016-08-02,24.12144519959996,24.125993506210257,23.655164814413595,23.76434326171875,135266400
2016-08-03,23.839398372056618,24.07367517574286,23.830300024735596,24.06230354309082,120810400
2016-08-04,24.14462609594638,24.24067362932674,24.07601971797031,24.21094512939453,109634800
2016-08-05,24.302419048789062,24.618006307760453,24.281838181325405,24.579130172729492,162213600
2016-08-08,24.588282941029536,24.78266716003418,24.505957703409404,24.78266716003418,112148800
2016-08-09,24.750649168770092,24.91301577419259,24.70033804559322,24.883285522460938,105260800
2016-08-10,24.860412303340663,24.90386312729229,24.643161673048006,24.69804573059082,96034000
2016-08-11,24.81696294041959,24.910724882944077,24.663743992361994,24.682039260864258,109938000
2016-08-12,24.647741233881806,24.798674613556432,24.647741233881806,24.739215850830078,74641600
2016-08-15,24.730065079268527,25.05022532562946,24.716344499122467,25.0365047454834,103472800
2016-08-16,25.070807047570803,25.208019832624814,24.974759493819427,25.013635635375977,135177600
2016-08-17,24.949602155202015,25.011348253023485,24.775800585987955,24.9770450592041,101424000
2016-08-18,24.979333407599857,25.063945978389675,24.93130788748355,24.945030212402344,87938800
2016-08-19,24.87413258392679,25.084524667333604,24.780372392776844,25.009057998657227,101472400
2016-08-22,24.894719727168077,24.949603794044457,24.66374673466097,24.814680099487305,103280800
2016-08-23,24.83296489378997,24.999906125454377,24.819244318078415,24.892423629760742,85030800
2016-08-24,24.828404571393946,24.86956806418607,24.624874452792145,24.704914093017578,94700400
2016-08-25,24.558550794094852,24.670606269416346,24.396184198705306,24.599714279174805,100344800
2016-08-26,24.56312906073768,24.68661778922649,24.31157342376692,24.455646514892578,111065200
2016-08-29,24.382461434606956,24.56998357323382,24.306994761264573,24.428197860717773,99881200
2016-08-30,24.194944259087347,24.355023528045077,24.126337861115076,24.240680694580078,99455600
2016-08-31,24.16292549507847,24.371028519659294,24.158350805240275,24.263545989990234,118649600
2016-09-01,24.272695936319277,24.423629310159114,24.153780160196813,24.407621383666992,106806000
2016-09-02,24.629439006911042,24.698045386433105,24.428196302236472,24.636301040649414,107210000
2016-09-06,24.6751765670676,24.766651155933022,24.585989322725293,24.629438400268555,107521600
2016-09-07,24.65916952655998,24.871847211765008,24.485367975974665,24.780372619628906,169457200
2016-09-08,24.526535907357516,24.531108852664694,24.066877263365704,24.130908966064453,212008000
2016-09-09,23.929668343134992,24.17664928520172,23.584352493286133,23.584352493286133,186228000
2016-09-12,23.47458241005094,24.176647288411548,23.44713950384346,24.11261558532715,181171200
2016-09-13,24.585994491587748,24.878711841710718,24.524248389610946,24.686614990234375,248704800
2016-09-14,24.864985617084578,25.84833263289955,24.83525537298009,25.56018829345703,443554800
2016-09-15,26.038145106459055,26.465787848457715,25.95353079806588,26.429197311401367,359934400
2016-09-16,26.326293904105707,26.55726516534714,26.07931297166161,26.280555725097656,319547600
2016-09-19,26.342301325526172,26.56869963689273,25.89865059368618,25.974117279052734,188092000
2016-09-20,25.852912693764175,26.09760626250278,25.729422236914832,25.97182846069336,138057200
2016-09-21,26.03585545778515,26.06787130250994,25.713409665990444,25.96725082397461,144012800
2016-09-22,26.15020419846396,26.28512964164971,26.070164568472283,26.211950302124023,124296000
2016-09-23,26.166210158240865,26.250824472007036,25.509883496894744,25.775157928466797,209924800
2016-09-26,25.53046381318725,25.93066366912903,25.509882943782042,25.81403350830078,119477600
2016-09-27,25.841472051548237,25.882635528145318,25.69053872244807,25.86205291748047,98429600
2016-09-28,25.9992683528483,26.21651899108683,25.939809603908138,26.058725357055664,118564400
2016-09-29,25.878070081062116,26.024428763645872,25.567057444388357,25.65395736694336,143548000
2016-09-30,25.71798367003567,25.92608841405423,25.56705207364735,25.852909088134766,145516400
2016-10-03,25.775157447782696,25.852911470148342,25.67682255594942,25.731706619262695,86807200
2016-10-04,25.855195111686786,26.141052130858036,25.756860227302564,25.841474533081055,118947200
2016-10-05,25.93294870324469,25.992407450783244,25.77058212838377,25.852909088134766,85812400
2016-10-06,26.001553066930768,26.147911717233303,25.871202339482174,26.04500389099121,115117200
2016-10-07,26.14105278343529,26.19822418869675,25.958105333438315,26.083881378173828,97433600
2016-10-10,26.303419476318798,26.699046370084726,26.234814836554424,26.53896713256836,144944000
2016-10-11,26.91630032966746,27.142700379565017,26.57327185437994,26.596141815185547,256164000
2016-10-12,26.83626027589914,26.9803333498666,26.69904923690448,26.833972930908203,150347200
2016-10-13,26.708193309155366,26.8568393085417,26.463499769759196,26.751644134521484,140769600
2016-10-14,26.957464764778777,27.023783815035245,26.78595052110163,26.900293350219727,142608800
2016-10-17,26.83169265279791,26.948321099473812,26.70591482434346,26.882003784179688,94499600
2016-10-18,27.02606361465004,27.032923903324484,26.85912236306391,26.863697052001953,98214000
2016-10-19,26.813395120060363,26.930025301645205,26.02443024725678,26.783666610717773,80138400
2016-10-20,26.724199186093283,26.843114929656746,26.602996098019183,26.769935607910156,96503200
2016-10-21,26.71276910594301,26.73563906577721,26.591565995646846,26.664745330810547,92770800
2016-10-24,26.779085569512883,26.925444225731134,26.756217356616183,26.904863357543945,94154800
2016-10-25,26.97347162553453,27.06723357917939,26.82711294962361,27.042078018188477,192516000
2016-10-26,26.141051919961637,26.458924783136965,25.91236630646959,26.43376922607422,264536800
2016-10-27,26.388038501290872,26.495521042006445,26.093033786794877,26.179935455322266,138248000
2016-10-28,26.040433412078734,26.34687131993518,25.944384121128103,26.00613021850586,151446800
2016-10-31,25.99012328759394,26.122761377288192,25.887213702941654,25.964967727661133,105677600
2016-11-01,25.94667147935056,26.01756346663362,25.276622510848522,25.49616050720215,175303200
2016-11-02,25.475578628218926,25.692829271127486,25.436702491232396,25.519027709960938,113326800
2016-11-03,25.50983388565465,25.620165575193028,25.181134398016813,25.245494842529297,107730400
2016-11-04,24.946678836590927,25.342037894308067,24.850138160736485,25.017934799194336,123348000
2016-11-07,25.302958660645363,25.401798411417044,25.160445001440227,25.378812789916992,130240000
2016-11-08,25.35582443787792,25.67992747572107,25.215609872331793,25.52821922302246,97016800
2016-11-09,25.25698340728689,25.587981939123118,24.836341485717092,25.48684310913086,236705600
2016-11-10,25.535122773847835,25.535122773847835,24.326061562671892,24.776586532592773,228538000
2016-11-11,24.622575108340758,25.024829639098517,24.49155513132728,24.923690795898438,136575600
2016-11-14,24.758194790163717,24.781180415658593,23.923804484233084,24.29847526550293,204702000
2016-11-15,24.496152932155507,24.751297389168002,24.401911348710634,24.620277404785156,129058000
2016-11-16,24.52603728360043,25.33744376220521,24.50305165684557,25.282276153564453,235362000
2016-11-17,25.240908218215516,25.365032741024155,25.015646559322775,25.273088455200195,110528000
2016-11-18,25.22021696552083,25.40870192710526,25.206425939014256,25.298368453979492,113715600
2016-11-21,25.312157547067688,25.741994178360056,25.286872833028042,25.682231903076172,117058400
2016-11-22,25.732794128039618,25.840828473568653,25.606372338304492,25.69831657409668,103862000
2016-11-23,25.597181932717977,25.631661245999794,25.360426670508605,25.56730079650879,109705600
2016-11-25,25.5443156508187,25.71441314355612,25.50294082200296,25.69602394104004,45903600
2016-11-28,25.613274179311368,25.852328549976207,25.604079578090698,25.64545440673828,108776000
2016-11-29,25.46386208296801,25.751186762101863,25.30066187566286,25.620166778564453,114115200
2016-11-30,25.652351310791705,25.79026682920152,25.346637379961116,25.404102325439453,144649200
2016-12-01,25.369618916142567,25.500638891499555,25.06160596742316,25.167341232299805,148347600
2016-12-02,25.093792541403914,25.305263124688693,25.02023747966612,25.2615909576416,106112000
2016-12-05,25.284569212264145,25.29146472327701,24.88231470206903,25.079994201660156,137298000
2016-12-06,25.169652229705356,25.367331830434885,25.0983962411952,25.273088455200195,104782000
2016-12-07,25.114480737065133,25.558110194681575,25.091495109178005,25.521331787109375,119994800
2016-12-08,25.482255381982473,25.84313516687226,25.422491348076566,25.771879196166992,108273200
2016-12-09,25.815548378456956,26.364913049538554,25.815548378456956,26.19251823425293,137610400
2016-12-12,26.040810805308038,26.43387076008026,25.856922307239902,26.043109893798828,105497600
2016-12-13,26.167232723536717,26.645341417576397,26.146546188104477,26.4775447845459,174935200
2016-12-14,26.443065471801468,26.709701866064297,26.429274448179974,26.4775447845459,136127200
2016-12-15,26.521213762497187,26.83152578628217,26.486736207579288,26.622352600097656,186098000
2016-12-16,26.77177117803946,26.778666691446684,26.583286212247312,26.656841278076172,177404400
2016-12-19,26.617761155624148,26.980938246977622,26.60626746604154,26.810842514038086,111117600
2016-12-20,26.833830714724026,27.008524641738106,26.82003968885404,26.88210105895996,85700000
2016-12-21,26.84762449632404,26.985540021244297,26.843026318401776,26.907386779785156,95132800
2016-12-22,26.74418348086327,26.78096188527395,26.580983257095284,26.730392456054688,104343600
2016-12-23,26.569490683491168,26.783260345458984,26.569490683491168,26.783260345458984,56998000
2016-12-27,26.783258305133447,27.07748026929318,26.77636279296477,26.95335578918457,73187600
2016-12-28,27.013118748301817,27.128048630534312,26.709703929355662,26.83842658996582,83623600
2016-12-29,26.76716931643538,26.91887760528146,26.755677380235163,26.831531524658203,60158000
2016-12-30,26.813136587865635,26.939558381175733,26.532707449930143,26.622352600097656,122345200
2017-01-03,26.61776110407188,26.739586497171988,26.37870674148132,26.698211669921875,115127600
2017-01-04,26.629251595063298,26.780959871312433,26.606265970880596,26.66832733154297,84472400
2017-01-05,26.645339856912937,26.861408567344537,26.620055145960702,26.803943634033203,88774400
2017-01-06,26.843021488191795,27.160229067489293,26.771765526438056,27.102764129638672,127007600
2017-01-09,27.111962596832893,27.452155871055513,27.109665261499952,27.351016998291016,134247600
2017-01-10,27.30044402604622,27.44065862560375,27.192411407583823,27.378597259521484,97848400
2017-01-11,27.293542714148252,27.567076342654172,27.261362493581732,27.52570152282715,110354400
2017-01-12,27.330329377254333,27.422273643977455,27.171725560999228,27.41077995300293,108344800
2017-01-13,27.378595071522714,27.49582403552166,27.309636444772575,27.362504959106445,104447600
2017-01-17,27.201607554122653,27.638341519464547,27.174025500825763,27.583175659179688,137759200
2017-01-18,27.583172578128174,27.698102463870374,27.51651303395479,27.580873489379883,94852000
2017-01-19,27.44525623100266,27.60385827599191,27.43836071865845,27.532602310180664,102389200
2017-01-20,27.68661186642518,27.68661186642518,27.521114285570608,27.583175659179688,130391600
2017-01-23,27.58317139083835,27.76935723654545,27.53030287404862,27.601560592651367,88200800
2017-01-24,27.479739898382356,27.606161736659523,27.468246206861203,27.57628059387207,92844000
2017-01-25,27.67971143894819,28.065875899766148,27.647531213354256,28.01530647277832,129510400
2017-01-26,27.96703349297355,28.14402647071442,27.950943381696252,28.029096603393555,105350400
2017-01-27,28.075066960528506,28.12333729283309,27.950942497306496,28.03139305114746,82251600
2017-01-30,27.796938846873953,27.957839965820312,27.734877487763406,27.957839965820312,121510000
2017-01-31,27.847509052397502,27.90267490134263,27.725683665535442,27.89348030090332,196804000
2017-02-01,29.199083322907335,29.994399589197755,29.19448689960036,29.59444236755371,447940000
2017-02-02,29.417452924522408,29.741554274953458,29.37147992020151,29.543874740600586,134841600
2017-02-03,29.49330273313571,29.695580427074365,29.458825175024025,29.67029571533203,98029200
2017-02-06,29.68179631960283,29.99670311499956,29.62892604167124,29.94843101501465,107383600
2017-02-07,30.005885648093418,30.362168907763092,29.985199115518117,30.233448028564453,152735200
2017-02-08,30.19207532386738,30.39205215591123,30.162192438203466,30.350675582885742,92016400
2017-02-09,30.39223740965527,30.576923196246266,30.269883824588764,30.569997787475586,113399600
2017-02-10,30.579237712508245,30.690047788828956,30.484585751077166,30.500743865966797,80262000
2017-02-13,30.722354215536885,30.89318913114871,30.64617122030137,30.770832061767578,92141600
2017-02-14,30.81239521348662,31.186381347735317,30.76160653814567,31.170223236083984,132904800
2017-02-15,31.285647456911654,31.458789685755665,31.077874668746244,31.283336639404297,142492400
2017-02-16,31.32027492739609,31.37337089198569,31.12866376877793,31.246402740478516,90338400
2017-02-17,31.188699238581894,31.357223414474387,31.188699238581894,31.331829071044922,88792800
2017-02-21,31.44956073676202,31.569607029524473,31.391846647128517,31.558063507080078,98028800
2017-02-22,31.495739117881833,31.655030608403848,31.421866896569643,31.65272331237793,83347600
2017-02-23,31.715056808733124,31.73814033769035,31.465731446904428,31.518827438354492,83152800
2017-02-24,31.375680180151893,31.5488224029541,31.230239585770025,31.5488224029541,87106400
2017-02-27,31.659635933949133,31.728893535232476,31.46109935565045,31.611154556274414,81029600
2017-02-28,31.645799120985377,31.728907574782003,31.558072552369634,31.625022888183594,93931600
2017-03-01,31.832782418776734,32.35451650915443,31.76583562625202,32.27140808105469,145658400
2017-03-02,32.31989639045544,32.38453590142922,32.033633182865024,32.07980728149414,104844000
2017-03-03,32.038240052746666,32.28063989511755,31.99437678799724,32.26909637451172,84432400
2017-03-06,32.17444402347953,32.266788664550965,31.996687194269274,32.167518615722656,87000000
2017-03-07,32.10288426884158,32.315271693433274,32.0405520664607,32.20907974243164,69785200
2017-03-08,32.077491511304345,32.27372083241931,32.04748257893479,32.08903503417969,74828800
2017-03-09,32.02901394806746,32.040553948462716,31.638866120296644,32.015159606933594,88623600
2017-03-10,32.1467436716985,32.1721380086802,32.00592117072506,32.1213493347168,78451200
2017-03-13,32.054395288155675,32.188288828177306,32.047469881692045,32.13519287109375,69686800
2017-03-14,32.15828822800166,32.23908583184447,32.052092763771405,32.08672332763672,61236400
2017-03-15,32.18368653915024,32.49303322137834,32.09595999363327,32.42608642578125,102767200
2017-03-16,32.486108606301194,32.555366221686945,32.379913126364556,32.479183197021484,76928000
2017-03-17,32.55075250275632,32.55075250275632,32.29450175704382,32.317588806152344,175540000
2017-03-20,32.412229772933976,32.66617316416422,32.37298461657809,32.65694046020508,86168000
2017-03-21,32.80699238269728,32.9662838100566,32.25755320371015,32.2829475402832,158119600
2017-03-22,32.285251117955816,32.68924959482827,32.2644713762647,32.6476936340332,103440800
2017-03-23,32.61076646650214,32.68464218874113,32.460711249263134,32.53227615356445,81385200
2017-03-24,32.666168867296385,32.72157565152801,32.40068551168565,32.46763229370117,89582400
2017-03-27,32.179052249932504,32.601519606248125,32.001291952746996,32.52302932739258,94300400
2017-03-28,32.529953897587085,33.252531539509235,32.463003614775104,33.19712829589844,133499200
2017-03-29,33.16943400921991,33.35643058537808,33.05631666809547,33.27101135253906,116760000
2017-03-30,33.28717868536346,33.358743592432035,33.12788723539098,33.22715377807617,84829200
2017-03-31,33.17867244111365,33.30564412870682,33.01476289484099,33.16482162475586,78646800
2017-04-03,33.17635637991859,33.271004774217744,33.023990395065574,33.17404556274414,79942800
2017-04-04,33.070175058947704,33.4487793654904,33.051706126605545,33.421077728271484,79565600
2017-04-05,33.294106819448956,33.58036999374285,33.199454859893464,33.2479362487793,110871600
2017-04-06,33.31025871910069,33.36335821192298,33.11634024491553,33.16482162475586,84596000
2017-04-07,33.1809762021365,33.28486083634301,33.07478427297881,33.0909423828125,66688800
2017-04-10,33.15097064643362,33.21561013751287,32.989368396147434,33.051700592041016,75733600
2017-04-11,32.99859962141102,33.09325154850054,32.333732359535915,32.6961784362793,121517600
2017-04-12,32.68925729558643,32.816225457301364,32.55304938555892,32.73542785644531,81400000
2017-04-13,32.7608268015999,32.869329572304196,32.56229019165039,32.56229019165039,71291600
2017-04-17,32.66155421809713,32.75389886827551,32.52073170883979,32.74235534667969,66328400
2017-04-18,32.645393762219754,32.79083085160347,32.57613616020524,32.5969123840332,58790000
2017-04-19,32.75390579168043,32.78160743129531,32.4237793217176,32.47687530517578,69313600
2017-04-20,32.60152990307541,32.99398494389246,32.58767908744237,32.883174896240234,93278400
2017-04-21,32.88317444205234,32.93857770381926,32.74697006009152,32.843929290771484,69283600
2017-04-24,33.12789371505518,33.23177839152533,33.05401797550983,33.160213470458984,68537200
2017-04-25,33.22252804028264,33.451073502614456,33.21329181645043,33.365657806396484,75486000
2017-04-26,33.35181205494892,33.38182450307761,33.10017951743427,33.16943359375,80164800
2017-04-27,33.2248366635239,33.280243440970935,33.08401418644334,33.19482421875,56985200
2017-04-28,33.26408726556515,33.31256864410618,33.07478690943521,33.16250991821289,83441600
2017-05-01,33.49724666569909,33.98204272608886,33.46492692833977,33.83891296386719,134411600
2017-05-02,34.0605371626069,34.18750883290929,33.89893845612549,34.053611755371094,181408800
2017-05-03,33.61038217628582,34.04901144652066,33.3056535623377,33.94974136352539,182788000
2017-05-04,33.82507002419722,33.96819981973374,33.66116048206023,33.82737731933594,93487600
2017-05-05,33.880468588027576,34.39296984476421,33.880468588027576,34.38835525512695,109310800
2017-05-08,34.40452632623706,35.48262520742203,34.40452632623706,35.323333740234375,195009600
2017-05-09,35.5218668325263,35.755034009575716,35.42490758445576,35.5495719909668,156521600
2017-05-10,35.46647319595749,35.53803812307615,35.11557044861919,35.38105392456055,103222800
2017-05-11,35.33930938690545,35.714842670163364,35.306856242636485,35.6870231628418,109020400
2017-05-12,35.860885956725625,36.259598101766585,35.85393196303185,36.185420989990234,130108000
2017-05-15,36.16456126267978,36.312919047116495,35.942026354589,36.09270095825195,104038800
2017-05-16,36.14831442952212,36.17613039180371,35.86550702257118,36.039363861083984,80194000
2017-05-17,35.6058965375633,35.83075175718086,34.70415884032869,34.8293342590332,203070800
2017-05-18,35.065788496094065,35.54563183518866,35.03333534048926,35.36018371582031,134272800
2017-05-19,35.55490499482918,35.693988426847056,35.38104805196041,35.4807243347168,107843200
2017-05-22,35.698624955149626,35.83307474631924,35.44595371833895,35.69630813598633,91865600
2017-05-23,35.907247854130745,35.907247854130745,35.5386720320429,35.652259826660156,79675600
2017-05-24,35.66153221262889,35.73802968538322,35.390315829478965,35.54562759399414,76712000
2017-05-25,35.636034395874454,35.779758533636475,35.47376863110609,35.668487548828125,76942400
2017-05-26,35.69861696426487,35.75425244588684,35.538668049588445,35.608211517333984,87710400
2017-05-30,35.56417141113815,35.798297458551254,35.54330942948441,35.62212371826172,80507600
2017-05-31,35.69166548354051,35.738026619591665,35.323089676811115,35.41117477416992,97804800
2017-06-01,35.50621665902392,35.54330698193968,35.28599861454439,35.5085334777832,65616400
2017-06-02,35.60126213247194,36.03474426269531,35.44131319709185,36.03474426269531,111082800
2017-06-05,35.77743857588445,35.80293773471264,35.57344884238732,35.682395935058594,101326800
2017-06-06,35.67543696290587,36.11819341481537,35.647620988839236,35.80293273925781,106499600
2017-06-07,35.93506610026069,36.157600969588174,35.809887141277,36.016197204589844,84278400
2017-06-08,35.98837733234555,36.05560044220187,35.79133810279246,35.92810821533203,85003200
2017-06-09,35.9744757167898,35.9744757167898,33.84878545799699,34.53493881225586,259530800
2017-06-12,33.78387837463687,33.86500948267044,33.035132016753906,33.70969772338867,289229200
2017-06-13,34.113044202442644,34.180267317025965,33.64710542644517,33.98091125488281,136661600
2017-06-14,34.19186595717574,34.19186595717574,33.34344321400546,33.64943313598633,126124800
2017-06-15,33.222905985162065,33.491802047804654,32.965597556215656,33.447757720947266,128661600
2017-06-16,33.32952662218773,33.49642952980472,32.963267660313086,32.979496002197266,201444400
2017-06-19,33.30170765461845,34.01568035362184,33.30170765461845,33.92295455932617,130165600
2017-06-20,34.045808251364825,34.045808251364825,33.598418295957266,33.61464309692383,99600400
2017-06-21,33.732871902312034,33.860367655102756,33.52192470561531,33.814002990722656,85063200
2017-06-22,33.7908302237745,34.006411095665946,33.6401521119135,33.75837707519531,76425200
2017-06-23,33.64246703404675,34.11303938100419,33.637829860105015,33.9090461730957,141757600
2017-06-26,34.11535803908664,34.37266638125484,33.70042114567253,33.80241775512695,102769600
2017-06-27,33.61465529080629,33.881238028549696,33.29244060142321,33.31793975830078,99047600
2017-06-28,33.49410982286014,33.869639564051425,33.18580318779632,33.80473327636719,88329600
2017-06-29,33.54511748511974,33.64247694381055,32.981819179038446,33.30635070800781,125997600
2017-06-30,33.48483861282625,33.60306356993053,33.329526871517864,33.385162353515625,92096400
2017-07-03,33.584515725875775,33.68187515874708,33.171895661128474,33.264617919921875,57111200
2017-07-05,33.30866780138332,33.563655824273084,33.08381257222072,33.401390075683594,86278400
2017-07-06,33.15335488794052,33.26462232063813,33.011951125440845,33.08612823486328,96515200
2017-07-07,33.12554090823532,33.55438944203502,33.12554090823532,33.42225646972656,76806800
2017-07-10,33.40601417907685,33.832542133366566,33.23447414790251,33.6262321472168,84362400
2017-07-11,33.54974707837599,33.80937580737774,33.4686159744794,33.73519515991211,79127200
2017-07-12,33.81401493905517,33.885875242258294,33.570618050690655,33.78388214111328,99538000
2017-07-13,33.72824004014765,34.42135085110845,33.714332053494225,34.25444793701172,100797600
2017-07-14,34.300805579062285,34.61606621390877,34.15244784131849,34.5488395690918,80528400
2017-07-17,34.49785125121931,34.98001133617501,34.43989894381205,34.66938781738281,95174000
2017-07-18,34.585938981519924,34.80152342076449,34.46308036345037,34.78993225097656,71475200
2017-07-19,34.882648805047324,35.10055002760471,34.759790207159064,35.00782775878906,83692000
2017-07-20,35.11909637903669,35.17473186448836,34.81542687067658,34.850196838378906,68974800
2017-07-21,34.76907043902721,34.87338389337596,34.5117620318318,34.83397674560547,105010400
2017-07-24,34.90584009680633,35.337005477968546,34.74820795482175,35.2558708190918,85972800
2017-07-25,35.18864627665775,35.66153560939385,35.18864627665775,35.40654754638672,75415600
2017-07-26,35.54792996298373,35.68237613989782,35.48070333740022,35.573429107666016,63124000
2017-07-27,35.640667502356315,35.696302988408995,34.14549874382941,34.90119552612305,129905200
2017-07-28,34.7458887128319,34.82470300976447,34.58362294352118,34.65548324584961,68854800
2017-07-31,34.74820230717305,34.847882115795706,34.3379025150929,34.476985931396484,79383600
2017-08-01,34.56276756275341,34.82239284325068,34.402818582043786,34.78298568725586,141474400
2017-08-02,36.92256610475473,37.03151670290718,36.199322591170265,36.42649459838867,279747200
2017-08-03,36.40563768067518,36.442728003738814,35.93506526032993,36.06256103515625,108389200
2017-08-04,36.17847789517443,36.48678114081748,36.09038923234551,36.252655029296875,82239600
2017-08-07,36.40795161489137,36.83911685924383,36.31754617029138,36.81361770629883,87481200
2017-08-08,36.7649403439506,37.51368306566703,36.68844288389249,37.10801696777344,144823600
2017-08-09,36.917932544832915,37.38387130849785,36.883162579094225,37.33518981933594,104526000
2017-08-10,37.211856181852546,37.23512955823391,35.98542665876166,36.14600372314453,163217200
2017-08-11,36.44389460054869,36.90235254468695,36.3205534837013,36.648685455322266,105028400
2017-08-14,37.07687333211494,37.283993550032726,36.94422150945071,37.20021438598633,88490800
2017-08-15,37.388714574616245,37.74710103116794,37.267699444045775,37.60747146606445,117862000
2017-08-16,37.68660472435571,37.819253022132784,37.270034738751946,37.45621109008789,110686400
2017-08-17,37.35614114509254,37.400358425370186,36.73245093820814,36.73710632324219,111762400
2017-08-18,36.73709947239785,37.11875930059524,36.47179939122427,36.6533203125,109712400
2017-08-21,36.65332923983164,36.74408972257525,36.09712965562986,36.58584213256836,105474000
2017-08-22,36.82320965268834,37.235124208530294,36.77434054073482,37.18392562866211,86418400
2017-08-23,37.018692887258375,37.344498769648,36.97447561371597,37.230464935302734,77596400
2017-08-24,37.33520626704212,37.4073523308134,36.897695803929004,37.06525421142578,79275600
2017-08-25,37.15367250100886,37.365448131007646,37.06524149202365,37.202545166015625,101920400
2017-08-28,37.26771488101043,37.70057345906265,37.218842204818785,37.577232360839844,103864000
2017-08-29,37.25838946907847,37.96119972875437,37.235116101108325,37.912330627441406,118067600
2017-08-30,38.11945542733169,38.1403993304265,37.84251864968543,38.014732360839844,109078400
2017-08-31,38.08223261794667,38.28702698837684,38.04499663222864,38.166011810302734,107140400
2017-09-01,38.35217098805483,38.38475157319191,38.079889622762565,38.17763137817383,66364400
2017-09-05,38.10782224165241,38.224182004222335,37.36544638829334,37.719181060791016,117874000
2017-09-06,37.865798997669195,37.93096018664937,37.35614262234544,37.679622650146484,86606800
2017-09-07,37.721508469706514,37.75641853046921,37.318904669575105,37.528350830078125,87714000
2017-09-08,37.43525370168723,37.50274078484636,36.89301691603528,36.916290283203125,114446000
2017-09-11,37.35148608795261,37.71220208436392,37.2095270268237,37.584205627441406,126323200
2017-09-12,37.842523774144745,38.15669656718192,36.94888161090867,37.435264587402344,286856000
2017-09-13,37.204866024990814,37.22581347915636,36.748737785023984,37.15366744995117,179629600
2017-09-14,37.00007509160223,37.09548738913932,36.79062540811455,36.834842681884766,95042800
2017-09-15,36.87906749256494,37.46086636945778,36.769689019627606,37.20720291137695,196458400
2017-09-18,37.26072245054061,37.35148292120562,36.769684121809895,36.92560577392578,113077600
2017-09-19,37.12109617014794,37.181605529105575,36.87208808457367,36.9395751953125,83242400
2017-09-20,36.74641502768066,36.83019420658848,35.79924831851858,36.32054138183594,211805600
2017-09-21,36.25770088768065,36.25770088768065,35.547905661807576,35.69684600830078,150046800
2017-09-22,35.26631362582871,35.43620142795852,35.0382494961563,35.3477668762207,186581600
2017-09-25,34.90560444698507,35.333807540538785,34.712446806182214,35.035926818847656,177549200
2017-09-26,35.32216180134491,35.820181338200065,35.30121790073832,35.6386604309082,146640000
2017-09-27,35.79225487357351,36.00635635792153,35.73174553926787,35.8923225402832,102016800
2017-09-28,35.81320461556972,35.90396508081647,35.53626783542716,35.67124557495117,88022000
2017-09-29,35.654965265399625,35.86906683396908,35.373373036019935,35.866737365722656,105199200
2017-10-02,35.89930542190987,35.94352269092222,35.54091898799798,35.79458236694336,74795200
2017-10-03,35.84112966630654,36.09246715768579,35.81785984643047,35.95050811767578,64921200
2017-10-04,35.7527102079886,35.80623471709769,35.48042872553934,35.71780014038086,80655200
2017-10-05,35.88069646391643,36.173925352810144,35.850445338837886,36.162288665771484,85135200
2017-10-06,36.0645404887791,36.185555620680645,35.969124643414084,36.14133834838867,69630400
2017-10-09,36.26003224743813,36.47413380572226,36.185563838522064,36.26701354980469,65051600
2017-10-10,36.318215139542396,36.769691668700844,36.094806343290436,36.28097915649414,62468000
2017-10-11,36.29726559284751,36.532311041171035,36.24606701186326,36.43224334716797,67622400
2017-10-12,36.3856944239882,36.623065751896675,36.241405922553476,36.30424118041992,64500400
2017-10-13,36.4741319138063,36.602128368918095,36.39966350875292,36.53464126586914,65576800
2017-10-16,36.74641564414448,37.23512812114188,36.68823575645519,37.20720291137695,96486000
2017-10-17,37.18392066080533,37.43758405834157,37.05592422823548,37.34449768066406,75989200
2017-10-18,37.33287127406661,37.40036193482916,37.142043081984205,37.17927551269531,65496800
2017-10-19,36.47877459511333,36.55557244143562,36.07617093198474,36.29957962036133,170336800
2017-10-20,36.44621357807591,36.71151375732422,36.294947271432726,36.36243438720703,95896400
2017-10-23,36.5113617276158,36.69753803534452,36.18788176895651,36.34380340576172,87937200
2017-10-24,36.37173968118282,36.63471392906621,36.35079577232983,36.560245513916016,71028800
2017-10-25,36.51601795426265,36.66495829367814,36.13435811257186,36.399658203125,84828400
2017-10-26,36.590490078000336,36.73012321400495,36.485767001505955,36.632381439208984,68002000
2017-10-27,37.069891892041646,38.072916036230644,36.93258822336097,37.94491958618164,177816800
2017-10-30,38.14039934956485,39.113168722330684,38.100837460026646,38.79899597167969,178803200
2017-10-31,39.073605228864956,39.48086438095683,38.8501964825732,39.338905334472656,144187200
2017-11-01,39.53205744749529,39.54834951579642,38.540673728115806,38.83855438232422,134551200
2017-11-02,38.771077070181164,39.21324277903293,38.4638855706281,39.12248229980469,165573600
2017-11-03,40.4931985606318,40.553704360574216,39.822965172267914,40.14411926269531,237594400
2017-11-06,40.113873829653585,40.72360155855939,39.96260751943589,40.551387786865234,140105200
2017-11-07,40.47225170238434,40.78409500021298,40.40010922090348,40.681697845458984,97446000
2017-11-08,40.646787183316825,41.01448440551758,40.569989325102334,41.01448440551758,97638000
2017-11-09,40.751522412254914,40.98191605569224,40.293064593639,40.93071746826172,117930400
2017-11-10,40.89801520924075,40.96107636396165,40.70182890986884,40.795249938964844,100582000
2017-11-13,40.52198417452118,40.75554027927347,40.49862713853262,40.63175582885742,67928400
2017-11-14,40.41454649338158,40.51731174890266,39.98013199926824,40.01750183105469,99130000
2017-11-15,39.69753844200202,39.77928451865942,39.32618502497111,39.48967361450195,116632400
2017-11-16,39.98013765358011,40.1412919576405,39.774610677253996,39.961456298828125,94550000
2017-11-17,39.94743157799027,40.02917763400583,39.620454481494164,39.739566802978516,87598000
2017-11-20,39.77226907364915,39.83533022227053,39.60177410833716,39.699867248535156,65049600
2017-11-21,39.886715563706446,40.568699035095165,39.886715563706446,40.43790817260742,100525200
2017-11-22,40.48929245518663,40.87232438112121,40.41689062220264,40.86298370361328,102355600
2017-11-24,40.89567028450248,40.98909128927828,40.790567199401096,40.86530685424805,56106800
2017-11-27,40.88400167947981,40.89100807834741,40.484619125107635,40.659786224365234,82867200
2017-11-28,40.708839086242456,40.84196424324617,40.13896149003983,40.421566009521484,105715200
2017-11-29,40.31880345148558,40.386533173869445,39.041250894810226,39.583099365234375,166665600
2017-11-30,39.80497431661484,40.204356915053424,39.34019984279144,40.136627197265625,166108800
2017-12-01,39.69285874389665,40.094575523647414,39.35420310942091,39.949771881103516,159037200
2017-12-04,40.28376571592841,40.3164634359694,39.61813279428302,39.6578369140625,130169600
2017-12-05,39.485001333095546,40.05955101829121,39.33085342197184,39.62046432495117,109400800
2017-12-06,39.12064019429339,39.751240845862775,38.87774345906185,39.47330856323242,114240000
2017-12-07,39.47798969259851,39.80730466888246,39.44996409930915,39.54572296142578,102693200
2017-12-08,39.81898503312158,39.9380973739062,39.428946732036295,39.55739974975586,93420800
2017-12-11,39.517696389805344,40.379519077673,39.42193752142367,40.3281364440918,141095200
2017-12-12,40.20669640428996,40.26275117246388,40.045545627886085,40.10159683227539,77636800
2017-12-13,40.28843523854579,40.53133206264366,40.171657165390585,40.234718322753906,95273600
2017-12-14,40.26508375063742,40.43558232687889,40.08991661675045,40.223045349121094,81906000
2017-12-15,40.552347608549645,40.67846633705121,40.27908739364348,40.63175582885742,160677200
2017-12-18,40.84430833628554,41.38615685305362,40.83963621454706,41.203983306884766,117684400
2017-12-19,40.87932873423201,40.963409082730685,40.659785404053046,40.76488494873047,109745600
2017-12-20,40.841962836989474,40.970419432330885,40.463603014151154,40.720516204833984,93902400
2017-12-21,40.678470385039326,41.11055064734147,40.66212330924727,40.874656677246094,83799600
2017-12-22,40.79758272735407,40.97041554503167,40.75554433493134,40.874656677246094,65397600
2017-12-26,39.89138628266804,40.04786845648848,39.629801003099054,39.837669372558594,132742000
2017-12-27,39.72789890711573,39.8867153639745,39.636812159497616,39.84467697143555,85992800
2017-12-28,39.93809837655512,40.136622513297105,39.81664819065001,39.956783294677734,65920800
2017-12-29,39.82600107882872,39.84234815837053,39.522377330033464,39.52471160888672,103999600
2018-01-02,39.74191791945546,40.24172797035305,39.53171523253815,40.232383728027344,102223600
2018-01-03,40.29543222534164,40.76721652854548,40.16230710620868,40.225364685058594,118071600
2018-01-04,40.297772401850075,40.514981452143,40.19033857963591,40.41221618652344,89738400
2018-01-05,40.50797887656705,40.95874053156003,40.41689212140461,40.8723258972168,94640000
2018-01-08,40.720516204833984,41.014795671065556,40.622419485639426,40.720516204833984,82271200
2018-01-09,40.767222018194126,40.886334358066584,40.500968180291736,40.71583938598633,86336000
2018-01-10,40.44258497322732,40.70883884947029,40.405215132825184,40.70650100708008,95839600
2018-01-11,40.77655554140493,40.986758153682636,40.753202071451625,40.93770980834961,74670800
2018-01-12,41.14792521409421,41.423523353850584,41.02414072640722,41.3604621887207,101672400
2018-01-16,41.54963226482539,41.897632166104536,41.13857477715793,41.15025329589844,118263600
2018-01-17,41.14091299359858,41.86493845941443,40.88867549633279,41.82990646362305,137547200
2018-01-18,41.89295892367008,42.06345745239051,41.63137721705079,41.86726760864258,124773600
2018-01-19,41.71545190862826,41.94200159305397,41.435185323253215,41.680419921875,129700400
2018-01-22,41.40949548778517,41.52160141317471,41.24600693747062,41.33942794799805,108434400
2018-01-23,41.40951228927758,41.90932238233677,41.297406318402174,41.348785400390625,130756400
2018-01-24,41.39781827541702,41.40949679304685,40.45191536793294,40.69014358520508,204420400
2018-01-25,40.75788422729664,40.86064950797437,39.828331707702596,39.96379470825195,166116000
2018-01-26,40.171652797102226,40.171652797102226,39.71855335232489,40.05720901489258,156572000
2018-01-29,39.74191500654441,39.74191500654441,39.02022736439535,39.228092193603516,202561600
2018-01-30,38.66054294724928,39.09028533816567,38.466690946570125,38.996864318847656,184192800
2018-01-31,38.97351058898067,39.34019542667271,38.887095960590166,39.10430145263672,129915600
2018-02-01,39.043577220693535,39.38223289119997,38.94781835356621,39.1860466003418,188923200
2018-02-02,38.77032242534317,38.95716806545105,37.39234251164283,37.48576354980469,346375200
2018-02-05,37.158783638850124,38.27518171314244,36.43475817272473,36.54920196533203,290954000
2018-02-06,36.16148950479251,38.23780298295915,35.96763752424812,38.0766487121582,272975200
2018-02-07,38.090660445947215,38.163062260948806,37.15176756499472,37.26153564453125,206434400
2018-02-08,37.43671114354451,37.60253756671725,36.208207161904596,36.23623275756836,217562000
2018-02-09,36.8342311855885,37.02652618717998,35.23253859813122,36.6794548034668,282690400
2018-02-12,37.169582206382735,38.43358236667226,36.93741759715288,38.156864166259766,243278000
2018-02-13,37.97863336270872,38.63525757586731,37.90828012945707,38.53910827636719,130196800
2018-02-14,38.234250078417645,39.28953793684467,38.196731451859186,39.249671936035156,162579600
2018-02-15,39.81717442105685,40.59105275486671,39.63191438389785,40.567604064941406,204588800
2018-02-16,40.41987701001804,40.99676937754081,40.28151788185924,40.4362907409668,160704400
2018-02-20,40.347167225893934,40.865428738385795,40.19942580241765,40.30026626586914,135722000
2018-02-21,40.530077297539975,40.832591485159895,40.103270396242934,40.11734390258789,149886400
2018-02-22,40.28853879540828,40.79273036100625,40.267433900844,40.452693939208984,123967600
2018-02-23,40.72705740545594,41.19138285319156,40.696570180367445,41.15620803833008,135249600
2018-02-26,41.355541015635005,42.068444688335326,41.32270999606945,41.96995162963867,152648800
2018-02-27,42.00044490832769,42.32406398260265,41.780006497336466,41.83394241333008,155712400
2018-02-28,42.037969282526205,42.35690081010692,41.75421615757141,41.7706298828125,151128400
2018-03-01,41.869121344243176,42.15991300108843,40.490214610015975,41.038963317871094,195208000
2018-03-02,40.52304146895027,41.3438206508745,40.44096211943254,41.322715759277344,153816000
2018-03-05,41.08821211152215,41.68151798734125,40.92640076751445,41.46577072143555,113605600
2018-03-06,41.721390921149435,41.801122919535736,41.303966249227905,41.430599212646484,95154000
2018-03-07,41.024892726201514,41.23829619080357,40.86777255571941,41.045997619628906,126814000
2018-03-08,41.15152794699737,41.53612153235945,41.05538223439218,41.49391174316406,95096400
2018-03-09,41.733109499405906,42.21150498140383,41.59943801604093,42.20681381225586,128740800
2018-03-12,42.27950792605273,42.77197688165048,42.26075040737717,42.6148567199707,128828400
2018-03-13,42.81888624202116,43.03228973656736,42.033285279377445,42.20447540283203,126774000
2018-03-14,42.28656103685953,42.333462006333335,41.69794259827233,41.84568405151367,117473600
2018-03-15,41.859745523704035,42.267791390111284,41.75890863863255,41.894920349121094,90975200
2018-03-16,41.894914950049724,42.005134159904195,41.653371637810366,41.74717712402344,157618800
2018-03-19,41.58302954525192,41.61820437252176,40.72472797672701,41.10932159423828,133787200
2018-03-20,41.095245361328125,41.46107782208997,41.02489213926311,41.095245361328125,78597600
2018-03-21,41.048335598889736,41.06006173079245,40.161894417403104,40.164241790771484,148219600
2018-03-22,39.86642392375612,40.49490465390469,39.53811362865073,39.59674072265625,165963200
2018-03-23,39.48886269872853,39.847660204185324,38.6798095703125,38.6798095703125,164115200
2018-03-26,39.41381799919569,40.593394650495185,39.03156826403004,40.51600646972656,150164800
2018-03-27,40.729408432396,41.07413599250078,39.14413327762529,39.477134704589844,163690400
2018-03-28,39.22152704663509,39.87111626930547,38.7384403503099,39.04095458984375,166674000
2018-03-29,39.35285253138467,40.276816164694516,39.13944903672395,39.34581756591797,153594000
2018-04-02,39.07846990412321,39.61783980550772,38.56958723220933,39.08784866333008,150347200
2018-04-03,39.31298741613807,39.57329187918707,38.66574553048491,39.488868713378906,121112000
2018-04-04,38.665743788214215,40.3377861453882,38.63994772264869,40.24398422241211,138422000
2018-04-05,40.471456271496045,40.85839366355364,40.35420208259207,40.523048400878906,107732800
2018-04-06,40.09389852773458,40.4480048978712,39.44430930489733,39.48652267456055,140021200
2018-04-09,39.83828875541759,40.59105872724588,39.83125378957353,39.87815475463867,116070800
2018-04-10,40.56995108908561,40.80445947688379,40.225223472757165,40.628578186035156,113634400
2018-04-11,40.389377001781156,40.785696733727676,40.26508784751927,40.43862533569336,89726400
2018-04-12,40.66610539000041,41.03897291367779,40.579334842586235,40.83729553222656,91557200
2018-04-13,40.98737692274658,41.23595524849731,40.76928583335497,40.975650787353516,100497200
2018-04-16,41.04599859592581,41.318029156505595,40.99909763886708,41.23126220703125,86313600
2018-04-17,41.388385056399805,41.962929868710894,41.369623956700956,41.79877471923828,106421600
2018-04-18,41.69793253397193,41.93478827686572,41.479841468316096,41.7049674987793,83018000
2018-04-19,40.74817443971879,41.1304242406062,40.49021737111835,40.523048400878906,139235200
2018-04-20,40.00712620479609,40.152520237693295,38.79471487839581,38.86272430419922,261964400
2018-04-23,39.12303532985958,39.14414022627035,38.480481049834914,38.75016784667969,146062000
2018-04-24,38.8510109947003,39.00578741660262,37.80744920153703,38.2108039855957,134768000
2018-04-25,38.135753093228,38.79237729841982,38.08650833536919,38.377296447753906,113528400
2018-04-26,38.48751117244882,38.86506977787231,38.311629901195275,38.510963439941406,111852000
2018-04-27,38.45938306439938,38.536771276792585,37.66909078917335,38.06541061401367,142623200
2018-04-30,38.020832295972234,39.22385745665149,37.952822884273004,38.75484085083008,169709600
2018-05-01,39.02454819320878,39.678825130035804,38.75720872957957,39.65537643432617,214277600
2018-05-02,41.09291007602837,41.68387230557986,40.757564747785445,41.40715408325195,266157600
2018-05-03,41.24532940570239,41.62523178453475,40.907636811934324,41.482181549072266,136272800
2018-05-04,41.80111545913781,43.20816562887036,41.78235436081041,43.10967254638672,224805200
2018-05-07,43.42625741514392,44.01018453355884,43.32542053554756,43.42156982421875,169805600
2018-05-08,43.38171263968228,43.67015698594783,43.072159816712876,43.63029098510742,113611200
2018-05-09,43.74754874244889,43.946878762829506,43.435652098226015,43.9375,92844800
2018-05-10,44.026604958155126,44.64335957002789,44.00549648424058,44.56597137451172,111957200
2018-05-11,44.608342648435915,44.74252598594442,44.1280988490821,44.39646911621094,104848800
2018-05-14,44.49533599968654,44.617751562338626,44.22461293578099,44.29288101196289,83115200
2018-05-15,43.970378343631864,44.0386500297141,43.574886781090854,43.89033889770508,94780800
2018-05-16,43.80323618725819,44.36587231146577,43.78675557653705,44.29995346069336,76732400
2018-05-17,44.2575713547681,44.471797695241,43.87149481216628,44.019805908203125,69176000
2018-05-18,44.06689787877009,44.212852583391616,43.81736102553501,43.85973358154297,73190800
2018-05-21,44.25758417828784,44.556559289964575,44.000985217233485,44.17048263549805,73603200
2018-05-22,44.347044933215415,44.46475128151072,43.97038318182537,44.05984115600586,60962800
2018-05-23,43.869148982230094,44.375284745399135,43.730252788035145,44.34232711791992,80233600
2018-05-24,44.438839272394304,44.45531628715076,43.836183567201495,44.29288101196289,92936000
2018-05-25,44.31172339594766,44.64600893764281,44.17518362391239,44.39411926269531,69844000
2018-05-29,44.16341457064285,44.43413768126005,43.991560749846364,44.23403549194336,90056400
2018-05-30,44.191656938573345,44.25757218424479,43.97036850291428,44.13986587524414,74762000
2018-05-31,44.073961577958656,44.31172708804303,43.81971545630675,43.9915657043457,109931200
2018-06-01,44.25523354894354,44.78961777692441,44.198733209336964,44.784912109375,93770000
2018-06-04,45.114469792969665,45.53350392684501,45.046201720599235,45.15919876098633,105064800
2018-06-05,45.451121214441805,45.65592906665708,45.28397665552099,45.50761795043945,86264000
2018-06-06,45.58295577495082,45.688890756479125,45.18039853460859,45.665348052978516,83734400
2018-06-07,45.70299416049518,45.71711833932837,45.279250834946644,45.54291534423828,85388800
2018-06-08,45.00383647011967,45.199229403281045,44.674260192565555,45.128604888916016,106627200
2018-06-11,45.04621537216592,45.192170076569795,44.77784507484562,45.01796340942383,73234000
2018-06-12,45.055619637889805,45.34282331171318,44.999119317886205,45.26513671875,67644400
2018-06-13,45.29809849342999,45.406389885336665,44.83198248503108,44.8931884765625,86553600
2018-06-14,45.09329226949185,45.098001528120655,44.78019302474528,44.91673278808594,86440400
2018-06-15,44.73546772189716,44.766072517330024,44.31878630576844,44.455326080322266,246876800
2018-06-18,44.22933055748837,44.54478265155956,44.06924808496244,44.431785583496094,73939600
2018-06-19,43.584290351805045,43.86443193167213,43.1864424672618,43.713768005371094,134314000
2018-06-20,43.86915425660373,44.06925287888817,43.72319595269414,43.90446472167969,82514800
2018-06-21,44.08101686710727,44.33997220811124,43.53721424311076,43.659629821777344,102847600
2018-06-22,43.81499180657816,43.822053897184134,43.4807063468213,43.53249740600586,108801600
2018-06-25,43.1746807750187,43.532509027058914,42.546129398516676,42.88512420654297,126652400
2018-06-26,43.078161213268196,43.91152039626255,42.97222264930026,43.417152404785156,98276800
2018-06-27,43.60548924535381,44.08808595262717,43.32299475079041,43.353599548339844,101141200
2018-06-28,43.33946823717454,43.836189048695495,43.26884372711666,43.669044494628906,69460800
2018-06-29,43.855021380811685,44.06689492297677,43.05932905932024,43.57723617553711,90950800
2018-07-02,43.27355401169523,44.092789008299924,43.179386798681435,44.064537048339844,70925200
2018-07-03,44.208138207593315,44.24580509220455,43.20763448482043,43.29709243774414,55819200
2018-07-05,43.6125501822098,43.88327690941216,43.381846770178385,43.6455078125,66416800
2018-07-06,43.65020826050607,44.35879896476578,43.59841719591709,44.250511169433594,69940800
2018-07-09,44.610698358210996,44.88848356836496,44.56361654538464,44.86494445800781,79026400
2018-07-10,44.89554734134358,45.02973068179138,44.770775334103476,44.81079864501953,63756400
2018-07-11,44.375286670796754,44.67661458999871,44.16576954584989,44.229331970214844,75326000
2018-07-12,44.61776340799935,45.0603403805497,44.56597233282379,44.970882415771484,72164400
2018-07-13,44.98265074224645,45.1615630676569,44.940274596265624,45.04150390625,50055600
2018-07-16,45.086228803977875,45.35224263855551,44.82727346896064,44.942626953125,60172400
2018-07-17,44.66955850910829,45.168632268930324,44.54008080949994,45.069759368896484,62138000
2018-07-18,45.14743759156633,45.152146850343286,44.71192275355339,44.822566986083984,65573600
2018-07-19,44.65541674710549,45.32869692797151,44.65541674710549,45.17097091674805,81147200
2018-07-20,45.147441331264595,45.30045812912671,44.76842679084426,45.06740188598633,82704800
2018-07-23,44.888478631479195,45.189810103073654,44.62481763495967,45.10741424560547,63957600
2018-07-24,45.305165112002,45.59001600744331,45.211001486066,45.43464279174805,74791600
2018-07-25,45.448769545919404,45.870160237270106,45.30045841417882,45.86309814453125,66839600
2018-07-26,45.813649847163006,46.131458319101874,45.57823722857466,45.719486236572266,76304000
2018-07-27,45.90310956660715,45.950191373723,44.75194196088316,44.959102630615234,96096000
2018-07-30,45.17567934529309,45.24630384815853,44.5094648064374,44.707210540771484,84118000
2018-07-31,44.799029246561446,45.2321876723777,44.57303151581136,44.79667282104492,157492000
2018-08-01,46.87770795093493,47.49684059034563,46.449255333442665,47.43563461303711,271742800
2018-08-02,47.21907165683549,49.05529111870741,47.16492775096106,48.82223129272461,249616000
2018-08-03,48.73748795931409,49.14004523178112,48.372597578609025,48.96348571777344,133789600
2018-08-06,48.96583818020829,49.260104034656656,48.74690610871269,49.21773147583008,101701600
2018-08-07,49.27658070828396,49.318953263723905,48.67392126916684,48.756317138671875,102349600
2018-08-08,48.50677025810236,48.92109516921225,48.14658924289564,48.78926467895508,90102000
2018-08-09,49.32601713645395,49.384870304763766,48.77750517675299,49.17300033569336,93970400
2018-08-10,48.98637876656086,49.39743474598381,48.823373747053296,49.02653884887695,98444800
2018-08-13,49.447027835372424,49.834458423570865,49.06668410634087,49.343082427978516,103563600
2018-08-14,49.6478343527854,49.74232821635951,49.1989794890338,49.55097579956055,82992000
2018-08-15,49.425764958794105,49.78484809362196,49.21551306896723,49.66672897338867,115230400
2018-08-16,50.023444767005195,50.51009493981501,49.957298351557796,50.39434051513672,114001600
2018-08-17,50.42269622366473,51.48812950883822,50.35654979736229,51.40072250366211,141708000
2018-08-20,51.52356740894987,51.77870156484017,50.817213693824115,50.899898529052734,121150800
2018-08-21,51.216452242034755,51.30858501340553,50.56207129400101,50.8006706237793,104639200
2018-08-22,50.578610122385655,51.11250726288701,50.5171858711542,50.803035736083984,76072400
2018-08-23,50.708539549833304,51.27551351969438,50.696730520954475,50.906982421875,75532800
2018-08-24,51.16921489424012,51.24008349724806,50.81721854555639,51.065269470214844,73905600
2018-08-27,51.29912571639416,51.674747208824314,51.10541225918367,51.485755920410156,82100400
2018-08-28,51.7385414974785,52.09998575718909,51.717280918603734,51.901546478271484,91107200
2018-08-29,52.00785590995711,52.796894504886076,51.83304188973848,52.67641067504883,109019200
2018-08-30,52.74018653315402,53.92373880558673,52.53938258935229,53.16069030761719,195175200
2018-08-31,53.510332089543624,54.06785458062129,53.389851863123376,53.77492141723633,173360400
2018-09-04,53.95918507117456,54.14108594690396,53.53868123150636,53.94737243652344,109560400
2018-09-05,54.0962064940442,54.25684679851635,53.177239704245125,53.59537887573242,133332000
2018-09-06,53.444177131020055,53.708766416493766,52.27952431399747,52.70475387573242,137160000
2018-09-07,52.409461340228574,53.24101745045913,52.14014985816449,52.2795295715332,150479200
2018-09-10,52.19685074383668,52.40946737291451,51.13850418781404,51.57790756225586,158066000
2018-09-11,51.502315823830614,52.988256903495206,51.15977097426585,52.88195037841797,142996000
2018-09-12,53.13944168453879,53.15361540522654,51.93462496013622,52.22520065307617,197114800
2018-09-13,52.80398111284486,53.94501243257914,52.579555468815734,53.48670959472656,166825600
2018-09-14,53.330789785670724,53.588288636449,52.56774117812255,52.879573822021484,127997200
2018-09-17,52.48033836730671,52.66932973352161,51.32749788234575,51.47160339355469,148780400
2018-09-18,51.450322907548866,52.40945315642441,51.29204372483906,51.55663299560547,126286800
2018-09-19,51.61806106604274,51.88264677017388,50.86209933658958,51.58734893798828,108495200
2018-09-20,52.02912288853213,52.51104741962864,51.77162040987671,51.97951126098633,106435200
2018-09-21,52.1566749925256,52.293693595499825,51.332202290127185,51.419612884521484,384986800
2018-09-24,51.221183555265625,52.27007844864043,51.17629770710372,52.1590461730957,110773600
2018-09-25,51.91335848542905,52.63861168577063,51.901545851293584,52.48978042602539,98217600
2018-09-26,52.20866247111113,52.85831777335347,51.915725691677075,52.0716438293457,95938800
2018-09-27,52.87484553269253,53.49378857882078,52.80869550800178,53.14179229736328,120724800
2018-09-28,53.10398953197318,53.352040391595345,52.92208869233163,53.32841873168945,91717600
2018-10-01,53.850520264056215,54.19779085665743,53.472541143372936,53.68751525878906,94403200
2018-10-02,53.68515137317123,54.33480667031632,53.53868478695852,54.16471481323242,99152800
2018-10-03,54.3466234449781,55.15455802530657,54.28283809253597,54.82382583618164,114619200
2018-10-04,54.51906176461063,54.88995753864966,53.562296153667,53.85995864868164,128168000
2018-10-05,53.85287558101716,53.95918207755952,52.10943606076721,52.985877990722656,134322000
2018-10-08,52.49450978403178,53.10636606409156,52.01966853422493,52.863040924072266,118655600
2018-10-09,52.832330220069366,53.68987635310737,52.50395914620055,53.59537887573242,107564000
2018-10-10,53.262284289555225,53.47253621494058,51.03928120567304,51.11251449584961,167962400
2018-10-11,50.67784288571244,51.854308651260354,50.158119328600904,50.66130447387695,212497600
2018-10-12,52.07163916179051,52.65278689341281,51.22590572066078,52.470882415771484,161351600
2018-10-15,52.24644946201455,52.40472864854832,51.32748286247947,51.3487434387207,123164000
2018-10-16,51.719643885984794,52.678774311748526,51.20700726110125,52.48033142089844,116736000
2018-10-17,52.51575697781101,52.59607710740567,51.816490261193174,52.25353240966797,91541600
2018-10-18,51.46687363023819,51.91100276572367,50.31875540497844,51.032196044921875,130325200
2018-10-19,51.51410848939273,52.270070113730455,51.36527724915882,51.80940628051758,132314800
2018-10-22,51.9228076917488,52.76618004452115,51.72200732540533,52.125972747802734,115168400
2018-10-23,50.98730513181056,52.74019262431789,50.72035473904034,52.617347717285156,155071200
2018-10-24,52.58664026806459,52.97170619640665,50.68255678665356,50.8124885559082,163702000
2018-10-25,51.43143757260694,52.2984316284464,51.204647237524014,51.925174713134766,119423200
2018-10-26,51.00383780130841,52.017301933671156,50.240789247146296,51.09833526611328,189033600
2018-10-29,51.78108069664566,51.8991998629395,48.686357097862796,50.139225006103516,183742000
2018-10-30,49.88170731122408,50.8337472135886,49.43758183225462,50.38962173461914,146640000
2018-10-31,51.235362739607034,52.07873158104837,51.17393847569283,51.7031135559082,153435600
2018-11-01,51.7479932575457,52.52994134683256,51.218818240233645,52.49686813354492,233292800
2018-11-02,49.5037205114181,50.47229506603925,48.530416578293796,49.014705657958984,365314800
2018-11-05,48.26347537336716,48.284735950815005,46.815333742036444,47.623268127441406,264654800
2018-11-06,47.70122910815629,48.362696958228696,47.64689531758217,48.13827133178711,127531600
2018-11-07,48.65799732372377,49.62421099408189,48.223319767020705,49.59822463989258,133697600
2018-11-08,49.77839177248752,49.81158038382015,49.01268077134279,49.4251708984375,101450400
2018-11-09,48.728215068099814,48.83726183151383,47.94590781417605,48.47218704223633,137463200
2018-11-12,47.17543835522245,47.37694293079011,45.94034111622578,46.030426025390625,204542000
2018-11-13,45.42829839038313,46.74399267153785,45.385625249664386,45.570533752441406,187531600
2018-11-14,45.9664369777863,46.1039337207125,44.07704775470096,44.283294677734375,243204000
2018-11-15,44.66020697297825,45.50889120917199,44.30698252406285,45.376136779785156,185915200
2018-11-16,45.16040500522661,46.220074640401464,44.91386160362832,45.87870407104492,147713200
2018-11-19,45.041890449513616,45.20783353297529,43.854208219357986,44.06045150756836,167701200
2018-11-20,42.28484670118081,43.0197420672639,41.60684765041812,41.95532989501953,271300800
2018-11-21,42.60723918206282,42.735254948939726,41.853382220203116,41.90790557861328,124496800
2018-11-23,41.47173541830532,41.86526023657252,40.79847844408409,40.8435173034668,94496000
2018-11-26,41.305769848179885,41.474082191574425,40.36225852694691,41.395851135253906,179994000
2018-11-27,40.658587651286105,41.43141370833802,40.509240737589266,41.30577087402344,165549600
2018-11-28,41.896050316151936,42.97705462654023,41.46933713644964,42.89408493041992,184250000
2018-11-29,43.30185140230018,43.33504001855677,42.126019422817734,42.5645866394043,167080000
2018-11-30,42.74000782999921,42.74949235818661,41.96718517795777,42.334632873535156,158126000
2018-12-03,43.72856114282213,43.84235015808843,42.95810782751556,43.81390380859375,163210000
2018-12-04,42.896466554735234,43.237837196394814,41.787015586628954,41.88658142089844,165377200
2018-12-06,40.71786040102842,41.43379028172995,40.40019746688139,41.4195671081543,172393600
2018-12-07,41.1279855500533,41.36504811416553,39.89763026354484,39.94267272949219,169126400
2018-12-10,39.11531021944765,40.321957405947316,38.719416301603985,40.2057991027832,248104000
2018-12-11,40.69414821241557,40.72496387659613,39.58943613242779,39.97584915161133,189126800
2018-12-12,40.39546255109676,40.75579868880228,40.068318647488375,40.087284088134766,142510800
2018-12-13,40.416797820265124,40.90988838723615,40.193958431440095,40.52584457397461,127594400
2018-12-14,40.06357582280403,40.082541263185234,39.18170274016165,39.2291145324707,162814800
2018-12-17,39.22199202280071,39.90947548035415,38.57718169854426,38.86402893066406,177151600
2018-12-18,39.20541046417102,39.7150935619969,38.97071720878755,39.36898422241211,135366000
2018-12-19,39.35238091263852,39.69612086582762,37.714277923367106,38.1409912109375,196189200
2018-12-20,38.02482382326648,38.430202292752995,36.815807235047956,37.17851257324219,259092000
2018-12-21,37.18564363172532,37.49382576875657,35.47168185984565,35.73244857788086,382978400
2018-12-24,35.120816354489186,35.926831218245276,34.75099934452627,34.80789566040039,148676800
2018-12-26,35.15637725808617,37.273344115545655,34.781817991073616,37.25912094116211,234330000
2018-12-27,36.943826100791895,37.16429614836959,35.575977822212685,37.01731491088867,212468400
2018-12-28,37.337348194676096,37.579152986301054,36.638014459884026,37.036277770996094,169165600
2018-12-31,37.58152295661812,37.77828529250411,37.095544041939455,37.39424514770508,140014000
2019-01-02,36.718620877015454,37.657390234429776,36.562158714565115,37.436920166015625,148158800
2019-01-03,34.132271979006546,34.54476220334319,33.66288904599464,33.70793151855469,365248800
2019-01-04,34.26264280679694,35.2156350688356,34.08958819478278,35.14688491821289,234428400
2019-01-07,35.2511999095662,35.282019198115606,34.587424056502364,35.068660736083984,219111200
2019-01-08,35.455070009455085,35.99083362118485,35.20852657958671,35.73717498779297,164101200
2019-01-09,35.865202919564354,36.63328712625116,35.47168171147885,36.34407043457031,180396400
2019-01-10,36.15203830332984,36.50052053570231,35.76325587216913,36.46022033691406,143122800
2019-01-11,36.24213409767135,36.43652356290657,35.91735585214863,36.102264404296875,108092800
2019-01-14,35.760895684433635,35.86046154521988,35.374482477798594,35.559391021728516,129756800
2019-01-15,35.623390725952945,36.363024731160756,35.5712366750947,36.287166595458984,114843600
2019-01-16,36.28952099552369,36.95329659206723,36.270555565075476,36.7304573059082,122278800
2019-01-17,36.55505308712287,37.375291294712916,36.332213658927785,36.948577880859375,119284800
2019-01-18,37.33734824404253,37.42743316241718,36.977012187831065,37.1761474609375,135004000
2019-01-22,37.078943071032086,37.15480118304186,36.18047425327368,36.341678619384766,121576000
2019-01-23,36.54318990699627,36.7778831290405,35.96238739453365,36.48866653442383,92522400
2019-01-24,36.53371821727361,36.621430223629844,35.9718810007093,36.199459075927734,101766000
2019-01-25,36.85848072889009,37.48669859655838,36.58349094638172,37.398983001708984,134142000
2019-01-28,36.93197130900929,37.05998710557618,36.4270305613809,37.05287551879883,104768400
2019-01-29,37.04101693130822,37.4866956045575,36.53370330810849,36.668827056884766,166348800
2019-01-30,38.70045083373469,39.38793059611769,37.98452111328113,39.17457580566406,244439200
2019-01-31,39.37846066569241,40.06357129642498,39.011012986557645,39.45669174194336,162958400
2019-02-01,39.579962696906414,40.058826416325836,39.33578495633769,39.47565460205078,130672400
2019-02-04,39.68664264479774,40.6941584894352,39.65582335554743,40.596961975097656,125982000
2019-02-05,40.978636596011086,41.50491579851415,40.857735985761174,41.29155731201172,144406400
2019-02-06,41.402963748878,41.621064429829325,40.976254147130874,41.30577087402344,112958400
2019-02-07,40.86958496796045,41.23466334560738,40.381236660330636,40.523475646972656,126966800
2019-02-08,40.233007210168395,40.63059905695286,40.097300316034534,40.57107925415039,95280000
2019-02-11,40.723455587227264,40.7615491383027,40.29491221963111,40.337764739990234,83973600
2019-02-12,40.497290350510035,40.71156026721677,40.40205645090563,40.68537139892578,89134000
2019-02-13,40.804412092258794,41.06391766381333,40.454435221967046,40.516334533691406,89960800
2019-02-14,40.40443868514226,40.773458685532184,40.325872081987775,40.663944244384766,87342800
2019-02-15,40.771069644079475,40.87820457497819,40.41395078588315,40.573463439941406,98507200
2019-02-19,40.40443569287842,40.81631182485076,40.35205796132108,40.694889068603516,75891200
2019-02-20,40.756786158494805,41.26389610818391,40.70917103649229,40.95677185058594,104457600
2019-02-21,40.90201766804449,41.03772095743167,40.54489877740289,40.72583770751953,68998800
2019-02-22,40.84963489456358,41.18770696667767,40.80201977491948,41.180564880371094,75652800
2019-02-25,41.463889012500914,41.8710025541568,41.413890764380966,41.480552673339844,87493600
2019-02-26,41.356737007330025,41.73528204127891,41.228172212494506,41.50434494018555,68280800
2019-02-27,41.237714276700586,41.66387459555962,41.123433605049925,41.6329231262207,111341600
2019-02-28,41.50197125824247,41.642437125778045,41.16865817149294,41.22341537475586,112861600
2019-03-01,41.49245537237755,41.699583177214194,41.16152532850225,41.65673065185547,103544800
2019-03-04,41.82814408844058,42.3185867630682,41.41864748708526,41.86623764038086,109744800
2019-03-05,41.8876715182838,41.9019556946587,41.554358327395256,41.79005813598633,78949600
2019-03-06,41.58530913421484,41.78053589569321,41.41151226975844,41.549598693847656,83241600
2019-03-07,41.39483575753706,41.53054266631523,40.95439134895012,41.068668365478516,99185600
2019-03-08,40.54965828818608,41.20437620444497,40.35443156577534,41.166282653808594,95997600
2019-03-11,41.78052547900183,42.64475061563465,41.74719453203529,42.59237289428711,128044000
2019-03-12,42.85426604222394,43.48993721924746,42.704274948579794,43.070919036865234,129870400
2019-03-13,43.38994425600369,43.63992820049974,43.07329841068218,43.261383056640625,124130000
2019-03-14,43.78277879788824,43.8303975608462,43.463753429758704,43.742305755615234,94318000
2019-03-15,44.0089593533073,44.59939499066683,43.74469118922754,44.311317443847656,156171600
2019-03-18,44.235127988769825,44.85175241081099,44.23274487113642,44.76366424560547,104879200
2019-03-19,44.84222239614171,44.994592951140454,44.263688004342946,44.40891647338867,126585600
2019-03-20,44.33750218240909,45.11364294068705,43.98038327138836,44.7969970703125,124140800
2019-03-21,45.23982413911908,46.74210375942547,45.189825893725065,46.44688415527344,204136800
2019-03-22,46.50640488188507,47.065892633364044,45.420763965042106,45.48504638671875,169630800
2019-03-25,45.59455842593482,45.70645597035694,44.42559200356954,44.935081481933594,175381200
2019-03-26,45.63027762337992,45.9207346479957,43.94467581313153,44.470829010009766,199202000
2019-03-27,44.937458102492236,45.17791683539124,44.413684482957166,44.87079620361328,119393600
2019-03-28,44.98508177475717,45.13031028908646,44.64700961396477,44.93032455444336,83121600
2019-03-29,45.19459525041401,45.25411507712012,44.88747091024145,45.22316360473633,94256000
2019-04-01,45.6255113221176,45.63503289451936,44.849374206925575,45.53028106689453,111448000
2019-04-02,45.49456831370297,46.29689795003126,45.485046741025556,46.192142486572266,91062800
2019-04-03,46.00882489225897,46.782582620071864,45.985015509051685,46.508792877197266,93087200
2019-04-04,46.375467194501724,46.75163294022202,45.98263778613916,46.58974075317383,76457200
2019-04-05,46.77066701663857,46.92542070577744,46.646864791887666,46.901611328125,74106400
2019-04-08,46.763526343275984,47.67060771411414,46.74447956713856,47.6396598815918,103526800
2019-04-09,47.69204147441901,48.294381741495606,47.43253230720783,47.4968147277832,143072800
2019-04-10,47.30158014519366,47.7920264154458,47.18254052900446,47.76345443725586,86781200
2019-04-11,47.818220384265864,47.8539308198169,47.2444485010714,47.365867614746094,83603200
2019-04-12,47.42538360127354,47.64917866679961,46.71352900287141,47.34681701660156,111042800
2019-04-15,47.27778318747662,47.58014488597061,47.14207625605754,47.432533264160156,70146400
2019-04-16,47.48729225090989,47.94202089049343,47.27301873067345,47.437294006347656,102785600
2019-04-17,47.50632721009765,48.42055419987631,47.28491527341734,48.36103439331055,115627200
2019-04-18,48.35865586347392,48.6038771991631,48.21581049384585,48.53483581542969,96783200
2019-04-22,48.28961339420896,48.791960743297345,48.17295325708763,48.6943473815918,77758000
2019-04-23,48.670532768749986,49.46095751587674,48.5443510738943,49.39667510986328,93292000
2019-04-24,49.36811454468543,49.63476214823507,49.294310556760166,49.320499420166016,70162400
2019-04-25,49.24194080750497,49.46335280715113,48.83482361638554,48.87291717529297,74172800
2019-04-26,48.7824365865248,48.806245964505955,48.12057656602047,48.639591217041016,74596400
2019-04-29,48.66340735781012,49.03719360171723,48.534846134531065,48.71340560913086,88818800
2019-04-30,48.344365479059064,48.425311541396056,47.40395329348379,47.77535629272461,186139600
2019-05-01,49.96807087208278,51.260839370967766,49.81331719006175,50.12044143676758,259309200
2019-05-02,49.95855629376169,50.62755850337996,49.55144275077052,49.794281005859375,127985200
2019-05-03,50.208528390389,50.43470293107204,50.05139522758998,50.41327667236328,83569600
2019-05-06,48.63721663178776,49.72047812954347,48.44913559082613,49.634769439697266,129772400
2019-05-07,49.01575322424928,49.382393641433325,47.813452381544515,48.2967529296875,155054800
2019-05-08,48.06819518356875,48.88718831771538,48.03248475211498,48.3062744140625,105358000
2019-05-09,47.71108629358228,48.01582748157981,46.8206721107276,47.78727340698242,139634400
2019-05-10,47.18260833059418,47.524374640553994,46.07127795478432,47.125247955322266,164834800
2019-05-13,44.86196376514138,45.28498427633387,43.70044246376236,44.38636016845703,229722400
2019-05-14,44.551259529371606,45.33755501706482,44.31226345269041,45.0890007019043,146118800
2019-05-15,44.517797278142396,45.82749467057295,44.458048262926525,45.629127502441406,106178800
2019-05-16,45.38773872565577,45.999568003140816,45.13201121299358,45.428367614746094,132125600
2019-05-17,44.675545268045326,45.62436020518247,44.63491636316234,45.17026901245117,131516400
2019-05-20,43.860563641976256,44.05893083512368,43.086214994281725,43.75779342651367,154449200
2019-05-21,44.266863858384575,44.93127281356524,44.14258484864967,44.5966796875,113459200
2019-05-22,44.1330336013174,44.38398030902735,43.62875153704409,43.683719635009766,118994400
2019-05-23,42.97149717862801,43.148351949089296,42.495893652579475,42.93803787231445,146118800
2019-05-24,43.06709266530931,43.53074564161301,42.68947842323507,42.773128509521484,94858800
2019-05-28,42.76118322768103,43.16030629063083,42.519798471322034,42.596275329589844,111792800
2019-05-29,42.16368959133705,42.863950028564076,42.063311671553926,42.39312744140625,113924800
2019-05-30,42.5293526884522,42.835267386171125,42.223437990733274,42.61300277709961,84873600
2019-05-31,42.118278060238815,42.53891349401557,41.821925255667836,41.84104537963867,108174400
2019-06-03,41.96771001391318,42.52217898232048,40.6938605637744,41.41801834106445,161584400
2019-06-04,41.92948637061777,42.97867935405244,41.7096103437768,42.93326950073242,123872000
2019-06-05,44.04219726486092,44.21188608599536,43.29174972065366,43.6263427734375,119093600
2019-06-06,43.75540941879875,44.32660999100133,43.53314113426265,44.26686096191406,90105200
2019-06-07,44.57516459850568,45.86813447046718,44.39830980535762,45.44511032104492,122737600
2019-06-10,45.841847050596854,46.692672688774024,45.79643720247085,46.025875091552734,104883600
2019-06-11,46.570780795743644,46.843236207404864,46.2696470186837,46.55883026123047,107731600
2019-06-12,46.353291785136825,46.83606491698479,46.21945455574318,46.41065216064453,73012800
2019-06-13,46.532537291474256,47.032038236807054,46.26964378451583,46.40108871459961,86698400
2019-06-14,45.779719023255836,46.267269626025886,45.48097379815862,46.064125061035156,75046000
2019-06-17,46.10235126256792,46.59468634560239,45.92788511162942,46.338958740234375,58676400
2019-06-18,46.85517906323825,47.868520040364245,46.65442324476505,47.428768157958984,106204000
2019-06-19,47.72274352684957,47.77054566831844,47.156323888998976,47.2901611328125,84496800
2019-06-20,47.88764587347905,47.945006248507305,47.32839589241973,47.670162200927734,86056000
2019-06-21,47.512425596440636,48.002368332728025,47.35707594275429,47.50764465332031,191202400
2019-06-24,47.45028461027407,47.837460776342034,47.361857219276544,47.45984649658203,72881600
2019-06-25,47.4239923880106,47.622359580324556,46.67354481128587,46.7404670715332,84281200
2019-06-26,47.266245973118885,48.035813483072616,47.16586807792362,47.751407623291016,104270000
2019-06-27,47.86852455047612,48.17444289617968,47.69645072327974,47.73707962036133,83598800
2019-06-28,47.48373683329946,47.67971535866674,47.09417572397105,47.302101135253906,124442400
2019-07-01,48.556838818217976,48.87231543119535,47.9545676050374,48.1696662902832,109012000
2019-07-02,48.136202478362335,48.547276037358415,48.12425194472356,48.45167541503906,67740800
2019-07-03,48.583124628476725,48.86036096665152,48.44211781134659,48.85319137573242,45448000
2019-07-05,48.599855145843684,49.013317350110974,48.492303990598344,48.8101692199707,69062000
2019-07-08,47.99280999831783,48.13381683307876,47.419220772325794,47.80400466918945,101354400
2019-07-09,47.608030698104976,48.16011120195485,47.51482234871203,48.095584869384766,82312000
2019-07-10,48.24137007294178,48.69068031541606,48.17205915336362,48.57118225097656,71588400
2019-07-11,48.59030547775813,48.84842175102384,48.207913835239545,48.217472076416016,80767200
2019-07-12,48.384757748332575,48.755202417628624,48.32500872576195,48.58790588378906,70380800
2019-07-15,48.77670972449391,49.20212246066729,48.75520095224477,49.04438781738281,67789600
2019-07-16,48.89621122738501,49.25948632051337,48.63570635359561,48.87470245361328,67467200
2019-07-17,48.76715003947481,49.0157043539387,48.58073339192921,48.599853515625,56430000
2019-07-18,48.75521633781056,49.20453028279911,48.683516760896566,49.15195083618164,74162400
2019-07-19,49.1829995843911,49.35268839848465,48.36324481568932,48.418212890625,83717200
2019-07-22,48.67155105881449,49.52715747734154,48.661992820040304,49.5247688293457,89111600
2019-07-23,49.821125495815984,49.928673004733994,49.541496867121964,49.91194152832031,73420800
2019-07-24,49.63232270243721,49.98603593109381,49.51282464508648,49.87131881713867,59966400
2019-07-25,49.9239037332674,50.00755384131004,49.40767119362579,49.47698211669922,55638400
2019-07-26,49.58691034563834,50.12465157648066,49.50565254598537,49.649051666259766,70475600
2019-07-29,49.8211257312173,50.34213544864626,49.816344788392115,50.11269760131836,86693600
2019-07-30,49.89282495285342,50.22742168380975,49.546281334227054,49.897605895996094,135742800
2019-07-31,51.72352978870497,52.906559623159254,50.499871059371,50.91572189331055,277125600
2019-08-01,51.121266221435036,52.10832131790344,49.41005685372621,49.81395721435547,216071600
2019-08-02,49.12086968695259,49.335964725004594,48.18878632633897,48.759986877441406,163448400
2019-08-05,47.318834399217735,47.4765690378139,46.02586475285165,46.20750045776367,209572000
2019-08-06,46.91732172907666,47.337957180388806,46.37479958500888,47.08222961425781,143299200
2019-08-07,46.70222514662527,47.6940574258256,46.3222222523882,47.56977844238281,133457600
2019-08-08,47.84702393793063,48.642881479152365,47.65343765837779,48.618980407714844,108038000
2019-08-09,48.292715357100306,48.642973433081345,47.81050558062374,48.218345642089844,98478800
2019-08-12,47.889667686680966,48.47263670436005,47.776912437595854,48.095985412597656,89927600
2019-08-13,48.225529607627415,50.8932623822907,48.095979326471294,50.13276672363281,188874000
2019-08-14,48.7389331847721,49.5258185877482,48.60218604759379,48.64057159423828,146189600
2019-08-15,48.81089743333585,49.213934627282455,47.90165870212019,48.39826202392578,108909600
2019-08-16,49.00762695140943,49.69855218030373,48.902068523589755,49.54021453857422,110481600
2019-08-19,50.528619610011084,51.034817600178286,50.387077015671984,50.46384811401367,97654400
2019-08-20,50.590987294947006,51.18355082625258,50.4566415593816,50.46623611450195,107537200
2019-08-21,51.0971858421528,51.25551979787076,50.76371922258588,51.01321792602539,86141600
2019-08-22,51.145183690448455,51.44506397977221,50.5598167799848,50.970054626464844,89014800
2019-08-23,50.243125301638166,50.87167667544053,48.220735037045706,48.61417770385742,187272000
2019-08-26,49.38666668414398,49.70573963141325,49.19474263893695,49.53780746459961,104174400
2019-08-27,49.86647686959799,50.03201131914729,48.82769145865033,48.97883224487305,103493200
2019-08-28,48.96444154769402,49.35308512364201,48.77731659181928,49.30750274658203,63755200
2019-08-29,50.02001089929177,50.21673404219307,49.57858818046229,50.14236068725586,83962000
2019-08-30,50.418250537454604,50.48782112129382,49.70813273439135,50.07758712768555,84573600
2019-09-03,49.52341851756975,49.6553665497577,48.993232325479035,49.348289489746094,80092000
2019-09-04,49.993630433984336,50.255125103836555,49.736934872570345,50.18555450439453,76752400
2019-09-05,50.859678663980254,51.332290121775586,50.74212431527314,51.16675567626953,95654800
2019-09-06,51.35148694097706,51.44025031008519,50.98203247914074,51.16196060180664,77449200
2019-09-09,51.54101108118064,51.924859218012465,50.63657499459651,51.38027572631836,109237600
2019-09-10,51.30589395905369,52.00641353255493,50.790101578286716,51.987220764160156,127111600
2019-09-11,52.31589898333976,53.66895822314736,52.234328791439815,53.640167236328125,177158400
2019-09-12,53.930459461580966,54.31910305503912,53.465044774742466,53.52022171020508,128906800
2019-09-13,52.77890311104911,52.96842574335449,52.06398990298036,52.47902297973633,159053200
2019-09-16,52.23434072600189,52.810113005531775,52.193557451057096,52.75493240356445,84632400
2019-09-17,52.76931927731361,52.9756369959949,52.56779700604228,52.94684600830078,73274800
2019-09-18,53.033216987486675,53.4626475159437,52.6445733906473,53.44345474243164,101360000
2019-09-19,53.26112420617858,53.68095650952987,52.86768150832097,53.00922775268555,88242400
2019-09-20,53.109973804680834,53.393058901429434,52.17194784257662,52.23432159423828,221652400
2019-09-23,52.52700920101302,52.74052373300916,52.21513309590776,52.471832275390625,76662000
2019-09-24,53.026020089457724,53.37628179948727,52.10478892590082,52.22233963012695,124763200
2019-09-25,52.43105494304572,53.13877148349561,52.092789198613566,53.02601623535156,87613600
2019-09-26,52.77891493348246,53.00442542844722,52.498227506977486,52.752525329589844,75334000
2019-09-27,52.90845848244411,53.009221444627215,52.12637228824465,52.495826721191406,101408000
2019-09-30,52.99482339997101,53.8776725443419,52.968433797976715,53.73133087158203,103909600
2019-10-01,53.99522253227226,54.75091905282625,53.78650345675115,53.88006591796875,139223200
2019-10-02,53.5130199648798,53.63777114984615,52.28231048438784,52.529415130615234,138449200
2019-10-03,52.40227619631664,53.00923723120128,51.61059521124103,52.975650787353516,114426000
2019-10-04,54.131976230110034,54.57580040442291,53.712143936815686,54.46064376831055,138478800
2019-10-07,54.28311450360741,55.161160934101474,54.17995381280001,54.47263717651367,122306000
2019-10-08,54.17516653401763,54.712549582666675,53.81770796918431,53.83449935913086,111820000
2019-10-09,54.46542739868164,54.64775319640897,54.13196084691239,54.46542739868164,74770400
2019-10-10,54.681360512105755,55.28352237449075,54.530223360975704,55.199554443359375,113013600
2019-10-11,55.88567285866777,57.01082394508319,55.73213434401569,56.667762756347656,166795600
2019-10-14,56.353485756513194,57.12837882948465,56.29830882465834,56.5861930847168,96427600
2019-10-15,56.710945890847526,57.01322382343534,56.34869191650956,56.45425033569336,87360000
2019-10-16,55.98643706861519,56.43506037247949,55.94565379747248,56.226341247558594,73903200
2019-10-17,56.39906636796876,56.65336418407442,56.02241875184439,56.44464874267578,67585200
2019-10-18,56.279120470382004,56.99643528339095,56.20714848455597,56.71574783325195,97433600
2019-10-21,56.98204111833702,57.81450890497435,56.93406101508978,57.6993522644043,87247200
2019-10-22,57.855293803611595,58.10479254390562,57.48583931085349,57.56740951538086,82293600
2019-10-23,58.08080765861978,58.35429829724787,57.869690793486676,58.339900970458984,75828800
2019-10-24,58.65896114841544,58.72853540039477,58.011220689350694,58.43585205078125,69275200
2019-10-25,58.33509915752011,59.19155514531401,58.2679262824244,59.15557098388672,73477200
2019-10-28,59.35708964228901,59.796114715182654,59.18915745445604,59.74813461303711,96572800
2019-10-29,59.72893318688571,59.9160581205968,58.19354817678271,58.366275787353516,142839600
2019-10-30,58.718945163935885,58.84849546974143,57.86728826237409,58.35908889770508,124522000
2019-10-31,59.313902865640614,59.77691611414118,56.91965683308477,59.67855453491211,139162000
2019-11-01,59.865682443755965,61.3986698789117,59.77452135224457,61.372283935546875,151125200
2019-11-04,61.7345350313778,61.859289881741645,61.26672630639548,61.77532196044922,103272000
2019-11-05,61.667361337070204,61.940855593414504,61.49223598607557,61.68655776977539,79897600
2019-11-06,61.60019258997119,61.772923889414315,61.26432820808025,61.712947845458984,75864400
2019-11-07,62.25917375697998,62.646582976782156,62.107579164156355,62.42520523071289,94940400
2019-11-08,62.247122892567724,62.66821556732877,61.8043749042975,62.596031188964844,69986400
2019-11-11,62.15328706288794,63.15669416268931,62.14847721788769,63.09172821044922,81821200
2019-11-12,62.93531298752282,63.23369225641029,62.78372577398594,63.03396987915039,87388800
2019-11-13,62.83424348708343,63.71252097695285,62.81980661221337,63.6379280090332,102734400
2019-11-14,63.46469090031498,63.7365976703758,63.06766207518593,63.197601318359375,89182800
2019-11-15,63.44783851732507,63.95315121393565,63.28662428540103,63.948341369628906,100206400
2019-11-18,63.95799669547249,64.35021585159122,63.58022176686978,64.27081298828125,86703200
2019-11-19,64.46329144370087,64.48735535838527,63.85932904179426,64.07588958740234,76167200
2019-11-20,63.89540964359442,64.02534154140798,62.65859661743068,63.32994079589844,106234400
2019-11-21,63.4502448250431,63.52724639081918,62.84627526735179,63.045997619628906,121395200
2019-11-22,63.18556299119027,63.32753051201079,62.76447027335383,62.990657806396484,65325200
2019-11-25,63.214444588644916,64.11197639359949,63.16872535757396,64.09513092041016,84020400
2019-11-26,64.23228445121657,64.28522211832744,63.16391141917877,63.59463119506836,105207600
2019-11-27,63.905016230980486,64.482520587069,63.84005029539335,64.4488296508789,65235600
2019-11-29,64.15046511887911,64.48733780292622,63.98202510521868,64.30686950683594,46617600
2019-12-02,64.31170071316927,64.5475153419682,63.3925208006526,63.56336212158203,94487200
2019-12-03,62.155696372325146,62.4492584727649,61.66963766381255,62.43001174926758,114430400
2019-12-04,62.81981146620402,63.3588077517284,62.72596442902417,62.98102569580078,67181600
2019-12-05,63.47432445651237,63.97963726009609,63.21926313205803,63.90503692626953,74424400
2019-12-06,64.36221509760516,65.20921031494399,64.31889712610206,65.1394271850586,106075600
2019-12-09,64.96859034566656,65.161086935307,63.7438129866393,64.22747039794922,128042400
2019-12-10,64.631710359752,64.98542849439848,63.97239456081009,64.60283660888672,90420400
2019-12-11,64.68224783580021,65.23327979738657,64.60765485527283,65.15386962890625,78756800
2019-12-12,64.43441949509666,65.58460415390351,64.32373429636719,65.31991577148438,137310400
2019-12-13,65.31991225453659,66.24390927709698,65.19238158759332,66.20781707763672,133587600
2019-12-16,66.65298114531323,67.56494998316613,66.64817129927935,67.3411636352539,128186000
2019-12-17,67.27136424228581,67.80073350823116,67.08607875742219,67.4734878540039,114158400
2019-12-18,67.32670036448889,67.8320130444866,67.16307754415392,67.31226348876953,116028400
2019-12-19,67.25451663334493,67.65876384392536,67.12217615688571,67.379638671875,98369200
2019-12-20,67.91140279117467,68.01246089083372,67.02830832765937,67.24005889892578,275978000
2019-12-23,67.50237420380351,68.39749741890061,67.46387341201411,68.33734130859375,98572000
2019-12-24,68.50336345626253,68.55149127528131,68.07746089671582,68.40229797363281,48478800
2019-12-26,68.53465994993616,69.77628303549606,68.505786189875,69.75943756103516,93121200
2019-12-27,70.050581938303,70.73636302317358,69.32870865807601,69.73295593261719,146266000
2019-12-30,69.65114955957583,70.4283691578937,68.63090426605163,70.14683532714844,144114400
2019-12-31,69.76423961467027,70.66658123217782,69.6655827166298,70.65936279296875,100805600
2020-01-02,71.28257523373918,72.33170151465225,71.02992253216576,72.27154541015625,135480400
2020-01-03,71.5015494021164,72.32688945190185,71.34514498799838,71.56892395019531,146322800
2020-01-06,70.69302810060023,72.17767619128301,70.44277672665065,72.13917541503906,118387200
2020-01-07,72.14882777323544,72.40388908002937,71.5809576466451,71.7999267578125,108872000
2020-01-08,71.50396043802937,73.25570609117467,71.50396043802937,72.95492553710938,132079200
2020-01-09,73.9294436077337,74.69703608624071,73.67919950094557,74.5045394897461,170108400
2020-01-10,74.73794692643483,75.23604124225797,74.17247806619659,74.6729736328125,140644800
2020-01-13,74.98820177445941,76.2947906823847,74.87029080894176,76.26831817626953,121532000
2020-01-14,76.20576405751645,76.41510614806313,75.11573562414125,75.23844909667969,161954400
2020-01-15,75.03872116096186,75.91699875877144,74.48528063092401,74.91600036621094,121923600
2020-01-16,75.45742514170341,75.96514658164989,75.09648844399511,75.85445404052734,108829200
2020-01-17,76.10225744425115,76.6965998583758,75.79666717572381,76.69419860839844,137816400
2020-01-21,76.3236396603529,76.76397899844628,76.03729609077709,76.17445373535156,110843200
2020-01-22,76.65813158547017,76.99741293025565,76.35254118737379,76.4463882446289,101832400
2020-01-23,76.49932724037184,76.89394751401544,75.95310504727735,76.81454467773438,104472000
2020-01-24,77.05998219911793,77.80110229414466,76.40307478925112,76.59317016601562,146537600
2020-01-27,74.60800908323662,75.01947479638015,73.36157631651781,74.3409194946289,161940000
2020-01-28,75.21919235562906,76.61481100227473,75.12053546591517,76.4439697265625,162234000
2020-01-29,78.07059329235672,78.88871482326161,77.33187458625076,78.04412078857422,216229200
2020-01-30,77.12974662934549,77.98396030536023,76.69902690059489,77.93102264404297,126743200
2020-01-31,77.22361256770202,77.64470540750402,74.18212296043589,74.4756851196289,199588400
2020-02-03,73.22200714636392,75.4333461257712,72.7215115901091,74.27113342285156,173788400
2020-02-04,75.8712937858949,76.91320175349885,75.4670464773754,76.72310638427734,136616400
2020-02-05,77.8468267012188,78.14520604055271,76.7471784427611,77.34873962402344,118826800
2020-02-06,77.61821910965085,78.2558723391088,77.06237729988993,78.25346374511719,105425600
2020-02-07,77.75419304088338,78.00262411427845,76.7001698716179,77.1897964477539,117684000
2020-02-10,75.7787945932457,77.55640411376953,75.69920332307832,77.55640411376953,109348800
2020-02-11,78.05086843646208,78.1232241451145,76.87141886050789,77.08849334716797,94323200
2020-02-12,77.5370987782025,78.92397256512416,77.5370987782025,78.91915130615234,113730400
2020-02-13,78.19315895415963,78.68278545723169,77.99055564537478,78.35717010498047,94747600
2020-02-14,78.32580087480906,78.62488821058194,77.86994534379362,78.37645721435547,80113600
2020-02-18,76.06337519708822,77.12222649983852,75.88247865330439,76.94132995605469,152531200
2020-02-19,77.18255286966328,78.28481796940162,77.18255286966328,78.05567932128906,93984000
2020-02-20,77.81689526489554,78.30410746194534,76.75080805425196,77.2549057006836,100566000
2020-02-21,76.84970141309908,77.29109325633112,74.89119532498566,75.50624084472656,129554000
2020-02-24,71.69777437412706,73.36684305832843,69.76097486599113,71.91967010498047,222195200
2020-02-25,72.58778111739974,72.96886672904328,69.01326241271661,69.48358917236328,230673600
2020-02-26,69.10973846221914,71.84730854807512,69.10250289246999,70.58585357666016,198054800
2020-02-27,67.80006808151072,68.98192476086734,65.83673284364053,65.9718017578125,320605600
2020-02-28,62.0499482580576,67.15123091808199,61.835280759075644,65.93318939208984,426510000
2020-03-02,68.08465633915449,72.7059623843327,66.98480559511727,72.07161712646484,341397200
2020-03-03,73.24383324028676,73.32342450844571,68.93366391267253,69.78267669677734,319475600
2020-03-04,71.49997996726277,73.1786982425022,70.70162361460446,73.0195083618164,219178400
2020-03-05,71.27808809920204,72.25010562325896,70.28677817477744,70.65098571777344,187572800
2020-03-06,68.01712645055636,70.14447238483373,67.83140857783133,69.71273040771484,226176800
2020-03-09,63.61530125773645,67.07404319923313,63.43440466648222,64.1989974975586,286744800
2020-03-10,66.84491728627172,69.08803225317006,64.97082373995369,68.82271575927734,285290000
2020-03-11,66.90522837411211,67.82900397076429,65.57141009124467,66.43247985839844,255598800
2020-03-12,61.73158259822545,65.12279105466,59.81648956131734,59.87196350097656,418474000
2020-03-13,63.89027147674693,67.51543909047871,61.01039330045894,67.04510498046875,370732000
2020-03-16,58.35725065107087,62.488927074911565,57.88692016083435,58.41996383666992,322423600
2020-03-17,59.69829959615255,62.13437204877519,57.50100834396888,60.98869705200195,324056000
2020-03-18,57.83144203035199,60.29887079269061,57.19227179173887,59.495689392089844,300233600
2020-03-19,59.66934960367585,60.98386423258545,58.51643550459872,59.03982925415039,271857200
2020-03-20,59.6187005747609,60.74026183260014,54.99257275597992,55.291656494140625,401693200
2020-03-23,55.011867987706175,55.11316965220814,51.28057345030364,54.11703109741211,336752800
2020-03-24,57.008967128821915,59.74171251843163,56.51210499986582,59.54634475708008,287531200
2020-03-25,60.47976255514235,62.28872853386047,58.92405254951491,59.21831130981445,303602000
2020-03-26,59.459503438935364,62.392437317540725,59.42091128360293,62.33455276489258,252087200
2020-03-27,60.962160830090674,61.71468959022156,59.58734725663957,59.7537727355957,204216800
2020-03-30,60.47735878660068,61.630272940074015,60.154154031335516,61.459022521972656,167976400
2020-03-31,61.64957210604245,63.3114052959559,60.78126682215682,61.33360290527344,197002000
2020-04-01,59.454689089589124,59.99014337906341,57.67707948194542,58.106407165527344,176218400
2020-04-02,57.96891023048235,59.12905968929717,57.139197341420946,59.07599639892578,165934000
2020-04-03,58.56227043050136,59.26173593576545,57.63849118766615,58.22700881958008,129880000
2020-04-06,60.5159387534273,63.46093322552853,60.149324308250385,63.30657196044922,201820400
2020-04-07,65.31574473463938,65.53282659406987,62.46964050531926,62.5733528137207,202887200
2020-04-08,63.37171853966973,64.48845515067879,63.007518252448094,64.1749038696289,168895200
2020-04-09,64.80920875044319,65.13964528004216,63.84442712325803,64.63795471191406,161834800
2020-04-13,64.71515578008704,66.0152028927721,64.11698836636067,65.90666198730469,131022800
2020-04-14,67.5347430495296,69.5246060143818,67.06440885901065,69.23516845703125,194994800
2020-04-15,68.11359162380347,69.06148794812431,67.68667833959124,68.60321807861328,131154400
2020-04-16,69.31477909684156,69.51256121657947,68.10156576146522,69.14835357666016,157125200
2020-04-17,68.66592298512266,69.21102697606443,66.77735877193409,68.2100601196289,215250000
2020-04-20,67.04028985944329,67.93994433259655,66.77497334644413,66.79426574707031,130015200
2020-04-21,66.6374787843657,66.87143866583018,64.02050667372501,64.72962188720703,180991600
2020-04-22,65.99348871174,67.02821933430408,65.65340957801277,66.59407043457031,116862400
2020-04-23,66.53858656789843,67.95681696931808,66.29739112168969,66.33598327636719,124814400
2020-04-24,66.85938066911224,68.26072562347866,66.81113863556433,68.2510757446289,126161200
2020-04-27,67.96887246841614,68.62975298338314,67.52266679021487,68.29931640625,117087600
2020-04-28,68.76000857373481,68.94090519524222,67.10058974876348,67.1922378540039,112004800
2020-04-29,68.67556091770935,69.8670666442157,68.47295768851819,69.3991470336914,137280800
2020-04-30,69.93701551143772,71.0392802463668,69.54869445396915,70.86320495605469,183064000
2020-05-01,69.04220854800435,72.11745102481503,68.94573182479387,69.72238159179688,240616800
2020-05-04,69.74650982081866,70.83671089109956,69.05910113576175,70.70887756347656,133568000
2020-05-05,71.16713764358983,72.59983938170623,71.02241888364539,71.77012634277344,147751200
2020-05-06,72.46958313423785,73.14010619347668,72.08608325049667,72.51058959960938,142333600
2020-05-07,73.13528505567275,73.60561913010429,72.8337907414733,73.26070404052734,115215200
2020-05-08,73.91856598501353,75.05767015159822,73.59206909173967,75.00446319580078,133838400
2020-05-11,74.51348118277441,76.67801957612704,74.30548775527488,76.18465423583984,145946400
2020-05-12,76.86667320446085,77.31651506334359,75.19308642093533,75.31401062011719,162301200
2020-05-13,75.49298094886383,76.41200935037834,73.33085553739997,74.4046630859375,200622400
2020-05-14,73.64525071591287,74.92220983518885,72.92453990449086,74.86174774169922,158929200
2020-05-15,72.6391584973057,74.46511071572239,72.6052961832284,74.41915893554688,166348400
2020-05-18,75.73968112913077,76.54503320734271,75.05041158146969,76.1725845336914,135178400
2020-05-19,76.18950390013767,77.03355248472863,75.70097277157296,75.73241424560547,101729600
2020-05-20,76.58855856818843,77.2754072194724,76.54986193395195,77.20527648925781,111504800
2020-05-21,77.0673988694635,77.60672336639306,76.39263988211127,76.62965393066406,102688800
2020-05-22,76.3684584887372,77.20525917779025,76.26688630469137,77.12303161621094,81803200
2020-05-26,78.23794241116512,78.41690783107812,76.54500393549849,76.60063171386719,125522000
2020-05-27,76.45794538565892,77.07949007225308,75.72030344662004,76.93437957763672,112945200
2020-05-28,76.61029301491585,78.22342462723567,76.33458975600101,76.96823120117188,133560800
2020-05-29,77.21010083931498,77.66961131806718,76.53776259003484,76.89328002929688,153532400
2020-06-01,76.84732546524727,77.95982952875313,76.71672526884876,77.83890533447266,80791200
2020-06-02,77.57287045767401,78.22344321190015,77.13270462012565,78.19925689697266,87642800
2020-06-03,78.51848967465142,78.8909382167243,77.94772370544388,78.6297378540039,104491200
2020-06-04,78.45318059251036,78.75064930450104,77.58010431354272,77.95255279541016,87560400
2020-06-05,78.20168176339025,80.23320685109042,78.172661136236,80.17274475097656,137250400
2020-06-08,79.87044290894595,80.68063661442805,79.16182879014318,80.64677429199219,95654400
2020-06-09,80.32753042867137,83.58522126328481,80.29608895604107,83.19342803955078,147712400
2020-06-10,84.13909197301673,85.80058999302304,83.70134677691084,85.33382415771484,166651600
2020-06-11,84.48006542527774,84.90330013235034,81.13530524486026,81.23687744140625,201662400
2020-06-12,83.36997039015924,84.11486012218111,80.83056250550848,81.93822479248047,200146000
2020-06-15,80.59597529574442,83.60214898703789,80.43393362831908,82.95157623291016,138808800
2020-06-16,85.00002619954361,85.42084738289208,83.3699705447458,85.14997100830078,165428800
2020-06-17,85.89245089695726,85.95291299210936,84.9105470621372,85.0314712524414,114406400
2020-06-18,84.98794487746599,85.48131766696713,84.45829630505166,85.06533813476562,96820400
2020-06-19,85.76910554734732,86.23345026330821,83.4739596024441,84.57920837402344,264476000
2020-06-22,84.97101145656654,86.93481917934642,84.92505967255737,86.79212951660156,135445200
2020-06-23,88.0328001728494,90.05949054454209,87.6143998666509,88.6446762084961,212155600
2020-06-24,88.27468030535546,89.19128795647202,86.7074997623601,87.07994842529297,192623200
2020-06-25,87.23469083213564,88.27463564224638,86.47770441956378,88.2359390258789,137522400
2020-06-26,88.13197433577965,88.35205726047579,85.37731757939976,85.52484893798828,205256800
2020-06-29,85.43294416349418,87.59023505976948,84.95650253776073,87.49591064453125,130646000
2020-06-30,87.08476317006986,88.51167454519887,87.06541854675757,88.22628784179688,140223200
2020-07-01,88.30368697136247,88.84542502767371,88.01105247279727,88.05941772460938,110737200
2020-07-02,88.96393576296241,89.59757739253234,87.94575606156859,88.05941772460938,114041600
2020-07-06,89.48389845748481,90.88178176519018,89.45245698793732,90.4150161743164,118655600
2020-07-07,90.79231129924504,91.5686426186408,90.02323513682953,90.13448333740234,112424400
2020-07-08,91.10913287644715,92.26516797551552,91.02206361133545,92.23372650146484,117092000
2020-07-09,93.12370590507383,93.17691283826436,91.58555391386294,92.63034057617188,125642800
2020-07-10,92.22647214944136,92.85044518286722,91.6170168108506,92.79239654541016,90257200
2020-07-13,94.09354111984942,96.695832354325,92.15149869689814,92.36432647705078,191649200
2020-07-14,91.74761295378508,94.08386957373939,90.81650244245171,93.89281463623047,170989200
2020-07-15,95.76231154374084,96.01141515552303,93.343827009689,94.53855895996094,153198000
2020-07-16,93.41395603386725,94.22898406159878,92.7778934824319,93.37525939941406,110577600
2020-07-17,93.82510604936869,93.97988521436005,92.71501520536071,93.1866226196289,92186800
2020-07-20,93.27368244127173,95.28827651192833,92.93025444088441,95.15042114257812,90318000
2020-07-21,95.93882091931,96.01379331608409,93.58805470208915,93.837158203125,103433200
2020-07-22,93.53969429469112,94.78037765198125,93.45263242150494,94.10078430175781,89001600
2020-07-23,93.83474776947158,93.91214102009206,89.00987716210209,89.8176498413086,197004400
2020-07-24,88.02071829007306,89.93857411627435,86.23828958165114,89.59514617919922,185438800
2020-07-27,90.65445824165903,91.81049336055369,90.4319618348545,91.71858978271484,121214000
2020-07-28,91.29052545592491,91.46707746354134,90.20704185281049,90.21188354492188,103625600
2020-07-29,90.693132172275,92.12487766631008,90.65685639553129,91.94107055664062,90329200
2020-07-30,91.11638837269675,93.15758954142316,90.71008481567014,93.05359649658203,158130000
2020-07-31,99.53029641393837,102.94519477180637,97.53746050279906,102.79524993896484,374336800
2020-08-03,104.67198130172932,107.9973966979683,104.37451250261263,105.38543701171875,308151200
2020-08-04,105.5740950606223,107.17755133558114,104.85338408077652,106.0892333984375,173071600
2020-08-05,105.81111539437022,106.79301948932648,105.34676313310521,106.4737777709961,121776800
2020-08-06,106.80508849601155,110.68191802624929,106.21739865938491,110.18854522705078,202428800
2020-08-07,109.71126970314928,110.1667657488304,106.88865674050672,107.683349609375,198045600
2020-08-10,109.12490669471406,110.26364648269501,106.6051500806847,109.24847412109375,212403600
2020-08-11,108.51435673757749,109.01103688460056,105.74019692749955,105.99944305419922,187902400
2020-08-12,107.08730692473522,109.77909114067742,106.89348231283336,109.52227020263672,165598000
2020-08-13,110.89843148039117,112.46116903802795,110.41143740175444,111.46053314208984,210082000
2020-08-14,111.28610608884811,111.4508577562041,109.55619139980415,111.36121368408203,165565200
2020-08-17,112.48057789581485,112.5048078243373,110.44538959684257,111.07048034667969,119561600
2020-08-18,110.82332353901295,112.41997706741819,110.48896983798126,111.99597930908203,105633600
2020-08-19,112.40301184462525,113.54659462972901,112.0420104163777,112.1364974975586,145538000
2020-08-20,112.17769677241944,114.73864510178977,112.16073508691606,114.62477111816406,126907200
2020-08-21,115.58180005044522,121.01382096112869,115.56968878487616,120.53167724609375,338054800
2020-08-24,124.72560677695705,124.81041520723647,120.11251616944286,121.97325897216797,345937600
2020-08-25,120.84906568793242,121.31667291273054,119.25482982936344,120.97262573242188,211495600
2020-08-26,122.285815910586,123.07324042466944,121.22218355631982,122.61774444580078,163022400
2020-08-27,123.21861805256327,123.55054660251213,120.01076655415024,121.15193176269531,155552400
2020-08-28,122.12346328551597,122.54019279849011,120.73275303132817,120.95565795898438,187630000
2020-08-31,123.64260792240353,126.9570575746163,122.1113683542111,125.05754089355469,225702700
2020-09-01,128.66278122843335,130.6398314241224,126.50160719781883,130.03895568847656,151948100
2020-09-02,133.34367713692956,133.72164031798212,123.08051055399626,127.34471130371094,200119000
2020-09-03,122.99329113592864,124.86372013453284,116.78111381462604,117.14938354492188,257599600
2020-09-04,116.36436621062012,119.88233348649146,107.46768160963626,117.22689819335938,332607200
2020-09-08,110.4332424909772,115.3176975867679,109.20244081478072,109.33811950683594,231366600
2020-09-09,113.641095738678,115.4630720645518,111.70282021985868,113.6992416381836,176940500
2020-09-10,116.64542916296256,116.78110786689479,109.02800526992252,109.9874496459961,182274400
2020-09-11,111.03411800577045,111.6737525060593,106.6051585333688,108.5434341430664,180860300
2020-09-14,111.17948842899139,112.35214426737836,109.31874564711791,111.79973602294922,140150100
2020-09-15,114.6780774740645,115.16264637332723,110.10374588199468,111.97418212890625,184642000
2020-09-16,111.67376709645097,112.42000005035005,108.58221472900694,108.66943359375,154679000
2020-09-17,106.33380874471821,108.73726653223142,105.35497742143326,106.9346694946289,178011000
2020-09-18,106.99279865599632,107.45798059007706,102.81581033252574,103.54266357421875,287104900
2020-09-21,101.31366180172101,106.78929159662262,99.91810106836907,106.68268585205078,195713800
2020-09-22,109.20243590478516,109.37688098586045,105.7910744674542,108.35928344726562,183055400
2020-09-23,108.17517702574132,108.65005253506956,103.47485221017152,103.81405639648438,150718700
2020-09-24,101.92422311648544,106.8474450340975,101.75947146104525,104.88009643554688,167743300
2020-09-25,105.08358773862179,108.96983149153748,104.34704111001957,108.81476593017578,149981400
2020-09-28,111.46054633695047,111.76097670476364,109.29936567544041,111.4120864868164,137672400
2020-09-29,111.01474148847176,111.7512809163313,110.06498316084728,110.56893157958984,99382200
2020-09-30,110.27819984549522,113.64110945971419,110.11344818104769,112.23585510253906,142675200
2020-10-01,114.00938127075119,114.0869140768239,112.25524404848423,113.18561553955078,116120400
2020-10-02,109.40596665096126,111.80943167027127,108.75664609356778,109.53195190429688,144712000
2020-10-05,110.39449286426901,113.04992842651572,110.04560265679896,112.90455627441406,106243800
2020-10-06,112.12923647353072,112.53627995429564,108.78571414124006,109.66763305664062,161498200
2020-10-07,111.08257884073628,111.98387730301256,110.6076959885073,111.52838134765625,96849000
2020-10-08,112.66226332419956,112.80763546534021,111.053491111729,111.42176818847656,83477200
2020-10-09,111.72220870495784,113.38912696820374,111.37331849200241,113.36005401611328,100506900
2020-10-12,116.3546685657092,121.31665619479716,115.59874235138079,120.56072998046875,240226800
2020-10-13,121.40389774875266,121.52019695499536,115.95734765025159,117.36259460449219,262330500
2020-10-14,117.26569052723717,119.23303935883797,115.92828283428057,117.4498291015625,150712000
2020-10-15,115.0560520589753,117.459509897586,114.50364375467132,116.98463439941406,112559200
2020-10-16,117.53703239008934,117.79870373934006,115.14326081684207,115.3467788696289,115393800
2020-10-19,116.25777640664253,116.70357893346838,112.09048805904365,112.4006118774414,120639300
2020-10-20,112.6138091614312,115.30801845057066,112.06140091237076,113.88338470458984,124423700
2020-10-21,113.06929820388042,115.04634007817563,112.85608671832885,113.26313018798828,89946000
2020-10-22,113.82523521136082,114.39703037608496,111.05350042518317,112.17770385742188,101988000
2020-10-23,112.79795098039979,112.95301658165369,110.75306957595657,111.48961639404297,82572600
2020-10-26,110.49140153597219,112.95301241046303,109.39627110087882,111.49930572509766,111850700
2020-10-27,111.92572886201872,113.66048651064561,111.0050508568626,113.00147247314453,92276800
2020-10-28,111.49931413026005,111.86758385649746,107.67121513386326,107.76812744140625,143937800
2020-10-29,108.90201007579887,113.32127578669785,108.73725104125917,111.7609634399414,146129200
2020-10-30,107.63243577844652,108.53373417860142,104.39551925367714,105.50033569335938,190272600
2020-11-02,105.74262715568275,107.26417322328109,104.00786958662283,105.41311645507812,122866900
2020-11-03,106.27565935922766,108.04917599163862,105.37436086993179,107.03158569335938,107624400
2020-11-04,110.61739025769825,112.02263714006965,108.88263267145909,111.40238952636719,138235500
2020-11-05,114.3097825085677,115.9282479984824,113.26311946917431,115.35645294189453,126387100
2020-11-06,114.8662234022807,115.72053342058035,112.74014741905776,115.22542572021484,114457900
2020-11-09,116.98256825674697,118.42907262853805,112.66246807633155,112.9245834350586,154515300
2020-11-10,112.17706242879606,114.1575076747416,110.79850704253381,112.58480072021484,138023400
2020-11-11,113.76918689454358,116.13795743815948,113.04107964654202,116.00204467773438,112295000
2020-11-12,116.12827545684921,117.011708557713,115.10892216454586,115.73023986816406,103162300
2020-11-13,115.95353177622367,116.17681389575209,114.42936059587085,115.7787857055664,81581900
2020-11-16,115.44869936969526,117.45827535475047,114.70117908437909,116.78842163085938,91183000
2020-11-17,116.06032428614111,117.14762661304611,115.48754260462515,115.90499114990234,74271000
2020-11-18,115.14774244040137,116.32242132257835,114.55554791373581,114.58467102050781,76322100
2020-11-19,114.15753414064645,115.58462589815453,113.40030359340344,115.17688751220703,74113000
2020-11-20,115.17688893429653,115.30309155816464,113.86629701660235,113.91483306884766,73604300
2020-11-23,113.75949369240169,114.1866523784184,110.42961575192224,110.52669525146484,127959300
2020-11-24,110.58495144916897,112.46831748552103,109.30347536130687,111.80816650390625,113874200
2020-11-25,112.17707422528561,113.34204301090116,111.80816176471099,112.64305877685547,76499200
2020-11-27,113.16728597859581,114.060429121406,112.8275040662974,113.18669891357422,46691300
2020-11-30,113.55562680437811,117.43886611768262,113.40029367663415,115.57491302490234,169410200
2020-12-01,117.47770289816154,119.86589425816237,116.50689304092421,119.13778686523438,127728200
2020-12-02,118.45820316266558,119.76880225855713,117.36119080484525,119.48726654052734,89004200
2020-12-03,119.91440521786345,120.16681780180761,118.64264694110803,119.3513412475586,78967600
2020-12-04,119.02129291081638,119.27370556007313,117.97281643546543,118.68151092529297,78260400
2020-12-07,118.73974965511624,120.93378197653361,118.68150343461471,120.1377182006836,86712000
2020-12-08,120.73964110499028,121.33183579133878,119.496998096351,120.74934387207031,82225500
2020-12-09,120.8949389531883,122.27348704305484,117.46798166489454,118.22521209716797,115089200
2020-12-10,116.98257670113864,120.25420827611856,116.64279476467264,119.64259338378906,81312200
2020-12-11,118.8562430760472,119.17661208486537,117.03112333433712,118.83683013916016,86939800
2020-12-14,119.0212758088773,119.7493831332465,117.99221982724323,118.22521209716797,79184500
2020-12-15,120.71048814758292,124.16657610565406,120.50661897640848,124.14715576171875,157243700
2020-12-16,123.69087513639985,124.62284421095526,122.86568091464977,124.07919311523438,98208600
2020-12-17,125.13736576654637,125.79752407268884,124.30246882292478,124.94320678710938,94359800
2020-12-18,125.19564174778804,125.33155453096758,122.43853798895042,122.96277618408203,192541500
2020-12-21,121.37063241963554,124.56459740524315,119.84646139919089,124.48693084716797,121251600
2020-12-22,127.76830318074434,130.48657411125797,125.86550908536934,128.03042602539062,168904800
2020-12-23,128.30226005455808,128.5643681030155,126.96253744223242,127.13729095458984,88223700
2020-12-24,127.48676208852152,129.56429466422506,127.27318272727676,128.11778259277344,54930100
2020-12-28,130.07882834872916,133.33103273857998,129.61282891491868,132.70001220703125,124486200
2020-12-29,134.02030377703682,134.73869359094937,130.41859268818658,130.93312072753906,121047300
2020-12-30,131.6224031061202,132.02043870547348,129.50602990016534,129.8166961669922,96452100
2020-12-31,130.1661668388547,130.80690479845464,127.8750553457784,128.81674194335938,99116600
2021-01-04,129.62256004967193,129.70992939762877,123.0598821377437,125.63253021240234,143301900
2021-01-05,125.12764888414577,127.89446217243118,124.68106994978552,127.18576049804688,97664900
2021-01-06,123.99183545726343,127.2246340413711,122.6909464043688,122.90452575683594,155088000
2021-01-07,124.61313347302331,127.78768533438151,124.1277286238472,127.09840393066406,109578200
2021-01-08,128.56431691137144,128.75849069520498,126.42853860962131,128.19541931152344,105158200
2021-01-11,125.41891868730954,126.37030813032683,124.74905756448756,125.21504211425781,100384500
2021-01-12,124.74906018656239,125.90432622691371,123.15693269578279,125.0403060913086,91951100
2021-01-13,125.00146811666775,127.61294892404966,124.73936012875102,127.06929779052734,88636800
2021-01-14,126.98192465387714,127.17608365097323,125.00146436870398,125.1470947265625,90221800
2021-01-15,125.02088418474625,126.41885265934873,123.29284393513538,123.42875671386719,111598500
2021-01-19,124.05008935422954,124.95295027523217,123.2346125834672,124.0986328125,90757300
2021-01-20,124.9044008833116,128.62260444676102,124.79761120554318,128.176025390625,104319500
2021-01-21,129.8943769543058,135.5930267381697,129.69050034270776,132.874755859375,120150900
2021-01-22,132.30196087543968,135.76775903778582,131.07874583699044,135.01052856445312,114459400
2021-01-25,138.89376878953092,140.8547939706266,132.55436700322258,138.74813842773438,157611700
2021-01-26,139.40829883611298,140.08786276088446,137.2433822290361,138.98114013671875,98390600
2021-01-27,139.24322781199024,140.08784232197448,136.31139319096383,137.91322326660156,140843800
2021-01-28,135.44739349341899,137.8452949915903,132.7097026247184,133.08831787109375,142621100
2021-01-29,131.86513890261062,132.74857965714432,126.40919082950613,128.1081085205078,177523800
2021-02-01,129.84579582479762,131.42822035718712,127.10810539305974,130.2244110107422,106239800
2021-02-02,131.76798067598213,132.33105201225376,130.6806786822872,131.04959106445312,83305400
2021-02-03,131.79710872600307,131.80682630276928,129.70987396760063,130.03024291992188,89880900
2021-02-04,132.32141349051977,133.3892956632412,130.66132177818676,133.3795928955078,84183100
2021-02-05,133.53998407473009,133.60803459447885,132.09131060559002,132.96633911132812,75693800
2021-02-08,132.25660382908822,133.1608138714623,131.1773940055882,133.11219787597656,71297200
2021-02-09,132.83023162868662,134.05528941674183,132.0816016865625,132.23715209960938,76774200
2021-02-10,132.6941448267895,133.19000731082727,130.67184065877828,131.63438415527344,73046600
2021-02-11,132.13017580944882,132.6065887223786,130.0592713492993,131.3815460205078,64280000
2021-02-12,130.6232339442829,131.77049447527503,129.98153830719173,131.61492919921875,60145100
2021-02-16,131.73156315096224,132.2371278628611,129.10644827799214,129.495361328125,80576300
2021-02-17,127.60917107594058,128.55226480330498,125.8785488379043,127.21054077148438,97918500
2021-02-18,125.61606083959396,126.39387225132121,123.87572097237708,126.11192321777344,96856700
2021-02-19,126.62724075405677,127.08420447655753,125.22718295197116,126.26749420166016,87668800
2021-02-22,124.45903676874947,126.12160842415751,122.11589328215102,122.50479888916016,103916400
2021-02-23,120.32696020598745,123.1951256816812,115.10591870921408,122.36870574951172,158273000
2021-02-24,121.47424078389619,122.07703760379697,118.83941546871539,121.87286376953125,111039900
2021-02-25,121.2214560613868,122.95207880188819,117.19629763278513,117.6338119506836,148199500
2021-02-26,119.18940971098537,121.38672049171518,117.83796822554648,117.89630889892578,164560400
2021-03-01,120.31723727022785,124.38128647028813,119.38386807729292,124.24517059326172,116307900
2021-03-02,124.84797657824923,125.14937496490815,121.54228933610958,121.64923858642578,102260900
2021-03-03,121.34783450228308,122.22287046374831,118.46021953832745,118.67411804199219,112966300
2021-03-04,118.37270244109511,120.17138267841435,115.32953009185248,116.79763793945312,178155000
2021-03-05,117.62406745905575,118.55743656088569,114.30865590625393,118.0518569946289,153766600
2021-03-08,117.575447007724,117.64350493701029,112.98637686796793,113.13221740722656,154376600
2021-03-09,115.72816384952438,118.6741119196786,115.49482341109125,117.73101806640625,129525800
2021-03-10,118.31438187621302,118.7810627593394,116.13651302909358,116.65181732177734,111943300
2021-03-11,119.14079423957098,119.79220694881545,117.8963020733253,118.5768814086914,103026500
2021-03-12,117.06016228897577,117.80879958845243,115.85456138090896,117.67268371582031,88105100
2021-03-15,118.04214884674406,120.56029993815383,117.07960562741921,120.55057525634766,92403800
2021-03-16,122.21314504308985,123.69098519524891,121.26033388239702,122.08675384521484,115227900
2021-03-17,120.60892077273179,122.36870994462072,118.94634875177347,121.29922485351562,111932600
2021-03-18,119.47137236768086,119.7630534964986,116.98238776140393,117.18656158447266,121229700
2021-03-19,116.5740372845451,118.0615946863235,116.36013878430732,116.66153717041016,185549500
2021-03-22,116.99212420499393,120.43392774935558,116.92406625712914,119.96723937988281,111912300
2021-03-23,119.90889482634996,120.79364806529563,118.75190240381558,119.14080810546875,95467100
2021-03-24,119.41304074611715,119.49082337056949,116.73932422708299,116.7587661743164,88530500
2021-03-25,116.22401168427893,118.28520644839449,115.69899016650163,117.24488067626953,98844700
2021-03-26,117.01155734823239,118.11021653249013,115.62122444554402,117.84770202636719,94071200
2021-03-29,118.27547960128655,119.17968207349621,117.38100181008681,118.02268981933594,80819200
2021-03-30,116.77820181701264,117.06015823420087,115.56287626935224,116.57402801513672,85671900
2021-03-31,118.27551212051436,120.09363482806863,117.78938178497403,118.76164245605469,118323800
2021-04-01,120.22974638293907,120.73531861862071,119.0921958715762,119.58805084228516,75089100
2021-04-05,120.433912742921,122.6603902138714,119.65610136330406,122.40760040283203,88651200
2021-04-06,122.99094842847227,123.6034698490668,122.16452851942161,122.70899200439453,80171300
2021-04-07,122.33954801322936,124.37156902257611,121.66868585332091,124.35212707519531,83466700
2021-04-08,125.37299788690146,126.77305548532095,124.9549329616751,126.74388885498047,88844600
2021-04-09,126.19939309739704,129.34950705430177,125.8785454100243,129.3106231689453,106686700
2021-04-12,128.84396428623276,129.16481202818863,127.0063925535893,127.59947204589844,91420000
2021-04-13,128.76618458654,130.9246041100814,128.27032223067465,130.7009735107422,91266500
2021-04-14,131.19683535032675,131.25516860713591,128.00782207026887,128.3675537109375,87222800
2021-04-15,130.10791292088626,131.2551732400093,129.93289830876327,130.76904296875,89347100
2021-04-16,130.57454661945337,130.93427814276205,129.5828370706817,130.4384307861328,84922400
2021-04-19,129.80653127611976,131.71216893077474,129.64124872393637,131.09963989257812,94264200
2021-04-20,131.27462375202614,131.7704712922572,128.15366085563892,129.4176025390625,94812300
2021-04-21,128.68837675651753,130.03981801008018,127.657783189335,129.7967529296875,68847100
2021-04-22,129.349506750087,130.4287163012516,127.76473251290152,128.280029296875,84566500
2021-04-23,128.49392361047128,131.3718057637502,128.49392361047128,130.59400939941406,78657500
2021-04-26,131.08988992627178,131.3135056957382,129.85511489088012,130.98294067382812,66905100
2021-04-27,131.26492156542244,131.65383477576822,130.38989280430803,130.66212463378906,66015800
2021-04-28,130.58433418027712,131.27464581514576,129.38845765548453,129.8745880126953,107760100
2021-04-29,132.6843927517533,133.26775499092827,128.77590135452442,129.77732849121094,151101000
2021-04-30,128.12446244748273,129.85508461220547,127.43416593536529,127.81334686279297,109839500
2021-05-03,128.3772578570978,130.35096013574108,128.17309147912826,128.86338806152344,75135100
2021-05-04,127.55085108162373,127.84253218435018,123.18539631101322,124.30349731445312,137564700
2021-05-05,125.61606280982821,126.83138852361431,124.42018646140798,124.54658508300781,84000900
2021-05-06,124.34240242288911,126.15080765787947,123.60348232032891,126.1410903930664,78128300
2021-05-07,127.43639054602403,127.835683170004,126.10212100699981,126.8130874633789,78973300
2021-05-10,126.03393749535272,126.16053593199283,123.50176071253134,123.54071807861328,88071200
2021-05-11,120.2781205077101,122.97585322059021,119.56716154628263,122.62525177001953,126142800
2021-05-12,120.18073081693389,121.38837950118456,119.06073063774643,119.5671615600586,112172300
2021-05-13,121.32997558192994,122.85901733692192,121.01832399589209,121.70980072021484,105861300
2021-05-14,122.95640002954782,124.55361524540388,122.56683371169913,124.12509155273438,81918000
2021-05-17,123.51151514879045,123.61864605940792,121.9045589198871,122.97586059570312,74244600
2021-05-18,123.25831484976348,123.67709735626846,121.52475247458096,121.59292602539062,63342900
2021-05-19,119.94700386173781,121.66108360866002,119.65482729355216,121.43708801269531,92612000
2021-05-20,121.96300762442338,124.38804651528841,121.83639430422342,123.98873901367188,76857100
2021-05-21,124.48543261389995,124.66073707262268,121.94352167759979,122.15778350830078,79295400
2021-05-24,122.72264972174192,124.60230012567476,122.65447618088876,123.78421020507812,63092900
2021-05-25,124.48542900111524,124.9723924215316,123.02456103094238,123.58943176269531,72009500
2021-05-26,123.64784897774915,124.06663137518274,123.12193568117969,123.54071807861328,56575900
2021-05-27,123.14142966400581,124.31012103497811,121.816908814046,122.01168823242188,94625600
2021-05-28,122.29412358918856,122.51812660764142,121.30073666690714,121.35916900634766,71311100
2021-06-01,121.81689796777825,122.07985090220888,120.70663903510166,121.03776550292969,67637100
2021-06-02,121.03778177713107,121.97273640244447,120.81378617886122,121.79743194580078,59278900
2021-06-03,121.42735201359653,121.59291527515944,119.91778539724056,120.31709289550781,76229200
2021-06-04,120.83326952469692,122.86874960294172,120.61900768168596,122.60578918457031,75169300
2021-06-07,122.878461975424,123.02455024570587,121.57342360305104,122.61550903320312,71057600
2021-06-08,123.29726191856811,125.10874632513031,122.91743682004416,123.43360900878906,74403800
2021-06-09,123.89133789579034,124.41725123885395,123.21933627459374,123.81342315673828,56877900
2021-06-10,123.7063015458541,124.84578425664763,122.65448221103098,122.8200454711914,71186400
2021-06-11,123.2290871401218,124.11535064804697,122.81030467281765,124.02769470214844,53522400
2021-06-14,124.48543247038134,127.134466888619,123.75499846493855,127.07603454589844,96906500
2021-06-15,126.5501263983375,127.19291187851302,126.01447183152456,126.25794982910156,62746300
2021-06-16,126.96890813933193,127.47534656209021,125.10874743356234,126.75464630126953,91815000
2021-06-17,126.41377710106734,129.0920350275276,126.26768138864819,128.3518524169922,96721700
2021-06-18,127.30000410767042,128.07912157458279,126.84226442246718,127.05652618408203,108953300
2021-06-21,126.90074760795298,128.955702701089,125.83918700220758,128.84857177734375,79663300
2021-06-22,128.68295251941402,130.5820772861633,128.18624806146317,130.48468017578125,74783600
2021-06-23,130.28018657486302,130.81584104082094,129.75426587711715,130.21200561523438,60214200
2021-06-24,130.9424885852543,131.12753427569476,129.4621379224508,129.92962646484375,68711000
2021-06-25,129.97832637994586,130.3971014851615,129.34527454506005,129.637451171875,70783700
2021-06-28,129.929615432019,131.72161011019884,129.87118308436172,131.2638702392578,62111300
2021-06-29,131.28335318569188,132.92926700154416,130.84509571572818,132.7734375,64556100
2021-06-30,132.6176097807272,133.8252661428457,132.32543317658508,133.3870086669922,63261400
2021-07-01,133.03639973908412,133.7473514160783,132.218302275189,133.6889190673828,52485800
2021-07-02,134.30244482687868,136.3476657575281,134.15636398642496,136.3087158203125,78852600
2021-07-06,136.4158466947496,139.41548226335163,136.4158466947496,138.31497192382812,108181800
2021-07-07,139.7953189039971,141.11010601971827,138.93828646790567,140.7984619140625,104911600
2021-07-08,137.88644602005195,140.3017433261173,137.00018264096806,139.50314331054688,105575500
2021-07-09,139.02593841657492,141.85027728075062,138.92854127199598,141.32437133789062,99890800
2021-07-12,142.39563540462566,142.50276628545902,140.24328402086937,140.73023986816406,76299700
2021-07-13,140.27253162136344,143.61305721006948,139.88297280050324,141.8405303955078,100827100
2021-07-14,144.23636128185524,145.66801299296932,143.8273051980656,145.2589569091797,127050800
2021-07-15,145.3465972476331,146.0867648396301,143.25267803516988,144.60641479492188,106820300
2021-07-16,144.5870044305878,145.85307833791254,142.07430929851364,142.5709991455078,93251400
2021-07-19,139.9998224538897,140.3114813657128,137.97408410918416,138.73373413085938,121434600
2021-07-20,139.71739371398104,143.26243208036362,139.2304378127707,142.3372039794922,96350000
2021-07-21,141.73337903289692,142.31773204055827,140.85686438211923,141.6067657470703,74993500
2021-07-22,142.13269584600698,144.33373124740575,142.006082551789,142.9702606201172,77338200
2021-07-23,143.700726126391,144.8402014430063,143.0871567787064,144.6843719482422,71447400
2021-07-26,144.40193160847764,145.92123190033908,143.84679465375743,145.1031494140625,72434100
2021-07-27,145.22977037782812,145.3174337626536,141.7529118418177,142.9410858154297,104818600
2021-07-28,141.03217541296894,143.13582861718922,138.82139130869905,141.19773864746094,118931200
2021-07-29,140.91531705042755,142.72679380278865,140.80818614558353,141.8405303955078,56699500
2021-07-30,140.61339371614585,142.51251879825827,140.35043336301797,142.05477905273438,70440600
2021-08-02,142.5417457565108,143.11635020883497,141.4607029570404,141.72366333007812,62880000
2021-08-03,142.00610422671278,144.17792379335657,141.3925349204239,143.5156707763672,64786600
2021-08-04,143.4280530784273,143.93447671996634,142.46387465578823,143.11639404296875,56368300
2021-08-05,143.14555023960324,143.9831149705437,142.35668407013773,143.2234649658203,46397700
2021-08-06,142.74557545925379,143.48685218422662,142.0433070322341,142.54074096679688,54126800
2021-08-09,142.59923476284288,143.08692025442784,141.9359896381178,142.491943359375,48908700
2021-08-10,142.83336158468475,144.0720871817776,141.7214390067462,142.01405334472656,69023100
2021-08-11,142.45296206335397,143.10645895995768,141.94576488875748,142.26763916015625,48493500
2021-08-12,142.58949314109574,145.37905487994794,142.24810732768088,145.22299194335938,72282600
2021-08-13,145.3010076863179,145.75943321107025,144.6182510163609,145.4278106689453,59375000
2021-08-16,144.88165713815187,147.46640020534528,142.86264613601338,147.3981170654297,103296000
2021-08-17,146.52997508674613,147.94426000150526,145.41805278817236,146.490966796875,92229700
2021-08-18,146.1105732952071,147.00791279558547,142.55046034897777,142.7552947998047,86326000
2021-08-19,141.45806146213795,144.35491465635323,140.9411159989395,143.08692932128906,86960300
2021-08-20,143.8086939620168,144.8425847784855,143.16494556886403,144.54022216796875,60549600
2021-08-23,144.65729855503196,146.4910011515847,144.24764444190524,146.0228271484375,60131800
2021-08-24,145.76918628216262,147.1444629009486,145.47657201899844,145.93499755859375,48606400
2021-08-25,146.12033978338724,146.6177885615759,144.15984926147306,144.7060546875,58991300
2021-08-26,144.6963131171606,145.44733817166107,143.87699005673284,143.90625,48597200
2021-08-27,143.84772924961433,145.08645474475415,143.21374397198983,144.94015502929688,55802400
2021-08-30,145.33029180641267,149.70971334019745,144.9498976782118,149.34881591796875,90956700
2021-08-31,148.90015120519527,149.03670255975587,147.56388271808643,148.09059143066406,86453100
2021-09-01,149.0659558284964,151.16299758315895,148.5880186674378,148.7538299560547,80313700
2021-09-02,150.0803207109557,150.90939195726816,148.6465242486851,149.86573791503906,71115500
2021-09-03,149.97306236375573,150.82164538297303,149.3195654805312,150.49977111816406,57808700
2021-09-07,151.15324750307346,153.386840580654,150.5875305279746,152.8308868408203,82278300
2021-09-08,153.11374935418493,153.17226923823645,150.18763608775444,151.28981018066406,74420200
2021-09-09,151.66044621375175,152.26517148741016,150.15836649901337,150.27542114257812,57305700
2021-09-10,151.1825274626448,151.65070144497142,145.03768627305047,145.30104064941406,140893200
2021-09-13,146.92016289482572,147.6906995642944,145.08646034770857,145.86676025390625,102404300
2021-09-14,146.64704249063803,147.34931083330153,143.29176371635268,144.47195434570312,109296300
2021-09-15,144.9011172737186,145.7594485393446,142.76505234502355,145.3595428466797,83281300
2021-09-16,144.78408681235823,145.301032298818,143.59413289330473,145.12545776367188,68034100
2021-09-17,145.1547725078231,145.1547725078231,142.17012365338147,142.46273803710938,129868800
2021-09-20,140.2583908056045,141.27277037212733,137.79070269716544,139.41957092285156,123478900
2021-09-21,140.38516176883357,141.03867353306788,139.2634909051742,139.89747619628906,75834000
2021-09-22,140.89236024826914,142.82359096635926,140.16083188261564,142.2578887939453,76404300
2021-09-23,143.03814009408782,143.45755733068214,142.05302081842638,143.21371459960938,64838200
2021-09-24,142.0725514999574,143.8379707289355,141.97500844122595,143.301513671875,53477900
2021-09-27,141.88723117083788,142.3651683544505,140.2778748536838,141.78968811035156,74150700
2021-09-28,139.7219107001194,141.18496735666514,138.2003341585889,138.4149169921875,108972300
2021-09-29,138.961106448078,140.89233684538155,138.53194083023718,139.31224060058594,74602000
2021-09-30,140.12180436567434,140.8240726910163,137.80041657451724,138.01499938964844,89056700
2021-10-01,138.40517505038864,139.40005789714257,135.68389579904266,139.13670349121094,94639600
2021-10-04,138.26860229461653,138.7075311976416,134.86456666800945,135.713134765625,98322000
2021-10-05,136.0545317412187,138.73680249578317,135.92772872481194,137.63462829589844,80861100
2021-10-06,136.03502801816884,138.6490157972431,134.9621137010957,138.50271606445312,83221100
2021-10-07,139.5365636274982,140.66799748439982,139.20494108139994,139.76089477539062,61732700
2021-10-08,140.48269778280476,140.62899749402928,139.04890108087716,139.38052368164062,58773200
2021-10-11,138.76604603984862,141.24348200456123,138.31736879996546,139.29273986816406,64452200
2021-10-12,139.7024354588627,139.7219470532615,137.56636980326286,138.02479553222656,73035900
2021-10-13,137.76138833625006,137.9174363658586,135.77162340821164,137.43951416015625,78762700
2021-10-14,138.60995855085787,140.3363692030775,138.0247300603831,140.2193145751953,69907100
2021-10-15,140.22911148485912,141.3312707409973,139.97550546602724,141.2727508544922,67940300
2021-10-18,139.9170017643,143.2235096811566,139.63415065247935,142.94065856933594,85589200
2021-10-19,143.38932223477877,145.4961277086073,142.94065979384268,145.09622192382812,76378900
2021-10-20,145.03767215675973,146.06181473584434,144.4719551618084,145.58387756347656,58418800
2021-10-21,145.1449650896746,145.9545248556128,144.22811391179323,145.7984619140625,61421000
2021-10-22,146.00334071672438,146.48126315623614,144.97919781593575,145.02796936035156,58883400
2021-10-25,145.0181495258691,145.69115788039105,143.98425867288518,144.97914123535156,50720600
2021-10-26,145.65214337099943,147.12494812357627,145.34001752826615,145.64239501953125,60893400
2021-10-27,145.68140905786274,146.04229155515878,144.8328410742834,145.18397521972656,56094900
2021-10-28,146.1301073675776,149.39759166799496,146.03256430303534,148.8123779296875,100077900
2021-10-29,143.59412144965486,146.24713179057537,142.80407331191392,146.11058044433594,124953200
2021-11-01,145.32058075023082,146.01308606451772,144.15988647877995,145.29132080078125,74588300
2021-11-02,144.99868985144568,147.8370236875447,144.98892661408803,146.3251953125,69122000
2021-11-03,146.68608830895576,148.2271767394299,146.1301344105293,147.75900268554688,54511500
2021-11-04,147.84677558220335,148.6758322133497,146.92992422765454,147.24205017089844,60394600
2021-11-05,148.36536141475236,148.6681654176707,146.57782514412813,147.76951599121094,65463900
2021-11-08,147.89649723038997,148.0527879681065,146.67550378830177,146.94900512695312,55020900
2021-11-09,146.71454897260128,147.91600218212633,146.57779832196186,147.31039428710938,56787900
2021-11-10,146.53874739869644,146.64619541359409,144.41910465453822,144.4874725341797,65187100
2021-11-11,145.50331597045192,145.96239567531134,144.25300529217714,144.4385986328125,41000000
2021-11-12,144.98560270947831,146.90988909643477,144.05765090115398,146.50941467285156,63804000
2021-11-15,146.88060480284193,148.3555742437889,145.9624154592678,146.51919555664062,59222800
2021-11-16,146.46058703081326,147.97462166575806,145.87450429964008,147.49598693847656,59256200
2021-11-17,147.49599850722544,151.40317727562876,147.48623592599793,149.92822265625,88807000
2021-11-18,150.1431040324191,154.98799688592075,149.4984160214015,154.20655822753906,137827700
2021-11-19,153.99168810581827,157.2834965855034,152.897682743032,156.82440185546875,117305600
2021-11-22,157.92813559947206,161.85485386154411,157.26392246010866,157.28346252441406,117467900
2021-11-23,157.3811346832133,158.0453627342285,155.36894027506222,157.66441345214844,96041900
2021-11-24,157.01972573471906,158.37746957878764,155.93548317544833,158.18211364746094,69463600
2021-11-26,155.8671359816053,156.72670517440085,152.7316184657377,153.17117309570312,76959800
2021-11-29,155.67175446958956,157.44952783966656,155.10521179906075,156.52157592773438,88748200
2021-11-30,156.27737994661885,161.67905311784355,156.20899716750552,161.4641571044922,174048100
2021-12-01,163.59354652559932,166.3481143018466,160.7120055934647,160.94644165039062,152052500
2021-12-02,155.0563862894109,160.38967666927002,154.13819694441963,159.9598846435547,136739200
2021-12-03,160.21384675586103,161.1320360204304,156.01362719703414,158.0844268798828,118023100
2021-12-06,160.47760654451426,163.98431110380426,160.46784396248754,161.4837188720703,107497000
2021-12-07,165.15642772326544,167.59841414884357,164.43359437560147,167.2076873779297,120405400
2021-12-08,168.13568563195315,171.8768113251432,166.73886138447926,171.01722717285156,116998900
2021-12-09,170.85114615502485,172.64844463234323,169.8841141404718,170.50926208496094,108923700
2021-12-10,171.14422713494562,175.4616584549351,170.63628965473916,175.28582763671875,115402700
2021-12-13,176.91705651666257,177.90362873179458,171.45677755961725,171.6619110107422,153237000
2021-12-14,171.1832561903654,173.6154801461527,168.21380712036787,170.28460693359375,139380400
2021-12-15,171.04652519555987,175.33465344975855,168.31149697974806,175.13929748535156,131063300
2021-12-16,175.11972073731067,176.93655914468357,166.78766465581225,168.2626190185547,150185800
2021-12-17,165.98669687061619,169.444558052229,165.75227570894924,167.1686248779297,195432700
2021-12-20,164.375008447403,166.62163920449956,163.5740445559153,165.81089782714844,107499100
2021-12-21,167.57888393978646,169.1808265329912,165.1955026634982,168.9757080078125,91185900
2021-12-22,169.02452194022183,171.7790897184107,168.15517538914062,171.56419372558594,92135300
2021-12-23,171.76934702247985,172.74614168304623,171.2028043307869,172.18936157226562,68356600
2021-12-27,172.9805506410723,176.23327841950962,172.96102548062714,176.14537048339844,74919600
2021-12-28,175.9793227997058,177.12217071968058,174.38714279522745,175.12950134277344,79144300
2021-12-29,175.16859502828655,176.4384311169709,174.00620695259946,175.21743774414062,62348900
2021-12-30,175.30530672394408,176.37978661508689,173.95732557045602,174.0647735595703,59773000
2021-12-31,173.95738546431582,175.07093096003192,173.14664397725932,173.449462890625,64062300
2022-01-03,173.70344237774987,178.63625970371407,173.58623175687953,177.78643798828125,104487900
2022-01-04,178.3920304132724,178.69483440178558,174.9634712930882,175.53001403808594,99310400
2022-01-05,175.4420853705736,175.9890879826122,170.587414831676,170.8609161376953,94537600
2022-01-06,168.69243553501073,171.23210762394186,167.65703557565845,168.00868225097656,96904000
2022-01-07,168.8780523594411,170.09904585932276,167.06121343542898,168.1747589111328,86709100
2022-01-10,165.1564429133354,168.4970788622131,164.2675561955421,168.19427490234375,106765600
2022-01-11,168.3212790198075,171.1148977053451,166.85608689005863,171.01722717285156,76138300
2022-01-12,172.0330771442787,173.06847713761263,170.76325596284155,171.45677185058594,74805200
2022-01-13,171.70096415486904,172.52146809219963,167.80354809549323,168.19427490234375,84505800
2022-01-14,167.36399798657283,169.74737940608347,167.11979931497876,169.05386352539062,80440800
2022-01-18,167.53002095796475,168.5361181103695,165.478761430844,165.85971069335938,90956700
2022-01-19,166.0551095373263,167.11004966883394,162.08932518842298,162.37258911132812,94815000
2022-01-20,163.1051891966637,165.74253213798244,160.37016081486053,160.6925048828125,91420500
2022-01-21,160.60458738914824,162.4702688967568,158.53378733529433,158.6412353515625,122848900
2022-01-24,156.30665983978236,158.5337501042213,151.11010595295735,157.86952209472656,162294600
2022-01-25,155.29081165334586,158.98309429431202,153.37630245676536,156.07225036621094,115798400
2022-01-26,159.70592982008216,160.57527648713483,154.15774320444362,155.98434448242188,108275300
2022-01-27,158.68029600296296,160.0380400395087,154.6070638933257,155.52525329589844,121954600
2022-01-28,161.86463986114418,166.39696621279427,159.02216399560837,166.37742614746094,179935700
2022-01-31,166.2113655240236,170.9390476064095,165.57644011866424,170.72415161132812,115541600
2022-02-01,169.97202274767105,170.78276405312576,168.31147491088436,170.55810546875,86213900
2022-02-02,170.69484950775998,171.79863213102016,169.30780301992357,171.75955200195312,84914300
2022-02-03,170.43110878285196,172.15027672857178,168.12587305039293,168.8877716064453,89418100
2022-02-04,167.90975737649003,170.27662529840396,166.93171820745542,168.6041717529297,82465400
2022-02-07,169.06382633955357,170.129885294368,167.19576822143142,167.8901824951172,77251200
2022-02-08,167.9586430232075,171.49915455646115,167.6652283214683,170.99057006835938,74829200
2022-02-09,172.18379236064646,172.77060688626915,171.05903840340724,172.4087371826172,71285000
2022-02-10,170.31573108381698,171.62629991772872,167.78261335475796,168.340087890625,90865900
2022-02-11,168.545490327705,169.27901969811438,164.34969397169522,164.9365234375,98670700
2022-02-14,163.69441590726865,165.8558891027738,162.9022065441299,165.1712646484375,86185500
2022-02-15,167.21536820889426,169.15188170406051,166.51117876998032,168.99539184570312,62527400
2022-02-16,168.07604144255788,169.5333102903167,166.31556790878483,168.7606658935547,61177400
2022-02-17,167.27404295611913,168.1347222265384,164.7702649952927,165.1712646484375,69589300
2022-02-18,166.09060878011084,166.7947832093295,162.54032203615824,163.62594604492188,82772700
2022-02-22,161.35690506054718,163.02935867994262,158.58905229899906,160.71141052246094,91162800
2022-02-23,161.90464101628442,162.50124566678707,156.2417992711014,156.55477905273438,90009200
2022-02-24,149.2291965620497,159.27366155009665,148.66193213542687,159.16607666015625,141147500
2022-02-25,160.24192254485857,161.4938113988268,157.3371452242796,161.22975158691406,91974200
2022-02-28,159.479061922758,161.78723492110947,158.86289248069977,161.4938201904297,95056600
2022-03-01,161.08302534266187,162.94130845487337,158.4129829679633,159.615966796875,83474400
2022-03-02,160.77983303222933,163.6846100998314,159.3714544632476,162.9021759033203,79724800
2022-03-03,164.7702811660162,165.20062084345977,161.9144082164394,162.5794677734375,76678400
2022-03-04,160.87767357199544,161.91439273743828,158.54016047816125,159.58665466308594,83737200
2022-03-07,159.7725035009549,161.39605234966348,155.54736648605487,155.80166625976562,96418800
2022-03-08,155.33219707675556,159.30303394754864,152.3785144348394,153.9824981689453,131148300
2022-03-09,157.93374136581392,159.82136448965088,155.9092082958325,159.3714599609375,91454900
2022-03-10,156.68185579600046,156.86768560681452,152.55452973284972,155.03875732421875,105342000
2022-03-11,155.4397780469511,155.7820977698025,151.1070711319146,151.33201599121094,96970100
2022-03-14,148.12398413737876,150.73534613403064,146.80364061476897,147.3122100830078,108732100
2022-03-15,147.58611061794517,152.15356685525754,147.07754097449947,151.68409729003906,92964300
2022-03-16,153.60105321090987,156.48626575095446,151.06793536575267,156.08526611328125,102300200
2022-03-17,155.12678288189394,157.4642957434988,154.16830873861088,157.09263610839844,75615400
2022-03-18,156.98503345512586,160.86784945274542,156.25150421008976,160.3788299560547,123511700
2022-03-21,159.91914959524135,162.69679166385907,159.43013010111937,161.7480926513672,95811400
2022-03-22,161.87525716684658,165.6993938917205,161.28844262082922,165.11257934570312,81532000
2022-03-23,164.30082796833884,168.84870476015902,163.96828326313863,166.47207641601562,98062700
2022-03-24,167.30339150441574,170.31575418142768,166.47206709718986,170.24729919433594,90131400
2022-03-25,170.06143114397722,171.430679815148,168.95624226558783,170.8829803466797,80546200
2022-03-28,168.38897085299945,171.8707872641407,168.22270601580345,171.74365234375,90371900
2022-03-29,172.8097389298353,175.0787819860724,172.46741925958432,175.02989196777344,100589400
2022-03-30,174.62891251824163,175.66563174403498,172.81953392128133,173.8660430908203,92633200
2022-03-31,173.93446796182153,174.120297776475,170.5700111087268,170.77540588378906,103049300
2022-04-01,170.208175340956,171.0395147015426,168.1640768197994,170.48202514648438,78751300
2022-04-04,170.73627975953104,174.57019094673097,170.60912991069844,174.5212860107422,76468400
2022-04-05,173.60196376939686,174.38439814013864,170.58960114244232,171.21554565429688,73401800
2022-04-06,168.57481703992445,169.81693085468368,166.39379406221198,168.05645751953125,89058800
2022-04-07,167.4011755212215,169.55285855113002,166.11994669119974,168.35964965820312,77594700
2022-04-08,168.00756384278074,168.00756384278074,165.48422104719532,166.35467529296875,76575500
2022-04-11,165.00501879739264,165.31798361672782,161.8655060412837,162.11001586914062,72246700
2022-04-12,164.3301525745867,166.13951616252308,162.98045368647982,163.97805786132812,79265200
2022-04-13,163.7139749230824,167.28381189911025,163.10759541750994,166.65786743164062,70618900
2022-04-14,166.8730302686766,167.5087646523774,161.41557017548345,161.6600799560547,75329400
2022-04-18,160.32017704396847,162.94132974863555,159.977872292766,161.44493103027344,69023900
2022-04-19,161.39603175237912,164.1345444765827,160.31040765157212,163.7237548828125,67723800
2022-04-20,165.05387853639598,165.17125338034182,162.45230578739907,163.55747985839844,67929800
2022-04-21,165.2006123983915,167.76307044383682,162.26649466439048,162.76528930664062,87227800
2022-04-22,162.80437847987656,164.18340212764667,157.95329847424364,158.23692321777344,84882400
2022-04-25,157.5816809008669,159.58666436994497,154.98010780953732,159.30303955078125,96046400
2022-04-26,158.6868312906376,158.7748512209157,153.2782766938566,153.3565216064453,95623200
2022-04-27,152.4861127865459,156.2808951707583,151.9677531448404,153.13162231445312,88063200
2022-04-28,155.7527344180899,160.9070049099631,155.43975472715812,160.04632568359375,130216800
2022-04-29,158.28585264208988,162.55010393809633,153.79665651995063,154.1878662109375,131747600
2022-05-02,153.26853978592672,154.75514872367953,149.9040823265059,154.4910888671875,123055300
2022-05-03,154.67688255687574,157.18067526746918,152.88708408047324,155.97767639160156,88966500
2022-05-04,156.1635144371754,162.82395888042848,155.76251479077115,162.3740692138672,108256500
2022-05-05,160.25172879543595,160.47667363266967,151.5471709663278,153.32720947265625,130525300
2022-05-06,152.80804796848787,156.16765847712838,151.01560506464577,154.05198669433594,116124600
2022-05-09,151.7502553954864,152.6317930294346,148.3808694909006,148.9391632080078,131577900
2022-05-10,152.328132388233,153.52309446613708,149.79127784510368,151.33885192871094,115366700
2022-05-11,150.34960463592216,152.2595803376125,142.81742986905113,143.49327087402344,142689800
2022-05-12,139.8398213340432,143.19941752795359,135.95129962230052,139.63412475585938,182602000
2022-05-13,141.62245981596948,145.0604308345469,140.17283922837782,144.0907440185547,113990900
2022-05-16,142.56275232444813,144.49232147743598,141.22085987637433,142.55294799804688,86643800
2022-05-17,145.80481151470883,146.69613834453236,143.66954586445135,146.17701721191406,78336300
2022-05-18,143.83603240319064,144.33555969881087,137.0286633908363,137.92979431152344,109742900
2022-05-19,137.00914057415054,138.75260707730666,133.7964597180681,134.53106689453125,136095600
2022-05-20,136.23534285932448,137.81230015984903,129.8883411847853,134.76612854003906,137426100
2022-05-23,134.96198648449013,140.31972120246527,134.8248604473741,140.1728057861328,117726300
2022-05-24,137.92003986063096,139.05623582746938,134.51146690573626,137.47927856445312,104132700
2022-05-25,135.58889997563415,138.87994101283223,135.5007506936718,137.63601684570312,92482700
2022-05-26,134.57021942674126,141.37757526410218,134.32535040420584,140.82907104492188,90601500
2022-05-27,142.4060284868712,146.60797434750936,142.27869181225157,146.5688018798828,90978500
2022-05-31,146.01049226377089,147.5678554930359,143.8262500562877,145.7852020263672,103718400
2022-06-01,146.82346195823692,148.62570934761555,144.649023812494,145.65789794921875,74286600
2022-06-02,144.79596367082308,148.16536407915592,143.8458705924634,148.10659790039062,72348100
2022-06-03,143.8850177275583,144.93306421639832,141.49510885340763,142.39622497558594,88570300
2022-06-06,144.01237341190438,145.52077501341512,141.92608448379778,143.14064025878906,71598400
2022-06-07,141.3873815394989,145.94193944320352,141.1425125135875,145.65789794921875,67808200
2022-06-08,145.53057980516448,146.7940975636926,144.43357121198528,144.92330932617188,53950200
2022-06-09,144.06133943857793,144.91347882072873,139.60472041542363,139.71246337890625,69473000
2022-06-10,137.40089525066517,137.8710395567264,134.24698126233585,134.3155517578125,91437900
2022-06-13,130.14302719351753,132.4252090464818,128.74238308627127,129.17335510253906,122207100
2022-06-14,130.3976794412042,131.14207601932122,128.7815346427886,130.03526306152344,84784300
2022-06-15,131.53383428431485,134.5212392737676,129.44756042743367,132.6504364013672,91533000
2022-06-16,129.36919361966238,129.67282879246193,126.39157816992548,127.3906478881836,108123900
2022-06-17,127.4004988291183,130.34871732723784,127.14582540730095,128.8599090576172,134520300
2022-06-21,130.68169231513036,134.2469845261448,130.58375367786297,133.08140563964844,81000500
2022-06-22,132.0235937967665,134.93263938077834,131.16166488175563,132.57211303710938,73409200
2022-06-23,134.01195231906672,135.74561458048865,132.84637315008302,135.43218994140625,72433800
2022-06-24,137.02866120975725,138.99741717271982,136.90133951620328,138.75254821777344,89116800
2022-06-27,139.77119649427988,140.54499076145484,138.07670751082298,138.75254821777344,70207900
2022-06-28,139.21294709984699,140.47646473111445,134.50166930718802,134.61920166015625,67083400
2022-06-29,134.63877479951915,137.78288432606877,133.86498040570075,136.3724365234375,66242400
2022-06-30,134.43310739232075,135.53011594509118,131.0245344279122,133.9139862060547,98964500
2022-07-01,133.24794276909347,136.1863715256026,132.87575195629162,136.07862854003906,71051600
2022-07-05,134.94245447298385,138.70363989022064,134.11968301964518,138.6546630859375,73353800
2022-07-06,138.44894003031942,141.16207781793045,138.18447732277275,139.98670959472656,74064300
2022-07-07,140.34916422789436,143.54226679903198,140.33937484449694,143.34637451171875,66253700
2022-07-08,142.2786895406023,144.52169812610057,142.02403114104803,144.02215576171875,64547800
2022-07-11,142.6802818681296,143.63037488194183,140.82907263468897,141.89669799804688,63141600
2022-07-12,142.76840995155382,145.4032026642234,142.0729903924104,142.86636352539062,77588800
2022-07-13,140.0552923046931,143.44427122627144,139.2031379384123,142.5039825439453,71185600
2022-07-14,141.12292146669557,145.8929653987599,140.30995449187216,145.42282104492188,78140700
2022-07-15,146.70592606919652,147.7637620290884,145.15835206929646,147.08792114257812,76259900
2022-07-18,147.64625063740658,148.4592176926782,143.68915834296686,144.05157470703125,81420900
2022-07-19,144.88412086859606,148.1261847699647,143.89485526545627,147.90090942382812,82982400
2022-07-20,148.01842499581136,150.56506886066487,147.2838179131366,149.89901733398438,64823400
2022-07-21,151.3290755894941,152.37712231601844,148.82161886422966,152.16163635253906,65086600
2022-07-22,152.20081233549695,153.0725455912705,150.26145356507448,150.927490234375,66675400
2022-07-25,150.84909422530328,151.85795331530994,149.15460492057616,149.81085205078125,53623900
2022-07-26,149.13504463438227,149.94801169458665,147.70501771546552,148.4886016845703,55138700
2022-07-27,149.44846596743406,154.1009774684585,149.03708779660727,153.57205200195312,78620700
2022-07-28,153.7581586202447,154.40461645264705,151.24091273921562,154.12057495117188,81378700
2022-07-29,157.93071310150503,160.27166010634335,156.2264195082653,159.1746368408203,101786900
2022-08-01,157.70543713439505,160.23248719622674,157.58790478823227,158.19517517089844,67829400
2022-08-02,156.81414688340993,159.07673453265352,156.35379186998745,156.72598266601562,59907000
2022-08-03,157.53894532472003,163.17093336402678,157.45079605540153,162.7203826904297,82507500
2022-08-04,162.6027983303137,163.75858773192834,161.05522452393103,162.4069061279297,55474100
2022-08-05,160.08234575425365,162.67175374212067,159.87636348602825,162.18133544921875,56697000
2022-08-08,163.18176501562593,164.59417198149717,161.05335158963675,161.71051025390625,60276900
2022-08-09,160.87685067478762,162.64235984823435,160.12160217379457,161.7595977783203,63135500
2022-08-10,164.46667794890814,166.0948703368816,163.70162657940335,165.99679565429688,70170500
2022-08-11,166.8010905635419,167.71327649760102,164.9669306824805,165.2611846923828,57149200
2022-08-12,166.5656804191666,168.87063747457046,166.1537158722437,168.80198669433594,68039400
2022-08-15,168.2331286414766,170.06728863023804,168.0663881848966,169.87112426757812,54091700
2022-08-16,169.46897842594916,170.3811644180383,168.37044601656845,169.7141876220703,56377100
2022-08-17,169.45915949271176,172.7743773350279,169.26299514755854,171.20504760742188,79542000
2022-08-18,170.4203849105247,171.54834118381174,169.8024529702403,170.81271362304688,62290100
2022-08-19,169.71416649279175,170.41056710828244,168.02712623620275,168.2331085205078,70346300
2022-08-22,166.43816395511286,166.6049043800519,163.9370276482697,164.35879516601562,69026800
2022-08-23,163.87819481513557,165.47696339789675,163.4564272588674,164.0253143310547,54147100
2022-08-24,164.11359750144874,164.88845187937156,163.06409508904346,164.31956481933594,53841500
2022-08-25,165.54563671843377,166.8795753877456,165.12388407113372,166.7716827392578,51218200
2022-08-26,167.30132415112922,167.77212157949262,160.42564926256463,160.4844970703125,78961000
2022-08-29,158.06179612101135,159.7782599974509,156.75729674532928,158.2873992919922,73314000
2022-08-30,159.02304111055471,159.44479366035216,154.69754815714236,155.86474609375,77906200
2022-08-31,157.23793525223348,157.50276536238007,154.1286845852179,154.2071533203125,87991100
2022-09-01,153.63825654168207,155.38414463005734,151.70600708998924,154.93296813964844,74229900
2022-09-02,156.6886878420521,157.28699892323417,152.00028886480865,152.82418823242188,76957800
2022-09-06,153.47148977301632,154.079603619405,150.74476547508485,151.56866455078125,73714800
2022-09-07,151.85312983190147,153.6676685648947,150.66631095885003,152.97128295898438,87449600
2022-09-08,151.67658920142858,153.36362955067995,149.75414265238146,151.5000457763672,84923800
2022-09-09,152.4907097522004,154.79568238893683,151.7845060067485,154.3542938232422,68028800
2022-09-12,156.53173198406338,161.11223777090294,156.24729591423596,160.2981414794922,104956000
2022-09-13,156.83580616608484,157.4635411507797,150.430942739526,150.89193725585938,122656600
2022-09-14,151.82367056195963,154.0894153787575,150.66629071155694,152.33370971679688,87965400
2022-09-15,151.6863795720259,152.26508456095567,148.47905455230304,149.4500732421875,90481100
2022-09-16,148.312339619677,148.44965617349064,145.52675172371437,147.81210327148438,162278800
2022-09-19,146.448684995869,151.59807625432504,146.24271772670144,151.5196075439453,81474200
2022-09-20,150.46032156880005,155.05064442927653,150.1464616536784,153.89324951171875,107689800
2022-09-21,154.32480845556432,155.69798850992015,150.65648959208787,150.77418518066406,101696800
2022-09-22,149.45988650515864,151.50983141556574,148.0180554999838,149.81298828125,86652500
2022-09-23,148.29270193451399,148.5673350111051,145.7130966439831,147.54725646972656,96029900
2022-09-26,146.79202323434507,150.82326264584486,146.77240230987616,147.88075256347656,93339400
2022-09-27,149.81299153282302,151.75504386028683,147.0764489671257,148.8517608642578,84442700
2022-09-28,144.81068405296207,147.75319322361267,142.06433916707977,146.96852111816406,146691400
2022-09-29,143.30021086857073,143.90832467636554,137.98406415633502,139.74957275390625,128138200
2022-09-30,138.5726303244555,140.35776059275875,135.35548662233668,135.55165100097656,124925300
2022-10-03,135.5614315097669,140.32829792951577,135.05139229305564,139.7201690673828,114311700
2022-10-04,142.25077503845796,143.41797334923848,141.4955264315323,143.30027770996094,87830100
2022-10-05,141.30913113651346,144.55569777280346,140.2694318056122,143.59446716308594,79471000
2022-10-06,143.0157891213956,144.71263233032042,142.43709909152813,142.64306640625,68402200
2022-10-07,139.80844218113944,140.35772324812106,136.7776606833551,137.4053955078125,85925600
2022-10-10,137.72909545898438,139.1709266873786,135.91455644051044,137.72909545898438,74899000
2022-10-11,137.21903351996755,138.64125855443186,135.57123522583825,136.31666564941406,77033700
2022-10-12,136.46381898254117,137.67024396939837,135.51240615749046,135.68894958496094,70433700
2022-10-13,132.40316808901153,140.83835578471064,131.79503908177543,140.24986267089844,113224000
2022-10-14,141.5445499741852,141.75053227831364,135.5418338120233,135.7281951904297,88598000
2022-10-17,138.36665154683308,140.16156968133146,137.5819791306435,139.68096923828125,85250900
2022-10-18,142.70194639396894,143.88875049899616,137.91545818930572,140.9952850341797,99136600
2022-10-19,138.97473585531196,142.17225768233465,138.78837451258266,141.1031494140625,61758300
2022-10-20,140.2792613677454,143.09425775385319,139.91634163141597,140.6421661376953,64522000
2022-10-21,140.13212478208789,145.0167019837592,139.916339525803,144.44781494140625,86548600
2022-10-24,144.36932866368048,147.3510650763543,143.2021308192321,146.5860137939453,75981900
2022-10-25,147.2137868289863,149.5678040506047,146.49778017936205,149.42066955566406,74732300
2022-10-26,148.06713927955596,149.0774000501519,145.20308247196704,146.4879913330078,88194300
2022-10-27,145.23250204640354,146.1937178528811,141.36800292889203,142.02516174316406,109180200
2022-10-28,145.36002058759684,154.48180643716302,144.98731275555542,152.7555389404297,164762400
2022-10-31,150.22496108445085,151.2842665764986,149.0087181195706,150.40150451660156,97943200
2022-11-01,152.1081293130579,152.4710340362063,146.27215501250635,147.7630157470703,80379300
2022-11-02,146.0956258102425,149.25392123210702,142.2213237765035,142.25074768066406,93604600
2022-11-03,139.33766635298934,140.0634909361085,136.09109910411752,136.21861267089844,97918500
2022-11-04,139.59827074317496,140.16810151754257,132.0234836201314,135.95333862304688,140814800
2022-11-07,134.70559929239224,136.70981865595215,133.29084915754692,136.48385620117188,83374600
2022-11-08,137.9477566640864,138.94985902565782,135.07896394018204,137.0537109375,89908500
2022-11-09,136.07121539704306,136.12034157773797,132.22977893126608,132.50486755371094,74917800
2022-11-10,138.7632027049217,144.29446411132812,137.05371017047622,144.29446411132812,118854000
2022-11-11,143.26287971945007,147.3793904835366,141.83829520447486,147.0748291015625,93979700
2022-11-14,146.3576203774582,147.64464544159856,144.84461786588682,145.67971801757812,73374100
2022-11-15,149.5506380930854,150.89660867721872,145.95481705312972,147.4088592529297,89868300
2022-11-16,146.51478934612993,147.2418027556235,144.70704507834287,146.1807403564453,64218300
2022-11-17,143.8621421866718,148.82358651784583,143.58705356948877,148.07691955566406,80389400
2022-11-18,149.63908030699184,150.02224064395415,147.34011828521793,148.636962890625,74829600
2022-11-21,147.52676535819396,147.73307435769456,145.12955132737417,145.41445922851562,58724100
2022-11-22,145.53233313834016,147.78216811313607,144.35336486366882,147.54637145996094,51804100
2022-11-23,146.82920540527334,149.16747394284351,146.72113379241404,148.42080688476562,58301400
2022-11-25,145.7092003283938,146.2692118769101,144.54006603549058,145.51271057128906,35195900
2022-11-28,142.5947981424062,144.06849387144769,140.8656672171658,141.69093322753906,69246000
2022-11-29,141.7596944766532,142.27057984792378,137.8887997144492,138.6944122314453,83763800
2022-11-30,138.9203437218135,146.11198429763354,138.08525867650403,145.43408203125,111380900
2022-12-01,145.61096061666942,146.51482547786148,144.03901260255705,145.70919799804688,71250400
2022-12-02,143.40043783526434,145.40465760065473,143.09586143280922,145.21798706054688,65447400
2022-12-05,145.17867816271277,148.27343309869434,143.21375058654476,144.0586700439453,68826400
2022-12-06,144.49093730068225,144.71689974436399,139.43124046996064,140.4038848876953,64727200
2022-12-07,139.69653991914743,140.85584008868295,137.5449416476374,138.4684600830078,69721100
2022-12-08,139.86352962985669,141.00319109284194,138.62563079391435,140.1484375,62128300
2022-12-09,139.8438589493627,143.0172270285968,138.42910903026953,139.66702270507812,76097000
2022-12-12,140.19755844692216,141.96599599737974,138.58631867677312,141.9561767578125,70462700
2022-12-13,146.87834983755218,147.34010905974955,141.71059523341404,142.9190216064453,93886200
2022-12-14,142.8010797480732,144.08810457077118,138.68455516840615,140.6986083984375,82291200
2022-12-15,138.63545090272245,139.3133532425607,133.6445335943197,134.10629272460938,98931900
2022-12-16,134.2929782040358,135.23613504981998,131.38487878191776,132.1511993408203,160156900
2022-12-19,132.74066180080095,132.82907992971283,129.01713123497163,130.0487060546875,79592600
2022-12-20,129.08591954394805,130.91330283228723,127.6122238272619,129.97996520996094,77432800
2022-12-21,130.64803543949063,134.41087369361549,130.42207295695286,133.07472229003906,85928000
2022-12-22,131.99401195090732,132.20032094511618,128.0150307307424,129.9111785888672,77852100
2022-12-23,128.62416529925937,130.09786107261186,127.36661277196195,129.5476837158203,63814900
2022-12-27,129.07606474734044,129.10553745425895,126.46270813173636,127.7497329711914,69007800
2022-12-28,127.39605990024205,128.73221106602657,123.66270252163467,123.82971954345703,85438400
2022-12-29,125.74552617249073,128.19185867326428,125.4900910087302,127.33712005615234,75703700
2022-12-30,126.15819306959533,127.67118088033511,125.19537514897438,127.65152740478516,77034200
2023-01-03,127.9953746812147,128.6044974020352,121.99252063798394,122.87673950195312,112117500
2023-01-04,124.66481618620305,126.40378110334795,122.88655931785308,124.14411163330078,89113600
2023-01-05,124.90060516942826,125.5293813261351,122.57217104073682,122.82760620117188,80962700
2023-01-06,123.80024463429882,128.00518029343567,122.69988266566685,127.34693145751953,87754700
2023-01-09,128.18204084518473,131.07048653770673,127.6122100970975,127.86764526367188,70790800
2023-01-10,127.97572556898378,128.95818934117645,125.87325369613974,128.43748474121094,63896200
2023-01-11,128.94833938796359,131.16870158744862,128.17219978892,131.14906311035156,69458900
2023-01-12,131.53223946571177,131.90556546211644,129.1350257391296,131.0704803466797,71379600
2023-01-13,129.71469801537842,132.55401787873402,129.35119119619432,132.39682006835938,57809700
2023-01-17,132.46557135226192,134.88242345634274,131.77784981822288,133.5561065673828,63646600
2023-01-18,134.4207263168224,136.17933021057922,132.66210743185522,132.83895874023438,69672800
2023-01-19,131.72873868777404,133.86068318245066,131.4241773301355,132.8978729248047,58280400
2023-01-20,132.90770800117681,135.59966433835268,131.86629872212012,135.45228576660156,80223600
2023-01-23,135.6978953680963,140.80671912517695,135.4817521326256,138.63546752929688,81760300
2023-01-24,137.84949253259393,140.64952034187644,137.83967329148908,140.0305633544922,66435100
2023-01-25,138.41930821894437,139.93229570032543,136.37578195167205,139.37229919433594,65799300
2023-01-26,140.65933109437518,141.72039372676826,139.41159795380088,141.43548583984375,54105100
2023-01-27,140.64952711543583,144.64814715401417,140.57092820918845,143.37094116210938,70555800
2023-01-30,142.41792955695834,142.9975794810538,140.34493076851774,140.49229431152344,64015300
2023-01-31,140.19759064122545,141.80883078137197,139.78495761656453,141.75970458984375,65874500
2023-02-01,141.44529588395375,144.0389993752098,138.8417731528238,142.8796844482422,77663600
2023-02-02,146.28885767804982,148.52887400177488,145.57166328269082,148.17520141601562,118339000
2023-02-03,145.43410775063012,154.62014981197694,145.23761799882098,151.7906494140625,154357300
2023-02-06,149.8944947732861,150.41519933800663,148.1358763450209,149.0692138671875,69858300
2023-02-07,147.99832954313612,152.50783427872634,147.99832954313612,151.93800354003906,83322600
2023-02-08,151.18150996746658,151.86923151834947,148.5190269025848,149.25587463378906,64120100
2023-02-09,151.08326181502397,151.62361983119905,147.78218328763404,148.2242889404297,56007100
2023-02-10,147.0632318137508,148.9130734935689,146.8270751036462,148.58836364746094,57450700
2023-02-13,148.52932389765635,151.7862414824205,148.49980618651492,151.38282775878906,62199000
2023-02-14,149.68058802933567,151.3041375201495,148.44079888424892,150.74327087402344,61707600
2023-02-15,150.6547103127393,153.0063833860837,150.42840282421838,152.839111328125,65573800
2023-02-16,151.04829713189807,153.82308261470098,150.890874314185,151.24510192871094,68167900
2023-02-17,149.90689371085574,150.54646418705764,148.43094798353164,150.1036834716797,59144100
2023-02-21,147.79138776370112,148.87375415444836,146.0300988341385,146.09896850585938,58867200
2023-02-22,146.48269724609548,147.54538003263738,144.80012742797703,146.52206420898438,51011300
2023-02-23,147.68313363952294,147.92912460701393,144.87884561858363,147.0041961669922,48394200
2023-02-24,144.75092512234477,144.8296440334222,143.38321594733068,144.3573455810547,55469600
2023-02-27,145.3413038601465,146.7778826433076,145.08546365545737,145.5479278564453,44998500
2023-02-28,144.69188448050687,146.68932985809187,144.47541123636594,145.04611206054688,50547000
2023-03-01,144.47539591550134,144.8689754008769,142.68457472462396,142.97976684570312,55479000
2023-03-02,142.0646965175798,144.3573339453376,141.59238308918532,143.57015991210938,52238100
2023-03-03,145.66599039801153,148.6867663889097,144.96738452683869,148.60804748535156,70732300
2023-03-06,151.32376170858595,153.79352005595112,150.9990669195326,151.36312866210938,87558000
2023-03-07,151.23522972088062,151.55993956940895,148.7064506179963,149.16891479492188,56182000
2023-03-08,150.35951315538156,151.00893289820618,149.39523278864294,150.41854858398438,47204800
2023-03-09,151.09748364556307,152.06176399701366,147.82088228318355,148.17510986328125,53833600
2023-03-10,147.80122193638456,148.5195113692859,145.24290982690115,146.11863708496094,68572400
2023-03-13,145.43970497520198,150.68423448355665,145.33146834316847,148.0570526123047,84457100
2023-03-14,148.85404568502526,150.94004418166887,147.6929755826584,150.14303588867188,73695900
2023-03-15,148.76548332238644,150.7924462663543,147.51584514285557,150.53662109375,77167900
2023-03-16,149.71992520737962,153.95097226183628,149.20825986230471,153.3507537841797,76161100
2023-03-17,153.5770871091514,154.2265068856699,151.80594908869074,152.514404296875,98944600
2023-03-20,152.58327776546486,155.28917828804447,151.67801783277878,154.8759002685547,73641400
2023-03-21,154.7971931327365,156.84382463636302,154.02968755125636,156.7257537841797,73938300
2023-03-22,156.7454392443716,159.53989288471735,155.27932775015748,155.29901123046875,75701800
2023-03-23,156.28297554136526,158.9593583364734,155.15140813839363,156.38136291503906,67622100
2023-03-24,156.31252740651905,157.76878997628896,155.31872913493615,157.68023681640625,59196500
2023-03-27,157.37517430078694,158.19186606543823,155.33836200567538,155.74179077148438,52390300
2023-03-28,155.43676283008696,155.94842821050446,153.47866946121147,155.12188720703125,45992200
2023-03-29,156.81432081388166,158.4673879613573,156.79465234617297,158.19187927246094,51305700
2023-03-30,158.93965597985908,159.86458426430409,158.68383082177425,159.75634765625,49501700
2023-03-31,159.8350878653574,162.35403288236776,159.31358823359025,162.25563049316406,68749800
2023-04-03,161.63570888278477,163.62330459513862,161.58650769871608,163.50523376464844,56976200
2023-04-04,163.92835343175463,164.16449510354033,162.46224215834394,162.97390747070312,46278300
2023-04-05,162.0982064947886,162.40323287933546,159.20535043705326,161.1339111328125,51511700
2023-04-06,159.82526545905753,162.3147081943001,159.40216814543908,162.01951599121094,45390100
2023-04-10,158.83140695285897,159.43162536621094,157.51289929536236,159.43162536621094,47716900
2023-04-11,159.74652133194326,159.7563555644006,157.93601661540757,158.22137451171875,47644200
2023-04-12,158.6346426672523,159.4611686435216,157.21773241416443,157.53260803222656,50133100
2023-04-13,159.03805912639,163.14118599216286,158.8314201412513,162.905029296875,68445600
2023-04-14,161.95057076563972,163.65283866101953,161.19292957831368,162.56063842773438,49386500
2023-04-17,162.44259843625022,162.73779061232008,161.39959909302152,162.58035278320312,41516200
2023-04-18,163.43639900098648,164.7253892225956,162.99360326395418,163.8004608154297,49923000
2023-04-19,163.1412083770297,165.46336364998885,162.8853681685066,164.94186401367188,47720200
2023-04-20,163.42652181136077,165.17797593709363,162.9050222690973,163.9775390625,52456400
2023-04-21,162.4032359760057,163.78077935638615,161.85221862385353,162.37371826171875,58337300
2023-04-24,162.35400113354166,162.9443853251193,161.26180088898863,162.6787109375,41949600
2023-04-25,162.54097982284455,163.64301445601814,161.1043860925183,161.1437530517578,48714100
2023-04-26,160.44513945575562,162.6295403559192,160.1893142654478,161.1339111328125,45498800
2023-04-27,162.54100085037314,165.85695442572842,162.54100085037314,165.70936584472656,64902300
2023-04-28,165.78806481489534,167.12625617335198,165.1878463008649,166.95896911621094,55275900
2023-05-01,166.56542643996343,167.71666253016707,165.93569007402044,166.87045288085938,52472900
2023-05-02,167.36238122666072,167.61822139630092,164.85327080237903,165.8372344970703,48425700
2023-05-03,166.7818533947913,168.17908009941613,164.47938185396285,164.7647247314453,65136000
2023-05-04,162.24578626436005,164.36130237503923,161.67508547315035,163.13134765625,81235400
2023-05-05,168.23811312336284,171.50487988988195,168.02163990321543,170.78659057617188,113453200
2023-05-08,169.7140651629481,171.06210572406735,169.35000337616833,170.71771240234375,55962800
2023-05-09,170.27494492179522,170.7570775926942,168.84820036158354,169.01547241210938,45326900
2023-05-10,170.24541483030967,171.23921282792068,169.14336520388548,170.77674865722656,53724500
2023-05-11,171.06211698775132,171.79024060925457,169.40904995436452,170.96371459960938,49514700
2023-05-12,171.07208510437357,171.50563041723674,168.49053896760506,170.03750610351562,45533100
2023-05-15,170.61883064941935,170.66809989196608,168.95362948142878,169.54483032226562,37266700
2023-05-16,169.46600254116325,170.5991199454283,169.27878844040285,169.54483032226562,42110300
2023-05-17,169.19014751327734,170.3922300756776,167.91906995533154,170.15576171875,57951600
2023-05-18,170.46120584790356,172.66833901247392,170.04737119858373,172.4811248779297,65496700
2023-05-19,173.80145343851697,173.80145343851697,172.37273538217633,172.58950805664062,55809500
2023-05-22,171.42679729660153,172.1460951955022,170.9045763773169,171.64356994628906,43570900
2023-05-23,170.58929510312979,170.83562631420236,168.7664381272472,169.04232788085938,50747300
2023-05-24,168.57921320123526,169.8896969643689,168.01758589409968,169.31820678710938,45143500
2023-05-25,169.8798495430277,171.3479738482291,169.17041449607095,170.4513397216797,56058300
2023-05-26,170.77652387763237,173.19056694623742,170.5695990272421,172.8555450439453,54835000
2023-05-30,174.36308277683443,176.36329091292328,173.978806707213,174.69808959960938,55964400
2023-05-31,174.72769255411242,176.7180533606995,174.16605006005452,174.64886474609375,99625300
2023-06-01,175.0922027756249,177.47668683522244,174.33349851829678,177.44712829589844,68901800
2023-06-02,178.37335293714096,179.11234656032465,176.62932377666553,178.29452514648438,61996900
2023-06-05,179.949884959394,182.2358308287415,175.4272324012079,176.94464111328125,121946500
2023-06-06,177.32891962025158,177.476712338109,174.8261860088602,176.580078125,64848400
2023-06-07,175.82136104700194,178.5507149734009,174.71780207381394,175.21046447753906,61944600
2023-06-08,175.2892895872439,178.18614713091944,174.85575927069235,177.9201202392578,50214900
2023-06-09,178.83645110058313,179.55573399442156,177.9792233362159,178.30438232421875,48900000
2023-06-12,178.60984190485868,181.19138823156914,178.31424143935143,181.0928497314453,54274900
2023-06-13,180.11734763302488,181.44752687931387,179.76263016037564,180.61985778808594,54929100
2023-06-14,180.67902853230473,181.68406417583662,179.3488488908818,181.25051879882812,57462900
2023-06-15,181.26036948430115,183.78279874291368,181.08300318978328,183.2802734375,65433200
2023-06-16,183.98971928038128,184.245913383536,181.56582838117956,182.20628356933594,101256200
2023-06-20,181.7037512704965,183.36895259993452,181.7037512704965,182.29493713378906,49799100
2023-06-21,182.1865227468729,182.68904794337553,179.91042519875955,181.2603302001953,49515700
2023-06-22,181.0435838743865,184.3050065515812,180.97460392176268,184.2557373046875,51245300
2023-06-23,182.8270228675936,184.8075203379306,182.29493904669715,183.9404296875,53117000
2023-06-26,184.08822111663613,185.2903184900679,182.51169553463515,182.55111694335938,48088700
2023-06-27,183.1620330683905,185.6253451571229,182.94526040179295,185.30018615722656,50730800
2023-06-28,185.17208134019785,187.11317238738192,184.84693738882143,186.47271728515625,51216800
2023-06-29,186.30522898461155,187.2807060224463,186.16728410364277,186.8077392578125,46347300
2023-06-30,188.81780236383452,191.62596911406445,188.45322195229386,191.1234588623047,85213200
2023-07-03,190.9362564156046,191.03479491877454,188.94589592351636,189.63563537597656,31458200
2023-07-05,188.75868490984942,190.1479814937267,187.82261429340878,188.52220153808594,46920300
2023-07-06,187.05405664400223,189.20207252866174,186.42344937265386,188.99514770507812,45094300
2023-07-07,188.601042385603,189.84254634486774,187.4482140588147,187.88174438476562,46815000
2023-07-10,186.4825877482977,187.20188576037833,184.29516523716504,185.84213256835938,59922200
2023-07-11,186.384037813756,186.5219826806886,183.86160879849567,185.31988525390625,46638100
2023-07-12,186.89638625272656,188.88674640306317,185.7041517573503,186.98507690429688,60750200
2023-07-13,187.7043680387378,188.38424453327508,186.99493300399138,187.7437744140625,41342300
2023-07-14,187.4383150637318,188.37437052971225,186.8471292596261,187.89157104492188,41616200
2023-07-17,189.0838026643331,191.4683016532262,188.99512705028692,191.1431427001953,50520200
2023-07-18,190.5125801606121,191.47819437683242,189.5962201627232,190.88699340820312,48288200
2023-07-19,190.26624291356026,195.32094939257118,189.8228346836756,192.2368927001953,80507300
2023-07-20,192.22703531122195,193.5867885139367,189.67504737311495,190.29580688476562,59581200
2023-07-21,191.25153499324207,192.10876269219432,188.42364281090323,189.12322998046875,71951700
2023-07-24,190.57165886992988,192.04964595897565,189.42867857936756,189.9213409423828,45377800
2023-07-25,190.49284214012596,191.58655325087184,190.08885537064708,190.77857971191406,37283200
2023-07-26,190.82785426220883,192.7689453418544,190.48299959942145,191.6456756591797,47471900
2023-07-27,193.1433729163405,194.30604897209747,189.72429463258098,190.38446044921875,47460200
2023-07-28,191.8131659299023,193.7444090416655,191.29094501886246,192.95614624023438,48291400
2023-07-31,193.18277106210203,193.6064685292723,192.394508242959,193.56704711914062,38824100
2023-08-01,193.3601546102926,193.842954166062,192.41423613585215,192.73939514160156,35175100
2023-08-02,192.17775117305615,192.31569604997566,189.03457754647138,189.7538604736328,50389300
2023-08-03,188.75868668614032,189.54693452970886,187.8915960163783,188.3645477294922,61235200
2023-08-04,182.79747042079737,184.6301752435833,179.25029494609427,179.31927490234375,115956800
2023-08-07,179.45719031331873,180.44251500174,174.74733950545405,176.22532653808594,97576100
2023-08-08,177.0530363874442,177.6245266423458,174.97400021533483,177.1614227294922,67823000
2023-08-09,178.2157216738325,178.27483876617566,174.41236670614128,175.57505798339844,60378500
2023-08-10,176.84611157664116,178.097478428752,174.9937109597073,175.3582763671875,54686900
2023-08-11,174.953720563952,176.23636037713308,174.19399178686675,175.4174346923828,52036700
2023-08-14,175.595078706152,177.2921273528478,174.94388246971033,177.06520080566406,43675600
2023-08-15,176.49294118914725,177.0849254578291,174.68735981208974,175.08201599121094,43622600
2023-08-16,174.76626971305478,176.15744233651847,174.14467201512105,174.2137451171875,46964900
2023-08-17,174.7761369036864,175.1411945839284,171.1649745274817,171.67803955078125,66062900
2023-08-18,170.0007213782545,172.76335939467492,169.6652621694116,172.1614990234375,61172200
2023-08-21,172.7337706675176,173.77962299820936,171.42151715942626,173.4934844970703,46311900
2023-08-22,174.69721483499137,175.30893640777694,173.89802631437342,174.8649444580078,42038900
2023-08-23,176.1377232252428,179.12728783194132,175.9502562936072,178.70301818847656,52722800
2023-08-24,178.25905172631101,178.68332143034684,173.6612333709249,174.02630615234375,54945800
2023-08-25,175.01294998434398,176.7593193055493,173.47376987845638,176.22653198242188,51449600
2023-08-28,177.68677460091166,178.1801023209798,176.1673318473753,177.7854461669922,43820700
2023-08-29,177.30194937146643,182.4325537749521,177.1046213280948,181.6629638671875,53003900
2023-08-30,182.47203136515444,185.34320186637345,182.27470331859433,185.14585876464844,60813900
2023-08-31,185.33333184264131,186.59624944883035,184.9781353249528,185.36293029785156,60794500
2023-09-01,186.96131537308187,187.3855699191495,185.76745585396847,186.9317169189453,45766500
2023-09-05,185.767499556314,187.44481092436058,185.10644216647313,187.16854858398438,45280000
2023-09-06,185.88584392275033,186.3298508313997,179.048330235654,180.4691162109375,81755800
2023-09-07,172.84227669356144,175.83185624974686,171.22416252451072,175.19052124023438,112488800
2023-09-08,175.9699602080161,177.83473792603073,175.41742065198358,175.80221557617188,65551300
2023-09-11,177.6670388917848,177.89396541040293,174.97345890425444,176.9665069580078,58953100
2023-09-12,177.09475937210624,177.72621814105926,172.48708107979573,173.94732666015625,90370200
2023-09-13,174.15454941477398,174.93401565723292,171.65831231126361,171.88525390625,84267900
2023-09-14,171.67802028548886,173.75000241444866,171.2636268707299,173.39480590820312,60895800
2023-09-15,174.12491445244186,174.14465177290464,171.50042292713772,172.67453002929688,109259500
2023-09-18,174.12494029407293,176.98624997924455,173.8190795297471,175.59506225585938,67257600
2023-09-19,175.15107052586188,177.23291401853146,174.7662755227223,176.68038940429688,51826900
2023-09-20,176.86782730089922,177.30195805066697,173.0593371622532,173.1481475830078,58436200
2023-09-21,172.22069958579337,173.94734650075085,171.53990496478352,171.6089630126953,63149100
2023-09-22,172.33909518451154,174.7169382879251,171.7273736602944,172.45748901367188,56725400
2023-09-25,171.87535356826675,174.6083930174941,171.82601779128095,173.7302703857422,46172700
2023-09-26,172.48708745695123,172.86200623492672,169.36925308333926,169.66525268554688,64588900
2023-09-27,170.31643241476104,170.730825832551,166.79408083596385,168.15565490722656,66921800
2023-09-28,167.08024048447163,169.7343462157436,165.38319180250966,168.4122314453125,56294400
2023-09-29,169.7244661753788,170.76045735672912,168.06687727418498,168.92527770996094,51861100
2023-10-02,168.93512915166482,171.9740294168616,168.6489906711008,171.43136596679688,52164500
2023-10-03,169.96126458937815,171.31299281082715,168.54049336939298,170.09939575195312,49594600
2023-10-04,168.80686354725646,171.88523853747708,168.68846972057472,171.3425750732422,53020300
2023-10-05,171.47081778563683,173.10866919518492,170.3756298015613,172.5758819580078,48527900
2023-10-06,171.48069938400815,175.61478762599208,170.86896284182788,175.1214599609375,57266700
2023-10-09,174.45052401213385,176.6606373398207,173.45400756283908,176.6014404296875,42390800
2023-10-10,175.7233217666065,177.3216985969386,175.5753144327677,176.0094451904297,43698000
2023-10-11,175.82199530812358,177.44998580714199,175.23001108089,177.40065002441406,47551100
2023-10-12,177.6670488234186,179.90674578858014,176.6507798893927,178.2985076904297,56743100
2023-10-13,178.99899884980246,179.50218762206515,175.76277074017605,176.4633026123047,51427100
2023-10-16,174.39132507709223,176.6902337432856,174.15452238414363,176.3350372314453,52517000
2023-10-17,174.29266779074965,176.03905203817294,172.467364361049,174.78599548339844,57549400
2023-10-18,173.23695950912395,175.21027033840411,172.77323025982977,173.4934844970703,54764400
2023-10-19,173.69082297603654,175.466805839834,172.85217485644313,173.1185760498047,59302900
2023-10-20,172.9705790235715,173.07911173437196,170.33621055796252,170.57301330566406,64244000
2023-10-23,168.62928473640696,171.68790756499885,167.6623515662161,170.69139099121094,55980100
2023-10-24,170.74070856198063,171.35243005141567,169.1620540054936,171.12550354003906,43816600
2023-10-25,169.58633193718455,170.75057806188605,168.3727349771656,168.81674194335938,57157000
2023-10-26,168.0964590692853,169.09299056011605,163.45918215856796,164.66290283203125,70625300
2023-10-27,164.68264263448572,166.70528904611524,164.60370840247674,165.97515869140625,58499100
2023-10-30,166.76449089816728,168.8857938712959,166.61648356307745,168.0175323486328,51131000
2023-10-31,167.09011614768582,168.61942013954004,165.65945361827133,168.4911651611328,44846000
2023-11-01,168.71808481806195,171.9049777602895,167.84982318964867,171.64845275878906,56934900
2023-11-02,173.17776232760195,175.40759814141026,173.118565411641,175.20040893554688,77334800
2023-11-03,171.91480549386804,174.46037768725847,171.03668297815753,174.29263305664062,79829200
2023-11-06,174.02628274488598,177.0355696443862,173.85855313497558,176.83824157714844,63841300
2023-11-07,176.78889227095914,180.00539823599848,176.58170308551922,179.3936767578125,70530000
2023-11-08,179.91659936077735,181.00191115396063,179.1667317000403,180.4493865966797,49340300
2023-11-09,180.51847829944086,181.6629871195562,179.3838155582821,179.97581481933594,53763500
2023-11-10,181.75413731292954,184.3228271167955,181.31943456996746,184.1548614501953,66133400
2023-11-13,183.58186108306094,183.7893232540613,181.9912524470517,182.5741424560547,43627500
2023-11-14,185.4391901985185,185.84425545326624,184.0560589323069,185.1823272705078,60108400
2023-11-15,185.5873762590713,187.21749618530262,185.51821216432265,185.7454376220703,53790500
2023-11-16,187.2866746678448,188.6599317940755,186.37774261703024,187.42498779296875,54412900
2023-11-17,187.9584954748911,188.08693448765234,186.29873780998344,187.40524291992188,50922700
2023-11-20,187.6028350817968,189.59850904887813,187.592960955599,189.14404296875,46505100
2023-11-21,189.10454089065857,189.21321658430173,187.454657232623,188.34381103515625,38134500
2023-11-22,189.18356183514956,190.60620477415247,188.53150773289747,189.00572204589844,39617700
2023-11-24,188.57100791556658,188.60064536615056,186.970525284031,187.68185424804688,24048300
2023-11-27,187.63246733233092,188.37343380166539,186.6247487130357,187.5040283203125,40552600
2023-11-28,187.4941619704054,188.77850691885152,187.11873411970524,188.106689453125,38415400
2023-11-29,188.60066651864972,189.77633577367203,186.6939199672285,187.08909606933594,43014200
2023-11-30,187.55340318726755,188.02763251612237,185.92328320995222,187.66207885742188,48794400
2023-12-01,188.03754149609296,189.25272234216075,186.95078459310412,188.93658447265625,45704800
2023-12-04,187.69173962433385,187.76090372984268,185.1922139752508,187.1483612060547,43389500
2023-12-05,187.91897362196437,192.05849343193452,187.8893210956394,191.09030151367188,66628400
2023-12-06,192.1079050949125,192.41416882595195,189.79609331061306,190.00357055664062,41089700
2023-12-07,191.29776300970337,192.6512567588297,191.25823636118906,191.9300537109375,47477700
2023-12-08,191.86090014217592,193.62934842275146,191.33728508312288,193.35272216796875,53406400
2023-12-11,190.78403090604945,191.15945870925907,189.11438419177532,190.85317993164062,60943700
2023-12-12,190.75438957156285,192.3746354774224,189.41076991243543,192.36476135253906,52696900
2023-12-13,192.74019585543422,195.6151493963814,192.50309623143957,195.5756378173828,70404200
2023-12-14,195.63488831127654,197.2156075489979,193.79729107961322,195.7238006591797,66831600
2023-12-15,195.1508114803035,196.01032777733312,194.62719637119332,195.19033813476562,128538400
2023-12-18,193.72813612536964,194.26164038796966,192.0486152607036,193.53054809570312,55751900
2023-12-19,193.7973281496765,194.57780625556214,193.53057597994234,194.56793212890625,40714100
2023-12-20,194.5283816611859,195.2989855460905,192.4833221435547,192.4833221435547,52242800
2023-12-21,193.73805393325773,194.7062459740887,191.1693639432951,192.33514404296875,46482500
2023-12-22,192.82909873139974,193.0563392932213,190.64572606781581,191.2681427001953,37149600
2023-12-26,191.2780297879531,191.55465607108982,190.50742584564344,190.7247772216797,28919300
2023-12-27,190.17149315937536,191.16932243864449,188.78834689776542,190.8235321044922,48087700
2023-12-28,191.80163510638113,192.31537606668746,190.84331729052167,191.24838256835938,34049900
2023-12-29,191.56452296375952,192.0585006042798,189.4206618129017,190.21102905273438,42672100
2024-01-02,184.89581391743906,186.17028459685415,181.6750853181039,183.4040069580078,82488700
2024-01-03,182.00112426612563,183.6411336613478,181.22063114701328,182.03076171875,58414500
2024-01-04,179.95603270422265,180.88471299934187,178.70134046081682,179.71893310546875,71983600
2024-01-05,179.79796753554595,180.5586821654936,177.99988188294327,178.99771118164062,62379700
2024-01-08,179.89677561800764,183.36450834315934,179.313885613353,183.32498168945312,59144500
2024-01-09,181.7047275700206,182.9199083051763,180.52905841182087,182.9100341796875,42841800
2024-01-10,182.129538572139,184.15483457675245,181.70471001714742,183.94737243652344,46792900
2024-01-11,184.29316874581366,184.7970355796361,181.4083411771675,183.3546142578125,49128400
2024-01-12,183.81894667336306,184.49076406507768,182.95943045197853,183.68063354492188,40477800
2024-01-16,179.96594785640553,182.04064501968628,178.75075193755313,181.41824340820312,65603000
2024-01-17,179.08663943068214,180.72663357001974,178.12832170152117,180.47964477539062,47317400
2024-01-18,183.8485869578717,186.86185345428623,183.59172402252184,186.35800170898438,78005800
2024-01-19,187.04954979006996,189.6379874512041,186.54569809210085,189.252685546875,68903000
2024-01-22,189.9838116367789,192.97731505960866,189.94428498185601,191.55465698242188,60133900
2024-01-23,192.67102493067515,193.39222799671276,191.49535584528522,192.82908630371094,42355600
2024-01-24,193.06620457832125,194.0146482092326,191.999211146671,192.15728759765625,53631300
2024-01-25,192.86863967517039,193.90599578100486,190.78405333725613,191.83128356933594,54822100
2024-01-26,191.93006387634745,192.41415228379137,189.6281264159501,190.1023406982422,44594000
2024-01-29,189.69728055859,189.88499446653958,187.29655655692048,189.420654296875,47145600
2024-01-30,188.6401800108733,189.4898221386195,185.21197404804863,185.7751007080078,55859400
2024-01-31,184.78712556686926,184.84641553917146,182.129538862794,182.17892456054688,55467800
2024-02-01,181.77390231724044,184.69824158324056,181.6059517240919,184.6093292236328,64885400
2024-02-02,177.6936236133024,185.07365019396582,177.09097033579843,183.61148071289062,102551700
2024-02-05,185.8838043600247,186.97056134101734,183.6016297749433,185.41946411132812,69668800
2024-02-06,184.60931480628852,187.02980210381148,184.5204024536245,187.01992797851562,43490800
2024-02-07,188.3437664109805,188.74883163449712,186.33821869210433,187.1285858154297,53439000
2024-02-08,187.1088621926835,187.25704946443747,185.0934399218184,186.0517578125,40962000
2024-02-09,186.61559077121817,187.9411516715375,185.97260641439556,186.81344604492188,45155200
2024-02-12,186.38806813077576,186.63537211912902,184.7756412965565,185.1317596435547,41781900
2024-02-13,183.76664838776776,184.2019058140478,181.53101071537256,183.0445098876953,56529500
2024-02-14,183.32148884677065,183.52921572281525,180.4725423642709,182.16409301757812,54630500
2024-02-15,181.57057328309747,182.50043860227981,179.3943014199978,181.87722778320312,65434500
2024-02-16,181.44199396902647,182.8565806751117,179.71086599707365,180.34396362304688,49752500
2024-02-20,179.82953567385852,180.4626331892475,178.05884601330092,179.60202026367188,53665600
2024-02-21,179.97792921674792,180.91768122956833,178.71173417109264,180.3538360595703,41371400
2024-02-22,181.50134277124772,182.96539328132977,180.49235334512917,182.38174438476562,52292200
2024-02-23,183.0148347964746,183.04451006700117,180.2648157032703,180.55169677734375,45119700
2024-02-26,180.27471486922383,180.78909628027105,178.7018500832812,179.20635986328125,40867400
2024-02-27,179.1470231922399,181.93660445629962,177.6236221032545,180.6605224609375,54318900
2024-02-28,180.54180381169616,181.145226165725,178.18748003378263,179.46356201171875,48953900
2024-02-29,179.31517776545977,180.6011615069905,177.59393659501978,178.80078125,136682600
2024-03-01,177.6137198257161,178.5831471920378,175.46712311031385,177.7225341796875,73563100
2024-03-04,174.25036500096815,174.9922768844708,171.91581500377694,173.21170043945312,81510100
2024-03-05,168.91849794898403,170.1846930657021,167.7907924514621,168.285400390625,95132400
2024-03-06,169.21526961759642,169.39333632878757,166.86093094295472,167.2961883544922,68587700
2024-03-07,167.32586658446218,168.88882954707424,166.67299554984157,167.177490234375,71765100
2024-03-08,167.1774852017091,171.82679686006907,167.11813466346086,168.88882446289062,76267000
2024-03-11,171.07499261235472,172.49946586057737,170.1945911039721,170.8870391845703,60139500
2024-03-12,171.28275360461643,172.15326856174514,169.16583185415817,171.3618927001953,59825400
2024-03-13,170.90684419661972,171.3223130850131,168.91851047344855,169.28453063964844,52488700
2024-03-14,171.04531257693264,172.43020869953008,170.1945863604126,171.13433837890625,72913500
2024-03-15,169.3240932528417,170.75845336914062,168.45357838204507,170.75845336914062,121752700
2024-03-18,173.67664359575858,175.79356502758816,171.64874797271588,171.84658813476562,75604200
2024-03-19,172.45988088096897,174.70540499850514,171.1640105835326,174.18112182617188,55215200
2024-03-20,173.82501083363408,176.74319458007812,173.20180001631465,176.74319458007812,53423100
2024-03-21,175.14068113790177,175.57593855649498,168.99764365136926,169.5219268798828,106181300
2024-03-22,169.90772263085663,171.18381963278856,168.22605856941686,170.422119140625,71160100
2024-03-25,168.7305586050563,170.08577952012527,167.6226265638577,169.00753784179688,54288300
2024-03-26,168.16671829054096,169.57140318495337,167.75124938607289,167.87985229492188,57388400
2024-03-27,168.5722893771007,171.72789059246503,168.27552158079686,171.44100952148438,60273300
2024-03-28,169.89781453968297,170.37263389978352,168.67118150733492,169.63072204589844,65672700
2024-04-01,169.3438900607447,169.40324060587884,167.6523240532299,168.19639587402344,46240500
2024-04-02,167.25661278755086,167.51380346702695,166.41577330219988,167.01919555664062,49329500
2024-04-03,166.9697540235435,168.83937157047524,166.7620271262386,167.8204803466797,47691700
2024-04-04,168.4535689105981,170.06599565718972,166.9994354248047,166.9994354248047,53704400
2024-04-05,167.7611226870966,168.5524984345705,167.12802510796487,167.75123596191406,42104800
2024-04-08,167.20715459942008,167.37531948329715,166.425680716199,166.63340759277344,37425500
2024-04-09,166.88073030235694,168.24585316442327,166.53451377109624,167.84027099609375,42373800
2024-04-10,166.97964653177021,167.2665125006067,165.30786924976792,165.97064208984375,49709300
2024-04-11,166.52458559261675,173.56781241373886,166.34653399230652,173.15232849121094,91070300
2024-04-12,172.38075949507746,176.43655077441642,172.33131077483722,174.6460723876953,101670900
2024-04-15,173.46887143042125,174.72517963690404,170.63971383210225,170.82766723632812,73531800
2024-04-16,169.89781183493915,171.88613013777277,166.45534511410173,167.55337524414062,73711200
2024-04-17,167.780901063059,168.80967890645843,166.18826293945312,166.18826293945312,50901200
2024-04-18,166.21793076697907,166.8213530127437,164.75389559967167,165.2386016845703,43122900
2024-04-19,164.41760010663418,164.60553846988037,162.3105651694999,163.22064208984375,68149400
2024-04-22,163.73501821268977,165.45624419964858,162.99310629576294,164.0515594482422,48116400
2024-04-23,163.5668404824781,165.24850434331734,163.1414698344962,165.10011291503906,49537800
2024-04-24,164.74401450706145,167.47426013692973,164.41758653276062,167.19728088378906,48251800
2024-04-25,167.70177351115603,168.77012851479734,166.33665071301928,168.05789184570312,50558300
2024-04-26,168.04800546826704,169.49225225997063,167.35554224826544,167.47425842285156,44838400
2024-04-29,171.50034913417457,174.1316669492416,171.2332717193323,171.6289520263672,68169400
2024-04-30,171.46081207960546,173.1029142716877,168.1667209693098,168.4931640625,65934800
2024-05-01,167.75123767315736,170.84748833564953,167.28630498280754,167.47425842285156,50383100
2024-05-02,170.64962025703286,171.5498103000238,169.04709541575278,171.1640167236328,94214900
2024-05-03,184.63712970012278,184.98336128032037,180.69016817589636,181.40240478515625,163224100
2024-05-06,180.38352481626606,182.21356516877455,178.47433028646978,179.75042724609375,78569700
2024-05-07,181.47163247242833,182.90599233972114,179.3646131175579,180.43295288085938,77305800
2024-05-08,180.87816251484435,181.09579125547057,179.4932509750194,180.76934814453125,45057100
2024-05-09,180.5912561815798,182.66861565405213,180.14611203583203,182.57958984375,48983000
2024-05-10,183.1540861312051,183.34229448527321,180.4102525825865,181.32156372070312,50759500
2024-05-13,183.68900761377958,185.3333368917867,182.87674310968822,184.5210723876953,72044800
2024-05-14,185.73944844741243,186.52199740854093,184.53096697721375,185.6602020263672,52393600
2024-05-15,186.13568203158255,188.849800179078,185.6007724639543,187.9285888671875,70400000
2024-05-16,188.6715262803227,189.29558246787192,187.86917696187996,188.04747009277344,52845200
2024-05-17,187.72059282106466,189.00832091255782,187.39370695143634,188.0771942138672,41282900
2024-05-20,187.54226949481966,190.10781001398533,187.22528381236822,189.23611450195312,44361300
2024-05-21,189.28564024416437,190.91015403566988,189.11724727296848,190.53375244140625,42309400
2024-05-22,190.45453220558076,190.99934196064652,188.47341681604038,189.0974578857422,34648500
2024-05-23,189.17667916140735,189.1964945447871,184.86776283091424,185.1154022216797,51005900
2024-05-24,187.03710655742805,188.78048261582597,186.26445766907554,188.18614196777344,36327000
2024-05-28,189.70166621887228,191.1776023727862,187.3144340702039,188.19602966308594,52280100
2024-05-29,187.81963788738682,190.43470949642946,187.72057607583483,188.4932098388672,53068000
2024-05-30,188.9587703074631,190.36536034504638,188.83000809203267,189.4837646484375,49889100
2024-05-31,189.63235836586054,190.7516933437122,188.11680637508078,190.43470764160156,75158300
2024-06-03,191.07857147290113,193.14884852262287,190.7021698304424,192.19790649414062,50080500
2024-06-04,192.80214765697744,193.47573474401025,191.20734917579057,192.514892578125,47471400
2024-06-05,193.55494454203196,195.04078090785526,193.02995023528447,194.0205078125,54156800
2024-06-06,193.84224299284628,194.64459232913165,192.33659102362645,192.64366149902344,41181800
2024-06-07,192.81202934049514,195.08041469163098,192.30685040959915,195.0308837890625,53103900
2024-06-10,195.04078477848907,195.4370168860641,190.3356361933404,191.29647827148438,97010200
2024-06-11,191.82145841561143,205.20390023400174,191.80165814772772,205.19398498535156,172373300
2024-06-12,205.41193016487838,218.1207863262847,204.94636687125956,211.05812072753906,198134300
2024-06-13,212.71233505249734,214.7033502990969,209.60198493072278,212.21705627441406,97862700
2024-06-14,211.83075578674166,213.13828400218216,209.3048308005582,210.4835968017578,70122700
2024-06-17,211.35528688913016,216.88260054537645,210.71143044440285,214.62413024902344,93728300
2024-06-18,215.53544497511416,216.56563344094587,210.9887887879192,212.2666015625,79943300
2024-06-20,211.91000456307782,212.21709015086526,206.8779846754286,207.70013427734375,86172500
2024-06-21,208.40344951202738,209.88928617334648,205.1544212217866,205.5308380126953,241805100
2024-06-24,205.75863496180304,210.69160779538842,204.63929998769706,206.17466735839844,80727000
2024-06-25,207.1751175381149,209.38407188516823,206.64022308060072,207.09588623046875,55549700
2024-06-26,209.5029437835443,212.83121810497767,208.6510635966682,211.23641967773438,66213200
2024-06-27,212.66282504623206,213.70291360533915,210.34492376459474,212.07839965820312,49772700
2024-06-28,213.73260601871965,214.0297763055812,208.3142550307382,208.6312255859375,82542700
2024-07-01,210.0873668962765,215.4561875080808,209.91897391071575,214.703369140625,60402900
2024-07-02,214.1090169642201,218.29908645117231,213.0689435868198,218.19012451171875,58046200
2024-07-03,217.92267103394255,219.45803833007812,216.96182895702523,219.45803833007812,37369800
2024-07-05,219.55710192478037,224.3117817727132,219.55710192478037,224.20281982421875,60412400
2024-07-08,224.9457357840812,225.69856928044194,221.14199799041046,225.66885375976562,59085900
2024-07-09,225.77780318070188,227.23392416937492,224.23253562897796,226.52072143554688,48076100
2024-07-10,227.13486087511765,230.8791673967792,227.0853299721382,230.7801055908203,62627700
2024-07-11,229.2051258414663,230.19568345608255,223.63819688403007,225.42120361328125,64710600
2024-07-12,226.7584454352943,230.44332094014862,226.5207061684713,228.36314392089844,53046500
2024-07-15,234.24705286947437,234.98997105632398,230.88906326950251,232.1866912841797,62631300
2024-07-16,232.78106107648213,234.03907359612094,230.13627381333595,232.60276794433594,43234300
2024-07-17,227.2834515580279,229.2744821236097,224.49998695797876,226.71884155273438,57345900
2024-07-18,228.10560948409145,228.26410233218343,220.17124832102243,222.06320190429688,66034600
2024-07-19,222.6971801635164,224.65848009632384,221.1717129043359,222.19198608398438,49151500
2024-07-22,224.86647978572938,225.62921338494564,220.98349573063444,221.8452911376953,48201800
2024-07-23,222.25141967209163,224.7971601400939,220.57737479075328,222.8853759765625,39960300
2024-07-24,221.88490694575157,222.67735606492835,215.0797809310421,216.47645568847656,61777600
2024-07-25,216.86277641061952,218.76466037633443,212.59347540961954,215.43638610839844,51391200
2024-07-26,216.6349499920164,217.41749898154802,213.9703475571551,215.90194702148438,41601300
2024-07-29,214.91137828370984,217.22927938341869,213.7127969665886,216.17929077148438,36311800
2024-07-30,217.1203409396055,218.24957609355639,214.07932159795172,216.73402404785156,41643800
2024-07-31,219.34909118598728,221.70662325926872,218.54674189777583,219.98304748535156,50036300
2024-08-01,222.2514024343897,222.36036437427163,214.97081319041698,216.29815673828125,62501000
2024-08-02,217.08067881945357,223.4697870434651,215.6542886583774,217.7839813232422,105568600
2024-08-05,197.21012147966275,211.4840610296135,194.14930192882554,207.29400634765625,119548600
2024-08-06,203.36148541473497,208.00720313955475,199.17143085232243,205.27325439453125,69660500
2024-08-07,204.9463646139573,211.62272838414273,204.441185671316,207.83880615234375,63516400
2024-08-08,211.097744151489,212.17744837655164,206.8581585633277,211.2958526611328,47161100
2024-08-09,210.09727328743648,214.7330756065884,209.96849596255686,214.19818115234375,42201600
2024-08-12,214.27750808872153,217.68895741700473,213.81140595998042,215.7253875732422,38028100
2024-08-13,217.19312608520667,220.04923895369578,217.19312608520667,219.43438720703125,44155300
2024-08-14,218.74022238953546,221.1798064675701,217.87742936780526,219.88067626953125,41960600
2024-08-15,222.7367590108339,223.48053712623224,220.9120118672479,222.8557586669922,46414000
2024-08-16,222.06239369045758,224.94825642777528,221.79462933024135,224.1747283935547,44340200
2024-08-19,223.84746435464618,224.11522871504155,221.18968933533225,224.01605224609375,40687800
2024-08-20,223.8970537532744,225.28543353253482,223.57970115675508,224.6309051513672,30299000
2024-08-21,224.64083485973637,226.08871448701353,223.1830285060583,224.52182006835938,34765500
2024-08-22,225.90030886909642,226.44574924370923,222.04257986640772,222.6673583984375,43695300
2024-08-23,223.78797197411373,226.32673228874265,222.46900358067504,224.9581756591797,38677300
2024-08-26,224.87885041051024,225.39454085782168,222.0326640536948,225.2953643798828,30602200
2024-08-27,224.1251624880706,226.95152567852384,223.02437015551794,226.13832092285156,35934600
2024-08-28,226.0291983356657,227.95310672511408,223.8077756875659,224.61106872558594,38052200
2024-08-29,228.19113851748892,230.98773644426686,226.98125820388418,227.88369750976562,51906300
2024-08-30,228.28039594132485,228.4886453526855,225.59287085733376,227.1002655029297,52990800
2024-09-03,226.65398476754012,227.10024860517055,219.33520335446548,220.92193603515625,50190600
2024-09-04,219.82114598403248,219.94014563997789,215.67581475954933,219.0178680419922,43840200
2024-09-05,219.79139340374425,223.60944526365165,219.6823053430495,220.53517150878906,36615400
2024-09-06,222.09216799264019,223.3714749735505,217.94685141211724,218.98814392089844,48423000
2024-09-09,218.98812757352732,219.4343914347755,214.91222272734436,219.07737731933594,67180000
2024-09-10,217.10389659918582,219.64265710486697,214.9320618304677,218.28402709960938,51591000
2024-09-11,219.62280899168329,221.23927647566495,216.0824178921796,220.81285095214844,44587100
2024-09-12,220.65417167969628,221.69546405563682,217.99641184157417,220.92193603515625,37455600
2024-09-13,221.72523244234597,222.18140791181287,220.06908820245332,220.65419006347656,36766600
2024-09-16,214.74362792854853,215.4179946756504,212.14536768072225,214.5254669189453,59357400
2024-09-17,213.96018092212807,215.1006346980314,212.72055067344832,214.99154663085938,45519300
2024-09-18,215.7452565018275,220.86245391858552,215.7353297749969,218.8592071533203,59894900
2024-09-19,223.12352684243388,227.91345980340301,222.7665127356472,226.97132873535156,66781300
2024-09-20,228.0622053540531,231.1563174701668,225.73169454082358,226.306884765625,318679900
2024-09-23,225.4540253555904,227.54652178723228,223.9367191660146,224.59124755859375,54146000
2024-09-24,226.75316007712865,227.44736512534206,223.85738561877668,225.48377990722656,43556100
2024-09-25,223.06400902085235,225.40443143928672,222.16156973744518,224.4920654296875,42308700
2024-09-26,225.41434646896755,226.604388370512,223.54002631267903,225.6325225830078,36636700
2024-09-27,226.56475422029098,227.6159582791164,225.41437368594384,225.90029907226562,34026000
2024-09-30,228.13164162372897,231.0670928955078,227.7448775670891,231.0670928955078,54541900
2024-10-01,227.615942887257,227.74485413807125,221.88389405688537,224.33340454101562,63285000
2024-10-02,224.0160654907427,225.48378349827837,221.16987922367838,224.898681640625,32880600
2024-10-03,223.27226484855484,224.92840891217833,221.4673712198949,223.79786682128906,34044200
2024-10-04,226.00938361911108,226.10856009308668,222.27066963907552,224.91851806640625,37245100
2024-10-07,222.63759275105315,223.81772316941647,219.49389225502094,219.8509063720703,39505400
2024-10-08,222.4392426471427,224.10529834651464,221.39795026893304,223.8970489501953,31855700
2024-10-09,223.36153007501719,227.84403724277382,222.96485445261254,227.63577270507812,33591100
2024-10-10,225.89038125247495,227.59611368544336,225.28544108575701,227.13992309570312,28183500
2024-10-11,227.39779019694814,227.5068782710055,225.45404318616428,225.6623077392578,31759200
2024-10-14,226.80275797652766,229.80762063057296,226.70359663127624,229.38119506835938,39882100
2024-10-15,231.67201972311165,235.51983687729248,230.44230106244424,231.9100341796875,64751400
2024-10-16,229.67869350471682,230.19436878170097,227.93328446814013,229.85719299316406,34082200
2024-10-17,231.49350124327563,231.91003031839952,228.60765355789445,230.22412109375,32993800
2024-10-18,234.2206950473064,234.2206950473064,232.0686987091599,233.0504913330078,46431500
2024-10-21,232.5050303027995,234.8851292946414,232.5050303027995,234.5181884765625,36254500
2024-10-22,231.9496621027581,234.26033437956457,230.67037052289513,233.9033203125,38846600
2024-10-23,232.13813805749322,233.18934216580075,225.8705597881939,228.84567260742188,52287000
2024-10-24,228.07212485007065,228.90516786821388,226.51515714412935,228.65724182128906,31109500
2024-10-25,227.83412074973037,231.28524701350278,227.665532857223,229.49026489257812,38802300
2024-10-28,231.38443735420992,232.78272881287972,230.62082086290692,231.46376037597656,36087100
2024-10-29,231.16627329542206,232.38606532055925,230.39274516902225,231.73153686523438,35417200
2024-10-30,230.68030356750913,231.53316974412917,227.64569128136466,228.19113159179688,47070900
2024-10-31,227.43742665071557,227.92336713292326,223.5003599556127,224.035888671875,64370100
2024-11-01,219.1368672842602,223.4805363045207,218.44267740554844,221.06077575683594,65276700
2024-11-04,219.15671602208408,220.94177147156717,217.88733586004025,220.16824340820312,44944500
2024-11-05,219.9600075033543,222.0921656056809,219.30547906118858,221.5963134765625,28111300
2024-11-06,220.76325691115125,224.19455985797964,219.3550388628842,220.87234497070312,54561100
2024-11-07,222.7665171269793,225.9895557457087,222.7070172967094,225.59286499023438,42137700
2024-11-08,225.53329235935942,227.01256271730918,224.77877343219782,225.32481384277344,38328800
2024-11-11,223.37892800863307,224.07388164377818,219.90414468405433,222.61447143554688,42005600
2024-11-12,222.9321731823864,223.96467356190874,221.75074442821315,222.61447143554688,40398300
2024-11-13,222.39605879884869,225.01703765642938,221.15506473467502,223.49806213378906,48566200
2024-11-14,223.398802697962,227.22105551450989,223.3789425502784,226.57574462890625,44923900
2024-11-15,224.76884409236825,225.28510187679902,222.65420045885568,223.37893676757812,47923700
2024-11-18,223.62711979019133,228.08477571151616,223.54769435597734,226.37716674804688,44633700
2024-11-19,225.34467799276683,228.501774994788,225.02699136706502,226.63531494140625,36211800
2024-11-20,226.4168829534927,228.27340522879027,224.26251907255318,227.35011291503906,35169600
2024-11-21,227.2309725554499,228.50174921258224,224.08381355701644,226.87356567382812,42108300
2024-11-22,226.4168797117104,229.05771868234922,226.4168797117104,228.21383666992188,38168300
2024-11-25,229.79240040372403,231.5694972757357,228.08479132337303,231.19223022460938,90152800
2024-11-26,231.6489234928732,233.87279036398945,231.6489234928732,233.366455078125,45986200
2024-11-27,232.78070364946953,233.99191506726265,232.12545514826604,233.2373809814453,33498400
2024-11-29,233.11826871739834,236.09665470361549,232.28432427698263,235.6201171875,28481400
2024-12-02,235.5605381566453,239.0551666028684,235.45133007089746,237.8638153076172,48137100
2024-12-03,238.08222901174219,241.01097200063165,237.17878168890522,240.90176391601562,38861000
2024-12-04,241.12017980186528,242.35125137710352,239.51185632927692,241.25917053222656,44383900
2024-12-05,242.23213863223197,242.77816394602775,240.38553870781277,241.28897094726562,40033900
2024-12-06,241.15992653121054,242.86753577646562,240.33590455772136,241.09042358398438,36870600
2024-12-09,240.08767817050534,245.45870413211114,240.0082527322972,244.97222900390625,44649200
2024-12-10,245.11122909402775,246.42172615122828,243.5723933612922,245.98489379882812,36914800
2024-12-11,246.17353693536344,248.99307203962232,244.48577275361333,244.71412658691406,45205800
2024-12-12,245.11122473397327,246.9479020514793,243.9099357862414,246.17352294921875,32777500
2024-12-13,246.0345210589055,247.49391610940148,244.46590277835176,246.34228515625,33155300
2024-12-16,246.2033097230519,249.56888515433104,245.86574781090837,249.2313232421875,51694800
2024-12-17,248.2782345553336,252.0012166921119,247.98039295462073,251.6537322998047,51356400
2024-12-18,250.34326772719038,252.4479889260113,245.95511429725673,246.26287841796875,56774100
2024-12-19,245.71683140567848,250.184410158509,245.3097817058068,247.99032592773438,60882300
2024-12-20,246.2529371403228,253.16279902630112,243.919877297432,252.65647888183594,147495300
2024-12-23,252.93446477293034,253.80811434244586,251.6239676953758,253.4308624267578,40858800
2024-12-24,253.64924013847912,256.34962902881983,253.45066898797964,256.3397216796875,23234700
2024-12-26,256.329771467171,258.2260137599804,255.77380863027113,257.1537780761719,27237100
2024-12-27,255.97238682838486,256.836144148833,251.2367643772991,253.74853515625,42355300
2024-12-30,250.41273247360002,251.67358663649517,248.94339979921563,250.38294982910156,35557500
2024-12-31,250.6212497119267,251.4551941340452,247.63292614272083,248.6157989501953,39480700
2025-01-02,247.13651085819407,247.30529937932678,240.07775127221439,242.09312438964844,55740700
2025-01-03,241.60667419433594,242.42075849453866,240.147263834766,241.60667419433594,40244100
2025-01-06,242.54980162717402,245.54804748087855,241.4477983095151,243.23483276367188,45045600
2025-01-07,241.22937670987722,243.78086767976055,239.6111308132576,240.46493530273438,40856000
2025-01-08,240.17702168463396,241.95413364050106,238.32049944087447,240.95140075683594,37628900
2025-01-10,238.28079154222544,238.4297199246896,231.32130202918376,235.14356994628906,61710900
2025-01-13,231.84748509521594,232.9792711307645,228.06493742769467,232.71121215820312,49630700
2025-01-14,233.05869925952226,234.41882398797216,230.79512716232853,231.5992889404297,39435300
2025-01-15,232.94947976770305,237.2383625727966,232.74098609709984,236.1562042236328,39832000
2025-01-16,235.6399687194268,236.29520209930612,226.3871093224655,226.61544799804688,71759100
2025-01-17,230.44764042021458,230.6164138035219,226.833866130533,228.32305908203125,68488300
2025-01-21,222.38612124582832,222.80309340530198,217.79941234276583,221.03591918945312,98070400
2025-01-22,218.2064601780486,222.5052654056773,218.2064601780486,222.2173614501953,64126500
2025-01-23,223.1208199792776,225.394314538592,220.69839703644928,222.04859924316406,60234800
2025-01-24,223.160517277336,224.00439930767484,219.81480209957203,221.1749267578125,54697900
2025-01-27,222.40601266103107,230.47742834163907,222.36629236472388,228.2039337158203,94863400
2025-01-28,229.18679454547646,238.4594987479956,229.147074251248,236.54339599609375,75707600
2025-01-29,232.43321505583046,238.1318651456976,232.3240069742682,237.63546752929688,45486100
2025-01-30,236.95044029141235,239.05516137192973,235.50096771104396,235.8782196044922,55658300
2025-01-31,245.40904807772534,245.40904807772534,231.7581140684966,234.29966735839844,100959800
2025-02-03,228.33297872450572,230.15971829856622,224.0738787357251,226.3672332763672,73063300
2025-02-04,225.61272492539547,231.45036595591674,225.01704170433482,231.12274169921875,45067300
2025-02-05,226.88348940722173,230.99366099381652,226.62536810475493,230.79510498046875,39620300
2025-02-06,229.62360070928509,232.11552641696264,228.76979621063217,231.53970336914062,29925300
2025-02-07,230.9241838961893,232.31409120281862,225.62264568638093,225.989990234375,39707200
2025-02-10,228.16660736242451,229.1803610121675,225.81108525741098,226.25833129882812,33115600
2025-02-11,226.80497424991785,233.79199753404617,226.7354100570617,231.1979522705078,53718400
2025-02-12,229.7866449882993,235.5114431570428,229.2698195612854,235.42198181152344,45243300
2025-02-13,235.46175974105878,240.85855857207835,234.1299548746999,240.0535125732422,53614100
2025-02-14,239.77519417214083,244.04891051069433,239.51678905976664,243.10472106933594,40896200
2025-02-18,242.65747382373942,243.6811760890431,240.3615975750387,242.97552490234375,48822500
2025-02-19,243.16433914739287,244.50607717853558,241.67350900245088,243.373046875,32204200
2025-02-20,243.4426355672204,245.27138364211797,242.7966000469895,244.3271942138672,32316900
2025-02-21,244.44645306890683,247.1697083342209,243.72091995824803,244.0489044189453,53197400
2025-02-24,243.43269920852308,247.33868242018207,242.92582237394555,245.58944702148438,51326400
2025-02-25,246.48393846255715,248.47171215983582,243.41283173998391,245.52980041503906,48013300
2025-02-26,242.83637220684057,243.48239258336395,237.66816369812489,238.89064025878906,44433600
2025-02-27,237.94645181292123,240.9778097055873,235.61081167459415,235.84934997558594,41153600
2025-02-28,235.5014815283524,240.61005923211764,228.7927454203557,240.36158752441406,56833400
2025-03-03,240.3119148031628,242.53822699216576,234.6666443044386,236.5749053955078,47184000
2025-03-04,236.25684921580154,238.60242278275774,233.24535811530478,234.4877166748047,53798100
2025-03-05,233.9808533299346,235.10395038542654,227.82869096216822,234.2989044189453,47227600
2025-03-06,233.00684447444675,236.4059358119138,231.73467047090975,233.8914031982422,45170400
2025-03-07,233.67273718007357,239.89446338205195,233.32487071745646,237.60853576660156,46273600
2025-03-10,234.10011191080184,234.71633209649934,222.84932017741133,226.08938598632812,72071200
2025-03-11,222.4418047589131,224.4593937721428,216.1206840338927,219.48995971679688,76137400
2025-03-12,218.7942660196618,220.39442456790263,213.5962416730392,215.65357971191406,62547500
2025-03-13,214.6298526174969,215.5144112677834,207.14588618522245,208.39817810058594,61368300
2025-03-14,209.9585940343847,212.64208545758027,208.2988048386841,212.18490600585938,60107600
2025-03-17,212.00600336087763,213.9043309003415,208.68642489319868,212.69178771972656,48073400
2025-03-18,212.85081593904235,213.83475423543342,210.19713981325924,211.38980102539062,42432400
2025-03-19,212.91042558181826,217.42266485537363,212.44329758558237,213.9241943359375,54385400
2025-03-20,212.68187056105958,216.16047483161037,210.92268644075222,212.79119873046875,48862900
2025-03-21,210.26668206389348,217.50217651661012,209.98839498228966,216.9356689453125,94127800
2025-03-24,219.64896889973502,220.12603028720216,217.24376481580705,219.380615234375,44299500
2025-03-25,219.4204082670252,222.73005335992565,218.73462390108503,222.38218688964844,34493600
2025-03-26,222.1436424317859,223.64442126802376,219.12223310716143,220.17575073242188,34466100
2025-03-27,220.03662935170198,223.61462840697533,219.21170137047196,222.48159790039062,37094800
2025-03-28,220.31490521146458,222.44182255065115,216.34929105853038,216.5679473876953,39818600
2025-03-31,215.6833836525119,224.24075018814546,214.90815310911736,220.7720947265625,65299300
2025-04-01,218.46626491168394,222.31260214779184,217.5618242432653,221.8256072998047,36412700
2025-04-02,219.96705040499884,223.81338775742097,219.66888130946384,222.52133178710938,35905900
2025-04-03,204.2834701562562,206.22156139646,200.01970279192506,201.94784545898438,103419000
2025-04-04,192.70470416765195,198.65809134675584,186.19474282689396,187.2283935546875,125910900
2025-04-07,176.1167553732534,192.96313526897592,173.55252535537636,180.35072326660156,160466300
2025-04-08,185.55866963100107,189.17641711488596,168.175598539417,171.365966796875,120859500
2025-04-09,170.89883496621582,199.38363475051753,170.83920418374143,197.6343994140625,184395900
2025-04-10,187.9141823452429,193.58926741380884,181.88128226075605,189.25592041015625,121880000
2025-04-11,184.96235041538483,198.32017705332044,184.92258644836306,196.9386749267578,87435900
2025-04-14,210.14745189040866,211.63828226401768,199.93029560984905,201.281982421875,101352900
2025-04-15,200.6259945192588,202.26590170954893,198.57859009217825,200.90428161621094,51343900
2025-04-16,197.1473753495745,199.4730666932086,191.19398828729797,193.08238220214844,59732400
2025-04-17,195.9944894564487,197.61452992177487,193.2314851467638,195.7758331298828,52164700
2025-04-21,192.08851517151226,192.6152739871965,188.64966000796989,191.97918701171875,46742500
2025-04-22,194.92108593270402,200.3576482646354,194.77200897005906,198.5189666748047,52976400
2025-04-23,204.7406939661261,206.72846769395255,201.56025903470575,203.34925842285156,52929200
2025-04-24,203.63746952607698,207.55338601533765,201.69939326414854,207.09619140625,47311000
2025-04-25,205.1083963732819,208.46773832051537,204.93943745171498,208.0006103515625,38222300
2025-04-28,208.71624889674396,210.2070792460064,206.1917828448175,208.8553924560547,38743100
2025-04-29,207.41425458581946,210.94255602883885,207.096203506044,209.91885375976562,36827600
2025-04-30,208.02050829648644,212.2743425468257,205.40658118436113,211.20094299316406,52286500
2025-05-01,207.80185982414434,213.2483553954001,207.62295230903422,212.0159454345703,57365700
2025-05-02,204.8301473855031,205.72465469395448,200.92417915168144,204.0946807861328,101010600
2025-05-05,201.85841873478097,202.85230555244996,196.99831280299983,197.6741485595703,69018500
2025-05-06,196.99832434112832,199.42339557924856,195.81559653234874,197.29647827148438,51216500
2025-05-07,197.95242524507105,198.22077891807172,192.0686174137577,195.05027770996094,68536700
2025-05-08,196.51130456752412,198.82706269335065,193.48988012199126,196.28271484375,50478900
2025-05-09,197.7834732241415,199.31405222350435,196.3323918231404,197.31634521484375,36453900
2025-05-12,209.95528044040137,210.25384054136518,205.75557652693038,209.77613830566406,63775800
2025-05-13,209.4178625594749,212.3735786127325,207.99474788922345,211.9058380126953,51909300
2025-05-14,211.40824098508043,212.91098786371114,209.56714827780408,211.30873107910156,49325800
2025-05-15,209.9353730316401,211.93571508448807,208.53215118256114,210.43296813964844,45029500
2025-05-16,211.33859654598928,211.54759317457453,208.76105751069144,210.24388122558594,54737900
2025-05-19,206.90999202317107,208.47243269467637,203.2775387890809,207.7758026123047,46140500
2025-05-20,206.6711529249315,207.4673081447902,204.04385132917625,205.86505126953125,42496600
2025-05-21,204.1831685508297,206.04416933851562,199.74462882701684,201.11798095703125,59211800
2025-05-22,199.7445967906866,201.77477776205794,198.73944514582104,200.39146423339844,46742400
2025-05-23,192.7384848883374,196.74910019358438,192.5295034494263,194.33079528808594,78432900
2025-05-27,197.34622283817185,199.77448939448533,196.4803970243206,199.24703979492188,56288500
2025-05-28,199.6251894151235,201.75489573800118,198.9385057789635,199.4560089111328,45339700
2025-05-29,202.60082660426147,202.82971610271787,197.55520490499057,198.98828125,51396800
2025-05-30,198.41106448584634,200.98861863398105,195.8335255231089,199.8839569091797,70819900
2025-06-02,199.31669015009302,201.15779807678393,199.15745607510846,200.7298583984375,35423300
2025-06-03,200.38154929416936,202.78990771325485,199.99342573046133,202.2923126220703,46381600
2025-06-04,201.93404589483336,205.24803106286797,201.12794426741362,201.844482421875,43604000
2025-06-05,202.52119947175674,203.76518718349973,199.18730633012683,199.66500854492188,55126100
2025-06-06,202.0236053289331,204.7106157617459,201.07817770068002,202.93917846679688,46607700
2025-06-09,203.40692547634254,205.0091823144686,199.05794913802782,200.48106384277344,72862600
2025-06-10,199.63513956616538,203.36710243054736,199.60528507808198,201.69517517089844,54672600
2025-06-11,202.52118145308685,203.51637153393742,197.4556675860525,197.82388305664062,60989900
2025-06-12,198.12246436103902,198.71956936233477,196.4107360236097,198.24188232421875,43904600
2025-06-13,198.769334334526,199.40625545491926,194.7587190445596,195.50511169433594,51447300
2025-06-16,196.3510290449251,197.73434281232372,195.61458283187793,197.46563720703125,43020700
2025-06-17,196.2514839890114,197.43576263348734,194.27106541566712,194.69898986816406,38856200
2025-06-18,194.9975546383106,196.6197193940347,194.13174409281177,195.6344757080078,45394700
2025-06-20,197.28648401151844,200.7298331336299,195.91311686208,200.033203125,96813500
2025-06-23,200.6602023375907,201.3269779408771,198.00304635957568,200.53082275390625,55814300
2025-06-24,201.61557243039425,202.46149014710028,199.23706853700068,199.3365936279297,54064000
2025-06-25,200.48105886821313,202.690382284235,199.65504919597097,200.5905303955078,39525700
2025-06-26,200.46112756408863,201.66531422467375,198.50061710601423,200.033203125,50799100
2025-06-27,200.91894034324127,202.24254507531293,199.03803155248616,200.1128387451172,73188600
2025-06-30,201.03836190454115,206.39248990855162,198.3015889216639,204.18316650390625,91912800
2025-07-01,205.6759415551798,209.17901505124104,205.1484920031366,206.82041931152344,78788900
2025-07-02,207.90517762155153,212.3138626915596,207.13887695509675,211.41819763183594,67941800
2025-07-03,211.12959751601144,213.61757304735917,210.79123648824356,212.5228729248047,34955800
2025-07-07,211.65703516300363,215.18996325511674,207.79570768244494,208.94017028808594,50229000
2025-07-08,209.08947184941582,210.41306148236814,207.44739887083225,208.99989318847656,42848900
2025-07-09,208.52220905408606,210.31355451699514,206.22332203726856,210.1244659423828,48749400
2025-07-10,209.49746585002458,212.45318170934252,209.01977884626095,211.38833618164062,44443600
2025-07-11,209.55718962168862,211.1096837700706,208.85059795908091,210.14434814453125,39765800
2025-07-14,208.92025854176603,209.89555581124029,206.54175471753558,207.61656188964844,38840100
2025-07-15,208.2137043224775,210.8708604550018,207.915144211828,208.10423278808594,42296300
2025-07-16,209.28851120731298,211.37840160704656,207.63649175890595,209.14918518066406,47490500
2025-07-17,209.5571995447156,210.78127919114968,208.58190225319882,209.0098419189453,48068100
2025-07-18,209.85573909301036,210.77131219576944,208.69136845628208,210.16424560546875,48974600
2025-07-21,211.07983063398711,214.74212298846783,210.61209006251647,211.45799255371094,51377400
2025-07-22,212.11484021935428,213.91613206526756,211.20921348603295,213.3687744140625,46404100
2025-07-23,213.96589762082587,214.11517007989065,211.38835859165647,213.11997985839844,46989300
2025-07-24,212.87115278650074,214.65255153978734,212.5029373149323,212.73182678222656,46022600
2025-07-25,213.6673206036272,214.2047317845148,212.37357038101962,212.8512725830078,40268800
2025-07-28,213.000569237894,213.8166325366559,212.03523347491873,213.02047729492188,37858000
2025-07-29,213.14982178903043,213.7767964509494,209.80599741985404,210.2538299560547,51411700
2025-07-30,210.88077731884883,211.36842593737322,206.72088996610802,208.04449462890625,45512500
2025-07-31,207.4872131893059,208.83071086700429,206.1636083824018,206.57164001464844,80698400
2025-08-01,209.8557561748323,212.5527283441607,200.530828701964,201.40660095214844,104434500
2025-08-04,203.52634207300898,206.88014336875773,200.70995198839026,202.37193298339844,75109300
2025-08-05,202.42167200915333,204.35234334482283,201.18764593221573,201.94398498535156,44155100
2025-08-06,204.64097466073486,214.34407953630614,204.60115854716602,212.2243194580078,108483100
2025-08-07,217.82723230897543,219.78775818606874,215.53829184895108,218.97169494628906,90224800
2025-08-08,219.76784743364436,229.88892965735022,218.19544514014734,228.2468719482422,113854000
2025-08-11,227.08115402328403,228.71511750604432,223.9327805410339,226.3438720703125,61806100
2025-08-12,227.17083074525974,229.95057099439725,226.23430307406312,228.80479431152344,55626200
2025-08-13,230.2195756343437,234.1351043372746,229.58191650034667,232.47125244140625,69878500
2025-08-14,233.1985666998313,234.25466305951576,230.0003892485326,231.92327880859375,51916300
2025-08-15,233.13877413921495,233.41774239633352,228.49592139875156,230.73764038085938,56038700
2025-08-18,230.8472538899505,232.26202593201924,229.26310933608104,230.0402374267578,37476200
2025-08-19,230.4287923573085,232.01293684851592,228.50590285589897,229.71144104003906,39402600
2025-08-20,229.13358225147155,229.6217843388592,224.93908515924198,225.17819213867188,42263900
2025-08-21,225.43724912794482,225.68632903786573,222.9564077521854,224.07228088378906,30621200
2025-08-22,225.33760837029214,228.2468598588307,224.58041092619504,226.9217529296875,42477800
2025-08-25,225.64645413109014,228.45608264282492,225.3973742361901,226.32395935058594,30983100
2025-08-26,226.03502689374838,228.6453946309622,223.86305742355088,228.46604919433594,54575100
2025-08-27,227.76862267507164,230.05018785299507,227.41990473660533,229.64170837402344,31259500
2025-08-28,229.97051505486425,232.55097936868034,228.49595098757067,231.7041015625,38074700
2025-08-29,231.65426265633033,232.52107103838586,230.51845893056873,231.28562927246094,39418400
2025-09-02,228.4062860305561,230.00040359535532,226.13467838242784,228.8745574951172,44075600
2025-09-03,236.33698891571112,237.9709525201245,233.49747185558658,237.59234619140625,66427800
2025-09-04,237.57239985348932,239.0170601981439,235.8687018920251,238.8975067138672,47549400
2025-09-05,239.1167027112504,240.43185187342493,237.61226559630578,238.80784606933594,54870400
2025-09-08,238.41928864081726,239.2661511981365,235.47017586985078,237.0045166015625,48999500
2025-09-09,236.12774389612645,237.90119155812317,232.5011411802574,233.4875030517578,66313900
2025-09-10,231.33545739080094,231.56460664903227,225.118417424808,225.955322265625,83440800
2025-09-11,226.04499474029723,229.60184779162614,225.81583028738913,229.1833953857422,50208600
2025-09-12,228.37638560886936,233.6469097348115,228.17712472443904,233.2085418701172,55824200
2025-09-15,236.1277410783948,237.31336381412066,234.16499028444412,235.82884216308594,42699500
2025-09-16,236.30708253667353,240.33222235518573,235.45026224943368,237.2735137939453,63421100
2025-09-17,238.09049720761,239.21634322602875,236.85505542454314,238.1104278564453,46508000
2025-09-18,239.08682096339746,240.31228984200703,235.77903252032195,237.0045166015625,44249600
2025-09-19,240.342162048153,245.3935094903633,239.32592704772566,244.59645080566406,163741300
2025-09-22,247.38616206443075,255.69547916115815,247.2068166293636,255.13751220703125,105517400
2025-09-23,254.9382669065294,256.3928850249964,252.64672876089196,253.49359130859375,60275200
2025-09-24,254.28068708944184,254.7987775332095,250.11606329601622,251.3813934326172,42303700
2025-09-25,252.27808820484515,256.22352044118514,250.7836088309123,255.9246063232422,55202100
2025-09-26,253.16481067495934,256.6519291955366,252.84598111295833,254.51980590820312,46076300
2025-09-29,253.62311772285494,254.06150078407975,252.07881928540593,253.49359130859375,40127700
2025-09-30,253.92202035086734,254.97811672142575,252.17846100632588,253.69287109375,37704300
2025-10-01,254.10136246357334,257.8375764362911,253.99176669154556,254.50985717773438,48713900
2025-10-02,255.63566078088252,257.229778167004,253.21461153357077,256.18365478515625,42630200
2025-10-03,253.73271197999827,258.2858846694617,253.01536064819075,257.07037353515625,49155600
2025-10-06,257.0404730386864,258.11651518827176,254.11130630837613,255.74526977539062,44664100
2025-10-07,255.86484387966763,256.45266881763376,254.48991791397023,255.53607177734375,31955800
2025-10-08,255.57591915435188,257.5685585594684,255.16742442767125,257.1102600097656,36496900
2025-10-09,256.8611554198282,257.0504585775582,252.2083446799687,253.1050262451172,38322000
2025-10-10,254.00171816056968,255.436420799504,243.10197943699816,244.3673095703125,61999100
2025-10-13,248.46219085423505,248.7710475029622,244.6562426215344,246.74851989746094,38142900
2025-10-14,245.69241642712313,247.93413549962378,243.79940008876653,246.8581085205078,35478000
2025-10-15,248.57178982967116,250.89321639065437,246.559219921403,248.42233276367188,33893600
2025-10-16,247.33635013275978,248.1234359576197,244.22783772705108,246.53929138183594,39777000
2025-10-17,247.10719170360767,252.44746537322095,246.35995200283696,251.36146545410156,49147000
2025-10-20,254.94822099113512,263.4069798400544,254.68918336894043,261.27484130859375,90483000
2025-10-21,260.916147926868,264.313600971564,260.8663137101643,261.8028564453125,46695900
2025-10-22,261.6833338430701,261.882609922878,254.4899051977633,257.4988098144531,45015300
2025-10-23,258.98329410338334,259.66078406832133,257.06040475940137,258.6246032714844,32754900
2025-10-24,260.2287466983284,263.1579290692685,258.2261343576155,261.8527526855469,38253700
2025-10-27,263.90514984178776,268.1295353654346,263.67598537979285,267.8206787109375,44888200
2025-10-28,268.00000632210845,268.89671830922975,267.1631014853557,268.0099792480469,41534800
2025-10-29,268.28892986747474,270.4110953948544,266.1269030442272,268.7073974609375,51086700
2025-10-30,270.98894793982623,273.1310593223432,267.49188695276854,270.401123046875,69886500
2025-10-31,275.9705701844509,276.29937269597025,268.16940070155243,269.37493896484375,86167100
2025-11-03,269.424736694289,269.8531467885877,265.2700709373508,268.05975341796875,50194600
2025-11-04,267.3424445625432,270.49081837885313,266.6350661079627,269.0461730957031,49274800
2025-11-05,267.6214146886098,270.7000692568828,265.94760492323326,269.14581298828125,43683100
2025-11-06,266.90407480138714,272.3937751745226,266.90407480138714,268.7771301269531,51204000
2025-11-07,268.80702532983145,271.2878818962731,265.7881780523408,267.48193359375,48227400
2025-11-10,268.22988302493957,272.9869540449525,266.7339548671466,268.6986083984375,41312400
2025-11-11,269.07757258136417,275.16101963639426,269.0675899882029,274.5028076171875,46208300
2025-11-12,274.25347600982695,274.9815052844664,270.9624464716027,272.7276306152344,48398000
2025-11-13,273.36590026791555,275.9488963676571,271.3513946141157,272.2090759277344,49602800
2025-11-14,270.31417782757546,275.21085247368256,268.8681323529343,271.6705017089844,47431300
2025-11-17,268.09027174019775,269.7557213346742,265.00866346949266,266.73394775390625,45018300
2025-11-18,269.25711627506445,269.9751630894399,264.59980979362433,266.71405029296875,45677300
2025-11-19,264.80918960656476,271.47104873805114,264.77927226211665,267.8309631347656,40424500
2025-11-20,270.09480618650156,274.68232536305425,265.1981613886433,265.5272521972656,45823600
2025-11-21,265.2280517805383,272.5879921198442,264.9488130991126,270.75299072265625,59030800
2025-11-24,270.164627965921,276.24807542504453,270.164627965921,275.1710205078125,65585800
2025-11-25,274.52277261748515,279.6189174225992,274.50283786370125,276.2181701660156,46914200
2025-11-26,276.2081750495132,278.7712060098946,275.8790842359358,276.79656982421875,33431400
2025-11-28,276.50736791500816,278.242634823177,275.2407959413455,278.0930480957031,20135600
2025-12-01,277.2553332443013,282.65065109438723,275.3904143522869,282.3315124511719,46587700
2025-12-02,282.231773534172,286.619823290159,281.86278279875575,285.4131164550781,53669500
2025-12-03,285.4231155973949,287.8365294074879,282.5309633672564,283.378662109375,43538700
2025-12-04,283.3287830094401,283.95707766942763,277.83373081751637,279.9380187988281,43989100
2025-12-05,279.77848663840757,280.37686403379615,277.29522501275557,278.02325439453125,47265800
2025-12-08,277.374989388386,278.9108174051644,275.4003533668138,277.1356506347656,38211800
2025-12-09,277.40493251311347,279.2698514894354,276.16830825817004,276.4275817871094,32193300
2025-12-10,276.99605153243056,278.9906225605669,275.6896099437804,278.02325439453125,33038300
2025-12-11,278.34237127554803,278.8310314000742,273.0667227973629,277.2752685546875,33248000
2025-12-12,277.1456542987284,278.46207855775873,276.06859927253834,277.5246276855469,39532900
2025-12-15,279.3894873363706,279.3894873363706,272.0993337942639,273.3658752441406,50409100
2025-12-16,272.07941349564567,274.752131096348,271.0522107383373,273.8645324707031,37648600
2025-12-17,274.2634587890498,275.41033087528734,270.9026119684932,271.10205078125,50138700
2025-12-18,272.8672697170699,272.88723490520505,266.22537510199504,271.4511413574219,51630700
2025-12-19,271.4112306527045,273.8545921928022,269.1673383776201,272.9271240234375,144632000
2025-12-22,272.1192896847017,273.13654030849926,269.7756932559407,270.23443603515625,36571800
2025-12-23,270.1048034873943,271.7603010837797,268.8282792538215,271.62066650390625,29642000
2025-12-24,271.60070067851706,274.6823088952694,271.46109654935304,273.06671142578125,17910600
2025-12-26,273.4157529954652,274.6224597374741,272.11926379011726,272.6578063964844,21521800
2025-12-29,271.9497734782625,273.61522314661676,271.6107000753325,273.0168762207031,23715200
2025-12-30,272.06942798009953,273.3359694836473,271.54086793463244,272.33868408203125,22139600
2025-12-31,272.3187639976345,272.9370761103812,271.0123224859311,271.12200927734375,27293600
2026-01-02,271.52092924369913,277.0857683126949,268.2697691424855,270.2743225097656,37838100
2026-01-05,269.9053450243044,270.7729784841199,265.41756056202854,266.5345153808594,45647200
2026-01-06,266.27521573774703,266.82371056256306,261.40845786144683,261.6477966308594,52352100
2026-01-07,262.48552563718374,262.964203143993,259.1047135716701,259.623291015625,48309800
2026-01-08,256.3222864925608,258.58614386359903,255.00587765735156,258.3368225097656,50419300
2026-01-09,258.3767027680543,259.5036402038468,255.52448097015204,258.6659240722656,39997000
2026-01-12,258.45648066308013,260.5906555331263,256.1028713590674,259.54351806640625,45263800
2026-01-13,258.0176775418968,261.0992857475004,257.6885867541948,260.3413391113281,45730800
2026-01-14,258.78560808748875,261.10930037675524,256.0131555781144,259.25433349609375,40019400
2026-01-15,259.9424426175537,260.3313985459844,256.35220896361545,257.5090637207031,39388600
2026-01-16,257.1999111311508,258.1971965798445,254.23797213114116,254.8363494873047,72142800
2026-01-20,252.04394930256512,254.09835490933511,242.75922413209136,246.0303192138672,80267500
2026-01-21,248.02490552393743,250.8771427168815,244.51445623630568,246.97775268554688,54641700
2026-01-22,248.52352576906395,250.31864258405668,247.47637302553753,247.67584228515625,39708300
2026-01-23,246.6486524137701,248.7329754164565,244.01580413580567,247.36668395996094,41689000
2026-01-26,250.7973351598156,255.86354695988197,249.12190294519746,254.7166748046875,55969200
2026-01-27,258.4664593428383,261.23891141767155,257.50904348719195,257.5688781738281,49648300
2026-01-28,256.95060341967536,258.15731035497566,253.8191275531099,255.743896484375,41288000
2026-01-29,257.29964922744847,258.94516415300217,253.7193980705993,257.5788879394531,67253000
2026-01-30,254.47732177254832,261.1890484668085,251.49543285360957,258.775634765625,92443400
2026-02-02,259.3241487899344,269.7557466562268,258.50636737104884,269.2770690917969,73913400
2026-02-03,268.4692659190308,271.1419837262723,266.88355520832346,268.7485046386719,64394700
2026-02-04,271.55083028665655,278.19275421850585,271.55083028665655,275.7394104003906,90545700
2026-02-05,277.37501624935936,278.7412924914769,272.48832346973,275.1610412597656,52977400
2026-02-06,276.3677049075235,280.1474248180158,276.1782182606431,277.364990234375,50453400
2026-02-09,277.41494619870406,277.70443813431814,271.2160169672847,274.13079833984375,44623400
2026-02-10,274.40031021957236,274.87943562430115,272.4537718732244,273.19244384765625,34376900
2026-02-11,274.2106536370846,279.6808719096702,273.9610989943363,275.00921630859375,51931300
2026-02-12,275.0990585104662,275.22883180172755,259.71650632997444,261.2637634277344,81077200
2026-02-13,261.5432690161623,261.7628783299504,254.9949421084194,255.32435607910156,56290700
2026-02-17,257.5903108294174,265.8156532326085,255.08478749757862,263.4099426269531,58469100
2026-02-18,263.13045584681157,266.3447212846438,261.9825104325609,263.8791198730469,34203300
2026-02-19,262.13220471573277,264.00886051677537,259.5867290635135,260.11578369140625,30845300
2026-02-20,258.50868117461044,264.2783836675007,257.7001265171608,264.1086730957031,42070500
2026-02-23,263.0206001676805,268.95002088588865,262.91081074777924,265.705810546875,37308200
2026-02-24,267.38283777638213,274.4003442568012,267.233111068832,271.6552429199219,47014600
2026-02-25,271.29586819299504,274.45024283739696,270.567157599074,273.74151611328125,33714300
2026-02-26,274.4602128097023,275.61811956353745,270.31758130113775,272.4637756347656,32345100
2026-02-27,272.3240439665745,272.3240439665745,262.4217314181026,263.70941162109375,72366500
2026-03-02,261.94253069595567,266.05518620599753,259.73647625260065,264.2484130859375,41827900
2026-03-03,263.0106738027697,265.08695529305965,259.6666350681776,263.2801818847656,38568900
2026-03-04,264.17854815272653,265.67587606267574,260.95432154975975,262.0523376464844,39803100
2026-03-05,260.3254337562426,261.09405110124777,256.79173142961054,259.8263244628906,49658600
2026-03-06,258.16927189629365,258.3090066542827,253.916851068475,257.0013427734375,41120000
2026-03-09,255.2345148744848,260.68477987096253,253.22808575123491,259.41705322265625,38218500
2026-03-10,257.19102845716964,262.01244158439727,256.4922936817907,260.3653564453125,30590800
2026-03-11,260.624897946549,261.6630538494394,259.08763272962494,260.34539794921875,26218900
2026-03-12,258.1992408199258,258.48873275942157,253.7272102811576,255.3043975830078,40794000
2026-03-13,255.024890934378,255.87336762960538,249.07551643845036,249.6744384765625,36930000
2026-03-16,251.66090222791988,253.43773019062647,249.4348789230203,252.36964416503906,32074200
2026-03-17,252.5093881906664,254.67552076289968,251.7307636559193,253.77711486816406,32361600
2026-03-18,252.1799767808244,254.48585937367065,248.55643828829037,249.49476623535156,35757900
2026-03-19,248.95572868612365,251.38140795985734,246.85947863088072,248.5165252685547,34864100
2026-03-20,247.53824109812177,248.75606899357115,245.56177255944445,247.54823303222656,88331100
2026-03-23,253.51758537106093,254.14646797882926,249.83415620831627,251.04200744628906,40546100
2026-03-24,249.90403139868116,254.37604644028636,249.10545347620703,251.1917266845703,45152300
2026-03-25,253.6473574345128,254.5457480998694,251.15181088451408,252.16998291015625,28476700
2026-03-26,251.67088153367666,256.5421934269488,250.32329549316128,252.43951416015625,41796700
2026-03-27,253.4477020992108,255.03488128462607,247.6281009352486,248.35679626464844,47900000
2026-03-30,249.62453299565456,250.4230956915925,245.07264337813007,246.19065856933594,39446200
2026-03-31,247.4683905467953,255.02489784868362,246.65983587287727,253.33790588378906,49598100
2026-04-01,253.6273948962928,255.72364490973627,252.8787309132899,255.1746368408203,40059400
2026-04-02,253.74717405681358,255.6737439434535,250.20349485503914,255.464111328125,31289400
2026-04-06,256.0530752925303,261.6930045642991,256.0031460821725,258.39886474609375,29329900
2026-04-07,255.70368128016966,255.7436185540334,245.2623079794448,253.0484161376953,62148000
2026-04-08,257.9896321241455,259.28730423338584,256.07303883918246,258.4388122558594,41032800
2026-04-09,258.5386343954405,260.6548530924392,255.61386101634736,260.0259704589844,28121600
2026-04-10,259.5168819122501,261.7229364827484,258.5585701252562,260.0159912109375,31291500
2026-04-13,259.2673359057164,259.71651601158027,256.2027973984465,258.73828125,36234700
2026-04-14,258.7881922504944,261.4634109961452,256.7318642110386,258.3689270019531,48370700
2026-04-15,257.7001261657452,266.08515659729386,257.35074355126085,265.95538330078125,49913500
2026-04-16,266.3247234477873,266.68409800240715,260.80457553569033,262.9307861328125,43323100
2026-04-17,266.4844323486072,271.8149160854778,266.24486962975914,269.7486267089844,61436200
2026-04-20,269.84841238867654,273.7913879220191,269.80850557942483,272.5635681152344,36590200
2026-04-21,271.0163536236942,272.3140256362382,264.9272139873882,265.69586181640625,50209800
2026-04-22,267.3429346055621,273.2523721409737,266.39461467279705,272.68341064453125,43249200
2026-04-23,274.56001085217736,275.2787294551341,271.1660737405759,272.9429016113281,33399600
2026-04-24,272.2741016414235,272.5735550213531,269.16962610782736,270.5771179199219,38157100
2026-04-27,265.6159889280984,267.88193422863776,264.59781690250213,267.1332702636719,41466800
2026-04-28,271.8548539018017,272.7432830913257,268.181416710472,270.2277526855469,40018900
2026-04-29,267.07336249706583,270.55716597281076,266.56429174844374,269.688720703125,30047900
2026-04-30,270.018146234023,275.50834883767226,267.6623648300734,270.86663818359375,91848200
2026-05-01,278.3632420760759,286.70836594964845,277.8741246788477,279.6409912109375,79915400
2026-05-04,279.16179801165765,280.13007120517506,274.3703307853319,276.3368225097656,46668400
2026-05-05,276.43668191704,284.0630869835518,276.00745521106614,283.67376708984375,49311700
2026-05-06,281.4178249779708,287.5169265187869,280.5693330033821,286.99786376953125,58336100
2026-05-07,288.75470528792926,291.6096265406606,285.2709318587503,286.927978515625,45224300
2026-05-08,289.49338424193445,294.2349225642168,289.48339230776435,292.7974853515625,52692800
2026-05-11,291.72841688276577,293.6267735875138,289.979924827367,292.42779541015625,42247300
2026-05-12,292.3078994315659,295.0155556946294,292.3078994315659,294.54595947265625,45748100
2026-05-13,293.24708951115105,300.6607090744109,293.24708951115105,298.6124572753906,52684300
2026-05-14,299.5616620172475,300.1911240450107,295.12548538387824,297.9530334472656,35324900
2026-05-15,297.643304079477,302.93875555297063,296.26448829773227,299.9713134765625,54862800
2026-05-18,299.98126929450746,300.4009207908792,294.6558756451712,297.5833435058594,34483000
2026-05-19,296.7140952726279,300.2510533099592,296.09463441963413,298.7123718261719,42243600
2026-05-20,297.9230626302997,302.5390768782648,297.82314269813475,301.98956298828125,38229800
2026-05-21,300.80056674721834,305.27671719779084,300.1411318265125,304.7271728515625,42965100
2026-05-22,305.85620846339293,311.13165741506583,305.57645096183757,308.55389404296875,43670200
2026-05-26,309.29325163060713,311.5513139598484,307.4048960873393,308.0643005371094,48000500
2026-05-27,308.0643052358437,312.9900803339556,308.0343323058515,310.5821533203125,50430900
2026-05-28,310.412282475935,312.5304508120942,309.30325358892543,312.24072265625,48220400
2026-05-29,311.5113496628706,314.7285763294451,309.2632884033746,311.7911071777344,70026800
2026-06-01,309.363197507879,310.67206624496237,304.7571540774977,306.0460510253906,48849900
2026-06-02,307.1950545511415,315.1781903378333,306.42572903356995,314.92840576171875,44534700
2026-06-03,313.9092501546009,316.6668815001487,308.5838566628498,309.9926452636719,50836700
2026-06-04,312.96009909963743,313.26982953176514,309.38316692864953,310.9618225097656,44869100
2026-06-05,312.5903972939029,314.8984348439246,306.8853260765596,307.0751647949219,65310500
2026-06-08,308.4739595974908,317.1265012321255,300.9105055796523,301.2801818847656,77949100
2026-06-09,300.0212482417878,300.4908444635933,287.5320194610898,290.29962158203125,70108800
2026-06-10,290.4894628291428,294.4960172141002,287.1323727394638,291.3287353515625,52793300
2026-06-11,293.4668864344149,296.7440586571729,289.3404406054596,295.375244140625,42572500
2026-06-12,295.7749221682621,296.88398158337014,289.3704417369658,290.879150390625,38742100
2026-06-15,293.8665449684006,297.5233947188816,291.4486474146935,296.1645812988281,45732600
2026-06-16,294.99559499590845,300.2210994929347,293.71669913987887,298.9821472167969,39874400
2026-06-17,300.59074812548096,301.8096980081642,294.10632015937927,295.6949768066406,42745100
2026-06-18,297.8530937792582,300.31099586682666,295.3652492546472,297.7532043457031,85962200
2026-06-22,297.05381866220307,302.1594314563154,296.5043047694293,296.75408935546875,44879900
2026-06-23,297.2836155142734,301.3800886038737,293.9264950024863,294.04638671875,52010900
2026-06-24,295.1054570720635,299.4417438827621,292.68755959702736,292.8274230957031,53081900
2026-06-25,287.1523472601469,288.55113481081804,273.5141152813601,274.91290283203125,107013700
2026-06-26,274.7630284991681,285.70360492137456,273.9737007161028,283.53546142578125,261775500
2026-06-29,286.4829438934296,288.12151489662153,279.6088673150861,281.4972229003906,66427000
2026-06-30,280.9277417485351,289.69017405322865,280.45814550695326,289.11065673828125,65100200
2026-07-01,293.1871503157195,296.33442991747245,288.95081360688545,294.1263427734375,50164200
2026-07-02,293.866538367699,309.15337194761725,293.4269150966668,308.3640441894531,75352800
2026-07-06,307.0951430290638,313.9292760509671,306.7354678654279,312.3905944824219,53590000
2026-07-07,315.0183186077797,315.20815732134815,309.88273318392555,310.3923034667969,42490000
2026-07-08,311.6412289475945,314.5487250421545,306.7854009831778,313.1199645996094,41323500
2026-07-09,310.24243869469103,316.2572401947346,307.8944576262147,315.947509765625,48124500
2026-07-10,314.4488202226986,316.6369356310425,311.9010296470402,315.0483093261719,34132300
2026-07-13,316.7468014245228,323.171283634363,315.5078797345754,317.03656005859375,43257800
2026-07-14,313.48965629761443,315.91755515351207,311.64124426456783,314.58868408203125,36336800
2026-07-15,317.34631234952286,328.44675508114506,317.0465830462295,327.2178039550781,60957600
2026-07-16,327.72736328456057,334.3915986652446,326.50841333986017,332.97283935546875,62970600
2026-07-17,331.693929977533,334.7013154010385,328.71648699084636,333.452392578125,63407100
2026-07-20,333.2226134619852,333.4224228207836,323.4010672140761,326.3085632324219,53468000
2026-07-21,322.85156758462244,329.3159936819017,321.94234806189104,327.45758056640625,41338900
2026-07-22,327.58746619388995,328.7164973399543,323.0613709608057,325.60919189453125,38755900
2026-07-23,321.4527900194849,323.0214140443725,319.0748358849152,321.3828430175781,40840800
2026-07-24,321.5127284115298,334.0818750563203,321.3428614810286,332.7330322265625,47489400
2026-07-27,334.2517370375488,339.277401491225,333.73216560461384,336.61968994140625,49604300
2026-07-28,339.73698155301014,342.59453283396704,335.31080637618777,339.78692626953125,51859000
2026-07-29,339.43727163464206,344.2730974331505,337.0593175600121,337.8985900878906,56090800
2026-07-30,332.8129674612056,334.4615395264105,329.30598233808786,333.1426696777344,74817800
2026-07-31,304.54735603914753,310.4222943774597,299.7415030462749,308.6438293457031,132489100
2026-08-03,309.313234694189,311.5313230344714,302.29929450581176,303.1585693359375,75052000
2026-08-04,302.46913991298527,310.1525156602479,301.0603512911937,309.1134033203125,68001000
2026-08-05,309.09342362565195,311.4414048335362,305.40663118634393,310.7320251464844,49438800
2026-08-06,314.06913775686996,316.0174696892129,308.96355554648414,312.14080810546875,46139900
2026-08-07,311.1816431226555,314.53873325457766,310.47223295908327,313.05999755859375,34437200
2026-08-10,306.8299865722656,308.260009765625,304.6099853515625,308.260009765625,44812500
2026-08-11,307.75,309.9700012207031,302.7900085449219,304.9100036621094,37476700
2026-08-12,305.1000061035156,305.6600036621094,300.57000732421875,302.25,41657800
2026-08-13,304.2099914550781,306.0,302.04998779296875,305.260009765625,40349300
2026-08-14,306.0,307.489990234375,304.29998779296875,305.92999267578125,28229400
2026-08-17,306.2099914550781,307.6600036621094,302.94000244140625,305.5899963378906,38169300
2026-08-18,307.5799865722656,311.489990234375,305.739990234375,310.0299987792969,53424500
2026-08-19,310.1400146484375,319.2799987792969,309.6000061035156,316.8299865722656,50505600
2026-08-20,317.4599914550781,320.2799987792969,310.6499938964844,311.29998779296875,40959200
2026-08-21,312.04998779296875,312.3800048828125,307.010009765625,309.3500061035156,46876800
2026-08-24,311.4700012207031,313.3599853515625,309.9700012207031,310.3399963378906,34673600
2026-08-25,310.7900085449219,313.5899963378906,308.2099914550781,309.8999938964844,25869800
2026-08-26,310.29998779296875,315.42999267578125,308.79998779296875,313.45001220703125,34024500
2026-08-27,310.54998779296875,315.3999938964844,309.3999938964844,314.5799865722656,32419200
2026-08-28,316.8500061035156,322.3699951171875,315.45001220703125,319.70001220703125,38649400
2026-08-31,319.6000061035156,321.239990234375,312.79998779296875,316.8500061035156,41242700
2026-09-01,316.9800109863281,327.29998779296875,314.7300109863281,325.1300048828125,53167400
2026-09-02,326.8699951171875,328.3999938964844,323.5299987792969,324.9599914550781,33776400
2026-09-03,324.8699951171875,330.80999755859375,324.1099853515625,328.2099914550781,37225800
2026-09-04,328.30999755859375,328.92999267578125,317.8599853515625,319.9700012207031,39551800
