date,open,high,low,close,volume
2010-01-04,0.4237482247098055,0.4262664561278942,0.4145910592484004,0.4232903718948364,800204000
2010-01-05,0.42168782700255375,0.43405001538965027,0.42168782700255375,0.4294714331626892,728648000
2010-01-06,0.429242645487739,0.4331344363038823,0.42512191456278803,0.4322187304496765,649168000
2010-01-07,0.42992939397046337,0.4317608327795971,0.42054328713022154,0.42374828457832336,547792000
2010-01-08,0.4203144089196531,0.4276401652346132,0.41779620406558504,0.42466408014297485,478168000
2010-01-11,0.42695330196025616,0.428784740737833,0.41275967190191726,0.4187118411064148,556612000
2010-01-12,0.4125307042412043,0.4141332027244973,0.39581884467520273,0.40451815724372864,627432000
2010-01-13,0.40726545777962003,0.41138618896458407,0.39146932611901036,0.4100126028060913,508868000
2010-01-14,0.4049761564223278,0.40795221421329225,0.396734694241391,0.40360257029533386,608524000
2010-01-15,0.4006263443268778,0.40406028114624776,0.3864327169744124,0.39169809222221375,818192000
2010-01-19,0.3887220806291689,0.4015421247268149,0.38757743480939727,0.3990239202976227,545328000
2010-01-20,0.39398748194256744,0.3990239457026309,0.3887221053782807,0.3974214196205139,719728000
2010-01-21,0.3971924975889978,0.40428931287475656,0.38666174470506726,0.3903246223926544,608632000
2010-01-22,0.3857460196791981,0.3928428351128975,0.37452850087420037,0.3768177926540375,1067916000
2010-01-25,0.3829988850645917,0.3905535535946514,0.38025174031470943,0.3832278251647949,643676000
2010-01-26,0.381396244916235,0.3839144759233471,0.3708654954380406,0.3710944354534149,714636000
2010-01-27,0.3708655124615375,0.3825409079715257,0.36674478302915914,0.38116732239723206,812504000
2010-01-28,0.3841433812904546,0.3855169667753886,0.3630818827374714,0.36834725737571716,687764000
2010-01-29,0.3724680811246216,0.37658881133534156,0.34682799416481175,0.3523223102092743,774700000
2010-02-01,0.3536959095700775,0.38002279248495985,0.35071982478052466,0.37933599948883057,949832000
2010-02-02,0.3779624484747223,0.3880353489449724,0.3768178025547288,0.3832278251647949,849812000
2010-02-03,0.37979394961641777,0.3880354125065569,0.3779625103863295,0.3864328861236572,562296000
2010-02-04,0.38299879109595314,0.38299879109595314,0.35987693826881856,0.3639976680278778,783480000
2010-02-05,0.36354000207965814,0.372239318866542,0.3571299504571977,0.3713235855102539,604856000
2010-02-08,0.37017878913204566,0.3795648953063535,0.36331091455294456,0.37063664197921753,445160000
2010-02-09,0.3765888970404546,0.378420336138746,0.3639977907641583,0.36766064167022705,930144000
2010-02-10,0.36994991279119327,0.37819134672353355,0.3674316809479582,0.37475740909576416,535828000
2010-02-11,0.38070957715306486,0.39604785366588685,0.3779624325191525,0.3919271230697632,695980000
2010-02-12,0.3891800159113148,0.405205059657838,0.3848303448058079,0.3971925377845764,780212000
2010-02-16,0.40245780594956704,0.4061206830175271,0.3976502832091827,0.40451815724372864,457024000
2010-02-17,0.4095546585019498,0.4097835712836318,0.39673461485048117,0.4084100127220154,876560000
2010-02-18,0.38597490776240356,0.3880352864609228,0.3710945131986286,0.3816252648830414,1515508000
2010-02-19,0.38002279383161786,0.38414352453248485,0.3777335020300819,0.37956494092941284,510548000
2010-02-22,0.3811673217605455,0.3868905767835407,0.3777333851210499,0.38025161623954773,458084000
2010-02-23,0.381396244916235,0.3829987431523512,0.3672026189350596,0.3710944354534149,489764000
2010-02-24,0.37429947449877393,0.38254093392262084,0.3731548288727121,0.37887805700302124,445868000
2010-02-25,0.37017879772193896,0.3763599068189669,0.36079269132982916,0.3754441738128662,576972000
2010-02-26,0.37361284789581845,0.37636002045306405,0.36857641035839567,0.37086570262908936,393396000
2010-03-01,0.37109457505687987,0.3875774709400544,0.36811849018993587,0.385746031999588,555868000
2010-03-02,0.38918008850984454,0.39398758615629514,0.3827700643573923,0.3855172097682953,538648000
2010-03-03,0.3878063129866842,0.38986666421718974,0.377504502253147,0.3807094991207123,399300000
2010-03-04,0.3823122083547436,0.38528829411016124,0.37658897701375577,0.38139650225639343,557396000
2010-03-05,0.3786492558723192,0.39581894532461737,0.3786492558723192,0.3930718004703522,632832000
2010-03-08,0.39330073227975043,0.39444537821908243,0.38574603633154486,0.38734856247901917,439312000
2010-03-09,0.3912402289526482,0.4056627686655842,0.3910112889212908,0.4017709791660309,830832000
2010-03-10,0.4006263935000506,0.40703641514107924,0.40039745343445743,0.40268674492836,418520000
2010-03-11,0.3994819444901619,0.40085553097917087,0.3919272733816539,0.3935297727584839,540660000
2010-03-12,0.397879297547789,0.3990239434339298,0.39284283381636104,0.3949032127857208,520352000
2010-03-15,0.394445445053419,0.39833723644846575,0.38918006738223043,0.3928429186344147,358904000
2010-03-16,0.3926138812901022,0.40886786214498316,0.3923849412198332,0.40657857060432434,664988000
2010-03-17,0.4088679322330449,0.41985653896997377,0.4088679322330449,0.41436222195625305,651168000
2010-03-18,0.4150488705662967,0.4150488705662967,0.39604774867553433,0.39971062541007996,740964000
2010-03-19,0.40566287865734213,0.4068075245434829,0.38986674905429286,0.3949032127857208,584612000
2010-03-22,0.38986672990447596,0.4029157141979379,0.38986672990447596,0.4013132154941559,435336000
2010-03-23,0.4042894019277988,0.41161513162610536,0.4015422294117322,0.40955477952957153,493612000
2010-03-24,0.406120698062728,0.407265343777557,0.3951320664517617,0.3958188593387604,436252000
2010-03-25,0.4015420596720038,0.4040602909837202,0.3960477715434466,0.3969634771347046,495184000
2010-03-26,0.400397414037679,0.4045181437793492,0.393758480274797,0.3969634771347046,344676000
2010-03-29,0.39948192633993046,0.4029158651159132,0.3939876079240464,0.40200015902519226,394456000
2010-03-30,0.4065786553768118,0.40863900727678926,0.396734694241391,0.40360257029533386,324104000
2010-03-31,0.40200000330323926,0.40383144206575977,0.3962767469364218,0.39833712577819824,389840000
2010-04-01,0.4001685877673371,0.40474717129413446,0.39009568763407665,0.3942164182662964,339664000
2010-04-05,0.39673471906105834,0.4008554504093191,0.3962768387964064,0.40016865730285645,413636000
2010-04-06,0.3951321186557887,0.39604785172294055,0.383456719905801,0.3903246223926544,809260000
2010-04-07,0.38780648110608856,0.3994818825817451,0.3846014555585963,0.3928429186344147,817468000
2010-04-08,0.3903247047215382,0.3933007900591171,0.3843725340463804,0.3864328861236572,1037600000
2010-04-09,0.3855171253220623,0.39032464920595894,0.38345674624731574,0.38895106315612793,817572000
2010-04-12,0.38940886853861895,0.3976503292505008,0.388722075597544,0.39604783058166504,546460000
2010-04-13,0.3976504015643972,0.4056629236561852,0.3960479026041423,0.4042893648147583,648696000
2010-04-14,0.4129886564337401,0.4150490082237051,0.4029157557181582,0.4093257784843445,900720000
2010-04-15,0.4106993396262637,0.4148200702467552,0.4065786090057722,0.41230183839797974,957596000
2010-04-16,0.3955899976590068,0.39719249640862264,0.38185422001663,0.3905535340309143,1917736000
2010-04-19,0.3875775352039202,0.38986682743646073,0.37567322105281276,0.38872218132019043,1094492000
2010-04-20,0.3914692369955263,0.3955899672423481,0.3850592151994156,0.39009565114974976,678188000
2010-04-21,0.39215607331064856,0.3926139262130664,0.37544421040305487,0.380022794008255,895908000
2010-04-22,0.3738416575061472,0.3827699106187164,0.3685762816639408,0.3816252648830414,656932000
2010-04-23,0.3804805525586427,0.3813962854269048,0.36972088921271895,0.37635985016822815,752916000
2010-04-26,0.3768177964008193,0.38460137761345514,0.37613100340193706,0.380022794008255,491092000
2010-04-27,0.3772757248658682,0.3811675162516532,0.3681185558214252,0.3692632019519806,606704000
2010-04-28,0.3690342929177806,0.3752154043762358,0.3623953284266114,0.3699500262737274,672164000
2010-04-29,0.3710944524874206,0.3816252024489983,0.36560013748074865,0.38116732239723206,987128000
2010-04-30,0.37658882309745745,0.3772756160357795,0.35941913609194776,0.35964804887771606,1068048000
2010-05-03,0.3614794819156518,0.36353986069812466,0.35026193687465457,0.3557562530040741,1078972000
2010-05-04,0.35026196737666043,0.35094876036395967,0.3326343989615258,0.33767086267471313,1311376000
2010-05-05,0.3308029194318641,0.340417937407482,0.3278268352918977,0.33194756507873535,1330840000
2010-05-06,0.3296583802528201,0.33652625635212546,0.2985239703959168,0.3250797688961029,1002888000
2010-05-07,0.3280557860507074,0.3280557860507074,0.3081389276554674,0.3195854127407074,1153712000
2010-05-10,0.33881547010187435,0.34293620026746513,0.3296583040852315,0.33332115411758423,979156000
2010-05-11,0.33011612267742924,0.3362972036392561,0.3271400385726964,0.32965826988220215,829124000
2010-05-12,0.3319476608245203,0.3378998035307627,0.32988728169156073,0.33606839179992676,901236000
2010-05-13,0.3346947150153232,0.3500329887835367,0.3321764836320479,0.33538150787353516,1252000000
2010-05-14,0.31271752848778617,0.31363323416712063,0.28845100049933636,0.29669246077537537,2493068000
2010-05-17,0.2971503747872271,0.3010421929518469,0.2879932069467342,0.2973793148994446,856060000
2010-05-18,0.2998975046424269,0.3017289435767876,0.2859328134697521,0.28753533959388733,674112000
2010-05-19,0.28616170174621053,0.2925717232103535,0.2841013503747569,0.29211387038230896,826520000
2010-05-20,0.2836434590222631,0.29211385881288876,0.2749441464719347,0.28524598479270935,1129136000
2010-05-21,0.2770045627993856,0.29943962644727323,0.2770045627993856,0.2914271056652069,1069600000
2010-05-24,0.2905114149906663,0.2939453526468277,0.28204101360639305,0.28295671939849854,664564000
2010-05-25,0.2740285340268358,0.2918850180089352,0.2712813616522707,0.29051145911216736,966652000
2010-05-26,0.3021867984759332,0.30791002761003045,0.2909692529987972,0.2918849587440491,995028000
2010-05-27,0.29921065546606695,0.3090546131134033,0.2985238626459265,0.3090546131134033,713560000
2010-05-28,0.3085967751381932,0.3085967751381932,0.29623458565397554,0.3008131682872772,545116000
2010-06-01,0.2966924150404766,0.30012635174440305,0.28776416323596604,0.28799310326576233,527492000
2010-06-02,0.2884510492342953,0.2916560742344822,0.2866196102756903,0.291198194026947,649088000
2010-06-03,0.2852459928875984,0.29142707422306935,0.2843302599512839,0.2907402813434601,586360000
2010-06-04,0.28226991579031674,0.28730635155151557,0.2754020141098549,0.27700453996658325,671456000
2010-06-07,0.2781491593791173,0.2799805978345783,0.26212409336171155,0.26326873898506165,577248000
2010-06-08,0.2621241114535509,0.2621241114535509,0.24930406867098712,0.25594303011894226,967636000
2010-06-09,0.2573166373771626,0.26418454018401116,0.24884626303178242,0.24976196885108948,697152000
2010-06-10,0.25479841946977777,0.26097950165473177,0.2541116264957807,0.2598348557949066,611768000
2010-06-11,0.2570877209052841,0.2669316811299055,0.25640092790533175,0.2657870352268219,442104000
2010-06-14,0.26967887885825376,0.2701367318513992,0.2593770637051573,0.26006385684013367,375080000
2010-06-15,0.26303987288975844,0.27425739107202535,0.2625819927268013,0.2728838324546814,528632000
2010-06-16,0.2710523283679589,0.27357055949545256,0.2657869533771556,0.2694498300552368,366480000
2010-06-17,0.2788359528550436,0.28043845127333294,0.26922090776429874,0.27975165843963623,859068000
2010-06-18,0.28135416051295276,0.285017037479916,0.2792938092756014,0.28158310055732727,932832000
2010-06-21,0.287535411192689,0.28822217708488734,0.2724260703349962,0.2749442756175995,579836000
2010-06-22,0.2783782010758821,0.2818121395365526,0.26326886093272506,0.2646424472332001,818164000
2010-06-23,0.26716065418721724,0.27036565219505815,0.25960595754620425,0.2676185071468353,614060000
2010-06-24,0.26601599001679205,0.2673895762334815,0.25342488309569555,0.25434058904647827,725028000
2010-06-25,0.25617196915383084,0.25640090923398035,0.24953303431560356,0.25365376472473145,507220000
2010-06-28,0.25548523366799974,0.25777452557783115,0.2495330637862332,0.254111647605896,372008000
2010-06-29,0.24861729200778163,0.2488462320793877,0.23831548001465255,0.23991797864437103,660808000
2010-06-30,0.2403758065751979,0.2428940379397454,0.23373687267303467,0.23373687267303467,623072000
2010-07-01,0.23442359803643076,0.23923109204309062,0.2273267724364258,0.23762859404087067,737008000
2010-07-02,0.2385445170969795,0.23900237013588221,0.22664017434239397,0.23465269804000854,737096000
2010-07-06,0.23373694546436205,0.2412916146202058,0.23007406730076702,0.23213444650173187,712020000
2010-07-07,0.23305015202579654,0.24472555227444093,0.2325922990787056,0.24335196614265442,608412000
2010-07-08,0.24495440506084556,0.2451833178075211,0.2330500689375937,0.23602615296840668,783272000
2010-07-09,0.23717090357275433,0.23854448982293228,0.23396587808584446,0.23694196343421936,571516000
2010-07-12,0.23694195582892633,0.24426771254071405,0.2367130429882549,0.24129162728786469,565396000
2010-07-13,0.24518328418605215,0.25159330415254044,0.24380972602284046,0.2499908059835434,723316000
2010-07-14,0.26097955227877234,0.2628109914678518,0.24884629835295075,0.2525091767311096,1355664000
2010-07-15,0.25273800212623465,0.2529669421795999,0.2424361909539024,0.24541227519512177,953088000
2010-07-16,0.2454123569783984,0.24609915007686106,0.2291583719070128,0.23007407784461975,1288604000
2010-07-19,0.23327902931706634,0.24037581631192853,0.23167650349807548,0.23946011066436768,798440000
2010-07-20,0.23327902546738485,0.24678583364379592,0.2312186468586149,0.24541227519512177,1160988000
2010-07-21,0.24770161216900075,0.2479305249740034,0.23511048001648638,0.23739977180957794,624940000
2010-07-22,0.2399180410817757,0.2438098595688561,0.23854448216620183,0.24129162728786469,462612000
2010-07-23,0.24106260534358365,0.24129154539707132,0.23488152409498134,0.23717081546783447,817604000
2010-07-26,0.23648408708930407,0.24243625719813716,0.23282120897763553,0.24152052402496338,683548000
2010-07-27,0.24220725489755646,0.2426651077213369,0.23648402637403557,0.23946011066436768,683472000
2010-07-28,0.23556832265779096,0.23968905268661125,0.23121865256995036,0.23190544545650482,1320808000
2010-07-29,0.2151936495943749,0.21977223352874783,0.20763898064455696,0.20901255309581757,2664476000
2010-07-30,0.20741007176797174,0.21404902176493343,0.20420506001303257,0.21038615703582764,984288000
2010-08-02,0.2140489900782475,0.21496470953628008,0.2092414663348904,0.21015718579292297,917020000
2010-08-03,0.20855469365209112,0.2087836201126143,0.20306039037325369,0.20466288924217224,955444000
2010-08-04,0.2064943408423155,0.2140490100182804,0.2055786212989778,0.2133622169494629,855496000
2010-08-05,0.21404899976236277,0.21656721815194116,0.21015719530096322,0.21610936522483826,800504000
2010-08-06,0.2151936490191913,0.22091687892186004,0.21336220999223474,0.21862758696079254,739904000
2010-08-09,0.22091689700485995,0.22114583713591157,0.21542259311951423,0.22068797051906586,466456000
2010-08-10,0.21702501686057482,0.21748286964450714,0.21061499601401046,0.21153071522712708,772560000
2010-08-11,0.20718107546318065,0.20718107546318065,0.20260249238186295,0.20328928530216217,796148000
2010-08-12,0.1996264402602151,0.20969934104521992,0.19802394138025203,0.2051207572221756,1343584000
2010-08-13,0.2117596621884854,0.2179407572434877,0.21130179571482602,0.21496467292308807,1797392000
2010-08-16,0.2119886546077987,0.216338312412986,0.20672327721542602,0.20947043597698212,814008000
2010-08-17,0.21153077507981222,0.21610935879565474,0.20947040967863192,0.2122175544500351,481224000
2010-08-18,0.21153079150804438,0.2151936560361383,0.2101572053704094,0.2133622169494629,352920000
2010-08-19,0.21565141316052605,0.2268689555253295,0.21450676765129112,0.22618216276168823,1615100000
2010-08-20,0.22457968311594825,0.23373686159385942,0.22435075672418217,0.22824254631996155,1305308000
2010-08-23,0.22892940891979266,0.23465263868468503,0.22412188500107819,0.2248086780309677,748620000
2010-08-24,0.21748288883697803,0.22480862954314232,0.217025036012641,0.22251933813095093,641332000
2010-08-25,0.2200011565097547,0.2289293972155738,0.21885649697004186,0.22709795832633972,757532000
2010-08-26,0.2300740699943371,0.23259230217260488,0.22435083985328674,0.22435083985328674,657596000
2010-08-27,0.2257244216588349,0.23350801770043006,0.22000119128196458,0.23167657852172852,1060416000
2010-08-30,0.22892943316971323,0.230760872346581,0.22068797051906586,0.22068797051906586,602804000
2010-08-31,0.21748293424405382,0.22435082355979027,0.21290435046373354,0.21359114348888397,931488000
2010-09-01,0.21679615668975283,0.21954330152297571,0.21404899821127385,0.21519364416599274,851440000
2010-09-02,0.21588039939624595,0.21977218950273486,0.21382003430947086,0.21908541023731232,596292000
2010-09-03,0.22435085771232607,0.22732692943542282,0.22160369883878514,0.22664014995098114,566484000
2010-09-07,0.22595330081088638,0.23396582165999677,0.22549544793475337,0.2287004590034485,899820000
2010-09-08,0.22915826381040033,0.23785757527616003,0.22664003273408762,0.23625504970550537,1224156000
2010-09-09,0.2392312050954776,0.23946014518562558,0.23007403813772082,0.2330501228570938,697748000
2010-09-10,0.23465261672313692,0.23533940968874828,0.22847153461365385,0.23053188621997833,609292000
2010-09-13,0.23465250870948756,0.2465568418590038,0.23465250870948756,0.24358075857162476,1015792000
2010-09-14,0.2415205401285361,0.24449662538138547,0.23923124797873122,0.24129162728786469,698536000
2010-09-15,0.23900223212101607,0.24197831609108508,0.2357972081184405,0.2417493760585785,555572000
2010-09-16,0.23854451294187667,0.24403880389404495,0.23854451294187667,0.2419784516096115,365280000
2010-09-17,0.24426769625397143,0.2444966090793799,0.24083375825822464,0.24152052402496338,416884000
2010-09-20,0.24152053005719268,0.24609914145639064,0.23923123800285068,0.24518340826034546,443168000
2010-09-21,0.24380989518044432,0.2625820880926629,0.24380989518044432,0.2584613561630249,1779624000
2010-09-22,0.25754559637348406,0.26303991356398115,0.25594309742686494,0.2607506215572357,999996000
2010-09-23,0.26372668461481485,0.27425743897293137,0.2614373925622255,0.2660159766674042,1240872000
2010-09-24,0.27196805236390975,0.28158309747428745,0.26990770114911705,0.28066736459732056,1086976000
2010-09-27,0.2827277647827788,0.2829566775516957,0.2710523675623143,0.27471524477005005,999504000
2010-09-28,0.2749442157056761,0.27792030065526335,0.26922098591435933,0.2740285098552704,723192000
2010-09-29,0.27151027337930095,0.27998067516398206,0.2689920413962047,0.27196812629699707,974904000
2010-09-30,0.27540205728157874,0.2786070822069447,0.2651002440817455,0.26738953590393066,787632000
2010-10-01,0.27128131439315845,0.2717391945694965,0.2577745041634253,0.2598348557949066,999120000
2010-10-04,0.25731658935546875,0.26166625941169885,0.2520512136508251,0.25731658935546875,749500000
2010-10-05,0.2628109691448407,0.263268822080592,0.2584612980289212,0.25914809107780457,753588000
2010-10-06,0.2591480086046143,0.26029265422496844,0.2442676155400105,0.24678581953048706,1057604000
2010-10-07,0.2479305393926098,0.2481594795014375,0.23762872572458732,0.24495448172092438,761488000
2010-10-08,0.24403867909922894,0.250677640169508,0.24060474218751707,0.2486172616481781,706932000
2010-10-11,0.2497619053062452,0.2518222838112482,0.24632796842174465,0.2474726140499115,442680000
2010-10-12,0.24541230085295862,0.2534248214913699,0.24335192202877623,0.25228017568588257,605208000
2010-10-13,0.25640094631410826,0.2632688222257018,0.25365380140757343,0.25960594415664673,968732000
2010-10-14,0.259834850098191,0.26029270297398094,0.25434053371718357,0.2554852068424225,599172000
2010-10-15,0.2596060024051177,0.2625820880926629,0.2554852977659988,0.2584613561630249,639940000
2010-10-18,0.2586902705701809,0.2612085029682555,0.2541116860576936,0.26006385684013367,448156000
2010-10-19,0.2543406242333869,0.26029279560847723,0.25228027191382746,0.2584613561630249,866136000
2010-10-20,0.2586902963276511,0.2655581737802081,0.2541117113592798,0.2584613561630249,763532000
2010-10-21,0.25869019970025614,0.2591480525679697,0.2499908860516626,0.25388267636299133,1014428000
2010-10-22,0.2554852272411539,0.27219706322063186,0.2527380551860528,0.27013668417930603,1322676000
2010-10-25,0.27219703814393337,0.2747152698656084,0.26967880642225833,0.2726548910140991,673136000
2010-10-26,0.2694498932185932,0.2758599152625955,0.26716060158077154,0.2717391848564148,675248000
2010-10-27,0.26922090033855367,0.27654662668474733,0.26853410752380036,0.275630921125412,496796000
2010-10-28,0.2792938295400583,0.28020953520298675,0.27334166085950334,0.27585989236831665,704448000
2010-10-29,0.2754021299264756,0.27814930267014926,0.2724260716050265,0.27517321705818176,554664000
2010-11-01,0.27700450675491867,0.281354149097517,0.27334162993657,0.275630921125412,473920000
2010-11-02,0.2767756645280281,0.2859328325193962,0.2751731655876414,0.28135424852371216,581036000
2010-11-03,0.2831856919624531,0.2852460711667037,0.27585996291409387,0.2834146320819855,671748000
2010-11-04,0.2861618072378112,0.289137892652974,0.28341466196632115,0.28387251496315,700016000
2010-11-05,0.2859327560919838,0.2911981317377327,0.2845591976347272,0.28867992758750916,735116000
2010-11-08,0.288450959767905,0.29234274929128756,0.28616166860232667,0.28982454538345337,605156000
2010-11-09,0.28982451055744407,0.29211380144793575,0.2866194869364557,0.28822198510169983,633964000
2010-11-10,0.2902824315300079,0.2916560173034668,0.28616170150013753,0.2916560173034668,521016000
2010-11-11,0.28478811039901697,0.29348742312366644,0.28089632050103075,0.28867992758750916,1089980000
2010-11-12,0.29966861498992403,0.313175454295415,0.29829502886037795,0.30356040596961975,2142560000
2010-11-15,0.30493383439929084,0.30928347607586587,0.29921060730353455,0.29989737272262573,733548000
2010-11-16,0.29486098253206006,0.29898171211674507,0.29051134020353353,0.29096919298171997,739356000
2010-11-17,0.29074029151797515,0.2992106918454025,0.28799314719390745,0.29577675461769104,551764000
2010-11-18,0.2996684714104027,0.3079099296579394,0.2996684714104027,0.3049338459968567,993120000
2010-11-19,0.3042471003035726,0.3159224967444061,0.30378924750580566,0.31477785110473633,716484000
2010-11-22,0.31271750125583053,0.3168382037445052,0.3099703298760409,0.3150067925453186,462668000
2010-11-23,0.3113439611954005,0.3145489585541949,0.3053917920542007,0.3076810836791992,457832000
2010-11-24,0.3108861792295891,0.31638046946641674,0.3106572390986734,0.31523582339286804,397784000
2010-11-26,0.3150067852039546,0.3168381963604594,0.3113439083099365,0.3113439083099365,143104000
2010-11-29,0.3099703285019214,0.3159224967444061,0.3085967701086206,0.31477785110473633,468192000
2010-11-30,0.3099704697919243,0.3131754954182096,0.3058497381527101,0.31157296895980835,720936000
2010-12-01,0.31775395380800503,0.32736897228540957,0.31729610098346317,0.325308620929718,626536000
2010-12-02,0.32530865623889993,0.33126082547551494,0.3250797161565266,0.3292004466056824,529316000
2010-12-03,0.3275979340600812,0.3385865390300751,0.32691114113248626,0.3385865390300751,606044000
2010-12-06,0.33973126533950543,0.34041805842989176,0.3308030370360267,0.3321765959262848,438424000
2010-12-07,0.33996007413196966,0.3509486774614538,0.3392732813069074,0.3429361581802368,1026812000
2010-12-08,0.34247837001806103,0.34957515777483045,0.3399601382811533,0.34591230750083923,613252000
2010-12-09,0.3376708353449146,0.34247835857639597,0.33286331211343323,0.34018903970718384,942408000
2010-12-10,0.34018907406455334,0.3454544506854501,0.33927336825679344,0.34224945306777954,451900000
2010-12-13,0.34362299459227047,0.3443097602139417,0.33263436257842566,0.3335500955581665,609108000
2010-12-14,0.3399600871593088,0.3461411682407214,0.3335500660306011,0.3340079188346863,755160000
2010-12-15,0.3346947910617058,0.33881552185674796,0.32622438937003134,0.32668226957321167,624176000
2010-12-16,0.33011620752167997,0.331947646463797,0.32622438953573957,0.32714012265205383,631872000
2010-12-17,0.32736894965191643,0.3308029138248303,0.32347715997661997,0.3289714753627777,593156000
2010-12-20,0.33011623772030796,0.3317187367073131,0.32736906541056876,0.3275980055332184,344088000
2010-12-21,0.33080287505502487,0.34041789174079895,0.3305739350401607,0.34041789174079895,466952000
2010-12-22,0.3397311360549975,0.3445386585676871,0.3365261392402072,0.3440808057785034,477988000
2010-12-23,0.34408074033404024,0.34408074033404024,0.34018892413994495,0.34156250953674316,273784000
2010-12-27,0.3406469559387091,0.34591233258556997,0.3344658461890617,0.34339410066604614,255500000
2010-12-28,0.34339406770194164,0.34568335930338057,0.3399601302997833,0.3420204818248749,194260000
2010-12-29,0.3417915690390361,0.34453871350266113,0.3388154844990638,0.3420204818248749,177660000
2010-12-30,0.34156269007814727,0.3452255682120479,0.34041804407261744,0.34316518902778625,174488000
2010-12-31,0.3433940847884608,0.3530091318253343,0.342936231903493,0.35255125164985657,391252000
2011-01-03,0.3552984690929105,0.3656002831327592,0.3548405888587287,0.3621663451194763,817448000
2011-01-04,0.36285295685726565,0.3644554550045697,0.35300900068025526,0.3610215187072754,651384000
2011-01-05,0.36766067094840493,0.38918006159911145,0.36399781975064976,0.38872218132019043,1428216000
2011-01-06,0.3987950165284767,0.44274946913275687,0.39765037060448294,0.44252052903175354,3493312000
2011-01-07,0.43748391062727987,0.4562561178123714,0.42763995431350016,0.45488253235816956,2579984000
2011-01-10,0.44664130335947555,0.4731971023012705,0.44320736525271837,0.47228139638900757,1750348000
2011-01-11,0.47869118910949554,0.48326977078577293,0.4548825207280538,0.4649553894996643,2711088000
2011-01-12,0.4651846355716091,0.5350080752699683,0.463582136482647,0.5345502495765686,3431896000
2011-01-13,0.5288268153514059,0.545767615719701,0.5123438951047994,0.5354657769203186,2695192000
2011-01-14,0.526308560355488,0.5489725598626566,0.5231035635559309,0.5400443077087402,1595352000
2011-01-18,0.5327186196587175,0.536381496987556,0.5144042875955397,0.5274532437324524,1813348000
2011-01-19,0.527682339938372,0.5402734190157639,0.5118862083025089,0.5130308270454407,1197896000
2011-01-20,0.5079944788209514,0.516464855037044,0.4988372548624073,0.51348876953125,1111408000
2011-01-21,0.5189830201370963,0.5263087769054192,0.5077654721421738,0.5086811780929565,739244000
2011-01-24,0.5320318634608138,0.5734681354007661,0.5260797487943705,0.5661423802375793,2056900000
2011-01-25,0.5636242762686122,0.5695764471536976,0.5450810250475695,0.5487439036369324,1086856000
2011-01-26,0.5544668581856101,0.5723233628250833,0.5505750684880091,0.5617926120758057,1074660000
2011-01-27,0.569805126204529,0.5711786572219745,0.5494304187101811,0.5601900815963745,657396000
2011-01-28,0.5615638491851563,0.5709499295147178,0.5311162071554324,0.5439362525939941,1094796000
2011-01-31,0.5448519006802732,0.5551536847213454,0.5359236478186015,0.5475990176200867,750160000
2011-02-01,0.5524065026464907,0.564310783810723,0.5487436259109554,0.5601900815963745,654104000
2011-02-02,0.5569851594693359,0.5991081656943614,0.5569851594693359,0.5856013298034668,1606616000
2011-02-03,0.5865171356791833,0.5865171356791833,0.5620216639255405,0.5746127963066101,1030776000
2011-02-04,0.582625274878124,0.5922402666775116,0.5803359833190771,0.5876616835594177,872900000
2011-02-07,0.5796491201754844,0.58216732421108,0.5611058225867984,0.5631662011146545,934236000
2011-02-08,0.5638533022141422,0.5675161811835902,0.5439364080517138,0.546454668045044,1076584000
2011-02-09,0.5485149128067899,0.5540092577470204,0.5233326986278487,0.5331766605377197,1277520000
2011-02-10,0.5212721570295866,0.5313450832307953,0.5173803669622618,0.5224168300628662,1042352000
2011-02-11,0.520585471689392,0.5542381126031355,0.5121150969008254,0.5372973084449768,1359276000
2011-02-14,0.5437072283176058,0.56087694118068,0.5269953955688716,0.5290557742118835,1287828000
2011-02-15,0.5299717018197445,0.5318031138821032,0.5139466006594462,0.5162359476089478,886980000
2011-02-16,0.5231037607659625,0.5427916836441693,0.5212722943464614,0.5352370142936707,1318364000
2011-02-17,0.5201275323428881,0.5954452922698464,0.5176092735322635,0.587890625,3470096000
2011-02-18,0.5846854798351854,0.5940716115198038,0.5775886938237463,0.5867458581924438,1394412000
2011-02-22,0.5675159066876877,0.5691184052277803,0.5295136035190159,0.5313450694084167,1396648000
2011-02-23,0.5313452708756237,0.5363816811738243,0.49860833103215124,0.5061630010604858,1491604000
2011-02-24,0.508681167055176,0.5274533842535245,0.5050183433315241,0.5185251832008362,1246120000
2011-02-25,0.5324898927801525,0.5379841834010185,0.5251641355649752,0.5292848944664001,775652000
2011-02-28,0.5379842303891859,0.5382131978466193,0.5068498413769195,0.5187541842460632,903696000
2011-03-01,0.5196696706783502,0.5263086325169841,0.4956320822238922,0.4956320822238922,988448000
2011-03-02,0.4949453481655648,0.5043314828001638,0.463582055803666,0.47502851486206055,1718140000
2011-03-03,0.4860170644750317,0.48876423631611815,0.46335306052912495,0.47777560353279114,1593704000
2011-03-04,0.4782332713947197,0.4830407654013796,0.4699918141111638,0.47525718808174133,959760000
2011-03-07,0.47869134947375414,0.4802938481391973,0.4567141118584267,0.4686184227466583,1019140000
2011-03-08,0.4736547885933194,0.4761729924661324,0.4377128686706836,0.44755685329437256,1947184000
2011-03-09,0.4461833407546637,0.4505330109952751,0.43427900307762823,0.43817082047462463,1318976000
2011-03-10,0.42809799681232646,0.4313029945722526,0.409783634229637,0.4102415144443512,1722736000
2011-03-11,0.41367542473986024,0.4246640306408703,0.40428931761200554,0.41321754455566406,1486832000
2011-03-14,0.4164225770564747,0.42695333025761073,0.40978361445905903,0.41665151715278625,1003360000
2011-03-15,0.39627681543245663,0.4111572408934338,0.3894089393537812,0.4042893648147583,1256280000
2011-03-16,0.40062642253810377,0.42008542893720324,0.3960478392184355,0.4013132154941559,1476520000
2011-03-17,0.4120728630702341,0.41275965599667425,0.3937585305812065,0.40886786580085754,1238516000
2011-03-18,0.4152779077779377,0.4166514936974596,0.40291571637376933,0.4033735692501068,886960000
2011-03-21,0.41207285938570243,0.41619358961698993,0.40245784037303683,0.40657857060432434,751832000
2011-03-22,0.4054339728049644,0.40932576342645977,0.39765036427146266,0.39948180317878723,718332000
2011-03-23,0.39879493562997265,0.40886783409206245,0.39009562291423794,0.40772318840026855,782396000
2011-03-24,0.4164225824229403,0.44526769769489294,0.41550687660691504,0.44023123383522034,1780592000
2011-03-25,0.44412303074913806,0.44526767661022304,0.4258086696812681,0.4264954626560211,1196392000
2011-03-28,0.43656838988452484,0.44961737616430886,0.4326765989284987,0.44229164719581604,1204284000
2011-03-29,0.44229158230502813,0.4438940810176327,0.43290547553182945,0.43885764479637146,715764000
2011-03-30,0.44229158483849795,0.44412302364504064,0.4168804089221688,0.4223747253417969,1176320000
2011-03-31,0.4230615469829346,0.4276401306643973,0.41482008544009696,0.42260366678237915,655112000
2011-04-01,0.42809797615814676,0.428555829060259,0.41092826035959507,0.41665151715278625,850072000
2011-04-04,0.4166513989416817,0.4177960445174623,0.3987948952109007,0.4017709791660309,924328000
2011-04-05,0.4077232695835059,0.41092826724248493,0.4015421597846713,0.4024578928947449,821076000
2011-04-06,0.40543385325124315,0.40589170602043556,0.39627666141487905,0.39971062541007996,856984000
2011-04-07,0.4006264703577201,0.41688045399885576,0.39902397146266044,0.41436222195625305,1021208000
2011-04-08,0.4175671044861049,0.4175671044861049,0.4006263335902503,0.4017709791660309,746552000
2011-04-11,0.40337364944954773,0.4054340287384786,0.3921561289417005,0.39650577306747437,546208000
2011-04-12,0.3926139834242205,0.40039756577106894,0.38528822675599256,0.39765042066574097,840756000
2011-04-13,0.4017710474527376,0.4090967749247444,0.3967346115213897,0.40657857060432434,749588000
2011-04-14,0.40291571929413267,0.42397722466340615,0.4006264276053429,0.42374828457832336,1254704000
2011-04-15,0.42054329648438993,0.4335922812331486,0.41848291754434425,0.42832690477371216,969720000
2011-04-18,0.41825407136626724,0.4210012164333969,0.4074943766433616,0.41413334012031555,743584000
2011-04-19,0.4143621614830191,0.41596468743471393,0.4013132048269184,0.4125307500362396,659860000
2011-04-20,0.42764019534603737,0.43382127879281407,0.41825408646316187,0.4251219630241394,650516000
2011-04-21,0.42970054587304135,0.4324477183200946,0.423061609470532,0.4239773154258728,421300000
2011-04-25,0.4258087058316567,0.4377130183394932,0.4255797657237991,0.43061622977256775,619612000
2011-04-26,0.434279007396136,0.44618334519154923,0.42992936440277885,0.4418336749076843,676000000
2011-04-27,0.44412299372953956,0.44412299372953956,0.4326765087822943,0.4418336749076843,450004000
2011-04-28,0.44183377196025353,0.4555695514560278,0.43679733494309403,0.44664129614830017,684000000
2011-04-29,0.44961739794729993,0.46793173490107876,0.4489306048534303,0.4578588604927063,836000000
2011-05-02,0.4674739011464686,0.46770281398012564,0.44938847734287474,0.45167776942253113,613824000
2011-05-03,0.4464123885331795,0.4477859473954402,0.42466408666365485,0.4301583766937256,808000000
2011-05-04,0.4315318088155136,0.43633933134371367,0.4189407069745655,0.4269532263278961,639356000
2011-05-05,0.42351940903730695,0.4322187236780179,0.41779617931190655,0.42718228697776794,544000000
2011-05-06,0.4361105369409653,0.4464123782688787,0.4326765989284987,0.44229164719581604,841080000
2011-05-09,0.4436651322399678,0.45442482472198215,0.44252048642617975,0.45213553309440613,706328000
2011-05-10,0.45579838219992747,0.45625623503879803,0.44824368755128113,0.4528222978115082,690976000
2011-05-11,0.4551114723640366,0.45969002686687577,0.44870145239526144,0.45488253235816956,616000000
2011-05-12,0.45328034868478795,0.46976327640943893,0.4521357024422716,0.4693053960800171,1224000000
2011-05-13,0.43954446705749567,0.4406891130410889,0.41482010835377925,0.41802510619163513,2025192000
2011-05-16,0.41688044056895246,0.41779617368699495,0.40497612835849334,0.40520504117012024,728188000
2011-05-17,0.40383151041333737,0.40406042324082736,0.3919271700874256,0.40360257029533386,1420364000
2011-05-18,0.4052048783375936,0.416422420314865,0.4038313201482649,0.41298848390579224,658844000
2011-05-19,0.4161936203237397,0.4164225604108999,0.40085537132777155,0.4070364534854889,650884000
2011-05-20,0.40612081775505404,0.4150490460458539,0.40428937861346276,0.41413334012031555,575820000
2011-05-23,0.40818102258575817,0.41665142215077094,0.40291564718576517,0.41367533802986145,588000000
2011-05-24,0.41573575117751566,0.43198973259580475,0.41459110536750965,0.415277898311615,720372000
2011-05-25,0.41321755602003524,0.42306154360519926,0.40909682528151653,0.42031437158584595,545312000
2011-05-26,0.420314445855202,0.4345080794948315,0.41916979974171675,0.4308452010154724,706436000
2011-05-27,0.43267654720697046,0.44709909059338315,0.432218694318142,0.4464123249053955,658824000
2011-05-31,0.4551115973746138,0.4590034148003613,0.4441229925941367,0.4587744474411011,1200716000
2011-06-01,0.4567140926103466,0.45740088552102287,0.43725508749688713,0.43817082047462463,762208000
2011-06-02,0.4388575485485449,0.44206254527085176,0.4308450021617709,0.43611037731170654,607592000
2011-06-03,0.43107406842549445,0.4349658590966355,0.4205433150419255,0.42260366678237915,549300000
2011-06-06,0.421916797550764,0.425808587267105,0.413217457941641,0.41367533802986145,435988000
2011-06-07,0.4168804837455546,0.4191697758419969,0.4116151064656344,0.4134465456008911,433956000
2011-06-08,0.411386267995048,0.4139044733820324,0.3990240720652831,0.40222907066345215,569288000
2011-06-09,0.40200009209881565,0.40291579803708666,0.3832278747496253,0.39765042066574097,741632000
2011-06-10,0.3983371454092322,0.40085537724311615,0.38872209825477355,0.3919271230697632,493548000
2011-06-13,0.39192708938990467,0.39696352533436136,0.3864327733037182,0.38917994499206543,574760000
2011-06-14,0.3926139758786754,0.4010843511616947,0.3907825367468164,0.3923850357532501,534576000
2011-06-15,0.3871196173565969,0.38940890920558413,0.3759020709222525,0.38391461968421936,935916000
2011-06-16,0.3841434783590876,0.3900956472438449,0.3651423532321397,0.37063664197921753,1024908000
2011-06-17,0.3749862972836932,0.37521523734339335,0.3504908570970488,0.3619373142719269,1467884000
2011-06-20,0.3587323409149894,0.36628700860837116,0.3548405233856202,0.35758769512176514,745960000
2011-06-21,0.35896135260960393,0.36811854876913286,0.35552741428372403,0.36537137627601624,704276000
2011-06-22,0.36285304507460314,0.3676605406853204,0.3596480207102853,0.3603348135948181,651720000
2011-06-23,0.3557561639763706,0.37361263917002574,0.3525511402136369,0.3710944354534149,744024000
2011-06-24,0.36926306651273255,0.37246806358654405,0.35804552217337954,0.3603348135948181,529052000
2011-06-27,0.36033489167869204,0.3626241835962158,0.34018909005586834,0.35278022289276123,1142152000
2011-06-28,0.3527801951985665,0.3589612774325465,0.3502619633707734,0.35484054684638977,692200000
2011-06-29,0.3571297892305002,0.36399769078532246,0.3447676264709343,0.3603348135948181,960544000
2011-06-30,0.36125067423747775,0.36880534462756753,0.3557563833849678,0.36491355299949646,652300000
2011-07-01,0.364913324461586,0.37109443191270347,0.357587598816022,0.36972084641456604,540804000
2011-07-05,0.36926319449789313,0.3726971328202405,0.36033493848548054,0.3635399639606476,535296000
2011-07-06,0.3633109862813595,0.36399777933296457,0.3543827311915199,0.3587324023246765,529580000
2011-07-07,0.36056378210938766,0.36239519355867106,0.3536958800125405,0.3601059019565582,986136000
2011-07-08,0.3550695149645204,0.3575877469910953,0.3502619910194273,0.3532380759716034,619516000
2011-07-11,0.3465991813986309,0.3479727403382111,0.33996021767385526,0.34087592363357544,714388000
2011-07-12,0.3392733583600366,0.3424783831747262,0.3305740442780367,0.33629727363586426,867604000
2011-07-13,0.34087597663916586,0.3431652691849626,0.33240559967782185,0.33561059832572937,634368000
2011-07-14,0.33698404354322364,0.33904439505476286,0.32073006236371804,0.32233256101608276,1088996000
2011-07-15,0.32416408975131644,0.326224441834937,0.31615156697421176,0.3227905035018921,827736000
2011-07-18,0.3202722289603079,0.32210364050825946,0.3118018277437365,0.3159225583076477,818200000
2011-07-19,0.31683830923225853,0.32622441756036097,0.31683830923225853,0.32553765177726746,602224000
2011-07-20,0.3266822309579784,0.3285136423921729,0.3205011218507928,0.32141685485839844,662956000
2011-07-21,0.3218746459729052,0.3388154168135844,0.31706712365408335,0.33652612566947937,1143420000
2011-07-22,0.3395023100281094,0.34453874657664585,0.3351526391935238,0.34339410066604614,737192000
2011-07-25,0.3381287144047877,0.3395023003746551,0.33309227799945795,0.337899774312973,566920000
2011-07-26,0.32828468420601636,0.3365261436821219,0.3248507473060565,0.32965826988220215,698276000
2011-07-27,0.32507972837255733,0.32668225442837306,0.31638041427310043,0.3172961473464966,652212000
2011-07-28,0.31615152969707677,0.3232483183742841,0.31111506557004304,0.31660938262939453,648176000
2011-07-29,0.3134043575221446,0.31958546762522916,0.3118018586137761,0.31660938262939453,677656000
2011-08-01,0.3239350493686792,0.33446580124739983,0.32118790501047173,0.3335500955581665,1019620000
2011-08-02,0.33126082840666576,0.35209339362864533,0.3301161825656891,0.3301161825656891,1356432000
2011-08-03,0.33080284253228875,0.34018891828041076,0.327597819091797,0.3390442728996277,765236000
2011-08-04,0.3328632537092556,0.3328632537092556,0.3067653179168701,0.3067653179168701,979732000
2011-08-05,0.31386229898135354,0.3177540906011351,0.28845111514843663,0.29646363854408264,1270588000
2011-08-08,0.28204102865186725,0.2921139293549191,0.27128133492284406,0.27311277389526367,1084180000
2011-08-09,0.2783782121658108,0.2964636384867996,0.2747153607028198,0.2960057854652405,1329832000
2011-08-10,0.2873063899513759,0.29554785123703486,0.2808963675392534,0.28249886631965637,1140052000
2011-08-11,0.2824989293385386,0.31111511012880994,0.2824989293385386,0.30699437856674194,1078792000
2011-08-12,0.3397312381928229,0.34018909111965695,0.2900535543042909,0.2948610782623291,3195784000
2011-08-15,0.29783712228968245,0.30676537594320924,0.2962346236207444,0.30607858300209045,864152000
2011-08-16,0.3026446918658306,0.30676542285215497,0.2918849978208411,0.2973793148994446,716868000
2011-08-17,0.2982948627599688,0.30333132423682757,0.2893666397609889,0.2932584285736084,553328000
2011-08-18,0.27998052560115244,0.282727668930344,0.2701365430314294,0.273341566324234,802564000
2011-08-19,0.26876309377432817,0.2836434890605753,0.2667027149757736,0.2685341536998749,761332000
2011-08-22,0.2760887096534256,0.2792937329462302,0.27036548301323593,0.273341566324234,611876000
2011-08-23,0.2799806362384177,0.3031024919178251,0.27952275609386856,0.30287355184555054,938312000
2011-08-24,0.30218681040197304,0.3031025161833639,0.29074032439152486,0.2985239326953888,687500000
2011-08-25,0.29257177293564296,0.297837149579321,0.2852460445703354,0.2857038974761963,690968000
2011-08-26,0.2845592976187118,0.30081328308611444,0.2795228329676187,0.29783719778060913,732660000
2011-08-29,0.3063075515608241,0.3069943172752921,0.2992107359935583,0.30584967136383057,601528000
2011-08-30,0.30378930315150626,0.31569361452650757,0.3017289242483941,0.31317541003227234,684760000
2011-08-31,0.3154647171061469,0.3186697147242922,0.3021868191485958,0.30470502376556396,705808000
2011-09-01,0.3088257529398601,0.3154647155307366,0.30378931644056434,0.3040182292461395,762312000
2011-09-02,0.2971503131344713,0.3012710432658265,0.2934874358420429,0.29577675461769104,471356000
2011-09-06,0.28616171627012393,0.30241569716946165,0.2834145718719211,0.30172890424728394,696248000
2011-09-07,0.3262243866920471,0.3351526412230981,0.31729615945150746,0.3262243866920471,1606620000
2011-09-08,0.32301929823202374,0.3308029046574171,0.31935642140942644,0.3246217966079712,880164000
2011-09-09,0.32187467065416003,0.33057398312692055,0.3150067966952183,0.31775394082069397,869828000
2011-09-12,0.3134042837485915,0.32805576516747553,0.3134042837485915,0.325308620929718,916480000
2011-09-13,0.32805586478831533,0.33423697531342267,0.3230194276079255,0.33263444900512695,853836000
2011-09-14,0.34133378773612316,0.3541538343080564,0.34110484761177945,0.349804162979126,1547192000
2011-09-15,0.35758771876416773,0.3594191576125163,0.3516355493296624,0.35484054684638977,752908000
2011-09-16,0.35552730950809297,0.3685762931332502,0.35209337219421116,0.35392481088638306,1391588000
2011-09-19,0.3479726008044149,0.35049083211963117,0.337670790081174,0.3465990424156189,968204000
2011-09-20,0.35094876036395967,0.35232234633855813,0.3360683638980219,0.33767086267471313,792436000
2011-09-21,0.33950241335401704,0.3454545575263349,0.331032009205244,0.33126094937324524,715252000
2011-09-22,0.31821177680049284,0.3186696295821115,0.30333138400961385,0.3092835247516632,1314632000
2011-09-23,0.30745221208935275,0.32462190157756643,0.3056207730858408,0.3156936466693878,1011440000
2011-09-26,0.3195854662825973,0.3205011721433858,0.30218683660351453,0.31638044118881226,972124000
2011-09-27,0.32439286837828873,0.3271400122188505,0.31431997124222594,0.31683817505836487,781388000
2011-09-28,0.31752498130243534,0.32553752772039013,0.3021867358594151,0.3072231709957123,1236532000
2011-09-29,0.31271750294185047,0.3179828783941624,0.29188491388848276,0.2996685206890106,866416000
2011-09-30,0.2948610356318908,0.2964635342893799,0.28593278204215133,0.28639066219329834,677784000
2011-10-03,0.28272784922254335,0.29165610484898047,0.2703656554222107,0.2703656554222107,949896000
2011-10-04,0.26372661678734366,0.2953188717365265,0.2625819710554388,0.2953188717365265,1361548000
2011-10-05,0.2946321250572011,0.30859684338374715,0.288679982691908,0.30584967136383057,856708000
2011-10-06,0.30745216004393217,0.31889861776508793,0.30699427990267963,0.31798291206359863,773192000
2011-10-07,0.31935644911072353,0.32874255472622443,0.31271751499571476,0.32393503189086914,806976000
2011-10-10,0.3294293448679853,0.3383575975894928,0.32874255199856073,0.3383575975894928,534376000
2011-10-11,0.3356104787345644,0.3411047952609482,0.33355012709373927,0.3346947729587555,816080000
2011-10-12,0.341104702701103,0.34133364272818667,0.33423682937462507,0.33446574211120605,612064000
2011-10-13,0.3328633068621683,0.354611603807261,0.3319476011613363,0.35392481088638306,854832000
2011-10-14,0.3601059031049345,0.36376878059619944,0.3511776767444257,0.35987699031829834,702452000
2011-10-17,0.355756258724017,0.355756258724017,0.34018904308562203,0.3420204818248749,611780000
2011-10-18,0.3401891489943797,0.35529851647448446,0.33812879682785274,0.35438278317451477,590916000
2011-10-19,0.3548405651216431,0.3610216749644773,0.3463701907136076,0.3472858965396881,557568000
2011-10-20,0.3378996398742796,0.3392732252976444,0.31683814226535034,0.32988712191581726,990308000
2011-10-21,0.3340078534582507,0.3395021679033681,0.32599533543830833,0.331489622592926,628428000
2011-10-24,0.33286331868959135,0.3491173001357109,0.33217652574431,0.3438519239425659,535256000
2011-10-25,0.33904441080462355,0.34179158266830323,0.3301161841191936,0.3308029770851135,577996000
2011-10-26,0.33721300477799515,0.339044416329613,0.32507972586021133,0.3346947729587555,503116000
2011-10-27,0.3470569868847045,0.3525512764721782,0.33927337813018615,0.34911733865737915,577732000
2011-10-28,0.3461412650222477,0.36033489695098075,0.3452255591580448,0.35712987184524536,490156000
2011-10-31,0.3456832335676256,0.3477436116338021,0.3388153612613678,0.3388153612613678,519984000
2011-11-01,0.32645313997561415,0.3273688452694129,0.31866953581634144,0.32187455892562866,790824000
2011-11-02,0.3250797560283536,0.32668228222050244,0.30974150547181395,0.31638044118881226,961608000
2011-11-03,0.3198142940557492,0.3360683007317471,0.31134392157914964,0.33538150787353516,749372000
2011-11-04,0.33240548802138065,0.34041800924022875,0.32714011147660693,0.3392733633518219,654840000
2011-11-07,0.3367550390245773,0.342478294185795,0.32965825283919326,0.3374418318271637,613536000
2011-11-08,0.3417915755142012,0.3472858645455393,0.33629725919235404,0.3452255129814148,549728000
2011-11-09,0.3372128714583363,0.34156251310953006,0.3264531827487002,0.32782676815986633,532244000
2011-11-10,0.3358395344091141,0.3392734731860158,0.3230194853924734,0.33126094937324524,990484000
2011-11-11,0.34064686695703195,0.34568330218998183,0.32210356984236693,0.3429361581802368,1751560000
2011-11-14,0.3429362360652503,0.3463701736799468,0.33538156785481593,0.33629727363586426,500292000
2011-11-15,0.33309225485991284,0.34316512697082124,0.33217652184677937,0.3406469225883484,505660000
2011-11-16,0.33423691717319376,0.34316514392671305,0.33263439114365606,0.3337790369987488,512420000
2011-11-17,0.3330920988723905,0.33400780416618925,0.31592239264444927,0.32187455892562866,657504000
2011-11-18,0.32370617163885307,0.32370617163885307,0.3154647103814314,0.31889864802360535,501352000
2011-11-21,0.3138622364938698,0.33812874200562165,0.3090547124974149,0.33492374420166016,1330788000
2011-11-22,0.3385865508371631,0.34705695175536383,0.33675511206321407,0.3452255129814148,1287480000
2011-11-23,0.3415626103896951,0.34408084193054866,0.3303450657783105,0.33057400584220886,825340000
2011-11-25,0.3262243508089214,0.33377901849175284,0.3205011218507928,0.32141685485839844,406620000
2011-11-28,0.3319476073016942,0.3445387110188374,0.3319476073016942,0.3395022749900818,690616000
2011-11-29,0.3390443390047041,0.3456832998819746,0.3358393422298176,0.34133365750312805,623440000
2011-11-30,0.35163540780449787,0.3587322202516035,0.34865932428505036,0.3578164875507355,730324000
2011-12-01,0.3548405888587287,0.36308205100681307,0.3532380899106327,0.3621663451194763,529760000
2011-12-02,0.3660580722056128,0.3674316580874643,0.35644305290417827,0.35987699031829834,546464000
2011-12-05,0.3658292720357749,0.36628712504050126,0.35140669770801813,0.35438278317451477,644696000
2011-12-06,0.35644309585857253,0.35712986159175064,0.34568340216528887,0.3493462800979614,573832000
2011-12-07,0.34705698372842375,0.34980412849717696,0.33996016805950907,0.3472858965396881,510016000
2011-12-08,0.34385194184629864,0.3495751712041261,0.3351526277642987,0.33629727363586426,491488000
2011-12-09,0.33377890407040034,0.3438517999579643,0.32920032247346187,0.341104656457901,555840000
2011-12-12,0.33377909505932984,0.3351526812405792,0.3264533657705342,0.33263444900512695,573208000
2011-12-13,0.3369840143769486,0.3411047443338824,0.3214168274788131,0.323477178812027,516596000
2011-12-14,0.3207300744873811,0.322561513283816,0.30745217732636465,0.31088611483573914,636020000
2011-12-15,0.3161515764733761,0.31821192861890246,0.3074522603101776,0.30813902616500854,435148000
2011-12-16,0.31065711038702276,0.31660927841957587,0.3079099664068074,0.3092835247516632,619116000
2011-12-19,0.3106571266891144,0.31432000371528446,0.3001263757067544,0.3012710213661194,463276000
2011-12-20,0.30813901114589853,0.31935655919844136,0.30813901114589853,0.3182119131088257,445208000
2011-12-21,0.3163804078915051,0.31981434544382786,0.30791003405387773,0.31409111618995667,548424000
2011-12-22,0.3150068991787986,0.32851371144278874,0.3150068991787986,0.3275980055332184,576560000
2011-12-23,0.32920047084592957,0.32965835104439173,0.3216458023479506,0.32439297437667847,248948000
2011-12-27,0.323019204188125,0.32691099262251355,0.32095882634133416,0.32187455892562866,195712000
2011-12-28,0.3218746644103893,0.322561457251062,0.3136332049033262,0.313862144947052,233960000
2011-12-29,0.3170672686151325,0.3205012069012638,0.312488684233624,0.31981441378593445,211112000
2011-12-30,0.3186697060208254,0.32210364364241284,0.3168382671645434,0.3172961473464966,186956000
2012-01-03,0.32736899660054714,0.32965831547430696,0.32073006192532133,0.32141685485839844,468044000
2012-01-04,0.3216458308464502,0.32645335503216943,0.3186697457453152,0.3250797688961029,347372000
2012-01-05,0.3234772005117709,0.33835762282405896,0.3221036146704804,0.33675509691238403,563548000
2012-01-06,0.33652617835900395,0.3367550911349532,0.3289715109425309,0.33286330103874207,533252000
2012-01-09,0.3330922411051987,0.33927332270394667,0.33057400953620525,0.33286330103874207,508244000
2012-01-10,0.33789964246697984,0.3381285824694638,0.32920033173008534,0.331489622592926,546328000
2012-01-11,0.32851361773484977,0.33148970202780165,0.3234771820878192,0.32485076785087585,484272000
2012-01-12,0.32553767600074074,0.3257665888486342,0.315693686697393,0.3227905035018921,652364000
2012-01-13,0.32050113979324857,0.3211879327647741,0.3127175588906527,0.31432005763053894,504300000
2012-01-17,0.31912760328679274,0.31912760328679274,0.30905470268325924,0.30951255559921265,627176000
2012-01-18,0.3154646826984357,0.32256149745236545,0.31386218406414745,0.32004326581954956,632676000
2012-01-19,0.3227903936761244,0.3289715024049658,0.3193564565114377,0.32851362228393555,608312000
2012-01-20,0.32805585665980946,0.3319476749800803,0.3243930057514264,0.32553765177726746,546272000
2012-01-23,0.3257664304395668,0.33469468213828973,0.3216457009855795,0.33446574211120605,562792000
2012-01-24,0.33217652248058577,0.34339406770194164,0.331947609694747,0.3420204818248749,730920000
2012-01-25,0.33286331323483004,0.34087583378728714,0.32324826673947477,0.33996012806892395,1274152000
2012-01-26,0.3449965573791116,0.3488883748325988,0.33492368551134044,0.33675509691238403,799672000
2012-01-27,0.33469469662585755,0.343165068637061,0.33194755263445425,0.34133365750312805,449996000
2012-01-30,0.3353814251082389,0.34041785934139485,0.33034496358458426,0.3388153612613678,399076000
2012-01-31,0.33973115464398923,0.33996009469636007,0.33217648769232605,0.3381286561489105,357900000
2012-02-01,0.34202054261778697,0.345683420747356,0.3372130457745552,0.34179162979125977,428020000
2012-02-02,0.34362294273611604,0.35598510412772894,0.340188978693442,0.3546115458011627,696236000
2012-02-03,0.35987705311062107,0.36514243018909087,0.35919026004986176,0.3621663451194763,495232000
2012-02-06,0.36033487284472104,0.36079272574619226,0.35621414215045805,0.35941916704177856,278868000
2012-02-07,0.3598769607686317,0.3623951649579103,0.35392479215668876,0.3603348135948181,410296000
2012-02-08,0.36033495134324756,0.38048072901131325,0.3585035120478749,0.37338393926620483,847612000
2012-02-09,0.3779623414303056,0.3800226925865681,0.3724680261960995,0.37315481901168823,561944000
2012-02-10,0.36949195617962033,0.3708655418628083,0.36193728950309584,0.3639976680278778,440268000
2012-02-13,0.3731547828694086,0.37452836836754605,0.3621661807558121,0.36972084641456604,610668000
2012-02-14,0.36972102702127546,0.37498640428224245,0.3665160017234843,0.3717813789844513,453756000
2012-02-15,0.3752152218798394,0.38689061863324553,0.36926305347800387,0.370178759098053,1110856000
2012-02-16,0.34476765192910813,0.37956490593686293,0.3433940660586147,0.3765888214111328,1888588000
2012-02-17,0.37681780091597267,0.37933600555470015,0.3594191720915317,0.36285310983657837,1020360000
2012-02-21,0.36262417291488047,0.3736127792534202,0.3619373799017508,0.3646845519542694,518176000
2012-02-22,0.36285313818023557,0.3717813660985658,0.36170849217580797,0.3621663451194763,492432000
2012-02-23,0.362853140037392,0.3662870780682505,0.3571298826954476,0.36422669887542725,323968000
2012-02-24,0.36537125117175095,0.3658291312908347,0.35987696264781116,0.3614794611930847,366668000
2012-02-27,0.3569009567975907,0.35850345569520337,0.349117347838381,0.3541538119316101,745268000
2012-02-28,0.3541537757308758,0.358274506253892,0.3472858733321757,0.3509487509727478,699884000
2012-02-29,0.35209348069410473,0.3580456514552365,0.3465991902149957,0.3468281030654907,689196000
2012-03-01,0.34820163282297084,0.3532380694932404,0.34682804678084644,0.34911733865737915,449944000
2012-03-02,0.3479726385740229,0.3571298046552842,0.3479726385740229,0.352093368768692,684076000
2012-03-05,0.3495751460960729,0.3502619390277857,0.3376708353449146,0.34018903970718384,514848000
2012-03-06,0.33629730491269555,0.33904444980184484,0.33103192795569364,0.3369840979576111,471400000
2012-03-07,0.3388153601977702,0.34041785827276677,0.33423677867463797,0.3390442728996277,441984000
2012-03-08,0.33996012692361843,0.3436230043657479,0.3381286882025537,0.34018903970718384,430852000
2012-03-09,0.341104802231375,0.3436230341020744,0.3374419244722688,0.3392733633518219,367836000
2012-03-12,0.3406468800106891,0.3429361713216201,0.33309221322651594,0.3340079188346863,299948000
2012-03-13,0.33538154175530976,0.34041797774015875,0.3337790158274189,0.3385865390300751,553288000
2012-03-14,0.3385864931754233,0.33927328601000606,0.3278268297353079,0.3289714753627777,735708000
2012-03-15,0.3298872465495355,0.3356104758249991,0.3287426006944428,0.3337790369987488,382380000
2012-03-16,0.3340080393546546,0.33561053839243427,0.3321766001869715,0.3342369794845581,428340000
2012-03-19,0.3360684188719401,0.33767091791076737,0.3335501866034152,0.33515268564224243,405400000
2012-03-20,0.33332111953452326,0.33332111953452326,0.3266821857774694,0.32965826988220215,449616000
2012-03-21,0.32965838944416853,0.33400803351213076,0.32599551117287395,0.3310319483280182,467840000
2012-03-22,0.32851362713864496,0.3333211501564537,0.32759792146406574,0.33057400584220886,425372000
2012-03-23,0.32965836420151734,0.33400800793641794,0.3273690449893705,0.3330923020839691,315456000
2012-03-26,0.33629730491269555,0.33858659686873877,0.3330923070904402,0.3369840979576111,288600000
2012-03-27,0.3383576575573007,0.34339409400818877,0.3376708645661544,0.3392733633518219,419968000
2012-03-28,0.34362295858391817,0.35163547804185163,0.34110472726665153,0.34705689549446106,892448000
2012-03-29,0.3465991041806075,0.35140660033386056,0.342249433614701,0.3486594557762146,372700000
2012-03-30,0.35163554587992096,0.35461163056797657,0.34659910956425527,0.35255125164985657,527240000
2012-04-02,0.3516355439416688,0.3546116286133199,0.34591231468484346,0.3509487509727478,407776000
2012-04-03,0.353466973818931,0.353924826689791,0.3433940742074657,0.3452255129814148,430476000
2012-04-04,0.3399600905409409,0.34430973315877417,0.33332112929889934,0.33538150787353516,495896000
2012-04-05,0.33583945006264554,0.3399601810181051,0.3337790709396595,0.33492374420166016,369424000
2012-04-09,0.32965830016762965,0.3317186515806865,0.32416398424863296,0.33057400584220886,365504000
2012-04-10,0.3292005602797939,0.33377914518418866,0.32256162308462893,0.32416412234306335,470360000
2012-04-11,0.32851359359336973,0.33538149461344524,0.32736894797177457,0.32828468084335327,372960000
2012-04-12,0.3287426357145319,0.3378998035307627,0.3273690496258922,0.33606839179992676,384868000
2012-04-13,0.33309237928094443,0.33492381870080606,0.32393518218163614,0.32416412234306335,311324000
2012-04-16,0.32645325866445063,0.3273689642911731,0.3150068018778908,0.32027217745780945,463468000
2012-04-17,0.32118791204981356,0.3250797022501111,0.3198143261953518,0.3209589719772339,460696000
2012-04-18,0.3188987048070573,0.3205012038673124,0.31363332736006294,0.31752511858940125,400764000
2012-04-19,0.3134043226301914,0.32530866128819524,0.3111150309329614,0.3127175569534302,667188000
2012-04-20,0.3145490178843933,0.3154647510814235,0.3058497026104332,0.3065364956855774,509592000
2012-04-23,0.3012710532111529,0.30424713769818174,0.29554782430936966,0.30287355184555054,706244000
2012-04-24,0.30378936091931596,0.30630759318292156,0.2918850199901058,0.2934875190258026,730440000
2012-04-25,0.2978371400883701,0.30172893059993755,0.29234282352158925,0.2994396388530731,727112000
2012-04-26,0.29921066788674544,0.30218675203722656,0.2971502893407947,0.2996685206890106,539208000
2012-04-27,0.2992106025432427,0.3010420406428474,0.29394522824081654,0.29715022444725037,475356000
2012-04-30,0.29554790429399164,0.299210782698627,0.29348752495744096,0.29760825634002686,262268000
2012-05-01,0.2960056771634107,0.30607857640485403,0.2960056771634107,0.30287355184555054,408680000
2012-05-02,0.3017289830820246,0.3028736291545541,0.29257181450178876,0.29417431354522705,684008000
2012-05-03,0.29486106992079375,0.29669250886683135,0.28730640132495855,0.2891378402709961,419536000
2012-05-04,0.2873063256159387,0.2889088240375002,0.28066736459732056,0.28066736459732056,545092000
2012-05-07,0.28570386630650074,0.2905113895198272,0.283185634663233,0.2854749262332916,604440000
2012-05-08,0.2829566661621441,0.2870773960323528,0.2779202306721136,0.28524598479270935,462312000
2012-05-09,0.2802095530578985,0.28867995378699945,0.27746240860355886,0.28639066219329834,520608000
2012-05-10,0.28913783212391986,0.28959568502490035,0.27975172484652067,0.2843303084373474,597092000
2012-05-11,0.30791004522641463,0.3131754217891326,0.301271082676723,0.30241572856903076,1435140000
2012-05-14,0.29989752319946555,0.3051629002276214,0.29371644029272315,0.3005843162536621,437472000
2012-05-15,0.3005843416324787,0.3072233053295659,0.2962346974061752,0.29760825634002686,599940000
2012-05-16,0.29806603876209775,0.3014999759052386,0.2907402843576587,0.2916560173034668,470484000
2012-05-17,0.2928006881977057,0.29554783269036217,0.28959566354751587,0.28959566354751587,335364000
2012-05-18,0.29028237045379957,0.29165595593825233,0.2751730392868219,0.2765465974807739,567288000
2012-05-21,0.27700460464401766,0.28272783463862267,0.2751731655876414,0.28135424852371216,416260000
2012-05-22,0.28112533084486735,0.2815831837784287,0.27379957474583466,0.27792030572891235,410140000
2012-05-23,0.2749441437873056,0.28524598200749024,0.2708234139573328,0.2847881019115448,496000000
2012-05-24,0.2863907062845974,0.2868485592157247,0.2751731593741587,0.2772335112094879,520420000
2012-05-25,0.27700463813916654,0.2861618072378112,0.27700463813916654,0.28387251496315,391752000
2012-05-29,0.2884510492342953,0.2930296329855521,0.28730640329648116,0.291198194026947,310000000
2012-05-30,0.28799325098401685,0.29005360314697276,0.28272787321249765,0.287764310836792,379792000
2012-05-31,0.2877642173524643,0.28890886313570013,0.2808963426530494,0.2845592200756073,358192000
2012-06-01,0.2786070622155568,0.281354206746956,0.27379953881772623,0.2742573916912079,440984000
2012-06-04,0.27563096852182684,0.27723346717147485,0.2662448621173753,0.2685341536998749,432856000
2012-06-05,0.2671606372769973,0.2770045980930166,0.2671606372769973,0.2763178050518036,365224000
2012-06-06,0.2783782543550011,0.28433042640889616,0.27631790180047244,0.2836436331272125,368968000
2012-06-07,0.28776413202228995,0.28936665747603263,0.27196800852332653,0.2721969485282898,526780000
2012-06-08,0.27311269355186407,0.2783780688146775,0.2726548407660768,0.277462363243103,370308000
2012-06-11,0.2863906200294763,0.29142705533602853,0.279980599052726,0.28066736459732056,839080000
2012-06-12,0.2838724305240237,0.289137806647638,0.2834145776633852,0.28639066219329834,496128000
2012-06-13,0.28616177057106434,0.2868485636235652,0.27746245558391736,0.27883604168891907,494276000
2012-06-14,0.2783781540463649,0.28066744596672305,0.2726549242454696,0.2754020690917969,589884000
2012-06-15,0.2774624575854834,0.28158318863970166,0.2749442254716518,0.28135424852371216,385288000
2012-06-18,0.2792939304138277,0.2861618072378112,0.27700463813916654,0.28387251496315,304424000
2012-06-19,0.2955479418816347,0.30745228456543044,0.29417435548257553,0.30310261249542236,960476000
2012-06-20,0.3060785863535805,0.3136332542075916,0.3042471475873795,0.3079100251197815,972720000
2012-06-21,0.30768106124862743,0.30768106124862743,0.29325851960446725,0.2939453125,516376000
2012-06-22,0.29760825634002686,0.3010422219009447,0.29348752495744096,0.29760825634002686,865360000
2012-06-25,0.29783702867416484,0.2987527341141615,0.287077339656454,0.28822198510169983,494616000
2012-06-26,0.28982460696689544,0.2934874572358203,0.2857038765351595,0.2914271056652069,437152000
2012-06-27,0.2916560030206738,0.30287351955606095,0.2916560030206738,0.3008131682872772,506064000
2012-06-28,0.29806617451640355,0.3049340519306616,0.2955479418816347,0.30310261249542236,545896000
2012-06-29,0.31019935840220825,0.31706723422965993,0.30997041829175476,0.31638044118881226,616508000
2012-07-02,0.31798292468863265,0.31821183747783965,0.3053917934049415,0.3079100251197815,581684000
2012-07-03,0.3079100372685743,0.3166093512833846,0.30768109717982534,0.3159225583076477,219284000
2012-07-05,0.3138622028020452,0.31523576144607734,0.3079100334730433,0.3127175569534302,280076000
2012-07-06,0.3104281674258078,0.31134390027091985,0.3033313811513328,0.3067653179168701,382760000
2012-07-09,0.3049339618044095,0.30630754779749175,0.30012643811913253,0.30264467000961304,306336000
2012-07-10,0.29943968949040767,0.3083679451873153,0.2911982268918029,0.2934875190258026,512028000
2012-07-11,0.2944031560523435,0.29806603318603997,0.2873063418397465,0.28867992758750916,485216000
2012-07-12,0.2854750140973095,0.28593286709413845,0.28135428254481615,0.28387251496315,472160000
2012-07-13,0.2841014018259028,0.28890889832677424,0.28226996289154216,0.28753533959388733,324260000
2012-07-16,0.2857038419551055,0.2907402775218623,0.2829566704727782,0.2884509861469269,334460000
2012-07-17,0.2893668618404455,0.29096936113544813,0.2783782250705208,0.283185750246048,447476000
2012-07-18,0.2824988352154249,0.30310248616102947,0.28112527667938964,0.29898175597190857,616008000
2012-07-19,0.3010422291169826,0.30584972643647323,0.29898184973104425,0.3019579350948334,403036000
2012-07-20,0.30012630081605396,0.30218667886308664,0.2900534051528348,0.2932584285736084,451000000
2012-07-23,0.28547483044145744,0.2992106025432427,0.28226983423502355,0.29715022444725037,451584000
2012-07-24,0.2976081624586632,0.29943960108324824,0.2905113753128431,0.2939453125,351164000
2012-07-25,0.2930295595393982,0.30264460483949174,0.29165600113260265,0.2996685206890106,415044000
2012-07-26,0.30516281228449055,0.3085967765658586,0.2987527911101124,0.3010421097278595,338440000
2012-07-27,0.3021866808369967,0.3095124058186912,0.2998973627840624,0.3085967004299164,376516000
2012-07-30,0.3085969021276294,0.31248869350932984,0.3026447313387819,0.3051629364490509,363552000
2012-07-31,0.30516276747133986,0.31431995872607904,0.30470491473122824,0.30997028946876526,387788000
2012-08-01,0.31180187287433064,0.3147779580062794,0.3051629095352891,0.3065364956855774,335912000
2012-08-02,0.3049339391873027,0.3122596669291963,0.29989747577989884,0.3076810836791992,367912000
2012-08-03,0.3124886174569747,0.3172961409464304,0.30516286217961175,0.31409111618995667,326548000
2012-08-06,0.31706724183161883,0.32233261888367626,0.31660938889024715,0.3207301199436188,360324000
2012-08-07,0.3246218247659922,0.32736896897597834,0.3221035933207097,0.32393503189086914,407340000
2012-08-08,0.3237061818789279,0.3292004713640076,0.32279044877107377,0.32576653361320496,517064000
2012-08-09,0.32622434490384417,0.3374418898330293,0.32576649205358327,0.33675509691238403,822300000
2012-08-10,0.345683378721013,0.34843052333894986,0.3303451022973879,0.3346947729587555,1278744000
2012-08-13,0.33515248406306497,0.3392732128919837,0.3337788986899259,0.3390442728996277,447244000
2012-08-14,0.34018899991609886,0.3406468800106891,0.33263433313192564,0.3340079188346863,388828000
2012-08-15,0.335152498889671,0.33789964246697984,0.3298871244470375,0.331489622592926,594404000
2012-08-16,0.33446578042625563,0.33950224327503176,0.3333211347407166,0.3383575975894928,371008000
2012-08-17,0.33835759206544996,0.33835759206544996,0.33240542368162035,0.33538150787353516,309864000
2012-08-20,0.3342368622066837,0.3358393606821746,0.33034504510698454,0.33538150787353516,314392000
2012-08-21,0.33652612048345104,0.33858647156519334,0.33103180544796706,0.33446574211120605,340248000
2012-08-22,0.33240554053417926,0.3365262718415315,0.3312608944649434,0.33515268564224243,313556000
2012-08-23,0.33446588172653824,0.33469482184918786,0.3262244193783488,0.3275980055332184,379040000
2012-08-24,0.32759801591302107,0.33583947852233775,0.3269112228138255,0.3342369794845581,347724000
2012-08-27,0.3340079381217383,0.3349236710732921,0.32828470951392713,0.32851362228393555,340944000
2012-08-28,0.32599547672454465,0.3303451203328749,0.3253086837099369,0.32714012265205383,310764000
2012-08-29,0.32691103545558914,0.32988711898611617,0.3262242427500061,0.32782676815986633,250412000
2012-08-30,0.32714002202839054,0.32828466760382286,0.32004320854450896,0.32164570689201355,307488000
2012-08-31,0.3239350879051561,0.32622437969108925,0.31798294563603646,0.32118794322013855,485064000
2012-09-04,0.31592256843239785,0.31706721433180646,0.30104217174008585,0.3040182292461395,694452000
2012-09-05,0.3051627587150935,0.3095124278475992,0.3017288223270366,0.3049338459968567,480256000
2012-09-06,0.30722324240895865,0.32256151870782507,0.30699430232161357,0.31432005763053894,657296000
2012-09-07,0.30630746513956586,0.3088256690599911,0.2964634803297547,0.3067653179168701,781064000
2012-09-10,0.30607860823938154,0.3104282517409299,0.30333146353890306,0.3040182292461395,371108000
2012-09-11,0.3037892933748035,0.3124886070078997,0.3026446475623042,0.3076810836791992,382808000
2012-09-12,0.31019920186601446,0.31271743264817403,0.30722311838450744,0.3111149072647095,322608000
2012-09-13,0.3138622029999764,0.31500684884931324,0.30722324069951684,0.31317541003227234,433836000
2012-09-14,0.31294638567669386,0.32233249002999065,0.31294638567669386,0.31683817505836487,339468000
2012-09-17,0.31752513547355476,0.31752513547355476,0.30470508772878674,0.30813902616500854,493348000
2012-09-18,0.3047050039546312,0.31386219789077036,0.304476091162796,0.3101993203163147,359952000
2012-09-19,0.31088606083114007,0.3182117874538047,0.30722318387455544,0.313862144947052,451936000
2012-09-20,0.3131754954182096,0.3147779945860937,0.30905476377899543,0.31157296895980835,320596000
2012-09-21,0.31203070340215094,0.3147778474473384,0.3108860577757808,0.3129464089870453,340136000
2012-09-24,0.3079100334730433,0.31317540983477427,0.3074521805916992,0.3127175569534302,357832000
2012-09-25,0.3168383408287609,0.3182119271129558,0.3065365255688492,0.30699437856674194,481544000
2012-09-26,0.30584963448984215,0.3060785745607374,0.2980660541465161,0.30172890424728394,436812000
2012-09-27,0.30241573044506964,0.3044761094383117,0.29989749855016634,0.3040182292461395,558888000
2012-09-28,0.30264455542018825,0.3097413682132162,0.29875273901017263,0.30539169907569885,485508000
2012-10-01,0.3067653363473192,0.30859677485707254,0.2992106695511524,0.30035531520843506,504236000
2012-10-02,0.30241572820789486,0.30241572820789486,0.29806608473852375,0.30150002241134644,295492000
2012-10-03,0.30218681040197304,0.3031025161833639,0.29692143393269954,0.2985239326953888,430872000
2012-10-04,0.2992107453748928,0.3136332897696087,0.2976082192161928,0.31180185079574585,502608000
2012-10-05,0.3127175735920353,0.3159225712224801,0.3033314662177865,0.3044761121273041,483068000
2012-10-08,0.303331461294954,0.3047050199897766,0.2992107306294646,0.30150002241134644,240596000
2012-10-09,0.30104228086052387,0.3019579869957674,0.2941743756841142,0.29509010910987854,366360000
2012-10-10,0.2937164545035964,0.29509004067844763,0.2889089301821316,0.2900535762310028,326568000
2012-10-11,0.2928006630178471,0.2937163686731487,0.28936672587470624,0.2916560173034668,320516000
2012-10-12,0.2895956931848776,0.29188498504479665,0.28730640132495855,0.2891378402709961,260696000
2012-10-15,0.28959564050654346,0.2930295776717784,0.2861617033413086,0.2928006649017334,249580000
2012-10-16,0.29531885302121935,0.3021867542679145,0.2925717088968444,0.3012710213661194,367696000
2012-10-17,0.2976081701453657,0.30035534179845136,0.2946320857148613,0.29898175597190857,391752000
2012-10-18,0.29829489521018787,0.29829489521018787,0.2932584604759354,0.2944031059741974,254772000
2012-10-19,0.29005355702412855,0.29211393614997044,0.275631012305286,0.2772335112094879,709412000
2012-10-22,0.27837815358046625,0.2799806797544448,0.27173921793874367,0.2740285098552704,480840000
2012-10-23,0.27151026148892726,0.2841013935624877,0.27082346849720423,0.2822699546813965,573948000
2012-10-24,0.2841013565715882,0.2852460023119198,0.27585989632499747,0.278607040643692,332916000
2012-10-25,0.28089639355590856,0.28387247858973685,0.27769139569825535,0.27883604168891907,307356000
2012-10-26,0.2792938295400583,0.28089632809543646,0.27585989236831665,0.27585989236831665,389376000
2012-10-31,0.27700456351311636,0.2792938551710339,0.27357062602624,0.2742573916912079,347112000
2012-11-01,0.2756309988804011,0.2875353382529743,0.2754020587807319,0.28730639815330505,473220000
2012-11-02,0.29028244967294137,0.29074030252920846,0.2841013678870655,0.2859327793121338,256700000
2012-11-05,0.28524597790109996,0.29921066565427684,0.28524597790109996,0.29806602001190186,444840000
2012-11-06,0.29875290374052665,0.29875290374052665,0.29280076042003167,0.29783719778060913,350804000
2012-11-07,0.2955478017453104,0.2973792403121586,0.2873063418397465,0.28867992758750916,324620000
2012-11-08,0.29188495675546805,0.299439624619109,0.28959566511742585,0.2902824580669403,839024000
2012-11-09,0.29188499928435396,0.2953189372417566,0.27814924745474345,0.27906495332717896,846280000
2012-11-12,0.2795227673314501,0.2806674131578246,0.2701366606389751,0.2728838324546814,643624000
2012-11-13,0.27151030159422335,0.2776914121422434,0.2705945956636725,0.27082350850105286,492120000
2012-11-14,0.2724258422495996,0.2751729853899339,0.2639554455720336,0.2641843855381012,619300000
2012-11-15,0.2657870051970584,0.2726548798395981,0.2634977136495452,0.26532915234565735,466688000
2012-11-16,0.26532911316576313,0.2662448187333473,0.25525621546981736,0.2605215907096863,624552000
2012-11-19,0.2653291548289223,0.26876309218233096,0.2621241302581026,0.26784735918045044,404092000
2012-11-20,0.2668105348488827,0.2679625654281417,0.2619719954293646,0.2647368907928467,336976000
2012-11-21,0.26473694833456113,0.27303155382814887,0.26450653118199696,0.2723403573036194,422312000
2012-11-23,0.27349234745036444,0.27740924619523294,0.2721098996737862,0.27418357133865356,276932000
2012-11-26,0.2746444798578483,0.27971341113892373,0.2741836729171301,0.2790221869945526,364600000
2012-11-27,0.2778700155508159,0.2843213918618924,0.27556595454447247,0.2801740765571594,451404000
2012-11-28,0.2790220914362788,0.2838606313232068,0.2755659993646383,0.2824781835079193,398332000
2012-11-29,0.2829389889335233,0.2843214091414011,0.2764876122303672,0.27740922570228577,488688000
2012-11-30,0.2771787738515521,0.27925244510325903,0.27418351671003977,0.2757963538169861,460504000
2012-12-03,0.279252289392243,0.279252289392243,0.2700360511011543,0.2707272469997406,391380000
2012-12-04,0.2711882299653513,0.2792524429031195,0.26957536540454025,0.2787916362285614,528068000
2012-12-05,0.2764875630347904,0.27833078965066116,0.2716490245017032,0.2755659222602844,633024000
2012-12-06,0.27487469541396536,0.2778699798304812,0.27395308211653135,0.27602672576904297,412896000
2012-12-07,0.2762571459745213,0.2776395934029949,0.27234024821594,0.2755659222602844,338288000
2012-12-10,0.27556595694601893,0.28685587245543737,0.2748747331447772,0.28478220105171204,513644000
2012-12-11,0.28570396510052637,0.2951506303676618,0.28501274100131885,0.2914641201496124,816724000
2012-12-12,0.2923856745740576,0.29399851201533495,0.2873167176635036,0.28846874833106995,399404000
2012-12-13,0.288007837035481,0.2942287948893552,0.2859341935730455,0.28869906067848206,377556000
2012-12-14,0.2898511411994887,0.2930768154708615,0.28777746991082975,0.29008153080940247,338660000
2012-12-17,0.2893905054743346,0.2910033435628263,0.2845519637422707,0.28892967104911804,445232000
2012-12-18,0.2889295806721639,0.2926160901212265,0.2880079670431883,0.2893904149532318,416436000
2012-12-19,0.2914641201496124,0.29492021317906403,0.2903120891397952,0.2914641201496124,458544000
2012-12-20,0.2926161390699474,0.29284655624902545,0.2880080152210639,0.29123371839523315,334332000
2012-12-21,0.2873166669178476,0.2873166669178476,0.2813260975179215,0.28455179929733276,462172000
2012-12-24,0.28432136587846973,0.2852430066767249,0.2813260813506401,0.28224772214889526,127376000
2012-12-26,0.2815565732109079,0.2861646960265942,0.2808653492952392,0.28201737999916077,196740000
2012-12-27,0.2824781375635029,0.28293897173803056,0.27694840213490807,0.2801740765571594,299804000
2012-12-28,0.27763960580888025,0.28316934083672113,0.27717877166775035,0.2787916362285614,220600000
2012-12-31,0.27787006074573195,0.2836302141984661,0.27717883683808825,0.2824781835079193,326460000
2013-01-02,0.2893903322915052,0.29330723029569516,0.2882383018510627,0.2930768132209778,478836000
2013-01-03,0.29307667879703425,0.2965327685331752,0.2898510060299266,0.2933070957660675,298888000
2013-01-04,0.2937680266106979,0.3039059106087421,0.292846413277499,0.3029842972755432,524968000
2013-01-07,0.3027540219266826,0.30367563569128453,0.2921553263008397,0.2942289710044861,610732000
2013-01-08,0.29492008357186206,0.29584172445463797,0.28570383954354567,0.28777748346328735,466424000
2013-01-09,0.29008152197015447,0.2914639694538017,0.27948285863962163,0.2813260853290558,695020000
2013-01-10,0.28386068247948354,0.2852431305439105,0.2801741726187338,0.28178703784942627,506368000
2013-01-11,0.2829389498821681,0.28316933948506157,0.27856121782833293,0.2813260853290558,513172000
2013-01-14,0.2831693272439342,0.2831693272439342,0.27786998207446734,0.2810956835746765,305684000
2013-01-15,0.27971323389191943,0.27971323389191943,0.27441388876524836,0.27602672576904297,375888000
2013-01-16,0.27556583179753835,0.2808651752449249,0.27556583179753835,0.2785611152648926,337376000
2013-01-17,0.27948285468727224,0.2833997525467858,0.27879163095522363,0.28224772214889526,580736000
2013-01-18,0.28224773250913665,0.28224773250913665,0.2769483869910071,0.2804044783115387,397088000
2013-01-22,0.2801742180796419,0.28270869745347343,0.277639766172398,0.2790221869945526,308224000
2013-01-23,0.27994364813578454,0.28017403772454225,0.27648755710528966,0.2794828414916992,421808000
2013-01-24,0.2785613391973441,0.28201743194570816,0.27717889111136507,0.2808654010295868,396980000
2013-01-25,0.2813261197412773,0.28616465905932825,0.27994369955510207,0.2859342694282532,393920000
2013-01-28,0.28731669186333175,0.2923856483187088,0.28662546803154626,0.2905423939228058,422492000
2013-01-29,0.2893903841650976,0.2900815805800031,0.28316939669833047,0.2843214273452759,388872000
2013-01-30,0.2845517879761434,0.28846868590491587,0.2829389508838926,0.28386056423187256,287592000
2013-01-31,0.2838606313232068,0.28708633373668485,0.280634956376307,0.2824781835079193,470544000
2013-02-01,0.28478221550744565,0.2859342735457105,0.2824781543640667,0.2850126326084137,288816000
2013-02-04,0.2833997784459845,0.2891599309618432,0.2799436869364693,0.2801740765571594,511744000
2013-02-05,0.2815564870342654,0.2882382795518461,0.2806348737398398,0.2866254150867462,367296000
2013-02-06,0.2797133047574941,0.28662548863916676,0.2781004673450859,0.2843214273452759,530688000
2013-02-07,0.28339989536034493,0.2857039573172107,0.28040460932310235,0.2831694781780243,440000000
2013-02-08,0.2850126326084137,0.28731669375179264,0.28316937820039545,0.2850126326084137,307232000
2013-02-11,0.2873166461873241,0.2912335714558926,0.28455177876630056,0.2882382869720459,408308000
2013-02-12,0.28570384911840807,0.2896207474683958,0.2852430423948639,0.2863950729370117,277804000
2013-02-13,0.2866254699154639,0.2919248160385505,0.2840910191376923,0.2850126326084137,856396000
2013-02-14,0.2810955732050577,0.29353751273510076,0.27763948346891676,0.2933070957660675,882096000
2013-02-15,0.2926158723255274,0.29468954264714775,0.28685572276529253,0.2933070957660675,733860000
2013-02-19,0.2935377312167822,0.29376812089073606,0.2875471602287005,0.2893904149532318,433552000
2013-02-20,0.2903120237760468,0.2949201467777968,0.28432145288713995,0.28524309396743774,713012000
2013-02-21,0.2847823160545133,0.2880080192740765,0.28247825409764754,0.2831694781780243,580408000
2013-02-22,0.285012656328371,0.28869916545121427,0.28339981888709365,0.28846874833106995,370148000
2013-02-25,0.28915994328681216,0.29146400439136244,0.2829389837978413,0.2833997905254364,644444000
2013-02-26,0.2839793640335874,0.28838392658442924,0.28305206879887923,0.28676119446754456,487504000
2013-02-27,0.286761210281694,0.2941794620281223,0.2860657457260807,0.29209306836128235,476980000
2013-02-28,0.2911657759843154,0.2978885349691391,0.2900066777017539,0.2934839725494385,591392000
2013-03-01,0.2913976708860767,0.29557043154525037,0.28884767044192566,0.2946431636810303,389396000
2013-03-04,0.29255667734233953,0.29626580290056953,0.2902384807772165,0.2934839725494385,353680000
2013-03-05,0.2951066837015818,0.2971930494082829,0.29371575480706036,0.2967294156551361,366168000
2013-03-06,0.29858400891452863,0.30136583935369204,0.2951067139568034,0.296497642993927,342928000
2013-03-07,0.2981203726177616,0.3011340337495742,0.2941794438923528,0.29580217599868774,314824000
2013-03-08,0.2964975838374729,0.2985839493418081,0.2951066550778639,0.2971930205821991,246464000
2013-03-11,0.2941794091524034,0.29557031037854464,0.29186118517200754,0.29441121220588684,299748000
2013-03-12,0.29394767157214696,0.2962658686517545,0.2911658406036357,0.29533860087394714,310856000
2013-03-13,0.29533860087394714,0.30043862892206596,0.29255674227034684,0.29533860087394714,485840000
2013-03-14,0.2971931057966018,0.29812040111391797,0.2937158105356101,0.29557037353515625,383304000
2013-03-15,0.2955704276374573,0.2955704276374573,0.29186130095943275,0.29302042722702026,355776000
2013-03-18,0.2911657675381558,0.2937157671047708,0.28884757104027925,0.2909339368343353,298312000
2013-03-19,0.2911657615003448,0.2925566627891788,0.28699300236367964,0.28907936811447144,355480000
2013-03-20,0.2918612385329054,0.2934839983793792,0.2893112386678907,0.2925567030906677,340588000
2013-03-21,0.29093398749350435,0.291397621346794,0.28745669214120195,0.2879203259944916,339032000
2013-03-22,0.2888475666148697,0.2904702986115052,0.28768846838368983,0.2893112003803253,232476000
2013-03-25,0.29093395800782945,0.29116578872852206,0.28560210014765663,0.2876884937286377,362076000
2013-03-26,0.2883839358329055,0.2900066956369159,0.2872248374786608,0.2897748649120331,232540000
2013-03-27,0.2886158938336277,0.2948750221797263,0.287920428987373,0.29325228929519653,254944000
2013-03-28,0.2925567470564883,0.29765680282313156,0.2904703807047448,0.29742497205734253,349276000
2013-04-01,0.2967294496743033,0.2967294496743033,0.28560210014765663,0.2876884937286377,442828000
2013-04-02,0.28792025731578824,0.2886157217473743,0.28282023087595726,0.2846747934818268,371524000
2013-04-03,0.28421106109544086,0.2858338202420642,0.2791110359298238,0.2811974287033081,353156000
2013-04-04,0.2802702307213998,0.28490662386324594,0.2793429631470637,0.2839793562889099,294676000
2013-04-05,0.27980661176636334,0.28884759545326233,0.2791111472312043,0.28884759545326233,551352000
2013-04-08,0.2890793362771444,0.2890793362771444,0.28282021207902686,0.2881520688533783,326660000
2013-04-09,0.2883839448909934,0.2948749014056607,0.2862975788418543,0.2927885353565216,380584000
2013-04-10,0.29302040858806644,0.29788860595383115,0.2923249439257888,0.29742497205734253,384688000
2013-04-11,0.2932521480521484,0.29788854128062764,0.2851384599023097,0.29603397846221924,969220000
2013-04-12,0.29742478456987986,0.3066975671947324,0.2948747582940166,0.30345210433006287,770548000
2013-04-15,0.3025248773139292,0.30345217236536126,0.29533848574949145,0.2971930205821991,430420000
2013-04-16,0.29997485981031247,0.3025248588673372,0.2983521004780244,0.3004384934902191,468844000
2013-04-17,0.2981203751138487,0.3009022055530121,0.29464308015612345,0.296497642993927,532948000
2013-04-18,0.29719318212573426,0.2990477456015942,0.290702223777771,0.290702223777771,402548000
2013-04-19,0.2904703337230454,0.2923248966441258,0.2867612078808846,0.2913976013660431,303028000
2013-04-22,0.2911656802533177,0.2944111433233962,0.2888474844503834,0.2918611168861389,245568000
2013-04-23,0.2944112878623898,0.30252497715601423,0.29394765400120015,0.2995113432407379,376948000
2013-04-24,0.3004384933507592,0.3122613041758115,0.30020666269337515,0.3097112774848938,556556000
2013-04-25,0.31133407552764025,0.3129568074258687,0.30855221783344305,0.31226134300231934,353224000
2013-04-26,0.3117977638886972,0.3122613977072605,0.30924773643397147,0.3108704686164856,324332000
2013-04-29,0.3113341415712927,0.315738704462983,0.3099432124291347,0.3145796060562134,269712000
2013-04-30,0.3152749071285079,0.3192158341407776,0.3131885144972558,0.3192158341407776,276712000
2013-05-01,0.31921594534714626,0.3213023387052425,0.31527501696196164,0.3164341151714325,341316000
2013-05-02,0.31620235531266727,0.3210705799370802,0.3143477922350296,0.32014331221580505,323480000
2013-05-03,0.32222962128453136,0.32385235332664464,0.3203750585356523,0.3215341567993164,293864000
2013-05-06,0.3215342146689782,0.32338877775164115,0.31875238386252747,0.32060694694519043,217116000
2013-05-07,0.32060687425254375,0.3213023387052425,0.31342045429979204,0.3164341151714325,448068000
2013-05-08,0.3168979420682938,0.32408436640096233,0.3157388431523858,0.32222980260849,334032000
2013-05-09,0.3164340754687266,0.32385229755156597,0.31597044177012623,0.32246139645576477,566800000
2013-05-10,0.32918431606303095,0.33845713277071454,0.32918431606303095,0.3370662033557892,861136000
2013-05-13,0.33474792684211024,0.3361388559277583,0.3287206043177486,0.3301115334033966,289812000
2013-05-14,0.33405247725743314,0.3377616032285246,0.3308070127590426,0.334979772567749,454140000
2013-05-15,0.33335691227383285,0.3419342600440338,0.33335691227383285,0.34077516198158264,313172000
2013-05-16,0.3403115235739828,0.3437888177132135,0.3379932998460851,0.33915242552757263,308368000
2013-05-17,0.3407753211701831,0.3470344481042708,0.3382252931875482,0.34471625089645386,312116000
2013-05-20,0.3433251705061395,0.34541156365652903,0.3421660724120603,0.34402063488960266,236380000
2013-05-21,0.3460011354617721,0.349030104268063,0.3420401890729858,0.34763211011886597,357784000
2013-05-22,0.34903017803505415,0.34903017803505415,0.33411833913535605,0.3355163335800171,480404000
2013-05-23,0.3315552645467486,0.34204016435718015,0.3306232870315979,0.34087517857551575,393884000
2013-05-24,0.33901132533020273,0.3418072867196434,0.3350503499384106,0.3387783169746399,283304000
2013-05-28,0.34134131169708093,0.34227328960639447,0.3352833719601518,0.3385453224182129,279300000
2013-05-29,0.3364482820034027,0.33854524571196826,0.3350502876807207,0.3364482820034027,335052000
2013-05-30,0.3359822271823445,0.3443701359205089,0.33505022189174183,0.34087517857551575,284504000
2013-05-31,0.3390111289014862,0.3439040515541006,0.33714714646339417,0.33714714646339417,577508000
2013-06-03,0.3376133139895397,0.3401762946716607,0.3296913913746408,0.3366813361644745,444468000
2013-06-04,0.33877812068093227,0.34483605666086986,0.3350501558047482,0.33714714646339417,363676000
2013-06-05,0.336681280342002,0.3392442328237189,0.32899233957048163,0.3299243450164795,464520000
2013-06-06,0.32992448052819034,0.3345844263458154,0.3296914721271219,0.33202144503593445,341044000
2013-06-07,0.3343513360508891,0.3387783001586017,0.3329533693132914,0.3366813361644745,274584000
2013-06-10,0.3357492848420617,0.33854524571196826,0.33388530167030483,0.3364482820034027,224148000
2013-06-11,0.3320212648657912,0.3366812359301678,0.3301573097705841,0.3301573097705841,296336000
2013-06-12,0.3317883386069233,0.33458429948226676,0.32549739191807864,0.3273613750934601,312588000
2013-06-13,0.3261965172170324,0.336448414821044,0.3259635365882514,0.33481743931770325,236256000
2013-06-14,0.33598227393255226,0.3364482627549676,0.3320212995033825,0.3343512713909149,236012000
2013-06-17,0.3369143171328235,0.34064228398843055,0.33505033370501996,0.3376133143901825,255336000
2013-06-18,0.3392442724733467,0.3429722391421362,0.33272034469069506,0.3355163335800171,486772000
2013-06-19,0.33854525881544606,0.36068002164553603,0.33738027275993915,0.34576818346977234,1159588000
2013-06-20,0.3429722092168229,0.34343819806589776,0.33411830998257097,0.3364482820034027,628696000
2013-06-21,0.33831226490955113,0.33947725091905234,0.3303903433796684,0.3359822928905487,714228000
2013-06-24,0.331089358386176,0.335283313801526,0.3240994419524122,0.3289923667907715,580772000
2013-06-25,0.33248744777177347,0.3331864173944721,0.32782747437582643,0.33132246136665344,457360000
2013-06-26,0.33505030778123446,0.33551632443372426,0.3280603912993967,0.3294583857059479,579752000
2013-06-27,0.33039037391334586,0.33085636280512015,0.32293446831857736,0.32642942667007446,808036000
2013-06-28,0.32642941314293034,0.3303903602220612,0.32223545773983814,0.32712841033935547,431536000
2013-07-01,0.3294584429740887,0.33015744029886757,0.3264294730836896,0.32852643728256226,199524000
2013-07-02,0.32666235081642836,0.3331862775010218,0.32526438438252236,0.3282933533191681,256392000
2013-07-03,0.3254974833561499,0.3331863987548916,0.3254974833561499,0.32922545075416565,140388000
2013-07-05,0.3301573860994436,0.3324873582825701,0.32806039446935414,0.3317883610725403,184684000
2013-07-08,0.3327202619142203,0.33435123651025306,0.3282933268999241,0.3301573097705841,262084000
2013-07-09,0.33085635553401405,0.3338853249271704,0.3299243777709472,0.3317883610725403,157364000
2013-07-10,0.3317883221265396,0.3371472630737788,0.3308563166974141,0.3362152576446533,208468000
2013-07-11,0.33807919047915963,0.3413411673330911,0.3373801934550706,0.34087517857551575,239832000
2013-07-12,0.34017622529925884,0.3443701802076981,0.3390112393677733,0.34110820293426514,216360000
2013-07-15,0.34180724347287855,0.34180724347287855,0.33505030754655923,0.3404092490673065,201332000
2013-07-16,0.3418072464402951,0.3441372186195035,0.34017627146994106,0.3422732353210449,162560000
2013-07-17,0.34227323234958285,0.3434382184290732,0.3394772713138979,0.3404092490673065,166100000
2013-07-18,0.33994325948020554,0.3411082455572613,0.3345843179706571,0.3390112817287445,344488000
2013-07-19,0.33691429432032666,0.3385452692934233,0.3282934027978505,0.3317883610725403,480532000
2013-07-22,0.3343512976432699,0.3373802668899796,0.33015737013678037,0.3315553367137909,292384000
2013-07-23,0.3357492010729822,0.3357492010729822,0.32945828374140546,0.3310892581939697,246792000
2013-07-24,0.3341182266204179,0.3350502040860402,0.33062326946115855,0.3310892581939697,284252000
2013-07-25,0.33085635576436134,0.3366813140016923,0.3285263835796127,0.3322543501853943,243320000
2013-07-26,0.3282932820417869,0.332953224693974,0.3282932820417869,0.33085623383522034,227360000
2013-07-29,0.3301573097705841,0.33435123651025306,0.3292253044475276,0.3301573097705841,179540000
2013-07-30,0.33132242124557143,0.34017632240742496,0.3310894128825766,0.3357493579387665,266076000
2013-07-31,0.33411830998257097,0.33971023172238407,0.33388530167030483,0.3364482820034027,270160000
2013-08-01,0.33761324513980834,0.3418072000482476,0.33365229852784845,0.34110820293426514,277648000
2013-08-02,0.34040926857955445,0.3446032242612088,0.3380792962870199,0.3439042270183563,209628000
2013-08-05,0.3429722973287672,0.34670026463002135,0.34110831367814015,0.3455352783203125,185188000
2013-08-06,0.34576819058805386,0.34646718779083985,0.33971025186452053,0.3404092490673065,206608000
2013-08-07,0.3385453111652432,0.34367127282247606,0.33831233058339083,0.3401763141155243,244380000
2013-08-08,0.3420401517301322,0.34413711494953403,0.3380791779983384,0.34250614047050476,345696000
2013-08-09,0.3289923945085238,0.3427392479850463,0.32875941393971164,0.3376133143901825,906224000
2013-08-12,0.32386654427641187,0.33971036582772546,0.3054597413802283,0.33481743931770325,257568000
2013-08-13,0.33528329572975646,0.3373802594366757,0.3331863042473798,0.3359822928905487,197468000
2013-08-14,0.3352832732568096,0.35229207341057434,0.3350502649603442,0.35019510984420776,828508000
2013-08-15,0.34646708861667097,0.35532098584151317,0.3450690946112665,0.3525250256061554,723616000
2013-08-16,0.35182606134609934,0.35881597647273483,0.35112706427834506,0.3539230525493622,660456000
2013-08-19,0.35182608135252624,0.3529910672732119,0.3480981152961501,0.34833112359046936,393432000
2013-08-20,0.3482141119750476,0.3524292137829621,0.3477457735331695,0.3500874936580658,234192000
2013-08-21,0.3479799399497019,0.3524292250789155,0.34704326303592364,0.3484483063220978,261540000
2013-08-22,0.3482141746708567,0.3536001375109596,0.3482141746708567,0.3503217399120331,129016000
2013-08-23,0.35079007843823534,0.3536001375109596,0.34961921816497427,0.3503217399120331,245120000
2013-08-26,0.3505559017204656,0.3519609452406478,0.349619224650685,0.35102424025535583,300152000
2013-08-27,0.34774573265698044,0.3500874525066165,0.34540401280734445,0.3465748727321625,277464000
2013-08-28,0.3472773942701538,0.34985326935545186,0.3451698296561798,0.3465748727321625,318824000
2013-08-29,0.3454040042113461,0.34915076704371983,0.3444672995455017,0.34587234258651733,276216000
2013-08-30,0.34610646087441116,0.3470431374492283,0.34376474152187153,0.3454039394855499,378120000
2013-09-03,0.3463407670392706,0.35055586929441335,0.34353070817434506,0.345638245344162,284680000
2013-09-04,0.3456381656972336,0.3510241268979436,0.3451698273135854,0.34891659021377563,222080000
2013-09-05,0.3475116461127624,0.35125841007996755,0.34727749081200604,0.34985336661338806,174904000
2013-09-06,0.3500875048789631,0.3519608866220264,0.34587240293594745,0.3484483063220978,226756000
2013-09-09,0.3512584025608645,0.35430264472961426,0.3503217255468691,0.35430264472961426,246408000
2013-09-10,0.35687839754106065,0.3620301747714304,0.3552391715861948,0.36179599165916443,292132000
2013-09-11,0.3613277544137313,0.36882128111621104,0.35875185112031566,0.3678845763206482,396164000
2013-09-12,0.3660112227367995,0.3723338898667268,0.3660112227367995,0.36765044927597046,303808000
2013-09-13,0.3688212174947649,0.3716312755657085,0.366245314645691,0.36999207735061646,159696000
2013-09-16,0.3730364403105065,0.37561231608479334,0.36882133787061605,0.37022635340690613,231412000
2013-09-17,0.3716313208077867,0.37444137922082443,0.36999212239314005,0.37139713764190674,168608000
2013-09-18,0.3716312120214108,0.3756121292675189,0.36975783098927284,0.374675452709198,268168000
2013-09-19,0.3763148116571835,0.377017333334259,0.371397187833163,0.3730364143848419,227572000
2013-09-20,0.3739730218674826,0.3763147417456858,0.3690553989570548,0.36975792050361633,356036000
2013-09-23,0.3695236357348302,0.3725678763224637,0.3641376759129396,0.36624523997306824,271244000
2013-09-24,0.3664795891282814,0.3690554647038926,0.36437202411313635,0.36765044927597046,229732000
2013-09-25,0.3669478137785105,0.370928731462687,0.3653085877478208,0.36811867356300354,233156000
2013-09-26,0.3690554262078034,0.36975794780623855,0.3648403245326975,0.36694788932800293,148816000
2013-09-27,0.3641378070869431,0.3671820487712091,0.36273279178955475,0.3648403286933899,151920000
2013-09-30,0.36109361783406335,0.36694791842607977,0.35898605287163315,0.36437201499938965,226640000
2013-10-01,0.3648401708386209,0.36647939651625766,0.36203011354416165,0.3641376495361328,226976000
2013-10-02,0.36039112071108464,0.36530871679380583,0.36039112071108464,0.3639037013053894,162036000
2013-10-03,0.36413769180980393,0.36741611563018467,0.3585175765684319,0.360156774520874,436768000
2013-10-04,0.35968855352935547,0.36811875705595815,0.3587518487400076,0.3650745153427124,246228000
2013-10-07,0.36366947211644346,0.367650418619037,0.36179609045325334,0.3650745153427124,169952000
2013-10-08,0.36413771467747963,0.36928951987368075,0.3592201205113306,0.36203017830848694,290712000
2013-10-09,0.36437195029554553,0.3646061334438437,0.35453673263056157,0.35641008615493774,275860000
2013-10-10,0.35898600744666664,0.3613277273871593,0.3564101043459233,0.3603910505771637,223484000
2013-10-11,0.3547709590682784,0.35922024437042893,0.3536000989227926,0.35734686255455017,213704000
2013-10-14,0.356410072647055,0.36273273825645447,0.356410072647055,0.36273273825645447,166628000
2013-10-15,0.3627327756354125,0.36484031244538945,0.36062521090993155,0.36085939407348633,208820000
2013-10-16,0.3629668928568687,0.36671365558818764,0.3624985544943291,0.36530861258506775,210072000
2013-10-17,0.3624985630554577,0.36694784739341535,0.3624985630554577,0.3660111427307129,213324000
2013-10-18,0.3653087292411157,0.3713972136449029,0.36390371370482555,0.37022635340690613,255068000
2013-10-21,0.3746756209436959,0.374909776230667,0.3699921802181699,0.3711630403995514,195008000
2013-10-22,0.3711629285135581,0.37139708372994373,0.3660111229360694,0.3692895472049713,179452000
2013-10-23,0.36858709976277626,0.36858709976277626,0.3617960946444799,0.36296695470809937,252216000
2013-10-24,0.36390363048790264,0.3662453504283953,0.35968852901191517,0.3603910505771637,236436000
2013-10-25,0.3622644812347839,0.3624986365112818,0.35570765892921563,0.35687851905822754,330492000
2013-10-28,0.3564102038273318,0.35804943057562144,0.3512584241033812,0.3561760485172272,394024000
2013-10-29,0.3557075365847758,0.3573467346184942,0.3524291126018411,0.3566442131996155,387952000
2013-10-30,0.3578151292137221,0.35945432750530243,0.35336584480457306,0.35641008615493774,204032000
2013-10-31,0.356878505500792,0.35945438093745896,0.3550051237824392,0.35570764541625977,293368000
2013-11-01,0.3575810178343426,0.35898606117512866,0.3547709590682784,0.35734686255455017,206136000
2013-11-04,0.35851769119763055,0.35851769119763055,0.346340724422144,0.3470432460308075,410264000
2013-11-05,0.34493567442051776,0.34821407104380714,0.3411889114948991,0.3465748727321625,422368000
2013-11-06,0.3465748703800324,0.34915077336335093,0.34306229062941745,0.34891659021377563,198044000
2013-11-07,0.34774566265709395,0.3486823392421979,0.3400179831257472,0.3407205045223236,553076000
2013-11-08,0.35125837050707004,0.36554287511779293,0.34985332719878326,0.36437201499938965,734532000
2013-11-11,0.3629668007093877,0.36835276029999586,0.362264307301673,0.3674160838127136,297624000
2013-11-12,0.3690553502243983,0.37116291458578526,0.3639035727557287,0.36811867356300354,316032000
2013-11-13,0.36718205612353183,0.3781881630420685,0.36647956241852386,0.3781881630420685,332792000
2013-11-14,0.377017262312275,0.3821690404478305,0.3767830791588622,0.3798273205757141,307980000
2013-11-15,0.38123243988121763,0.3817007783661706,0.37490977263007275,0.3786565363407135,450332000
2013-11-18,0.37046040866814844,0.3737388050360168,0.3685870273512949,0.36952370405197144,316948000
2013-11-19,0.3677578951647022,0.3710540462317278,0.36304909188799056,0.36351996660232544,206716000
2013-11-20,0.36375555916814634,0.3646973371016719,0.3573986774003002,0.35810500383377075,204776000
2013-11-21,0.35857577255278666,0.3616365008134055,0.3569276967406646,0.3609301745891571,213568000
2013-11-22,0.3614011378187681,0.3614011378187681,0.356692332593772,0.35739865899086,158668000
2013-11-25,0.35739865000278753,0.3656390589392961,0.35739865000278753,0.36516818404197693,248208000
2013-11-26,0.36917045299677026,0.37223118019019685,0.36681605178131543,0.3682287037372589,753176000
2013-11-27,0.3679933789590288,0.3708186838426691,0.36563897693378594,0.3696414828300476,181272000
2013-11-29,0.3696415297522192,0.3705832794551873,0.3649326970373098,0.3672870993614197,116964000
2013-12-02,0.36587444861334567,0.3734085298977807,0.36516812235334195,0.37081870436668396,373872000
2013-12-03,0.370818657827857,0.37576288489399273,0.3682288045551068,0.3705832064151764,290560000
2013-12-04,0.3696414812513271,0.37646923586869596,0.3686997036052406,0.3757629096508026,493176000
2013-12-05,0.3764692374765775,0.3764692374765775,0.3691705799716502,0.3696414828300476,271812000
2013-12-06,0.3741147626102855,0.3741147626102855,0.3632845041761714,0.3642262816429138,281000000
2013-12-09,0.3642264621682564,0.3654036635351425,0.3573986774003002,0.35810500383377075,385220000
2013-12-10,0.35810493792246095,0.36799342197093216,0.35763406307571266,0.3663453459739685,524268000
2013-12-11,0.3670516104037877,0.36752248517116093,0.3621073551796573,0.36281368136405945,414156000
2013-12-12,0.3616364760412649,0.3635200031546767,0.35504414517766597,0.3557504713535309,258724000
2013-12-13,0.35645683120211813,0.35904665666935864,0.35316065142560266,0.35363152623176575,184588000
2013-12-16,0.35386694977198985,0.3571631012219747,0.35363149835412605,0.35410237312316895,237620000
2013-12-17,0.35386694424011916,0.3566922208768946,0.3508062161891606,0.3557504713535309,274104000
2013-12-18,0.356456775972122,0.3614010027707983,0.3519833958399681,0.36069467663764954,426232000
2013-12-19,0.36022372054011426,0.3625781217410293,0.35786931933919924,0.3621072471141815,258544000
2013-12-20,0.3628135958837942,0.36964137663545094,0.3618718185042495,0.36940592527389526,382080000
2013-12-23,0.3715250492095947,0.37458577800946496,0.3684643484764156,0.3715250492095947,168568000
2013-12-24,0.37364400374541323,0.37364400374541323,0.3686997476955947,0.3724668025970459,79600000
2013-12-26,0.37387939321726,0.37505659417046217,0.36799336038456426,0.36893513798713684,168920000
2013-12-27,0.3708186895450914,0.3717604391429963,0.3686997108497757,0.37105411291122437,210976000
2013-12-30,0.37128963241839613,0.37623388888062104,0.3708187575331108,0.37599843740463257,248180000
2013-12-31,0.37670469473530355,0.3790590967969809,0.3743502926736262,0.37717556953430176,235776000
2014-01-02,0.37482129834839906,0.37623395130533394,0.3701124925808779,0.37340864539146423,260092000
2014-01-03,0.37411481656788964,0.3748211427531479,0.3677579370339346,0.36893513798713684,259332000
2014-01-06,0.37270214411711716,0.37670464959570743,0.36917054144778444,0.3738793730735779,409492000
2014-01-07,0.37764639812076334,0.3814134521851478,0.3750565730098466,0.3800007998943329,333288000
2014-01-08,0.3814135671395101,0.3870641499391179,0.38000091442293527,0.38518062233924866,308192000
2014-01-09,0.37929453528666557,0.3800008615466693,0.369641503288907,0.37081870436668396,292172000
2014-01-10,0.37199587188185446,0.37458569717928925,0.367051616574602,0.3703477680683136,218492000
2014-01-13,0.3703478628422283,0.3727022653878646,0.3609302526596833,0.36163657903671265,243332000
2014-01-14,0.3635200410074342,0.3736439757378627,0.36187193706990683,0.3729376494884491,241828000
2014-01-15,0.3745857290440254,0.37835278370016207,0.37293765315697336,0.37694013118743896,175044000
2014-01-16,0.37694006246004014,0.37882358944468547,0.3752919868734814,0.37811726331710815,220652000
2014-01-17,0.3781173603053309,0.3825907415496343,0.37411488197798853,0.37646928429603577,340400000
2014-01-21,0.3769401663941936,0.38023634654285304,0.37387946577523207,0.3778819441795349,246076000
2014-01-22,0.3785882088711861,0.37905908365385765,0.37293762727907126,0.37741100788116455,337940000
2014-01-23,0.37623388888062104,0.3802363675055837,0.373173160026229,0.37599843740463257,185028000
2014-01-24,0.3729376780285124,0.37435033063544654,0.3663453459739685,0.3663453459739685,246696000
2014-01-27,0.3663453049373956,0.37152498380479787,0.3618719242276543,0.3639909029006958,233812000
2014-01-28,0.36328457860407515,0.3677579593375539,0.3618719261478847,0.3675225079059601,167996000
2014-01-29,0.3661098535070511,0.3682288321800926,0.3637554514703513,0.3639909029006958,162944000
2014-01-30,0.36610985360694254,0.3708186857483131,0.36493265258827146,0.3701123595237732,202896000
2014-01-31,0.3649326507128759,0.3717604334260918,0.3646972273503632,0.3696414828300476,335348000
2014-02-03,0.37223132903233935,0.3727022038503813,0.3632845952227933,0.36469724774360657,431728000
2014-02-04,0.3644618203554086,0.36752254897471764,0.36257829289224225,0.3668162226676941,280692000
2014-02-05,0.3642262927071685,0.3654034935263464,0.3606946621829533,0.36351996660232544,214676000
2014-02-06,0.3639907759361049,0.36917045299677026,0.36351990130634926,0.3682287037372589,168380000
2014-02-07,0.3691705837947386,0.37411483932562517,0.36587443215193843,0.3736439645290375,157248000
2014-02-10,0.37317311015408394,0.3797654418671313,0.372937658709562,0.37482118606567383,324372000
2014-02-11,0.37694018788726263,0.3835325204937852,0.37505668834256334,0.38259077072143555,235384000
2014-02-12,0.38376794623286586,0.39907158950739824,0.38376794623286586,0.3962462842464447,744528000
2014-02-13,0.4061347211793445,0.4110789764020537,0.3990715154707226,0.4087245464324951,902836000
2014-02-14,0.4049575962509662,0.42261561383747676,0.40472214478980345,0.42167386412620544,817536000
2014-02-18,0.42190920937383114,0.423321833585117,0.41790670394181434,0.4214383065700531,428988000
2014-02-19,0.42143833487700033,0.4308559705848786,0.41955480773542464,0.4270889163017273,450340000
2014-02-20,0.42803067953216833,0.4430988690801307,0.4273243813898316,0.442157119512558,398088000
2014-02-21,0.4414508363196945,0.44710141847579543,0.4360357056117726,0.4388609826564789,451052000
2014-02-24,0.4379192197538518,0.44851402940111484,0.43391674172266764,0.44521787762641907,403112000
2014-02-25,0.4446265630409908,0.4465185948079279,0.43847746684679856,0.4432075321674347,242184000
2014-02-26,0.44226154353024394,0.44888364081470905,0.44107902716492564,0.4424980580806732,360884000
2014-02-27,0.4424981416086252,0.4469916933676922,0.4363490440708731,0.43753156065940857,388848000
2014-02-28,0.43516654612006156,0.4394236116597987,0.42830793269675715,0.4346935451030731,321692000
2014-03-03,0.424996902686997,0.43256500363349915,0.4212128381170355,0.43256500363349915,375948000
2014-03-04,0.4346934162143847,0.4398964822453646,0.43398390080256644,0.4370584487915039,260344000
2014-03-05,0.43658553329178,0.44107911327328364,0.43469352929264116,0.4408425986766815,241472000
2014-03-06,0.441552130332957,0.4439171636113198,0.43398402948088016,0.4346935451030731,290144000
2014-03-07,0.43658552599261596,0.4372950415771406,0.43090945770325706,0.43422049283981323,268452000
2014-03-10,0.4328014790070771,0.4346935111205403,0.4259428661199506,0.4278348982334137,300888000
2014-03-11,0.42996340472952044,0.43587601549146104,0.4285444018291255,0.43209195137023926,297220000
2014-03-12,0.42996335534151964,0.4358759654243047,0.4283078380511787,0.43327441811561584,239428000
2014-03-13,0.4342204109258014,0.4358759563751863,0.41742866743123236,0.41955721378326416,385172000
2014-03-14,0.41530020488011166,0.42523333793936996,0.41530020488011166,0.4214492738246918,460048000
2014-03-17,0.4226317903363515,0.4257063389053503,0.42097627285871136,0.4214492738246918,299656000
2014-03-18,0.42310468550923525,0.43422033156011025,0.42121265405105446,0.43138229846954346,293904000
2014-03-19,0.4346935902537354,0.44722827356969214,0.4335110452983051,0.43895062804222107,366168000
2014-03-20,0.43658550226168114,0.442971113981889,0.43469349839701554,0.43918704986572266,191800000
2014-03-21,0.4429710354350024,0.44651858434233127,0.4361124239647857,0.43847745656967163,566116000
2014-03-24,0.4387139775419931,0.44226152650135264,0.4299633342208425,0.43634894490242004,306096000
2014-03-25,0.44107901018156614,0.44155201107079817,0.43303788229097,0.43634894490242004,304424000
2014-03-26,0.4403694802768516,0.44864709424328675,0.42263170786964976,0.4264157712459564,557756000
2014-03-27,0.4254697755215999,0.4290173244145775,0.4160096169469139,0.42073971033096313,540728000
2014-03-28,0.42003020998427226,0.42594279168471033,0.41884769364418467,0.4233412444591522,398820000
2014-03-31,0.4240507565832716,0.42783482011930335,0.4212127230279545,0.42357775568962097,273404000
2014-04-01,0.43705858868020053,0.4462822074057908,0.4318554927904612,0.44107913970947266,656272000
2014-04-02,0.44107903865586484,0.4420250404953989,0.4363489730713646,0.43824100494384766,239948000
2014-04-03,0.43918707580658106,0.4536137893839932,0.4389505612128192,0.4429711401462555,599548000
2014-04-04,0.4453361667297547,0.44793771444901687,0.4273619036720239,0.4292539358139038,368032000
2014-04-07,0.4294903972938553,0.43895052926100614,0.4271253643020676,0.43067291378974915,428576000
2014-04-08,0.4306728951558322,0.44722815357546725,0.429963379650311,0.4460456371307373,470692000
2014-04-09,0.4481741921408538,0.4519582563511147,0.4420250948475345,0.4455726444721222,421968000
2014-04-10,0.44368067719953586,0.44982974680722676,0.4332745138586872,0.4346935451030731,372748000
2014-04-11,0.43138252611771244,0.4380046256192395,0.42286839415954575,0.4285444915294647,353112000
2014-04-14,0.4313823862723344,0.43492993540595676,0.4285443526041193,0.43327441811561584,290184000
2014-04-15,0.43374739772152454,0.4387139775419931,0.42949033333161046,0.43634894490242004,304636000
2014-04-16,0.43847744649492293,0.43895044736634964,0.43185534971471357,0.43729493021965027,235136000
2014-04-17,0.43563959238597144,0.44297120758778297,0.4346935902537354,0.43895062804222107,153532000
2014-04-21,0.4391869953417336,0.44368057444599146,0.43634896170365256,0.4424980580806732,117004000
2014-04-22,0.4432076293919818,0.4491202405332142,0.44084259621285665,0.44628217816352844,255120000
2014-04-23,0.4469916667351555,0.45266776293798566,0.44628215118562453,0.4514852464199066,261580000
2014-04-24,0.45455975666663356,0.46023582419730913,0.45455975666663356,0.45550575852394104,391492000
2014-04-25,0.45455981956562147,0.45881688489940037,0.4420251099646273,0.4429711401462555,313600000
2014-04-28,0.44651872201656845,0.44888375535066044,0.43563955740237686,0.44107913970947266,226788000
2014-04-29,0.44273467048890564,0.4436807007665534,0.437058601596707,0.44202515482902527,171300000
2014-04-30,0.4413156067342984,0.4417886077114301,0.43587602501373907,0.4368220269680023,305740000
2014-05-01,0.4434441149480554,0.4443901168803882,0.43563950032934834,0.43918704986572266,198104000
2014-05-02,0.44131553305622073,0.44131553305622073,0.43327440501378456,0.43587595224380493,156376000
2014-05-05,0.43540293326073,0.44391706239899753,0.43492993235158495,0.440606027841568,239260000
2014-05-06,0.44486318591422314,0.44864722217614494,0.4304364718958297,0.43161898851394653,416188000
2014-05-07,0.43161895040344095,0.43563950091135306,0.4273618853154209,0.43209195137023926,293900000
2014-05-08,0.43043646112819584,0.44439014559554646,0.42830791435278043,0.43753156065940857,432728000
2014-05-09,0.42428721543195713,0.42830776479034266,0.41884763538547803,0.42688873410224915,539532000
2014-05-12,0.4278347954005621,0.440369473421869,0.42759828087069507,0.43942347168922424,299856000
2014-05-13,0.43351094929852746,0.4406060764927958,0.43090942991426573,0.4323284327983856,221104000
2014-05-14,0.43256486905759584,0.4342203862193707,0.42783480391343204,0.4280712902545929,214320000
2014-05-15,0.42712529820973466,0.429490330835563,0.4214492029916991,0.42570626735687256,325896000
2014-05-16,0.4223953975041164,0.4278349803012182,0.4223953975041164,0.4247604310512543,283960000
2014-05-19,0.4292538406879816,0.44084248917455754,0.42736180896539033,0.43847745656967163,360076000
2014-05-20,0.43859630999670574,0.4397842728952475,0.43123095701970854,0.4333692789077759,256200000
2014-05-21,0.43503242130108044,0.43883391390572196,0.4307557492016761,0.4333692789077759,216712000
2014-05-22,0.4324188470092445,0.43764587721685855,0.4324188470092445,0.43526995182037354,130364000
2014-05-23,0.4376458589255572,0.4414473507303567,0.4350323297693495,0.4393090009689331,182656000
2014-05-27,0.4419225445963067,0.4471495747566223,0.44049697804200943,0.4471495747566223,209680000
2014-05-28,0.4488128073934726,0.4538022343786328,0.4445361354610007,0.45095112919807434,224676000
2014-05-29,0.4507134668634912,0.4545149588268861,0.44928792861966677,0.45023828744888306,171884000
2014-05-30,0.45023836432754744,0.45261429012954485,0.4478624385255501,0.45142632722854614,239128000
2014-06-02,0.4528518380825779,0.45570294302802505,0.4461992409943571,0.45000073313713074,181500000
2014-06-03,0.45095107565963155,0.4514262550794316,0.4421601289386369,0.4480999708175659,243212000
2014-06-04,0.44691214541541163,0.45190157334115855,0.4466745414708777,0.44857528805732727,161236000
2014-06-05,0.4492880278118204,0.4519015293307969,0.44667449796957287,0.4504759907722473,188696000
2014-06-06,0.45261419936658304,0.4561780873549108,0.4509510573033496,0.4521390199661255,161052000
2014-06-09,0.4516639186360568,0.4568909495911136,0.44857520951430135,0.45261427760124207,247456000
2014-06-10,0.4509511695570621,0.4571285882705259,0.4490504231588216,0.4549902379512787,217608000
2014-06-11,0.45332712296993793,0.46211807205459343,0.45332712296993793,0.46093010902404785,266228000
2014-06-12,0.46092995413770177,0.4659193801954321,0.45689085853248634,0.46378105878829956,337148000
2014-06-13,0.46853307851232134,0.46877068245370207,0.45974212920706453,0.4642564058303833,227852000
2014-06-16,0.4621179970902365,0.4659194611773486,0.4587916841503366,0.4628307521343231,198620000
2014-06-17,0.46330596355683723,0.46782021104666127,0.4609300378625575,0.46591946482658386,157608000
2014-06-18,0.4647315132082746,0.46758264676891403,0.4604548411905846,0.46544429659843445,215536000
2014-06-19,0.45689100573559266,0.45926693176378747,0.4514263702060903,0.45475268363952637,474592000
2014-06-20,0.45594062736903435,0.4576037698537715,0.4461993197361479,0.4497632086277008,353148000
2014-06-23,0.4438233363487939,0.44477369526752786,0.43859627732595463,0.44453611969947815,414200000
2014-06-24,0.44382342069290603,0.44738730980034036,0.4357452550554244,0.4376460015773773,275780000
2014-06-25,0.4388338157025506,0.44239770360064146,0.4347947484160336,0.44216009974479675,215420000
2014-06-26,0.4421603129201314,0.44239791689053026,0.43479495804036666,0.4362204968929291,256908000
2014-06-27,0.43574521817426093,0.43930910698005027,0.43313168838737387,0.4366956055164337,302820000
2014-06-30,0.4350324059435627,0.44168500360520047,0.4350324059435627,0.4404970407485962,180512000
2014-07-01,0.4400218512771744,0.44810001551257983,0.43859628455231814,0.44548648595809937,321180000
2014-07-02,0.44382333755493164,0.44572408372083255,0.44120980803640947,0.44382333755493164,179284000
2014-07-03,0.4397842814470074,0.4490504092297781,0.4397842814470074,0.447862446308136,136892000
2014-07-07,0.44857514737823095,0.44881275124824915,0.44358569269396914,0.44429847598075867,127496000
2014-07-08,0.44311055046921355,0.44501129661910116,0.4364579531062407,0.4407346248626709,221940000
2014-07-09,0.4445361098188405,0.45594055820650053,0.4412097970306701,0.4540398120880127,387668000
2014-07-10,0.4454864050147165,0.4535645677823469,0.4419225171733903,0.4516638219356537,266308000
2014-07-11,0.45213909811864944,0.4540398443722889,0.4504759557679408,0.45261427760124207,191188000
2014-07-14,0.45451495343237097,0.45950440803470016,0.4528518113393494,0.458316445350647,272636000
2014-07-15,0.4590292152185339,0.4614051405172449,0.45594050666555686,0.4602171778678894,395440000
2014-07-16,0.4621179634658007,0.46568185171999255,0.45712850858062565,0.45974200963974,319728000
2014-07-17,0.45451502100772706,0.4633059688353329,0.45451502100772706,0.45855408906936646,324832000
2014-07-18,0.4490503796903485,0.45261426822083517,0.4374083268301309,0.43812111020088196,567816000
2014-07-21,0.4364579531062407,0.44382333381582983,0.4364579531062407,0.4407346248626709,243364000
2014-07-22,0.44406092317754975,0.44643684885790197,0.4378835334025949,0.43883389234542847,298816000
2014-07-23,0.4390715459948553,0.4393091215958497,0.42909263434803063,0.429567813873291,297352000
2014-07-24,0.43194376843035626,0.4331317314838213,0.42719191621649627,0.4302806258201599,254576000
2014-07-25,0.4288549358522619,0.4298053230164738,0.42196476344723566,0.42267754673957825,266132000
2014-07-28,0.424578226552342,0.424578226552342,0.4138865630906133,0.42101433873176575,330352000
2014-07-29,0.42125208901266753,0.42814229152148936,0.4210144850793979,0.4224400520324707,217972000
2014-07-30,0.4250535658984105,0.4307557768480776,0.42386560292362385,0.429567813873291,246184000
2014-07-31,0.42434083400918404,0.42766711941344426,0.4150747046859879,0.4157874882221222,401880000
2014-08-01,0.4157876062842769,0.42267781132567017,0.4143620388072209,0.4203018844127655,219884000
2014-08-04,0.4198264293716009,0.423390317644186,0.41721292829899825,0.4193512499332428,241724000
2014-08-05,0.4181633268782711,0.42576631190693187,0.41459943826731227,0.4195888936519623,298136000
2014-08-06,0.41673774166272515,0.42434072635493175,0.4136490609951924,0.4191136956214905,223456000
2014-08-07,0.42267753225239363,0.4264789958091511,0.4119858398802406,0.41483697295188904,407696000
2014-08-08,0.4328941003083127,0.4538022530305435,0.4328941003083127,0.45142632722854614,894348000
2014-08-11,0.45190144196535753,0.4538021879992263,0.4478623743454273,0.44905033707618713,344624000
2014-08-12,0.4488127615239946,0.45142626253770674,0.44406088227768975,0.44905033707618713,296152000
2014-08-13,0.4497630760889605,0.4554653136290401,0.4469119714805521,0.4516638219356537,256596000
2014-08-14,0.4533270639020025,0.4533270639020025,0.444773719867255,0.4466744661331177,255992000
2014-08-15,0.44810002157797835,0.4549901947537557,0.44382334966878934,0.45237669348716736,369796000
2014-08-18,0.45427741710628466,0.4590292968722512,0.4497631695650293,0.45855408906936646,284076000
2014-08-19,0.45867335107432206,0.464639439804644,0.45700282347098786,0.46225300431251526,248260000
2014-08-20,0.4605825170047385,0.46273032620469556,0.45819608130382466,0.4593892991542816,221468000
2014-08-21,0.4581961437429181,0.46058257976903527,0.4543778631702675,0.45509377121925354,272796000
2014-08-22,0.4546164917162175,0.45915073725504896,0.45175277416191223,0.4553324282169342,251224000
2014-08-25,0.45724155755796747,0.46034392992453327,0.45509374817408654,0.4560483396053314,153380000
2014-08-26,0.45724157877834953,0.4651168233209463,0.45557107925684387,0.46416226029396057,269636000
2014-08-27,0.4612984806051952,0.4648781343676403,0.4581961083213642,0.45891204476356506,182972000
2014-08-28,0.45795753547227264,0.4636849707839329,0.4565256624200763,0.46273040771484375,179704000
2014-08-29,0.46440088682642633,0.4651168233209463,0.459389359813348,0.46416226029396057,207932000
2014-09-02,0.46535536646842957,0.46535536646842957,0.4610597769821812,0.46535536646842957,192636000
2014-09-03,0.46774188901581126,0.4713215428462107,0.4646395166730865,0.4696510434150696,259456000
2014-09-04,0.4689350995793928,0.4808673072748336,0.4686964446150314,0.4780035614967346,491832000
2014-09-05,0.47752624205660915,0.4796740513474032,0.4734693068831876,0.4765716791152954,253792000
2014-09-08,0.47609443030223353,0.4770489933090253,0.4703669669158007,0.47227612137794495,319288000
2014-09-09,0.47012842326584814,0.4732307962576701,0.4658328320809074,0.4663101136684418,198588000
2014-09-10,0.4689350655732886,0.4696510019658953,0.4636848843265445,0.4679804742336273,172376000
2014-09-11,0.4646395350738493,0.46631003457114595,0.45819613516510954,0.4632076621055603,250720000
2014-09-12,0.46607136540618177,0.46607136540618177,0.4558096853086423,0.4562869668006897,262536000
2014-09-15,0.4577187406473121,0.4584346769546912,0.44817299907840086,0.4500821530818939,294152000
2014-09-16,0.4488889779604204,0.4591506568099743,0.44745710520985693,0.45676422119140625,219936000
2014-09-17,0.45557097437360805,0.461298408114054,0.45342316538452476,0.45700281858444214,173584000
2014-09-18,0.45986666777638396,0.46440088480769803,0.45843479479356836,0.4639236032962799,219604000
2014-09-19,0.4653554823298451,0.465832763847469,0.4546164917162175,0.4553324282169342,601316000
2014-09-22,0.4646395482566825,0.4646395482566825,0.4503209035132238,0.4507982134819031,221464000
2014-09-23,0.4484117964928201,0.45390060567710827,0.44674129677114055,0.4488891065120697,196144000
2014-09-24,0.44865046650650064,0.4529460576834501,0.4481731849198542,0.45151418447494507,159592000
2014-09-25,0.45103675082046996,0.45222996860907344,0.4407750721487685,0.4417296350002289,298440000
2014-09-26,0.44316151462178605,0.4460252316692841,0.44125236044060184,0.44268423318862915,241188000
2014-09-29,0.4391046638092792,0.4450707539870081,0.434809073191602,0.4419683814048767,208540000
2014-09-30,0.4400592466331432,0.44340027435194374,0.43504771927922414,0.4402979016304016,277204000
2014-10-01,0.44101378119248946,0.4441161250646304,0.4348090365510884,0.436002254486084,350976000
2014-10-02,0.43528630581309746,0.43743408665635886,0.4240700347802293,0.43409308791160583,288996000
2014-10-03,0.43671815422276494,0.4426842433961858,0.43504762649536133,0.43504762649536133,239140000
2014-10-06,0.4367181984668935,0.44029785233360247,0.4295588622849155,0.43242260813713074,199032000
2014-10-07,0.43051345448613515,0.4348090448235572,0.4274110821064104,0.4278883635997772,301896000
2014-10-08,0.4274111012134527,0.4379114367797327,0.4240700737134067,0.4357636272907257,260172000
2014-10-09,0.43385435989308435,0.43433166973215154,0.4238313368980911,0.4274109899997711,306956000
2014-10-10,0.42406997817021475,0.4255018508402844,0.40187612247546467,0.40211474895477295,691376000
2014-10-13,0.40473980082075334,0.4128536977641449,0.40020558521161714,0.40068286657333374,397628000
2014-10-14,0.4061717931358196,0.4212063453792203,0.40378535717491665,0.4099901020526886,376620000
2014-10-15,0.4040240492155946,0.4183426957513849,0.4013989863020759,0.416194885969162,404428000
2014-10-16,0.40879686453958075,0.42120632525362955,0.40784227313169436,0.4164334535598755,351116000
2014-10-17,0.42144494519247855,0.42621781648957097,0.41404698330256257,0.4157174825668335,290716000
2014-10-20,0.4157175345995696,0.42311549741544185,0.4128538171525921,0.4192971885204315,200336000
2014-10-21,0.42239952567123407,0.4376727315274033,0.421206307797247,0.43719545006752014,351092000
2014-10-22,0.4364794778172187,0.4379113505278656,0.42693373560905457,0.42693373560905457,239512000
2014-10-23,0.4343317577622257,0.4395819110190765,0.4312293854222721,0.4364795386791229,214476000
2014-10-24,0.43910468816862513,0.44363890557581015,0.4364795969653726,0.4410138428211212,210156000
2014-10-27,0.44077509915453966,0.44292287992619556,0.43600222770769737,0.44125238060951233,145092000
2014-10-28,0.4400591118960603,0.4522299440585111,0.43958183049624067,0.4517526626586914,192580000
2014-10-29,0.4498436696534395,0.45246876096505356,0.44483214203983623,0.4488891065120697,168340000
2014-10-30,0.4476958100224789,0.44960493597115625,0.4402978474013948,0.4460252821445465,170260000
2014-10-31,0.4562870580873915,0.46654876868649187,0.453900621701154,0.4663101136684418,256316000
2014-11-03,0.4770489155475913,0.47871944321001336,0.47179876296891704,0.47418519854545593,308732000
2014-11-04,0.477287669483867,0.4820605416269358,0.4694124247580912,0.4803900420665741,360196000
2014-11-05,0.48325378811126496,0.4834924146492812,0.47681038795927255,0.4803900420665741,335652000
2014-11-06,0.48134464884831374,0.48325383201727445,0.47394668497499065,0.4825378954410553,394088000
2014-11-07,0.48802663857849504,0.49375407351636713,0.46750324944686467,0.47227612137794495,450800000
2014-11-10,0.47179890452835455,0.48086739657839705,0.4706056863820697,0.4777650237083435,293388000
2014-11-11,0.4749012116474705,0.4775262741367137,0.46798053028806047,0.47203749418258667,212992000
2014-11-12,0.4703670363528783,0.471560254511795,0.4624917908143148,0.46893519163131714,204584000
2014-11-13,0.4706055565428653,0.4713214929228236,0.46273031326043734,0.4665486216545105,225328000
2014-11-14,0.46702596794346873,0.47227612137794495,0.462491722539806,0.47227612137794495,160248000
2014-11-17,0.47012820839881897,0.4751397338988804,0.4670258368249025,0.47012820839881897,158732000
2014-11-18,0.4703668765318706,0.48253773744540357,0.46917365877838474,0.4813444912433624,207772000
2014-11-19,0.4817041316556867,0.4831420644998445,0.4745145245728159,0.4795472323894501,240300000
2014-11-20,0.4761920154742485,0.4879350555849989,0.474754082866743,0.48745572566986084,220968000
2014-11-21,0.4917695485853513,0.49248851492578993,0.4860178749997535,0.4900919795036316,198976000
2014-11-24,0.4912901624777962,0.4953642665158923,0.48937295721442337,0.4932074248790741,136004000
2014-11-25,0.49224878831030466,0.4965625860630703,0.49129018563343707,0.49296775460243225,190240000
2014-11-26,0.49009170515710454,0.5018347392934666,0.4898520117525277,0.5013554096221924,219264000
2014-11-28,0.5030331504458647,0.5054296853491582,0.49847971698823734,0.5025538206100464,124832000
2014-12-01,0.5003970303235797,0.5032728382186391,0.492488458620833,0.4932074248790741,190060000
2014-12-02,0.4927280205377488,0.49608315781060625,0.48817458730292995,0.4939263164997101,245952000
2014-12-03,0.49632292957971036,0.5068676728740593,0.4948849970536843,0.5066280364990234,284424000
2014-12-04,0.505908946811384,0.5078261516197489,0.4987193430731784,0.5020744800567627,185332000
2014-12-05,0.502314294408242,0.507586695206776,0.5020746580067351,0.5049505233764648,165680000
2014-12-08,0.5042318755354531,0.5092645859735135,0.4944060340742594,0.4984801411628723,226944000
2014-12-09,0.49536424854117245,0.4980004771050335,0.4879350069927978,0.4968021810054779,239448000
2014-12-10,0.49536444602066615,0.49728170911670094,0.485299029033705,0.4857783019542694,204364000
2014-12-11,0.4886539540347033,0.4920090915610525,0.4845798503044364,0.48553845286369324,135652000
2014-12-12,0.4790679591969839,0.4833817294147188,0.46996111730820156,0.47044044733047485,323964000
2014-12-15,0.4759524273390932,0.4845799958077286,0.4675645524356695,0.46900248527526855,254696000
2014-12-16,0.46852313667205686,0.47595237941131324,0.463490400809209,0.4637300372123718,185308000
2014-12-17,0.4730765069042407,0.48338161425573567,0.4577386640695412,0.4826626479625702,345596000
2014-12-18,0.4886540551443184,0.49440572882786465,0.4800265160500428,0.4845799505710602,226156000
2014-12-19,0.48793488754978426,0.49129002438658137,0.4833814549067659,0.4893728196620941,325528000
2014-12-22,0.4888934883184014,0.4980003535747528,0.48721591990547114,0.4980003535747528,148976000
2014-12-23,0.5018350573937902,0.5042315929935043,0.4944057570381355,0.49488508701324463,109280000
2014-12-24,0.49608325615568266,0.4968022224478103,0.4924884818329523,0.49296775460243225,45644000
2014-12-26,0.4929677950113597,0.49608329681999,0.4917695558515316,0.49344712495803833,52636000
2014-12-29,0.4920092371184611,0.4960833420540228,0.48961270144237085,0.49272820353507996,82944000
2014-12-30,0.48937312245440284,0.49176965841177717,0.4874558594057488,0.48817482590675354,112120000
2014-12-31,0.48889376022572517,0.4915299896018509,0.4790679520197015,0.48050591349601746,166300000
2015-01-02,0.48242300748825073,0.4860178389236067,0.47475407185142937,0.48242300748825073,113680000
2015-01-05,0.48242299122136373,0.4838609237470203,0.47211788430469875,0.47427475452423096,197952000
2015-01-06,0.47499375948049893,0.47547306083844454,0.4594162796490581,0.4598955810070038,197764000
2015-01-07,0.46325066464496206,0.4673247971311359,0.45725932695229654,0.45869725942611694,321808000
2015-01-08,0.46396962228578703,0.4788281623434708,0.4637299573549401,0.47595229744911194,283780000
2015-01-09,0.4776298445116608,0.4814643115875668,0.4711591777499509,0.4778694808483124,209540000
2015-01-12,0.47906792700212114,0.47930759199715156,0.46756455005087794,0.471878319978714,190732000
2015-01-13,0.4754730185196233,0.4850591591011549,0.4678041117681886,0.4711592495441437,236720000
2015-01-14,0.46612652255469034,0.47451439519777594,0.46492825503424956,0.4730764627456665,155260000
2015-01-15,0.47643174192001553,0.4793075789372273,0.4694817715120492,0.4697214365005493,188932000
2015-01-16,0.4690024352875881,0.478828241983347,0.4675645026012482,0.4783489406108856,181512000
2015-01-20,0.48170404843047177,0.48434022009735767,0.4737954762919059,0.47978684306144714,140308000
2015-01-21,0.4771505698278468,0.48769534058904146,0.47379540380744184,0.48649704456329346,144780000
2015-01-22,0.48745578665758993,0.49632301980065624,0.48242307903956505,0.49488508701324463,159712000
2015-01-23,0.49536453778549366,0.49728180123669585,0.4912904315163514,0.49632319808006287,120416000
2015-01-26,0.4941661059856415,0.49656264151438617,0.4910506040844819,0.4941661059856415,133240000
2015-01-27,0.48649723171469184,0.48697656173696513,0.4694818158548889,0.47044044733047485,357948000
2015-01-28,0.47619199442166865,0.4781092282905965,0.4625317209611534,0.46277138590812683,272728000
2015-01-29,0.4630111282934871,0.476671375469719,0.46085422911684554,0.47403520345687866,235340000
2015-01-30,0.47068002477969106,0.47619206222433336,0.4594163134782655,0.46013525128364563,298200000
2015-02-02,0.4630110522412547,0.4721178917192111,0.45390421276329834,0.47020065784454346,259604000
2015-02-03,0.47355585233264075,0.48242305649231826,0.47115931684493473,0.4819437265396118,183468000
2015-02-04,0.4805058464478138,0.48865405560196146,0.47906788517214616,0.48314201831817627,181516000
2015-02-05,0.4836211541593321,0.49129008833122123,0.48314188148477427,0.49105045199394226,140448000
2015-02-06,0.49057128672681777,0.4963230178539039,0.4867368183547322,0.4888937175273895,210524000
2015-02-09,0.4860178713721574,0.48985228230866185,0.48290236963281424,0.4884144067764282,273944000
2015-02-10,0.48889351130110686,0.5023141163733355,0.4867366130382778,0.5020744800567627,226204000
2015-02-11,0.5032728305270423,0.5032728305270423,0.4953642589451635,0.4987194538116455,320832000
2015-02-12,0.5272383342095578,0.5392210119361106,0.5241228322868625,0.5344279408454895,676904000
2015-02-13,0.533229499943257,0.535386398490667,0.525081292725795,0.534667432308197,310084000
2015-02-17,0.5337090117069321,0.5389814131296558,0.5303538731369798,0.5363451838493347,203340000
2015-02-18,0.5356259707850858,0.5365846303390021,0.5291553330545568,0.530113935470581,170948000
2015-02-19,0.5368244172086709,0.5377830198935313,0.5291554814539721,0.5315520167350769,169432000
2015-02-20,0.5310728210702567,0.535626198768944,0.5272383526361649,0.5353865623474121,157752000
2015-02-23,0.5351469601116091,0.5351469601116091,0.5284366256388064,0.5310728549957275,125008000
2015-02-24,0.5331176204414618,0.5367262363433838,0.5283060943336221,0.5367262363433838,149356000
2015-02-25,0.5345609913898409,0.5369668116171643,0.5302306411680634,0.5326364040374756,123820000
2015-02-26,0.5331174965889293,0.5372072870946715,0.5297493832095808,0.5340797901153564,152864000
2015-02-27,0.532636297420156,0.5338392072930322,0.5287870661280113,0.5307117104530334,157492000
2015-03-02,0.5292684979049881,0.5465900184305328,0.5285467631032631,0.5437030792236328,301512000
2015-03-03,0.5396133379720681,0.5422596609234772,0.5319148709305997,0.5335988998413086,160344000
2015-03-04,0.5316742807729108,0.5408161596636569,0.5295090762890777,0.5396133065223694,226840000
2015-03-05,0.5396132032364668,0.5509202844467882,0.5381697338568686,0.5499579906463623,323056000
2015-03-06,0.5468304890340148,0.5494768113065542,0.5420189627068968,0.5425001382827759,257392000
2015-03-09,0.5427408499336985,0.548033553324255,0.5415379393348716,0.5439437031745911,222388000
2015-03-10,0.5463496338587845,0.5569350438724743,0.5453873395006178,0.5533263683319092,527212000
2015-03-11,0.5533260004943618,0.5605432894196636,0.5489956500823462,0.5504391193389893,262120000
2015-03-12,0.5451462917993801,0.5492360821755996,0.5350420666971373,0.5453868508338928,406972000
2015-03-13,0.5427406066876018,0.5475521322106057,0.5352827019764097,0.5461086630821228,359288000
2015-03-16,0.5504391115639873,0.5559723720643522,0.5468304384733523,0.5526042580604553,236956000
2015-03-17,0.551401335345719,0.5595809168366893,0.5475521036564667,0.5593403577804565,299900000
2015-03-18,0.5593404895785131,0.5622273710072625,0.5451464694739251,0.5501985549926758,413844000
2015-03-19,0.5521232287007102,0.560543371670122,0.5480334367787213,0.5586187839508057,310756000
2015-03-20,0.5631894811908508,0.5680010055378758,0.5578967814659654,0.5646328926086426,462084000
2015-03-23,0.5477927563329844,0.5550100454745857,0.5461087279357356,0.546349287033081,426012000
2015-03-24,0.5446650134939438,0.5485142441085925,0.5364854342864963,0.5388911962509155,330480000
2015-03-25,0.5386509056249488,0.5386509056249488,0.5044889884092246,0.5061730742454529,542552000
2015-03-26,0.49582824425194133,0.5066541488751265,0.49221957113893744,0.5044889450073242,311920000
2015-03-27,0.5073760661701903,0.5162773865764905,0.4991964806463396,0.5143527984619141,318288000
2015-03-30,0.516758615592324,0.5191643796626874,0.5100224417805428,0.5165180563926697,253252000
2015-03-31,0.5150743240872512,0.5155554422414664,0.5030455098632103,0.5035266280174255,357276000
2015-04-01,0.5054512619972229,0.5071352902171121,0.4967905044678577,0.5054512619972229,330768000
2015-04-02,0.5083384706622464,0.5097819407407345,0.5023240884791409,0.5066544413566589,192204000
2015-04-06,0.504488887581111,0.5230133118560315,0.49919624409505375,0.5213292837142944,515864000
2015-04-07,0.5213295148017371,0.5316743046564015,0.5184425753602746,0.5259004831314087,413964000
2015-04-08,0.5263815742792527,0.5316742771959269,0.5213294878755609,0.5297496318817139,366432000
2015-04-09,0.5256596108311963,0.5437028588450115,0.5254190517807693,0.5420188307762146,379432000
2015-04-10,0.5425002015532717,0.547792846715619,0.5405755563832069,0.5475522875785828,258728000
2015-04-13,0.5463493134581356,0.5494768113065542,0.5400943177612987,0.5425001382827759,236724000
2015-04-14,0.5403349404756155,0.5425001445552283,0.5326364753200488,0.5379291772842407,220276000
2015-04-15,0.5393725092413721,0.548514384096127,0.5367261302546001,0.5444245934486389,243560000
2015-04-16,0.5412970728263254,0.5458680387339178,0.537207282356654,0.5410565137863159,155284000
2015-04-17,0.5297493832095808,0.5393724905475593,0.5295088241674495,0.5340797901153564,293636000
2015-04-20,0.5364857275905102,0.5398537847104816,0.5304712907123431,0.531433641910553,231624000
2015-04-21,0.5379289976165923,0.5379289976165923,0.5280653316758654,0.5307117104530334,230456000
2015-04-22,0.5338393550934293,0.5374479709953512,0.5256597148237694,0.5367262363433838,207420000
2015-04-23,0.5268628068171721,0.5396133611381596,0.5208483684282073,0.5345612168312073,259380000
2015-04-24,0.5343204872907441,0.534561046395065,0.5239757001520234,0.5299901366233826,240960000
2015-04-27,0.5316740276203373,0.5434622810533015,0.5271030616724304,0.5340797901153564,248456000
2015-04-28,0.5331176204414618,0.538650881201269,0.5280654778776892,0.5367262363433838,234484000
2015-04-29,0.5328769631170435,0.5381696643729148,0.5304712002476313,0.5326364040374756,195156000
2015-04-30,0.5299899996096142,0.5367261116525067,0.5287870896831536,0.5340797901153564,218844000
2015-05-01,0.5384103469515512,0.5489957518913445,0.5360045835303117,0.5473117232322693,256968000
2015-05-04,0.5468306427254281,0.5504393171639744,0.5422596742225809,0.5439437031745911,200720000
2015-05-05,0.5420189522081836,0.5427406868790634,0.5275843735064223,0.5299901366233826,292928000
2015-05-06,0.5328769397505828,0.5379290817053516,0.5246973578248353,0.5316740870475769,316484000
2015-05-07,0.5295088194973304,0.5427405417821864,0.5278247915014599,0.5410565137863159,534564000
2015-05-08,0.5054513330016068,0.5254191727312021,0.4929413417731654,0.501120924949646,1146552000
2015-05-11,0.49414434393634143,0.5013616928699011,0.49029516764902265,0.4963095486164093,544144000
2015-05-12,0.4927007826673623,0.5052107165378863,0.4924601662036417,0.501120924949646,388800000
2015-05-13,0.5047296106122371,0.508578843188371,0.4991963495386544,0.504007875919342,308524000
2015-05-14,0.5054514254729722,0.5148339206108127,0.5042485150080516,0.5121875405311584,293052000
2015-05-15,0.5143525729389044,0.5167583357062612,0.5093004883348277,0.5124279856681824,215824000
2015-05-18,0.5112249979963649,0.5148336702785211,0.5088192355942274,0.5117061734199524,324972000
2015-05-19,0.5123828254223544,0.5140747058452219,0.5075490295314561,0.5085158348083496,253808000
2015-05-20,0.5087575073158768,0.5147997809911958,0.5080324321699028,0.5085158348083496,196824000
2015-05-21,0.5087576101226485,0.5109328360001275,0.5044071583676908,0.5048905611038208,239692000
2015-05-22,0.5060990238629067,0.508032519502283,0.5029570502313685,0.5041654706001282,212592000
2015-05-26,0.5017487853526035,0.5051324329703879,0.49715665922936664,0.5010237097740173,259732000
2015-05-27,0.504407252883364,0.5302681228323373,0.5027154294250017,0.5278512239456177,432332000
2015-05-28,0.5278511355138816,0.5367936541342485,0.5268843876458376,0.5351018309593201,327656000
2015-05-29,0.5351020452012546,0.5384856929058423,0.5341352969461478,0.534860372543335,335168000
2015-06-01,0.5382438644417511,0.5462196360786239,0.5348602177166322,0.5409024357795715,372660000
2015-06-02,0.5375189503208325,0.5404192527401752,0.5297848489515379,0.5302682518959045,224304000
2015-06-03,0.531718465561542,0.5358271893892714,0.5235009602826476,0.5244677662849426,250788000
2015-06-04,0.5213255113337869,0.5355852295529565,0.5213255113337869,0.5338934063911438,323712000
2015-06-05,0.5322016488256258,0.5404191516013916,0.5266427753111745,0.5380022525787354,313320000
2015-06-08,0.5363104743408059,0.539935794369403,0.5196338523883599,0.5256760716438293,342812000
2015-06-09,0.5261592726488885,0.532201489585932,0.5251925248537697,0.5283344984054565,256888000
2015-06-10,0.5220507735841071,0.5254344211194341,0.5160084964509445,0.5189087986946106,529460000
2015-06-11,0.5189088910772063,0.5280930871115246,0.5189088910772063,0.5244677662849426,283052000
2015-06-12,0.5210840301425907,0.5242260054082716,0.5089995320528309,0.510208010673523,323728000
2015-06-15,0.5075492230580014,0.5116580029929798,0.5036822309695276,0.5092411041259766,306548000
2015-06-16,0.5082743457355919,0.5162501185005656,0.503198874930034,0.5155250430107117,256892000
2015-06-17,0.5152833363133138,0.5244675868285038,0.5140749156590821,0.5215672850608826,233544000
2015-06-18,0.5259178558903194,0.5336518996361852,0.524467704680648,0.5302682518959045,299404000
2015-06-19,0.5302682575467693,0.5346186535987151,0.523742634657136,0.5285764336585999,355656000
2015-06-22,0.5295430770337586,0.5324433789094701,0.5184253300080887,0.5264011025428772,514236000
2015-06-23,0.5273677697379663,0.5314764916827394,0.5087576558857324,0.5128663778305054,414064000
2015-06-24,0.5121412576561251,0.514799886276227,0.505373965074202,0.5077908635139465,253368000
2015-06-25,0.5077908447721393,0.5147998672757271,0.5077908447721393,0.5116578936576843,350460000
2015-06-26,0.507549296492012,0.5080326993847187,0.4990901780453128,0.5012653470039368,421296000
2015-06-29,0.49546475359984643,0.5005402818117812,0.4855554850346214,0.48628056049346924,391724000
2015-06-30,0.4891807783320674,0.49135600459133716,0.48265515717767227,0.48603880405426025,315916000
2015-07-01,0.49812336143670716,0.5051323278656138,0.48869743849980063,0.493047833442688,302892000
2015-07-02,0.4928062409731669,0.4966732913419811,0.49038934169558596,0.49353131651878357,145764000
2015-07-06,0.48942244908020405,0.4961897420110263,0.48386357661985413,0.48748889565467834,214776000
2015-07-07,0.48458875146324026,0.4865222476624081,0.46307830372454906,0.47830477356910706,594252000
2015-07-08,0.4756462125913544,0.47854648576707126,0.4710540869857352,0.4749211370944977,332492000
2015-07-09,0.48241335214436726,0.4845885778064832,0.46622011119151213,0.4691203832626343,357588000
2015-07-10,0.47516275996803264,0.4816884099447783,0.47395431053703635,0.4773379862308502,216708000
2015-07-13,0.48217177909722697,0.48313852710760175,0.4773379814219396,0.4804799556732178,212472000
2015-07-14,0.4812050255167582,0.4816883995163504,0.47443770308734834,0.4807216227054596,249216000
2015-07-15,0.4795131836819607,0.4826551579648925,0.47298756251692214,0.4773379862308502,265732000
2015-07-16,0.48023830833252534,0.4879724085330963,0.47854648471804173,0.4879724085330963,282848000
2015-07-17,0.4862805247353471,0.48676386992342524,0.4787880980860062,0.4850720465183258,220372000
2015-07-20,0.4850721125187316,0.4870056664043684,0.4749211418952562,0.47612959146499634,188412000
2015-07-21,0.47516279902789516,0.48507209670132273,0.47516279902789516,0.47830477356910706,149720000
2015-07-22,0.4749209562165776,0.4749209562165776,0.46331983912039004,0.4691203832626343,356472000
2015-07-23,0.47008733886439963,0.48193013300345583,0.46912056193135393,0.4749211370944977,169916000
2015-07-24,0.47830481015969745,0.47878818424646774,0.4674287635546622,0.4693622887134552,188844000
2015-07-27,0.4652534132421565,0.47202073509273873,0.4613863927644696,0.4667035639286041,192420000
2015-07-28,0.4679120733350875,0.4799965679021017,0.46307827550828184,0.4768546223640442,198308000
2015-07-29,0.4758878742533845,0.48652224740165523,0.4739543492435435,0.48265519738197327,232680000
2015-07-30,0.48144663504075064,0.4886973593316077,0.48144663504075064,0.48386356234550476,190180000
2015-07-31,0.48579721220718963,0.48603888484614255,0.479271589968072,0.4821718633174896,218340000
2015-08-03,0.48603865745151426,0.4908724537096083,0.47975473960301096,0.4903891086578369,397132000
2015-08-04,0.4886972756205057,0.49377274429949275,0.48676372258322803,0.4923225939273834,260100000
2015-08-05,0.5044071628347397,0.5048905655751508,0.4964313921700874,0.4973981976509094,234628000
2015-08-06,0.4961898735347792,0.49981525115397984,0.4860388738244398,0.4942563772201538,655676000
2015-08-07,0.5428359916243536,0.5648297530530451,0.5288179442424882,0.5554038882255554,1405248000
2015-08-10,0.5515367437144675,0.5788477007617144,0.5481530399344301,0.5747389793395996,662304000
2015-08-11,0.5662799230399566,0.5773976692375702,0.5662799230399566,0.5718387961387634,435008000
2015-08-12,0.5626546332065043,0.5773976996313882,0.5626546332065043,0.5732889771461487,384048000
2015-08-13,0.5740140930519737,0.5752225714334304,0.5670050682604191,0.5684552192687988,276884000
2015-08-14,0.5679716286889679,0.5723220802763751,0.5645879825365857,0.5689384341239929,214652000
2015-08-17,0.5679716719049196,0.5679716719049196,0.5583040778062938,0.5653131008148193,273880000
2015-08-18,0.5635656727193572,0.5674489926734441,0.5557990328111836,0.5601677894592285,287084000
2015-08-19,0.5594397701407836,0.565750159037511,0.5519158182104377,0.5579835176467896,249248000
2015-08-20,0.551673037716474,0.5543427949376699,0.5351689419510598,0.5378387570381165,426932000
2015-08-21,0.5339555855428424,0.5429357331179584,0.5206066799911552,0.5210921168327332,382664000
2015-08-24,0.4919671806595185,0.529829513970781,0.48541410231437543,0.5026463270187378,682284000
2015-08-25,0.5247325489697928,0.5266742379460961,0.49220985174179077,0.49220985174179077,622684000
2015-08-26,0.508228479710627,0.5298293993500911,0.504345159862452,0.5293439626693726,614976000
2015-08-27,0.5349263527027335,0.5494887622349403,0.5317711581841682,0.549246072769165,463764000
2015-08-28,0.549245868134733,0.5550708182042196,0.5453625487997918,0.5516729354858398,320944000
2015-08-31,0.5490033627895302,0.5528866834261902,0.5434211002241819,0.5456054210662842,219352000
2015-09-01,0.5298295249925065,0.5388096717213952,0.5193931257419878,0.5232763886451721,353408000
2015-09-02,0.5375959957852394,0.5392949374151221,0.5286158509419197,0.5390522480010986,344044000
2015-09-03,0.5470617065449632,0.5497315221933007,0.5395378121402692,0.5405086278915405,262556000
2015-09-04,0.531285585100933,0.5397803507485719,0.5276450125846998,0.5278877019882202,287972000
2015-09-08,0.5407513495150944,0.552644002306437,0.538567028411326,0.550459623336792,238448000
2015-09-09,0.5521585652237407,0.5567699542976146,0.5383242244045082,0.539537787437439,289392000
2015-09-10,0.5363825591189614,0.5548282878472426,0.5339554910722367,0.5480324625968933,357076000
2015-09-11,0.5419646753791577,0.5533718863384731,0.539780297365932,0.5497313141822815,301584000
2015-09-14,0.5524011558905898,0.5541000975401518,0.5477897097755731,0.5507022142410278,192460000
2015-09-15,0.5509448968765203,0.559682352299479,0.5492459552478699,0.556769847869873,327976000
2015-09-16,0.555799192028879,0.5638085236455049,0.5516731814787801,0.5606533288955688,173508000
2015-09-17,0.5703614507550049,0.5754583336139615,0.5645364996392007,0.5657500624656677,268712000
2015-09-18,0.5579834975020335,0.5701188380707473,0.5545856137159673,0.5652647018432617,326412000
2015-09-21,0.5659928590054953,0.5723032480193745,0.5630803539634368,0.5710896849632263,281840000
2015-09-22,0.5587117306591763,0.5625950519575992,0.5526440302805382,0.5555565357208252,228356000
2015-09-23,0.5560418489385066,0.5616241117947685,0.5538575279825708,0.5582262277603149,161632000
2015-09-24,0.5548283232572024,0.5747303056568656,0.5460908661581828,0.5689053535461426,382440000
2015-09-25,0.5759436931897064,0.5841957696824579,0.567448985151981,0.5730312466621399,369692000
2015-09-28,0.5730313638903997,0.576671937261095,0.5618668385860917,0.5655074119567871,395584000
2015-09-29,0.5715752052764496,0.5764293424785778,0.5635658731063502,0.5754585266113281,380736000
2015-09-30,0.5807976565740661,0.599000687909669,0.5773997743654005,0.5982725620269775,556380000
2015-10-01,0.5982727359844038,0.5999716775827313,0.5696333024906363,0.5866228342056274,489296000
2015-10-02,0.5834677234844485,0.6019134521484375,0.5774000244558523,0.6019134521484375,386144000
2015-10-05,0.6057966001871147,0.6244850129768795,0.6026414068486784,0.6169611215591431,482024000
2015-10-06,0.6104082651884064,0.627640432198176,0.6079811969673456,0.6249706745147705,453216000
2015-10-07,0.6264267252935865,0.6378339364725423,0.616233018901443,0.6315235495567322,310152000
2015-10-08,0.6288539911665083,0.6368633220306932,0.6181748447703482,0.6351643800735474,460068000
2015-10-09,0.6317665244403663,0.6378342247140181,0.6208447449600228,0.632737398147583,423248000
2015-10-12,0.6334652847713582,0.6431736139952696,0.6288538963823879,0.6395329833030701,227588000
2015-10-13,0.6344362050534106,0.6446298560126539,0.6322518264767729,0.6407465934753418,298444000
2015-10-14,0.6414748425766411,0.674483046372812,0.6407467740451166,0.6640466451644897,612148000
2015-10-15,0.6652600003679455,0.6793370303847244,0.6584642326811345,0.6657454371452332,526048000
2015-10-16,0.6679297147049784,0.6824921214281071,0.6662307151746723,0.6761817336082458,448396000
2015-10-19,0.6783663040112085,0.6815214988143247,0.6672017774564708,0.6749683618545532,294712000
2015-10-20,0.6720557115395628,0.6771525364372128,0.6669588287760534,0.6739973425865173,264824000
2015-10-21,0.6781234842446923,0.6822495522896115,0.6640465117435779,0.6652600169181824,386280000
2015-10-22,0.673026668631183,0.6914723989206648,0.672055852903499,0.6892880201339722,306884000
2015-10-23,0.6953557051803695,0.6985108996288752,0.6849193061274358,0.6938994526863098,381776000
2015-10-26,0.6943846125752867,0.6960835538522512,0.6844335964112629,0.6907439827919006,247436000
2015-10-27,0.6873464150321268,0.6946276200677324,0.6868609782167369,0.6902589201927185,208268000
2015-10-28,0.6946277490775203,0.6958413124084473,0.6844340369880951,0.6958413124084473,217036000
2015-10-29,0.6846764132588439,0.691714868445984,0.6705993871528573,0.671812891960144,327168000
2015-10-30,0.6790942466016642,0.693413964085119,0.6739973636786524,0.6885597705841064,301160000
2015-11-02,0.6907442522703985,0.6972973305711838,0.6866182421501213,0.6965692043304443,190088000
2015-11-03,0.6924431878986841,0.6963265085252756,0.6839484782772677,0.6917150616645813,376768000
2015-11-04,0.6897732672693431,0.6948700918376548,0.6771524926820696,0.6803076863288879,442264000
2015-11-05,0.6837057867318478,0.6856474761364807,0.6705996291805405,0.6725412607192993,478800000
2015-11-06,0.7390428290293162,0.7752061546814243,0.7237522969177768,0.7657405734062195,1172272000
2015-11-09,0.7582166821616358,0.7645270696882148,0.7516635473615175,0.7623426914215088,492568000
2015-11-10,0.7523918912526385,0.7565179595727825,0.7317618389812911,0.7477805018424988,552260000
2015-11-11,0.748265721262998,0.7536052937002586,0.7378293236805308,0.7404991388320923,619896000
2015-11-12,0.7388001431590786,0.7455959679211629,0.734674133562678,0.737829327583313,291080000
2015-11-13,0.7385573716643831,0.7417125653344185,0.7196262096441705,0.7232668399810791,292940000
2015-11-16,0.7327325024111467,0.7383147643041271,0.7269074932248281,0.737829327583313,344280000
2015-11-17,0.7397710166007068,0.7441397156245833,0.734674133562678,0.737829327583313,257048000
2015-11-18,0.7408748477978441,0.7569543963236425,0.7328351025777491,0.7559798359870911,350216000
2015-11-19,0.7586593747236161,0.7657245557418174,0.7525686373376339,0.7581720948219299,254072000
2015-11-20,0.7637759188617266,0.7691357680102958,0.7591469608736715,0.7647504210472107,239744000
2015-11-23,0.771084652684741,0.771084652684741,0.7506198776239318,0.7532997727394104,242552000
2015-11-24,0.7532997934394504,0.7659684944891026,0.7498890071831893,0.7593905329704285,195428000
2015-11-25,0.7579287154587517,0.7669429607519451,0.7557360423596741,0.758415937423706,138300000
2015-11-27,0.7598778520341857,0.7671867055537231,0.7559797852066448,0.7647504210472107,86996000
2015-11-30,0.7654811036113115,0.7762007989872938,0.7647502126499678,0.7727899551391602,327244000
2015-12-01,0.7796117074785953,0.7986147592938709,0.7788808164021926,0.7978838682174683,409496000
2015-12-02,0.7991017800099922,0.8073851326753487,0.7900875364523298,0.7917929291725159,294240000
2015-12-03,0.798127443283023,0.806410797661877,0.7861896336866774,0.7900876998901367,246656000
2015-12-04,0.7900876399850892,0.8237083930944799,0.7900876399850892,0.8222466111183167,458756000
2015-12-07,0.8220030487638313,0.8220030487638313,0.804218169201765,0.8066544532775879,333588000
2015-12-08,0.796665601355504,0.8210284406901469,0.7915494225209062,0.817617654800415,314488000
2015-12-09,0.8173739223241379,0.8222464894667237,0.7886257413315321,0.7969090938568115,372676000
2015-12-10,0.7993454469550438,0.8078724692390392,0.7966655522191994,0.8034871816635132,236596000
2015-12-11,0.7954475701141974,0.8010510295451303,0.7898441106832644,0.7915495038032532,227320000
2015-12-14,0.7922802839949153,0.7978837426416983,0.7839968724612437,0.7934983968734741,275892000
2015-12-15,0.8025126864777842,0.8088470364426673,0.7981273985481837,0.8032435774803162,307296000
2015-12-16,0.8049491411413309,0.8107962704014287,0.7978839567613862,0.8081163167953491,236356000
2015-12-17,0.8093342672412273,0.8176176206519264,0.7954474552090343,0.7959346771240234,254160000
2015-12-18,0.790331255554827,0.7983709983849507,0.7820479017557878,0.783022403717041,395896000
2015-12-21,0.7915494226804628,0.8022690603727484,0.784484181846315,0.8015381693840027,284216000
2015-12-22,0.8039744344434115,0.810308784140105,0.7973964737847189,0.8022690415382385,130012000
2015-12-23,0.8034871901301608,0.8086033687031168,0.8020254082277196,0.8054361939430237,122524000
2015-12-24,0.8030001367783677,0.8100653792439164,0.8017819654873125,0.8081163167953491,52448000
2015-12-28,0.7995891328037412,0.8073852062225342,0.7883822155482885,0.8073852062225342,142024000
2015-12-29,0.8078725622610405,0.8229775466903729,0.8056798891780098,0.820541262626648,203660000
2015-12-30,0.8198104363459195,0.8268756781143984,0.8132324746629076,0.8134760856628418,180344000
2015-12-31,0.8122578873504034,0.8159122843083686,0.8029999732971191,0.8029999732971191,148528000
2016-01-04,0.7866768919720291,0.7937420750543172,0.780586152806643,0.7886258959770203,358076000
2016-01-05,0.8034870588823649,0.8146939741896719,0.7917928636586443,0.8012943863868713,490272000
2016-01-06,0.7881386734436936,0.7917931288267107,0.7591468737189501,0.7681611776351929,449344000
2016-01-07,0.7489142946339453,0.7540305310627896,0.7279622432011915,0.7377074360847473,645304000
2016-01-08,0.7472088934232979,0.7479397843334586,0.7204097730312102,0.721871554851532,398472000
2016-01-11,0.7226024730753392,0.7282059315413211,0.7101773852185337,0.7230896949768066,409372000
2016-01-12,0.7360019274859836,0.74599073053029,0.7301548586829631,0.7352710366249084,469356000
2016-01-13,0.7408747867786799,0.7457474138032977,0.7121266532727372,0.7128575444221497,481672000
2016-01-14,0.6982399171564351,0.7065233324540676,0.6777751351956817,0.6984835863113403,600236000
2016-01-15,0.6704662076975995,0.6785059529691744,0.64902686761153,0.6604773998260498,841452000
2016-01-19,0.6741204033120533,0.693123453007633,0.6631570964745125,0.6658370494842529,457140000
2016-01-20,0.6531683726015923,0.6780184930423742,0.6443977384409874,0.6694914698600769,481180000
2016-01-21,0.6768003566430096,0.6877636054001625,0.6629134858193761,0.6772875785827637,481456000
2016-01-22,0.6901998958077598,0.6977524168004621,0.6887381138036502,0.693123459815979,257996000
2016-01-25,0.6928797484117234,0.7009194901833833,0.6909306866602276,0.6923924684524536,270728000
2016-01-26,0.6938544295379662,0.7021377843869037,0.6867891877735909,0.6992142200469971,227944000
2016-01-27,0.6982398163566771,0.7004324899205938,0.6777750373502736,0.690930962562561,231700000
2016-01-28,0.6965342002145303,0.6989704840335138,0.6699786891619337,0.683378279209137,276776000
2016-01-29,0.6892255129770518,0.7150501392285424,0.6865456175633166,0.7135883569717407,310504000
2016-02-01,0.71285728053107,0.7174861786496494,0.7067665425692173,0.7138317823410034,289884000
2016-02-02,0.7065229975323553,0.7101773941818303,0.6787493158026422,0.683621883392334,341908000
2016-02-03,0.6889820006536631,0.6931236789174606,0.6711971161814448,0.68703293800354,326772000
2016-02-04,0.6880071365930462,0.7028685076585478,0.680454674632273,0.687276303768158,348140000
2016-02-05,0.6826475863054845,0.6902000509097878,0.6419615824475545,0.6439105868339539,600428000
2016-02-08,0.6341652626690505,0.6373324374319158,0.6054170788478382,0.6144313812255859,608852000
2016-02-09,0.6071227125426893,0.6468341564241794,0.6041991478552254,0.6210095286369324,425372000
2016-02-10,0.6249073934081352,0.6429358815881723,0.6161367602680778,0.6195475459098816,335800000
2016-02-11,0.60371175265922,0.622714803335002,0.60371175265922,0.6163804531097412,340144000
2016-02-12,0.6261254362031742,0.6280744978415957,0.602980714063886,0.6268563270568848,340816000
2016-02-16,0.6358706117310812,0.6585281135069849,0.6339216080507546,0.6575535535812378,485352000
2016-02-17,0.6658369609959178,0.6802110518421968,0.6631570083423375,0.6738767027854919,771468000
2016-02-18,0.7291805042710285,0.7547615153220816,0.7284496132622333,0.7318603992462158,1068660000
2016-02-19,0.7279621429785389,0.7481833587945028,0.722358685432607,0.7416053414344788,525628000
2016-02-22,0.7523251311221648,0.7764443569432858,0.7508633492992632,0.7679173350334167,449668000
2016-02-23,0.7618266648718097,0.7771752580423027,0.7581722102666517,0.769866406917572,369380000
2016-02-24,0.7666994478699594,0.7764445854430855,0.7455037213713684,0.7752264142036438,336852000
2016-02-25,0.7781499935626506,0.7808298890207319,0.7630450068017501,0.7769318222999573,349616000
2016-02-26,0.7805861728249441,0.782535176879918,0.7640194060152868,0.7718155384063721,361964000
2016-02-29,0.772915776216405,0.7829409142063675,0.7663138503891409,0.7668028473854065,323344000
2016-03-01,0.7687591459458823,0.8007907867431641,0.7675365366450116,0.8007907867431641,348700000
2016-03-02,0.796389464262011,0.8083707672590572,0.7949223564179285,0.8054365515708923,233812000
2016-03-03,0.8044584970052875,0.8078817097677219,0.7875868734368635,0.7983456254005432,302004000
2016-03-04,0.8044584357072597,0.8051919895714891,0.7897874750171056,0.7959004044532776,175304000
2016-03-07,0.7914990777715113,0.7968784533196911,0.780495828153894,0.7907655239105225,239968000
2016-03-08,0.7826965420677937,0.7873423640656033,0.7738939534446035,0.7763391137123108,274940000
2016-03-09,0.7831855980150796,0.784408149001221,0.7658249192935616,0.7758501172065735,222788000
2016-03-10,0.7804958196550907,0.784897142773098,0.7589784342911047,0.7746274471282959,286084000
2016-03-11,0.7861196407434983,0.788075803652222,0.776828056392996,0.7878312468528748,277400000
2016-03-14,0.7841638931277077,0.7929664844813742,0.7804961224398311,0.789787769317627,190312000
2016-03-15,0.7856307027047935,0.790765521418317,0.7719377945048489,0.7858752012252808,226216000
2016-03-16,0.7800068404339839,0.8120384789902148,0.7763390710852026,0.8093487620353699,363644000
2016-03-17,0.8064147217673399,0.8103269319102763,0.791499201982803,0.802502453327179,353680000
2016-03-18,0.8120386054157178,0.8374682631032612,0.8069037275279799,0.8267095685005188,545512000
2016-03-21,0.8193739699737265,0.8293991091611881,0.8105713817201718,0.8291546106338501,337780000
2016-03-22,0.8264650700080807,0.8335559946916091,0.81741792363752,0.8276876211166382,242012000
2016-03-23,0.831355043394029,0.847982104619813,0.827687275007635,0.8418692350387573,429008000
2016-03-24,0.8342894360040533,0.8445591320962392,0.8315997772906878,0.8430920243263245,244956000
2016-03-28,0.8416249212094549,0.855317829975667,0.8406468687898434,0.8516501188278198,265388000
2016-03-29,0.8479822975134209,0.8672990793823526,0.846026192793849,0.8653429746627808,261812000
2016-03-30,0.8685217523874296,0.886371427879946,0.8680326970229862,0.8743901252746582,376700000
2016-03-31,0.8783024517954342,0.8802585567890518,0.8643650433985474,0.8712114691734314,379884000
2016-04-01,0.8658320983564143,0.8844153873969615,0.8592301710905477,0.8839263319969177,348292000
2016-04-04,0.8912617485233063,0.8959075704462329,0.8719449652306078,0.8753681778907776,393940000
2016-04-05,0.8675437002343849,0.8822146616057771,0.8641204292766187,0.8741456270217896,339568000
2016-04-06,0.863142376749301,0.875857233255324,0.8467598090494443,0.8753681778907776,453376000
2016-04-07,0.8697441798476021,0.8775687147842888,0.8626532570020155,0.8663209676742554,378104000
2016-04-08,0.8734120120213396,0.8790358859833268,0.8633868149775114,0.8719449043273926,255936000
2016-04-11,0.8770797858963116,0.8917508055913272,0.8743901271292143,0.8773243427276611,387524000
2016-04-12,0.8802583801042317,0.8814809892027583,0.8592299933061446,0.8763461709022522,292764000
2016-04-13,0.880258626444154,0.8985973599736627,0.880258626444154,0.898352861404419,350716000
2016-04-14,0.8959074644504491,0.9047100518903122,0.8922396953933347,0.9007977843284607,416564000
2016-04-15,0.9005533493734362,0.9159578639059504,0.8976191339206847,0.9078888297080994,436972000
2016-04-18,0.906177041973866,0.906177041973866,0.8951737945269541,0.9039763808250427,307320000
2016-04-19,0.9073998853510165,0.9091114918087295,0.882214727291887,0.88783860206604,309152000
2016-04-20,0.8863712580874265,0.8966409523957363,0.8853932058431129,0.8912615776062012,200172000
2016-04-21,0.8915061354071562,0.8956629597421653,0.8863713170599722,0.8902835845947266,178280000
2016-04-22,0.8932177980804288,0.8993306687250929,0.8839261554163326,0.8868603706359863,223540000
2016-04-25,0.8871048118449634,0.8961518971249759,0.884659652085576,0.8912615776062012,191972000
2016-04-26,0.8966409530046048,0.9069106473198884,0.888082864692334,0.8919951319694519,214536000
2016-04-27,0.8897947161658218,0.9127792708982583,0.8880831096906229,0.9122902154922485,352396000
2016-04-28,0.9066662683569451,0.9120456442051708,0.8829482198527666,0.885148823261261,381224000
2016-04-29,0.8814808023051163,0.8834369064913593,0.8592298111263111,0.8687659502029419,321904000
2016-05-02,0.8770797864414657,0.885637876410776,0.8729230198725614,0.8802585005760193,256076000
2016-05-03,0.8702333562053169,0.8739010673877914,0.8621643216472112,0.8697443008422852,224024000
2016-05-04,0.8592298562482643,0.8599634099309271,0.8411356875351179,0.8499382734298706,525764000
2016-05-05,0.8570292569620568,0.865098289206766,0.8487156679573371,0.855073094367981,246884000
2016-05-06,0.8536062882199722,0.86607664697903,0.8518946817819097,0.8638759851455688,183240000
2016-05-09,0.8660765873122248,0.8697442984847576,0.8555623925618965,0.862653374671936,333336000
2016-05-10,0.8680326992241457,0.8807475557597318,0.8597191660880557,0.8792804479598999,269676000
2016-05-11,0.8819703449978097,0.8915064310481886,0.8770799652347125,0.8817257881164551,328176000
2016-05-12,0.8880830316463122,0.8919952996589117,0.8540952870891055,0.8697443008422852,670540000
2016-05-13,0.9582594148713337,1.0025168664089665,0.9536136501331983,1.0020278692245483,2110256000
2016-05-16,0.9944477207695072,1.0465297628122432,0.9912690062306705,1.0316141843795776,973032000
2016-05-17,1.0269678905758268,1.0411498502097647,1.0137640413490012,1.0338144302368164,628392000
2016-05-18,1.026967794676644,1.0722033855280773,1.026967794676644,1.0602220296859741,541072000
2016-05-19,1.0560660385895475,1.072448728867867,1.0545990468517221,1.064868688583374,398880000
2016-05-20,1.071470384586725,1.0883420684390337,1.0697587780039637,1.0839407444000244,391084000
2016-05-23,1.0885864478749936,1.0927431562948848,1.0790503051313263,1.085652232170105,413636000
2016-05-24,1.088961649811544,1.1154380486744306,1.0860198147270892,1.1120058298110962,415788000
2016-05-25,1.1154380726573576,1.120095841927817,1.0985225790066475,1.107348084449768,458076000
2016-05-26,1.1093091948485132,1.127205221088756,1.106122226467489,1.1191152334213257,309964000
2016-05-27,1.1203407648164168,1.1269598335155226,1.1166634135080002,1.1252437829971313,277416000
2016-05-31,1.1301470781064782,1.1477979712616193,1.1294115609056956,1.1453464031219482,412524000
2016-06-01,1.1399530084196283,1.158584433540347,1.1365209068683693,1.147552728652954,387132000
2016-06-02,1.1536820417752702,1.1654493870874842,1.1424050804492354,1.155643343925476,329208000
2016-06-03,1.1443659653265865,1.1458367660570563,1.1193604825531953,1.1394628286361694,461076000
2016-06-06,1.1424041623072392,1.1512296641984072,1.127695109385787,1.1335787773132324,322512000
2016-06-07,1.140443106870329,1.1468170422094068,1.1352949553034988,1.1357852220535278,193400000
2016-06-08,1.136030460465287,1.1401980789173947,1.1227923218131113,1.1321080923080444,234616000
2016-06-09,1.1281856073692715,1.163242134449537,1.1257340398518743,1.161526083946228,472168000
2016-06-10,1.1477979611034117,1.1580942666456189,1.1311276018339123,1.1325985193252563,400024000
2016-06-13,1.133824280586317,1.169371199301784,1.133824280586317,1.1470624208450317,475588000
2016-06-14,1.1443658463020816,1.1546621517277371,1.131617972786203,1.1492688655853271,298344000
2016-06-15,1.1588296969339313,1.1710871859129512,1.1460818242297717,1.1610360145568848,301036000
2016-06-16,1.152455975544719,1.167655302120873,1.141179018118148,1.1656941175460815,246456000
2016-06-17,1.167164915355649,1.1674100487901755,1.1406885171743357,1.1453464031219482,471000000
2016-06-20,1.1637326559175953,1.1808931629830826,1.1629971388163962,1.1659389734268188,293768000
2016-06-21,1.1708420445089511,1.1740290126632424,1.1571135213453905,1.158829689025879,212508000
2016-06-22,1.1612808163922166,1.1688805345414213,1.1558875321331592,1.1578487157821655,202620000
2016-06-23,1.1688806634444966,1.1899636530149373,1.1681451464342822,1.1887378692626953,297880000
2016-06-24,1.1399531422990634,1.1610361378022684,1.1105350253500155,1.1210764646530151,1017684000
2016-06-27,1.1117603283988773,1.1203406973714667,1.0926385235760787,1.109063744544983,449088000
2016-06-28,1.130146801177846,1.1313724680501438,1.1097992114344348,1.1252437829971313,381920000
2016-06-29,1.1350504853999288,1.1524562510690837,1.1321086493858121,1.1436307430267334,318932000
2016-06-30,1.1455917233785722,1.159565383500222,1.136276066861361,1.1524560451507568,430940000
2016-07-01,1.1460819143919077,1.1610361058954652,1.139953110971649,1.1438754796981812,218488000
2016-07-05,1.137501608504973,1.1627522239433299,1.128431086464836,1.160791039466858,371084000
2016-07-06,1.1527008424928276,1.1750096187283448,1.1468171732315784,1.1681452989578247,273104000
2016-07-07,1.1759901164705409,1.2027116438369385,1.1705968310770263,1.1985440254211426,395400000
2016-07-08,1.2112918162140203,1.2524772632396561,1.206633931318432,1.2465935945510864,481932000
2016-07-11,1.2644896163345212,1.2845919561796908,1.2630186991632677,1.2752763032913208,448776000
2016-07-12,1.2894955262933059,1.306165770660788,1.2733154319519997,1.294398546218872,436760000
2016-07-13,1.2968495959972581,1.3042041820559247,1.2919465775905403,1.2939077615737915,324604000
2016-07-14,1.3007721341957919,1.318913291354762,1.2899854464998601,1.3071459531784058,316892000
2016-07-15,1.2904760894784282,1.2978306779825886,1.270864009330292,1.2919470071792603,428616000
2016-07-18,1.3078812759751341,1.3098424597474618,1.2936624890557171,1.2985655069351196,252992000
2016-07-19,1.2978309503527652,1.3171979010980905,1.2953793813711385,1.3120497465133667,382652000
2016-07-20,1.3164624030332484,1.336319738005699,1.3110691148503792,1.3292102813720703,296460000
2016-07-21,1.3262677923557635,1.330435410875191,1.300281781427017,1.3046945333480835,361308000
2016-07-22,1.3093524029086945,1.3402414321899414,1.2997914989767387,1.3402414321899414,315768000
2016-07-25,1.348331555898796,1.36818876597738,1.3424478861434241,1.3650017976760864,312528000
2016-07-26,1.3770139291407055,1.3954002172210438,1.3750527453409787,1.3882908821105957,514508000
2016-07-27,1.4003032963476558,1.402754863877299,1.3659821692128689,1.3743172883987427,446676000
2016-07-28,1.3775046263135655,1.3875557987130118,1.3730918737123918,1.3772594928741455,221916000
2016-07-29,1.3824076534554564,1.4034906490260846,1.3576474224787385,1.3998134136199951,409588000
2016-08-01,1.4056970876790233,1.410845240641242,1.3816722569581312,1.3907427787780762,301120000
2016-08-02,1.3973620265637579,1.3980975438786474,1.360589433941465,1.373827576637268,282748000
2016-08-03,1.372111419710407,1.3802014081675298,1.3645116981606211,1.3775047063827515,299828000
2016-08-04,1.384123677428783,1.4093742916915315,1.3814270927356338,1.4030003547668457,272712000
2016-08-05,1.4191801462036882,1.4275152664310446,1.4123159432984755,1.426779866218567,371588000
2016-08-08,1.446391994152909,1.4498240957308868,1.4248186172382022,1.4400180578231812,305064000
2016-08-09,1.4471281253452448,1.4576696857140892,1.4400187851852058,1.4436960220336914,372344000
2016-08-10,1.4564432222375678,1.4586495399387738,1.4297216919144418,1.4343795776367188,375740000
2016-08-11,1.4419792153570516,1.469681277778853,1.4390373806597083,1.463552474975586,681064000
2016-08-12,1.517486081819932,1.5537684047812825,1.486351912088572,1.5454332828521729,1425744000
2016-08-15,1.5471492086601952,1.5567101139834318,1.5231243786349236,1.5439622402191162,573304000
2016-08-16,1.5417558479196152,1.544207299041966,1.5299886253584976,1.5346465110778809,287652000
2016-08-17,1.5346462842545046,1.5380783854568434,1.487086900399968,1.4990992546081543,595212000
2016-08-18,1.496893422710411,1.524840625062773,1.491009751942664,1.5223891735076904,331684000
2016-08-19,1.5216537491450017,1.537833727847247,1.5150346775756491,1.5263116359710693,291560000
2016-08-22,1.5309693479888944,1.5348918339248145,1.5128281866147477,1.532685399055481,244748000
2016-08-23,1.548280893748058,1.5551577460177082,1.5406671689565987,1.5450880527496338,339764000
2016-08-24,1.550492017231915,1.5512287729371665,1.5141427088484696,1.5212651491165161,298448000
2016-08-25,1.5217562858599392,1.522493041492162,1.4922839525434646,1.5111953020095825,406032000
2016-08-26,1.5151246892121226,1.532071236216529,1.5030900795860624,1.523475170135498,300024000
2016-08-29,1.5296152020009983,1.5357551820172122,1.5200366785870574,1.5224926471710205,274652000
2016-08-30,1.5205278660220816,1.5286327615319657,1.5094757144881281,1.5136510133743286,285544000
2016-08-31,1.51659854794464,1.5207737304850626,1.5021079674253959,1.5065287351608276,388544000
2016-09-01,1.5077566793803758,1.5566316433613323,1.5065286363732224,1.5509828329086304,428492000
2016-09-02,1.554175448562762,1.5558946616778409,1.5183174411767035,1.5357551574707031,323148000
2016-09-06,1.5411586443621277,1.5502458810806274,1.533299333475438,1.5502458810806274,306812000
2016-09-07,1.545333428292607,1.5529471520514175,1.51856277825411,1.5274044275283813,397988000
2016-09-08,1.5259311368836437,1.5409130026077478,1.5084934195861075,1.538456916809082,315808000
2016-09-09,1.521510353623644,1.530106419602201,1.449057462911192,1.4618288278579712,697760000
2016-09-12,1.4424260630470171,1.494985028944098,1.407795982927583,1.4920377731323242,598260000
2016-09-13,1.4883536536860056,1.50554589992934,1.4620741726485944,1.4704246520996094,471768000
2016-09-14,1.4738630691842467,1.4883536448585513,1.4615829937512095,1.4834415912628174,319048000
2016-09-15,1.485898225036567,1.5414044628660226,1.4824596808491095,1.5396852493286133,515212000
2016-09-16,1.545088387443426,1.5534388694529515,1.525685752113522,1.543369174003601,902444000
2016-09-19,1.5595787826602319,1.6028049329436203,1.5524563445561328,1.5637540817260742,417128000
2016-09-20,1.5816826808527957,1.5816826808527957,1.5409126268600775,1.5495086908340454,331112000
2016-09-21,1.5541757109909025,1.595928237314501,1.5539301258062246,1.592980980873108,336212000
2016-09-22,1.6023139384676566,1.607225993553979,1.5878233583961103,1.5969105958938599,308732000
2016-09-23,1.5988754886161716,1.6035418413353089,1.5880689207366792,1.5951913595199585,276132000
2016-09-26,1.577016890191805,1.5865954157833824,1.5603159252636054,1.580209732055664,230040000
2016-09-27,1.5740691307085917,1.6366979048520949,1.573332375335038,1.6342418193817139,402752000
2016-09-28,1.6366982919682818,1.6413647617756504,1.619260455764457,1.64013671875,319788000
2016-09-29,1.6374350301808365,1.6605217937906604,1.6222076950069177,1.6553640365600586,336684000
2016-09-30,1.6644512874172306,1.6993269572874405,1.6546271781520543,1.6828715801239014,429932000
2016-10-03,1.6828717935557405,1.7071864846376787,1.678205323496059,1.6811524629592896,242596000
2016-10-04,1.683608397660882,1.711852683560941,1.6649425191016174,1.6774682998657227,281624000
2016-10-05,1.6917132706946474,1.7089055208621424,1.6705914235753598,1.6757490634918213,305440000
2016-10-06,1.6556092265354223,1.6659245035793773,1.6273648315476643,1.6538900136947632,360212000
2016-10-07,1.6649422395320987,1.6693631232557937,1.6371891286397888,1.6418555974960327,286260000
2016-10-10,1.6504522757697528,1.6592940465014774,1.6325232661951785,1.6479963064193726,287876000
2016-10-11,1.6425929835822664,1.645048952788248,1.611646904953351,1.6241726875305176,388540000
2016-10-12,1.6175414830036632,1.6401369627414333,1.6040333590498874,1.6315408945083618,419920000
2016-10-13,1.6123838970885342,1.6160679097266228,1.5644912643427817,1.605015754699707,390116000
2016-10-14,1.624663692748479,1.6357158458331837,1.6111555707075231,1.6207340955734253,330636000
2016-10-17,1.620488435160517,1.6357157698977336,1.6091906974159293,1.611401081085205,195328000
2016-10-18,1.633750672490751,1.6452939932963364,1.627119405583555,1.6359610557556152,269372000
2016-10-19,1.6249094504197656,1.6401367863828094,1.6165588511910993,1.6325230598449707,199060000
2016-10-20,1.6516795748916189,1.6688718210494753,1.6283473495676528,1.6634684801101685,312084000
2016-10-21,1.6575742281057828,1.6617494096120329,1.6430836511757856,1.6588022708892822,279508000
2016-10-24,1.670100307402735,1.738623490899547,1.6698546051117338,1.7366586923599243,339836000
2016-10-25,1.7337113932724857,1.7757095026679155,1.7253609118503892,1.7651485204696655,397460000
2016-10-26,1.7504121999294155,1.791673550126174,1.7486929867639351,1.772270917892456,333792000
2016-10-27,1.7857789146930392,1.789217340786452,1.7287990647930735,1.7359215021133423,388664000
2016-10-28,1.7442722662743055,1.770797337026611,1.7297816880007935,1.7329745292663574,290856000
2016-10-31,1.738622995489367,1.7592536670583878,1.7376405379431876,1.7477103471755981,252388000
2016-11-01,1.754096665592124,1.7636751909743957,1.6772228773363478,1.6958887577056885,473224000
2016-11-02,1.7089055089523226,1.7319921543866097,1.6858187464054135,1.6887660026550293,295848000
2016-11-03,1.6966249750333453,1.6980986028640719,1.6366978726633212,1.6691174507141113,309664000
2016-11-04,1.6580654755217514,1.688029088425234,1.6352244174038841,1.6595391035079956,328780000
2016-11-07,1.708168417970028,1.7614642574808743,1.7069403751709045,1.750412106513977,487580000
2016-11-08,1.7570431668576325,1.7626920928011256,1.7315005588954948,1.7477103471755981,429884000
2016-11-09,1.7003097018337268,1.7413254790156127,1.6877840356685145,1.7182387113571167,456532000
2016-11-10,1.7558155956736674,1.756061180831628,1.6396453838499685,1.664451241493225,869280000
2016-11-11,1.9527895901376833,2.18021788993007,1.9279836101731296,2.160569667816162,2175344000
2016-11-14,2.163516293516813,2.1659723791209986,2.053731890332116,2.05422306060791,1348796000
2016-11-15,2.070187584082432,2.147798125389713,2.0613458145824817,2.116852283477783,626092000
2016-11-16,2.145096265797276,2.2733008512805424,2.120781578803012,2.250459909439087,987984000
2016-11-17,2.2671610228220116,2.3280705955180396,2.226390839502222,2.2691259384155273,832988000
2016-11-18,2.2691256840672995,2.3167724810605077,2.2546351065869663,2.2929491996765137,576060000
2016-11-21,2.3108777642229765,2.317263445191008,2.2693707208181824,2.283615827560425,436436000
2016-11-22,2.2914761250449063,2.3022825771966424,2.268880645654702,2.300072193145752,330368000
2016-11-23,2.3052376529832,2.3428711452225786,2.2818706021708093,2.311387062072754,443236000
2016-11-25,2.3224553096800475,2.339181276895966,2.2976120771381314,2.3160600662231445,195564000
2016-11-28,2.3089264895275723,2.3303259095950093,2.302285176952766,2.3148298263549805,278736000
2016-11-29,2.312124369414611,2.3229472335499066,2.275966835975484,2.2936766147613525,444568000
2016-11-30,2.302285670089519,2.3160602038291955,2.26539015887924,2.267849922180176,440500000
2016-12-01,2.2653895438302216,2.267111330758227,2.085093118273493,2.155686616897583,1035524000
2016-12-02,2.121496931691799,2.18421947782136,2.093702267896081,2.1756105422973633,478292000
2016-12-05,2.2134902760371364,2.277934621424825,2.189139181858732,2.259978771209717,602284000
2016-12-06,2.268095782265944,2.305483434201044,2.252353625376215,2.2971203327178955,498796000
2016-12-07,2.2835926204439105,2.344101263795092,2.265390696106794,2.3384439945220947,480804000
2016-12-08,2.3413949152989337,2.376568636203618,2.288757251724002,2.2993338108062744,381544000
2016-12-09,2.31704347575751,2.3187652627520303,2.231199726982871,2.25850248336792,382312000
2016-12-12,2.210046193880821,2.212505956665766,2.153226987173576,2.203650951385498,601332000
2016-12-13,2.2159502966806155,2.270063923774405,2.2149664850569377,2.2425150871276855,387796000
2016-12-14,2.276213143361229,2.3886219510393794,2.2523539516947846,2.3723878860473633,983980000
2016-12-15,2.383455741502801,2.4582310370072515,2.376076686921778,2.427976608276367,746548000
2016-12-16,2.455525686760714,2.4769251134575607,2.403871825382681,2.469792127609253,1089528000
2016-12-19,2.452327432614922,2.5199692671603695,2.4351093276985667,2.4997997283935547,744656000
2016-12-20,2.5723614954414393,2.610486886330503,2.56104672558785,2.586873769760132,848056000
2016-12-21,2.598434710844899,2.606059836922892,2.5509624014240577,2.6031081676483154,576136000
2016-12-22,2.6274593126824293,2.677883292326866,2.6203260922532867,2.6345925331115723,718612000
2016-12-23,2.616635820737218,2.701741835999237,2.61393022223875,2.700265884399414,647692000
2016-12-27,2.7563475367443804,2.8867119322184536,2.7356858550059,2.885728120803833,1194272000
2016-12-28,2.9418089798224494,2.949926009386018,2.6734550985808196,2.6872293949127197,2295764000
2016-12-29,2.5802325664679837,2.7423273540804516,2.5285787104900077,2.740851402282715,2175368000
2016-12-30,2.738883492639519,2.7529038603708096,2.6146682749661743,2.62549090385437,1212932000
2017-01-03,2.5679337648356935,2.6163901120639688,2.4444565206291022,2.5091469287872314,1501996000
2017-01-04,2.5433368963268674,2.5949907490703388,2.4973403111099484,2.56768798828125,1199220000
2017-01-05,2.5711316720815462,2.6028618201830502,2.485533741389581,2.5025057792663574,984296000
2017-01-06,2.5298081676787656,2.5642441440784007,2.489223018689434,2.5359575748443604,822856000
2017-01-09,2.5457962327826964,2.6564829745176217,2.5457962327826964,2.638772964477539,916248000
2017-01-10,2.651809780371361,2.685753617760832,2.5981880739184255,2.618849754333496,880920000
2017-01-11,2.6072898848627126,2.6122091775832676,2.5617851956737203,2.5866281986236572,525664000
2017-01-12,2.5637526229133467,2.5753132286273623,2.499554116101543,2.544320821762085,625616000
2017-01-13,2.5482565670688433,2.582692552212353,2.5349741726247936,2.5440752506256104,457820000
2017-01-17,2.5334987436892105,2.5384180366548907,2.473727844598693,2.4870102405548096,580612000
2017-01-18,2.4656102509269693,2.5391554350821646,2.437815583452183,2.5322682857513428,654424000
2017-01-19,2.5352204050851936,2.6186044223231706,2.533006711632145,2.5866281986236572,644872000
2017-01-20,2.609255929552366,2.62696593561436,2.5364487523886043,2.558340072631836,492024000
2017-01-23,2.5531750095570365,2.604828848043699,2.5507152471110386,2.5849051475524902,369904000
2017-01-24,2.594991135262594,2.646153089910302,2.5802327888926944,2.6400036811828613,428052000
2017-01-25,2.6823107267637605,2.688460135717605,2.6154068462928906,2.6513185501098633,522760000
2017-01-26,2.654023772984051,2.7044477463760166,2.6245073179187,2.697068691253662,458800000
2017-01-27,2.703954862137008,2.7521651250035224,2.6773900856490513,2.749213457107544,471996000
2017-01-30,2.728306044307573,2.730519736665078,2.654268977912736,2.7061686515808105,496004000
2017-01-31,2.6798507451503153,2.7069074362496477,2.6614027559804834,2.6855080127716064,362756000
2017-02-01,2.7199438472854753,2.8070174957605736,2.7022340679804064,2.8028361797332764,590004000
2017-02-02,2.7868473922217056,2.8468643366358846,2.7563471316675408,2.8382551670074463,483240000
2017-02-03,2.8397311350052825,2.8507998328731956,2.801605750446854,2.8134121894836426,372744000
2017-02-06,2.804065927650261,2.8859742170005136,2.804065927650261,2.8854823112487793,506768000
2017-02-07,2.9196724187887924,2.974277948664575,2.8999947799512436,2.9302492141723633,746224000
2017-02-08,2.912293647970553,2.9346768881023073,2.8626074056520947,2.917459011077881,449580000
2017-02-09,2.9236067998640345,2.9285263250108167,2.843420557323971,2.8626060485839844,842568000
2017-02-10,2.949926876230002,2.968866539251836,2.7696303858093962,2.7947194576263428,1651092000
2017-02-13,2.7890610537186573,2.8035733253811363,2.6614022771093824,2.66582989692688,1180724000
2017-02-14,2.6562376293592855,2.7093674394038962,2.6144225901354146,2.6756694316864014,850632000
2017-02-15,2.678621527395143,2.700758697648405,2.650580783334632,2.6810810565948486,373020000
2017-02-16,2.690672711037027,2.6919025923167355,2.5989256318384615,2.6380350589752197,647176000
2017-02-17,2.62450735520154,2.6419712990807476,2.5775269558376817,2.6375436782836914,563740000
2017-02-21,2.6621409951333295,2.73593225538289,2.661894924962012,2.731996774673462,551952000
2017-02-22,2.7440634978135288,2.753422203984601,2.7088451593546186,2.727808952331543,433772000
2017-02-23,2.59826622261599,2.620185183323722,2.4549306454263533,2.474879264831543,1592888000
2017-02-24,2.3906499688863017,2.5120665275018887,2.3569094461878444,2.498767375946045,1029904000
2017-02-27,2.516993555642211,2.5864447422543684,2.5012315292424545,2.5714216232299805,715400000
2017-02-28,2.581025692384673,2.5908771613927484,2.4820208245473925,2.499260425567627,625360000
2017-03-01,2.5561519163682407,2.5704363617320163,2.4901486563590733,2.5315239429473877,504804000
2017-03-02,2.5187173964429546,2.5327554615470076,2.4354742938962595,2.438183307647705,754332000
2017-03-03,2.4275924261651074,2.432517925092343,2.3697162283846613,2.4241445064544678,864692000
2017-03-06,2.387941474078011,2.4160175972668774,2.343857183376024,2.4054274559020996,883568000
2017-03-07,2.405427692240396,2.451235947557968,2.3926210630228404,2.431779623031616,603400000
2017-03-08,2.480051291272603,2.494828264724129,2.4251306959278165,2.427347183227539,638712000
2017-03-09,2.4113384909794826,2.4492656173997536,2.3987780075344536,2.426854133605957,478060000
2017-03-10,2.453206703255778,2.465028046543625,2.4229140853751447,2.441138744354248,499740000
2017-03-13,2.4514825690770814,2.518224735061551,2.450743661776413,2.508373498916626,774136000
2017-03-14,2.521179605242259,2.530538077993127,2.474386067128181,2.5066490173339844,522016000
2017-03-15,2.5182242258005996,2.5364488798035385,2.4706917802700326,2.5256125926971436,615036000
2017-03-16,2.5362025850572696,2.5571364857613816,2.522164524367886,2.5566437244415283,523100000
2017-03-17,2.5741299939301006,2.613535167519602,2.556644011271599,2.6123037338256836,1119688000
2017-03-20,2.6297904556409724,2.6994880251773483,2.6137820479925034,2.695547342300415,748568000
2017-03-21,2.67830635041675,2.7081064281075036,2.6004815443602918,2.6083624362945557,913484000
2017-03-22,2.5972802987379087,2.6662391741102356,2.593339851969421,2.661559820175171,616764000
2017-03-23,2.6536785396582485,2.6736273879086894,2.6278191390298433,2.6374239921569824,533940000
2017-03-24,2.6837256638800606,2.691606558907873,2.6209239448956847,2.6467833518981934,439500000
2017-03-27,2.6002358698522943,2.6699334222721873,2.550979694707346,2.6659929752349854,506644000
2017-03-28,2.6672250101352892,2.6817556026934795,2.641858127064422,2.6522018909454346,432444000
2017-03-29,2.659589078886729,2.6719031786970144,2.641364427249672,2.643580913543701,349992000
2017-03-30,2.6507229589450527,2.7090916853282603,2.645058552760331,2.69431471824646,525532000
2017-03-31,2.684710313965368,2.706383124345953,2.6696871985996316,2.6827399730682373,440808000
2017-04-03,2.6832325211524077,2.7004721218620387,2.6455513105168746,2.669194459915161,445232000
2017-04-04,2.5465462769203433,2.5716670040673018,2.471184330351397,2.482020616531372,1271280000
2017-04-05,2.4633032332962523,2.521179435225391,2.4504966063467513,2.4635496139526367,747048000
2017-04-06,2.46872212875976,2.4935964819583676,2.4236525421897746,2.4815287590026855,635120000
2017-04-07,2.4879319013319914,2.505417885059701,2.455915327948296,2.4709384441375732,429068000
2017-04-10,2.4716773235905585,2.478326784023212,2.40370373044892,2.407890558242798,756332000
2017-04-11,2.3778433716698966,2.435719566296251,2.3729178730110867,2.4165096282958984,618148000
2017-04-12,2.4165109554168165,2.430795167731188,2.391390217332341,2.396562099456787,414092000
2017-04-13,2.3724264529857795,2.3940990329863405,2.351738691329956,2.351738691329956,506892000
2017-04-17,2.364545241636515,2.444094040528329,2.3593733601177287,2.443847894668579,497292000
2017-04-18,2.4295635868404903,2.4514827829445784,2.403704177781083,2.4453256130218506,370116000
2017-04-19,2.4628111998558007,2.4869466443917414,2.4482806100187,2.454930305480957,380828000
2017-04-20,2.469461249871015,2.498522433717677,2.4482809615306964,2.4938430786132812,404016000
2017-04-21,2.4834983973706537,2.5068951664587122,2.471677057361909,2.5041861534118652,341896000
2017-04-24,2.535709955767849,2.5485165835682904,2.514776288845689,2.535463809967041,371820000
2017-04-25,2.549994182316835,2.5940784687457343,2.5285677558602813,2.579547882080078,388440000
2017-04-26,2.5930936395048456,2.595556271876876,2.5598456363269855,2.5618159770965576,327004000
2017-04-27,2.569203852314071,2.610086360329875,2.5512253476429008,2.601712942123413,319700000
2017-04-28,2.5948175391710424,2.6017133793960268,2.5630471161562958,2.568711757659912,348248000
2017-05-01,2.5795480408062277,2.6315134579593793,2.5724058199239215,2.6263413429260254,307732000
2017-05-02,2.5994973622605433,2.6007287960762104,2.5258591232643695,2.5485169887542725,629972000
2017-05-03,2.541620689966779,2.5770851789120606,2.5268439565815446,2.5674803256988525,336904000
2017-05-04,2.573637515423088,2.5847201840030736,2.549748218033873,2.557629346847534,209788000
2017-05-05,2.546054291677543,2.565017855241396,2.5305384138896843,2.557875633239746,228428000
2017-05-08,2.5696971654518155,2.571174745044671,2.519702082044593,2.5310311317443848,365240000
2017-05-09,2.5366960535950946,2.5842282791150213,2.528322396254828,2.5352182388305664,847672000
2017-05-10,2.8147463369231915,3.000196047330052,2.8080968776533934,2.987143039703369,2129096000
2017-05-11,2.9566051287328254,3.2122449796423225,2.9531572077873176,3.1154563426971436,1939792000
2017-05-12,3.1186574389481483,3.1918029050630983,3.0977235371048293,3.149688720703125,962620000
2017-05-15,3.1908176402899993,3.3102638753065436,3.1863844325679116,3.3078010082244873,1087540000
2017-05-16,3.3587810355258756,3.384887050023621,3.2844043778111973,3.369371175765991,1120700000
2017-05-17,3.302629307856595,3.3213467229028955,3.1413152631613324,3.1455020904541016,1271368000
2017-05-18,3.1893400151724665,3.2861286303624024,3.129001177316484,3.2772624492645264,1156032000
2017-05-19,3.3783439246924383,3.407682111391923,3.3337201618292505,3.35295033454895,1018372000
2017-05-22,3.396588481417014,3.438746789150751,3.3857405454738827,3.424447536468506,836608000
2017-05-23,3.444171142220138,3.4463899636458977,3.345801433016775,3.378344774246216,681248000
2017-05-24,3.4752342782606354,3.477946379458346,3.4042305989631334,3.416311264038086,815996000
2017-05-25,3.4515669891013774,3.452306674551503,3.363798584545197,3.4086689949035645,608228000
2017-05-26,3.4005335423902956,3.58174074503539,3.380317273730341,3.4969308376312256,779140000
2017-05-30,3.5427862939424797,3.606640228233668,3.5267612678932183,3.571631669998169,989652000
2017-05-31,3.6165019482286525,3.6241447363909933,3.5021072361841976,3.558811664581299,887316000
2017-06-01,3.574590650190337,3.5755769758445415,3.513695209954883,3.559058666229248,503340000
2017-06-02,3.556100224950482,3.582233505559965,3.5353909126212373,3.5413079261779785,487456000
2017-06-05,3.525035780117917,3.661865583310814,3.513448394768166,3.649045467376709,817376000
2017-06-06,3.6443613808282262,3.6904645196567025,3.619214427939358,3.6325275897979736,758728000
2017-06-07,3.65693623474006,3.6951499563661803,3.641404246906372,3.67641282081604,612612000
2017-06-08,3.783410457164528,3.944648014346257,3.742238238657703,3.943168878555298,1161744000
2017-06-09,4.061508561185832,4.154207656831671,3.5193656601801893,3.688246011734009,3692928000
2017-06-12,3.5965325130376598,3.7400190145561973,3.503586789949396,3.6973674297332764,1697532000
2017-06-13,3.806584086555218,3.815706244109395,3.590861213092994,3.7326221466064453,1672504000
2017-06-14,3.73558168342812,3.798202897645878,3.6611264426951515,3.7405123710632324,1184640000
2017-06-15,3.623159866259026,3.7868626787041584,3.6118188827123734,3.7565383911132812,963824000
2017-06-16,3.766152099339197,3.8139810091092814,3.704023938716276,3.738046407699585,924960000
2017-06-19,3.7821771054010727,3.8837519368537095,3.778479148971218,3.8785746097564697,778176000
2017-06-20,3.9207336966107613,3.98754615218414,3.86871377507547,3.8729047775268555,1095444000
2017-06-21,3.900517291074151,3.9352794509320526,3.8386355256277778,3.9315812587738037,682652000
2017-06-22,3.9397163438147773,3.95302973900359,3.8805466912570954,3.904461145401001,469132000
2017-06-23,3.9121040049522513,3.927882626280343,3.7774927960440103,3.792531967163086,1088588000
2017-06-26,3.8253227397297986,3.8608245885393195,3.656935656880327,3.7511141300201416,1063960000
2017-06-27,3.7336089593318382,3.742237838321026,3.6081199010619605,3.613790273666382,999492000
2017-06-28,3.6813428340994694,3.7459364666427075,3.5933277879136165,3.7412521839141846,994948000
2017-06-29,3.7129008997393687,3.7158591720007466,3.5521563509012957,3.6162569522857666,1064424000
2017-06-30,3.6335139604741657,3.6470737635563024,3.5378563587860348,3.5639896392822266,731060000
2017-07-03,3.5760693693672363,3.590861665171587,3.4165576160174305,3.4350481033325195,709072000
2017-07-05,3.498409435323804,3.5556069152935326,3.4794259004335344,3.526761770248413,820188000
2017-07-06,3.4976694969713695,3.584205155151183,3.4456493519576927,3.5373623371124268,746284000
2017-07-07,3.594067097222369,3.6364720424155044,3.5711387312477956,3.618227958679199,654972000
2017-07-10,3.691697137236971,3.796723293180096,3.6655638595565008,3.7893271446228027,958492000
2017-07-11,3.7930249239539844,3.8507154407131643,3.7511130281552103,3.8430726528167725,757956000
2017-07-12,3.902735437994072,4.018609284166019,3.859837450895551,4.006528854370117,1145208000
2017-07-13,4.018609055438902,4.0999673832776,3.913829554669175,3.960179090499878,1369132000
2017-07-14,3.9764511106635467,4.068164100202074,3.9695480077003578,4.066685199737549,941948000
2017-07-17,4.100706529632648,4.129551900787674,3.9877909757995558,4.049426078796387,930792000
2017-07-18,3.9885332935897284,4.1061334411576205,3.976699263241394,4.091587543487549,776640000
2017-07-19,4.100707829643317,4.127087748612837,4.058303117386156,4.070383548736572,687044000
2017-07-20,4.0908460892615714,4.12979924622593,4.041044997461201,4.129552841186523,699596000
2017-07-21,4.109089609067599,4.173929867389361,4.094790123867245,4.144344806671143,648332000
2017-07-24,4.151494898996299,4.1611098676556795,4.085668548539833,4.096269607543945,652524000
2017-07-25,4.073341998949852,4.090846634090149,4.032909465886904,4.076547145843506,496556000
2017-07-26,4.133989467190056,4.189461152935374,4.088872433418729,4.1236348152160645,640404000
2017-07-27,4.148535890229936,4.160123509070221,3.8844910552305314,3.9875450134277344,782856000
2017-07-28,3.951797759701962,4.0772870740211475,3.9268974441224818,4.052879333496094,513348000
2017-07-31,4.066438193290225,4.1024330776482305,3.9599329108716357,4.006528854370117,559672000
2017-08-01,3.9971614779234796,4.057070834638911,3.9693026536566,4.055345058441162,431384000
2017-08-02,4.08640923486202,4.090353597207153,3.975959095140123,4.052879333496094,478444000
2017-08-03,4.052385732233657,4.108103836510708,4.035374379784683,4.104405879974365,442420000
2017-08-04,4.127087668943283,4.19291402744633,4.104406177526089,4.122403621673584,589096000
2017-08-07,4.15149733305182,4.249620198342492,4.141881888516228,4.249127388000488,717412000
2017-08-08,4.287092404837844,4.303610477857931,4.159384522329569,4.19858455657959,755336000
2017-08-09,4.15248103545533,4.245673392527062,4.133743907981555,4.243207931518555,530784000
2017-08-10,4.244440891265307,4.256768197656512,4.051399928541747,4.0615081787109375,1328088000
2017-08-11,3.8741371128462263,3.9199936110045717,3.769850640220084,3.845045328140259,1497196000
2017-08-14,3.93651164109645,4.155439461200298,3.924924256068309,4.1517415046691895,1279020000
2017-08-15,4.156920644705715,4.183053697335559,4.082465379867006,4.116734504699707,764532000
2017-08-16,4.131772880500717,4.155194061260784,4.03932018295067,4.0716166496276855,596632000
2017-08-17,4.0632342278409075,4.080245112399063,3.978670734240975,3.980889320373535,525444000
2017-08-18,4.035127935904468,4.052139288189695,3.9357719234288733,3.98162841796875,601204000
2017-08-21,4.0060361717191615,4.0173769165480335,3.8798074323025435,3.923691511154175,623672000
2017-08-22,3.960212121234989,4.016966248418415,3.9409650141570314,4.011044025421143,450456000
2017-08-23,3.9777330793437704,4.102345471542485,3.9690961295609872,4.091241359710693,579520000
2017-08-24,4.123318779692817,4.127760800017181,4.049785411456159,4.076188087463379,469700000
2017-08-25,4.100369547249984,4.110486695181089,4.035718825794448,4.042134761810303,357200000
2017-08-28,4.06113633673126,4.073967742313019,4.005615786555115,4.0707597732543945,389496000
2017-08-29,4.012030972141169,4.085811422734201,4.003887740004805,4.064096450805664,324096000
2017-08-30,4.083837703690516,4.0993838338920865,4.053486721331256,4.088279724121094,384400000
2017-08-31,4.108512965871701,4.185007671842753,4.1011105408551645,4.181059837341309,612684000
2017-09-01,4.193643472040404,4.241761104100864,4.185006527461767,4.206227779388428,445432000
2017-09-05,4.154904100136262,4.159839364847334,4.035967326907536,4.093955039978027,695364000
2017-09-06,4.126775088680766,4.140593456570668,4.056695819536669,4.091488361358643,397672000
2017-09-07,4.108266451135546,4.142812357188386,4.070265954477423,4.110487461090088,352868000
2017-09-08,4.098889064293761,4.113694383293884,4.014991472205385,4.039173603057861,498856000
2017-09-11,4.084823518811162,4.1808121630952115,4.079394541759088,4.170201301574707,567444000
2017-09-12,4.194878964163865,4.194878964163865,4.1201115398196215,4.185255527496338,411488000
2017-09-13,4.16008586041196,4.232879365402599,4.127760960038494,4.204009056091309,580960000
2017-09-14,4.165020371431807,4.258048161900318,4.140591616384034,4.180072784423828,513712000
2017-09-15,4.2654504635234565,4.444349765777588,4.26026857801741,4.444349765777588,1364792000
2017-09-18,4.568469414273191,4.71800471658635,4.561560232770174,4.6279377937316895,1684460000
2017-09-19,4.577598195020766,4.684690945964515,4.555636605924571,4.623001575469971,874280000
2017-09-20,4.626702876253879,4.674080174393562,4.545519546396711,4.58574104309082,724920000
2017-09-21,4.482103637868586,4.508260158034046,4.382660384018477,4.460389137268066,1075600000
2017-09-22,4.4490385055449515,4.498636822570755,4.407089705956855,4.416959762573242,491232000
2017-09-25,4.386114599843208,4.387348650945643,4.19882593035556,4.219553470611572,874580000
2017-09-26,4.35403671827964,4.409063541897769,4.2035144747692925,4.243242263793945,1125620000
2017-09-27,4.33355560186904,4.349594972332799,4.262736032249857,4.336269855499268,713720000
2017-09-28,4.343426138397221,4.347374443620587,4.28765897453844,4.335036754608154,435244000
2017-09-29,4.418933963831018,4.434972863986991,4.373777197721946,4.411284446716309,619092000
2017-10-02,4.461376193978597,4.49049359050854,4.367608538186016,4.416959762573242,503480000
2017-10-03,4.423127940808316,4.455947015448963,4.381919484035338,4.426089286804199,390332000
2017-10-04,4.432259077523877,4.485311988315735,4.395738783234437,4.463103771209717,427848000
2017-10-05,4.487532997964961,4.490987588596641,4.430778403891061,4.460636138916016,437364000
2017-10-06,4.432999599030392,4.487039470734371,4.416960225862189,4.473714351654053,318800000
2017-10-09,4.510479463025427,4.607702151144036,4.491725843280188,4.574636459350586,563492000
2017-10-10,4.72367906821317,4.761186316278002,4.620781228656902,4.661989688873291,974876000
2017-10-11,4.678522207209927,4.71306857897507,4.632625577253638,4.711587905883789,529508000
2017-10-12,4.715044024752469,4.764642353518214,4.686666958116108,4.713810443878174,528292000
2017-10-13,4.775992483557607,4.81177244288442,4.729108885804572,4.801655292510986,628728000
2017-10-16,4.83151263262083,4.8870331734610435,4.768342574124737,4.8840718269348145,576640000
2017-10-17,4.863344570746329,4.908007628046101,4.84508465848386,4.8796305656433105,478596000
2017-10-18,4.888514326515958,4.889254192567472,4.770317430217601,4.875435829162598,567316000
2017-10-19,4.797954441055817,4.88579989094498,4.74884982952765,4.880865097045898,570772000
2017-10-20,4.897890474990252,4.92503348342569,4.849772360974303,4.85865592956543,451620000
2017-10-23,4.880370719317214,4.906773863364467,4.831512736458317,4.851747035980225,428696000
2017-10-24,4.860876651927827,4.904306125975059,4.83496722308686,4.902578830718994,407244000
2017-10-25,4.863095929392804,4.915902197540199,4.717262372550943,4.778704643249512,828160000
2017-10-26,4.80634393075185,4.840396124000379,4.782408417215794,4.828798770904541,322744000
2017-10-27,4.880863573476666,4.981293775427688,4.854953677993826,4.9810471534729,572192000
2017-10-30,4.981048287519275,5.085426347121226,4.965255536418178,5.029906272888184,504056000
2017-10-31,5.061737245814479,5.129842093237851,5.05606164575727,5.103192329406738,411908000
2017-11-01,5.165869245370323,5.181168281445407,5.048659313449115,5.112816333770752,502576000
2017-11-02,5.083205316935321,5.12786837054264,5.025217145580886,5.081724643707275,342308000
2017-11-03,5.1128173690697905,5.1495842933654785,5.066920722203565,5.1495842933654785,353640000
2017-11-06,5.112815568743943,5.181414128159518,5.100477881188919,5.1727776527404785,389944000
2017-11-07,5.195480052078543,5.2534682242757045,5.183388985396631,5.23199987411499,427700000
2017-11-08,5.227559014398786,5.231260698010852,5.113804135530136,5.161181449890137,522988000
2017-11-09,5.0651912662464555,5.091347312526664,4.9442801487197015,5.06642484664917,978564000
2017-11-10,5.257908260246495,5.395845688434549,5.222128314478958,5.333415985107422,1253256000
2017-11-13,5.333418007285244,5.358833723577544,5.231507108144709,5.2468061447143555,582376000
2017-11-14,5.255934430856986,5.300350855055353,5.212258343148936,5.2850518226623535,529292000
2017-11-15,5.23002596362064,5.231260014881084,5.127621829678543,5.181414604187012,501948000
2017-11-16,5.255442815323478,5.285547174892678,5.212753672824756,5.221636772155762,441768000
2017-11-17,5.278636548053439,5.313922784348469,5.20041455899074,5.215466499328613,515664000
2017-11-20,5.231012915014764,5.294676687560919,5.194246000338361,5.282585620880127,396100000
2017-11-21,5.322312258195155,5.342793174648141,5.290480614145499,5.33119535446167,399176000
2017-11-22,5.358358777921161,5.358358777921161,5.274649684699717,5.307244300842285,356640000
2017-11-24,5.32354227229785,5.358359445644125,5.2990960716547875,5.3573713302612305,180752000
2017-11-27,5.366014192224124,5.367248629963366,5.284527172043773,5.2877373695373535,422896000
2017-11-28,5.292921377164338,5.302304702692142,5.142047788870571,5.203039169311523,512752000
2017-11-29,5.1857549931611935,5.1884711326174875,4.7220223386650035,4.8501787185668945,1396788000
2017-11-30,4.918824437844286,5.004755602315434,4.855857766217551,4.95611047744751,823768000
2017-12-01,4.921541315397551,4.941789672100705,4.752641893589117,4.88129186630249,811548000
2017-12-04,4.939812212810802,4.945985811813881,4.555838186380829,4.609174728393555,1240844000
2017-12-05,4.503984071058407,4.758321063604663,4.459043197291908,4.6358442306518555,981488000
2017-12-06,4.585471520004378,4.695108057852534,4.564235516434393,4.6733784675598145,467032000
2017-12-07,4.740048562447449,4.780545277506629,4.6946136256563715,4.740789413452148,542600000
2017-12-08,4.7906684951877,4.809682413084032,4.72004698635999,4.728442668914795,466876000
2017-12-11,4.742516772527789,4.809681752765574,4.72671352481275,4.806718349456787,372748000
2017-12-12,4.763259532040748,4.786470818750292,4.6889337733223275,4.7123918533325195,455016000
2017-12-13,4.753382020939242,4.754616458388995,4.58991490318919,4.597322940826416,554280000
2017-12-14,4.590902913340465,4.675352853610898,4.558308298705478,4.6044840812683105,438164000
2017-12-15,4.648438340726052,4.750420038118922,4.583495896964614,4.7301716804504395,670036000
2017-12-18,4.770668021901644,4.889687882002822,4.741036806785302,4.886724948883057,477704000
2017-12-19,4.877341701368436,4.882527187648366,4.8141277506400355,4.842524528503418,373100000
2017-12-20,4.881787958931086,4.890924025805346,4.804005167903609,4.859564304351807,288820000
2017-12-21,4.863020790590863,4.887960583295188,4.828697667573842,4.837093353271484,300904000
2017-12-22,4.8002983686390674,4.831164483844602,4.722515626446848,4.821781158447266,466276000
2017-12-26,4.766470988250175,4.8830215216898765,4.736592503739777,4.875366687774658,355080000
2017-12-27,4.862031879793944,4.937838882780134,4.847463065811417,4.868698596954346,329488000
2017-12-28,4.892403052104695,4.923269169804726,4.868204121327296,4.874377250671387,240248000
2017-12-29,4.90055400373004,4.90055400373004,4.778077125549316,4.778077125549316,279964000
2018-01-02,4.834375953920352,4.92623395284566,4.802769447470879,4.922529697418213,355616000
2018-01-03,5.039819567643107,5.2768715921266445,5.031177092524499,5.246499061584473,914704000
2018-01-04,5.327740884969575,5.38428765630567,5.2519333965557236,5.2741570472717285,583268000
2018-01-05,5.288972512914284,5.3561370440293965,5.2121773888911465,5.318850994110107,580124000
2018-01-08,5.4423153193662275,5.55590243190379,5.397373966864914,5.481823921203613,881216000
2018-01-09,5.4872563701388914,5.526764973194895,5.3988558354776055,5.480342388153076,497000000
2018-01-10,5.387989697031971,5.526763836900809,5.333665496743862,5.523306846618652,582664000
2018-01-11,5.555901280923127,5.58726145673746,5.511700788622706,5.533184051513672,406032000
2018-01-12,5.521331161491889,5.555654268535847,5.465525263383712,5.506021499633789,359916000
2018-01-16,5.532444718032898,5.617881851524681,5.35070494899228,5.435154438018799,702348000
2018-01-17,5.449722781931612,5.5588652570627,5.355889972136408,5.548988342285156,538408000
2018-01-18,5.529727947419653,5.59639889218761,5.4986150282531545,5.542074680328369,408632000
2018-01-19,5.632201664257786,5.706280150869129,5.605286596963949,5.68208122253418,609380000
2018-01-22,5.689983649183062,5.772211035255632,5.632449252459123,5.770482540130615,550944000
2018-01-23,5.823819531545379,5.9220974386965155,5.805300141382632,5.899380207061768,475228000
2018-01-24,5.9025904287862,5.93839524547815,5.767026465621453,5.822585582733154,579972000
2018-01-25,5.876909417809855,5.9201222710314765,5.821350775207208,5.8361663818359375,409884000
2018-01-26,5.8798744097376066,6.0087712112767635,5.867034088263604,6.008524417877197,516356000
2018-01-29,5.993954648363556,6.126555684728212,5.9413589328460334,6.095442295074463,455116000
2018-01-30,5.9537038376780185,6.084823142037893,5.887032909160199,5.993459224700928,570832000
2018-01-31,6.068773423608203,6.155198660306278,6.036178805971639,6.069514274597168,478576000
2018-02-01,5.889750096245417,6.096676898963478,5.8783914795009435,5.9386420249938965,519224000
2018-02-02,5.852218038699163,5.876170184094178,5.708258372948014,5.766286373138428,718464000
2018-02-05,5.605286647689737,5.759123164476467,5.062042837691957,5.276871204376221,1165204000
2018-02-06,5.0472278136425,5.57318626405171,5.0373504296823395,5.570223331451416,1114800000
2018-02-07,5.668994730271838,5.802089321555414,5.5978791681666635,5.649734020233154,802932000
2018-02-08,5.775175357693804,5.808263563642714,5.3709523435207815,5.371199607849121,1144000000
2018-02-09,5.88308446122264,5.898887716036873,5.371200581756873,5.730729103088379,1674604000
2018-02-12,5.811719483311583,5.814682886868104,5.556642120188144,5.630720615386963,1093172000
2018-02-13,5.594425293853719,5.790487138677397,5.562077456131535,5.744311332702637,625524000
2018-02-14,5.704059091960149,5.99024985565589,5.692947269878567,5.961359024047852,744988000
2018-02-15,6.0445753538453975,6.1329758918394175,5.963829649192791,6.0868000984191895,698900000
2018-02-16,6.059635290777565,6.1732223560588935,6.011977818261323,6.021114349365234,637656000
2018-02-20,6.043586122082813,6.219399507428301,6.039881867581007,6.150506496429443,686240000
2018-02-21,6.214956641701972,6.22187062410018,5.959878731140292,5.963582515716553,892292000
2018-02-22,5.997433245034983,6.069086919541259,5.917625614895713,5.983102321624756,534364000
2018-02-23,6.042895376009771,6.076498508453369,5.992243494996273,6.076498508453369,415300000
2018-02-26,6.122703811875432,6.127151209647181,6.030294831831411,6.092559814453125,469312000
2018-02-27,6.065873932299561,6.150129420626533,6.056732190844464,6.079710960388184,455436000
2018-02-28,6.0905826933433405,6.130115850206077,5.967782771820318,5.979395866394043,523116000
2018-03-01,5.97717042972717,6.0310344955789645,5.636443866339564,5.7375006675720215,1040120000
2018-03-02,5.630019649725559,5.8509115742309685,5.4815231620254234,5.844487190246582,913428000
2018-03-05,5.7943303672938855,5.862030997490262,5.671036093708031,5.822497844696045,620776000
2018-03-06,5.907742143633692,6.002622009590506,5.864749844281016,5.983349323272705,636808000
2018-03-07,5.880561141732676,6.027575476602985,5.879325937048318,5.975440979003906,581208000
2018-03-08,6.002867223300824,6.002867223300824,5.914905662116351,5.959133625030518,411912000
2018-03-09,6.006572474715116,6.074520034382291,5.990512459467834,6.061672210693359,505524000
2018-03-12,6.1029356657359335,6.251184733509039,6.094781712521375,6.171130180358887,605060000
2018-03-13,6.213875365215344,6.288247315204571,6.079215437364487,6.12047815322876,619772000
2018-03-14,6.163471980336942,6.190651202145571,6.083664355888642,6.145929336547852,505496000
2018-03-15,6.159517568603028,6.24179558454963,6.1187487450164575,6.160752773284912,401952000
2018-03-16,6.177060458869331,6.2079457611636775,6.1395038257144074,6.188920497894287,399456000
2018-03-19,6.132090454634271,6.160998763918452,5.855852357437293,5.954685211181641,713772000
2018-03-20,5.9576522213167,6.205475995553588,5.9576522213167,6.166684150695801,554696000
2018-03-21,6.160259724929546,6.226478209071581,6.111090462200979,6.141481876373291,438688000
2018-03-22,6.078226922452298,6.124678344170441,5.938378292695647,5.975687503814697,551196000
2018-03-23,5.989278416009644,5.991749297014705,5.7451612164869434,5.756279945373535,735620000
2018-03-26,5.880562217983335,6.04190703031936,5.828675128842676,6.0406718254089355,611424000
2018-03-27,6.1214667902168935,6.177060428326292,5.43210709147728,5.572202682495117,1409000000
2018-03-28,5.5378575360755535,5.667822640949197,5.361687957221231,5.469168663024902,945904000
2018-03-29,5.537366184719388,5.81879316004205,5.45311114338713,5.722184181213379,916628000
2018-04-02,5.651763826874527,5.79778944981991,5.37404303062302,5.461757183074951,922092000
2018-04-03,5.628537141413006,5.691542944931062,5.46916888314603,5.568001747131348,667432000
2018-04-04,5.312520520781163,5.600371849956054,5.2875652305798555,5.589994430541992,789168000
2018-04-05,5.648305632525994,5.661400879524381,5.398505324909835,5.469912052154541,701240000
2018-04-06,5.3673718781755655,5.475346975127524,5.264585489977508,5.293741226196289,662988000
2018-04-09,5.35674835816118,5.484490052108278,5.302389909766068,5.322403907775879,499524000
2018-04-10,5.552436272948301,5.658187426207416,5.495360010454197,5.631255626678467,761676000
2018-04-11,5.616432343880295,5.657695074771193,5.557379549162812,5.589994430541992,460244000
2018-04-12,5.682895452087172,5.814343192923242,5.638667489395287,5.796553134918213,593920000
2018-04-13,5.860053907226452,5.868454808084226,5.671777305690125,5.719958305358887,503036000
2018-04-16,5.726630536526406,5.753068448075414,5.625573706188963,5.719712257385254,350792000
2018-04-17,5.771846621525627,5.8904460934350125,5.716252971795476,5.869196891784668,447224000
2018-04-18,5.8187910634443485,5.911446975099655,5.751337853833223,5.840287208557129,391364000
2018-04-19,5.726134706965807,5.75949088912319,5.603829176994369,5.659175395965576,471996000
2018-04-20,5.65052806954587,5.734783081732713,5.6198901831966905,5.651022434234619,386200000
2018-04-23,5.668812361040737,5.719958133507901,5.505737995704806,5.531681537628174,427508000
2018-04-24,5.55738017893219,5.65324784599343,5.400235775504017,5.465465545654297,414596000
2018-04-25,5.435814101385799,5.474853363683221,5.196144285664577,5.353288650512695,588492000
2018-04-26,5.514879209123028,5.57294372515703,5.448908157916776,5.564789772033691,375824000
2018-04-27,5.670542437255602,5.6903090144787685,5.549965986303618,5.592216968536377,400848000
2018-04-30,5.608525874575471,5.658189512993663,5.5376135017529275,5.556885719299316,327844000
2018-05-01,5.548729654613741,5.61494765130067,5.490170775009389,5.612229824066162,253788000
2018-05-02,5.6087712360513065,5.653245676682889,5.565531528912585,5.59172248840332,268248000
2018-05-03,5.62359615167403,5.782964431798426,5.57837992758132,5.756773471832275,443144000
2018-05-04,5.728111633202851,5.909964301493581,5.710815939958727,5.906752109527588,400660000
2018-05-07,6.011268575294066,6.201522160099138,6.001385051852191,6.144445896148682,687616000
2018-05-08,6.144692559760127,6.189661835313137,6.095770252030358,6.186944007873535,506616000
2018-05-09,6.206957904466042,6.322098220839707,6.179778685882466,6.319874286651611,596760000
2018-05-10,6.372749907244618,6.4364970300968425,6.3549598480978355,6.4273552894592285,994080000
2018-05-11,6.245750302554876,6.4189551572692665,6.190404073614181,6.288989543914795,1214456000
2018-05-14,6.32704047074805,6.386834567735954,6.285777746273571,6.309497356414795,523140000
2018-05-15,6.245995128869624,6.248713427065759,5.9670392019357665,6.067354679107666,963528000
2018-05-16,6.028811375794899,6.140492554509258,5.991996051165664,6.078474998474121,553828000
2018-05-17,6.080203695338439,6.214122311890762,6.064143207262939,6.12047815322876,519784000
2018-05-18,6.172366186643895,6.23561894338696,6.071803271734639,6.07674503326416,483716000
2018-05-21,6.174095188430463,6.177801273600722,5.942084548563364,6.034740447998047,640624000
2018-05-22,6.048084903173839,6.073287138099452,5.9361562908444645,5.996691703796387,518264000
2018-05-23,5.94056818203692,6.121297360963063,5.939826412201038,6.120060920715332,442956000
2018-05-24,6.1163520518220045,6.16604638276045,6.063196442969986,6.1237688064575195,437372000
2018-05-25,6.136377907833108,6.179396782056297,6.100776259758787,6.163079261779785,292112000
2018-05-29,6.14503201996083,6.214010960221167,6.099293630790483,6.146020889282227,352684000
2018-05-30,6.17964394129472,6.263456374843187,6.154920327342823,6.25480318069458,390996000
2018-05-31,6.222910456179272,6.309442876795593,6.212279522885315,6.235024929046631,493868000
2018-06-01,6.279774161543991,6.375454443154054,6.271120967026768,6.3692731857299805,421968000
2018-06-04,6.403392278366956,6.570028768377533,6.371251906378245,6.548025131225586,642024000
2018-06-05,6.551239579835776,6.591044753875298,6.506490059090202,6.553464889526367,391712000
2018-06-06,6.46346994643949,6.558655557966693,6.447152426508077,6.555441379547119,371356000
2018-06-07,6.551733682992139,6.563601057186747,6.409573235207362,6.499814510345459,369448000
2018-06-08,6.427128385230457,6.5270112719663675,6.408338451209349,6.484487056732178,360456000
2018-06-11,6.471878160963969,6.513413508368006,6.430589913038131,6.443446159362793,265372000
2018-06-12,6.4698991897504765,6.504017302235402,6.419710182965732,6.491902828216553,319160000
2018-06-13,6.493386194154102,6.568298345834007,6.478304641110039,6.487452507019043,338208000
2018-06-14,6.532451463970384,6.655574446227418,6.517617006106994,6.598957538604736,430016000
2018-06-15,6.541844689144236,6.613048469734068,6.510940281947076,6.558162212371826,432260000
2018-06-18,6.5141537228346875,6.571512382860502,6.486958168246381,6.553958892822266,356268000
2018-06-19,6.450861045769104,6.518109337887466,6.3049927016297485,6.432318687438965,594932000
2018-06-20,6.473360686687477,6.538136107117899,6.435039053196084,6.485228061676025,369780000
2018-06-21,6.5171203519928484,6.535415610588816,6.349000332053163,6.356664657592773,359516000
2018-06-22,6.3774334594619235,6.390784374571806,6.189040409066197,6.204368591308594,434160000
2018-06-25,6.098058747082678,6.101767125588716,5.823380320618895,5.911890506744385,665816000
2018-06-26,6.025124326830022,6.0733351337463,5.931421750446888,5.982846736907959,478884000
2018-06-27,6.026358646530971,6.092617600471763,5.822389396022876,5.827828884124756,453892000
2018-06-28,5.817939364650027,5.966775268239401,5.810275038522449,5.9549078941345215,338012000
2018-06-29,6.019931340017258,6.032540013347362,5.85576677164779,5.857003211975098,392300000
2018-07-02,5.787530159257591,5.99273540122519,5.7670095879044485,5.98902702331543,357572000
2018-07-03,6.02363834850918,6.029572034665417,5.847112246379475,5.855518341064453,222732000
2018-07-05,5.9106517563239205,6.0060844631997705,5.871835932229681,6.001140117645264,306216000
2018-07-06,5.9766655474698736,6.123276168934231,5.9554032041949405,6.114870071411133,296352000
2018-07-09,6.189041043467061,6.198683110054865,6.0837186662877025,6.162339210510254,303880000
2018-07-10,6.174699481208446,6.28323553498429,6.134400115458975,6.261231899261475,360016000
2018-07-11,6.1685198661477685,6.2031326513136,6.109182989343728,6.119814395904541,367508000
2018-07-12,6.165059195931247,6.259255495078772,6.155169558300162,6.211291790008545,345508000
2018-07-13,6.229832492568009,6.229832492568009,6.122037742789538,6.16406774520874,246988000
2018-07-16,6.136379241943359,6.189287762534545,6.12401766723813,6.136379241943359,197036000
2018-07-17,6.087179171672873,6.287192493015592,6.061713782436663,6.272110939025879,362136000
2018-07-18,6.264693310372985,6.278538422105761,6.171980104393504,6.222910404205322,277640000
2018-07-19,6.204121583157917,6.264694429372078,6.189040500139685,6.231070041656494,235752000
2018-07-20,6.22859859630203,6.2674144333487165,6.192007597606349,6.20288610458374,222352000
2018-07-23,6.176430355628103,6.178160994623873,6.0147382161009535,6.166293621063232,301584000
2018-07-24,6.214258340720101,6.300790776367516,6.131434283086601,6.148988246917725,354620000
2018-07-25,6.158381889327705,6.239722389643722,6.1005285639903235,6.227113246917725,319112000
2018-07-26,6.207088785521427,6.337381404239805,6.190276591331266,6.300543308258057,325124000
2018-07-27,6.3371342789732275,6.344056836184781,6.176925650601559,6.230823040008545,295420000
2018-07-30,6.244913911866097,6.2508475979762075,6.000892426333479,6.035752773284912,340340000
2018-07-31,6.025370017799732,6.128467066105288,5.986554187543886,6.053802013397217,283988000
2018-08-01,6.085200847788866,6.140334197694458,6.029819926903251,6.093606472015381,283556000
2018-08-02,6.022403737369431,6.20016586196513,5.963561999832719,6.1962103843688965,269668000
2018-08-03,6.220685057336201,6.256534276607299,6.203873338146573,6.232799530029297,214288000
2018-08-06,6.22019135556885,6.283977902639579,6.173711199442598,6.280516624450684,207508000
2018-08-07,6.329221640708941,6.371251646403029,6.3025202863527126,6.35270881652832,258132000
2018-08-08,6.353945411950338,6.434049476976423,6.319085060697001,6.389052391052246,262100000
2018-08-09,6.406853724259384,6.409573232602088,6.332930442341758,6.34059476852417,204280000
2018-08-10,6.258760872243204,6.3316952943591875,6.2476352664436865,6.299307346343994,256396000
2018-08-13,6.307958709265162,6.45283864199914,6.306228070456396,6.332187652587891,375208000
2018-08-14,6.437511823143436,6.477564098084003,6.354440665130776,6.463471412658691,466220000
2018-08-15,6.484238341164835,6.51810982494344,6.326749711256938,6.405370712280273,591136000
2018-08-16,6.475091479399227,6.477563888544107,6.304746120358458,6.364824295043945,801260000
2018-08-17,6.253568129968853,6.254309899799555,6.0258641260586865,6.0528130531311035,1143188000
2018-08-20,6.012265666288376,6.2599950599797145,5.90199850904991,6.127477169036865,854388000
2018-08-21,6.143796290028777,6.267413919721252,6.1240174881405345,6.262963771820068,673988000
2018-08-22,6.23032926033633,6.502782362275347,6.226867981497645,6.497837543487549,749856000
2018-08-23,6.4592673179771385,6.6624947963325365,6.445422205811384,6.597224712371826,720684000
2018-08-24,6.605632871350148,6.744826277852617,6.601182722701678,6.730239391326904,531512000
2018-08-27,6.759906731113772,6.895391746331424,6.728508122456739,6.821221351623535,505776000
2018-08-28,6.815286080173353,6.838031958112946,6.663730675070671,6.783639907836914,475384000
2018-08-29,6.775971488084471,6.914004340322926,6.755192460651555,6.889019966125488,420108000
2018-08-30,6.857851907460349,6.96892158076988,6.8353412912755545,6.872199535369873,346608000
2018-08-31,6.8521629920880605,6.956058620253745,6.842267945680956,6.943195343017578,306592000
2018-09-04,6.930083591166378,7.055500412361464,6.901636043631954,7.017900466918945,391720000
2018-09-05,7.00033802863459,7.035711924845331,6.80639945012959,6.887289524078369,393156000
2018-09-06,6.87096102061144,6.873434781597428,6.7133862675594225,6.746286392211914,322796000
2018-09-07,6.654266896479998,6.8504320095660916,6.609492892734052,6.725015163421631,295420000
2018-09-10,6.747524187778689,6.825693249881618,6.703739604745101,6.796008586883545,220140000
2018-09-11,6.7497515301709266,6.8373207129424545,6.728972498019406,6.748267650604248,243112000
2018-09-12,6.708438941066819,6.727981323150419,6.479126528204106,6.634475231170654,419092000
2018-09-13,6.700276232050866,6.8026874906289745,6.68296037574801,6.7121500968933105,305536000
2018-09-14,6.802440210236953,6.904109292599834,6.765581971288428,6.838061332702637,386936000
2018-09-17,6.812582182481235,6.861561518553643,6.756923738803119,6.776218414306641,205528000
2018-09-18,6.780177131055425,6.8828356280431455,6.697555486850269,6.7042341232299805,299520000
2018-09-19,6.685682284622454,6.74579332075343,6.63571352908889,6.727982521057129,224860000
2018-09-20,6.606028740721624,6.648328976373774,6.533054429241362,6.586981296539307,430584000
2018-09-21,6.598853903773038,6.644370067811814,6.483826613185703,6.516973972320557,435128000
2018-09-24,6.486053978745938,6.57609691499487,6.3989797450026416,6.572633743286133,293912000
2018-09-25,6.638680008360933,6.664653789510304,6.553089676015421,6.639669418334961,280388000
2018-09-26,6.644618533251586,6.684939948246591,6.586981260005063,6.602812767028809,268548000
2018-09-27,6.637939279939521,6.659213250394395,6.583270710339509,6.614686489105225,214428000
2018-09-28,6.7465350761777785,6.973868223417912,6.718581997625121,6.951604843139648,709396000
2018-10-01,7.029279026081492,7.224701442580999,6.990689200657039,7.157911777496338,622060000
2018-10-02,7.1304545096009555,7.242018180778075,7.06440654019592,7.086669921875,383964000
2018-10-03,7.156923180633193,7.164344465562565,6.9889588699146215,7.0928544998168945,320552000
2018-10-04,7.056737575588032,7.08097977620803,6.831877717918174,6.908810138702393,391220000
2018-10-05,6.884071917439042,6.946161760422033,6.618148512444637,6.675538539886475,426636000
2018-10-08,6.59242317265542,6.707697717759695,6.433611276027734,6.574365139007568,408612000
2018-10-09,6.55383295047159,6.648328460251058,6.500895969321754,6.568675518035889,273500000
2018-10-10,6.462801951834877,6.508565836912431,6.075419728350444,6.077646255493164,684940000
2018-10-11,5.990570441807956,6.123903487582544,5.794900781144436,5.816421985626221,725436000
2018-10-12,6.073192116198131,6.1728823781893505,5.928232921817246,6.098670959472656,608236000
2018-10-15,6.085313590991073,6.085313590991073,5.821616676578489,5.822606086730957,449760000
2018-10-16,5.935158087222363,6.092238349759035,5.885931524229603,6.081106662750244,408712000
2018-10-17,6.143199633399451,6.181295000648192,5.963608670666886,6.012588024139404,329668000
2018-10-18,6.0818506761808315,6.120192798270936,5.86490656711467,5.925264835357666,524020000
2018-10-19,5.980428301828371,5.999970213076318,5.63262540611847,5.6689887046813965,613608000
2018-10-22,5.721184210752967,5.821121713091837,5.61704136141607,5.719699859619141,368844000
2018-10-23,5.4527890264553776,5.545800692160328,5.360767243086967,5.468373775482178,626436000
2018-10-24,5.430028780507337,5.476534356991268,4.918961436491268,4.932814121246338,884288000
2018-10-25,4.835350738187719,5.188595640562211,4.791071213211139,5.141347885131836,951720000
2018-10-26,4.9056024440566635,5.067135291527653,4.777217424016081,4.9051079750061035,664784000
2018-10-29,5.046110048303205,5.049573219640273,4.353967419109413,4.591690540313721,758016000
2018-10-30,4.614695339006611,5.0315143631559565,4.5916897881126495,5.0216193199157715,807192000
2018-10-31,5.186122753346794,5.258849837672039,5.0466055184262295,5.215312480926514,745772000
2018-11-01,5.251674171032682,5.404796812303259,5.125267959235983,5.395396709442139,566528000
2018-11-02,5.385997978722489,5.491625191679545,5.199975165957487,5.316486835479736,452960000
2018-11-05,5.303375822452559,5.326629086762901,5.078021475818935,5.238564968109131,379332000
2018-11-06,5.230648008977005,5.314753995389163,5.183894728341258,5.221000671386719,299012000
2018-11-07,5.28754570758228,5.37808313982632,5.223971481360733,5.288535118103027,483812000
2018-11-08,5.22941192102683,5.230154096652301,5.042152470746677,5.095584869384766,511352000
2018-11-09,5.006778356612328,5.1779585856268,4.973136051283547,5.087668418884277,413240000
2018-11-12,4.996389398433703,5.018405546787777,4.666891707906829,4.688660621643066,617116000
2018-11-13,4.786370518482442,5.051551263215428,4.780185880484235,4.930339813232422,644712000
2018-11-14,5.1032520397163585,5.117599665092707,4.770044494083222,4.8778977394104,526580000
2018-11-15,4.871962006307089,5.078516622728389,4.836093169949229,5.006531715393066,840708000
2018-11-16,4.0400539034961005,4.22162360785015,3.9977532066267076,4.067512035369873,1963520000
2018-11-19,4.002206600417226,4.002948304090768,3.5777187833329442,3.5794503688812256,1697820000
2018-11-20,3.316248994400274,3.815937287366381,3.297696253873055,3.6877994537353516,1692032000
2018-11-21,3.824842270731728,3.8416634234545715,3.5524874183724475,3.579698085784912,1025496000
2018-11-23,3.5450663335822483,3.700414819052545,3.532203057648499,3.586871862411499,411968000
2018-11-26,3.7078364244259916,3.7963950124615544,3.625462004393743,3.7860054969787598,814832000
2018-11-27,3.760030992984124,3.8839636950579135,3.7241623984982883,3.802826166152954,738060000
2018-11-28,3.9203268607208215,3.9648536180619653,3.7879837051911442,3.9596588611602783,804524000
2018-11-29,3.9618874509163176,3.9990300513099,3.866306995508318,3.8965163230895996,549172000
2018-11-30,3.9061734352238338,4.05746803205743,3.855906969630096,4.046820640563965,729564000
2018-12-03,4.273888698539618,4.325393311522245,4.1436413289370675,4.210498332977295,890804000
2018-12-04,4.165925076470357,4.1708775498111645,3.8752215979376574,3.890326499938965,812112000
2018-12-06,3.7499269793302012,3.9244976492330004,3.7343271134482365,3.9195454120635986,692308000
2018-12-07,3.923753905767971,3.9339063322430428,3.605812600742179,3.655088424682617,681676000
2018-12-10,3.610271056409641,3.785089476407078,3.60655670074313,3.7603275775909424,629472000
2018-12-11,3.8519453332461033,3.8601167249023183,3.5904608002472256,3.6694509983062744,671912000
2018-12-12,3.6751462375945487,3.7831076499447813,3.5860038455252448,3.6870319843292236,654136000
2018-12-13,3.7338325425265695,3.7979655714396103,3.650880489675411,3.6867849826812744,471384000
2018-12-14,3.645184685706574,3.7288796474623247,3.602842122772373,3.626365900039673,471820000
2018-12-17,3.5964034794123507,3.6684601640487577,3.4973561485793327,3.5552988052368164,662868000
2018-12-18,3.5991267171907424,3.7224404871048242,3.5718888288257578,3.638498067855835,564372000
2018-12-19,3.604822500604131,3.6583081228484264,3.3782520555774735,3.4297566413879395,745364000
2018-12-20,3.4213377937059306,3.511223101443563,3.2856430548572284,3.3453190326690674,749588000
2018-12-21,3.371814015403391,3.404747300038811,3.1809005712858642,3.208386182785034,863740000
2018-12-24,3.132120241389947,3.2185389209734288,3.0828441687449724,3.1467297077178955,463840000
2018-12-26,3.192786962496138,3.296786556282745,3.081854093943351,3.2957961559295654,695100000
2018-12-27,3.2435481147353684,3.277967000968328,3.0996819782329377,3.2480051517486572,637044000
2018-12-28,3.2685574277578042,3.4020236512278625,3.226710068592887,3.3094143867492676,628728000
2018-12-31,3.3527468914698666,3.385184733862224,3.274994826348904,3.305699586868286,465140000
2019-01-02,3.234881381222815,3.429013743136944,3.2202719163607765,3.3730521202087402,508752000
2019-01-03,3.3128813142677016,3.3468050027285576,3.161834411800639,3.1692628860473633,705552000
2019-01-04,3.242309404030075,3.410441967558925,3.2116048783493887,3.3723089694976807,585620000
2019-01-07,3.429508826663818,3.5877366873539573,3.378251727789185,3.5508415699005127,709160000
2019-01-08,3.6323083116588215,3.634537066324582,3.389890270266063,3.462442398071289,786016000
2019-01-09,3.513698909920698,3.5778321572029506,3.4631849627780333,3.5305371284484863,617260000
2019-01-10,3.5112237468369347,3.604823190418427,3.4508048397329176,3.596156597137451,523156000
2019-01-11,3.5738701643159874,3.7080792986049738,3.546137071809889,3.685298442840576,874764000
2019-01-14,3.633051529019275,3.750422463429063,3.6095277512792596,3.725165367126465,730168000
2019-01-15,3.7578496183263517,3.7972209674485073,3.6927262179511064,3.711050033569336,617012000
2019-01-16,3.7382891076955467,3.77122215927641,3.6800989606620003,3.685546398162842,470104000
2019-01-17,3.6526127323510096,3.7967263343986897,3.6253746048394815,3.75685977935791,493436000
2019-01-18,3.8066318131092554,3.91186951761545,3.7551272202076875,3.8858695030212402,651336000
2019-01-22,3.8556595552286868,3.867297583177716,3.653603289208936,3.6838126182556152,661552000
2019-01-23,3.739031926253848,3.827679121889104,3.6654893966310533,3.6966891288757324,591020000
2019-01-24,3.781127272802894,3.9259835875739695,3.7764225172060657,3.908402919769287,708972000
2019-01-25,3.848974150204566,3.9836782623502893,3.746460406726317,3.965602159500122,1154572000
2019-01-28,3.381223127206372,3.507260623513946,3.243795322037681,3.417375326156616,2511528000
2019-01-29,3.371318606155215,3.419604270903445,3.2440429846402754,3.258652448654175,1153932000
2019-01-30,3.334671384895989,3.4163853005399343,3.2551859876519855,3.4020235538482666,974228000
2019-01-31,3.3988046746644693,3.595165806236764,3.377014216677439,3.559508800506592,842852000
2019-02-01,3.578079650274053,3.63478418856549,3.530537139421069,3.5837748050689697,625048000
2019-02-04,3.5996223824688434,3.7311075595030876,3.577584445320874,3.693964958190918,528592000
2019-02-05,3.7058510150750936,3.7496794138921903,3.6721750452817186,3.7130320072174072,542424000
2019-02-06,3.7462128231283276,3.8529363617477665,3.740765385567621,3.78855562210083,702464000
2019-02-07,3.7422507749665708,3.744479293492757,3.6075466655780306,3.6503844261169434,637120000
2019-02-08,3.5832798133270645,3.679603194977889,3.5689180664556606,3.6689558029174805,461604000
2019-02-11,3.6248800635033493,3.679108374140384,3.5780802271071166,3.626365900039673,495180000
2019-02-12,3.664746075053052,3.7588409338348012,3.6503840927126143,3.7432408332824707,591060000
2019-02-13,3.772708538546359,3.8586320301561607,3.759089470541103,3.7855846881866455,605372000
2019-02-14,3.784593687951043,3.8546695815008256,3.741507971816293,3.8264410495758057,827264000
2019-02-15,4.034935515256683,4.057716138051119,3.8732409840151694,3.896021842956543,1516748000
2019-02-19,3.8853734108841738,3.9591636461695914,3.866306911066765,3.878687620162964,551892000
2019-02-20,3.907906850947188,3.9930874019007936,3.8967642591234353,3.92598295211792,540988000
2019-02-21,3.938612474854333,3.9631264183563357,3.8425365569491348,3.8571460247039795,448548000
2019-02-22,3.908898059387055,3.960650134003871,3.895278992952339,3.941831111907959,401740000
2019-02-25,4.025278463314607,4.0926304027463685,3.9207834448772534,3.929450273513794,656020000
2019-02-26,3.9247449069045306,3.980706526390799,3.8566498236755344,3.89007830619812,488464000
2019-02-27,3.875717168040082,3.9022121456582624,3.7912792893798266,3.848231554031372,500256000
2019-02-28,3.8420350295106753,3.864343657827061,3.801383929851289,3.8236923217773438,324944000
2019-03-01,3.8735143122949323,3.9201144040319287,3.8152641976236867,3.877976179122925,357188000
2019-03-04,3.9163965477958653,3.939200883740636,3.8296408345573885,3.8861560821533203,409992000
2019-03-05,3.8705394428962467,3.917883213973388,3.816255253406574,3.8797109127044678,362924000
2019-03-06,3.8707875372597664,3.8792150871425233,3.766185074620006,3.768911600112915,403524000
2019-03-07,3.745364104479161,3.7550312863394715,3.653651045477072,3.6997554302215576,450104000
2019-03-08,3.61052139532963,3.7446209009682367,3.5892041882723067,3.733962297439575,422416000
2019-03-11,3.757510176146809,4.0170331796441925,3.710414132772544,3.9942290782928467,859728000
2019-03-12,4.021989333189423,4.074786146815184,3.945892243182397,4.0284342765808105,579576000
2019-03-13,4.065862341899242,4.208885034324512,4.058425978857674,4.179636001586914,768900000
2019-03-14,4.188809466845982,4.200707464275836,4.096104749050729,4.10378885269165,519384000
2019-03-15,4.1469176058016615,4.251768029432475,4.143447396897777,4.209134101867676,661484000
2019-03-18,4.240613916460844,4.294402629756358,4.160798635174207,4.187817096710205,486992000
2019-03-19,4.282256971964195,4.399749093979504,4.265401871257319,4.355379581451416,854972000
2019-03-20,4.3843802661933795,4.4376730319595605,4.2882053617096085,4.3229079246521,719148000
2019-03-21,4.345961202599472,4.5856543609111515,4.341003624958164,4.559379577636719,824312000
2019-03-22,4.532113665529477,4.580696600692123,4.385868440404318,4.399749279022217,747644000
2019-03-25,4.359098568846415,4.423297453120556,4.241358694459646,4.3075408935546875,525212000
2019-03-26,4.4490759014802626,4.505095202851292,4.3278658277383935,4.384133338928223,703508000
2019-03-27,4.409662980402614,4.456014848602971,4.3055562523032815,4.374960422515869,474372000
2019-03-28,4.400989151580847,4.45923951405101,4.34050820984526,4.393553256988525,480264000
2019-03-29,4.460229639257601,4.475102369682448,4.4099116057171175,4.450810432434082,456896000
2019-04-01,4.542524769376166,4.548473768374413,4.470889517113949,4.518233299255371,483824000
2019-04-02,4.542277569988977,4.580449884697316,4.499395413825048,4.536080360412598,440920000
2019-04-03,4.585654069826234,4.734378080160501,4.5806964924996185,4.675384044647217,783504000
2019-04-04,4.660016045538845,4.708847191535176,4.603749006002984,4.666460990905762,457376000
2019-04-05,4.709591252026839,4.750490560887049,4.673154046983878,4.7331390380859375,481744000
2019-04-08,4.702649257234318,4.7789943245391795,4.678605532320205,4.7539591789245605,424192000
2019-04-09,4.720496502982226,4.7316508138308535,4.649109008107119,4.691247463226318,439972000
2019-04-10,4.690504119471046,4.787422242324242,4.686042489364285,4.761643409729004,444772000
2019-04-11,4.764122784482669,4.795602881676551,4.698436537073652,4.747763156890869,374600000
2019-04-12,4.786430241363831,4.790396396967213,4.701161914525343,4.709837436676025,471708000
2019-04-15,4.702154097545933,4.707111674658761,4.538557835067221,4.578217506408691,440092000
2019-04-16,4.617381963527399,4.684059630158757,4.584662709190543,4.665221214294434,394964000
2019-04-17,4.700170874822639,4.720992129672078,4.62010785478453,4.642416477203369,351004000
2019-04-18,4.649109362959098,4.683067772083667,4.590115332177181,4.617877006530762,380988000
2019-04-22,4.594329640256938,4.687282088559057,4.56285001675358,4.671666145324707,279936000
2019-04-23,4.684801999135971,4.757429116477299,4.6751350568816745,4.726196765899658,346856000
2019-04-24,4.736608833155228,4.779243243282639,4.675880163403559,4.738592147827148,318204000
2019-04-25,4.698434565209532,4.720743181906714,4.553429029458263,4.632996082305908,499296000
2019-04-26,4.479315954390358,4.483778057349987,4.295642123758112,4.414373397827148,868988000
2019-04-29,4.422305273533989,4.472871519131866,4.350174087910344,4.445109844207764,391920000
2019-04-30,4.4128883475872165,4.5120375755587485,4.393802186210058,4.486506938934326,362920000
2019-05-01,4.538805714430242,4.580944171260318,4.4731190044189075,4.473367214202881,354280000
2019-05-02,4.483033309670239,4.582430199001705,4.439903440206664,4.540787696838379,394684000
2019-05-03,4.54921630099399,4.559130981628011,4.474854068726424,4.536326885223389,336824000
2019-05-06,4.35017405728094,4.470144962124929,4.312993175372154,4.457999229431152,422176000
2019-05-07,4.409664416633841,4.409664416633841,4.242845671273384,4.290933132171631,555220000
2019-05-08,4.263419793633536,4.391074357246538,4.251521795248729,4.31101131439209,419168000
2019-05-09,4.242100359920231,4.251767301242491,4.09982134644823,4.218552112579346,660248000
2019-05-10,4.187816626065282,4.253255116963289,4.065119219241282,4.18459415435791,569500000
2019-05-13,4.052726782997496,4.075779091969789,3.911686876259981,3.927550792694092,656912000
2019-05-14,3.9672091586483504,4.051734268737782,3.9285411534881876,4.016536235809326,524880000
2019-05-15,3.9610134971586377,3.991997646177927,3.9017719611969133,3.9555604457855225,502320000
2019-05-16,3.950107191117169,4.013314884012926,3.907720992153245,3.9706804752349854,781088000
2019-05-17,3.9287902508678076,4.057932163280862,3.8405474063361402,3.8799591064453125,1022068000
2019-05-20,3.78130539858697,3.836333274940559,3.7366881504321063,3.7614755630493164,572064000
2019-05-21,3.8222048643592137,3.8593857507899374,3.783536610092687,3.8435218334198,361848000
2019-05-22,3.8048530380730843,3.8308796059783496,3.761722925502517,3.772629499435425,325868000
2019-05-23,3.7104134146446532,3.7104134146446532,3.5919301179758825,3.651667594909668,591844000
2019-05-24,3.6705058291125585,3.705703868653798,3.591186489834491,3.59787917137146,357584000
2019-05-28,3.6154783017294005,3.648197553821421,3.55078324499088,3.5527663230895996,428356000
2019-05-29,3.5051742789553133,3.540124343200313,3.4439496731796475,3.478652000427246,559800000
2019-05-30,3.481878746174516,3.5176132426818305,3.413883923885589,3.4521000385284424,394300000
2019-05-31,3.403212716131436,3.470462996970709,3.3597853510032443,3.3615224361419678,389720000
2019-06-03,3.372689410740046,3.411401795892144,3.2905498980071615,3.3198323249816895,478644000
2019-06-04,3.383857055869999,3.5538441164202785,3.361771221820737,3.548632860183716,641836000
2019-06-05,3.6223346757717674,3.627794187677335,3.469718728804367,3.5059494972229004,511616000
2019-06-06,3.510168778488003,3.5925565635788814,3.5076871602439055,3.5679891109466553,408140000
2019-06-07,3.5739451818887065,3.6449176706492934,3.554837003894567,3.6106722354888916,348856000
2019-06-10,3.666755000117653,3.751872655352404,3.666755000117653,3.6833815574645996,402780000
2019-06-11,3.743186806959417,3.7809066430594696,3.701496760735297,3.7409534454345703,383872000
2019-06-12,3.6975261070813854,3.7037301521005195,3.612904968297418,3.628042459487915,358892000
2019-06-13,3.6501288034373007,3.697526625391042,3.6325096917693487,3.6791632175445557,308080000
2019-06-14,3.5861045203899655,3.6104237166846116,3.5446624894290077,3.5893304347991943,394428000
2019-06-17,3.5875925454851405,3.6359831440619303,3.5647621832656573,3.5990078449249268,276040000
2019-06-18,3.660303283464218,3.84915003775768,3.64938449406362,3.793811321258545,581920000
2019-06-19,3.8290489699747865,3.840464034000002,3.773710025118292,3.7997665405273438,331644000
2019-06-20,3.8903434446776135,3.9042401265985758,3.809692754251881,3.8240857124328613,350168000
2019-06-21,3.8091963060582503,3.858331203483976,3.759564895734803,3.766016960144043,434428000
2019-06-24,3.7873587448378245,3.817881983735955,3.7402089492520556,3.78835129737854,282948000
2019-06-25,3.793314873315135,3.8682580400374236,3.756339566268819,3.7590692043304443,311868000
2019-06-26,3.886372914472934,4.013180844258709,3.873468785349139,3.952134132385254,584072000
2019-06-27,4.0377488491486995,4.0697609217846145,4.001766092418589,4.050652980804443,445440000
2019-06-28,4.094575043244307,4.103756980405827,4.028813837951612,4.075467109680176,397668000
2019-07-01,4.282430761166285,4.316676431741512,4.0861391515964955,4.123610973358154,709756000
2019-07-02,4.106983918882038,4.128077436863435,4.012684794144779,4.025836944580078,400228000
2019-07-03,4.049162668133274,4.05487043601337,3.9789347351642497,4.038740158081055,246636000
2019-07-05,3.980424529216406,3.98489125243947,3.91292574796479,3.976205825805664,396552000
2019-07-08,3.91664803088725,3.935507948974914,3.8712355575910116,3.9012622833251953,329788000
2019-07-09,3.8590753327807126,3.9317851233026713,3.8464194609578852,3.9037435054779053,342860000
2019-07-10,3.9471708283790288,4.0293103394768774,3.9332741478297986,3.9719865322113037,452076000
2019-07-11,4.044943986198475,4.1670369236067675,4.007720668204289,4.126339435577393,682560000
2019-07-12,4.154133417324343,4.230317623047764,4.154133417324343,4.159344673156738,506392000
2019-07-15,4.180437961065009,4.196567767290937,4.122617637138921,4.150907039642334,289840000
2019-07-16,4.13601758306642,4.173240902590646,4.0906048776539645,4.1461920738220215,341444000
2019-07-17,4.147929633119086,4.218406070489946,4.1186472030368435,4.2114577293396,348204000
2019-07-18,4.221879640377553,4.285903767102195,4.165299893357531,4.223120212554932,442192000
2019-07-19,4.2613376014460185,4.267789430326389,4.1739863418265974,4.1799421310424805,344896000
2019-07-22,4.201282562002257,4.264314135155811,4.1938377091150825,4.251410007476807,315940000
2019-07-23,4.290619497940688,4.361095460427464,4.274985257379087,4.359110355377197,428176000
2019-07-24,4.402289972302886,4.439265279701187,4.326354252228074,4.433557510375977,366236000
2019-07-25,4.392115629259536,4.4047717408104745,4.279204597934952,4.3025312423706055,392700000
2019-07-26,4.329577935345961,4.3911204237725405,4.329577935345961,4.3444671630859375,274160000
2019-07-29,4.337271436277209,4.354394263662138,4.25016870768611,4.338263988494873,248160000
2019-07-30,4.291861384230246,4.366060033052647,4.277468184908724,4.35390043258667,197772000
2019-07-31,4.32238522278837,4.323378249127851,4.144705452732132,4.186892032623291,359416000
2019-08-01,4.197311947079872,4.287640842295191,4.040477307617723,4.09259033203125,421212000
2019-08-02,4.00002908706665,4.069264963677774,3.9526315000910976,4.00002908706665,428348000
2019-08-05,3.816641366103382,3.8178821751715524,3.6950449173442688,3.7419464588165283,589156000
2019-08-06,3.8166412352682992,3.862053709637955,3.7330126475534997,3.780658483505249,361272000
2019-08-07,3.7198600296538333,3.8307859357073792,3.7024891776964988,3.8188743591308594,372560000
2019-08-08,3.8764461197161166,3.9285589049351604,3.8191220796411756,3.9273180961608887,309300000
2019-08-09,3.8863729672694967,3.889847137722322,3.775695315714958,3.82607102394104,341816000
2019-08-12,3.773958151399416,3.8260709437598064,3.7364865732577073,3.758324384689331,279200000
2019-08-13,3.7568347546928096,3.9183843630653805,3.717874353669195,3.8724753856658936,351956000
2019-08-14,3.784381080809711,3.795548125882616,3.6804037410496977,3.724079132080078,419880000
2019-08-15,3.7429387166698227,3.7627911868770045,3.657573047446917,3.6918184757232666,477200000
2019-08-16,3.954367973426272,4.00871389430151,3.893073237992671,3.9595792293548584,1007960000
2019-08-19,4.072738797076498,4.253892668551874,4.056608515191072,4.238010406494141,815112000
2019-08-20,4.232549557576048,4.233046070367216,4.14470229254729,4.165795803070068,463188000
2019-08-21,4.231805651765932,4.304267184161182,4.21021609857475,4.249176502227783,427244000
2019-08-22,4.258855277687403,4.301289854666067,4.216172207597368,4.255381107330322,303488000
2019-08-23,4.17894952717665,4.233295688950268,4.011195825179209,4.03104829788208,568056000
2019-08-26,4.1097140920359,4.133785268218952,4.067527528758819,4.105743408203125,318208000
2019-08-27,4.143959091471172,4.146688729399361,3.9858838515691355,4.015166282653809,290968000
2019-08-28,3.988836052711197,4.057394715003418,3.9495883352004126,4.004733562469482,255612000
2019-08-29,4.0961450900854235,4.180601728956362,4.09266748050093,4.148309707641602,357976000
2019-08-30,4.194512135644787,4.244192678295925,4.14284452290001,4.160977840423584,290616000
2019-09-03,4.088197509629019,4.121234810167086,4.055160209090952,4.078012943267822,296140000
2019-09-04,4.138622569852106,4.199481224530756,4.138622569852106,4.192028999328613,227728000
2019-09-05,4.294121111738001,4.470983126943168,4.292382307110529,4.464773178100586,695676000
2019-09-06,4.441423285392116,4.498307311494924,4.399691971411544,4.437697410583496,376976000
2019-09-09,4.468747189641803,4.570095333288617,4.467256650349984,4.483651161193848,417524000
2019-09-10,4.4508622737446295,4.5768019505612365,4.441174715633058,4.550223350524902,352812000
2019-09-11,4.564880224077214,4.626980676044221,4.535817068524845,4.578790664672852,361512000
2019-09-12,4.625242299004844,4.679890531229151,4.569351792304477,4.577300548553467,327840000
2019-09-13,4.510728029877859,4.5477399368594575,4.475703193108127,4.5194220542907715,324592000
2019-09-16,4.444403830885622,4.51097540777467,4.43397100364255,4.476447582244873,231832000
2019-09-17,4.4831541821322025,4.502032765310931,4.436702993756735,4.497809886932373,223048000
2019-09-18,4.490854977858208,4.506504218565795,4.384290423817927,4.470734119415283,258152000
2019-09-19,4.476696313128326,4.495078369144471,4.384539189107596,4.395220756530762,245476000
2019-09-20,4.394227953809017,4.4178259541330585,4.2794663492857685,4.2896504402160645,350244000
2019-09-23,4.289899466537312,4.388514828078053,4.286173117129129,4.343057155609131,249712000
2019-09-24,4.374354065601589,4.403913738875583,4.250153216254933,4.285674571990967,317268000
2019-09-25,4.2851792158550435,4.44688902648033,4.2404668170869675,4.427265167236328,308432000
2019-09-26,4.417576506449211,4.426270529177949,4.354233799381316,4.405156135559082,234564000
2019-09-27,4.36342614042172,4.4141002265778075,4.205939201389443,4.266549587249756,362056000
2019-09-30,4.2923830327616175,4.3341143508758595,4.261084070387128,4.323929786682129,186184000
2019-10-01,4.3470300745038895,4.4960712003874725,4.317470398867783,4.322189807891846,366008000
2019-10-02,4.300332636444396,4.31225600791318,4.226060540831684,4.298345565795898,293372000
2019-10-03,4.3028134169464805,4.509980297773129,4.2725084807116085,4.503770351409912,450588000
2019-10-04,4.506006746476185,4.54947732882906,4.440925716255937,4.520165920257568,265524000
2019-10-07,4.585000615111782,4.678399558418972,4.576306589739509,4.578790664672852,480984000
2019-10-08,4.487129238036931,4.487129238036931,4.38429101816831,4.402424335479736,444436000
2019-10-09,4.4791806772945035,4.538300515433616,4.450366264875093,4.488868236541748,292412000
2019-10-10,4.486631772251904,4.597418723099208,4.481415359062825,4.546496391296387,309124000
2019-10-11,4.630457509788729,4.703239045355618,4.611578922491844,4.620024681091309,446404000
2019-10-14,4.61132922970183,4.654302809756783,4.580279015346232,4.633437156677246,200040000
2019-10-15,4.723608679696773,4.950399543155537,4.7096977661499775,4.877865791320801,664124000
2019-10-16,4.843834501041377,4.9486602675172895,4.812784279880855,4.8242106437683105,428944000
2019-10-17,4.868674685329174,4.913635344117551,4.771797674871035,4.826198101043701,263436000
2019-10-18,4.826693335136558,4.859234086458171,4.65753183937539,4.731803894042969,307440000
2019-10-21,4.793160100078846,4.882336617314803,4.774281513819235,4.868922710418701,261868000
2019-10-22,4.92580670192421,5.030880725953008,4.851286366161707,4.858986854553223,328720000
2019-10-23,4.77701321824075,4.860227558613543,4.745217736858359,4.846068859100342,279916000
2019-10-24,4.8873037697684545,4.923570399024333,4.853272949352469,4.890036582946777,232020000
2019-10-25,4.970518220820409,5.101674291975892,4.962817733779943,5.080808639526367,423092000
2019-10-28,5.124527095099791,5.189111596885471,5.095215685588931,5.136699199676514,330792000
2019-10-29,5.122789176999456,5.12924786518978,5.021193234752128,5.0405683517456055,211236000
2019-10-30,5.067395122739208,5.073108540589757,4.974492740633953,5.04255485534668,205960000
2019-10-31,5.021690323064044,5.042555981770884,4.913635680625914,4.993372440338135,209732000
2019-11-01,4.958100382369861,5.064664981480959,4.933011838813353,5.032372951507568,283640000
2019-11-04,5.1133497137797965,5.2412769351408395,5.090248722853118,5.228856563568115,376716000
2019-11-05,5.228610067812644,5.254692146259331,5.158809119453731,5.206750869750977,300868000
2019-11-06,5.182653649313797,5.208238712291003,5.070127414387124,5.157565116882324,269012000
2019-11-07,5.244008799548261,5.2586645050238925,5.130489029983029,5.175201416015625,280340000
2019-11-08,5.158310041158445,5.192837863322895,5.120801140764416,5.161290645599365,189100000
2019-11-11,5.16054684051113,5.194329402705062,5.074351393267429,5.171228408813477,243436000
2019-11-12,5.209483210285073,5.262641376271657,5.174458366521743,5.206750869750977,283504000
2019-11-13,5.17545020261961,5.203022811864566,5.114592039558323,5.180915355682373,300188000
2019-11-14,5.189859028956461,5.213457504585136,5.129994384901085,5.211221694946289,518080000
2019-11-15,5.208983478352055,5.2606510774349315,4.9839315040429035,5.07211446762085,1053628000
2019-11-18,5.064664384597203,5.29965227975907,5.061683778986319,5.273073673248291,574588000
2019-11-19,5.242023513347138,5.265621514542837,5.108383314112745,5.16650915145874,414564000
2019-11-20,5.143656035633732,5.329460373239897,5.130987396550761,5.245748996734619,472588000
2019-11-21,5.241277291468851,5.296919043773521,5.199297238139873,5.220908164978027,288388000
2019-11-22,5.243512138827063,5.28996333238739,5.214945995609535,5.238544464111328,224100000
2019-11-25,5.366470766397429,5.4998626526423084,5.3535538656231445,5.494894504547119,506476000
2019-11-26,5.477257661816818,5.481977544592898,5.383858752821202,5.390317440032959,385244000
2019-11-27,5.435808848094439,5.470113228547502,5.398769637902279,5.425119400024414,215784000
2019-11-29,5.3942956186363,5.422633919033561,5.363967833757931,5.387832164764404,141556000
2019-12-02,5.380870546472608,5.394294348036424,5.18647719119734,5.201640605926514,372036000
2019-12-03,5.018187079136687,5.166095031073407,4.980899411957676,5.162117958068848,465232000
2019-12-04,5.245640855322648,5.268013544804459,5.177280070411911,5.205867290496826,273424000
2019-12-05,5.227744148479269,5.243404939480599,5.158388607295451,5.18896484375,184884000
2019-12-06,5.258071837333856,5.307043224374402,5.248128206322438,5.274229526519775,232236000
2019-12-09,5.2513599338149906,5.32891854880573,5.242659493749211,5.274229526519775,211880000
2019-12-10,5.304307483137535,5.370928661542184,5.251607480586127,5.319222927093506,256388000
2019-12-11,5.329663470004647,5.408216340025426,5.327177562670897,5.40274715423584,233796000
2019-12-12,5.37391058398652,5.5881907344572985,5.364961698392132,5.570044040679932,404348000
2019-12-13,5.573028875466691,5.692101147516369,5.514113860741178,5.568057060241699,454704000
2019-12-16,5.615535947211582,5.669230215850863,5.587445622206423,5.5968918800354,320976000
2019-12-17,5.615536780813981,5.697569835117651,5.606090521582747,5.674948692321777,321196000
2019-12-18,5.709749979241984,5.765681710318968,5.70129798892131,5.705275535583496,343548000
2019-12-19,5.739829113698079,5.86660755208629,5.734857298669903,5.853183746337891,445360000
2019-12-20,5.9195551686378645,5.975735342910943,5.900414205042897,5.950379848480225,603044000
2019-12-23,5.978967929874309,6.011035330842272,5.9260194747075206,5.936708450317383,355060000
2019-12-24,5.921296894457324,5.948889855209329,5.886992029924898,5.931737422943115,138864000
2019-12-26,5.93521671269074,5.973996015905677,5.916324195165126,5.945906162261963,182852000
2019-12-27,5.961068893221164,5.974492697227238,5.861883424733075,5.888233661651611,254644000
2019-12-30,5.866359712672192,5.871579976752275,5.743807256919645,5.7751288414001465,258056000
2019-12-31,5.739827956058875,5.858651750920013,5.720686993613066,5.849205493927002,231004000
2020-01-02,5.9349671466123946,5.963802814483643,5.884504609303141,5.963802814483643,237536000
2020-01-03,5.844233913695736,5.912097802856729,5.8193753167124,5.868346691131592,205384000
2020-01-06,5.775128603488166,5.8981779512429595,5.749027284163017,5.89295768737793,262636000
2020-01-07,5.921295812236685,6.010040762284661,5.876301978898439,5.964301109313965,314856000
2020-01-08,5.9600758426304115,6.016753400240587,5.920053819191214,5.975488185882568,277108000
2020-01-09,6.061746936440658,6.11345267607093,5.987420054256741,6.041114330291748,255112000
2020-01-10,6.148253347803174,6.178580656241072,6.059259958542958,6.073429107666016,316296000
2020-01-13,6.156456910250187,6.288952489506994,6.133835297475145,6.263845443725586,319840000
2020-01-14,6.221088751738677,6.246444720752033,6.133835447619546,6.147010803222656,359088000
2020-01-15,6.15968810642731,6.182060796386267,6.078649335978341,6.104502201080322,263104000
2020-01-16,6.1579480451360356,6.193992987350218,6.134581087056249,6.1880269050598145,284192000
2020-01-17,6.207168278849511,6.2146260007402,6.149248013832999,6.196727752685547,253792000
2020-01-21,6.160186089168899,6.196976854432715,6.129361406762414,6.163417816162109,217916000
2020-01-22,6.20866005785512,6.303867986192193,6.189767541283975,6.217360496520996,239240000
2020-01-23,6.257382051881622,6.294172337265106,6.168637116635187,6.285720348358154,244516000
2020-01-24,6.40106580470724,6.450783010321496,6.172367512330804,6.226559162139893,373512000
2020-01-27,5.922289191292471,6.021972024087734,5.772889640468227,5.971012115478516,470536000
2020-01-28,6.036888255320021,6.196479916088812,5.98369087701763,6.164164066314697,310976000
2020-01-29,6.149744040520787,6.185788977238313,6.063981917010932,6.103755950927734,258848000
2020-01-30,6.006062657393327,6.123892191463495,5.9511256737179945,6.11046838760376,290504000
2020-01-31,6.064728033562404,6.07666019690818,5.835532919670474,5.877295017242432,370420000
2020-02-03,5.859149408225992,5.993634007995882,5.852934876956835,5.974244594573975,255564000
2020-02-04,6.115938854061318,6.162424332080712,6.065973200110566,6.143282890319824,271544000
2020-02-05,6.264094359762809,6.2742864375752365,6.15024236438546,6.233518600463867,208220000
2020-02-06,6.267824693189665,6.320275783538818,6.186785899977554,6.320275783538818,218284000
2020-02-07,6.280251702987878,6.302375943450668,6.228794423639679,6.254150390625,189752000
2020-02-10,6.27677150791727,6.537785578987231,6.271799693919792,6.5370402336120605,529608000
2020-02-11,6.645174095338608,6.773941033991019,6.583276295760601,6.659343242645264,638556000
2020-02-12,6.712045068202593,6.781400607181102,6.673265764706395,6.774937152862549,374644000
2020-02-13,6.717014858829794,6.7983020654995,6.6896703587478115,6.731184005737305,528016000
2020-02-14,7.140852817508515,7.332511833755253,7.109531243405762,7.203744888305664,1041924000
2020-02-18,7.10058231335741,7.390681460600546,7.081192901778724,7.372285842895508,620164000
2020-02-19,7.494590248906968,7.8406206663356475,7.494590248906968,7.822970867156982,694332000
2020-02-20,7.774994505818821,7.863242082400725,7.366817815393153,7.673820495605469,810052000
2020-02-21,7.56170894332457,7.586815992154604,7.225373204609657,7.310140609741211,768180000
2020-02-24,6.716518843394687,7.006866456625877,6.662078754814775,6.793331623077393,856916000
2020-02-25,6.868406133355156,6.93030396006816,6.41250114906639,6.514172554016113,1055496000
2020-02-26,6.5144194445871815,6.847274989769168,6.512928279510308,6.653378486633301,747732000
2020-02-27,6.340222462355224,6.6411905100878075,6.190733538467209,6.283013820648193,906416000
2020-02-28,6.030797544626237,6.77699866718428,6.014132526651322,6.717551231384277,1133252000
2020-03-02,6.887437432968634,6.90460012185315,6.491950746144979,6.875746726989746,890744000
2020-03-03,6.931462850373076,6.991158887369875,6.528265410526086,6.61358118057251,652792000
2020-03-04,6.720785207272471,7.086175006652993,6.646164806852356,7.076723098754883,597408000
2020-03-05,6.8774879345472195,7.04413956219387,6.753121062405599,6.79764461517334,540328000
2020-03-06,6.618306340364054,6.675764049860248,6.417329367295338,6.617311477661133,515412000
2020-03-09,5.967122164255437,6.45215313065251,5.924340216709666,6.104920864105225,614160000
2020-03-10,6.381014650643406,6.4939398765563965,6.118600976007037,6.4939398765563965,580648000
2020-03-11,6.354151552200165,6.382507276245163,6.03353389422231,6.130539894104004,499964000
2020-03-12,5.607950774664352,5.8731009372494505,5.367674080920537,5.380359649658203,816540000
2020-03-13,5.733312981335359,5.9949809083831616,5.462442216383406,5.990503787994385,634836000
2020-03-16,5.283352557854332,5.623869353339023,4.825433894923929,4.885129928588867,726972000
2020-03-17,4.997308990591307,5.493532962867673,4.750814071544446,5.404237270355225,833632000
2020-03-18,4.977162031994791,5.221915838198457,4.494121265098619,5.0448174476623535,874268000
2020-03-19,5.023424605845817,5.390804504616113,4.810260253948573,5.297280788421631,765512000
2020-03-20,5.447268674676942,5.728835253713744,5.102275202274465,5.117696762084961,804636000
2020-03-23,5.1167009402216665,5.384587537043199,4.937861436737908,5.290317058563232,643876000
2020-03-24,5.696002873684383,6.284507216709611,5.67237333783813,6.1979475021362305,1101644000
2020-03-25,6.312862293100567,6.512346769675058,6.060646288704762,6.109398365020752,793432000
2020-03-26,6.316343948572078,6.52229572585307,6.218343085472186,6.398426532745361,696108000
2020-03-27,6.21834277196547,6.544681468954972,6.185509929720243,6.286247253417969,638828000
2020-03-30,6.3516639125853,6.615321989617182,6.307638034053594,6.606118679046631,602252000
2020-03-31,6.646165858837686,6.850127939399178,6.411112532873949,6.55662202835083,949960000
2020-04-01,6.358878296830433,6.505133575069819,6.001447838462549,6.045970916748047,656912000
2020-04-02,6.0750723908705835,6.367583396823031,6.0270670594457165,6.354400634765625,675764000
2020-04-03,6.316842669101764,6.3583811622855135,5.929564394605599,6.06686544418335,663212000
2020-04-06,6.348680332456353,6.712826720238885,6.2912226117750105,6.676013946533203,727884000
2020-04-07,6.897385702203857,6.921015708413255,6.399918279480084,6.442949295043945,784520000
2020-04-08,6.551895173160466,6.664820405786756,6.482000959912944,6.639946937561035,542444000
2020-04-09,6.76555762990454,6.7884408976976,6.477523735926655,6.5404534339904785,525564000
2020-04-13,6.4807566311857645,6.7207846897053765,6.392456281522787,6.712079048156738,398408000
2020-04-14,6.840177873439645,7.096870991524128,6.8125684130235316,7.0627946853637695,530948000
2020-04-15,6.894898243400246,7.068265763838534,6.849628905717081,6.985437393188477,366148000
2020-04-16,7.140647674170319,7.437138127768252,7.127464912267185,7.3301825523376465,745620000
2020-04-17,7.412264162275912,7.433655370807423,7.137164937154515,7.270983695983887,539120000
2020-04-20,7.144628306507121,7.300335493886379,7.095627633607135,7.139902114868164,449388000
2020-04-21,7.022001664063456,7.083189755050889,6.643926307064967,6.703622341156006,735160000
2020-04-22,6.895645491403493,7.160298464980973,6.850127550160316,7.117516040802002,483356000
2020-04-23,7.159552061322838,7.291380639717549,7.039164642874313,7.064286708831787,424160000
2020-04-24,7.054088445216467,7.205069426004072,6.979468044624654,7.203079700469971,352328000
2020-04-27,7.337396625716924,7.549068993615915,7.312771754298701,7.3893818855285645,479388000
2020-04-28,7.53663153895252,7.566479794148547,7.241633616006236,7.247105598449707,442904000
2020-04-29,7.381671326882136,7.476439012322255,7.306553724860844,7.423707485198975,379160000
2020-04-30,7.369730516188236,7.423705966666164,7.256059510755734,7.269988536834717,375916000
2020-05-01,7.072744411880323,7.185918254969449,6.985438902892825,7.033693313598633,342096000
2020-05-04,6.986433684527206,7.259046052360772,6.986433684527206,7.245365619659424,317556000
2020-05-05,7.349336431311147,7.468728519073253,7.245365430153509,7.306305408477783,368896000
2020-05-06,7.38565081334239,7.511758806368057,7.3478431802598525,7.407041549682617,323464000
2020-05-07,7.546083299397135,7.646322956404003,7.494844309602577,7.583144664764404,373732000
2020-05-08,7.654780572992808,7.779147440058237,7.620952864853898,7.7729291915893555,339216000
2020-05-11,7.767953212795398,8.071408625567924,7.739348894683899,8.024646759033203,469060000
2020-05-12,8.082353219891191,8.131104815572956,7.753278525773543,7.762979030609131,493060000
2020-05-13,7.877396787105867,8.037581075925017,7.556281469377941,7.740593433380127,625852000
2020-05-14,7.802028223966848,7.995294368365293,7.648559423983355,7.9898223876953125,602312000
2020-05-15,7.849784603136487,8.457440581855115,7.834114452822765,8.44774055480957,987660000
2020-05-18,8.716126976105572,8.871336954115424,8.636532261563676,8.705928802490234,774460000
2020-05-19,8.74572658115145,9.041470783714418,8.71836571880114,8.760899543762207,717320000
2020-05-20,8.945459810615404,8.997196470671472,8.84372761897781,8.924566268920898,587536000
2020-05-21,9.00565317637838,9.006647564701275,8.693243502257346,8.730802536010742,761068000
2020-05-22,8.780548617812489,9.046943165034369,8.669116398399483,8.980530738830566,1038764000
2020-05-26,9.110368077882535,9.13524201478955,8.628073685053018,8.673591613769531,770780000
2020-05-27,8.581311407410789,8.589021710730815,7.9562435883697225,8.482067108154297,1175892000
2020-05-28,8.369642255768241,8.716128787061324,8.336809405476911,8.444014549255371,734896000
2020-05-29,8.511169349529405,8.830543518066406,8.44202141149652,8.830543518066406,745256000
2020-06-01,8.788509941773912,8.795971650904905,8.645487840751274,8.761646270751953,389876000
2020-06-02,8.7516956542315,8.792487396907989,8.614145567728748,8.780548095703125,391320000
2020-06-03,8.777565804011429,8.821342618286915,8.655934444253308,8.725082397460938,365440000
2020-06-04,8.687754775208147,8.902012270046486,8.637487714854524,8.726078033447266,424280000
2020-06-05,8.753946142732019,8.955511743980372,8.667844854375696,8.878867149353027,481748000
2020-06-08,8.836316752947287,8.84875892563933,8.645700047300858,8.764400482177734,387736000
2020-06-09,8.759425488772147,9.067746910502335,8.710900339336797,9.004290580749512,468488000
2020-06-10,9.125478874094505,9.456196549107496,9.111293827443436,9.32356071472168,632180000
2020-06-11,9.10780969358321,9.218546652685198,8.745488699129474,8.755691528320312,583652000
2020-06-12,9.12025061846293,9.144886249217148,8.663117846022635,8.891310691833496,570908000
2020-06-15,8.774601383409387,9.139908695451986,8.7034303106596,9.131447792053223,400004000
2020-06-16,9.182463952946726,9.224021398349738,8.797994456053088,9.026684761047363,535716000
2020-06-17,9.071726871522655,9.256122013797047,9.028426554300834,9.193412780761719,408304000
2020-06-18,9.184454427604352,9.239698546814658,9.072472976600096,9.175496101379395,254408000
2020-06-19,9.19988217763818,9.401447821597749,9.184702291926113,9.218544960021973,524160000
2020-06-22,9.25711573123115,9.48729919395034,9.230488519718287,9.482819557189941,398468000
2020-06-23,9.506958630029597,9.598036991562761,9.364120951569074,9.406424522399902,375108000
2020-06-24,9.432552256999996,9.512432940136698,9.102332125574206,9.192913055419922,449372000
2020-06-25,9.312609776761736,9.461171600336776,9.139909742005443,9.446240425109863,376072000
2020-06-26,9.456196763382406,9.456196763382406,9.082925838512047,9.112787246704102,592084000
2020-06-29,9.127469304571116,9.162059060199192,8.858962505668218,9.15757942199707,342248000
2020-06-30,9.271050909025503,9.482321927341877,9.22377028533174,9.453953742980957,367892000
2020-07-01,9.476847385994699,9.531594070429003,9.369594310080467,9.486054420471191,326648000
2020-07-02,9.594553626527235,9.692599684605682,9.534083742752678,9.567927360534668,364056000
2020-07-06,9.696831134904459,9.863060925578766,9.667715860624158,9.7938814163208,315892000
2020-07-07,9.900386604188158,10.023565712221714,9.805326973795573,9.8262300491333,357800000
2020-07-08,9.947668620000956,10.177853089859866,9.919549138442747,10.168893814086914,365480000
2020-07-09,10.332385556783915,10.521260318665224,10.186311788352297,10.460541725158691,494548000
2020-07-10,10.539922273919666,10.606115335715279,10.330890603183175,10.430927276611328,497676000
2020-07-13,10.546147190037164,10.742487094268514,9.978774789284222,10.005899429321289,457076000
2020-07-14,10.028543640334897,10.354782578911696,9.740378299322161,10.329151153564453,542676000
2020-07-15,10.366228896039699,10.3848916779029,10.00938150824188,10.18009090423584,403984000
2020-07-16,9.968823396309162,10.159688854279503,9.849874224846475,10.088021278381348,344964000
2020-07-17,10.178351366171277,10.201245080090619,10.041236843957755,10.154461860656738,266284000
2020-07-20,10.226875749369688,10.482690699140393,10.109917234833206,10.462285041809082,284852000
2020-07-21,10.464524220514964,10.51130838501067,10.23931776030554,10.280875205993652,277036000
2020-07-22,10.319696888255717,10.55361298706139,10.244047103356172,10.390618324279785,367292000
2020-07-23,10.401815036980182,10.49836789312907,9.984996075999454,10.08304214477539,411660000
2020-07-24,9.829465676237367,10.3169573132017,9.731917986447955,10.147492408752441,473292000
2020-07-27,10.185068171231439,10.393601505544966,10.170634417210804,10.373445510864258,292132000
2020-07-28,10.326415496640456,10.33412932148868,10.162176337630433,10.168396949768066,271636000
2020-07-29,10.342836785635788,10.467757814861779,10.299288712626408,10.417242050170898,284508000
2020-07-30,10.327158564119097,10.574015125170751,10.247776248378544,10.565056800842285,308880000
2020-07-31,10.514538785862117,10.71685241065057,10.384889436503375,10.565801620483398,386080000
2020-08-03,10.683011944240379,11.047573183866636,10.665841424159556,10.959481239318848,412720000
2020-08-04,10.999048630506225,11.175978660583496,10.855712561468552,11.175978660583496,310336000
2020-08-05,11.192153640280633,11.319314022602223,11.114761945386586,11.234705924987793,249924000
2020-08-06,11.297414876107878,11.305627070056174,11.127203842921766,11.283230781555176,244316000
2020-08-07,11.260337487409021,11.451701263494748,10.986605906099884,11.147858619689941,342516000
2020-08-10,11.281987829661926,11.35564602075613,10.806439976810287,11.113517761230469,427796000
2020-08-11,11.022687098568131,11.08539727357645,10.74596911283335,10.799969673156738,354512000
2020-08-12,10.940071438029333,11.414125122757872,10.907721031284495,11.38749885559082,464412000
2020-08-13,11.492760654115996,11.667700995815364,11.303388455676876,11.390235900878906,374460000
2020-08-14,11.476833720238632,11.650778256595569,11.387746937929792,11.510677337646484,366436000
2020-08-17,11.796602846193656,12.352527856575652,11.762760176683678,12.280113220214844,621300000
2020-08-18,12.392592403457424,12.43838077420562,12.030520161674376,12.204215049743652,503448000
2020-08-19,12.239801481703257,12.258215556136781,12.042216127810235,12.08253002166748,622624000
2020-08-20,11.91978322105072,12.317938426854452,11.823976501691238,12.085017204284668,921388000
2020-08-21,12.145488010516427,12.749689506590398,12.139017738747308,12.625017166137695,999868000
2020-08-24,12.824340291035602,12.852958136442902,12.44982499282995,12.66159439086914,490564000
2020-08-25,12.572509358263392,12.702407463725917,12.515772025592227,12.69120979309082,289076000
2020-08-26,12.740230635286169,12.809161420800041,12.619290872485081,12.714101791381836,321244000
2020-08-27,12.722565705100617,12.790750375179663,12.508556895704558,12.570022583007812,317604000
2020-08-28,12.616554072790118,13.087372581370376,12.584203668831243,13.08712387084961,537160000
2020-08-31,13.12196361348135,13.51240499533192,12.977632707337218,13.312829971313477,500840000
2020-09-01,13.421857130089242,13.933391281331938,13.378544809007552,13.76138687133789,511316000
2020-09-02,14.640327660475537,14.663229168155967,13.840044454467082,14.284619331359863,874012000
2020-09-03,13.769103935928273,13.824613370460439,12.823201635457625,12.959362030029297,945128000
2020-09-04,12.728608789534096,13.118171798924816,11.654263373150707,12.568055152893066,1463684000
2020-09-08,11.683885878412541,12.495868665952957,11.653766757408798,11.861616134643555,795728000
2020-09-09,12.346516275086678,12.754001367320672,12.178991882881057,12.660158157348633,736200000
2020-09-10,12.933223515687224,13.008895916801286,12.114519770501584,12.258646011352539,698684000
2020-09-11,12.431646509399577,12.597926004409656,11.844439994967425,12.112030982971191,636928000
2020-09-14,13.024578926203295,13.257568885233198,12.576768855905764,12.816728591918945,1201744000
2020-09-15,13.222721052667398,13.241390370947265,12.772422147421345,12.934967994689941,727556000
2020-09-16,12.901361003410214,13.036276504289093,12.459774389516712,12.46052074432373,556384000
2020-09-17,12.079921843900053,12.535449042053106,11.982842526145728,12.409743309020996,792512000
2020-09-18,12.539429199310245,12.578011754525583,11.937039210189646,12.136673927307129,698460000
2020-09-21,11.873564364275431,12.468487029467878,11.853152604133797,12.46325969696045,721044000
2020-09-22,12.520759401296207,12.59344448097838,12.103069452829205,12.58323860168457,646452000
2020-09-23,12.5212581987383,12.672105439487142,12.027149449148329,12.071456909179688,647012000
2020-09-24,12.020179888363417,12.515284736210981,11.962180709019703,12.294739723205566,731240000
2020-09-25,12.393810139922095,12.827929401956277,12.19293055034486,12.818221092224121,588016000
2020-09-28,12.984003310472113,12.995454064553032,12.695005420616106,12.978775978088379,573808000
2020-09-29,12.881698289843444,13.384769035049606,12.877467046243323,13.168704986572266,621460000
2020-09-30,13.10074621883165,13.563740622566334,13.093527658372428,13.472137451171875,689184000
2020-10-01,13.698657963887262,13.70338677682619,13.402689348438638,13.555776596069336,525004000
2020-10-02,13.167958188027503,13.461187347792777,12.9947079495707,13.00590991973877,552496000
2020-10-05,13.178909786872856,13.585398755238357,13.165716588093956,13.583656311035156,479820000
2020-10-06,13.77034771021102,14.081002250444271,13.606059434041683,13.677250862121582,784420000
2020-10-07,13.93936472563544,14.05834944334115,13.803701921805605,13.903768539428711,418084000
2020-10-08,14.014289350540002,14.023748875043747,13.69865724594298,13.779058456420898,378900000
2020-10-09,13.707621361148332,13.764624457346555,13.601829820935107,13.703389167785645,346892000
2020-10-12,13.929160708195548,14.285118819607398,13.852493157883188,14.164640426635742,434744000
2020-10-13,14.234834452215292,14.28661020379566,13.958282468908806,14.186792373657227,344604000
2020-10-14,14.22886078382852,14.280885323875227,13.899786671772109,14.034453392028809,276100000
2020-10-15,13.751181831148036,13.94534045823671,13.70836707735876,13.909745216369629,267224000
2020-10-16,13.976206063082346,14.060590691280174,13.733009274050568,13.751927375793457,242392000
2020-10-19,13.843031020971136,13.923183444817134,13.348921381558638,13.439529418945312,298068000
2020-10-20,13.524912268022215,13.740229967654253,13.448742284587745,13.586645126342773,229212000
2020-10-21,13.566230372279033,13.7320122878027,13.4193665559545,13.466412544250488,219596000
2020-10-22,13.464174825263315,13.553039484968712,13.174678386058064,13.30337142944336,290480000
2020-10-23,13.391987145890786,13.534619742053748,13.233922285663485,13.531632423400879,233484000
2020-10-26,13.369085896916106,13.633689579571246,12.982261385916676,13.08456802368164,336896000
2020-10-27,13.248606162274928,13.384020175552658,13.134599996643855,13.33896541595459,250520000
2020-10-28,13.141075696041263,13.20280855748123,12.554616361044642,12.572538375854492,376520000
2020-10-29,12.783122071535804,13.135843993925764,12.69500378716485,12.967822074890137,320080000
2020-10-30,12.794575514658112,12.880701638769581,12.246947595239426,12.479938507080078,416820000
2020-11-02,12.603154900907724,12.781382741885674,12.3415385171396,12.526487350463867,299652000
2020-11-03,12.65368609633132,13.04847556317801,12.548392129595152,12.96334457397461,272900000
2020-11-04,13.331498827212098,13.767859091534874,13.279474284873544,13.73475170135498,410228000
2020-11-05,14.101413431699372,14.277151505773915,13.930652955568876,14.098923683166504,319028000
2020-11-06,14.048892379664569,14.52582647377107,13.835069288715122,14.499192237854004,383348000
2020-11-09,14.489731966855251,14.628132371643925,13.552044345915604,13.5719575881958,582976000
2020-11-10,13.547812230313847,13.547812230313847,12.573782058299438,12.714920997619629,644068000
2020-11-11,12.997444591271169,13.377050504826503,12.892399429835695,13.360123634338379,404744000
2020-11-12,13.4208615944081,13.706623391136638,13.258564550225856,13.398707389831543,365812000
2020-11-13,13.568472254694553,13.609793346805214,13.002922328890708,13.239646911621094,346312000
2020-11-16,13.115684649662638,13.590627511150926,13.099256295266624,13.45695686340332,413776000
2020-11-17,13.494044215080645,13.53760531971783,13.246367406234198,13.36435604095459,312028000
2020-11-18,13.407173085056655,13.54706716328865,13.128132233120537,13.370830535888672,510924000
2020-11-19,13.155760695717245,13.429325390449687,13.043496960142532,13.382279396057129,565936000
2020-11-20,13.395970878679213,13.436295883226773,13.008647818893134,13.03130054473877,341088000
2020-11-23,13.114440599717943,13.324778798429607,12.959362101310216,13.083325386047363,361356000
2020-11-24,13.085812968215139,13.105228639441574,12.829423935275962,12.901860237121582,346500000
2020-11-25,12.976289464632114,13.212266767837656,12.963843568606508,13.177666664123535,259916000
2020-11-27,13.317308922458194,13.349669004408476,13.113690805350098,13.204049110412598,167276000
2020-11-30,13.207784992620201,13.354648825249436,12.916297341464292,13.343695640563965,286952000
2020-12-01,13.434055855874425,13.47039840179349,13.171193648207254,13.332246780395508,296948000
2020-12-02,13.292916687996875,13.614523477807763,13.177168059878014,13.486080169677734,283360000
2020-12-03,13.532886411852147,13.605095235391182,13.27542627040366,13.342156410217285,199520000
2020-12-04,13.394450674202265,13.505503297047852,13.334941202298934,13.50376033782959,202244000
2020-12-07,13.546585252766883,13.676062887003207,13.445742488055723,13.55206298828125,223244000
2020-12-08,13.53040088587082,13.544095699558415,13.22812050077017,13.296345710754395,271920000
2020-12-09,13.247042376503204,13.360085838709526,12.816529658441905,12.878778457641602,401300000
2020-12-10,12.817279927246037,13.016227078884357,12.797857568260008,12.920114517211914,207764000
2020-12-11,12.915134293753066,12.967672875794605,12.771464120306371,12.960949897766113,209264000
2020-12-14,13.035398774169177,13.334939820019592,13.024941019943634,13.255261421203613,270156000
2020-12-15,13.385733618093893,13.40988618458932,13.133751149437082,13.306802749633789,193016000
2020-12-16,13.368553568795045,13.383244766098352,13.159397537413051,13.189277648925781,223116000
2020-12-17,13.31302693964413,13.325726318719184,13.12553395287217,13.287630081176758,231384000
2020-12-18,13.325228761653179,13.351124288994596,13.017969301504321,13.218659400939941,342064000
2020-12-21,13.02220170883082,13.316265019825284,12.915382540524025,13.278666496276855,302332000
2020-12-22,13.265718661021117,13.283645967615037,13.001534523080034,13.224883079528809,185580000
2020-12-23,13.202719748334621,13.221643434857638,12.95272913932163,12.956961631774902,179144000
2020-12-24,12.984851528834119,13.079718838543478,12.886748109468082,12.941526412963867,97884000
2020-12-28,13.010001354735067,13.010001354735067,12.711954400513704,12.848154067993164,212564000
2020-12-29,12.873052511880598,13.01995972337383,12.790634778448547,12.891228675842285,170372000
2020-12-30,12.938041984526887,13.160643991606976,12.844918572910682,13.092917442321777,225396000
2020-12-31,13.083704508417757,13.098145898291843,12.863094326087117,13.002532005310059,192424000
2021-01-04,13.051582318788373,13.597629030369669,12.910401695595096,13.060794830322266,560640000
2021-01-05,13.047100420987022,13.389468856919152,13.03440199119971,13.350874900817871,322760000
2021-01-06,13.169358986371599,13.1917685974878,12.535417654961735,12.563802719116211,580424000
2021-01-07,12.915383021394952,13.323984877289753,12.834709185553201,13.290369987487793,461480000
2021-01-08,13.308795569096715,13.367059793296423,12.989583303848809,13.223389625549316,292528000
2021-01-11,13.364819001093393,13.904890294581081,13.30879545335435,13.566754341125488,518344000
2021-01-12,13.697229058684814,13.69922182626303,13.291367462132946,13.43055534362793,291476000
2021-01-13,13.435780480820373,13.570238113948005,13.331202954948628,13.477362632751465,210028000
2021-01-14,13.520440755047291,13.545091039577693,13.12752650374872,13.147196769714355,283120000
2021-01-15,13.174835229375097,13.271694358141557,12.79686103451609,12.807816505432129,277780000
2021-01-19,12.963934834618934,13.041372547513665,12.79237734581268,12.972899436950684,226188000
2021-01-20,13.059053812640212,13.376523143265741,13.00427550233514,13.312033653259277,258572000
2021-01-21,13.364570804688677,13.942987225711319,13.199736263087742,13.811766624450684,337780000
2021-01-22,13.684778315815404,13.786119751969078,13.572481408125672,13.657388687133789,246820000
2021-01-25,13.726359807474722,13.7729219839982,13.183301270177894,13.598376274108887,251112000
2021-01-26,13.525916915766077,13.589908674618952,13.333692780784402,13.381251335144043,163980000
2021-01-27,13.176827521248605,13.179566863996952,12.742331097480742,12.865833282470703,371272000
2021-01-28,12.94401620453668,13.286135761458496,12.908409501804401,12.99854564666748,228316000
2021-01-29,13.022449229079449,13.281155615738037,12.859606529711234,12.937541961669922,271552000
2021-02-01,13.000785278512256,13.217410813051977,12.850889888025998,13.183796882629395,217204000
2021-02-02,13.3448990521838,13.517451986494493,13.232103488617547,13.502264022827148,220440000
2021-02-03,13.581193328503652,13.875755253863847,13.46217441791399,13.476118087768555,245408000
2021-02-04,13.476617397100561,13.618544596229361,13.284144388776067,13.609332084655762,201340000
2021-02-05,13.66984014110473,13.682040855642152,13.49130982557148,13.536377906799316,169152000
2021-02-08,13.672078622183603,14.415578363671342,13.672078622183603,14.380719184875488,434624000
2021-02-09,14.283111941148748,14.524637598261522,14.165337313462569,14.205924034118652,287560000
2021-02-10,14.40512039530339,14.845094516583352,14.283859846653357,14.704910278320312,485352000
2021-02-11,14.920044844642259,15.21087111646074,14.865016726806148,15.189456939697266,450828000
2021-02-12,14.989514339884593,15.229794795729902,14.715618993153976,14.901121139526367,374756000
2021-02-16,15.003704102440429,15.31071561660101,14.889913111064672,15.268634796142578,321960000
2021-02-17,15.110026568801802,15.162316290720591,14.720598221294038,14.846092224121094,274756000
2021-02-18,14.669800236515742,14.813470372969363,14.516418923223352,14.76939868927002,233868000
2021-02-19,14.964115141640802,15.116002383057575,14.7870798988498,14.866509437561035,271724000
2021-02-22,14.71536943669712,15.07242908936118,14.267427053399269,14.298053741455078,325884000
2021-02-23,14.018678963854958,14.181522613543509,13.335685096571375,14.085161209106445,391780000
2021-02-24,14.06598916049394,14.448445641095974,13.700712460905951,14.440726280212402,448320000
2021-02-25,13.989048748231403,14.316975775495292,13.163132248759155,13.25401496887207,824436000
2021-02-26,13.69722734472465,13.798817635314652,13.307301288699822,13.659380912780762,500932000
2021-03-01,13.819234727310848,13.869033961341506,13.498778190317397,13.786118507385254,353184000
2021-03-02,13.844135500255799,13.864553293096154,13.342161365725818,13.352370262145996,264116000
2021-03-03,13.37228948153276,13.39743748342225,12.747310913046222,12.753287315368652,377592000
2021-03-04,12.749303604657026,12.922853894741422,12.035185217858675,12.320533752441406,573344000
2021-03-05,12.499559425069663,12.499559425069663,11.632308704404133,12.411415100097656,542840000
2021-03-08,12.399964886052512,12.421129257115858,11.520015458380275,11.546658515930176,543112000
2021-03-09,12.085666683941009,12.570378398131114,12.014927537191268,12.474233627319336,521824000
2021-03-10,12.793307713265953,12.932294680154964,12.411715915223251,12.422426223754883,384376000
2021-03-11,12.902405394482225,12.998302184299803,12.687697531280483,12.945745468139648,299916000
2021-03-12,12.601764317389547,12.841380871489648,12.543728924409528,12.808751106262207,243964000
2021-03-15,12.817466095791916,13.158209097696057,12.72032460470634,13.142765998840332,221988000
2021-03-16,13.307409797577044,13.462836579062207,13.068541055091844,13.242400169372559,272128000
2021-03-17,12.991823175608697,13.403803210626146,12.941757813661807,13.292215347290039,243864000
2021-03-18,13.088220142222372,13.135545224725465,12.670261569305001,12.675741195678711,293896000
2021-03-19,12.703139313327759,12.874009196386721,12.56614486370807,12.798537254333496,299208000
2021-03-22,12.8652925575449,13.34527153839692,12.859314092199842,13.137786865234375,297804000
2021-03-23,13.205536681234243,13.29545500368924,12.973393215824773,13.022711753845215,222048000
2021-03-24,13.102916077650947,13.110887048313957,12.590307315590085,12.59653377532959,245840000
2021-03-25,12.453560612717908,12.668019515314883,12.226896785999031,12.489178657531738,295144000
2021-03-26,12.508360221242423,12.809001433516976,12.32802566282414,12.79206371307373,363968000
2021-03-29,12.773132589205469,13.014492713127513,12.653324782729335,12.900662422180176,273520000
2021-03-30,12.794802331642357,12.927562839023832,12.658305758509186,12.824442863464355,200204000
2021-03-31,12.9676641139645,13.420991773399177,12.934785406687192,13.29919147491455,314776000
2021-04-01,13.522370295892967,13.81902554077951,13.46159365916124,13.760990142822266,308276000
2021-04-05,13.816533522907958,13.962494731258166,13.682527344785477,13.936092376708984,255672000
2021-04-06,13.948297705902563,14.002597032896157,13.722879532840807,13.810555458068848,191744000
2021-04-07,13.829733469793657,14.191150299741128,13.661105981821104,14.09151840209961,251284000
2021-04-08,14.200367553011299,14.418313585584368,14.196630537167836,14.264381408691406,244416000
2021-04-09,14.161759195266548,14.355046432497897,14.12290297240524,14.347075462341309,195172000
2021-04-12,14.237230908904042,15.296074841669363,14.087283745856782,15.153101921081543,869324000
2021-04-13,15.175519477903563,15.642297740883008,15.070158056314497,15.621872901916504,676212000
2021-04-14,15.56757342143402,15.66272242258447,15.171534315585967,15.220852851867676,385500000
2021-04-15,15.604934368238913,16.154656646631395,15.574048168931979,16.077939987182617,598480000
2021-04-16,15.993999997068041,16.10633661100152,15.806940170418816,15.85401725769043,335208000
2021-04-19,15.479397321409937,15.74940120021796,15.177012626643881,15.305289268493652,404420000
2021-04-20,15.266931737952133,15.440043072453125,14.908006256331758,15.115490913391113,334132000
2021-04-21,15.063184408428354,15.306039135930256,15.046745528966595,15.304046630859375,216776000
2021-04-22,15.318491630862203,15.381758649575245,14.729165313862191,14.795670509338379,277788000
2021-04-23,14.879361749601612,15.27863902524811,14.845487265337356,15.209145545959473,227500000
2021-04-26,15.129190614058306,15.422109741768356,15.069410715459696,15.421113014221191,197796000
2021-04-27,15.521246713685633,15.612908608923208,15.298069966592816,15.325220108032227,164572000
2021-04-28,15.308031874143953,15.47516571048191,15.15957931715517,15.220603942871094,209416000
2021-04-29,15.343398085253963,15.379763909461866,15.01610566738283,15.268424987792969,173196000
2021-04-30,15.118732593685866,15.308531794595902,14.941884202567945,14.954338073730469,201912000
2021-05-03,15.069411410988684,15.190713824195964,14.73315219758806,14.782220840454102,203912000
2021-05-04,14.583453950082967,14.583702894438511,13.958758495262643,14.298504829406738,405324000
2021-05-05,14.654941219688737,14.759057929745664,14.334622969104577,14.405362129211426,292024000
2021-05-06,14.441975539696038,14.517696430692741,14.165745174441199,14.469623565673828,193380000
2021-05-07,14.753825582724902,14.91572777547651,14.617826904664591,14.757810592651367,229328000
2021-05-10,14.732903760867538,14.75158504127591,14.197628684614322,14.2133207321167,268904000
2021-05-11,13.774187749389633,14.301990590214329,13.699463592554991,14.253668785095215,285584000
2021-05-12,13.958010377250185,14.20783933441675,13.658864784297744,13.70793342590332,303408000
2021-05-13,13.982174835499395,14.02900298986153,13.409537124248807,13.615029335021973,285404000
2021-05-14,13.838951467039104,14.275341444847527,13.697971040090284,14.190653800964355,258616000
2021-05-17,14.104969746666484,14.11717467222545,13.802585945986333,14.113438606262207,216980000
2021-05-18,14.214563077949034,14.351308574282077,13.952529225125941,13.96423625946045,186256000
2021-05-19,13.516638780467643,14.027753839066552,13.493474603613123,14.014054298400879,344000000
2021-05-20,14.249935764831699,14.629784989317054,14.218053780494753,14.558796882629395,321592000
2021-05-21,15.108018052622167,15.166054390870835,14.814849979402481,14.936650276184082,672992000
2021-05-24,15.156592851734118,15.687136151203736,15.120227014031316,15.554625511169434,554816000
2021-05-25,15.708055773561385,15.760362594796842,15.425597988720599,15.590240478515625,435408000
2021-05-26,15.676422124487875,15.735703186240535,15.528966303165006,15.642297744750977,370440000
2021-05-27,15.642048790934533,15.692114160752126,15.403180033259336,15.431077003479004,581476000
2021-05-28,15.44403099782794,16.21767694767889,15.44403099782794,16.184797286987305,644536000
2021-06-01,16.210200118763833,16.32801538481645,15.84479739278684,16.20471954345703,472804000
2021-06-02,16.19251743061265,16.85656787926671,16.17582865881313,16.716583251953125,594168000
2021-06-03,16.63937060204186,17.195569308836276,16.522053197728837,16.907381057739258,580008000
2021-06-04,17.04960902455998,17.596093290887584,17.032673204029777,17.513648986816406,617120000
2021-06-07,17.5066700158796,17.7470324200021,17.12956115972956,17.554243087768555,575756000
2021-06-08,17.46283462472556,17.55673796608518,17.18759905493115,17.39284324645996,323848000
2021-06-09,17.45537445495699,17.5144200997862,17.196270441472134,17.298416137695312,381656000
2021-06-10,17.29019648734641,17.43170722377166,17.116796462616325,17.36493682861328,287772000
2021-06-11,17.419250155413216,17.877416579612827,17.38362394384522,17.763809204101562,416308000
2021-06-14,17.8442835705418,17.977322584871985,17.601872086163993,17.95664405822754,321376000
2021-06-15,17.85324933990934,17.954150035131732,17.666893640244776,17.727184295654297,243032000
2021-06-16,17.729425885437355,17.892860137369315,17.523885687576584,17.748857498168945,307124000
2021-06-17,17.713228953536802,18.770072470549398,17.69504235018329,18.59293556213379,809656000
2021-06-18,18.71925067030263,19.30821305776164,18.51993932359038,18.574501037597656,968856000
2021-06-21,18.37170513870822,18.472607738221978,17.761317116263903,18.363733291625977,672384000
2021-06-22,18.407833844865117,18.89838762561246,18.32262782687247,18.821651458740234,580144000
2021-06-23,18.942231092149555,19.086731742850937,18.842575405432253,18.991559982299805,332356000
2021-06-24,19.161473823483938,19.35306044926967,19.022453105749324,19.139299392700195,320924000
2021-06-25,19.214042880819722,19.27881936597167,18.829373695027133,18.965402603149414,278364000
2021-06-28,19.294512263445398,20.009539746281707,19.25240821728546,19.916112899780273,495436000
2021-06-29,19.81396615542745,20.029470225090638,19.589243331185592,19.957719802856445,367632000
2021-06-30,19.930314776489794,20.093002037862693,19.795281878543864,19.93355369567871,326568000
2021-07-01,20.055630160644014,20.38548859722356,19.949994640023817,20.142330169677734,480136000
2021-07-02,20.36979576583469,20.43457225231236,20.21782125954532,20.416383743286133,342764000
2021-07-06,20.666020436292737,20.770160059245526,20.28010622792403,20.627155303955078,446708000
2021-07-07,20.781620788688226,20.803046315753402,20.261918703161886,20.301530838012695,418428000
2021-07-08,19.78805843161137,20.063604178875657,19.63284500333484,19.834148406982422,503300000
2021-07-09,19.893693109398352,20.01103741735003,19.686160857432892,19.98114013671875,296624000
2021-07-12,20.17023553460196,20.461975876319716,20.118165723734343,20.441797256469727,321984000
2021-07-13,20.330179245184596,20.390720799183015,20.044667777946696,20.180198669433594,290708000
2021-07-14,20.287576714298133,20.34736936190273,19.684662607285635,19.77310562133789,380100000
2021-07-15,19.743455720682167,19.778583918631284,18.79349086409363,18.900869369506836,550564000
2021-07-16,18.96490214619044,19.09096527868611,18.01070219908961,18.098398208618164,688224000
2021-07-19,17.853499010534822,18.976364277481892,17.803919215628007,18.71501922607422,749060000
2021-07-20,18.665437217414535,18.773064743639477,18.101388235116307,18.54784393310547,434687000
2021-07-21,18.81691214625468,19.459689233832748,18.67739534613808,19.34309196472168,371017000
2021-07-22,19.57429170526757,19.818446094421418,19.209552228936452,19.526456832885742,323826000
2021-07-23,19.588247101340414,19.63209605947266,19.183646421770963,19.490585327148438,195672000
2021-07-26,19.24443870206173,19.37498578095671,18.848805839371344,19.227497100830078,203943000
2021-07-27,19.198591207828677,19.554360946532352,18.676397315586588,19.141788482666016,248863000
2021-07-28,19.252406188851747,19.578278660578594,18.929523634403203,19.435771942138672,202191000
2021-07-29,19.45171630566952,19.784566529734352,19.26137470574474,19.59422492980957,190781000
2021-07-30,19.351065420539463,19.562334550057216,19.19660092206327,19.431787490844727,183497000
2021-08-02,19.63209411744404,19.892194121271995,19.294261963742557,19.681921005249023,217444000
2021-08-03,19.671954243501315,20.15229309655213,19.15374627337289,19.74669647216797,301811000
2021-08-04,19.9210953580706,20.247965779199756,19.759653109158858,20.204116821289062,231309000
2021-08-05,20.42933008223587,20.66152666061207,20.271873814916006,20.56585693359375,211435000
2021-08-06,20.453255584823058,20.499096555119213,20.140336838007727,20.295799255371094,178497000
2021-08-09,20.37552283364435,20.4373093965313,20.073567760929837,20.22504425048828,146443000
2021-08-10,20.251952033949838,20.359579568061065,19.76662927363891,19.86728286743164,179238000
2021-08-11,19.973915784698104,19.979895621126385,19.363029684884797,19.631101608276367,185925000
2021-08-12,19.801508432244812,19.959958849718042,19.552370188713052,19.836387634277344,151652000
2021-08-13,19.83639035283201,20.144325279245585,19.78257563330717,20.1184139251709,183063000
2021-08-16,20.065593064053427,20.217069532094754,19.385942869614865,19.8812313079834,210876000
2021-08-17,19.61714508254788,19.70185307512891,19.20058666248463,19.390928268432617,204585000
2021-08-18,19.43278053951517,19.566319396687003,18.93450411542504,18.974367141723633,285913000
2021-08-19,19.42680433496521,20.424355275719023,18.697327164065186,19.72975730895996,766555000
2021-08-20,19.92209227489408,20.79308023295475,19.864293533156978,20.74424934387207,675741000
2021-08-23,20.89871354691562,21.921175993171637,20.877786025238045,21.88231086730957,575807000
2021-08-24,21.67801530706898,21.883304579261942,21.460766366157202,21.717876434326172,297299000
2021-08-25,21.66207542103675,22.392548685209118,21.647127731975118,22.13643455505371,347701000
2021-08-26,22.123482634275426,22.262999479286844,21.714895958935315,21.9919376373291,237940000
2021-08-27,22.10753036152277,22.643675947875877,22.090588763919488,22.557971954345703,304722000
2021-08-30,22.751303423762153,22.963568544992565,22.47326582404602,22.609792709350586,262580000
2021-08-31,22.62075674664323,22.62075674664323,22.04763890496798,22.311771392822266,259850000
2021-09-01,22.41144855038439,22.622754957763057,22.28386700045794,22.367591857910156,201767000
2021-09-02,22.44433930541851,22.51909472765023,22.22206920355075,22.322738647460938,187834000
2021-09-03,22.25196732176619,22.9108042435258,22.12737624359529,22.768272399902344,280532000
2021-09-07,22.758305960984877,22.82409003815894,22.448322522567985,22.587865829467773,198107000
2021-09-08,22.43935888934045,22.536041717228212,21.905110981321915,22.265928268432617,254434000
2021-09-09,22.23901265299159,22.464273188352024,22.058604988452572,22.104454040527344,196856000
2021-09-10,22.2748946360381,22.55198511877038,22.197150672313043,22.404470443725586,248376000
2021-09-13,22.609793787016553,22.88887850668766,21.786495670040438,22.07953453063965,297500000
2021-09-14,22.202132041411108,22.336690647857136,22.013751133052175,22.169240951538086,199755000
2021-09-15,22.236026531461853,22.293837374254075,21.89414808527263,22.267921447753906,166538000
2021-09-16,22.11043394136282,22.204126304937887,21.855270869830687,22.169240951538086,156033000
2021-09-17,22.22704878803294,22.247979999045086,21.758586993159383,21.828357696533203,294503000
2021-09-20,21.07682877794372,21.36289062011508,20.594412745883098,21.04393768310547,349440000
2021-09-21,21.3469404733302,21.35491372577289,20.88146906785273,21.17650032043457,204688000
2021-09-22,21.296102923922355,21.888159587451916,21.126658982440958,21.86922264099121,268726000
2021-09-23,22.067572722802016,22.461281014018834,21.818390548782627,22.40845489501953,248555000
2021-09-24,21.997804384215325,22.076546431149566,21.789488429342764,22.00876808166504,217655000
2021-09-27,21.638975604712545,21.727685144027394,21.255236791316154,21.589139938354492,245215000
2021-09-28,21.14460514549343,21.34893447038271,20.58344521216512,20.631288528442383,343069000
2021-09-29,20.871502966534447,20.94825075454832,20.400048738103138,20.449886322021484,218394000
2021-09-30,20.700065269029956,20.99709081329455,20.62032703375371,20.648235321044922,221009000
2021-10-01,20.682125627897644,20.790768337768267,20.136914012363036,20.674152374267578,240978000
2021-10-04,20.436927789431792,20.474803591708355,19.491032716054217,19.66745376586914,345635000
2021-10-05,19.884741262731815,20.580457952473463,19.789054624206987,20.38410186767578,279282000
2021-10-06,20.054181613694748,20.65221729292301,20.01431155448803,20.63228416442871,297202000
2021-10-07,21.023000423462637,21.25224946522736,20.903394046211478,21.006057739257812,256919000
2021-10-08,21.03197467494621,21.136630744836808,20.707040866525467,20.76285743713379,151258000
2021-10-11,20.507697674953654,20.994100339135553,20.44390594615488,20.627304077148438,163388000
2021-10-12,20.759868133383815,20.988119137089015,20.460850231226793,20.603382110595703,162134000
2021-10-13,20.84956935399439,20.921334319318166,20.645240054992183,20.870500564575195,180652000
2021-10-14,21.2183637297649,21.683835156792203,21.052906376708478,21.67486572265625,243589000
2021-10-15,21.73865733965983,21.859261828651796,21.591142644931946,21.79048728942871,226994000
2021-10-18,21.677853093300257,22.218079867426876,21.573195134718436,22.14930534362793,189494000
2021-10-19,22.203126935634774,22.30579062746577,21.964910365115337,22.217082977294922,161473000
2021-10-20,22.232033823134188,22.359615354512936,21.910090500609137,22.03069496154785,146276000
2021-10-21,22.024720007697436,22.636711910105085,22.01076586305689,22.617773056030273,187590000
2021-10-22,22.748339913629675,23.054334844956028,22.48719785150225,22.651657104492188,249384000
2021-10-25,22.897846267570205,23.278596571757692,22.695511238886706,23.0902156829834,230235000
2021-10-26,23.9105291901344,25.176375311741033,23.845741281251218,24.636146545410156,485898000
2021-10-27,24.393941025402942,25.007925176618038,24.202567761764556,24.371015548706055,245990000
2021-10-28,24.79661760339399,24.868382573846535,24.442779360511576,24.859411239624023,234204000
2021-10-29,24.91921376694326,25.62489787147844,24.91821758575926,25.483362197875977,292503000
2021-11-01,25.565096437115333,25.809293921603484,25.144476013269458,25.74251365661621,265740000
2021-11-02,25.73753168250349,26.590730535065173,25.715602386475727,26.31463623046875,294112000
2021-11-03,26.582755112755702,26.69638250653968,26.149178650654214,26.510990142822266,239910000
2021-11-04,27.139928992611882,31.26239905171974,27.02929203332066,29.703516006469727,1153631000
2021-11-05,30.088247132824183,31.29727829518898,29.313788569052395,29.65467071533203,851260000
2021-11-08,30.05037382681619,30.998263036065406,29.809164902811037,30.703231811523438,503101000
2021-11-09,32.17640325299263,32.20431154001224,29.865984914100363,30.556716918945312,646746000
2021-11-10,29.259970949508748,30.74908322904024,28.68386069593988,29.362632751464844,636206000
2021-11-11,30.368330421751022,30.489931064518142,29.679590905724567,30.290584564208984,332172000
2021-11-12,29.911828494952534,30.57963679954635,29.53307052458696,30.290584564208984,413054000
2021-11-15,30.45205912496515,30.543757233968925,29.151327703396426,29.926782608032227,384909000
2021-11-16,29.661650656013027,30.290585092245067,29.608822634811435,30.104196548461914,264484000
2021-11-17,30.31849809734663,30.409201930373957,28.705790752092632,29.165283203125,428508000
2021-11-18,32.26112015873358,32.65283230814321,31.21854045241291,31.571382522583008,781711000
2021-11-19,32.13752850967371,32.97976560905506,31.800634810586825,32.87710189819336,533867000
2021-11-22,33.40735581710539,34.533660369454104,31.795646751201797,31.851463317871094,754335000
2021-11-23,31.431842568314533,32.25414458908274,30.778984519657556,31.642152786254883,532163000
2021-11-24,31.358084433513884,32.74752344863697,30.82682705345173,32.567115783691406,435162000
2021-11-26,32.49335785082512,32.602998628839266,31.247448733080454,31.399948120117188,283069000
2021-11-29,32.26012091262168,33.30269671767384,31.93119862998533,33.266815185546875,454964000
2021-11-30,33.060498227989086,33.24389825426,31.75976866465923,32.56911087036133,622066000
2021-12-01,33.114388375070114,33.184167626613956,31.281177159177126,31.33600425720215,484368000
2021-12-02,31.11569572363088,32.37571483720508,30.92728987787385,32.02482223510742,472890000
2021-12-03,31.899225278294047,32.027820642535175,30.03511346450326,30.596342086791992,544325000
2021-12-06,29.78589864714848,30.145761817550646,27.949700565814876,29.942405700683594,658938000
2021-12-07,30.859510618013076,32.346812573827144,30.55447261848209,32.32487869262695,593053000
2021-12-08,31.898228375722542,32.18831231520401,31.32204761084049,31.725772857666016,475551000
2021-12-09,31.634061878266106,32.103581165831095,30.33217500414839,30.393980026245117,488507000
2021-12-10,31.051903118678588,31.206415682530494,29.766962833942674,30.102901458740234,488825000
2021-12-13,30.1537389247884,30.19859728465225,28.027454948851968,28.07231330871582,598344000
2021-12-14,27.611765752164207,28.58768263653052,27.164180400436194,28.247756958007812,667035000
2021-12-15,28.310561418103585,30.40394841022342,27.750331012948195,30.36307716369629,698297000
2021-12-16,31.053897441434426,31.061871670056004,28.004530741243016,28.297603607177734,707366000
2021-12-17,27.896870039197612,28.830919505652275,27.67257823059536,27.713449478149414,713758000
2021-12-20,27.219016098484527,28.05537286246123,27.05952009504959,27.631711959838867,461847000
2021-12-21,28.284643989318436,29.028294944690636,27.314706725168943,28.983436584472656,524385000
2021-12-22,28.80001904458484,29.461927576880676,28.359409624344213,29.307415008544922,395184000
2021-12-23,29.661291348376615,29.9643348089571,29.338312319080405,29.546653747558594,343022000
2021-12-27,29.566594412321887,30.98910054168439,29.546656940110104,30.84754753112793,403686000
2021-12-28,31.21338914387757,31.231332106487933,29.917482103381964,30.22650718688965,420591000
2021-12-29,30.177663603854032,30.451797181054715,29.273518478931255,29.906518936157227,343139000
2021-12-30,29.733064791719407,30.361081782631796,29.446969894859603,29.49282455444336,308864000
2021-12-31,29.58055454684799,29.9354343785165,29.238634264128304,29.318382263183594,266530000
2022-01-03,29.72110414229306,30.614282277910625,29.691197936820654,30.026140213012695,391547000
2022-01-04,30.18164689692147,30.372045351703306,28.259719387641788,29.197755813598633,527154000
2022-01-05,28.857832469761814,29.323362739600288,27.446293309746405,27.51706886291504,498064000
2022-01-06,27.55295615903355,28.348443450993756,26.979768076203065,28.089262008666992,454186000
2022-01-07,28.05238341839338,28.332498673129898,26.971795448875977,27.161197662353516,409939000
2022-01-10,26.497290128969677,27.382494114013422,25.5632406683439,27.313711166381836,594681000
2022-01-11,27.23695493896439,27.97661882621992,26.754479886883722,27.729398727416992,404089000
2022-01-12,27.978614296455778,28.504951462178063,27.521060087800688,27.910829544067383,383413000
2022-01-13,28.289627869102336,28.390309630110426,26.41455104320911,26.491310119628906,540171000
2022-01-14,26.217172683523167,27.1113490250758,26.127455968299266,26.85715103149414,395832000
2022-01-18,26.177300546732358,26.554110383396345,25.688843914417376,25.82142448425293,424270000
2022-01-19,25.996866166930484,26.459403624075698,24.973100218227202,24.988052368164062,488315000
2022-01-20,25.22431503185262,25.498448638286458,24.00217414256686,24.07394790649414,435181000
2022-01-21,23.432970816782724,24.74482640351697,23.189739748176777,23.300390243530273,718958000
2022-01-24,22.259678694181396,23.30637129274654,20.82222037714528,23.298397064208984,913982000
2022-01-25,22.474995512389242,22.870746504571382,21.9307154992586,22.253694534301758,664616000
2022-01-26,23.16681347265323,23.98124005243623,22.22977314342867,22.700286865234375,755959000
2022-01-27,23.493779360509365,23.91943467808651,21.606739331750255,21.874893188476562,573353000
2022-01-28,21.94267865750041,22.78601509261585,21.22893388945279,22.7680721282959,543774000
2022-01-31,23.108991809594748,24.43181423649078,22.979402057018028,24.408885955810547,564680000
2022-02-01,25.024941605227585,25.065812851502276,23.81476408120491,24.560409545898438,518925000
2022-02-02,25.71276773896164,25.73569411876658,24.475674886992383,25.162506103515625,543419000
2022-02-03,24.380977535591192,24.998027675942943,23.70511318165473,23.872583389282227,410178000
2022-02-04,23.89650713053911,24.55741930721573,23.557577711661764,24.242414474487305,354829000
2022-02-07,24.29524762592509,25.10269624776117,24.125782912567686,24.650127410888672,376868000
2022-02-08,24.28228698772841,25.150544291203026,23.904480837599923,25.028928756713867,410359000
2022-02-09,25.54130782575454,26.6408347629827,25.273155890673355,26.62089729309082,524282000
2022-02-10,25.913134866611202,26.84020442347212,25.519378382520046,25.742671966552734,513200000
2022-02-11,25.83438755548586,26.06964442204501,23.698136487325115,23.873580932617188,605472000
2022-02-14,23.85862696314563,24.79666354683214,23.680189818886806,24.19057846069336,440424000
2022-02-15,24.87043463514577,26.46140947670855,24.705955211294995,26.41156768798828,699869000
2022-02-16,26.176305909012655,26.498288671486034,25.47153166394175,26.42751121520996,732676000
2022-02-17,25.549281592655927,25.703794129520272,24.088897124221745,24.429819107055664,810595000
2022-02-18,24.590316828988254,24.907316200447443,23.02725575627355,23.567548751831055,761255000
2022-02-22,22.9624597952012,23.988218678165815,22.92757016662024,23.316341400146484,633422000
2022-02-23,23.727046641189006,24.07893566959685,22.23077389493765,22.31650161743164,566511000
2022-02-24,20.94881900592277,23.72504833875335,20.82421265561137,23.6732120513916,735801000
2022-02-25,23.6462953618656,24.140731680792335,23.307365982681755,24.080921173095703,528866000
2022-02-28,23.916442673962294,24.58732353254716,23.63234037536328,24.308204650878906,477319000
2022-03-01,24.214504305072836,24.300233919081215,23.059153777179308,23.403066635131836,412056000
2022-03-02,23.685222229370265,24.336276568768735,23.345238595457605,24.147838592529297,389642000
2022-03-03,24.189714450005976,24.253524852561736,23.39907779476586,23.643348693847656,365095000
2022-03-04,23.31433339065873,23.609451053409828,22.4150202714538,22.86766815185547,431415000
2022-03-07,22.749018838877227,22.964376798114145,21.2664496692882,21.28838348388672,450821000
2022-03-08,21.24551242955818,22.306341548855194,20.588475444727642,21.449901580810547,557467000
2022-03-09,22.320301778530236,23.150820212926504,22.1807194875951,22.9454345703125,492742000
2022-03-10,22.46387362746883,22.72010791806969,21.816807022974896,22.590496063232422,428066000
2022-03-11,22.953412795419776,23.07604745226114,21.980320637514282,22.034160614013672,367209000
2022-03-14,21.80384262804617,22.195671367540292,21.095958926406958,21.266448974609375,385354000
2022-03-15,21.45388943534592,22.96936124008591,21.258474245006287,22.90455436706543,491996000
2022-03-16,23.42998833057086,24.523720247964146,23.10296639709602,24.42302131652832,671422000
2022-03-17,24.04813783867153,24.767984935801795,23.83477472930563,24.69221305847168,471941000
2022-03-18,24.725114127062692,26.489841079768297,24.550636279337244,26.37418556213379,730719000
2022-03-21,26.428031082315883,27.07110997338283,25.88963892188784,26.654354095458984,591727000
2022-03-22,26.647371123248757,27.156850275284068,25.994323791878227,26.444976806640625,547007000
2022-03-23,26.04816536560368,26.532717544418258,25.498808202763563,25.557632446289062,502120000
2022-03-24,26.08804332010231,28.23562518243766,25.829814189665502,28.066131591796875,877379000
2022-03-25,27.80292125310054,28.27351518468518,27.189753699361987,27.609498977661133,579016000
2022-03-28,27.67330217918579,28.165829800749353,27.12493975003017,28.13492202758789,425494000
2022-03-29,28.60950867127436,28.85976031919867,27.896638718914144,28.57062530517578,488984000
2022-03-30,28.219676873805547,28.411104299754804,27.421062639533556,27.607505798339844,463487000
2022-03-31,27.69922874957192,28.163840001448694,27.188755016987574,27.2047061920166,523440000
2022-04-01,27.293440575757664,27.414080364707395,26.188741881916698,26.632415771484375,517235000
2022-04-04,26.648369216228314,27.475896299662303,26.533712066907064,27.278486251831055,397120000
2022-04-05,27.17280089255996,27.237607768198263,25.743073244909805,25.853742599487305,436615000
2022-04-06,24.859716112456148,25.22462494159722,23.93149001085727,24.334285736083984,703833000
2022-04-07,24.368179386256767,24.64834229932388,23.40804924530621,24.135873794555664,557992000
2022-04-08,23.84574022331702,23.851722863847915,22.993288112629596,23.05011749267578,524781000
2022-04-11,22.147815823189774,22.253499000395795,21.595465570939584,21.851699829101562,575207000
2022-04-12,22.46985714800616,22.657296773923992,21.218595050115738,21.43993377685547,662258000
2022-04-13,21.663267032253867,22.432966395854017,21.39107965829104,22.136850357055664,516943000
2022-04-14,22.437946450799743,22.70913730080681,21.09994582726885,21.19466209411621,569097000
2022-04-18,21.13683828693259,22.02219119866503,21.016198500677564,21.718101501464844,525701000
2022-04-19,21.655288033662476,22.306342402426626,21.250497509099134,22.131864547729492,512781000
2022-04-20,22.44991555152109,22.602459598625735,21.136839837783892,21.417999267578125,468974000
2022-04-21,21.64431805927398,22.32528363593372,19.940410359200147,20.122865676879883,656209000
2022-04-22,20.242508087919838,20.424963414737594,19.44190107394043,19.45685577392578,624713000
2022-04-25,19.14478957941765,19.8855759292998,19.039106397949094,19.84270477294922,641566000
2022-04-26,19.659254708106264,19.72904585331805,18.614376672651343,18.732025146484375,653143000
2022-04-27,18.542589470786602,19.10989445940128,18.235508451875706,18.360136032104492,499460000
2022-04-28,18.910490135420694,19.977303851455268,18.43491199008361,19.72306251525879,570327000
2022-04-29,19.344197292068042,20.06803419949643,18.461833687592772,18.491744995117188,500435000
2022-05-02,18.48575893149055,19.515680231778166,18.33620622488366,19.474803924560547,572049000
2022-05-03,19.342202225014407,19.76593718597662,19.075997486229383,19.54360008239746,475751000
2022-05-04,19.86364548989257,20.339223690643312,18.695136244226077,20.273420333862305,648855000
2022-05-05,19.807811910008564,19.865637775003147,18.44488396034569,18.787858963012695,626331000
2022-05-06,18.680180965141894,19.453868144607874,17.936403191321382,18.619361877441406,633297000
2022-05-09,17.980269856071814,18.200610175903677,16.776865264300895,16.899499893188477,644455000
2022-05-10,17.636297548198513,18.143781837571737,16.974276274336525,17.542577743530273,761474000
2022-05-11,17.29531869321598,17.70010924577166,16.518640215360524,16.580453872680664,670167000
2022-05-12,16.170677698614824,16.73798268883239,15.520620763164581,16.126808166503906,708728000
2022-05-13,16.73798356385744,17.874586549641382,16.543564832253985,17.653247833251953,670437000
2022-05-16,17.4568392335923,17.735007387650917,17.055039943655906,17.212568283081055,521446000
2022-05-17,18.020149031920944,18.31626502100498,17.58146135414091,18.12284278869629,585830000
2022-05-18,17.65225609455197,18.06402585924725,16.81376185923218,16.887540817260742,545161000
2022-05-19,16.88654341885772,17.634309101018864,16.684147154926208,17.072986602783203,621310000
2022-05-20,17.280361950120188,17.358128675360334,15.708059831340721,16.644262313842773,739105000
2022-05-23,16.225511121055842,16.864601980883076,16.130794862027443,16.847652435302734,639889000
2022-05-24,16.460809506552845,16.547550187898246,15.732984010714674,16.10586929321289,588550000
2022-05-25,15.97227052482503,17.060019607721216,15.952329656354774,16.92442512512207,781132000
2022-05-26,15.988218897337006,18.03809265565369,15.974260672186306,17.79781150817871,996575000
2022-05-27,18.13181926193302,18.82474834379244,18.046075040592772,18.75495719909668,738379000
2022-05-31,18.923452187686582,19.142797955948794,18.29532999144944,18.616371154785156,664100000
2022-06-01,18.668216603337324,18.9962349851399,18.068008952451528,18.265419006347656,544514000
2022-06-02,18.237500543404728,19.560546538437922,18.14378074438324,19.533626556396484,648656000
2022-06-03,19.025151378896318,19.274406575530012,18.46681836923716,18.664228439331055,598779000
2022-06-06,19.081977060607624,19.27938709229923,18.508689459205605,18.73002815246582,422406000
2022-06-07,18.41696951836632,18.94339641276168,18.133815197492115,18.869617462158203,388914000
2022-06-08,18.74694977798298,19.126895395966503,18.483680792749468,18.59636878967285,363252000
2022-06-09,18.42983921014057,18.880587585792014,17.991056747068452,17.998037338256836,395574000
2022-06-10,17.551274019304014,17.648005592341615,16.822296926639886,16.9270076751709,465248000
2022-06-13,15.955701045689514,16.266837489978222,15.562791854181512,15.603678703308105,604153000
2022-06-14,15.68744737975274,16.021519942748558,15.369330314017972,15.792157173156738,469680000
2022-06-15,16.050441789659057,16.82130252550863,15.88190997775459,16.481246948242188,563936000
2022-06-16,15.816089727372347,15.897863432906357,15.358360878066698,15.557806968688965,545749000
2022-06-17,15.604677679322638,15.950717118320277,15.285563915858456,15.83603572845459,630334000
2022-06-21,16.42939200862002,16.960915525718583,16.361579464356936,16.520139694213867,483089000
2022-06-22,16.18107512298737,16.615868797299967,16.135202954286214,16.31470489501953,437135000
2022-06-23,16.47326129370827,16.53907853768647,15.809105900398132,16.180076599121094,463680000
2022-06-24,16.454318352824092,17.09254584996885,16.26484385133375,17.078584671020508,472153000
2022-06-27,17.264068491152564,17.28201830452183,16.579966999575007,16.822294235229492,427968000
2022-06-28,16.853208409572957,17.154372304605772,15.900852604328026,15.937750816345215,461149000
2022-06-29,15.770219221628231,15.776202177014092,15.128002076209375,15.498971939086914,482352000
2022-06-30,15.31847053785556,15.52390051921732,14.820852506876262,15.117030143737793,686070000
2022-07-01,14.857751323588166,15.021296837715987,14.352155016267275,14.482791900634766,577610000
2022-07-05,14.13575420188145,14.929549863734284,14.016086557176527,14.922569274902344,651397000
2022-07-06,14.968445164272264,15.276589715480245,14.748056331462374,15.088112831115723,529066000
2022-07-07,15.413206206908471,15.900851646539978,15.346391326524913,15.814092636108398,492903000
2022-07-08,15.387280900081658,15.99260071355022,15.3463940472355,15.794151306152344,467972000
2022-07-11,15.483016286395417,15.484013921133512,14.996367398257068,15.110052108764648,437321000
2022-07-12,15.225729017833062,15.388277846313347,14.835811736826283,15.040244102478027,458483000
2022-07-13,14.549607579077355,15.332434145906136,14.424953642931776,15.122017860412598,521918000
2022-07-14,15.0661739121478,15.430163196087623,14.687225812732079,15.329442977905273,456235000
2022-07-15,15.615647329390558,15.738305988579,15.40223910380052,15.718361854553223,385935000
2022-07-18,16.25686691896844,16.850218938777058,15.957698248928537,16.05642318725586,670517000
2022-07-19,16.440358091474902,17.062631077163257,16.127228231279975,16.944957733154297,702366000
2022-07-20,16.900082197018165,17.88335248572077,16.754486493931914,17.757699966430664,760538000
2022-07-21,17.835484504614854,18.093766321144624,17.496425663382336,18.00002670288086,557049000
2022-07-22,17.843459684574043,17.91725420891557,17.089552288201755,17.27104949951172,536671000
2022-07-25,16.971884267154362,17.076595034209255,16.602909628039537,16.976871490478516,480748000
2022-07-26,16.842243731454445,16.87216136295546,16.432382260852247,16.48723030090332,397865000
2022-07-27,16.984848381766234,17.8863469903353,16.86617833746132,17.740751266479492,569776000
2022-07-28,17.925235866496404,18.089778068252926,17.39171718778261,17.9342098236084,474646000
2022-07-29,17.763683382729887,18.193489890290078,17.64301808926749,18.112714767456055,435460000
2022-08-01,18.131662250640616,18.793825424102035,17.94019436661478,18.38994598388672,476469000
2022-08-02,18.071825862895118,18.885566611126666,18.041908238318054,18.474706649780273,489527000
2022-08-03,18.1336539858444,18.915483721167206,18.086783232155426,18.84069061279297,418146000
2022-08-04,18.796814489472666,19.22063704890321,18.708060200093033,19.161800384521484,409652000
2022-08-05,18.75792279078178,19.17576338661587,18.614322361680482,18.93642807006836,386068000
2022-08-08,17.453543487866224,18.188502488777342,17.19426311465401,17.743736267089844,981859000
2022-08-09,17.204237068091455,17.398696888442636,16.67769900606931,17.0386962890625,668263000
2022-08-10,17.64900050219798,18.06783774802281,17.269054837998027,18.04689598083496,597422000
2022-08-11,18.080804181955322,18.65520971795895,17.82650909360647,17.89232635498047,509327000
2022-08-12,18.109720093847795,18.6661757172825,17.90329248620022,18.65719985961914,478094000
2022-08-15,18.649226086629287,19.110943606719005,18.56147037086015,18.97930908203125,457666000
2022-08-16,18.867621402461417,19.089006932991676,18.449780750266285,18.82673454284668,451240000
2022-08-17,18.47171611346851,18.636258289146177,18.094762422807918,18.28423500061035,446799000
2022-08-18,18.250332132443727,18.812769810722802,18.13265879882492,18.721025466918945,415447000
2022-08-19,18.35503657639965,18.468721246381484,17.720797888259778,17.799579620361328,441588000
2022-08-22,17.441574209966397,17.509386725743322,16.919024871308032,16.98683738708496,409593000
2022-08-23,16.94196640912856,17.4166484395593,16.923018006184385,17.133434295654297,369986000
2022-08-24,16.96489685836931,17.357806968229475,16.848222128016733,17.17431640625,522661000
2022-08-25,16.797366467637275,17.897313400062618,16.78639724119501,17.863407135009766,770691000
2022-08-26,17.807563767738106,17.874377717185446,16.192047853448514,16.214984893798828,769127000
2022-08-29,15.97564911347893,16.292767620206746,15.723349284871533,15.757254600524902,496132000
2022-08-30,15.915814125564097,15.994594931513266,15.139968172102677,15.425176620483398,530181000
2022-08-31,15.341409823464284,15.496978080522329,14.91758622911399,15.052212715148926,573710000
2022-09-01,14.169659947404499,14.340186988303111,13.233260527452883,13.89841365814209,1178865000
2022-09-02,14.060964535551635,14.13176711995098,13.553372925822355,13.60921859741211,743157000
2022-09-06,13.692985344440922,13.740852790055504,13.314037269416279,13.427721977233887,535751000
2022-09-07,13.529467069211695,13.803787740228488,13.313003564331206,13.680093765258789,512657000
2022-09-08,13.425725497360691,13.973368965250524,13.335948799799713,13.955412864685059,624873000
2022-09-09,14.121999969055892,14.438216654464224,14.091077423081934,14.351431846618652,486612000
2022-09-12,14.333476599142045,14.511036035425132,14.162898875313989,14.46914005279541,484159000
2022-09-13,13.767879095556324,13.887582320478687,13.06661696561573,13.09853744506836,714956000
2022-09-14,13.22123276604588,13.25714401689083,12.881076192438005,13.095544815063477,588507000
2022-09-15,12.982822462776163,13.200282946033923,12.75837836522552,12.897034645080566,523625000
2022-09-16,12.710498889536233,13.179337223190453,12.585807914194328,13.165371894836426,670751000
2022-09-19,12.979832762404735,13.429718046056754,12.977837851259611,13.348917961120605,569685000
2022-09-20,13.182329079094677,13.44966616014184,13.024719705664902,13.143424987792969,524818000
2022-09-21,13.18033355166007,13.996311035255735,13.077587561187178,13.228214263916016,807679000
2022-09-22,13.03768878499316,13.116493957539719,12.397276654319372,12.529947280883789,759162000
2022-09-23,12.389293550179527,12.579821317047688,12.226696435880543,12.485055923461914,663309000
2022-09-26,12.460119453590893,12.627704338358164,12.183803837251507,12.197769165039062,547343000
2022-09-27,12.47607929062904,12.70451323216134,12.227695289178223,12.382311820983887,553854000
2022-09-28,12.37932021781137,12.791299318139588,12.323458902869692,12.704514503479004,542414000
2022-09-29,12.417226765945308,12.469098260371657,11.916467924408922,12.189790725708008,532763000
2022-09-30,12.057118225117197,12.601768874936441,12.045147807986924,12.108989715576172,565638000
2022-10-03,12.316476553047927,12.646658600455845,12.075074233627726,12.48106861114502,547478000
2022-10-04,12.847158079623396,13.187315557606139,12.847158079623396,13.134446144104004,584182000
2022-10-05,12.87908032737509,13.2880665303076,12.58979733374113,13.176342964172363,507131000
2022-10-06,13.187318514603342,13.622240530173615,13.07060717712235,13.097540855407715,644157000
2022-10-07,12.474083761565735,12.638675790831929,11.992278089651654,12.046144485473633,672478000
2022-10-10,12.007240867482555,12.094025672565365,11.379796220873162,11.641148567199707,698699000
2022-10-11,11.532418070127365,11.81671332375179,11.255105480239216,11.557356834411621,667482000
2022-10-12,11.550373264718909,11.705986765590792,11.31695158643632,11.47156810760498,492590000
2022-10-13,10.943877897680135,12.048141591530223,10.786268503018803,11.93043327331543,850103000
2022-10-14,12.027193495602644,12.081059900782172,11.176302548165202,11.19924545288086,713432000
2022-10-17,11.489523129293081,11.918460323463654,11.488526149600807,11.85860824584961,580774000
2022-10-18,12.313482956867912,12.461116834509994,11.589277945577948,11.93741512298584,659362000
2022-10-19,11.849630266886663,12.319466443972402,11.804741448040044,12.021204948425293,523131000
2022-10-20,12.083052622860917,12.737430913529549,12.07507202855851,12.16385269165039,652398000
2022-10-21,12.068092268875745,12.467104004984547,11.857614389075882,12.435182571411133,609494000
2022-10-24,12.477077391333092,12.678577660700563,12.034174829585528,12.567852020263672,517457000
2022-10-25,12.662616631719668,13.267118353397784,12.632690116328606,13.228214263916016,505482000
2022-10-26,12.837185850244591,13.354901886783574,12.676583621317251,12.864118576049805,532953000
2022-10-27,13.59630304820485,13.803788998303101,13.089558589412318,13.143424987792969,583113000
2022-10-28,13.071604141512527,13.815760155792058,13.028710226197942,13.799798965454102,521040000
2022-10-31,13.743935114438475,13.80378718885836,13.264124393389686,13.463629722595215,486341000
2022-11-01,13.776855711937651,13.89057419579045,13.485577789770767,13.50951862335205,432817000
2022-11-02,13.815759886644688,14.174869538553562,13.17833970749939,13.186319351196289,672628000
2022-11-03,13.01075449802835,13.74692988442399,12.92396969143258,13.387819290161133,500065000
2022-11-04,13.951424297335134,14.193823590572745,13.66313824443395,14.121004104614258,612576000
2022-11-07,14.192823644192917,14.3763687541529,13.919501841346959,14.265643119812012,410061000
2022-11-08,14.764408236163073,14.854185888099915,14.18085444989022,14.565900802612305,595292000
2022-11-09,14.126986819932588,14.175866414863753,13.724983283457384,13.741941452026367,454414000
2022-11-10,14.76341034070044,15.734004379130576,14.51103557058689,15.711061477661133,700819000
2022-11-11,15.767920535169456,16.348481436653724,15.443724222491777,16.28663444519043,655487000
2022-11-14,16.177901866300843,16.499106232735553,15.882633238435714,16.254711151123047,527852000
2022-11-15,16.68065530390621,16.9559719708209,16.341495795044064,16.624794006347656,545876000
2022-11-16,16.122042368496476,16.321546754871036,15.833756370696808,15.870664596557617,649547000
2022-11-17,15.676150794914285,16.225789250714072,15.496595471995533,15.63824462890625,710894000
2022-11-18,15.926527067026893,15.962439267152297,15.082618903576678,15.370904922485352,492072000
2022-11-21,15.109553993521583,15.438738093483565,15.042719242364662,15.279133796691895,404739000
2022-11-22,15.2901026692939,16.018298290451778,15.084611662515696,15.998347282409668,472866000
2022-11-23,16.05820212549382,16.486142404800624,16.008326496462395,16.478160858154297,427241000
2022-11-25,16.277658047637875,16.44623895293213,16.13201909254946,16.22977638244629,167934000
2022-11-28,15.986378789361892,16.316561753105944,15.686124245692138,15.787871360778809,303741000
2022-11-29,15.787871978822768,15.89261289133373,15.481631739149844,15.600337028503418,298384000
2022-11-30,15.662199992090873,16.89246723894382,15.562422258629718,16.885482788085938,565298000
2022-12-01,16.961313400800822,17.22672251600334,16.59812007687738,17.09701156616211,470977000
2022-12-02,16.622066938764753,16.895459640770735,16.408540682249722,16.838584899902344,371389000
2022-12-05,16.64202269753776,16.95732209492753,16.435480895818028,16.57317543029785,352255000
2022-12-06,16.493353544908274,16.53625748277145,15.783929395985323,15.951557159423828,352694000
2022-12-07,15.737031971375904,16.150114595724432,15.632264273659429,16.084260940551758,372388000
2022-12-08,16.23692768264248,17.140919451951596,15.923622658472098,17.13094139099121,515456000
2022-12-09,17.121956228129644,17.544018774553155,16.93736690492108,16.963308334350586,465338000
2022-12-12,16.99922915428006,17.499117875319435,16.75976146929497,17.496124267578125,457328000
2022-12-13,18.48991676619764,18.7483433376604,17.671735017061216,18.03193473815918,656589000
2022-12-14,17.947122938893273,18.21153673692968,17.38138052214265,17.634817123413086,496888000
2022-12-15,17.107987414571323,17.281601445328924,16.662977044280925,16.914417266845703,478542000
2022-12-16,16.826609420854215,17.003217021729515,16.37361555870543,16.534257888793945,478232000
2022-12-19,16.53525994983705,16.57217667143344,16.109206574205285,16.21796417236328,354039000
2022-12-20,16.02838403707244,16.27383892516191,15.816855115740298,16.04933738708496,403260000
2022-12-21,16.07827163091564,16.590134671337612,16.066297202560737,16.464412689208984,325025000
2022-12-22,16.05832193171064,16.102225014678012,14.849008856521543,15.3049955368042,565045000
2022-12-23,15.1623079769604,15.304990571413496,14.85000222535727,15.172286033630371,349326000
2022-12-27,15.04058027199165,15.066522651056324,14.024836646016347,14.089693069458008,464902000
2022-12-28,13.896125203332481,14.230382578065761,13.853220309505318,14.004883766174316,351066000
2022-12-29,14.370070713593025,14.650446912717559,14.195458504097823,14.570624351501465,354923000
2022-12-30,14.302220281186143,14.59656632429452,14.20144437182903,14.581600189208984,310490000
2023-01-03,14.818074155568226,14.962753137456133,14.064747927725566,14.283262252807617,401277000
2023-01-04,14.534704309371103,14.820069526606867,14.209426861493185,14.716300010681152,431324000
2023-01-05,14.458872413551465,14.531710520758232,14.11663246222546,14.233373641967773,389168000
2023-01-06,14.44191076025438,14.976722686175162,14.00288666985135,14.826057434082031,405044000
2023-01-09,15.250114184790577,16.020401941381497,15.1074306292161,15.593351364135742,504231000
2023-01-10,15.472619594978903,15.926610744079499,15.437697345288079,15.87372875213623,384101000
2023-01-11,15.804883260537807,15.992466195096986,15.528496936448766,15.96552562713623,353285000
2023-01-12,16.064305755567425,16.60011394726638,15.457652972865747,16.474393844604492,551409000
2023-01-13,16.241914296385605,16.88448766180026,16.129165833633266,16.86153793334961,447287000
2023-01-17,16.861536645437063,17.688699300985697,16.861536645437063,17.662755966186523,511102000
2023-01-18,17.627834203643413,17.8333769022018,17.24368747395342,17.338478088378906,439624000
2023-01-19,16.998231918602517,17.158876197897794,16.693909676604797,16.727832794189453,452932000
2023-01-20,16.973288293899945,17.816416246275402,16.78770171499723,17.799453735351562,564967000
2023-01-23,18.023952936401,19.202336426570977,17.778499909823832,19.15045166015625,655163000
2023-01-24,18.785259468912272,19.45177965907979,18.778275018636265,19.222288131713867,496204000
2023-01-25,18.87107002531869,19.327057588077132,18.538808102919397,19.280160903930664,449537000
2023-01-26,19.657322688857523,20.121291926493868,19.235260153653364,19.758098602294922,489535000
2023-01-27,19.418854801464647,20.582270274395025,19.361981955830526,20.319852828979492,542142000
2023-01-30,19.90577336731511,20.095350783793005,19.107545755024255,19.11952018737793,488611000
2023-01-31,19.127499744923487,19.643353741949113,18.90798817511003,19.49368667602539,498017000
2023-02-01,19.647345080075983,21.145016818201913,19.567522516028927,20.896570205688477,660477000
2023-02-02,20.953440010374486,21.90033534849852,20.654105914331332,21.66086769104004,564276000
2023-02-03,20.95344207269312,21.696791212168588,20.74290942748652,21.053220748901367,429366000
2023-02-06,20.759868575425514,21.52217456940096,20.73991246279001,21.0422420501709,452197000
2023-02-07,21.334595540764557,22.209652016752774,21.10310954039303,22.123842239379883,664150000
2023-02-08,22.33736312232844,22.827275613569224,21.959203722842762,22.1557674407959,559651000
2023-02-09,22.555878249188314,22.968959875402295,22.07095576094419,22.287473678588867,523876000
2023-02-10,21.64191049076745,22.02904881959799,20.7648596572667,21.217851638793945,550737000
2023-02-13,21.49024697725974,21.99911645552033,20.91552384659178,21.73969268798828,474919000
2023-02-14,21.530159368940577,22.99789874171555,21.318629492503824,22.920072555541992,675474000
2023-02-15,22.499008003095835,22.804329348665444,22.056991258302702,22.713531494140625,420575000
2023-02-16,22.083928543019674,22.50000383331045,21.878385888019974,21.95322036743164,412026000
2023-02-17,21.583047035533625,21.691804648830416,20.92850117636332,21.340585708618164,465888000
2023-02-21,20.953443519073346,21.446347815635267,20.57229043408108,20.609209060668945,410015000
2023-02-22,20.661092053593148,21.05721124102222,20.37572493019937,20.70798683166504,513184000
2023-02-23,23.38802794472368,23.83503456630602,22.97394719436974,23.611530303955078,1117995000
2023-02-24,23.17350941362294,23.421957916477858,22.89612587509221,23.234373092651367,589716000
2023-02-27,23.617520428698207,23.827053916300855,23.401999726272685,23.448894500732422,452994000
2023-02-28,23.320184085898383,23.772180806302725,23.15455174201123,23.16452980041504,455963000
2023-03-01,23.140582657134395,23.204441849787724,22.458099073317108,22.64767837524414,460026000
2023-03-02,22.438141191549914,23.328161772407864,22.382263693443218,23.26230812072754,389415000
2023-03-03,23.268296382829778,23.847010375257764,23.078717103361356,23.837032318115234,412393000
2023-03-06,23.838034225602097,24.19424120106475,23.434928663312892,23.501781463623047,437429000
2023-03-07,23.551677824513874,24.07560247170694,23.193411743392723,23.24031639099121,515154000
2023-03-08,23.438907679098733,24.150448993437568,23.37603695159869,24.131486892700195,513573000
2023-03-09,24.12550106515551,24.403931047691355,23.3351228633312,23.388015747070312,501257000
2023-03-10,23.36106747628327,23.57862150456227,22.679465442665016,22.91797637939453,474866000
2023-03-13,22.70541142718648,23.2502929083055,22.251343209013474,22.91897201538086,421890000
2023-03-14,23.447890629973315,24.169409811888126,23.411963139447696,24.013729095458984,474910000
2023-03-15,23.712347660414334,24.23627231190452,23.312169659954225,24.17839241027832,524486000
2023-03-16,23.977806480435152,25.535609338613927,23.84507746574005,25.488706588745117,583253000
2023-03-17,25.928800789668877,26.34494677671912,25.615442640620632,25.672327041625977,848547000
2023-03-20,25.56255140531931,25.970714347329455,25.07854386503028,25.846967697143555,432747000
2023-03-21,26.126393120823032,26.337958914805075,25.329029397408142,26.145353317260742,547408000
2023-03-22,26.370888072944446,27.532505981454648,26.183273319571825,26.413801193237305,797295000
2023-03-23,27.059479880369732,27.442694389660254,26.635350859477686,27.135324478149414,564889000
2023-03-24,26.975647833457295,27.111369021825524,26.301031507913077,26.724163055419922,454920000
2023-03-27,26.782052080395054,26.944718450224425,26.311018361963345,26.4766788482666,361026000
2023-03-28,26.392847592513167,26.45871243560378,25.79706988863312,26.35592269897461,356104000
2023-03-29,26.77006856259015,27.02254882495714,26.542534821125585,26.928741455078125,393694000
2023-03-30,27.17324699449219,27.44269460926943,27.04650622795167,27.32693099975586,364516000
2023-03-31,27.08442473492415,27.777003872770962,27.04949655680014,27.720121383666992,433933000
2023-04-03,27.45267208283813,27.94266591204821,27.280025990589856,27.907737731933594,398716000
2023-04-04,27.908737736009,27.94266851512213,27.25108667754047,27.396787643432617,368592000
2023-04-05,26.774064682882994,26.942717354778598,26.340953337844432,26.825958251953125,515015000
2023-04-06,26.52956827718351,27.024552994988376,26.372890149473246,26.98164176940918,397654000
2023-04-10,26.768080783046805,27.56444724045996,26.61439676276979,27.522533416748047,395279000
2023-04-11,27.667232866582555,27.733097708803008,27.07045586293639,27.11336898803711,314378000
2023-04-12,27.313958486817846,27.4117573972983,26.393845475280525,26.440750122070312,446259000
2023-04-13,26.67925848324337,26.83194507729408,26.275088982964736,26.4088134765625,353615000
2023-04-14,26.44973120006375,26.827954885781043,26.166312310977247,26.703210830688477,395660000
2023-04-17,26.510605128627287,26.95070210668743,26.37887544680579,26.94671058654785,321471000
2023-04-18,27.476623258466837,28.052441434897503,27.30098304931903,27.610347747802734,604812000
2023-04-19,27.304977218888993,27.94266877758147,27.176241641344223,27.873809814453125,358660000
2023-04-20,27.614338469088974,27.97260451308213,26.94471292728332,27.048500061035156,427713000
2023-04-21,26.896812971013922,27.127340875735126,26.66728437395246,27.0634708404541,345103000
2023-04-24,26.957691440868356,27.309967410410923,26.61639072563291,26.986631393432617,339282000
2023-04-25,27.02255332861515,27.191207903080986,26.171301222877446,26.187267303466797,378527000
2023-04-26,26.94671176186849,27.274039268907778,26.65031901312097,26.90080451965332,406337000
2023-04-27,27.30697044349632,27.438700120455238,26.57048075680254,27.170249938964844,377161000
2023-04-28,27.169253428500934,27.701161077962098,27.015567531365026,27.692180633544922,292216000
2023-05-01,27.782996461743867,28.99850296142685,27.723119847489293,28.850805282592773,570329000
2023-05-02,28.621275795478528,28.776956510510566,28.025498077141993,28.152236938476562,402730000
2023-05-03,27.782997527115576,28.308918916724693,27.415750979636734,27.745075225830078,383387000
2023-05-04,27.594380294690612,27.801954572191782,27.184222567509938,27.505563735961914,321850000
2023-05-05,27.76902536331952,28.696122147897874,27.67422056486533,28.62127685546875,361494000
2023-05-08,28.46359684267218,29.160167550884644,28.291950055367597,29.09130859375,344979000
2023-05-09,28.83982442392339,28.91367230214077,28.391744423620203,28.512495040893555,314869000
2023-05-10,28.94561039227481,29.053390963914687,28.402725530757564,28.825857162475586,369350000
2023-05-11,28.8368313012262,28.890721581405018,28.188162647959096,28.519481658935547,322149000
2023-05-12,28.47058699796282,28.72107443771315,27.98857612495343,28.28197479248047,274222000
2023-05-15,28.449630148158924,28.90968670611311,28.094360052477484,28.893718719482422,293926000
2023-05-16,28.781944947212995,29.808839206478215,28.77296450239682,29.153182983398438,449405000
2023-05-17,29.523419792707706,30.137160214553944,29.36973581208555,30.11620330810547,432535000
2023-05-18,30.34773114084469,31.76282685759254,30.25791527609372,31.613134384155273,748725000
2023-05-19,31.47142600851462,31.51533653819643,30.852696589930833,31.199983596801758,473908000
2023-05-22,30.837723229883725,31.455457092023806,30.617177004038794,31.11216163635254,372000000
2023-05-23,30.936523538862662,31.22393392865523,30.568279631249496,30.62516212463379,356253000
2023-05-24,30.14814207840876,30.544330458079507,29.744969965607368,30.47547149658203,721419000
2023-05-25,38.44412056648187,39.39916178020132,36.55998587698389,37.9022331237793,1543911000
2023-05-26,37.81241541975771,39.08979325980009,37.47311145513567,38.86625289916992,714397000
2023-05-30,40.51188361880298,41.852132355940626,39.867206384616175,40.028873443603516,923401000
2023-05-31,39.40714336242504,40.21249015793831,37.74455429743757,37.75653076171875,1002580000
2023-06-01,38.410192719285774,39.967997415586815,38.26149953067262,39.68857192993164,635873000
2023-06-02,40.01489905431234,40.41707376526735,38.97802500871207,39.24647521972656,482731000
2023-06-05,38.82932526473996,39.48398018738729,38.62773924122982,39.090789794921875,396094000
2023-06-06,38.75049794421731,39.07982029424169,38.06989131464503,38.57485580444336,388729000
2023-06-07,38.8393365135724,39.42220064737449,37.28336583715142,37.40213394165039,511998000
2023-06-08,37.650648624822814,38.788431404042456,37.43207648828261,38.43511962890625,417772000
2023-06-09,38.96109737948555,39.6337866781629,38.492013810296655,38.694618225097656,427717000
2023-06-12,39.123789673287696,39.45314612056553,38.54292044364982,39.40523910522461,388701000
2023-06-13,40.107868537313834,41.021090447407424,39.662736532909214,40.94224166870117,613208000
2023-06-14,40.74463443107391,42.91640270965308,40.47316006488062,42.91341018676758,740465000
2023-06-15,42.519176450195246,43.20484109231197,42.06505921158456,42.57007598876953,568622000
2023-06-16,43.36551525859182,43.635988226566326,42.578047952217986,42.60898971557617,655709000
2023-06-20,42.914401391724816,43.90447325497645,42.591030025374586,43.72282409667969,451153000
2023-06-21,43.41642607769267,43.530206665673255,41.9981911201456,42.96131134033203,551603000
2023-06-22,42.1708393507878,43.341558841574994,42.15187909756703,42.941341400146484,417737000
2023-06-23,42.381435491620046,42.72576209923424,41.93330719856048,42.126930236816406,358140000
2023-06-26,42.37844394803587,42.68085624285854,40.02203424973249,40.553001403808594,594322000
2023-06-27,40.71967293420545,41.858453292545065,40.369357466339395,41.794578552246094,462175000
2023-06-28,40.58094002022697,41.76363726159132,40.43921783251657,41.037052154541016,582639000
2023-06-29,41.47719909021722,41.51911724853508,40.52106150883683,40.74263000488281,380514000
2023-06-30,41.5989647398468,42.467272192490576,41.420311904436474,42.21975326538086,501148000
2023-07-03,42.434326127886784,42.81458581035407,42.11994000015232,42.330528259277344,198209000
2023-07-05,42.05307299440359,43.09304679541421,42.003170973529485,42.23472213745117,323618000
2023-07-06,41.76265332751653,42.09700114412261,41.26562038709098,42.021148681640625,303582000
2023-07-07,42.239712723775206,43.129980526432945,42.097990517388034,42.42036056518555,355881000
2023-07-10,42.57405415164483,42.72775402565993,41.5680109980779,42.09798049926758,353908000
2023-07-11,42.398400353937646,42.67486219078261,41.98520766702778,42.322547912597656,298244000
2023-07-12,42.94932537767914,43.84957190915323,42.693822639384614,43.81663513183594,481277000
2023-07-13,44.43144838419821,46.065262910266576,44.40549795947818,45.887611389160156,478204000
2023-07-14,46.492428621249765,47.99450350820883,44.972390985691305,45.38059616088867,772075000
2023-07-17,46.19900764034249,46.405602120259054,45.174003879546035,46.370670318603516,510488000
2023-07-18,46.61019966194242,47.8028759240553,45.645080740043866,47.40165710449219,569164000
2023-07-19,47.37171457968649,47.725026374946644,46.65111827083296,46.98546600341797,427502000
2023-07-20,46.416572252146125,46.99544633379389,44.974382199398164,45.43149185180664,537865000
2023-07-21,45.69896747652268,45.776818736395064,44.01424991772626,44.222843170166016,963769000
2023-07-24,44.64402903720118,45.02129625877823,43.95437445925072,44.52526092529297,382516000
2023-07-25,44.85362300335587,46.093204951452925,44.835656447425045,45.590187072753906,348081000
2023-07-26,45.93152233751283,45.96346161310325,44.54322798421179,45.36362838745117,364237000
2023-07-27,46.42855649018283,47.302852779891246,45.66105061247082,45.810760498046875,455976000
2023-07-28,46.577265904182916,46.93556908272483,46.2908251472219,46.65910720825195,331194000
2023-07-31,46.66309454574556,47.03836291442901,46.41557565297474,46.63814163208008,251055000
2023-08-01,46.369666884333206,46.8088138287661,45.93751010661882,46.41657638549805,237858000
2023-08-02,45.74189331269121,45.75087468728102,43.302644871740895,44.18292999267578,530142000
2023-08-03,43.714841517541664,45.03027980086514,43.714841517541664,44.42845153808594,324176000
2023-08-04,44.897535492129286,45.55325576078865,44.30668747221976,44.5931282043457,362666000
2023-08-07,45.02329618186399,45.45146298171195,44.47636125716046,45.32870101928711,322154000
2023-08-08,44.76578774990283,45.154031311172126,43.970336566145846,44.57715606689453,353843000
2023-08-09,44.18792110075107,44.22584923169371,42.052082281111176,42.47126770019531,586449000
2023-08-10,42.07803041712352,43.48928271463046,41.753661535765616,42.30558776855469,492705000
2023-08-11,41.669820039034846,41.93630299373014,40.55998266636193,40.77556228637695,533085000
2023-08-14,40.407277187048145,43.71483246792128,40.23261822669723,43.66792297363281,690286000
2023-08-15,44.473361921944495,45.17998551740348,43.62501232005784,43.85456466674805,676512000
2023-08-16,44.43343721611258,44.588134620821634,43.321601018047524,43.40144729614258,527451000
2023-08-17,43.88450979004493,43.97632996907339,42.91739206244817,43.259727478027344,452395000
2023-08-18,42.552106546557646,43.49327393992906,41.57900368302175,43.21481704711914,583768000
2023-08-21,44.4074878070853,46.9734880439128,44.13601730847926,46.87567901611328,692573000
2023-08-22,48.041406896438666,48.09330773941367,45.24485683130546,45.57920455932617,755293000
2023-08-23,45.77682161070316,47.10822748349232,45.12010004821166,47.024391174316406,779046000
2023-08-24,50.11836604551162,50.16826807045973,47.06731047667301,47.0713005065918,1156044000
2023-08-25,46.92059076298821,47.71204812043245,44.9364534643998,45.928524017333984,925341000
2023-08-28,46.3916241394205,46.88865698143186,44.800725372190506,46.74393844604492,685192000
2023-08-29,46.575266020642104,48.985571364963455,46.30079918990067,48.68914794921875,701397000
2023-08-30,48.94863943193041,49.82992198159772,48.330843509784565,49.168212890625,735206000
2023-08-31,49.28399374905417,49.64728445636799,48.86281334141854,49.25904083251953,528570000
2023-09-01,49.66524637506185,49.7031706927899,48.0483934780796,48.41468048095703,463830000
2023-09-05,48.129240595849275,48.75602175102256,47.76694740479326,48.453609466552734,382653000
2023-09-06,48.35080099771677,48.45859779156676,46.49326626281809,46.97336959838867,468670000
2023-09-07,45.44023319735737,46.257708449088824,45.067926633125616,46.15489959716797,433330000
2023-09-08,45.856454433608306,46.519215678178135,45.18670244634744,45.48714065551758,473069000
2023-09-11,46.062063171640766,46.07703462980452,44.229483586598796,45.0938720703125,473966000
2023-09-12,44.654687644477335,45.58794785369134,44.448072389819984,44.786441802978516,349256000
2023-09-13,44.51695245570367,45.84447779885845,44.4201329496468,45.400306701660156,398355000
2023-09-14,45.86444047531069,45.90137033130358,45.04696523433204,45.49612808227539,370097000
2023-09-15,45.25656332752661,45.514082288276775,43.726417212467545,43.8182487487793,506831000
2023-09-18,42.66839815481211,44.15961559349167,41.921789942113186,43.88412857055664,500271000
2023-09-19,43.7513779115944,43.8841296709857,42.921924053303314,43.438961029052734,373064000
2023-09-20,43.518816723640995,43.8212539488895,42.144381748538365,42.16035079956055,367108000
2023-09-21,41.505568360727295,42.021603947761406,40.903690569058845,40.94062042236328,450736000
2023-09-22,41.49458141963167,42.03657329804599,41.154216840592476,41.53251266479492,479236000
2023-09-25,41.51355366859355,42.4567936946112,41.1003231092512,42.14337921142578,419091000
2023-09-26,41.92279078773523,42.74026599878411,41.577434392681035,41.83295822143555,402282000
2023-09-27,42.25117631483952,42.79216683776979,41.55148148041127,42.388916015625,444935000
2023-09-28,42.38093203987961,43.36509601724836,42.036577072071424,43.00876235961914,424663000
2023-09-29,43.74538760189782,44.06179864340564,43.22635545841842,43.417999267578125,397830000
2023-10-02,43.948009813372195,45.09087814744479,43.77932579033049,44.698612213134766,433298000
2023-10-03,44.7245629218231,45.045965740925496,43.16547120468859,43.43596649169922,470850000
2023-10-04,43.6605451941074,44.06079943552314,43.21138241263282,43.958988189697266,361821000
2023-10-05,43.967980976112926,44.816400615425316,43.80628385856815,44.604793548583984,393483000
2023-10-06,44.110713380697035,45.70374229719828,43.944024517632684,45.67679214477539,434436000
2023-10-09,44.7584930492937,45.52007265706839,44.285376719881796,45.188690185546875,409675000
2023-10-10,45.22563248789511,46.17286291728584,45.00404573819931,45.71272277832031,368582000
2023-10-11,46.109973069324404,46.77174044276166,45.964245041548175,46.71883773803711,378137000
2023-10-12,46.68989566086201,47.52034710135052,46.24372943331202,46.857582092285156,481325000
2023-10-13,46.87255588078778,47.02826743741539,45.19568386802554,45.376346588134766,474115000
2023-10-16,44.97908693457242,46.13892190023753,44.82836714020883,46.0091667175293,375099000
2023-10-17,43.918066921379186,44.670664500769895,42.40089687991119,43.85618209838867,812333000
2023-10-18,42.51168892025405,43.13852165493323,41.74711648202066,42.11742401123047,627294000
2023-10-19,42.731286777485096,43.216381906827145,41.8040157217801,42.02260971069336,501233000
2023-10-20,41.81199826924351,42.39092011000652,41.00150997673177,41.3099365234375,477266000
2023-10-23,41.15223395492377,43.16747569287728,40.86876235135564,42.894981384277344,478530000
2023-10-24,42.996784415979555,43.615628825296106,42.611505424258,43.58169174194336,401463000
2023-10-25,43.31719108723883,43.56872457047859,41.47762427336827,41.70120620727539,398379000
2023-10-26,41.775064849583806,42.17731428874224,39.80573926150373,40.25090789794922,541001000
2023-10-27,41.053407480581996,41.12926616420593,39.94048219347045,40.42457962036133,416784000
2023-10-30,41.01049849985918,41.68823125867914,40.405624059194345,41.08435821533203,388028000
2023-10-31,40.37467609597359,40.80287807912132,39.15694672159714,40.70405960083008,517969000
2023-11-01,40.80787414060049,42.30208841819016,40.79290267934758,42.246192932128906,437593000
2023-11-02,43.247317846401735,43.802282272530825,42.814127888386025,43.42498779296875,409172000
2023-11-03,43.93802957100558,45.22462694220357,43.64158173973637,44.92119598388672,424610000
2023-11-06,45.20067395834923,45.849465106470674,44.815391150878824,45.66580581665039,400733000
2023-11-07,45.63386992886557,46.13193749816825,45.073913725971586,45.86943054199219,343165000
2023-11-08,46.01415021384401,46.77972399420801,45.882396057118896,46.48727035522461,346719000
2023-11-09,47.37861498022088,48.14019475321026,46.662950986381574,46.862579345703125,540496000
2023-11-10,47.411554622346145,48.38174487246118,47.19495962235481,48.244998931884766,421245000
2023-11-13,48.23002031531456,49.02453947075824,48.009431181663935,48.52946090698242,384136000
2023-11-14,49.5874835308016,49.7411960735644,48.94867598251322,49.56352615356445,416954000
2023-11-15,49.84201782618033,49.86696898933371,48.11024794590893,48.796966552734375,475497000
2023-11-16,48.58835975878918,49.43278516309001,48.24001057724096,49.38786697387695,339756000
2023-11-17,49.43178822340236,49.62442966359735,48.91575254512535,49.20621109008789,325205000
2023-11-20,49.22017851068948,50.453877068941594,49.08942192234672,50.31513595581055,414120000
2023-11-21,50.03265822480747,50.42292897370047,49.130342262240724,49.85099792480469,565747000
2023-11-22,49.7591723537565,50.2412708632355,47.6011956303171,48.62528610229492,899420000
2023-11-24,48.37975412464571,48.829914613519925,47.656101729566835,47.68704605102539,294645000
2023-11-27,47.71098998988454,48.4396301867081,47.5632667713432,48.15216827392578,395662000
2023-11-28,48.146180818273855,48.233020614585215,47.38460109717888,47.73195266723633,401491000
2023-11-29,48.288914999950215,48.67120123627393,47.7708804254883,48.050357818603516,382005000
2023-11-30,47.934569759213595,48.0204119586937,46.33555556358415,46.68290710449219,526247000
2023-12-01,46.43836272572628,47.112104980044535,46.10099090001649,46.677913665771484,369317000
2023-12-04,45.99120035967438,45.99120035967438,44.926185864436995,45.425254821777344,437543000
2023-12-05,45.385328820380614,46.51731562556562,45.19067511548695,46.48337936401367,371718000
2023-12-06,47.13122440124437,47.30292009715476,45.331422145943435,45.42226028442383,380590000
2023-12-07,45.6189146142351,46.54626712955494,45.52308427817849,46.51332473754883,350823000
2023-12-08,46.51232804934258,47.65629461849747,46.467405912391875,47.42171096801758,359224000
2023-12-11,47.40673492251671,47.446661054028745,45.74868283771919,46.54426574707031,509728000
2023-12-12,45.96430321028968,47.581427820158346,45.96430321028968,47.572444915771484,372387000
2023-12-13,47.54449269431196,48.50778063121328,47.52353004634861,48.00267791748047,447792000
2023-12-14,48.30413587026834,48.58363781796952,47.33785498826681,48.26420593261719,391232000
2023-12-15,48.108492709816815,49.316344970250725,48.03462269335951,48.80325698852539,479948000
2023-12-18,49.312347036005846,50.34351123549537,49.06279063158867,49.98814392089844,412587000
2023-12-19,49.33630266590499,49.61181391094036,48.80824198487287,49.51598358154297,464444000
2023-12-20,49.56688996732464,49.91028133379936,48.01265353097003,48.025630950927734,397894000
2023-12-21,48.72439672866285,49.00789323083867,48.33309014213933,48.903079986572266,300425000
2023-12-22,49.107708829124014,49.29537497058781,48.38099994161529,48.74335861206055,252507000
2023-12-26,48.88111364335506,49.51199224313979,48.87312841671405,49.19156265258789,244200000
2023-12-27,49.42315398247824,49.59185284551433,48.997907338293054,49.32931900024414,233648000
2023-12-28,49.55491529927827,49.795484989479434,49.324322381717465,49.43412780761719,246587000
2023-12-29,49.72461182444803,49.90828725509975,48.66449595698359,49.43412780761719,389293000
2024-01-02,49.1566219566508,49.20753015338818,47.51054964423797,48.0825309753418,411254000
2024-01-03,47.40074566328975,48.09850289557728,47.23603751691528,47.484596252441406,320896000
2024-01-04,47.68225263678446,48.4139538933309,47.423713267882654,47.912845611572266,306535000
2024-01-05,48.37601228101952,49.459086175725254,48.220287041681374,49.009883880615234,415039000
2024-01-08,49.42414475274484,52.18224245073565,49.3912023650384,52.1602783203125,642510000
2024-01-09,52.30802433098523,54.22861030764682,51.59828353362604,53.045711517333984,773100000
2024-01-10,53.52087170860792,54.50312317370562,53.39409433002728,54.25356674194336,533796000
2024-01-11,54.9014155282273,55.247799966123495,53.46496957614301,54.724727630615234,596759000
2024-01-12,54.523089827328256,54.8724711273318,54.23360725157901,54.61293029785156,352994000
2024-01-16,54.920385030235444,56.734158722808395,54.80259436306696,56.28196334838867,449580000
2024-01-17,56.24702551752996,56.370806056804064,54.64287831771136,55.953548431396484,474394000
2024-01-18,57.15840086229008,57.497797746406825,56.00744677307047,57.005672454833984,491650000
2024-01-19,57.88610696898355,59.394427545023596,57.12346261571884,59.38544464111328,543501000
2024-01-22,59.942452516713104,60.223953645882176,58.96518950299891,59.548152923583984,452955000
2024-01-23,59.46430561582059,59.803702511682395,58.48105267598879,59.76676940917969,294654000
2024-01-24,60.19699904963291,62.73748144195341,59.83164734308872,61.25312042236328,560271000
2024-01-25,62.23937252647403,62.607721109617174,60.742033936667,61.50767517089844,482777000
2024-01-26,60.85183724757184,61.67337885004867,60.465526677085045,60.92271041870117,390309000
2024-01-29,61.12335021592604,62.37811980223714,60.798929932553925,62.354164123535156,348733000
2024-01-30,62.788400246614664,63.38034661468554,62.1495325776363,62.662620544433594,410735000
2024-01-31,61.330983989988475,62.15851544921119,60.59229912426738,61.41783142089844,453795000
2024-02-01,61.98981163068563,63.07887923181449,61.5406131324354,62.91516876220703,369146000
2024-02-02,63.86048434942647,66.48182425910672,63.57698787949549,66.04261016845703,476578000
2024-02-05,68.10395378778126,69.3737001755538,67.08576682117494,69.20899200439453,680078000
2024-02-06,69.50645284574946,69.630233381063,66.18236704818828,68.1019515991211,683111000
2024-02-07,68.19776917750116,70.09539685563645,67.48004326560577,69.974609375,495575000
2024-02-08,69.94967122078744,70.66839500514845,69.3317737851438,69.51744079589844,414422000
2024-02-09,70.40785287358678,72.05692221360141,70.08742326576261,72.00502014160156,436637000
2024-02-12,72.47116950777065,74.47860256491589,71.12356661094503,72.11979675292969,613710000
2024-02-13,70.2750920169868,73.31967588505927,69.49647717607553,72.0000228881836,602580000
2024-02-14,73.0721231436502,74.10428513350574,71.81036588559786,73.76888275146484,504917000
2024-02-15,73.73794078168315,73.84374789733648,72.27154539670707,72.52908325195312,420122000
2024-02-16,73.96851471281462,74.2699807907232,72.37235296886776,72.4841537475586,495327000
2024-02-20,71.81934960299229,71.82833631589585,67.61382690331146,69.32878112792969,704833000
2024-02-21,67.88533642606332,68.76577530674938,66.13045996080022,67.35228729248047,673755000
2024-02-22,74.89189108055353,78.43558804957509,74.08831901858908,78.3986587524414,865100000
2024-02-23,80.64665337566204,82.24780364536768,77.4323654765101,78.67715454101562,829388000
2024-02-26,79.5585907729136,80.50291911362528,78.36571128314377,78.95167541503906,503973000
2024-02-27,79.24014935736925,79.33898034064636,77.0250924240117,78.56135559082031,391705000
2024-02-28,77.48228454390929,78.79295085611872,76.98816006177154,77.52520751953125,393110000
2024-02-29,78.95367572984398,79.84808217607286,78.21099242072147,78.97164154052734,507289000
2024-03-01,79.85805518730493,82.15397732028299,79.29405523547015,82.13301086425781,479135000
2024-03-04,83.98071640863849,87.5393930852347,83.57045019844777,85.08575439453125,615616000
2024-03-05,85.12270452666515,85.94827947163024,83.2729084960246,85.81550598144531,520639000
2024-03-06,87.8699456446009,89.56900130568565,86.87965493223747,88.54676818847656,582520000
2024-03-07,90.00225477502153,92.60674904676837,89.44721547430589,92.50891876220703,608119000
2024-03-08,94.97363874493585,97.23173191783087,86.35654773150235,87.37678527832031,1142269000
2024-03-11,86.27969121669621,88.64359662209651,84.02060015441661,85.62582397460938,678364000
2024-03-12,87.8969031445505,91.80114256968415,86.0011815049168,91.75422668457031,668075000
2024-03-13,90.89770650975179,91.34592838246506,88.28222971094472,90.73099517822266,635713000
2024-03-14,89.42225831640668,90.48941185201531,86.45039611721776,87.79207611083984,602318000
2024-03-15,86.77984124405515,89.39131979974543,86.10800722766477,87.68527221679688,642086000
2024-03-18,90.23185202169164,92.24536587684682,86.9345566695886,88.30219268798828,668976000
2024-03-19,86.55022352343148,90.38758481674583,84.86314816147532,89.24356842041016,672171000
2024-03-20,89.6418701073994,90.25381771221527,88.07059173697641,90.21588134765625,479063000
2024-03-21,92.14054972284487,92.48794810720764,90.24881917443113,91.27703857421875,480372000
2024-03-22,90.9835569272488,94.61427521165601,90.67708804781446,94.1261215209961,586719000
2024-03-25,93.77871885813295,96.59883562555477,93.34846365413705,94.83788299560547,552136000
2024-03-26,95.68541767838448,96.20851455285562,92.34220396856466,92.4011001586914,513648000
2024-03-27,92.95115660792449,93.07893385392306,88.96904884364167,90.09410095214844,586067000
2024-03-28,89.8445252112995,91.1422825108375,89.03892009399118,90.19991302490234,435212000
2024-04-01,90.14301673764523,92.06568455405531,89.0499070749777,90.20690155029297,452441000
2024-04-02,88.295199136712,89.93835929549583,87.46863424504667,89.29747009277344,433064000
2024-04-03,88.33114383542578,90.21787822523544,88.24728931215489,88.81031036376953,370067000
2024-04-04,90.24980742241583,90.4774179638533,85.73162583573242,85.75658416748047,434965000
2024-04-05,86.71594667786945,88.32816244191248,85.7775755946387,87.8559799194336,399678000
2024-04-08,88.54676191015398,88.67654220104028,86.58216705957724,86.98247528076172,283220000
2024-04-09,87.29094090122678,87.4836082761363,82.87857850073121,85.20654296875,501700000
2024-04-10,83.78102010903869,87.24901778988773,83.56439211342133,86.88864135742188,431929000
2024-04-11,87.2689793680449,90.58224601063488,86.77583708331596,90.45945739746094,431637000
2024-04-12,89.54405551793229,90.0192388417283,87.37880342967303,88.0336685180664,426805000
2024-04-15,88.94406648002054,90.45644843108836,85.78054278674153,85.8524169921875,443077000
2024-04-16,86.28369399477991,87.96578088273147,85.91533573267348,87.26399993896484,370453000
2024-04-17,88.18737923912188,88.62163290761173,83.80496405819224,83.88982391357422,495400000
2024-04-18,84.82320627802973,86.0410998135889,82.25964198597137,84.52471923828125,447260000
2024-04-19,83.00636595540483,84.17833393456459,75.47539894537725,76.06836700439453,875198000
2024-04-22,77.96907171420484,79.93467203595871,76.26802061217705,79.38063049316406,596341000
2024-04-23,80.62947459576492,82.62601974052421,80.1253496885507,82.2806167602539,438559000
2024-04-24,83.80497344877082,83.93674919660243,79.0462101404743,79.53936004638672,512208000
2024-04-25,78.73174524823247,83.17905069622672,78.08786289005887,82.48925018310547,424641000
2024-04-26,83.67321658546781,88.17842147858853,83.2429613231266,87.58345031738281,551011000
2024-04-29,87.44368500312586,87.8399947565515,85.11870586410434,87.60540771484375,388971000
2024-04-30,87.0893041357892,88.66557903150859,86.15093302077396,86.25275421142578,363709000
2024-05-01,84.93003072487383,85.85143274518,81.11462711525115,82.89754486083984,559863000
2024-05-02,84.30310641773906,86.08801954331209,83.05626359727954,85.66874694824219,377898000
2024-05-03,87.6373400551101,89.12675929539812,86.8896334546632,88.63561248779297,398341000
2024-05-06,89.23558536447402,92.06069859527176,88.90116496394158,91.9808349609375,376203000
2024-05-07,90.94061902784969,91.62243773928878,88.8572265315021,90.3975601196289,437342000
2024-05-08,89.32841761603471,91.03646035901207,89.26552291616532,90.25581359863281,325721000
2024-05-09,90.37260819958134,90.91466942223298,88.07858152551931,88.59368896484375,378013000
2024-05-10,90.14899684375659,91.24310415488777,89.07285618291228,89.72273254394531,335325000
2024-05-13,90.32169428450598,90.84080023922876,88.37606371894472,90.24283599853516,289680000
2024-05-14,89.44421267221655,91.49266969851776,88.78036057605543,91.19818115234375,296507000
2024-05-15,92.31226052004403,94.69813133508781,91.44076747625896,94.4665298461914,417735000
2024-05-16,94.74604213563502,95.65346838301872,93.94042944222824,94.19599151611328,323952000
2024-05-17,94.20598653059943,94.57634022771545,91.64741042469609,92.31924438476562,359691000
2024-05-20,93.58805245494568,95.03554461976276,93.27859039868353,94.61627197265625,318764000
2024-05-21,93.43729892728764,95.23519004733342,93.01902406434208,95.2212142944336,328946000
2024-05-22,95.29408831779949,95.85411617010452,93.0879071432018,94.78596496582031,548648000
2024-05-23,101.85176064066984,106.13634662239213,101.34463491102811,103.61970520019531,835065000
2024-05-24,104.26855020743297,106.29105104139217,102.82205601462691,106.28506469726562,429494000
2024-05-28,110.0535586136133,114.74044777454472,109.69318217417998,113.70423889160156,652728000
2024-05-29,112.8547051589029,115.29248024146612,110.70941556106891,114.62663269042969,557442000
2024-05-30,114.45194499585061,115.61892428256706,109.47356046717066,110.30911254882812,484553000
2024-05-31,112.32560941345422,112.52227529514084,106.75525509489461,109.443603515625,613263000
2024-06-03,113.42472260342709,114.80133819580078,111.80951385006522,114.80133819580078,438392000
2024-06-04,115.51609997186799,116.39856789561996,113.84798144289938,116.23584747314453,403324000
2024-06-05,118.16652151115385,122.23747225440593,117.26508152569082,122.2284927368164,528402000
2024-06-06,123.83370517037008,125.3700480295792,118.11560338652608,120.78897857666016,664696000
2024-06-07,119.56309618694148,121.48178065904402,117.81812234412239,120.67916870117188,412386000
2024-06-10,120.16206002224595,122.88733960177423,116.80786391189227,121.57960510253906,313434100
2024-06-11,121.56962984389475,122.66782593913159,118.54461678500223,120.71105194091797,222551200
2024-06-12,122.85750238613136,126.6712162731191,122.36831081363356,124.99398040771484,299595000
2024-06-13,129.1770893049594,129.5864183097163,126.9507630154097,129.396728515625,260704500
2024-06-14,129.7461556011969,132.62140615970972,128.10885485479358,131.66299438476562,309320400
2024-06-17,132.77118307637525,133.5099557271365,129.3667902512595,130.7644805908203,288504400
2024-06-18,130.9242214788469,136.10568428406987,130.474964956118,135.35691833496094,294335100
2024-06-20,139.56996619369176,140.52837801062054,129.30688285479897,130.56480407714844,517768400
2024-06-21,126.91081519572728,130.41504130352394,124.09545606742938,126.3617172241211,649445800
2024-06-24,123.03719724453093,124.2551908621237,117.8457572795687,117.91564178466797,476060900
2024-06-25,121.00057673643838,126.2918592621421,119.12367279539588,125.88253021240234,414192600
2024-06-26,125.92244138152637,127.9091645624237,122.39825146602374,126.19200134277344,362975900
2024-06-27,123.8957921998042,126.2019962793405,122.71773358253314,123.78597259521484,252571700
2024-06-28,124.37501298465715,127.49986001719877,122.54802231076043,123.33672332763672,315516700
2024-07-01,123.26683813440599,124.6345790000873,118.63447360818265,124.09547424316406,284885500
2024-07-02,120.93068040128533,123.20693510758652,120.83084647254137,122.46814727783203,218374000
2024-07-03,121.45982152361671,128.0689239501953,121.16031210370706,128.0689239501953,215749000
2024-07-05,127.17038486367325,128.6379747149119,125.47318537524079,125.62294006347656,214176700
2024-07-08,127.28020581947078,130.55481479101948,126.83094936680692,127.9890365600586,237677300
2024-07-09,130.1355144487565,133.59980576329167,128.43829962119838,131.163818359375,285366600
2024-07-10,133.80946190177127,134.87770860466375,132.20211043348235,134.68801879882812,248978600
2024-07-11,135.52661932549566,135.92595502009132,126.84093848175796,127.19036102294922,374782700
2024-07-12,128.04893020829968,131.70291097832524,127.01064833229333,129.02732849121094,252680500
2024-07-15,130.34514408452472,131.1737800395054,126.97070905664152,128.2286376953125,208326200
2024-07-16,128.22865593379024,128.82765950066548,124.37500690887067,126.1520767211914,214769500
2024-07-17,121.15031675281162,121.64949400158038,116.52793817127537,117.79584503173828,390086200
2024-07-18,121.64948329559192,122.19858126764932,116.36818755438776,120.89073181152344,320979500
2024-07-19,120.15195493467543,121.39989798056288,117.17686297871009,117.7359390258789,217223800
2024-07-22,120.15196984200875,123.86585002604772,119.66277824004172,123.33672332763672,258068900
2024-07-23,122.57795729865761,124.4848179409612,121.89907597271183,122.38826751708984,173911000
2024-07-24,118.9739065074374,119.75262181556741,113.25333936427286,114.06200408935547,327776900
2024-07-25,112.85398157444311,116.43807019163434,106.12507509382444,112.09523010253906,460067000
2024-07-26,115.99880916186419,116.00878722251285,111.3963944118867,112.87395477294922,293399100
2024-07-29,113.50293033164324,116.0886649396649,111.11686358531041,111.40637969970703,248152100
2024-07-30,111.33648541055072,111.80571322284378,102.37126667488353,103.55931091308594,486833300
2024-07-31,112.71422275560462,118.14526596856572,110.6975424326974,116.82743835449219,473174200
2024-08-01,117.33658921457162,119.9622661121472,106.6342290284255,109.03028106689453,523462300
2024-08-02,103.58925680976456,108.54109382170915,101.20319035397925,107.09347534179688,482027500
2024-08-05,91.90851949250676,103.23984998207244,90.54077860317504,100.28471374511719,552842400
2024-08-06,103.66912407688663,107.53275860175525,100.38454458708775,104.07845306396484,409012100
2024-08-07,107.6325946135043,108.62097103799087,98.52760658313275,98.74724578857422,411440400
2024-08-08,101.83215026963444,105.32639072006307,97.35951914167633,104.7972640991211,391910000
2024-08-09,105.46617163856445,106.42459107060563,103.2598090475883,104.57763671875,290844200
2024-08-12,106.14505996593543,110.88724428013212,106.08516112777683,108.84061431884766,325559900
2024-08-13,112.25498209343158,116.03874655153282,111.39639661656214,115.94889068603516,312646700
2024-08-14,118.33496052966188,118.40484504167927,113.88230026594151,117.88570404052734,339246400
2024-08-15,118.56458490618095,123.03720888953038,117.27670666159618,122.6578369140625,318086700
2024-08-16,121.73934484458584,124.79430704362497,120.98059332504539,124.375,302589900
2024-08-19,124.07548340044629,129.78607177734375,123.21689800857207,129.78607177734375,318333600
2024-08-20,128.18870516059542,129.66628071339343,125.68284097768198,127.04060363769531,300087400
2024-08-21,127.11050029285343,129.13716641620366,126.45159025428316,128.28855895996094,257883600
2024-08-22,129.80604926899383,130.5348437487765,122.89743071735391,123.536376953125,376189100
2024-08-23,125.6529157045682,129.38676754540884,125.0139693437825,129.15713500976562,323230300
2024-08-26,129.35679802537265,131.04400430992783,124.16535012958609,126.25190734863281,331964700
2024-08-27,124.84423039602758,128.98739538212007,123.6761498691349,128.08888244628906,303134600
2024-08-28,127.90916927864866,128.11883041927797,122.4381910717034,125.40330505371094,448101100
2024-08-29,121.1602924143949,124.22524016378769,116.51794286125214,117.39649200439453,453023300
2024-08-30,119.33330911013266,121.54965726206557,117.02711271158417,119.17357635498047,333751600
2024-09-03,115.8191103772934,116.01877823521122,107.1134577156826,107.8222885131836,477155100
2024-09-04,105.2365459269591,113.0836048738263,103.94866777615402,106.03522491455078,372470300
2024-09-05,104.8172363950656,109.46957200218677,104.58761912643209,107.03358459472656,306850700
2024-09-06,107.8622072224014,107.97202681262529,100.7838707669539,102.66078186035156,413638100
2024-09-09,104.7074122640328,106.37466998895037,103.5193756446925,106.2947998046875,273912000
2024-09-10,107.63258781478571,109.21997530676359,104.77729355808466,107.92211151123047,268283700
2024-09-11,109.20999835891277,116.99716652085532,107.24323877137772,116.7176284790039,441422400
2024-09-12,116.6577172050991,120.60155948017247,115.19999582839206,118.95413208007812,366052700
2024-09-13,118.8942191250157,119.77284345041441,117.41652479583126,118.9141845703125,238358300
2024-09-16,116.60780299971084,117.99563392468083,114.18159360974668,116.59781646728516,248772300
2024-09-17,117.98564481894722,118.61466685067687,114.65085910577872,115.40966796875,231925900
2024-09-18,115.70919560695407,117.51636932909096,113.04336298957726,113.19313049316406,310318900
2024-09-19,117.16692604230532,119.47332749554481,117.06708357128667,117.68611907958984,293506400
2024-09-20,116.87738233881377,118.43495389707196,115.2099893901744,115.81903839111328,382462400
2024-09-23,116.36816938577523,116.80747774675662,114.68080357526898,116.07862091064453,206228500
2024-09-24,116.33821493002908,121.60998405209612,115.19999404233639,120.68143463134766,354966800
2024-09-25,121.82963321276459,124.74508350925583,121.42027681497308,123.31731414794922,284692900
2024-09-26,126.6021852727835,127.47082313052574,121.609985658202,123.84648895263672,302582900
2024-09-27,123.7765997601264,123.83650371853182,119.07394858799772,121.21060943603516,271009200
2024-09-30,118.1254274144435,121.31045327548797,117.96568098439478,121.25054931640625,226553700
2024-10-01,121.5800295838127,122.2489901408394,115.60936293760753,116.81747436523438,302094500
2024-10-02,116.25834508658102,119.19375323018366,114.96037016184738,118.66458129882812,221845900
2024-10-03,120.73135113827638,124.16598683922703,120.15225416683853,122.65834045410156,277118000
2024-10-04,124.74507834860822,124.84492081095192,121.63992977952229,124.72510528564453,243678100
2024-10-07,124.79500006476454,130.43618698242878,124.7550615549546,127.52074432373047,346250200
2024-10-08,130.0567764001493,133.27175410957346,129.2180905372518,132.68267822265625,285722500
2024-10-09,133.9007832398008,134.31014727855833,131.1750464230449,132.44305419921875,246191600
2024-10-10,131.70421594134592,134.7893916948541,130.79563194093248,134.5996856689453,242311300
2024-10-11,133.8009151704973,135.5681579226704,133.45147037350253,134.58969116210938,170209500
2024-10-14,136.25710420849128,139.38222619629536,136.08737124143596,137.8546142578125,232347700
2024-10-15,137.654906403531,138.3538265330219,128.5391603262797,131.3946990966797,377831000
2024-10-16,133.7709642153392,136.40684475827754,131.37471471629812,135.5082550048828,264879700
2024-10-17,139.12261346955344,140.6701983777905,136.65646567187503,136.71636962890625,306435900
2024-10-18,138.45366668655112,138.6833036103306,137.06583575895257,137.7847137451172,176090200
2024-10-21,137.91452734392325,143.48582458496094,137.78472526376913,143.48582458496094,264554500
2024-10-22,142.6870350476968,144.19467365659466,141.55879320187643,143.365966796875,226311600
2024-10-23,141.80843319617813,142.20780310560568,137.2455702792771,139.34228515625,285930000
2024-10-24,140.6003278006047,141.1294997806309,138.24400879643727,140.1909637451172,172354900
2024-10-25,140.7101495657632,143.90516992810382,140.58036271847078,141.31919860839844,205122100
2024-10-28,142.77689244758375,142.91667341121004,139.83149806296922,140.30076599121094,173586700
2024-10-29,140.0711387385227,142.03806672701694,138.6833077693045,141.02964782714844,157593600
2024-10-30,139.32230457284558,140.11108066863528,136.59656776236113,139.12261962890625,179418100
2024-10-31,137.38534807029694,137.39532698555524,131.9039070664443,132.55288696289062,270039600
2024-11-01,134.48984636430032,137.09577501351765,134.36005954202903,135.18875122070312,207127800
2024-11-04,136.9959472521015,138.74321710094807,135.3585064031532,135.83775329589844,187528200
2024-11-05,137.23555788662173,140.151000495864,137.11574997671616,139.6917266845703,160537400
2024-11-06,142.73698322061895,146.2614750565614,141.73854326176877,145.38284301757812,242043900
2024-11-07,146.1616297903136,148.69766066609404,145.9419717733186,148.6477508544922,207323300
2024-11-08,148.53787885494532,149.53631855776948,146.03178545046896,147.399658203125,175665800
2024-11-11,148.44803352101476,148.6177817068004,143.3460203778287,145.0333709716797,182325600
2024-11-12,146.55100082856893,149.41651833977537,145.78219787373922,148.0586395263672,198634700
2024-11-13,148.83742831045777,149.0970171738845,145.67236073742527,146.0417938232422,191903300
2024-11-14,147.40966837696516,148.7675472701728,145.32293261192063,146.53103637695312,194463300
2024-11-15,144.64398997756967,145.0134231170618,139.86146934373124,141.7584991455078,250132900
2024-11-18,139.28237084466085,141.3291757571169,136.93603090489682,139.9313507080078,221205300
2024-11-19,141.09954425974988,146.90047806374457,140.77005724054902,146.78065490722656,227834900
2024-11-20,147.18003223590216,147.32979212988033,142.50732548898966,145.6623992919922,309871700
2024-11-21,149.11700420524105,152.65147472524168,140.4804899844899,146.44117736816406,400946600
2024-11-22,145.70233282975542,146.93042492260167,140.8798813363258,141.72854614257812,236406200
2024-11-25,141.76848775116036,141.82839170792872,135.60811535874635,135.80780029296875,344941900
2024-11-26,137.48518763604767,139.08269776121745,135.45835561529256,136.70640563964844,190287700
2024-11-27,134.7993734587721,137.00593247284488,131.59438972010054,135.1288604736328,226370900
2024-11-29,136.56662423239774,139.13262238748922,135.837767286179,138.03433227539062,141863200
2024-12-02,138.6134117376161,140.23087948399635,137.60499293345052,138.41372680664062,171682800
2024-12-03,138.04428850809262,140.3207301527637,137.7347745914462,140.04116821289062,164414000
2024-12-04,141.77842858862508,145.56250811305713,140.07109010434277,144.9135284423828,231224300
2024-12-05,144.89361745373108,146.3214777724878,143.7353435501018,144.84368896484375,172621200
2024-12-06,144.38435184545514,145.48270218050342,141.09924996942553,142.22756958007812,188505600
2024-12-09,138.76274660606958,139.74128080496888,136.92549436926976,138.6029815673828,189308600
2024-12-10,138.80270319338828,141.60852572754877,133.59048602384692,134.86859130859375,210020900
2024-12-11,137.15514511831444,139.9609519122756,135.00835767243856,139.10223388671875,184905200
2024-12-12,136.8755708420711,138.23354324797214,135.59748095840345,137.1351776123047,159211400
2024-12-13,138.7327975455873,139.39181692680097,132.34233289302693,134.04978942871094,231514900
2024-12-16,133.9798724705664,134.19954557462145,130.2254857362255,131.80313110351562,237951100
2024-12-17,128.89747709842524,131.39374870651014,126.67080709010266,130.19554138183594,259410300
2024-12-18,133.6603731199009,136.49613412730267,128.08869283192976,128.71775817871094,277444500
2024-12-19,131.56349862817564,133.8301176053825,129.3568029702355,130.485107421875,209719200
2024-12-20,129.61642290138565,135.07826717246132,128.0287975903948,134.49913024902344,306528600
2024-12-23,136.0767567466981,139.58151660116854,134.91848306333998,139.46170043945312,176053500
2024-12-24,139.79122163679293,141.6883821217358,138.44322876231024,140.01089477539062,105157000
2024-12-26,139.49166074428362,140.63995487774488,137.52459740894255,139.7213134765625,116205600
2024-12-27,138.34337590905767,138.81267619141968,134.50910636621433,136.8056640625,170582600
2024-12-30,134.628921256616,140.06081067569033,133.82013169900247,137.2849578857422,167734700
2024-12-31,137.82414956509464,137.86409844380188,133.63041622678574,134.0897216796875,155659200
2025-01-02,135.79717669922962,138.6728864930968,134.42922472124587,138.10372924804688,198247200
2025-01-03,139.8011917981673,144.6838985290199,139.52161059265686,144.25454711914062,229322500
2025-01-06,148.3684248105369,151.93310868099036,147.5995839740372,149.20716857910156,265377400
2025-01-07,152.80179213743568,152.90164910642062,139.80120400217487,139.93101501464844,351782200
2025-01-08,142.36737985085435,143.73533196712347,137.3548616440079,139.90106201171875,227349900
2025-01-10,137.24501786219508,139.71133557177419,134.0198390250661,135.7073211669922,207602500
2025-01-13,129.79613768131526,133.29091776199226,129.31684258602223,133.0312957763672,204808900
2025-01-14,135.84710238324766,136.1766120600162,129.85605059334506,131.56349182128906,195590500
2025-01-15,133.45067056072713,136.24649773538883,131.09418961528783,136.0368194580078,185217300
2025-01-16,138.43325045720013,138.5430870275282,133.2909365646461,133.37081909179688,209235600
2025-01-17,136.4861555399997,138.29345383465838,135.25799411499426,137.504638671875,201188800
2025-01-21,138.95245710585658,141.61847317570314,136.88553704004724,140.61996459960938,197749000
2025-01-22,144.44426793757484,147.56958971587568,143.45573886876412,146.85067749023438,237651400
2025-01-23,144.83369562852502,147.0104373660888,143.50567717742842,147.00045776367188,155915500
2025-01-24,148.14875950594703,148.74787093586673,141.6684465446306,142.40733337402344,234657600
2025-01-27,124.61389107098998,128.20851331467108,116.52596435964819,118.24340057373047,818830900
2025-01-28,121.62835222502514,128.80763280108368,116.07664583818587,128.7976531982422,579666400
2025-01-29,126.31135328562937,126.70077107762197,119.8709750783515,123.5155258178711,467120600
2025-01-30,122.91641225704781,124.81358019968631,117.92386904906036,124.46410369873047,392925500
2025-01-31,123.59541198682592,127.65934229890306,119.01226047612725,119.89094543457031,388161100
2025-02-03,114.57887527254843,118.39317826666118,112.84147223806173,116.48603057861328,371235700
2025-02-04,116.78557092036435,121.01924546805154,116.52595653802958,118.47305297851562,256550000
2025-02-05,121.57842315704723,124.8135892575584,120.57991444298676,124.64384460449219,262230800
2025-02-06,127.22996749994309,128.57796024161053,125.02326434711814,128.4880828857422,251483600
2025-02-07,129.02729180363133,130.17557068191934,124.8135839892709,129.6463623046875,228186300
2025-02-10,129.89599772289156,134.79867927002743,129.76620194780145,133.37081909179688,216989100
2025-02-11,132.38228609427233,134.27944654160947,130.82461495038982,132.60195922851562,178902400
2025-02-12,129.8261026458349,132.04279313100764,128.88750205027108,130.94442749023438,160278600
2025-02-13,131.36380821970238,136.29644386397356,130.9743904181038,135.08824157714844,197430000
2025-02-14,136.27645326854343,139.04232643389201,135.29791907929888,138.64292907714844,195479600
2025-02-18,141.0593143400208,143.2260761760307,137.7242840330443,139.1920928955078,219176600
2025-02-19,139.3019353271886,141.14918241151278,137.01535723812603,139.02235412597656,167536000
2025-02-20,139.8211794831435,140.45024487315197,136.5860056380014,139.90106201171875,143903600
2025-02-21,139.83117324566518,141.2490692264154,133.83014051658057,134.2295379638672,228217600
2025-02-24,136.35634186179794,138.383313247837,129.88600993089565,130.08570861816406,251381100
2025-02-25,129.78615711570163,130.00583024952502,124.25442559786755,126.44115447998047,271428700
2025-02-26,129.79615892181477,133.53057192522448,128.29839578499454,131.084228515625,322553800
2025-02-27,134.7986782828192,134.80865788512716,119.83103458283094,119.9708251953125,443175800
2025-02-28,117.8439849269481,124.90344062232614,116.22640582508673,124.73369598388672,389091100
2025-03-03,123.32581202011416,123.51552349340123,112.11255593535711,113.88990020751953,411381400
2025-03-04,110.4849986041218,119.132080722439,109.94580294596078,115.81703186035156,398163300
2025-03-05,117.40465751759531,118.10361057672029,114.3392360416895,117.12507629394531,284337900
2025-03-06,113.36069823382532,115.17798387118098,110.05563667803439,110.40511322021484,321181900
2025-03-07,111.08409477767312,113.31077256873955,107.39959517379882,112.5219497680664,341755500
2025-03-10,109.73610085349598,111.6831896506324,105.30272006245755,106.8204574584961,366487400
2025-03-11,106.83043665954975,112.0726069900584,104.61374627233778,108.5978012084961,354865700
2025-03-12,113.9602977987337,116.5966026479449,112.72202762810602,115.5780258178711,323857500
2025-03-13,116.86621875800482,117.59520049683546,113.63075517539951,115.41825103759766,299033100
2025-03-14,118.44401014075397,121.70943054003341,117.98465480860956,121.49972534179688,277593500
2025-03-17,122.56822336901756,122.71801496792263,117.86481592318836,119.36271667480469,255501500
2025-03-18,117.83486627342975,118.85343549406599,114.37970924440411,115.26846313476562,299686900
2025-03-19,117.10587965509883,120.2814296141779,115.51810848491796,117.35552978515625,273426200
2025-03-20,116.3868956857552,120.03178155242583,116.30700581426807,118.36412048339844,248829700
2025-03-21,116.77634740953133,117.82487338576216,115.25847035053427,117.5352783203125,266498500
2025-03-24,119.71223179694545,122.04896105750126,119.17298658297102,121.24009704589844,228452500
2025-03-25,120.38129181712452,121.12025404464302,118.75356814650013,120.5210952758789,167447200
2025-03-26,118.5638454632065,118.6736845133834,112.55226594608844,113.60079956054688,293463300
2025-03-27,111.19417323533278,114.28983351449122,110.50514401476981,111.27406311035156,236902100
2025-03-28,111.33397804410711,112.71205173921601,108.91736643615505,109.51652526855469,229872500
2025-03-31,104.98287310192077,110.80471613819729,103.50494855407659,108.22832489013672,299212700
2025-04-01,108.36813339033893,110.04578269736857,106.32100673854832,109.99585723876953,222614000
2025-04-02,107.1398479774266,111.82328673498283,106.64054773013802,110.26546478271484,220601200
2025-04-03,103.36515315702636,105.48218161280622,101.45782230020173,101.65754699707031,338769400
2025-04-04,98.7715853475697,99.98987163475934,91.98109847139008,94.17801666259766,532273800
2025-04-07,87.33759621246332,101.60759784636036,86.4987754744505,97.50334930419922,611041300
2025-04-08,103.66472218207363,105.70186824827938,94.3278084260022,96.16523742675781,476243400
2025-04-09,98.75161045127601,114.9389248904037,97.39351305704149,114.17000579833984,612918300
2025-04-10,109.21694044618194,110.70485307181585,99.01124202201945,107.4194564819336,437812400
2025-04-11,108.34816524857224,111.39390013023589,107.32959598741144,110.77476501464844,313417300
2025-04-14,113.95031245540225,114.13006086401796,108.91736463288024,110.55506896972656,264705000
2025-04-15,110.81470199440513,113.46099492172469,110.3453585264742,112.04297637939453,228966900
2025-04-16,104.40369410395131,106.64055727885454,100.30942561460589,104.3437728881836,397016900
2025-04-17,104.30381795694564,104.3237942331935,99.90998190333623,101.34796142578125,292517500
2025-04-21,98.63177356997639,99.3008417327631,94.90699776234818,96.77438354492188,288501100
2025-04-22,98.6417555090913,99.67031279819463,97.14385476914264,98.75160217285156,241004800
2025-04-23,104.37372584399631,104.6533403969428,101.87722447592722,102.5662612915039,247526000
2025-04-24,103.33518320501399,106.39089830035945,102.96569827687256,106.28105163574219,220815000
2025-04-25,106.70046299579266,111.76336727797938,105.58203530029881,110.85464477539062,251064700
2025-04-28,109.53649833991803,110.21554702841466,105.8716284785824,108.57784271240234,207708500
2025-04-29,107.5193148494054,110.04577291521682,107.2896409990865,108.86742401123047,170444300
2025-04-30,104.32379376082015,108.76756286621094,103.93434018163836,108.76756286621094,235044600
2025-05-01,112.92174799120272,114.7791455573913,111.14424029465428,111.45380401611328,236121500
2025-05-02,114.02021557227994,115.23850951002053,113.21135153306962,114.33976745605469,190194800
2025-05-05,112.75199066583207,114.5095221313392,112.50234053074915,113.66071319580078,133163200
2025-05-06,111.32399638135878,114.57942879752297,110.66491633937942,113.38111114501953,158525600
2025-05-07,112.89179643623137,117.51531428959993,112.12286973799952,116.89617919921875,206758800
2025-05-08,118.08451525459601,118.51391379663416,115.68787240644632,117.20574951171875,198428100
2025-05-09,117.1857803819228,118.06455379711826,115.0487756801452,116.48676300048828,132972200
2025-05-12,121.79930827024249,122.82786560058594,120.11167093091153,122.82786560058594,225023300
2025-05-13,124.8051066300396,131.03637225526788,124.29581818961599,129.7481689453125,330430100
2025-05-14,133.01359953083553,135.2504704050171,131.4957223220182,135.15060424804688,281180800
2025-05-15,134.10204362723803,136.10924022234616,132.47433530494334,134.64129638671875,226632600
2025-05-16,136.02937003025397,136.15919297953724,133.27323795943153,135.21051025390625,226542500
2025-05-19,132.20473687113784,135.6798627990254,132.20473687113784,135.3802947998047,193154600
2025-05-20,134.10205468200522,134.39165736048994,132.4343936724944,134.1919403076172,161514200
2025-05-21,132.87378601013486,137.2077087161811,130.40724144628157,131.6155548095703,270608700
2025-05-22,132.0449376190489,134.0621148614722,131.3658966044825,132.64410400390625,187344000
2025-05-23,129.8180590665907,132.49430097030302,128.97923834191374,131.1062469482422,198821300
2025-05-27,133.96226214597903,135.47015877862245,133.12344131304633,135.3103790283203,192953600
2025-05-28,135.83963178227697,137.05792567392893,134.60136161311598,134.621337890625,304021100
2025-05-29,142.05090829751865,143.28917829117677,137.71698617586475,138.9951934814453,369241900
2025-05-30,138.52585950975748,139.42459384487097,132.73397369059805,134.94088745117188,333170900
2025-06-02,135.30038976970178,137.9266987725352,135.21050414256473,137.187744140625,197663100
2025-06-03,138.58579662593073,141.80129192952475,137.7569562601038,141.0223846435547,225578800
2025-06-04,141.99100090060617,142.19071794379053,139.3447005567539,141.72137451171875,167120800
2025-06-05,141.97102431113476,143.79846496522654,138.63570246128648,139.79408264160156,231397900
2025-06-06,142.31055518995854,143.0695013401578,141.31195466595716,141.52166748046875,153986200
2025-06-09,142.98963386491081,144.7970986584505,141.74138301440692,142.430419921875,185114500
2025-06-10,142.49031793007975,144.088069701399,141.33193761060437,143.758544921875,155881900
2025-06-11,144.4176611881815,144.79716064315863,141.6813000562032,142.64002990722656,167694000
2025-06-12,141.78116046611606,144.80712890625,141.6613249598906,144.80712890625,162365000
2025-06-13,142.2904745799642,143.38901749969733,140.6626531024409,141.78115844726562,180820600
2025-06-16,143.159329390418,145.98555166191812,143.00951976951112,144.49754333496094,183133700
2025-06-17,144.2978018718573,145.0268265438421,143.58873962374116,143.92828369140625,139108000
2025-06-18,143.81845298832403,145.45627108510786,142.9296373487004,145.2864990234375,161494100
2025-06-20,145.2565234707711,146.00552584195606,142.46024490398213,143.65866088867188,242956200
2025-06-23,142.31044894200824,144.58741490600102,141.84107290887454,143.9782257080078,154308900
2025-06-24,145.36637857516104,147.76319531946535,145.3064608232896,147.70326232910156,187566100
2025-06-25,149.0714619384952,154.24456476496755,149.06146548674553,154.10475158691406,269146500
2025-06-26,155.77252682686714,156.51154803915952,153.79516469048193,154.81381225585938,198145700
2025-06-27,155.83242906789442,158.49889084686143,155.05346784206984,157.5401611328125,263234500
2025-06-30,158.1893045239527,158.4489684480595,155.7525627920192,157.7798614501953,194580300
2025-07-01,156.08211312403307,156.9909063970138,151.2885097592641,153.09609985351562,213143600
2025-07-02,152.77652287552658,157.3903883520798,152.76654166200262,157.0408477783203,171224100
2025-07-03,158.1593559409033,160.7658851337161,157.56016311083363,159.12806701660156,143716100
2025-07-07,157.98957042846925,159.09809459400483,157.1307137305003,158.02952575683594,140139000
2025-07-08,159.11807865757584,160.0068942683196,158.1793265036118,159.7871856689453,138133000
2025-07-09,161.0055648799297,164.20130555952733,160.94564712320184,162.66336059570312,183656400
2025-07-10,164.10143771292147,164.28119097215313,161.3950357038234,163.88172912597656,167704100
2025-07-11,163.50222183922534,167.6666731011634,163.2525543877531,164.70062255859375,193633300
2025-07-14,165.1500194092157,165.26987014699793,161.80448473325933,163.8517608642578,136975800
2025-07-15,170.96229989605533,172.17068192225182,168.97494134085255,170.4729461669922,230627400
2025-07-16,170.83247408910898,171.52155877211666,168.67534340451815,171.14205932617188,158831500
2025-07-17,171.79120519874627,173.92835823409905,170.60278554683865,172.7698974609375,160841100
2025-07-18,173.40903901870553,174.01822826089457,171.03219980516573,172.18067932128906,146456400
2025-07-21,172.5202421124047,173.14940908730952,170.7725696163311,171.15206909179688,123126100
2025-07-22,171.1120956061046,171.1620321483939,164.3610926233022,166.80783081054688,193114300
2025-07-23,169.30450383433347,171.03219846298632,167.74658125695927,170.55284118652344,154082200
2025-07-24,172.21065238052367,173.5988030318276,171.07216922217725,173.50892639160156,128984600
2025-07-25,173.37908037175941,174.4876045602178,172.72995103806022,173.26922607421875,122316800
2025-07-28,173.78854323017163,176.7645753161742,173.73860668662087,176.51490783691406,140023500
2025-07-29,177.7233037615148,179.14141320408203,174.78721179005433,175.27655029296875,154077500
2025-07-30,176.27521653092245,179.65072563032518,175.80584046425426,179.03155517578125,174312200
2025-07-31,182.6567315862202,183.0562087176856,175.69600066981488,177.6334228515625,221685400
2025-08-01,173.85844036702034,176.3051785902702,170.66269971388826,173.4889373779297,204529000
2025-08-04,174.9270158880054,179.96030526461158,174.28786778877773,179.7605743408203,148174600
2025-08-05,179.38109521170273,180.02024338323596,175.66604170263633,178.0229034423828,156407600
2025-08-06,176.09544939411415,179.66069269115442,176.01555398070957,179.18133544921875,137192300
2025-08-07,181.32849521637667,183.63542017290519,178.56217541570945,180.52955627441406,151878400
2025-08-08,181.30852119793246,183.05619350177665,180.16004168373897,182.4569854736328,123396700
2025-08-11,181.80785936297346,183.59547178906817,180.01025048518693,181.81784057617188,138323200
2025-08-12,182.7166509044063,184.234618174838,179.22130626788388,182.9163818359375,145485700
2025-08-13,182.37709375214726,183.72530422356274,179.11145412417423,181.3484649658203,179871700
2025-08-14,179.51090820642335,182.7765629312542,179.22130065055427,181.77789306640625,129554000
2025-08-15,181.63809742364472,181.6580598511533,177.80319319129092,180.20999145507812,156602200
2025-08-18,180.359785616326,182.69666946783065,180.3497891649352,181.7678985595703,132008000
2025-08-19,182.1873495042791,182.25726371442747,175.25659293377495,175.40638732910156,185229200
2025-08-20,174.93701244991922,175.76591033294957,168.57548977611862,175.1667022705078,215142700
2025-08-21,174.61743669419707,176.6646977817985,173.57881147306438,174.74725341796875,140040900
2025-08-22,172.38040151215634,178.35244288234992,170.97227338198675,177.7532501220703,172789400
2025-08-25,178.11278178635797,181.6680441727565,176.33515059315872,179.57083129882812,163012800
2025-08-26,179.82049655621498,182.14739921043056,178.57215920342722,181.52822875976562,168688200
2025-08-27,181.7379436715125,182.24727507184866,178.86178472902657,181.35845947265625,235518900
2025-08-28,180.57950348224864,184.22464261974775,176.17536544772958,179.93035888671875,281787800
2025-08-29,177.87309917143955,177.91303926310266,172.91968968806756,173.9483184814453,243257900
2025-09-02,169.77387989783634,172.15071909272382,166.99757884564528,170.55284118652344,231164900
2025-09-03,170.83248363379096,172.18069419661035,168.65539040087648,170.39306640625,164424900
2025-09-04,170.34312465674856,171.6314020660847,169.1846639665207,171.43167114257812,141670100
2025-09-05,167.8065026792569,168.80517258283567,163.8517783946414,166.7978515625,224441400
2025-09-08,167.32715219255022,170.73262035939155,167.12742125141602,168.0861358642578,163769100
2025-09-09,168.86509051949957,170.75257602974241,166.51822538667548,170.53286743164062,157548400
2025-09-10,176.40506201448144,179.05153132643002,175.23661998400823,177.09414672851562,226852000
2025-09-11,179.4511179779685,180.050359799309,176.2551971559751,176.94432067871094,151159300
2025-09-12,177.5435512454145,178.37249577533527,176.22522541777622,177.59349060058594,124911000
2025-09-15,175.44622258887705,178.62217970015598,174.28769658655634,177.52357482910156,147061600
2025-09-16,176.77453647764895,177.27389957504343,174.15787872389456,174.65724182128906,140737800
2025-09-17,172.4201024269062,172.97938669910795,168.1954945771254,170.07308959960938,211843800
2025-09-18,173.7583871307785,176.87442336525442,172.73969733735942,176.01551818847656,191763300
2025-09-19,175.54609885389235,177.8531538116004,174.95683884616588,176.4449462890625,237182100
2025-09-22,175.07671637070237,184.31493427279133,174.48747153493287,183.37612915039062,269637000
2025-09-23,181.73821238324945,182.18763613663097,175.9855548133895,178.2027130126953,192559600
2025-09-24,179.54100413716742,179.5509859124944,175.17656050171237,176.74456787109375,143564100
2025-09-25,174.2577508730865,180.03038734713982,172.90947958662534,177.4636688232422,191586700
2025-09-26,177.94304916264082,179.54101721374016,174.70717071687335,177.96302795410156,148573700
2025-09-29,180.20017297627672,183.7656330630971,180.09032771672483,181.61837768554688,193063500
2025-09-30,181.848063160254,187.11135435179565,181.2488213615314,186.3423309326172,236981000
2025-10-01,185.00405809785752,187.9003581593927,183.665753326035,187.0015106201172,173844900
2025-10-02,189.35850113919957,190.80665113886596,187.82045419605362,188.64939880371094,136805800
2025-10-03,188.94900408551683,190.11751186051177,185.1438598655547,187.38099670410156,137596900
2025-10-06,185.2637075602064,186.9914995955013,183.09647356463947,185.30364990234375,157678100
2025-10-07,185.99277739696944,188.8191743935438,183.76562222076905,184.80429077148438,140088000
2025-10-08,186.33235229407293,189.35849142592937,186.30237648821537,188.86911010742188,130168900
2025-10-09,191.9851285494953,195.05122522476873,190.816620752273,192.32470703125,182997200
2025-10-10,193.26350393527704,195.37081685366852,181.81811007166195,182.92669677734375,268774400
2025-10-13,187.73056363822363,189.8678370807686,185.72312947730666,188.0801239013672,153482800
2025-10-14,184.5346420566055,184.56460262310264,179.47109296765566,179.80067443847656,205641400
2025-10-15,184.56460739230218,184.63451030281777,177.06416377208902,179.60093688964844,214450500
2025-10-16,181.99787810828644,183.0465437061986,179.5410200965125,181.5784149169922,179723300
2025-10-17,179.9504818191574,183.86550198639478,179.52103686227596,182.9866180419922,173135200
2025-10-20,182.89674524617425,184.96410068415813,181.49851933568945,182.40736389160156,128544700
2025-10-21,182.55715836486127,182.55715836486127,179.5709767314294,180.9292449951172,124240200
2025-10-22,180.9092591258601,183.20633238125785,176.53483359319367,180.05035400390625,162249600
2025-10-23,180.19017423035882,182.7968501503985,179.5609718650331,181.92796325683594,111363700
2025-10-24,183.60580497197222,187.23118563906056,183.26624175096782,186.02272033691406,131296700
2025-10-27,189.74798924630224,191.75542334831323,188.18996363054165,191.24607849121094,153452700
2025-10-28,192.80410966447576,202.89123585796654,191.66556232510956,200.77394104003906,297986200
2025-10-29,207.715080745974,211.9197249544373,204.51915980095313,206.77627563476562,308829600
2025-10-30,204.88867704045037,205.89740027142088,201.1534507471854,202.63156127929688,178864400
2025-10-31,206.18701808603035,207.70508615602077,201.81260775338424,202.23207092285156,179802200
2025-11-03,207.81493866642379,211.07078042213968,205.29814450690722,206.61647033691406,180267300
2025-11-04,202.7414122562426,203.71017785907821,197.67786326579136,198.43690490722656,188919300
2025-11-05,198.51681234435117,202.66152000582164,194.40205001057666,194.9613494873047,171350300
2025-11-06,196.16981228388872,197.3682807609907,186.14260723026618,187.84043884277344,223029800
2025-11-07,184.66446402160466,188.08012095739036,178.68210397488247,187.9103240966797,264942300
2025-11-10,194.8614791513322,199.68532876518447,193.5431531870904,198.7964630126953,198897100
2025-11-11,194.91140808059743,195.17107140540628,191.05632435423007,192.91395568847656,176483300
2025-11-12,195.47068348463264,195.64046510157328,190.8865341091802,193.55313110351562,154935300
2025-11-13,190.8066439854392,191.1961465947379,183.61581837719615,186.62197875976562,207423100
2025-11-14,182.62706393415107,190.76667594021126,180.34996953708986,189.92774963378906,186591900
2025-11-17,185.73311754704963,188.75925679396335,184.08522536919267,186.36231994628906,173628900
2025-11-18,183.14641371605563,184.5646030780414,179.42115405263684,181.1289825439453,213598900
2025-11-19,184.5546024199349,187.62069907956393,182.5971076589588,186.28240966796875,247246400
2025-11-20,195.70039225393623,195.7503316108911,179.62090987236718,180.40989685058594,343504800
2025-11-21,181.00912433889104,184.32488707538113,172.70969762442783,178.65213012695312,346926200
2025-11-24,179.26135956972516,183.26624588741998,176.25518414830518,182.3174591064453,256618300
2025-11-25,174.68719385821646,177.93305383278917,169.33402110596253,177.59349060058594,320600300
2025-11-26,181.39863013804072,182.67699835309762,178.01294919921247,180.03036499023438,183852000
2025-11-28,178.7819702942556,179.0616124091028,176.27517303639212,176.7745361328125,121332800
2025-12-01,174.53739527000454,180.07034727044882,173.45876908321011,179.69082641601562,188131000
2025-12-02,181.52847225165078,185.4235136530611,179.7707195907086,181.22886657714844,182632200
2025-12-03,180.8493441127912,182.21759414523953,178.88185225801445,179.36123657226562,165138000
2025-12-04,181.39873533031871,184.29521152983364,179.7407692190929,183.15660095214844,167364900
2025-12-05,183.66598269849337,184.43504894381925,180.6896172324408,182.1877899169922,143971100
2025-12-08,182.41751577930148,187.7709870845105,182.17780264974235,185.323974609375,204378100
2025-12-09,185.33395229946427,185.4937610485011,183.09669077375298,184.7446746826172,144719700
2025-12-10,184.74467463147755,185.2540478736652,181.8182359713298,183.55612182617188,162785400
2025-12-11,180.060377409269,181.09911899111663,176.40483245042134,180.70957946777344,182136600
2025-12-12,180.88937065842447,182.59729422559735,174.40727135263347,174.80679321289062,204274900
2025-12-15,177.72322484137152,178.20263580820242,174.81676632707214,176.07522583007812,164775600
2025-12-16,176.04526619844617,178.27256047932946,174.686922405521,177.5034942626953,148588100
2025-12-17,175.88546784627562,175.91543007880585,170.10251312474713,170.73175048828125,222775500
2025-12-18,174.3173807251694,175.93540231223645,171.6106906687844,173.9278564453125,176096000
2025-12-19,176.4547863729682,181.22896236326454,176.12518653595592,180.76953125,324925900
2025-12-22,183.6959478478248,183.935660967629,182.1278683380167,183.4662322998047,129064400
2025-12-23,182.74711840334103,189.09937165158402,182.67719635774475,188.97952270507812,174873600
2025-12-24,187.71105179508496,188.67987134928,186.36269028434322,188.38023376464844,65528500
2025-12-26,189.68863982420257,192.45526970950266,187.7709805748158,190.2978973388672,139740300
2025-12-29,187.4813341773615,188.53004285167208,185.68352392965699,187.99070739746094,120006100
2025-12-30,188.01069817319677,188.75978454971104,186.70228116711607,187.31153869628906,97687300
2025-12-31,189.33906392286715,190.32784810299728,186.26281429981768,186.27279663085938,120100500
2026-01-02,189.60873357074172,192.69496568024334,188.03065649528438,188.6199493408203,148240500
2026-01-05,191.52640398377517,193.39413642527967,185.9232371396652,187.89083862304688,183529700
2026-01-06,190.2879203285983,191.935904267691,186.5924305704924,187.0119171142578,176862600
2026-01-07,188.34028795646717,191.13686475404677,186.3327268208183,188.87962341308594,153543200
2026-01-08,188.87962438445808,189.31909080925226,183.4862088297309,184.8145751953125,172457000
2026-01-09,184.8545293482555,186.1129888751533,183.44624341374129,184.63479614257812,131327500
2026-01-12,182.99680052530172,186.89204340473577,182.79704721562317,184.71470642089844,137968500
2026-01-13,184.7746378408776,187.88084992986475,183.17658082293008,185.58364868164062,160128900
2026-01-14,184.0954710990846,184.2352999433054,180.57975484984624,182.91690063476562,159586100
2026-01-15,186.2727952885624,189.46889382188115,186.10300422087673,186.82212829589844,206188600
2026-01-16,188.84966224271636,190.20800608356458,185.85331687968656,186.0031280517578,187967200
2026-01-20,181.67840938923754,182.15783564218773,177.39364202987932,177.85308837890625,223345300
2026-01-21,178.8318922054109,185.15418310637224,178.18267486272933,183.09669494628906,200381000
2026-01-22,184.52493568425237,185.94320399708803,183.70592730123704,184.6148223876953,139636600
2026-01-23,187.27158465782284,189.3690325020707,186.59242035942677,187.44137573242188,142748100
2026-01-26,186.93200550896393,188.88960930416175,185.76343263076708,186.2428436279297,124799600
2026-01-27,187.01190478720812,189.76853699604698,185.47377232125424,188.29034423828125,143711600
2026-01-28,191.0369866951896,192.1156727976695,189.60872088942648,191.28668212890625,148552700
2026-01-29,191.10690928022157,193.244301759811,185.83334250366076,192.27548217773438,171764400
2026-01-30,190.97707539362895,194.25307849059112,189.23918956869622,190.8971710205078,179489500
2026-02-02,186.97193993484487,190.06816944570554,184.65477420739685,185.38388061523438,165794100
2026-02-03,186.01312186532803,186.04308409913696,176.01530661894333,180.12030029296875,204019600
2026-02-04,179.241398362594,179.36124730830178,171.70059231104517,173.97781372070312,207014100
2026-02-05,174.7168961324724,176.60460839935587,170.8216531377948,171.67062377929688,206312900
2026-02-06,176.4747642750831,186.77220252110314,174.38731390455436,185.18414306640625,231346200
2026-02-09,184.03552934237337,193.42408742490235,183.7259094221984,189.80848693847656,196387400
2026-02-10,191.1468699498802,192.24552080983682,187.89083145679504,188.31031799316406,136764800
2026-02-11,192.21556708670826,193.02457795983298,188.54005713468442,189.81849670410156,144192700
2026-02-12,192.79485804306626,193.3741533411549,186.28279615580217,186.7122802734375,189932500
2026-02-13,187.25160463564347,187.27158453858374,181.36878053627944,182.58729553222656,161888000
2026-02-17,181.5285959992061,186.92201173748992,178.9617194034806,184.7446746826172,162276900
2026-02-18,188.52005804720127,190.13807962880853,186.53247684939709,187.75099182128906,164749100
2026-02-19,186.8321237354349,188.20044994409497,185.43383529156333,187.6710968017578,126554500
2026-02-20,186.342734664171,190.09814888521723,185.71349722992974,189.58877563476562,178422300
2026-02-23,191.1668239815537,193.71372053376285,189.34904909171755,191.316650390625,171584800
2026-02-24,191.2567378902843,193.53395924081437,187.171708627792,192.61508178710938,175123600
2026-02-25,194.2131137016724,197.38924768090467,193.5539140704845,195.32176208496094,250637100
2026-02-26,194.03334246429932,194.0533071271398,184.09546670933034,184.66476440429688,360807900
2026-02-27,181.0292033274304,182.36756729714082,176.1651407824763,176.97415161132812,311636500
2026-03-02,174.79680413295333,183.2365228635074,174.42725972943845,182.25770568847656,209095300
2026-03-03,178.27256086028186,180.67961330625172,176.70446619030554,179.83065795898438,178099400
2026-03-04,180.22019302825058,184.47499807110998,179.84065106191534,182.8170166015625,177731200
2026-03-05,180.94928366467312,183.83576224630102,177.6632984882966,183.11663818359375,198779700
2026-03-06,179.62092189230134,182.53736302725528,176.6046117177772,177.6033935546875,189021900
2026-03-09,176.61458806542097,182.68718325690133,175.34613090826778,182.427490234375,177213600
2026-03-10,182.17778352587916,186.21287029543888,181.78825925636124,184.54490661621094,179118500
2026-03-11,185.6935753620157,187.40157611978597,184.23526832414757,185.8134307861328,145280400
2026-03-12,183.83574790315467,184.72471123223085,181.53842231669145,182.9268035888672,155762700
2026-03-13,184.70472270189353,185.87335881208497,179.73052445930352,180.0401611328125,160988400
2026-03-16,182.7570048934839,188.66012868968363,181.19882333613754,183.0067138671875,217307400
2026-03-17,184.8445618023411,185.1841623368753,181.4684917186082,181.71820068359375,182497800
2026-03-18,182.26756764801692,183.16652908726184,180.12007659614625,180.1899871826172,156683100
2026-03-19,177.80276430906588,179.77047215436778,175.5853475010711,178.3521270751953,170968500
2026-03-20,177.79278016290237,178.05247199547227,171.52009228430225,172.4989471435547,241323500
2026-03-23,177.0536408486584,178.16234927411983,174.55655117338722,175.43553161621094,182836300
2026-03-24,174.6264683383626,176.01484951930743,173.777451794472,174.99603271484375,147667800
2026-03-25,176.89383761026875,181.00903649280792,176.64412864426953,178.47198486328125,162602100
2026-03-26,175.86504388946904,176.30451888215924,170.9407749866337,171.04066467285156,186152200
2026-03-27,169.80209026823204,170.77096223786808,166.81556566439232,167.32498168945312,196212700
2026-03-30,168.58352034150624,169.25273855906806,164.07877596313077,164.97772216796875,185627000
2026-03-31,166.77563225072552,174.41672082635512,166.7656493784466,174.1969757080078,226181300
2026-04-01,175.79511913229018,177.16351944386196,174.54657425208924,175.54541015625,168132000
2026-04-02,171.97954556798163,177.28337661769746,171.170490985778,177.18348693847656,143143200
2026-04-06,176.953760088437,177.58301630024127,175.55538077559635,177.43319702148438,107564300
2026-04-07,175.52541836668527,178.0225079733855,173.4578360976707,177.89266967773438,132534900
2026-04-08,184.28522303450282,185.0443328296099,180.09011531444295,181.8680419921875,147732700
2026-04-09,181.6283100364998,183.86570786090292,180.40972906189933,183.69590759277344,116428500
2026-04-10,184.09543736125556,189.77881591864653,184.08545448929232,188.41041564941406,160459500
2026-04-13,185.81343445538195,189.43921351677633,185.52377876103736,189.08961486816406,133648200
2026-04-14,190.61783708872017,196.28123474121094,190.54792650193752,196.28123474121094,161307000
2026-04-15,196.31119931453722,200.166706463506,195.5121427945441,198.63848876953125,185338400
2026-04-16,197.20015246424893,199.6173486077875,195.58204328148997,198.1190948486328,134012900
2026-04-17,199.66727910555997,201.46518667284232,199.03802288778024,201.44520568847656,160324400
2026-04-20,199.7471876833392,201.9346406188145,197.6096795882359,201.82476806640625,119381400
2026-04-21,201.89470437258373,202.51397775047528,198.76834314349978,199.64732360839844,107945300
2026-04-22,200.75603026628932,202.26426696777344,198.76834136586132,202.26426696777344,107501000
2026-04-23,202.22431724671497,203.59271751351986,196.99041179336916,199.4075927734375,113561800
2026-04-24,199.72721882416832,210.70441481695215,199.57738430538978,208.0275421142578,214134400
2026-04-27,209.4059296471886,216.5775789683675,207.13858324348888,216.3578338623047,187172400
2026-04-28,209.24613572912838,214.4800260296235,207.95762889823203,212.92184448242188,180275400
2026-04-29,212.4523894424142,212.47237042757808,207.33835459433345,209.00640869140625,123711800
2026-04-30,209.68560172993963,210.05518135667162,198.46867945247158,199.33767700195312,225239200
2026-05-01,201.0456862731779,202.76368521944246,196.89052532216473,198.21897888183594,128647000
2026-05-04,199.26774870200734,201.49514834231712,194.51329562325486,198.24893188476562,125368100
2026-05-05,199.06798360144137,200.00689171848026,195.80178617585554,196.271240234375,113406600
2026-05-06,199.65729931010404,208.0275486883452,198.37879062945476,207.5880584716797,188362800
2026-05-07,208.0974592073836,213.95063795079753,206.25960488465944,211.2537841796875,168307900
2026-05-08,212.7820061205359,217.5464575316693,212.642169707093,214.94947814941406,136421400
2026-05-11,213.79081709888328,222.04121091513153,213.64099781886503,219.18453979492188,160685800
2026-05-12,218.29558003818886,223.48952345691538,214.6698009927987,220.52297973632812,159176600
2026-05-13,224.6681467194947,227.57476278227756,221.3120728008497,225.56710815429688,150405400
2026-05-14,229.58243343997336,236.26463268418732,229.03307065698914,235.465576171875,180782900
2026-05-15,229.49252726355346,231.23050718880455,223.97896415639156,225.05770874023438,180977600
2026-05-18,229.60240180074675,229.7322553439391,218.1157890335498,222.0612030029297,146280900
2026-05-19,219.36432694236115,224.21866983705235,217.6563261548179,220.35317993164062,140948200
2026-05-20,222.9201831873553,225.8667612103758,220.2433103590018,223.20985412597656,184201600
2026-05-21,222.03121805596584,227.13526994336974,217.6762930684293,219.25445556640625,203381800
2026-05-22,220.64283833374193,220.75271088945502,214.54994865072538,215.07933044433594,169275700
2026-05-26,216.28791550863897,217.92600574795006,211.75320730356688,214.60987854003906,187202600
2026-05-27,213.87072806866348,213.90069192498567,208.53694826896,212.35250854492188,167601200
2026-05-28,211.03403615445995,215.2691056248748,210.97410844231206,214.00057983398438,143996000
2026-05-29,214.33020874183248,217.6063892667686,210.88422794322287,210.8942108154297,289410600
2026-06-01,215.47885750139108,224.60821672379726,215.44889364463796,224.09881591796875,212850700
2026-06-02,226.91551751623658,232.00958636747916,221.09231801448135,222.56060791015625,193362900
2026-06-03,221.46188713313538,222.56061267075634,214.2602739078757,214.5,160907000
2026-06-04,213.91000366210938,221.60000610351562,210.97000122070312,218.66000366210938,169022200
2026-06-05,214.52999877929688,214.8699951171875,204.3300018310547,205.10000610351562,219655500
2026-06-08,210.17999267578125,210.47000122070312,206.0,208.63999938964844,138372800
2026-06-09,210.6199951171875,211.39999389648438,199.33999633789062,208.19000244140625,180962500
2026-06-10,204.42999267578125,207.22000122070312,199.9199981689453,200.4199981689453,161746600
2026-06-11,201.49000549316406,205.66000366210938,199.5399932861328,204.8699951171875,158643200
2026-06-12,204.86000061035156,207.07000732421875,203.44000244140625,205.19000244140625,112001800
2026-06-15,208.9199981689453,212.7100067138672,208.33999633789062,212.4499969482422,149936700
2026-06-16,211.17999267578125,211.49000549316406,207.2899932861328,207.41000366210938,125694100
2026-06-17,208.52999877929688,209.2100067138672,203.0800018310547,204.64999389648438,128363500
2026-06-18,207.3300018310547,211.38999938964844,206.5,210.69000244140625,241272000
2026-06-22,211.44000244140625,213.99000549316406,207.72000122070312,208.64999389648438,122041400
2026-06-23,202.1699981689453,203.77000427246094,200.0,200.0399932861328,153496200
2026-06-24,200.1199951171875,201.6699981689453,196.5800018310547,199.0,151810700
2026-06-25,200.0800018310547,200.8000030517578,192.1300048828125,195.74000549316406,149550000
2026-06-26,193.1199951171875,195.5500030517578,191.22000122070312,192.52999877929688,179304100
2026-06-29,193.85000610351562,196.17999267578125,189.8000030517578,194.97000122070312,148835700
2026-06-30,197.24000549316406,200.6300048828125,195.11000061035156,200.08999633789062,166476700
2026-07-01,196.1999969482422,199.85000610351562,193.4499969482422,197.5800018310547,146147600
2026-07-02,197.13999938964844,200.05999755859375,192.35000610351562,194.8300018310547,142068700
2026-07-06,194.4199981689453,197.5500030517578,193.99000549316406,195.5500030517578,108999000
2026-07-07,192.3699951171875,198.41000366210938,191.13999938964844,196.92999267578125,124154600
2026-07-08,195.17999267578125,205.16000366210938,195.05999755859375,204.1199951171875,147419100
2026-07-09,204.4600067138672,204.58999633789062,198.9600067138672,202.77999877929688,132037400
2026-07-10,202.0,211.0,201.9199981689453,210.9600067138672,148421000
2026-07-13,208.5399932861328,210.57000732421875,203.0,203.52999877929688,121411000
2026-07-14,208.1999969482422,212.5500030517578,203.8000030517578,211.8000030517578,124379600
2026-07-15,211.9600067138672,213.80999755859375,206.0399932861328,212.5,124797200
2026-07-16,210.1699981689453,211.0800018310547,205.85000610351562,207.39999389648438,122986100
2026-07-17,202.63999938964844,206.64999389648438,197.97000122070312,202.80999755859375,144281900
2026-07-20,205.8699951171875,207.74000549316406,202.27999877929688,203.27999877929688,88701500
2026-07-21,207.5399932861328,208.64999389648438,204.00999450683594,207.2899932861328,108685600
2026-07-22,205.80999755859375,214.38999938964844,204.9499969482422,212.05999755859375,137645600
2026-07-23,209.4600067138672,210.8699951171875,205.9600067138672,208.75999450683594,110505300
2026-07-24,207.4499969482422,211.91000366210938,204.80999755859375,206.83999633789062,114836800
2026-07-27,208.1999969482422,208.75,195.44000244140625,196.50999450683594,154353700
2026-07-28,195.0,198.6999969482422,192.74000549316406,197.00999450683594,134111500
2026-07-29,195.85000610351562,197.07000732421875,190.00999450683594,190.00999450683594,147680800
2026-07-30,193.4499969482422,197.25,191.52000427246094,195.0399932861328,129010200
2026-07-31,198.44000244140625,202.0,194.9499969482422,200.75,139961200
2026-08-03,197.69000244140625,208.74000549316406,196.85000610351562,206.63999938964844,128406900
2026-08-04,211.3000030517578,213.05999755859375,209.0500030517578,211.94000244140625,134922000
2026-08-05,216.86000061035156,222.22000122070312,216.39999389648438,219.22000122070312,158187400
2026-08-06,221.52999877929688,223.6300048828125,217.0,218.99000549316406,113940600
2026-08-07,221.5399932861328,224.75999450683594,220.66000366210938,223.9600067138672,105669400
2026-08-10,223.39999389648438,224.13999938964844,216.77000427246094,217.5500030517578,115846600
2026-08-11,222.1699981689453,222.1999969482422,216.1999969482422,217.5,101273100
2026-08-12,221.0399932861328,225.10000610351562,220.1999969482422,224.08999633789062,108783600
2026-08-13,225.05999755859375,227.22999572753906,223.7100067138672,225.3000030517578,98867200
2026-08-14,226.77000427246094,227.49000549316406,224.5,225.16000366210938,75680900
2026-08-17,225.97999572753906,227.9199981689453,224.86000061035156,225.00999450683594,93678700
2026-08-18,220.4499969482422,221.63999938964844,218.69000244140625,219.74000549316406,103128200
2026-08-19,221.6699981689453,222.8699951171875,216.75999450683594,217.55999755859375,96797300
2026-08-20,218.36000061035156,219.86000061035156,215.66000366210938,216.85000610351562,92457000
2026-08-21,218.4199981689453,218.74000549316406,214.5,214.72000122070312,98869300
2026-08-24,215.52999877929688,215.58999633789062,207.25,208.47999572753906,135187300
2026-08-25,211.02999877929688,214.72999572753906,210.11000061035156,213.0500030517578,122309000
2026-08-26,212.63999938964844,213.60000610351562,209.22999572753906,209.66000366210938,179900000
2026-08-27,222.86000061035156,230.47000122070312,220.89999389648438,227.97999572753906,298909800
2026-08-28,227.36000061035156,229.25999450683594,216.80999755859375,217.5500030517578,195116400
2026-08-31,218.8699951171875,221.3000030517578,216.2100067138672,220.77999877929688,124702700
2026-09-01,216.75,220.41000366210938,215.10000610351562,217.44000244140625,109756200
2026-09-02,218.7899932861328,227.9499969482422,218.47999572753906,224.41000366210938,157104700
2026-09-03,226.02000427246094,230.39999389648438,224.75,228.4499969482422,134681600
2026-09-04,231.08999633789062,234.75999450683594,229.6300048828125,230.36000061035156,134946800
